{
	"credit": "Made with Blockbench",
	"texture_size": [32, 32],
	"textures": {
		"2": "diablos/head",
		"3": "diablos/wing"
	},
	"elements": [
		{
			"from": [6.53838, 17.10527, 8.42124],
			"to": [26.8645, 19.47647, 10.35772],
			"rotation": {"angle": 22.5, "axis": "z", "origin": [21.06964, 14.25095, 9.38729]},
			"faces": {
				"north": {"uv": [7, 5, 8, 6.75], "rotation": 90, "texture": "#2"},
				"east": {"uv": [7, 5, 8, 6.75], "rotation": 90, "texture": "#2"},
				"south": {"uv": [7, 5, 8, 6.75], "rotation": 90, "texture": "#2"},
				"west": {"uv": [7, 5, 8, 6.75], "rotation": 90, "texture": "#2"},
				"up": {"uv": [7, 5, 8, 6.75], "rotation": 90, "texture": "#2"},
				"down": {"uv": [7, 5, 8, 6.75], "rotation": 90, "texture": "#2"}
			}
		},
		{
			"from": [-10.45613, 22.5074, 8.66824],
			"to": [9.87, 24.2611, 10.11072],
			"rotation": {"angle": 45, "axis": "z", "origin": [21.06964, 14.25095, 9.38729]},
			"faces": {
				"north": {"uv": [7, 5, 8, 6.75], "rotation": 90, "texture": "#2"},
				"east": {"uv": [7, 5, 8, 6.75], "rotation": 90, "texture": "#2"},
				"south": {"uv": [7, 5, 8, 6.75], "rotation": 90, "texture": "#2"},
				"west": {"uv": [7, 5, 8, 6.75], "rotation": 90, "texture": "#2"},
				"up": {"uv": [7, 5, 8, 6.75], "rotation": 90, "texture": "#2"},
				"down": {"uv": [7, 5, 8, 6.75], "rotation": 90, "texture": "#2"}
			}
		},
		{
			"from": [-5.26139, -10.98161, 8.91524],
			"to": [-4.00169, -1.77048, 9.86372],
			"rotation": {"angle": -22.5, "axis": "z", "origin": [-4.63154, 5.60346, 9.38948]},
			"faces": {
				"north": {"uv": [7, 5, 8, 6.75], "rotation": 180, "texture": "#2"},
				"east": {"uv": [7, 5, 8, 6.75], "rotation": 180, "texture": "#2"},
				"south": {"uv": [7, 5, 8, 6.75], "rotation": 180, "texture": "#2"},
				"west": {"uv": [7, 5, 8, 6.75], "rotation": 180, "texture": "#2"},
				"up": {"uv": [7, 5, 8, 6.75], "rotation": 180, "texture": "#2"},
				"down": {"uv": [7, 5, 8, 6.75], "rotation": 180, "texture": "#2"}
			}
		},
		{
			"from": [21.21775, -11.66228, 8.66824],
			"to": [22.35395, 20.39634, 10.11072],
			"rotation": {"angle": -22.5, "axis": "z", "origin": [21.06964, 14.25095, 9.38729]},
			"faces": {
				"north": {"uv": [7, 5, 8, 6.75], "texture": "#2"},
				"east": {"uv": [7, 5, 8, 6.75], "texture": "#2"},
				"south": {"uv": [7, 5, 8, 6.75], "texture": "#2"},
				"west": {"uv": [7, 5, 8, 6.75], "texture": "#2"},
				"up": {"uv": [7, 5, 8, 6.75], "texture": "#2"},
				"down": {"uv": [7, 5, 8, 6.75], "texture": "#2"}
			}
		},
		{
			"from": [-7.36019, -10.22124, 9.36972],
			"to": [24.77451, 19.36739, 9.36972],
			"rotation": {"angle": 0, "axis": "y", "origin": [21.06964, 14.25095, 9.38729]},
			"faces": {
				"north": {"uv": [6, 0, 16, 12], "texture": "#3"},
				"south": {"uv": [16, 0, 6, 12], "texture": "#3"}
			}
		}
	],
	"display": {
		"head": {
			"translation": [-64.25, -53.75, -5.5],
			"scale": [4, 4, 4]
		}
	},
	"groups": [
		{
			"name": "root",
			"origin": [8, 8, 8],
			"children": [
				{
					"name": "wing_l",
					"origin": [8, 8, 8],
					"children": [
						{
							"name": "1",
							"origin": [8, 8, 8],
							"children": [0, 1, 2, 3, 4]
						}
					]
				}
			]
		}
	]
}