{
	"credit": "Made with Blockbench",
	"texture_size": [32, 32],
	"textures": {
		"0": "reia/head",
		"particle": "reia/head"
	},
	"elements": [
		{
			"from": [3.49233, 2.84273, 7.02331],
			"to": [12.50722, 7.31319, 15.32937],
			"rotation": {"angle": 0, "axis": "y", "origin": [12.59797, 7.44092, -15.5032]},
			"faces": {
				"north": {"uv": [2, 9.25, 3, 10.5], "texture": "#0"},
				"east": {"uv": [2, 9.25, 3, 10.5], "texture": "#0"},
				"south": {"uv": [2, 9.25, 3, 10.5], "texture": "#0"},
				"west": {"uv": [2, 9.25, 3, 10.5], "texture": "#0"},
				"up": {"uv": [2, 9.5, 3, 10.5], "texture": "#0"},
				"down": {"uv": [2, 9.25, 3, 10.5], "texture": "#0"}
			}
		},
		{
			"from": [4.37828, 2.84273, 15.22306],
			"to": [11.62127, 7.31319, 19.09937],
			"rotation": {"angle": 0, "axis": "y", "origin": [12.59797, 7.44092, -11.7332]},
			"faces": {
				"north": {"uv": [2, 9.25, 3, 10.5], "texture": "#0"},
				"east": {"uv": [2, 9.25, 3, 10.5], "texture": "#0"},
				"south": {"uv": [2, 9.25, 3, 10.5], "texture": "#0"},
				"west": {"uv": [2, 9.25, 3, 10.5], "texture": "#0"},
				"up": {"uv": [2, 9.5, 3, 10.5], "texture": "#0"},
				"down": {"uv": [2, 9.25, 3, 10.5], "texture": "#0"}
			}
		},
		{
			"from": [5.03125, 7.31319, 7.02331],
			"to": [10.9683, 9.60611, 16.19647],
			"rotation": {"angle": 0, "axis": "y", "origin": [12.59797, 7.44092, -15.5032]},
			"faces": {
				"north": {"uv": [2, 9.25, 3, 10.5], "texture": "#0"},
				"east": {"uv": [2, 9.25, 3, 10.5], "texture": "#0"},
				"south": {"uv": [2, 9.25, 3, 10.5], "texture": "#0"},
				"west": {"uv": [0, 11, 1.5, 11.75], "texture": "#0"},
				"up": {"uv": [3, 10.25, 5.25, 11.5], "rotation": 90, "texture": "#0"},
				"down": {"uv": [2, 9.25, 3, 10.5], "texture": "#0"}
			}
		},
		{
			"from": [5.59675, 7.31319, 16.16556],
			"to": [10.4028, 9.04061, 19.0711],
			"rotation": {"angle": 0, "axis": "y", "origin": [12.59797, 7.44092, -12.58145]},
			"faces": {
				"north": {"uv": [2, 9.25, 3, 10.5], "texture": "#0"},
				"east": {"uv": [2, 9.25, 3, 10.5], "texture": "#0"},
				"south": {"uv": [2, 9.25, 3, 10.5], "texture": "#0"},
				"west": {"uv": [0, 11, 1.5, 11.75], "texture": "#0"},
				"up": {"uv": [2, 9.5, 3, 10.5], "texture": "#0"},
				"down": {"uv": [2, 9.25, 3, 10.5], "texture": "#0"}
			}
		},
		{
			"from": [5.18009, 0.40972, 7.02331],
			"to": [10.81946, 2.84273, 14.85812],
			"rotation": {"angle": 0, "axis": "y", "origin": [12.59797, 7.44092, -15.5032]},
			"faces": {
				"north": {"uv": [0, 1.5, 1.5, 3], "texture": "#0"},
				"east": {"uv": [0, 1.5, 1.5, 3], "texture": "#0"},
				"south": {"uv": [0, 1.5, 1.5, 3], "texture": "#0"},
				"west": {"uv": [0, 1.5, 1.5, 3], "texture": "#0"},
				"up": {"uv": [0, 1.5, 1.5, 3], "texture": "#0"},
				"down": {"uv": [0, 1.5, 1.5, 3], "texture": "#0"}
			}
		},
		{
			"from": [5.74559, 1.16372, 14.84606],
			"to": [10.25396, 2.84273, 19.09937],
			"rotation": {"angle": 0, "axis": "y", "origin": [12.59797, 7.44092, -7.68045]},
			"faces": {
				"north": {"uv": [0, 1.5, 1.5, 3], "texture": "#0"},
				"east": {"uv": [0, 1.5, 1.5, 3], "texture": "#0"},
				"south": {"uv": [0, 1.5, 1.5, 3], "texture": "#0"},
				"west": {"uv": [0, 1.5, 1.5, 3], "texture": "#0"},
				"up": {"uv": [0, 1.5, 1.5, 3], "texture": "#0"},
				"down": {"uv": [0, 1.5, 1.5, 3], "texture": "#0"}
			}
		},
		{
			"from": [8.17096, 8.91544, 10.49239],
			"to": [9.07859, 9.97839, 13.71716],
			"rotation": {"angle": 0, "axis": "y", "origin": [12.59797, 9.32592, -7.9632]},
			"faces": {
				"north": {"uv": [9.5, 8.25, 10.5, 9.25], "texture": "#0"},
				"east": {"uv": [9.5, 8.25, 10.5, 9.25], "texture": "#0"},
				"south": {"uv": [9.5, 8.25, 10.5, 9.25], "texture": "#0"},
				"west": {"uv": [9.5, 8.25, 10.5, 9.25], "texture": "#0"},
				"up": {"uv": [9.5, 8.25, 10.5, 9.25], "texture": "#0"},
				"down": {"uv": [9.5, 8.25, 10.5, 9.25], "texture": "#0"}
			}
		},
		{
			"from": [6.97096, 8.91544, 10.29239],
			"to": [8.32859, 9.92839, 13.81716],
			"rotation": {"angle": 0, "axis": "y", "origin": [12.59797, 9.32592, -7.9632]},
			"faces": {
				"north": {"uv": [2, 10.5, 3, 11.5], "texture": "#0"},
				"east": {"uv": [2, 10.5, 3, 11.5], "texture": "#0"},
				"south": {"uv": [2, 10.5, 3, 11.5], "texture": "#0"},
				"west": {"uv": [2, 10.5, 3, 11.5], "texture": "#0"},
				"up": {"uv": [2, 10.5, 3, 11.5], "texture": "#0"},
				"down": {"uv": [2, 10.5, 3, 11.5], "texture": "#0"}
			}
		},
		{
			"from": [8.17096, 8.91544, 10.49239],
			"to": [9.07859, 9.97839, 13.71716],
			"rotation": {"angle": 0, "axis": "y", "origin": [12.59797, 9.32592, -7.9632]},
			"faces": {
				"north": {"uv": [9.5, 8.25, 10.5, 9.25], "texture": "#0"},
				"east": {"uv": [9.5, 8.25, 10.5, 9.25], "texture": "#0"},
				"south": {"uv": [9.5, 8.25, 10.5, 9.25], "texture": "#0"},
				"west": {"uv": [9.5, 8.25, 10.5, 9.25], "texture": "#0"},
				"up": {"uv": [9.5, 8.25, 10.5, 9.25], "texture": "#0"},
				"down": {"uv": [9.5, 8.25, 10.5, 9.25], "texture": "#0"}
			}
		},
		{
			"from": [6.97096, 8.91544, 10.29239],
			"to": [8.32859, 9.92839, 13.81716],
			"rotation": {"angle": 0, "axis": "y", "origin": [12.59797, 9.32592, -7.9632]},
			"faces": {
				"north": {"uv": [2, 10.5, 3, 11.5], "texture": "#0"},
				"east": {"uv": [2, 10.5, 3, 11.5], "texture": "#0"},
				"south": {"uv": [2, 10.5, 3, 11.5], "texture": "#0"},
				"west": {"uv": [2, 10.5, 3, 11.5], "texture": "#0"},
				"up": {"uv": [2, 10.5, 3, 11.5], "texture": "#0"},
				"down": {"uv": [2, 10.5, 3, 11.5], "texture": "#0"}
			}
		},
		{
			"from": [6.92096, 8.91544, 6.99239],
			"to": [9.07859, 9.97839, 10.46716],
			"rotation": {"angle": 0, "axis": "y", "origin": [12.59797, 9.32592, -7.9632]},
			"faces": {
				"north": {"uv": [9.5, 8.25, 10.5, 9.25], "texture": "#0"},
				"east": {"uv": [9.5, 8.25, 10.5, 9.25], "texture": "#0"},
				"south": {"uv": [9.5, 8.25, 10.5, 9.25], "texture": "#0"},
				"west": {"uv": [9.5, 8.25, 10.5, 9.25], "texture": "#0"},
				"up": {"uv": [9.5, 8.25, 10.5, 9.25], "texture": "#0"},
				"down": {"uv": [9.5, 8.25, 10.5, 9.25], "texture": "#0"}
			}
		},
		{
			"from": [7.10946, 8.91544, 16.22889],
			"to": [8.89009, 9.22439, 19.05903],
			"rotation": {"angle": 0, "axis": "y", "origin": [12.59797, 9.32592, -5.3242]},
			"faces": {
				"north": {"uv": [9.5, 8.25, 10.5, 9.25], "texture": "#0"},
				"east": {"uv": [9.5, 8.25, 10.5, 9.25], "texture": "#0"},
				"south": {"uv": [9.5, 8.25, 10.5, 9.25], "texture": "#0"},
				"west": {"uv": [9.5, 8.25, 10.5, 9.25], "texture": "#0"},
				"up": {"uv": [9.5, 8.25, 10.5, 9.25], "texture": "#0"},
				"down": {"uv": [9.5, 8.25, 10.5, 9.25], "texture": "#0"}
			}
		},
		{
			"from": [6.90647, 9.49073, 13.23374],
			"to": [9.09307, 10.71598, 17.47499],
			"rotation": {"angle": -22.5, "axis": "x", "origin": [7.99977, 10.03267, 17.12155]},
			"faces": {
				"north": {"uv": [8.5, 1.75, 9.25, 2.75], "texture": "#0"},
				"east": {"uv": [8.5, 1.75, 9.25, 2.75], "texture": "#0"},
				"south": {"uv": [8.5, 1.75, 9.25, 2.75], "texture": "#0"},
				"west": {"uv": [8.5, 1.75, 9.25, 2.75], "texture": "#0"},
				"up": {"uv": [8.5, 1.75, 9.25, 2.75], "texture": "#0"},
				"down": {"uv": [8.5, 1.75, 9.25, 2.75], "texture": "#0"}
			}
		},
		{
			"from": [6.90647, 8.54823, 15.49574],
			"to": [9.09307, 9.77348, 19.73699],
			"rotation": {"angle": -22.5, "axis": "x", "origin": [7.99977, 9.09017, 19.38355]},
			"faces": {
				"north": {"uv": [8.5, 1.75, 9.25, 2.75], "texture": "#0"},
				"east": {"uv": [8.5, 1.75, 9.25, 2.75], "texture": "#0"},
				"south": {"uv": [8.5, 1.75, 9.25, 2.75], "texture": "#0"},
				"west": {"uv": [8.5, 1.75, 9.25, 2.75], "texture": "#0"},
				"up": {"uv": [8.5, 1.75, 9.25, 2.75], "texture": "#0"},
				"down": {"uv": [8.5, 1.75, 9.25, 2.75], "texture": "#0"}
			}
		},
		{
			"from": [7.61335, 9.86773, 15.96699],
			"to": [8.3862, 10.43323, 19.35999],
			"rotation": {"angle": -22.5, "axis": "x", "origin": [7.99977, 10.03267, 17.12155]},
			"faces": {
				"north": {"uv": [1.25, 3.5, 1.5, 4.25], "texture": "#0"},
				"east": {"uv": [1.25, 3.5, 1.5, 4.25], "texture": "#0"},
				"south": {"uv": [1.25, 3.5, 1.5, 4.25], "texture": "#0"},
				"west": {"uv": [1.25, 3.5, 1.5, 4.25], "texture": "#0"},
				"up": {"uv": [1.25, 3.5, 1.5, 4.25], "texture": "#0"},
				"down": {"uv": [1.25, 3.5, 1.5, 4.25], "texture": "#0"}
			}
		},
		{
			"from": [7.61335, 8.92523, 18.22899],
			"to": [8.3862, 9.49073, 21.62199],
			"rotation": {"angle": -22.5, "axis": "x", "origin": [7.99977, 9.09017, 19.38355]},
			"faces": {
				"north": {"uv": [1.25, 3.5, 1.5, 4.25], "texture": "#0"},
				"east": {"uv": [1.25, 3.5, 1.5, 4.25], "texture": "#0"},
				"south": {"uv": [1.25, 3.5, 1.5, 4.25], "texture": "#0"},
				"west": {"uv": [1.25, 3.5, 1.5, 4.25], "texture": "#0"},
				"up": {"uv": [1.25, 3.5, 1.5, 4.25], "texture": "#0"},
				"down": {"uv": [1.25, 3.5, 1.5, 4.25], "texture": "#0"}
			}
		},
		{
			"from": [6.81222, 9.28046, 6.959],
			"to": [9.18732, 10.97696, 9.12675],
			"rotation": {"angle": -45, "axis": "x", "origin": [7.99977, 10.22296, 8.6555]},
			"faces": {
				"north": {"uv": [8.5, 1.75, 9.25, 2.75], "rotation": 90, "texture": "#0"},
				"east": {"uv": [8.5, 1.75, 9.25, 2.75], "rotation": 180, "texture": "#0"},
				"south": {"uv": [8.5, 1.75, 9.25, 2.75], "rotation": 270, "texture": "#0"},
				"west": {"uv": [8.5, 1.75, 9.25, 2.75], "texture": "#0"},
				"up": {"uv": [8.5, 1.75, 9.25, 2.75], "rotation": 90, "texture": "#0"},
				"down": {"uv": [8.5, 1.75, 9.25, 2.75], "rotation": 270, "texture": "#0"}
			}
		},
		{
			"from": [7.56222, 9.28046, 9.7865],
			"to": [9.18732, 10.97696, 10.95425],
			"rotation": {"angle": -45, "axis": "x", "origin": [7.99977, 10.22296, 11.483]},
			"faces": {
				"north": {"uv": [8.5, 1.75, 9.25, 2.75], "rotation": 90, "texture": "#0"},
				"east": {"uv": [8.5, 1.75, 9.25, 2.75], "rotation": 180, "texture": "#0"},
				"south": {"uv": [1.5, 10.5, 2.25, 11.5], "rotation": 270, "texture": "#0"},
				"west": {"uv": [2, 10.5, 2.75, 11.5], "texture": "#0"},
				"up": {"uv": [8.5, 1.75, 9.25, 2.75], "rotation": 90, "texture": "#0"},
				"down": {"uv": [8.5, 1.75, 9.25, 2.75], "rotation": 270, "texture": "#0"}
			}
		},
		{
			"from": [6.81222, 9.28046, 12.8025],
			"to": [9.18732, 10.97696, 14.97025],
			"rotation": {"angle": -45, "axis": "x", "origin": [7.99977, 10.22296, 14.499]},
			"faces": {
				"north": {"uv": [8.5, 1.75, 9.25, 2.75], "rotation": 90, "texture": "#0"},
				"east": {"uv": [8.5, 1.75, 9.25, 2.75], "rotation": 180, "texture": "#0"},
				"south": {"uv": [8.5, 1.75, 9.25, 2.75], "rotation": 270, "texture": "#0"},
				"west": {"uv": [8.5, 1.75, 9.25, 2.75], "texture": "#0"},
				"up": {"uv": [8.5, 1.75, 9.25, 2.75], "rotation": 90, "texture": "#0"},
				"down": {"uv": [8.5, 1.75, 9.25, 2.75], "rotation": 270, "texture": "#0"}
			}
		},
		{
			"from": [7.56622, 10.03446, 7.80725],
			"to": [8.43332, 10.59996, 10.729],
			"rotation": {"angle": -45, "axis": "x", "origin": [7.99977, 10.22296, 8.6555]},
			"faces": {
				"north": {"uv": [1.25, 3.5, 1.5, 4.25], "texture": "#0"},
				"east": {"uv": [1.25, 3.5, 1.5, 4.25], "texture": "#0"},
				"south": {"uv": [1.25, 3.5, 1.5, 4.25], "texture": "#0"},
				"west": {"uv": [1.25, 3.5, 1.5, 4.25], "texture": "#0"},
				"up": {"uv": [1.25, 3.5, 1.5, 4.25], "texture": "#0"},
				"down": {"uv": [1.25, 3.5, 1.5, 4.25], "texture": "#0"}
			}
		},
		{
			"from": [7.56622, 10.03446, 13.65075],
			"to": [8.43332, 10.59996, 16.5725],
			"rotation": {"angle": -45, "axis": "x", "origin": [7.99977, 10.22296, 14.499]},
			"faces": {
				"north": {"uv": [1.25, 3.5, 1.5, 4.25], "texture": "#0"},
				"east": {"uv": [1.25, 3.5, 1.5, 4.25], "texture": "#0"},
				"south": {"uv": [1.25, 3.5, 1.5, 4.25], "texture": "#0"},
				"west": {"uv": [1.25, 3.5, 1.5, 4.25], "texture": "#0"},
				"up": {"uv": [1.25, 3.5, 1.5, 4.25], "texture": "#0"},
				"down": {"uv": [1.25, 3.5, 1.5, 4.25], "texture": "#0"}
			}
		},
		{
			"from": [3.66045, 7.86901, 10.71971],
			"to": [5.6397, 9.00943, 12.22507],
			"rotation": {"angle": 22.5, "axis": "y", "origin": [3.76648, 8.43922, 11.31558]},
			"faces": {
				"north": {"uv": [3.25, 9, 2.25, 9.75], "texture": "#0"},
				"east": {"uv": [3.25, 9, 2.25, 9.75], "texture": "#0"},
				"south": {"uv": [3.25, 9, 2.25, 9.75], "texture": "#0"},
				"west": {"uv": [3.25, 9, 2.25, 9.75], "texture": "#0"},
				"up": {"uv": [3.25, 9, 2.25, 9.75], "rotation": 90, "texture": "#0"},
				"down": {"uv": [3.25, 9, 2.25, 9.75], "rotation": 270, "texture": "#0"}
			}
		},
		{
			"from": [10.35985, 7.86901, 10.71971],
			"to": [12.3391, 9.00943, 12.22507],
			"rotation": {"angle": -22.5, "axis": "y", "origin": [12.23307, 8.43922, 11.31558]},
			"faces": {
				"north": {"uv": [2.25, 9, 3.25, 9.75], "texture": "#0"},
				"east": {"uv": [2.25, 9, 3.25, 9.75], "texture": "#0"},
				"south": {"uv": [2.25, 9, 3.25, 9.75], "texture": "#0"},
				"west": {"uv": [2.25, 9, 3.25, 9.75], "texture": "#0"},
				"up": {"uv": [3.25, 9.75, 2.25, 9], "rotation": 90, "texture": "#0"},
				"down": {"uv": [3.25, 9.75, 2.25, 9], "rotation": 270, "texture": "#0"}
			}
		},
		{
			"from": [3.66045, 7.86901, 8.26921],
			"to": [5.6397, 9.00943, 9.77457],
			"rotation": {"angle": 22.5, "axis": "y", "origin": [3.76648, 8.43922, 8.86508]},
			"faces": {
				"north": {"uv": [3.25, 9, 2.25, 9.75], "texture": "#0"},
				"east": {"uv": [3.25, 9, 2.25, 9.75], "texture": "#0"},
				"south": {"uv": [3.25, 9, 2.25, 9.75], "texture": "#0"},
				"west": {"uv": [3.25, 9, 2.25, 9.75], "texture": "#0"},
				"up": {"uv": [3.25, 9, 2.25, 9.75], "rotation": 90, "texture": "#0"},
				"down": {"uv": [3.25, 9, 2.25, 9.75], "rotation": 270, "texture": "#0"}
			}
		},
		{
			"from": [10.35985, 7.86901, 8.26921],
			"to": [12.3391, 9.00943, 9.77457],
			"rotation": {"angle": -22.5, "axis": "y", "origin": [12.23307, 8.43922, 8.86508]},
			"faces": {
				"north": {"uv": [2.25, 9, 3.25, 9.75], "texture": "#0"},
				"east": {"uv": [2.25, 9, 3.25, 9.75], "texture": "#0"},
				"south": {"uv": [2.25, 9, 3.25, 9.75], "texture": "#0"},
				"west": {"uv": [2.25, 9, 3.25, 9.75], "texture": "#0"},
				"up": {"uv": [3.25, 9.75, 2.25, 9], "rotation": 90, "texture": "#0"},
				"down": {"uv": [3.25, 9.75, 2.25, 9], "rotation": 270, "texture": "#0"}
			}
		},
		{
			"from": [3.51681, 7.86901, 13.46701],
			"to": [5.68456, 9.00943, 14.97237],
			"rotation": {"angle": 22.5, "axis": "y", "origin": [3.65818, 8.43922, 14.06288]},
			"faces": {
				"north": {"uv": [3.25, 9, 2.25, 9.75], "texture": "#0"},
				"east": {"uv": [3.25, 9, 2.25, 9.75], "texture": "#0"},
				"south": {"uv": [3.25, 9, 2.25, 9.75], "texture": "#0"},
				"west": {"uv": [3.25, 9, 2.25, 9.75], "texture": "#0"},
				"up": {"uv": [3.25, 9, 2.25, 9.75], "rotation": 90, "texture": "#0"},
				"down": {"uv": [3.25, 9, 2.25, 9.75], "rotation": 270, "texture": "#0"}
			}
		},
		{
			"from": [10.31499, 7.86901, 13.46701],
			"to": [12.48274, 9.00943, 14.97237],
			"rotation": {"angle": -22.5, "axis": "y", "origin": [12.34137, 8.43922, 14.06288]},
			"faces": {
				"north": {"uv": [2.25, 9, 3.25, 9.75], "texture": "#0"},
				"east": {"uv": [2.25, 9, 3.25, 9.75], "texture": "#0"},
				"south": {"uv": [2.25, 9, 3.25, 9.75], "texture": "#0"},
				"west": {"uv": [2.25, 9, 3.25, 9.75], "texture": "#0"},
				"up": {"uv": [3.25, 9.75, 2.25, 9], "rotation": 90, "texture": "#0"},
				"down": {"uv": [3.25, 9.75, 2.25, 9], "rotation": 270, "texture": "#0"}
			}
		},
		{
			"from": [3.89381, 7.49201, 15.91751],
			"to": [6.06156, 8.63243, 17.42287],
			"rotation": {"angle": 22.5, "axis": "y", "origin": [4.03518, 8.06222, 16.51338]},
			"faces": {
				"north": {"uv": [3.25, 9, 2.25, 9.75], "texture": "#0"},
				"east": {"uv": [3.25, 9, 2.25, 9.75], "texture": "#0"},
				"south": {"uv": [3.25, 9, 2.25, 9.75], "texture": "#0"},
				"west": {"uv": [3.25, 9, 2.25, 9.75], "texture": "#0"},
				"up": {"uv": [3.25, 9, 2.25, 9.75], "rotation": 90, "texture": "#0"},
				"down": {"uv": [3.25, 9, 2.25, 9.75], "rotation": 270, "texture": "#0"}
			}
		},
		{
			"from": [9.93799, 7.49201, 15.91751],
			"to": [12.10574, 8.63243, 17.42287],
			"rotation": {"angle": -22.5, "axis": "y", "origin": [11.96437, 8.06222, 16.51338]},
			"faces": {
				"north": {"uv": [2.25, 9, 3.25, 9.75], "texture": "#0"},
				"east": {"uv": [2.25, 9, 3.25, 9.75], "texture": "#0"},
				"south": {"uv": [2.25, 9, 3.25, 9.75], "texture": "#0"},
				"west": {"uv": [2.25, 9, 3.25, 9.75], "texture": "#0"},
				"up": {"uv": [3.25, 9.75, 2.25, 9], "rotation": 90, "texture": "#0"},
				"down": {"uv": [3.25, 9.75, 2.25, 9], "rotation": 270, "texture": "#0"}
			}
		},
		{
			"from": [1.96395, 8.04007, 10.77673],
			"to": [3.80182, 8.83837, 11.54082],
			"rotation": {"angle": 22.5, "axis": "y", "origin": [3.76648, 8.43922, 11.31558]},
			"faces": {
				"north": {"uv": [8.25, 9, 9.25, 9.75], "texture": "#0"},
				"east": {"uv": [8.25, 9, 9.25, 9.75], "texture": "#0"},
				"south": {"uv": [8.25, 9, 9.25, 9.75], "texture": "#0"},
				"west": {"uv": [8.25, 9, 9.25, 9.75], "texture": "#0"},
				"up": {"uv": [8.25, 9, 9.25, 9.75], "rotation": 90, "texture": "#0"},
				"down": {"uv": [8.25, 9, 9.25, 9.75], "rotation": 270, "texture": "#0"}
			}
		},
		{
			"from": [12.19773, 8.04007, 10.77673],
			"to": [14.0356, 8.83837, 11.54082],
			"rotation": {"angle": -22.5, "axis": "y", "origin": [12.23307, 8.43922, 11.31558]},
			"faces": {
				"north": {"uv": [9.25, 9, 8.25, 9.75], "texture": "#0"},
				"east": {"uv": [9.25, 9, 8.25, 9.75], "texture": "#0"},
				"south": {"uv": [9.25, 9, 8.25, 9.75], "texture": "#0"},
				"west": {"uv": [9.25, 9, 8.25, 9.75], "texture": "#0"},
				"up": {"uv": [8.25, 9.75, 9.25, 9], "rotation": 90, "texture": "#0"},
				"down": {"uv": [8.25, 9.75, 9.25, 9], "rotation": 270, "texture": "#0"}
			}
		},
		{
			"from": [1.96395, 8.04007, 8.32623],
			"to": [3.80182, 8.83837, 9.09032],
			"rotation": {"angle": 22.5, "axis": "y", "origin": [3.76648, 8.43922, 8.86508]},
			"faces": {
				"north": {"uv": [8.25, 9, 9.25, 9.75], "texture": "#0"},
				"east": {"uv": [8.25, 9, 9.25, 9.75], "texture": "#0"},
				"south": {"uv": [8.25, 9, 9.25, 9.75], "texture": "#0"},
				"west": {"uv": [8.25, 9, 9.25, 9.75], "texture": "#0"},
				"up": {"uv": [8.25, 9, 9.25, 9.75], "rotation": 90, "texture": "#0"},
				"down": {"uv": [8.25, 9, 9.25, 9.75], "rotation": 270, "texture": "#0"}
			}
		},
		{
			"from": [12.19773, 8.04007, 8.32623],
			"to": [14.0356, 8.83837, 9.09032],
			"rotation": {"angle": -22.5, "axis": "y", "origin": [12.23307, 8.43922, 8.86508]},
			"faces": {
				"north": {"uv": [9.25, 9, 8.25, 9.75], "texture": "#0"},
				"east": {"uv": [9.25, 9, 8.25, 9.75], "texture": "#0"},
				"south": {"uv": [9.25, 9, 8.25, 9.75], "texture": "#0"},
				"west": {"uv": [9.25, 9, 8.25, 9.75], "texture": "#0"},
				"up": {"uv": [8.25, 9.75, 9.25, 9], "rotation": 90, "texture": "#0"},
				"down": {"uv": [8.25, 9.75, 9.25, 9], "rotation": 270, "texture": "#0"}
			}
		},
		{
			"from": [1.82031, 8.04007, 13.52403],
			"to": [3.61106, 8.83837, 14.28811],
			"rotation": {"angle": 22.5, "axis": "y", "origin": [3.65818, 8.43922, 14.06288]},
			"faces": {
				"north": {"uv": [8.25, 9, 9.25, 9.75], "texture": "#0"},
				"east": {"uv": [8.25, 9, 9.25, 9.75], "texture": "#0"},
				"south": {"uv": [8.25, 9, 9.25, 9.75], "texture": "#0"},
				"west": {"uv": [8.25, 9, 9.25, 9.75], "texture": "#0"},
				"up": {"uv": [8.25, 9, 9.25, 9.75], "rotation": 90, "texture": "#0"},
				"down": {"uv": [8.25, 9, 9.25, 9.75], "rotation": 270, "texture": "#0"}
			}
		},
		{
			"from": [12.38849, 8.04007, 13.52403],
			"to": [14.17924, 8.83837, 14.28811],
			"rotation": {"angle": -22.5, "axis": "y", "origin": [12.34137, 8.43922, 14.06288]},
			"faces": {
				"north": {"uv": [9.25, 9, 8.25, 9.75], "texture": "#0"},
				"east": {"uv": [9.25, 9, 8.25, 9.75], "texture": "#0"},
				"south": {"uv": [9.25, 9, 8.25, 9.75], "texture": "#0"},
				"west": {"uv": [9.25, 9, 8.25, 9.75], "texture": "#0"},
				"up": {"uv": [8.25, 9.75, 9.25, 9], "rotation": 90, "texture": "#0"},
				"down": {"uv": [8.25, 9.75, 9.25, 9], "rotation": 270, "texture": "#0"}
			}
		},
		{
			"from": [2.19731, 7.66307, 15.97453],
			"to": [3.98806, 8.46137, 16.73861],
			"rotation": {"angle": 22.5, "axis": "y", "origin": [4.03518, 8.06222, 16.51338]},
			"faces": {
				"north": {"uv": [8.25, 9, 9.25, 9.75], "texture": "#0"},
				"east": {"uv": [8.25, 9, 9.25, 9.75], "texture": "#0"},
				"south": {"uv": [8.25, 9, 9.25, 9.75], "texture": "#0"},
				"west": {"uv": [8.25, 9, 9.25, 9.75], "texture": "#0"},
				"up": {"uv": [8.25, 9, 9.25, 9.75], "rotation": 90, "texture": "#0"},
				"down": {"uv": [8.25, 9, 9.25, 9.75], "rotation": 270, "texture": "#0"}
			}
		},
		{
			"from": [12.01149, 7.66307, 15.97453],
			"to": [13.80224, 8.46137, 16.73861],
			"rotation": {"angle": -22.5, "axis": "y", "origin": [11.96437, 8.06222, 16.51338]},
			"faces": {
				"north": {"uv": [9.25, 9, 8.25, 9.75], "texture": "#0"},
				"east": {"uv": [9.25, 9, 8.25, 9.75], "texture": "#0"},
				"south": {"uv": [9.25, 9, 8.25, 9.75], "texture": "#0"},
				"west": {"uv": [9.25, 9, 8.25, 9.75], "texture": "#0"},
				"up": {"uv": [8.25, 9.75, 9.25, 9], "rotation": 90, "texture": "#0"},
				"down": {"uv": [8.25, 9.75, 9.25, 9], "rotation": 270, "texture": "#0"}
			}
		}
	],
	"display": {
		"head": {
			"translation": [0, 5.25, -11],
			"scale": [4, 4, 4]
		}
	},
	"groups": [
		{
			"name": "root",
			"origin": [8, 8, 8],
			"children": [
				{
					"name": "body",
					"origin": [8, 8, 8],
					"children": [
						{
							"name": "1",
							"origin": [9.8, 10.53615, -0.43345],
							"children": [0, 1, 2, 3, 4, 5, 6, 7, 8, 9, 10, 11,
								{
									"name": "group",
									"origin": [8, 11.08615, 2.26655],
									"children": [12, 13, 14, 15, 16, 17, 18, 19, 20]
								},
								{
									"name": "group",
									"origin": [6.79135, 9.2598, -1.86953],
									"children": [21, 22, 23, 24, 25, 26, 27, 28, 29, 30, 31, 32, 33, 34, 35, 36]
								}
							]
						}
					]
				}
			]
		}
	]
}