{
	"credit": "Made with Blockbench",
	"texture_size": [32, 32],
	"textures": {
		"2": "reia/head"
	},
	"elements": [
		{
			"from": [6.74306, 5.59523, 3.12601],
			"to": [9.35567, 7.97033, 11.83471],
			"rotation": {"angle": 45, "axis": "x", "origin": [8.04937, 4.52078, 9.34651]},
			"faces": {
				"north": {"uv": [3, 10, 1.5, 10.5], "rotation": 180, "texture": "#2"},
				"east": {"uv": [3, 10, 1.5, 11.25], "rotation": 180, "texture": "#2"},
				"south": {"uv": [3, 9.5, 1.5, 10.25], "texture": "#2"},
				"west": {"uv": [3, 10, 1.5, 11.25], "rotation": 180, "texture": "#2"},
				"up": {"uv": [3, 10.5, 1.5, 11.75], "rotation": 180, "texture": "#2"},
				"down": {"uv": [3, 9.5, 1.5, 10.5], "texture": "#2"}
			}
		}
	],
	"display": {
		"head": {
			"rotation": [45, 0, 0],
			"translation": [-0.25, -13.75, -3],
			"scale": [4, 4, 4]
		}
	},
	"groups": [
		{
			"name": "root",
			"origin": [8, 8, 8],
			"children": [
				{
					"name": "leg_l",
					"origin": [8, 8, 8],
					"children": [
						{
							"name": "1",
							"origin": [8, 8, 8],
							"children": [0]
						}
					]
				}
			]
		}
	]
}