{
	"credit": "Made with Blockbench",
	"textures": {
		"1": "narga/texture",
		"particle": "head"
	},
	"elements": [
		{
			"from": [5.15276, 4.25998, 9.94595],
			"to": [10.12724, 13.14298, 13.49915],
			"rotation": {"angle": -22.5, "axis": "x", "origin": [7.64, 10.18198, 11.2784]},
			"faces": {
				"north": {"uv": [2.625, 7.375, 3, 8], "texture": "#1"},
				"east": {"uv": [1, 7.75, 1.25, 8.375], "texture": "#1"},
				"south": {"uv": [6.625, 7.5, 7, 8.125], "texture": "#1"},
				"west": {"uv": [5.75, 7.75, 6, 8.375], "texture": "#1"},
				"up": {"uv": [7.75, 8.625, 7.375, 8.375], "texture": "#1"},
				"down": {"uv": [8.75, 7.625, 8.375, 7.875], "texture": "#1"}
			}
		},
		{
			"from": [5.8634, 13.14298, 11.72255],
			"to": [9.4166, 14.91958, 13.49915],
			"rotation": {"angle": -22.5, "axis": "x", "origin": [7.64, 10.18198, 11.2784]},
			"faces": {
				"north": {"uv": [2, 4.375, 2.25, 4.5], "texture": "#1"},
				"east": {"uv": [5.875, 2.5, 6, 2.625], "texture": "#1"},
				"south": {"uv": [4.875, 0.625, 5.125, 0.75], "texture": "#1"},
				"west": {"uv": [1, 6.125, 1.125, 6.25], "texture": "#1"},
				"up": {"uv": [0.75, 5.5, 0.5, 5.375], "texture": "#1"},
				"down": {"uv": [1.375, 5.5, 1.125, 5.625], "texture": "#1"}
			}
		},
		{
			"from": [6.04106, 4.25998, 9.05765],
			"to": [9.23894, 11.36638, 9.94595],
			"rotation": {"angle": -22.5, "axis": "x", "origin": [7.64, 10.18198, 11.2784]},
			"faces": {
				"north": {"uv": [7.125, 8.125, 7.375, 8.625], "texture": "#1"},
				"east": {"uv": [3.375, 8.75, 3.5, 9.25], "texture": "#1"},
				"south": {"uv": [2.375, 8.25, 2.625, 8.75], "texture": "#1"},
				"west": {"uv": [6.25, 8.75, 6.375, 9.25], "texture": "#1"},
				"up": {"uv": [0.375, 9.25, 0.125, 9.125], "texture": "#1"},
				"down": {"uv": [9.375, 0.125, 9.125, 0.25], "texture": "#1"}
			}
		}
	],
	"display": {
		"head": {
			"translation": [1.5, -21.25, -12.75],
			"scale": [4, 4, 4]
		}
	},
	"groups": [
		{
			"name": "root",
			"origin": [5, -15, -3],
			"color": 0,
			"children": [
				{
					"name": "leg_l",
					"origin": [5, 0, -3],
					"color": 0,
					"children": [
						{
							"name": "1",
							"origin": [13.8581, 16.77855, -20.12207],
							"color": 0,
							"children": []
						}
					]
				},
				0,
				1,
				2
			]
		}
	]
}