{
	"credit": "Made with Blockbench",
	"textures": {
		"1": "narga/texture",
		"particle": "head"
	},
	"elements": [
		{
			"from": [3.88274, 1.091, -0.18403],
			"to": [11.58134, 8.7896, 9.05429],
			"rotation": {"angle": 0, "axis": "y", "origin": [7.73204, 1.86086, -27.89899]},
			"faces": {
				"north": {"uv": [0.5, 5.5, 1.125, 6.125], "texture": "#1"},
				"east": {"uv": [4.625, 3.5, 5.375, 4.125], "texture": "#1"},
				"south": {"uv": [4.375, 5.5, 5, 6.125], "texture": "#1"},
				"west": {"uv": [0, 4.75, 0.75, 5.375], "texture": "#1"},
				"up": {"uv": [1.375, 5.5, 0.75, 4.75], "texture": "#1"},
				"down": {"uv": [5.375, 1.875, 4.75, 2.625], "texture": "#1"}
			}
		},
		{
			"from": [4.34466, 1.55292, 9.05429],
			"to": [11.11943, 8.32769, 21.37205],
			"rotation": {"angle": 0, "axis": "y", "origin": [7.73204, 1.86086, -27.89899]},
			"faces": {
				"north": {"uv": [1, 6.25, 1.625, 6.875], "texture": "#1"},
				"east": {"uv": [0.625, 3.375, 1.625, 4], "texture": "#1"},
				"south": {"uv": [3.625, 6.25, 4.25, 6.875], "texture": "#1"},
				"west": {"uv": [3.375, 1.25, 4.375, 1.875], "texture": "#1"},
				"up": {"uv": [2.25, 4.375, 1.625, 3.375], "texture": "#1"},
				"down": {"uv": [4, 1.875, 3.375, 2.875], "texture": "#1"}
			}
		},
		{
			"from": [7.73204, 6.48002, 9.05429],
			"to": [7.73204, 15.71834, 22.91177],
			"rotation": {"angle": 22.5, "axis": "z", "origin": [7.73204, 5.09427, -27.89899]},
			"faces": {
				"north": {"uv": [0, 0, 0, 0.75], "texture": "#1"},
				"east": {"uv": [0.625, 2, 1.75, 2.75], "texture": "#1"},
				"south": {"uv": [0, 0, 0, 0.75], "texture": "#1"},
				"west": {"uv": [1.75, 2, 2.875, 2.75], "texture": "#1"},
				"up": {"uv": [0, 1.125, 0, 0], "texture": "#1"},
				"down": {"uv": [0, 0, 0, 1.125], "texture": "#1"}
			}
		},
		{
			"from": [7.66796, 7.18002, 9.05429],
			"to": [7.66796, 16.41834, 22.91177],
			"rotation": {"angle": 45, "axis": "z", "origin": [8.26796, 5.09427, -27.89899]},
			"faces": {
				"north": {"uv": [0, 0, 0, 0.75], "texture": "#1"},
				"east": {"uv": [2.875, 2, 1.75, 2.75], "texture": "#1"},
				"south": {"uv": [0, 0, 0, 0.75], "texture": "#1"},
				"west": {"uv": [1.75, 2, 0.625, 2.75], "texture": "#1"},
				"up": {"uv": [0, 1.125, 0, 0], "texture": "#1"},
				"down": {"uv": [0, 0, 0, 1.125], "texture": "#1"}
			}
		},
		{
			"from": [7.73204, 6.48002, 9.05429],
			"to": [7.73204, 15.71834, 22.91177],
			"rotation": {"angle": 0, "axis": "y", "origin": [7.73204, 5.09427, -27.89899]},
			"faces": {
				"north": {"uv": [0, 0, 0, 0.75], "texture": "#1"},
				"east": {"uv": [0.625, 2, 1.75, 2.75], "texture": "#1"},
				"south": {"uv": [0, 0, 0, 0.75], "texture": "#1"},
				"west": {"uv": [1.75, 2, 2.875, 2.75], "texture": "#1"},
				"up": {"uv": [0, 1.125, 0, 0], "texture": "#1"},
				"down": {"uv": [0, 0, 0, 1.125], "texture": "#1"}
			}
		},
		{
			"from": [7.73204, 6.48002, 9.05429],
			"to": [7.73204, 15.71834, 22.91177],
			"rotation": {"angle": -22.5, "axis": "z", "origin": [7.73204, 5.09427, -27.89899]},
			"faces": {
				"north": {"uv": [0, 0, 0, 0.75], "texture": "#1"},
				"east": {"uv": [0.625, 2, 1.75, 2.75], "texture": "#1"},
				"south": {"uv": [0, 0, 0, 0.75], "texture": "#1"},
				"west": {"uv": [1.75, 2, 2.875, 2.75], "texture": "#1"},
				"up": {"uv": [0, 1.125, 0, 0], "texture": "#1"},
				"down": {"uv": [0, 0, 0, 1.125], "texture": "#1"}
			}
		},
		{
			"from": [7.73204, -5.91834, 9.05429],
			"to": [7.73204, 3.31998, 22.91177],
			"rotation": {"angle": 22.5, "axis": "z", "origin": [7.73204, 4.70573, -27.89899]},
			"faces": {
				"north": {"uv": [0, 0.75, 0, 0], "texture": "#1"},
				"east": {"uv": [0.625, 2.75, 1.75, 2], "texture": "#1"},
				"south": {"uv": [0, 0.75, 0, 0], "texture": "#1"},
				"west": {"uv": [1.75, 2.75, 2.875, 2], "texture": "#1"},
				"up": {"uv": [0, 1.125, 0, 0], "texture": "#1"},
				"down": {"uv": [0, 0, 0, 1.125], "texture": "#1"}
			}
		},
		{
			"from": [7.73204, -5.91834, 9.05429],
			"to": [7.73204, 3.31998, 22.91177],
			"rotation": {"angle": 0, "axis": "y", "origin": [7.73204, 4.70573, -27.89899]},
			"faces": {
				"north": {"uv": [0, 0.75, 0, 0], "texture": "#1"},
				"east": {"uv": [0.625, 2.75, 1.75, 2], "texture": "#1"},
				"south": {"uv": [0, 0.75, 0, 0], "texture": "#1"},
				"west": {"uv": [1.75, 2.75, 2.875, 2], "texture": "#1"},
				"up": {"uv": [0, 1.125, 0, 0], "texture": "#1"},
				"down": {"uv": [0, 0, 0, 1.125], "texture": "#1"}
			}
		},
		{
			"from": [7.73204, -5.91834, 9.05429],
			"to": [7.73204, 3.31998, 22.91177],
			"rotation": {"angle": -22.5, "axis": "z", "origin": [7.73204, 4.70573, -27.89899]},
			"faces": {
				"north": {"uv": [0, 0.75, 0, 0], "texture": "#1"},
				"east": {"uv": [0.625, 2.75, 1.75, 2], "texture": "#1"},
				"south": {"uv": [0, 0.75, 0, 0], "texture": "#1"},
				"west": {"uv": [1.75, 2.75, 2.875, 2], "texture": "#1"},
				"up": {"uv": [0, 1.125, 0, 0], "texture": "#1"},
				"down": {"uv": [0, 0, 0, 1.125], "texture": "#1"}
			}
		},
		{
			"from": [7.96796, -5.5298, 9.05429],
			"to": [7.96796, 3.70852, 22.91177],
			"rotation": {"angle": -45, "axis": "z", "origin": [8.26796, 5.09427, -27.89899]},
			"faces": {
				"north": {"uv": [0, 0, 0, 0.75], "rotation": 180, "texture": "#1"},
				"east": {"uv": [1.75, 2, 0.625, 2.75], "rotation": 180, "texture": "#1"},
				"south": {"uv": [0, 0, 0, 0.75], "rotation": 180, "texture": "#1"},
				"west": {"uv": [2.875, 2, 1.75, 2.75], "rotation": 180, "texture": "#1"},
				"up": {"uv": [0, 0, 0, 1.125], "rotation": 180, "texture": "#1"},
				"down": {"uv": [0, 1.125, 0, 0], "rotation": 180, "texture": "#1"}
			}
		},
		{
			"from": [-1.53323, 2.84816, 9.05429],
			"to": [7.70509, 2.84816, 22.91177],
			"rotation": {"angle": 22.5, "axis": "z", "origin": [3.48593, 0.84816, 15.98303]},
			"faces": {
				"north": {"uv": [0, 0, 0, 0.75], "rotation": 90, "texture": "#1"},
				"east": {"uv": [0, 0, 0, 1.125], "rotation": 270, "texture": "#1"},
				"south": {"uv": [0, 0, 0, 0.75], "rotation": 270, "texture": "#1"},
				"west": {"uv": [0, 1.125, 0, 0], "rotation": 270, "texture": "#1"},
				"up": {"uv": [0.625, 2, 1.75, 2.75], "rotation": 270, "texture": "#1"},
				"down": {"uv": [1.75, 2, 2.875, 2.75], "rotation": 270, "texture": "#1"}
			}
		},
		{
			"from": [-2.89203, 5.09427, 9.05429],
			"to": [6.34629, 5.09427, 22.91177],
			"rotation": {"angle": 0, "axis": "z", "origin": [1.72713, 5.09427, 15.98303]},
			"faces": {
				"north": {"uv": [0, 0, 0, 0.75], "rotation": 90, "texture": "#1"},
				"east": {"uv": [0, 0, 0, 1.125], "rotation": 270, "texture": "#1"},
				"south": {"uv": [0, 0, 0, 0.75], "rotation": 270, "texture": "#1"},
				"west": {"uv": [0, 1.125, 0, 0], "rotation": 270, "texture": "#1"},
				"up": {"uv": [0.625, 2, 1.75, 2.75], "rotation": 270, "texture": "#1"},
				"down": {"uv": [1.75, 2, 2.875, 2.75], "rotation": 270, "texture": "#1"}
			}
		},
		{
			"from": [-2.43493, 7.39225, 9.05429],
			"to": [6.80339, 7.39225, 22.91177],
			"rotation": {"angle": -22.5, "axis": "z", "origin": [2.18423, 7.39225, 15.98303]},
			"faces": {
				"north": {"uv": [0, 0, 0, 0.75], "rotation": 90, "texture": "#1"},
				"east": {"uv": [0, 0, 0, 1.125], "rotation": 270, "texture": "#1"},
				"south": {"uv": [0, 0, 0, 0.75], "rotation": 270, "texture": "#1"},
				"west": {"uv": [0, 1.125, 0, 0], "rotation": 270, "texture": "#1"},
				"up": {"uv": [0.625, 2, 1.75, 2.75], "rotation": 270, "texture": "#1"},
				"down": {"uv": [1.75, 2, 2.875, 2.75], "rotation": 270, "texture": "#1"}
			}
		},
		{
			"from": [8.03204, -5.5298, 9.05429],
			"to": [8.03204, 3.70852, 22.91177],
			"rotation": {"angle": 45, "axis": "z", "origin": [7.73204, 5.09427, -27.89899]},
			"faces": {
				"north": {"uv": [0, 0, 0, 0.75], "rotation": 180, "texture": "#1"},
				"east": {"uv": [1.75, 2, 2.875, 2.75], "rotation": 180, "texture": "#1"},
				"south": {"uv": [0, 0, 0, 0.75], "rotation": 180, "texture": "#1"},
				"west": {"uv": [0.625, 2, 1.75, 2.75], "rotation": 180, "texture": "#1"},
				"up": {"uv": [0, 0, 0, 1.125], "rotation": 180, "texture": "#1"},
				"down": {"uv": [0, 1.125, 0, 0], "rotation": 180, "texture": "#1"}
			}
		},
		{
			"from": [8.29491, 2.84816, 9.05429],
			"to": [17.53323, 2.84816, 22.91177],
			"rotation": {"angle": -22.5, "axis": "z", "origin": [12.51407, 0.84816, 15.98303]},
			"faces": {
				"north": {"uv": [0, 0.75, 0, 0], "rotation": 90, "texture": "#1"},
				"east": {"uv": [0, 0, 0, 1.125], "rotation": 270, "texture": "#1"},
				"south": {"uv": [0, 0.75, 0, 0], "rotation": 270, "texture": "#1"},
				"west": {"uv": [0, 1.125, 0, 0], "rotation": 270, "texture": "#1"},
				"up": {"uv": [0.625, 2.75, 1.75, 2], "rotation": 270, "texture": "#1"},
				"down": {"uv": [1.75, 2.75, 2.875, 2], "rotation": 270, "texture": "#1"}
			}
		},
		{
			"from": [9.65371, 5.09427, 9.05429],
			"to": [18.89203, 5.09427, 22.91177],
			"rotation": {"angle": 0, "axis": "z", "origin": [14.27287, 5.09427, 15.98303]},
			"faces": {
				"north": {"uv": [0, 0.75, 0, 0], "rotation": 90, "texture": "#1"},
				"east": {"uv": [0, 0, 0, 1.125], "rotation": 270, "texture": "#1"},
				"south": {"uv": [0, 0.75, 0, 0], "rotation": 270, "texture": "#1"},
				"west": {"uv": [0, 1.125, 0, 0], "rotation": 270, "texture": "#1"},
				"up": {"uv": [0.625, 2.75, 1.75, 2], "rotation": 270, "texture": "#1"},
				"down": {"uv": [1.75, 2.75, 2.875, 2], "rotation": 270, "texture": "#1"}
			}
		},
		{
			"from": [8.33204, 7.18002, 9.05429],
			"to": [8.33204, 16.41834, 22.91177],
			"rotation": {"angle": -45, "axis": "z", "origin": [7.73204, 5.09427, -27.89899]},
			"faces": {
				"north": {"uv": [0, 0, 0, 0.75], "texture": "#1"},
				"east": {"uv": [0.625, 2, 1.75, 2.75], "texture": "#1"},
				"south": {"uv": [0, 0, 0, 0.75], "texture": "#1"},
				"west": {"uv": [1.75, 2, 2.875, 2.75], "texture": "#1"},
				"up": {"uv": [0, 1.125, 0, 0], "texture": "#1"},
				"down": {"uv": [0, 0, 0, 1.125], "texture": "#1"}
			}
		},
		{
			"from": [9.19661, 7.39225, 9.05429],
			"to": [18.43493, 7.39225, 22.91177],
			"rotation": {"angle": 22.5, "axis": "z", "origin": [13.81577, 7.39225, 15.98303]},
			"faces": {
				"north": {"uv": [0, 0.75, 0, 0], "rotation": 90, "texture": "#1"},
				"east": {"uv": [0, 0, 0, 1.125], "rotation": 270, "texture": "#1"},
				"south": {"uv": [0, 0.75, 0, 0], "rotation": 270, "texture": "#1"},
				"west": {"uv": [0, 1.125, 0, 0], "rotation": 270, "texture": "#1"},
				"up": {"uv": [0.625, 2.75, 1.75, 2], "rotation": 270, "texture": "#1"},
				"down": {"uv": [1.75, 2.75, 2.875, 2], "rotation": 270, "texture": "#1"}
			}
		}
	],
	"display": {
		"head": {
			"translation": [1.5, 3.75, 26.75],
			"scale": [4, 4, 4]
		}
	},
	"groups": [
		{
			"name": "root",
			"origin": [5, -15, -3],
			"color": 0,
			"children": [
				{
					"name": "tail",
					"origin": [9, 0, -27],
					"color": 0,
					"children": [
						{
							"name": "0",
							"origin": [9, 0, -27],
							"color": 0,
							"children": [
								0,
								1,
								{
									"name": "group",
									"origin": [7.71522, 7.77214, -30.1137],
									"color": 0,
									"children": [2, 3, 4, 5, 6, 7, 8, 9, 10, 11, 12, 13, 14, 15, 16, 17]
								}
							]
						}
					]
				}
			]
		}
	]
}