{
	"credit": "Made with Blockbench",
	"textures": {
		"1": "narga/texture_damage"
	},
	"elements": [
		{
			"from": [14.91662, -7.01298, 7.81375],
			"to": [22.61522, 17.62254, 7.81375],
			"rotation": {"angle": 22.5, "axis": "z", "origin": [36.4727, -11.63214, 14.74249]},
			"faces": {
				"north": {"uv": [2.125, 2, 1.5, 0], "rotation": 180, "texture": "#1"},
				"east": {"uv": [2.125, 2, 1.5, 0], "rotation": 180, "texture": "#1"},
				"south": {"uv": [1.5, 2, 2.125, 0], "rotation": 180, "texture": "#1"},
				"west": {"uv": [2.125, 2, 1.5, 0], "rotation": 180, "texture": "#1"},
				"up": {"uv": [2.125, 2, 1.5, 0], "rotation": 180, "texture": "#1"},
				"down": {"uv": [2.125, 2, 1.5, 0], "rotation": 180, "texture": "#1"}
			}
		},
		{
			"from": [13.3769, -11.63214, 7.19786],
			"to": [17.99606, 3.76506, 8.42964],
			"rotation": {"angle": 22.5, "axis": "z", "origin": [36.4727, -11.63214, 8.58361]},
			"faces": {
				"north": {"uv": [4, 6.25, 3.625, 5], "rotation": 180, "texture": "#1"},
				"east": {"uv": [8.125, 4.5, 9.375, 4.625], "rotation": 90, "texture": "#1"},
				"south": {"uv": [4.375, 5, 4, 6.25], "texture": "#1"},
				"west": {"uv": [8.25, 0.5, 9.5, 0.625], "rotation": 270, "texture": "#1"},
				"up": {"uv": [8.75, 5.25, 9.125, 5.375], "texture": "#1"},
				"down": {"uv": [8.75, 5.125, 9.125, 5.25], "rotation": 180, "texture": "#1"}
			}
		},
		{
			"from": [13.3769, 3.76506, 7.19786],
			"to": [16.45634, 20.70198, 8.42964],
			"rotation": {"angle": 22.5, "axis": "z", "origin": [36.4727, -11.63214, 8.58361]},
			"faces": {
				"north": {"uv": [6.375, 4.625, 6.125, 3.25], "rotation": 180, "texture": "#1"},
				"east": {"uv": [8, 3.5, 9.375, 3.625], "rotation": 90, "texture": "#1"},
				"south": {"uv": [3.625, 6.125, 3.375, 7.5], "texture": "#1"},
				"west": {"uv": [8, 3.625, 9.375, 3.75], "rotation": 270, "texture": "#1"},
				"up": {"uv": [9, 4, 9.25, 4.125], "texture": "#1"},
				"down": {"uv": [3.75, 9, 4, 9.125], "rotation": 180, "texture": "#1"}
			}
		},
		{
			"from": [13.3769, 20.70198, 7.19786],
			"to": [14.91662, 23.78142, 8.42964],
			"rotation": {"angle": 22.5, "axis": "z", "origin": [36.4727, -11.63214, 8.58361]},
			"faces": {
				"north": {"uv": [3.625, 9.125, 3.5, 8.875], "rotation": 180, "texture": "#1"},
				"east": {"uv": [2.875, 9, 3.125, 9.125], "rotation": 90, "texture": "#1"},
				"south": {"uv": [3.75, 8.875, 3.625, 9.125], "texture": "#1"},
				"west": {"uv": [9, 2.875, 9.25, 3], "rotation": 270, "texture": "#1"},
				"up": {"uv": [9.125, 4.75, 9.25, 4.875], "texture": "#1"},
				"down": {"uv": [4.375, 9.125, 4.5, 9.25], "rotation": 180, "texture": "#1"}
			}
		},
		{
			"from": [12.14513, 5.30478, 7.50427],
			"to": [13.3769, 23.78142, 7.96926],
			"rotation": {"angle": 22.5, "axis": "z", "origin": [36.4727, -11.63214, 8.58361]},
			"faces": {
				"north": {"uv": [1.375, 9.25, 1.25, 7.75], "rotation": 180, "texture": "#1"},
				"east": {"uv": [8.625, 7.25, 10.125, 7.375], "rotation": 90, "texture": "#1"},
				"south": {"uv": [4.625, 7.875, 4.5, 9.375], "texture": "#1"},
				"west": {"uv": [8.625, 7.375, 10.125, 7.5], "rotation": 270, "texture": "#1"},
				"up": {"uv": [9.25, 8.625, 9.375, 8.75], "texture": "#1"},
				"down": {"uv": [8.625, 9.25, 8.75, 9.375], "rotation": 180, "texture": "#1"}
			}
		},
		{
			"from": [0.44326, 11.77161, 7.50581],
			"to": [1.829, 15.46693, 7.96772],
			"rotation": {"angle": 0, "axis": "y", "origin": [36.4727, -11.63214, 8.58361]},
			"faces": {
				"north": {"uv": [1.125, 9.125, 1, 8.75], "rotation": 180, "texture": "#1"},
				"east": {"uv": [9.125, 6.875, 9.5, 7], "rotation": 90, "texture": "#1"},
				"south": {"uv": [1.25, 8.75, 1.125, 9.125], "texture": "#1"},
				"west": {"uv": [9.125, 7, 9.5, 7.125], "rotation": 270, "texture": "#1"},
				"up": {"uv": [9.25, 7.625, 9.375, 7.75], "texture": "#1"},
				"down": {"uv": [7.625, 9.25, 7.75, 9.375], "rotation": 180, "texture": "#1"}
			}
		},
		{
			"from": [13.53088, 23.78142, 7.50427],
			"to": [14.91662, 28.40058, 7.96926],
			"rotation": {"angle": 22.5, "axis": "z", "origin": [36.4727, -11.63214, 8.58361]},
			"faces": {
				"north": {"uv": [1.625, 4.375, 1.5, 4], "rotation": 180, "texture": "#1"},
				"east": {"uv": [3.5, 9.125, 3.875, 9.25], "rotation": 90, "texture": "#1"},
				"south": {"uv": [8.125, 8.375, 8, 8.75], "texture": "#1"},
				"west": {"uv": [9.125, 3.75, 9.5, 3.875], "rotation": 270, "texture": "#1"},
				"up": {"uv": [9.25, 7.5, 9.375, 7.625], "texture": "#1"},
				"down": {"uv": [7.5, 9.25, 7.625, 9.375], "rotation": 180, "texture": "#1"}
			}
		},
		{
			"from": [20.45962, 10.07791, 7.50581],
			"to": [21.69139, 13.31133, 7.96772],
			"rotation": {"angle": 45, "axis": "z", "origin": [36.4727, -11.63214, 8.58361]},
			"faces": {
				"north": {"uv": [9.125, 2.875, 9, 2.625], "rotation": 180, "texture": "#1"},
				"east": {"uv": [2.5, 9.25, 2.75, 9.375], "rotation": 90, "texture": "#1"},
				"south": {"uv": [2.875, 9, 2.75, 9.25], "texture": "#1"},
				"west": {"uv": [9.25, 2.5, 9.5, 2.625], "rotation": 270, "texture": "#1"},
				"up": {"uv": [9.25, 8.5, 9.375, 8.625], "texture": "#1"},
				"down": {"uv": [8.5, 9.25, 8.625, 9.375], "rotation": 180, "texture": "#1"}
			}
		},
		{
			"from": [14.14676, 28.40058, 7.50427],
			"to": [14.91662, 31.48002, 7.96926],
			"rotation": {"angle": 22.5, "axis": "z", "origin": [36.4727, -11.63214, 8.58361]},
			"faces": {
				"north": {"uv": [8.5, 9.25, 8.375, 9], "rotation": 180, "texture": "#1"},
				"east": {"uv": [9.25, 1.5, 9.5, 1.625], "rotation": 90, "texture": "#1"},
				"south": {"uv": [9.125, 8.375, 9, 8.625], "texture": "#1"},
				"west": {"uv": [9.25, 1.625, 9.5, 1.75], "rotation": 270, "texture": "#1"},
				"up": {"uv": [0.125, 9.375, 0.25, 9.5], "texture": "#1"},
				"down": {"uv": [9.375, 0, 9.5, 0.125], "rotation": 180, "texture": "#1"}
			}
		},
		{
			"from": [-0.01866, 16.54474, 7.50581],
			"to": [0.59723, 18.54637, 7.96772],
			"rotation": {"angle": 0, "axis": "y", "origin": [36.4727, -11.63214, 8.58361]},
			"faces": {
				"north": {"uv": [6.125, 9.375, 6, 9.125], "rotation": 180, "texture": "#1"},
				"east": {"uv": [6.25, 9.25, 6.5, 9.375], "rotation": 90, "texture": "#1"},
				"south": {"uv": [6.25, 9.125, 6.125, 9.375], "texture": "#1"},
				"west": {"uv": [9.25, 6.25, 9.5, 6.375], "rotation": 270, "texture": "#1"},
				"up": {"uv": [0, 9.375, 0.125, 9.5], "texture": "#1"},
				"down": {"uv": [9.25, 9.25, 9.375, 9.375], "rotation": 180, "texture": "#1"}
			}
		},
		{
			"from": [16.45634, 2.22534, 7.81375],
			"to": [25.69466, 23.78142, 7.81375],
			"rotation": {"angle": 45, "axis": "z", "origin": [36.4727, -11.63214, 14.74249]},
			"faces": {
				"north": {"uv": [0.75, 1.75, 0, 0], "rotation": 180, "texture": "#1"},
				"east": {"uv": [0.75, 1.75, 0, 0], "rotation": 180, "texture": "#1"},
				"south": {"uv": [0, 1.75, 0.75, 0], "rotation": 180, "texture": "#1"},
				"west": {"uv": [0.75, 1.75, 0, 0], "rotation": 180, "texture": "#1"},
				"up": {"uv": [0.75, 1.75, 0, 0], "rotation": 180, "texture": "#1"},
				"down": {"uv": [0.75, 1.75, 0, 0], "rotation": 180, "texture": "#1"}
			}
		},
		{
			"from": [15.68648, 22.2417, 7.50427],
			"to": [16.45634, 25.32114, 7.96926],
			"rotation": {"angle": 45, "axis": "z", "origin": [36.4727, -11.63214, 8.58361]},
			"faces": {
				"north": {"uv": [9.125, 8.875, 9, 8.625], "rotation": 180, "texture": "#1"},
				"east": {"uv": [1.75, 9.25, 2, 9.375], "rotation": 90, "texture": "#1"},
				"south": {"uv": [9.125, 8.875, 9, 9.125], "texture": "#1"},
				"west": {"uv": [9.25, 1.75, 9.5, 1.875], "rotation": 270, "texture": "#1"},
				"up": {"uv": [0.375, 9.375, 0.5, 9.5], "texture": "#1"},
				"down": {"uv": [9.375, 0.25, 9.5, 0.375], "rotation": 180, "texture": "#1"}
			}
		},
		{
			"from": [3.67667, 11.30969, 7.50581],
			"to": [4.44653, 13.31133, 7.96772],
			"rotation": {"angle": 22.5, "axis": "z", "origin": [36.4727, -11.63214, 8.58361]},
			"faces": {
				"north": {"uv": [9.25, 6.875, 9.125, 6.625], "rotation": 180, "texture": "#1"},
				"east": {"uv": [9.25, 6.375, 9.5, 6.5], "rotation": 90, "texture": "#1"},
				"south": {"uv": [6.875, 9.125, 6.75, 9.375], "texture": "#1"},
				"west": {"uv": [6.5, 9.25, 6.75, 9.375], "rotation": 270, "texture": "#1"},
				"up": {"uv": [0.25, 9.375, 0.375, 9.5], "texture": "#1"},
				"down": {"uv": [9.375, 0.125, 9.5, 0.25], "rotation": 180, "texture": "#1"}
			}
		},
		{
			"from": [14.91662, 17.62254, 7.50427],
			"to": [16.45634, 22.2417, 7.96926],
			"rotation": {"angle": 45, "axis": "z", "origin": [36.4727, -11.63214, 8.58361]},
			"faces": {
				"north": {"uv": [7, 9, 6.875, 8.625], "rotation": 180, "texture": "#1"},
				"east": {"uv": [4, 9.125, 4.375, 9.25], "rotation": 90, "texture": "#1"},
				"south": {"uv": [7.25, 8.625, 7.125, 9], "texture": "#1"},
				"west": {"uv": [9.125, 4.625, 9.5, 4.75], "rotation": 270, "texture": "#1"},
				"up": {"uv": [9.25, 7.75, 9.375, 7.875], "texture": "#1"},
				"down": {"uv": [7.75, 9.25, 7.875, 9.375], "rotation": 180, "texture": "#1"}
			}
		},
		{
			"from": [4.29256, 6.69053, 7.50581],
			"to": [5.52433, 9.76997, 7.96772],
			"rotation": {"angle": 22.5, "axis": "z", "origin": [36.4727, -11.63214, 8.58361]},
			"faces": {
				"north": {"uv": [2.375, 9.25, 2.25, 9], "rotation": 180, "texture": "#1"},
				"east": {"uv": [9.25, 2, 9.5, 2.125], "rotation": 90, "texture": "#1"},
				"south": {"uv": [2.5, 9, 2.375, 9.25], "texture": "#1"},
				"west": {"uv": [2.25, 9.25, 2.5, 9.375], "rotation": 270, "texture": "#1"},
				"up": {"uv": [9.25, 8.375, 9.375, 8.5], "texture": "#1"},
				"down": {"uv": [8.375, 9.25, 8.5, 9.375], "rotation": 180, "texture": "#1"}
			}
		},
		{
			"from": [13.68485, 2.22534, 7.50581],
			"to": [14.91662, 17.62254, 7.96772],
			"rotation": {"angle": 45, "axis": "z", "origin": [36.4727, -11.63214, 8.58361]},
			"faces": {
				"north": {"uv": [5.75, 9.375, 5.625, 8.125], "rotation": 180, "texture": "#1"},
				"east": {"uv": [8.75, 0.625, 10, 0.75], "rotation": 90, "texture": "#1"},
				"south": {"uv": [7.125, 8.125, 7, 9.375], "texture": "#1"},
				"west": {"uv": [8.75, 0.75, 10, 0.875], "rotation": 270, "texture": "#1"},
				"up": {"uv": [9.25, 8.25, 9.375, 8.375], "texture": "#1"},
				"down": {"uv": [8.25, 9.25, 8.375, 9.375], "rotation": 180, "texture": "#1"}
			}
		},
		{
			"from": [14.91662, 14.5431, 7.19786],
			"to": [16.45634, 17.62254, 8.27567],
			"rotation": {"angle": 45, "axis": "z", "origin": [36.4727, -11.63214, 8.58361]},
			"faces": {
				"north": {"uv": [4.75, 8.125, 4.625, 7.875], "rotation": 180, "texture": "#1"},
				"east": {"uv": [2.5, 9, 2.75, 9.125], "rotation": 90, "texture": "#1"},
				"south": {"uv": [6.625, 7.875, 6.5, 8.125], "texture": "#1"},
				"west": {"uv": [9, 2.5, 9.25, 2.625], "rotation": 270, "texture": "#1"},
				"up": {"uv": [9.125, 3.875, 9.25, 4], "texture": "#1"},
				"down": {"uv": [3.875, 9.125, 4, 9.25], "rotation": 180, "texture": "#1"}
			}
		},
		{
			"from": [14.91662, -3.93354, 7.19632],
			"to": [17.99606, 14.5431, 8.43118],
			"rotation": {"angle": 45, "axis": "z", "origin": [36.4727, -11.63214, 8.58361]},
			"faces": {
				"north": {"uv": [0.75, 7.625, 0.5, 6.125], "rotation": 180, "texture": "#1"},
				"east": {"uv": [7.875, 4.125, 9.375, 4.25], "rotation": 90, "texture": "#1"},
				"south": {"uv": [1, 6.125, 0.75, 7.625], "texture": "#1"},
				"west": {"uv": [8, 1.125, 9.5, 1.25], "rotation": 270, "texture": "#1"},
				"up": {"uv": [9, 4.375, 9.25, 4.5], "texture": "#1"},
				"down": {"uv": [9, 4.25, 9.25, 4.375], "rotation": 180, "texture": "#1"}
			}
		},
		{
			"from": [13.68485, -5.47326, 7.50581],
			"to": [14.91662, 2.22534, 7.96772],
			"rotation": {"angle": 45, "axis": "z", "origin": [36.4727, -11.63214, 8.58361]},
			"faces": {
				"north": {"uv": [2.875, 4, 2.75, 3.375], "rotation": 180, "texture": "#1"},
				"east": {"uv": [9, 5.5, 9.625, 5.625], "rotation": 90, "texture": "#1"},
				"south": {"uv": [0.5, 6.25, 0.375, 6.875], "texture": "#1"},
				"west": {"uv": [9, 5.625, 9.625, 5.75], "rotation": 270, "texture": "#1"},
				"up": {"uv": [9.25, 8, 9.375, 8.125], "texture": "#1"},
				"down": {"uv": [8, 9.25, 8.125, 9.375], "rotation": 180, "texture": "#1"}
			}
		}
	],
	"display": {
		"head": {
			"rotation": [90, 0, 0],
			"translation": [-39.5, -7.5, 80],
			"scale": [4, 4, 4]
		}
	},
	"groups": [
		{
			"name": "root",
			"origin": [5, -15, -3],
			"color": 0,
			"children": [
				{
					"name": "wing",
					"origin": [27.65722, 0.88072, 8.59731],
					"color": 0,
					"children": [
						{
							"name": "0",
							"origin": [-14.7213, 0.08582, 8.58752],
							"color": 0,
							"children": [0, 1, 2, 3, 4, 5, 6, 7, 8, 9]
						},
						{
							"name": "1",
							"origin": [-14.7213, 0.08582, 8.58752],
							"color": 0,
							"children": [10, 11, 12, 13, 14, 15, 16, 17, 18]
						}
					]
				}
			]
		}
	]
}