{
	"credit": "Made with Blockbench",
	"texture_size": [32, 32],
	"textures": {
		"0": "zinogre/head",
		"particle": "zinogre/head"
	},
	"elements": [
		{
			"from": [6.34766, 9.51851, 9.13332],
			"to": [10.48766, 12.03851, 14.44332],
			"rotation": {"angle": 0, "axis": "y", "origin": [8.41766, 10.64351, 9.40332]},
			"faces": {
				"north": {"uv": [11.5, 1, 14, 3.5], "texture": "#0"},
				"east": {"uv": [11.5, 1, 14, 3.5], "texture": "#0"},
				"south": {"uv": [11.5, 1, 14, 3.5], "texture": "#0"},
				"west": {"uv": [11.5, 1, 14, 3.5], "texture": "#0"},
				"up": {"uv": [11.5, 1, 14, 3.5], "texture": "#0"},
				"down": {"uv": [11.5, 1, 14, 3.5], "texture": "#0"}
			}
		},
		{
			"from": [6.52766, 9.56351, 7.78332],
			"to": [10.30766, 11.58851, 9.94332],
			"rotation": {"angle": 0, "axis": "y", "origin": [8.41766, 10.64351, 9.40332]},
			"faces": {
				"north": {"uv": [11.5, 1, 14, 3.5], "texture": "#0"},
				"east": {"uv": [11.5, 1, 14, 3.5], "texture": "#0"},
				"south": {"uv": [11.5, 1, 14, 3.5], "texture": "#0"},
				"west": {"uv": [11.5, 1, 14, 3.5], "texture": "#0"},
				"up": {"uv": [11.5, 1, 14, 3.5], "texture": "#0"},
				"down": {"uv": [11.5, 1, 14, 3.5], "texture": "#0"}
			}
		},
		{
			"from": [9.31766, 9.69851, 6.88332],
			"to": [10.75766, 11.13851, 8.59332],
			"rotation": {"angle": 0, "axis": "y", "origin": [10.03766, 10.64351, 6.70332]},
			"faces": {
				"north": {"uv": [11.5, 1, 14, 3.5], "texture": "#0"},
				"east": {"uv": [11.5, 1, 14, 3.5], "texture": "#0"},
				"south": {"uv": [11.5, 1, 14, 3.5], "texture": "#0"},
				"west": {"uv": [11.5, 1, 14, 3.5], "texture": "#0"},
				"up": {"uv": [11.5, 1, 14, 3.5], "texture": "#0"},
				"down": {"uv": [11.5, 1, 14, 3.5], "texture": "#0"}
			}
		},
		{
			"from": [9.49766, 9.87851, 5.62332],
			"to": [10.57766, 10.95851, 7.15332],
			"rotation": {"angle": 0, "axis": "y", "origin": [10.03766, 10.64351, 5.26332]},
			"faces": {
				"north": {"uv": [4, 10, 7, 10.5], "texture": "#0"},
				"east": {"uv": [4, 10, 7, 10.5], "texture": "#0"},
				"south": {"uv": [4, 10, 7, 10.5], "texture": "#0"},
				"west": {"uv": [4, 10, 7, 10.5], "texture": "#0"},
				"up": {"uv": [4, 10, 7, 10.5], "texture": "#0"},
				"down": {"uv": [4, 10, 7, 10.5], "texture": "#0"}
			}
		},
		{
			"from": [9.67766, 9.33851, 5.26332],
			"to": [10.39766, 10.41851, 6.07332],
			"rotation": {"angle": -45, "axis": "x", "origin": [10.03766, 10.10351, 5.26332]},
			"faces": {
				"north": {"uv": [4, 10, 7, 10.5], "texture": "#0"},
				"east": {"uv": [4, 10, 7, 10.5], "texture": "#0"},
				"south": {"uv": [4, 10, 7, 10.5], "texture": "#0"},
				"west": {"uv": [4, 10, 7, 10.5], "texture": "#0"},
				"up": {"uv": [4, 10, 7, 10.5], "texture": "#0"},
				"down": {"uv": [4, 10, 7, 10.5], "texture": "#0"}
			}
		},
		{
			"from": [9.85766, 9.74351, 5.12832],
			"to": [10.21766, 10.37351, 5.84832],
			"rotation": {"angle": 22.5, "axis": "x", "origin": [10.03766, 10.10351, 5.26332]},
			"faces": {
				"north": {"uv": [4, 10, 7, 10.5], "rotation": 270, "texture": "#0"},
				"east": {"uv": [4, 10, 7, 10.5], "rotation": 270, "texture": "#0"},
				"south": {"uv": [4, 10, 7, 10.5], "rotation": 270, "texture": "#0"},
				"west": {"uv": [4, 10, 7, 10.5], "rotation": 270, "texture": "#0"},
				"up": {"uv": [4, 10, 7, 10.5], "rotation": 270, "texture": "#0"},
				"down": {"uv": [4, 10, 7, 10.5], "rotation": 270, "texture": "#0"}
			}
		},
		{
			"from": [7.69766, 9.69851, 6.88332],
			"to": [9.13766, 11.13851, 8.59332],
			"rotation": {"angle": 0, "axis": "y", "origin": [8.41766, 10.64351, 6.70332]},
			"faces": {
				"north": {"uv": [11.5, 1, 14, 3.5], "texture": "#0"},
				"east": {"uv": [11.5, 1, 14, 3.5], "texture": "#0"},
				"south": {"uv": [11.5, 1, 14, 3.5], "texture": "#0"},
				"west": {"uv": [11.5, 1, 14, 3.5], "texture": "#0"},
				"up": {"uv": [11.5, 1, 14, 3.5], "texture": "#0"},
				"down": {"uv": [11.5, 1, 14, 3.5], "texture": "#0"}
			}
		},
		{
			"from": [7.87766, 9.87851, 5.62332],
			"to": [8.95766, 10.95851, 7.15332],
			"rotation": {"angle": 0, "axis": "y", "origin": [8.41766, 10.64351, 5.26332]},
			"faces": {
				"north": {"uv": [4, 10, 7, 10.5], "texture": "#0"},
				"east": {"uv": [4, 10, 7, 10.5], "texture": "#0"},
				"south": {"uv": [4, 10, 7, 10.5], "texture": "#0"},
				"west": {"uv": [4, 10, 7, 10.5], "texture": "#0"},
				"up": {"uv": [4, 10, 7, 10.5], "texture": "#0"},
				"down": {"uv": [4, 10, 7, 10.5], "texture": "#0"}
			}
		},
		{
			"from": [8.05766, 9.33851, 5.26332],
			"to": [8.77766, 10.41851, 6.07332],
			"rotation": {"angle": -45, "axis": "x", "origin": [8.41766, 10.10351, 5.26332]},
			"faces": {
				"north": {"uv": [4, 10, 7, 10.5], "texture": "#0"},
				"east": {"uv": [4, 10, 7, 10.5], "texture": "#0"},
				"south": {"uv": [4, 10, 7, 10.5], "texture": "#0"},
				"west": {"uv": [4, 10, 7, 10.5], "texture": "#0"},
				"up": {"uv": [4, 10, 7, 10.5], "texture": "#0"},
				"down": {"uv": [4, 10, 7, 10.5], "texture": "#0"}
			}
		},
		{
			"from": [8.23766, 9.74351, 5.12832],
			"to": [8.59766, 10.37351, 5.84832],
			"rotation": {"angle": 22.5, "axis": "x", "origin": [8.41766, 10.10351, 5.26332]},
			"faces": {
				"north": {"uv": [4, 10, 7, 10.5], "rotation": 270, "texture": "#0"},
				"east": {"uv": [4, 10, 7, 10.5], "rotation": 270, "texture": "#0"},
				"south": {"uv": [4, 10, 7, 10.5], "rotation": 270, "texture": "#0"},
				"west": {"uv": [4, 10, 7, 10.5], "rotation": 270, "texture": "#0"},
				"up": {"uv": [4, 10, 7, 10.5], "rotation": 270, "texture": "#0"},
				"down": {"uv": [4, 10, 7, 10.5], "rotation": 270, "texture": "#0"}
			}
		},
		{
			"from": [6.07766, 9.69851, 6.88332],
			"to": [7.51766, 11.13851, 8.59332],
			"rotation": {"angle": 0, "axis": "y", "origin": [6.79766, 10.64351, 6.70332]},
			"faces": {
				"north": {"uv": [11.5, 1, 14, 3.5], "texture": "#0"},
				"east": {"uv": [11.5, 1, 14, 3.5], "texture": "#0"},
				"south": {"uv": [11.5, 1, 14, 3.5], "texture": "#0"},
				"west": {"uv": [11.5, 1, 14, 3.5], "texture": "#0"},
				"up": {"uv": [11.5, 1, 14, 3.5], "texture": "#0"},
				"down": {"uv": [11.5, 1, 14, 3.5], "texture": "#0"}
			}
		},
		{
			"from": [6.25766, 9.87851, 5.62332],
			"to": [7.33766, 10.95851, 7.15332],
			"rotation": {"angle": 0, "axis": "y", "origin": [6.79766, 10.64351, 5.26332]},
			"faces": {
				"north": {"uv": [4, 10, 7, 10.5], "texture": "#0"},
				"east": {"uv": [4, 10, 7, 10.5], "texture": "#0"},
				"south": {"uv": [4, 10, 7, 10.5], "texture": "#0"},
				"west": {"uv": [4, 10, 7, 10.5], "texture": "#0"},
				"up": {"uv": [4, 10, 7, 10.5], "texture": "#0"},
				"down": {"uv": [4, 10, 7, 10.5], "texture": "#0"}
			}
		},
		{
			"from": [6.43766, 9.33851, 5.26332],
			"to": [7.15766, 10.41851, 6.07332],
			"rotation": {"angle": -45, "axis": "x", "origin": [6.79766, 10.10351, 5.26332]},
			"faces": {
				"north": {"uv": [4, 10, 7, 10.5], "texture": "#0"},
				"east": {"uv": [4, 10, 7, 10.5], "texture": "#0"},
				"south": {"uv": [4, 10, 7, 10.5], "texture": "#0"},
				"west": {"uv": [4, 10, 7, 10.5], "texture": "#0"},
				"up": {"uv": [4, 10, 7, 10.5], "texture": "#0"},
				"down": {"uv": [4, 10, 7, 10.5], "texture": "#0"}
			}
		},
		{
			"from": [6.61766, 9.74351, 5.12832],
			"to": [6.97766, 10.37351, 5.84832],
			"rotation": {"angle": 22.5, "axis": "x", "origin": [6.79766, 10.10351, 5.26332]},
			"faces": {
				"north": {"uv": [4, 10, 7, 10.5], "rotation": 270, "texture": "#0"},
				"east": {"uv": [4, 10, 7, 10.5], "rotation": 270, "texture": "#0"},
				"south": {"uv": [4, 10, 7, 10.5], "rotation": 270, "texture": "#0"},
				"west": {"uv": [4, 10, 7, 10.5], "rotation": 270, "texture": "#0"},
				"up": {"uv": [4, 10, 7, 10.5], "rotation": 270, "texture": "#0"},
				"down": {"uv": [4, 10, 7, 10.5], "rotation": 270, "texture": "#0"}
			}
		},
		{
			"from": [5.35766, 9.74351, 8.14332],
			"to": [6.61766, 10.95851, 9.85332],
			"rotation": {"angle": 22.5, "axis": "y", "origin": [5.89766, 10.41851, 8.99832]},
			"faces": {
				"north": {"uv": [11.5, 1, 14, 3.5], "texture": "#0"},
				"east": {"uv": [11.5, 1, 14, 3.5], "texture": "#0"},
				"south": {"uv": [11.5, 1, 14, 3.5], "texture": "#0"},
				"west": {"uv": [11.5, 1, 14, 3.5], "texture": "#0"},
				"up": {"uv": [11.5, 1, 14, 3.5], "texture": "#0"},
				"down": {"uv": [11.5, 1, 14, 3.5], "texture": "#0"}
			}
		},
		{
			"from": [5.35766, 9.78338, 7.20574],
			"to": [5.89766, 10.63838, 8.73574],
			"rotation": {"angle": 0, "axis": "y", "origin": [5.62766, 10.07044, 6.92758]},
			"faces": {
				"north": {"uv": [4, 10, 7, 10.5], "rotation": 270, "texture": "#0"},
				"east": {"uv": [4, 10, 7, 10.5], "rotation": 180, "texture": "#0"},
				"south": {"uv": [4, 10, 7, 10.5], "rotation": 90, "texture": "#0"},
				"west": {"uv": [4, 10, 7, 10.5], "texture": "#0"},
				"up": {"uv": [4, 10, 7, 10.5], "rotation": 90, "texture": "#0"},
				"down": {"uv": [4, 10, 7, 10.5], "rotation": 270, "texture": "#0"}
			}
		},
		{
			"from": [5.44766, 9.78114, 6.63166],
			"to": [5.80766, 10.72614, 7.44166],
			"rotation": {"angle": -22.5, "axis": "x", "origin": [5.62766, 10.07044, 6.92758]},
			"faces": {
				"north": {"uv": [4, 10, 7, 10.5], "texture": "#0"},
				"east": {"uv": [4, 10, 7, 10.5], "texture": "#0"},
				"south": {"uv": [4, 10, 7, 10.5], "texture": "#0"},
				"west": {"uv": [4, 10, 7, 10.5], "texture": "#0"},
				"up": {"uv": [4, 10, 7, 10.5], "texture": "#0"},
				"down": {"uv": [4, 10, 7, 10.5], "texture": "#0"}
			}
		},
		{
			"from": [5.53766, 9.82614, 6.27166],
			"to": [5.71766, 10.45614, 6.72166],
			"rotation": {"angle": -22.5, "axis": "x", "origin": [5.62766, 10.07044, 6.92758]},
			"faces": {
				"north": {"uv": [4, 10, 7, 10.5], "texture": "#0"},
				"east": {"uv": [4, 10, 7, 10.5], "texture": "#0"},
				"south": {"uv": [4, 10, 7, 10.5], "texture": "#0"},
				"west": {"uv": [4, 10, 7, 10.5], "texture": "#0"},
				"up": {"uv": [4, 10, 7, 10.5], "texture": "#0"},
				"down": {"uv": [4, 10, 7, 10.5], "texture": "#0"}
			}
		},
		{
			"from": [5.58266, 10.14851, 5.90832],
			"to": [5.67266, 10.55351, 6.67332],
			"rotation": {"angle": -45, "axis": "x", "origin": [5.62766, 10.07044, 6.92758]},
			"faces": {
				"north": {"uv": [4, 10, 7, 10.5], "texture": "#0"},
				"east": {"uv": [4, 10, 7, 10.5], "texture": "#0"},
				"south": {"uv": [4, 10, 7, 10.5], "texture": "#0"},
				"west": {"uv": [4, 10, 7, 10.5], "texture": "#0"},
				"up": {"uv": [4, 10, 7, 10.5], "texture": "#0"},
				"down": {"uv": [4, 10, 7, 10.5], "texture": "#0"}
			}
		},
		{
			"from": [7.09766, 9.69851, 13.07832],
			"to": [9.58766, 12.08351, 15.89832],
			"rotation": {"angle": -22.5, "axis": "x", "origin": [8.41766, 12.71351, 11.95332]},
			"faces": {
				"north": {"uv": [11.75, 14, 15, 16], "rotation": 180, "texture": "#0"},
				"east": {"uv": [11.75, 14, 15, 16], "rotation": 270, "texture": "#0"},
				"south": {"uv": [11.75, 14, 15, 16], "texture": "#0"},
				"west": {"uv": [11.75, 14, 15, 16], "rotation": 90, "texture": "#0"},
				"up": {"uv": [11.75, 14, 15, 16], "rotation": 180, "texture": "#0"},
				"down": {"uv": [11.75, 14, 15, 16], "texture": "#0"}
			}
		}
	],
	"display": {
		"head": {
			"translation": [-1.75, -15.5, -21.5],
			"scale": [4, 4, 4]
		}
	},
	"groups": [
		{
			"name": "root_normal",
			"origin": [8, 8, 8],
			"children": []
		},
		{
			"name": "root_thunder",
			"origin": [8, 8, 8],
			"children": [
				{
					"name": "leg_l",
					"origin": [8, 8, 8],
					"children": [
						{
							"name": "2",
							"origin": [8, 8, 8],
							"children": [0, 1,
								{
									"name": "group",
									"origin": [4.5, 0.125, 5.1],
									"children": [2, 3, 4, 5]
								},
								{
									"name": "group",
									"origin": [4.5, 0.125, 5.1],
									"children": [6, 7, 8, 9]
								},
								{
									"name": "group",
									"origin": [4.5, 0.125, 5.1],
									"children": [10, 11, 12, 13]
								},
								{
									"name": "group",
									"origin": [2.9, 0, 4.975],
									"children": [14, 15, 16, 17, 18]
								}, 19]
						}
					]
				}
			]
		}
	]
}