{
	"credit": "Made with Blockbench",
	"texture_size": [32, 32],
	"textures": {
		"2": "reia/head"
	},
	"elements": [
		{
			"from": [6.58498, 9.92895, 6.69379],
			"to": [9.41248, 10.87145, 11.87754],
			"rotation": {"angle": 0, "axis": "y", "origin": [10.82623, 9.4577, 10.93504]},
			"faces": {
				"north": {"uv": [8.5, 1.75, 9.75, 2.75], "texture": "#2"},
				"east": {"uv": [8.5, 1.75, 9.75, 2.75], "texture": "#2"},
				"south": {"uv": [8.5, 1.75, 9.75, 2.75], "texture": "#2"},
				"west": {"uv": [8.5, 1.75, 9.75, 2.75], "texture": "#2"},
				"up": {"uv": [8.5, 1.75, 9.75, 2.75], "texture": "#2"},
				"down": {"uv": [8.5, 1.75, 9.75, 2.75], "texture": "#2"}
			}
		},
		{
			"from": [6.11373, 8.98645, 5.75129],
			"to": [9.88373, 9.92895, 11.87754],
			"rotation": {"angle": 0, "axis": "y", "origin": [10.82623, 9.4577, 10.93504]},
			"faces": {
				"north": {"uv": [3.25, 10.5, 2.25, 9], "texture": "#2"},
				"east": {"uv": [3.25, 10.5, 2.25, 9], "texture": "#2"},
				"south": {"uv": [3.25, 10.5, 2.25, 9], "texture": "#2"},
				"west": {"uv": [3.25, 10.5, 2.25, 9], "texture": "#2"},
				"up": {"uv": [3.25, 10.5, 2.25, 9], "texture": "#2"},
				"down": {"uv": [3.25, 10.5, 2.25, 9], "texture": "#2"}
			}
		},
		{
			"from": [6.30223, 6.6302, 4.33754],
			"to": [9.69523, 8.98645, 5.75129],
			"rotation": {"angle": 0, "axis": "y", "origin": [10.82623, 9.4577, 10.93504]},
			"faces": {
				"north": {"uv": [8.5, 1.5, 9, 2.25], "texture": "#2"},
				"east": {"uv": [8.5, 1.5, 9, 2.25], "texture": "#2"},
				"south": {"uv": [8.5, 1.5, 9, 2.25], "texture": "#2"},
				"west": {"uv": [8.5, 1.5, 9, 2.25], "texture": "#2"},
				"up": {"uv": [8.5, 1.5, 9, 2.25], "texture": "#2"},
				"down": {"uv": [8.5, 1.5, 9, 2.25], "texture": "#2"}
			}
		},
		{
			"from": [5.83098, 6.6302, 5.75129],
			"to": [10.16648, 8.98645, 11.87754],
			"rotation": {"angle": 0, "axis": "y", "origin": [10.82623, 9.4577, 10.93504]},
			"faces": {
				"north": {"uv": [2, 0.5, 3, 1], "texture": "#2"},
				"east": {"uv": [2.5, 1.5, 4, 2], "texture": "#2"},
				"south": {"uv": [1, 5, 2, 5.5], "texture": "#2"},
				"west": {"uv": [3, 2, 4.5, 2.5], "texture": "#2"},
				"up": {"uv": [2.5, 3.5, 1.5, 1.5], "texture": "#2"},
				"down": {"uv": [3.5, 2.5, 2.5, 4.5], "texture": "#2"}
			}
		},
		{
			"from": [6.01948, 5.6877, 10.08679],
			"to": [10.16648, 8.60945, 11.31204],
			"rotation": {"angle": 0, "axis": "y", "origin": [10.82623, 9.4577, 10.93504]},
			"faces": {
				"north": {"uv": [0, 5, 1, 5.5], "texture": "#2"},
				"east": {"uv": [2.5, 1.5, 4.25, 2], "texture": "#2"},
				"south": {"uv": [1, 5, 2, 5.5], "texture": "#2"},
				"west": {"uv": [2.75, 2, 4.5, 2.5], "texture": "#2"},
				"up": {"uv": [2.5, 3.5, 1.5, 1.5], "texture": "#2"},
				"down": {"uv": [3.5, 2.5, 2.5, 4.5], "texture": "#2"}
			}
		},
		{
			"from": [6.58498, 6.6302, 2.45254],
			"to": [9.41248, 8.1382, 4.33754],
			"rotation": {"angle": 0, "axis": "y", "origin": [10.82623, 9.4577, 10.93504]},
			"faces": {
				"north": {"uv": [2, 5, 3, 5.5], "texture": "#2"},
				"east": {"uv": [1, 3, 1.5, 3.5], "texture": "#2"},
				"south": {"uv": [3, 5, 4, 5.5], "texture": "#2"},
				"west": {"uv": [2, 3.5, 2.5, 4], "texture": "#2"},
				"up": {"uv": [5, 5.5, 4, 5], "texture": "#2"},
				"down": {"uv": [6, 5, 5, 5.5], "texture": "#2"}
			}
		},
		{
			"from": [7.52748, 6.6302, 1.22729],
			"to": [8.46998, 7.5727, 2.45254],
			"rotation": {"angle": 0, "axis": "y", "origin": [10.82623, 9.4577, 10.93504]},
			"faces": {
				"north": {"uv": [2, 4, 2.5, 4.5], "texture": "#2"},
				"east": {"uv": [4, 5.5, 4.5, 6], "texture": "#2"},
				"south": {"uv": [4.5, 5.5, 5, 6], "texture": "#2"},
				"west": {"uv": [5, 5.5, 5.5, 6], "texture": "#2"},
				"up": {"uv": [6, 6, 5.5, 5.5], "texture": "#2"},
				"down": {"uv": [6, 2, 5.5, 2.5], "texture": "#2"}
			}
		},
		{
			"from": [7.71598, 5.6877, 1.03879],
			"to": [8.28148, 6.6302, 1.60429],
			"rotation": {"angle": 45, "axis": "x", "origin": [8.94123, 6.15895, 1.69854]},
			"faces": {
				"north": {"uv": [5.5, 3.5, 6, 4], "texture": "#2"},
				"east": {"uv": [5.5, 4, 6, 4.5], "texture": "#2"},
				"south": {"uv": [0, 6, 0.5, 6.5], "texture": "#2"},
				"west": {"uv": [0.5, 6, 1, 6.5], "texture": "#2"},
				"up": {"uv": [1.5, 6.5, 1, 6], "texture": "#2"},
				"down": {"uv": [2, 6, 1.5, 6.5], "texture": "#2"}
			}
		},
		{
			"from": [7.66885, 6.60012, 4.2795],
			"to": [8.3286, 8.2495, 4.77431],
			"rotation": {"angle": 22.5, "axis": "x", "origin": [7.99873, 10.90028, 7.23659]},
			"faces": {
				"north": {"uv": [2, 6, 2.5, 6.5], "texture": "#2"},
				"east": {"uv": [2.5, 6, 3, 6.5], "texture": "#2"},
				"south": {"uv": [3, 6, 3.5, 6.5], "texture": "#2"},
				"west": {"uv": [3.5, 6, 4, 6.5], "texture": "#2"},
				"up": {"uv": [4.5, 6.5, 4, 6], "texture": "#2"},
				"down": {"uv": [5, 6, 4.5, 6.5], "texture": "#2"}
			}
		},
		{
			"from": [7.29185, 6.60012, 4.75075],
			"to": [8.7056, 9.192, 5.81106],
			"rotation": {"angle": 22.5, "axis": "x", "origin": [7.99873, 10.90028, 7.23659]},
			"faces": {
				"north": {"uv": [5, 6, 5.5, 6.5], "texture": "#2"},
				"east": {"uv": [5.5, 6, 6, 6.5], "texture": "#2"},
				"south": {"uv": [6, 6, 6.5, 6.5], "texture": "#2"},
				"west": {"uv": [6, 0, 6.5, 0.5], "texture": "#2"},
				"up": {"uv": [6.5, 1, 6, 0.5], "texture": "#2"},
				"down": {"uv": [6.5, 1, 6, 1.5], "texture": "#2"}
			}
		},
		{
			"from": [7.64529, 9.192, 5.12775],
			"to": [8.35216, 10.25231, 5.83462],
			"rotation": {"angle": 22.5, "axis": "x", "origin": [7.99873, 10.90028, 7.23659]},
			"faces": {
				"north": {"uv": [6, 1.5, 6.5, 2], "texture": "#2"},
				"east": {"uv": [6, 2, 6.5, 2.5], "texture": "#2"},
				"south": {"uv": [6, 2.5, 6.5, 3], "texture": "#2"},
				"west": {"uv": [6, 3, 6.5, 3.5], "texture": "#2"},
				"up": {"uv": [6.5, 4, 6, 3.5], "texture": "#2"},
				"down": {"uv": [6.5, 4, 6, 4.5], "texture": "#2"}
			}
		},
		{
			"from": [7.78666, 10.25231, 5.4105],
			"to": [8.21079, 10.95918, 5.83462],
			"rotation": {"angle": 22.5, "axis": "x", "origin": [7.99873, 10.90028, 7.23659]},
			"faces": {
				"north": {"uv": [6, 4.5, 6.5, 5], "texture": "#2"},
				"east": {"uv": [6, 5, 6.5, 5.5], "texture": "#2"},
				"south": {"uv": [6, 5.5, 6.5, 6], "texture": "#2"},
				"west": {"uv": [0, 6.5, 0.5, 7], "texture": "#2"},
				"up": {"uv": [1, 7, 0.5, 6.5], "texture": "#2"},
				"down": {"uv": [1.5, 6.5, 1, 7], "texture": "#2"}
			}
		},
		{
			"from": [7.05623, 7.84494, 5.98079],
			"to": [8.94123, 10.67244, 7.39454],
			"rotation": {"angle": 22.5, "axis": "x", "origin": [7.99873, 11.06515, 7.8815]},
			"faces": {
				"north": {"uv": [1.5, 6.5, 2, 7], "texture": "#2"},
				"east": {"uv": [2, 6.5, 2.5, 7], "texture": "#2"},
				"south": {"uv": [2.5, 6.5, 3, 7], "texture": "#2"},
				"west": {"uv": [3, 6.5, 3.5, 7], "texture": "#2"},
				"up": {"uv": [4, 7, 3.5, 6.5], "texture": "#2"},
				"down": {"uv": [4.5, 6.5, 4, 7], "texture": "#2"}
			}
		},
		{
			"from": [7.52748, 10.67244, 6.45204],
			"to": [8.46998, 12.08619, 7.39454],
			"rotation": {"angle": 22.5, "axis": "x", "origin": [7.99873, 11.06515, 7.8815]},
			"faces": {
				"north": {"uv": [4.5, 6.5, 5, 7], "texture": "#2"},
				"east": {"uv": [5, 6.5, 5.5, 7], "texture": "#2"},
				"south": {"uv": [5.5, 6.5, 6, 7], "texture": "#2"},
				"west": {"uv": [6, 6.5, 6.5, 7], "texture": "#2"},
				"up": {"uv": [7, 7, 6.5, 6.5], "texture": "#2"},
				"down": {"uv": [7, 0, 6.5, 0.5], "texture": "#2"}
			}
		},
		{
			"from": [7.71598, 12.08619, 6.82904],
			"to": [8.28148, 13.02869, 7.39454],
			"rotation": {"angle": 22.5, "axis": "x", "origin": [7.99873, 11.06515, 7.8815]},
			"faces": {
				"north": {"uv": [6.5, 0.5, 7, 1], "texture": "#2"},
				"east": {"uv": [6.5, 1, 7, 1.5], "texture": "#2"},
				"south": {"uv": [6.5, 1.5, 7, 2], "texture": "#2"},
				"west": {"uv": [6.5, 2, 7, 2.5], "texture": "#2"},
				"up": {"uv": [7, 3, 6.5, 2.5], "texture": "#2"},
				"down": {"uv": [7, 3, 6.5, 3.5], "texture": "#2"}
			}
		},
		{
			"from": [7.05623, 9.6671, 7.48879],
			"to": [8.94123, 11.08085, 10.31629],
			"rotation": {"angle": -45, "axis": "x", "origin": [7.99873, 11.06515, 7.8815]},
			"faces": {
				"north": {"uv": [6.5, 3.5, 7, 4], "texture": "#2"},
				"east": {"uv": [6.5, 4, 7, 4.5], "texture": "#2"},
				"south": {"uv": [6.5, 4.5, 7, 5], "texture": "#2"},
				"west": {"uv": [6.5, 5, 7, 5.5], "texture": "#2"},
				"up": {"uv": [7, 6, 6.5, 5.5], "texture": "#2"},
				"down": {"uv": [7, 6, 6.5, 6.5], "texture": "#2"}
			}
		},
		{
			"from": [7.52748, 9.6671, 10.31629],
			"to": [8.46998, 10.6096, 11.73004],
			"rotation": {"angle": -45, "axis": "x", "origin": [7.99873, 11.06515, 7.8815]},
			"faces": {
				"north": {"uv": [0, 7, 0.5, 7.5], "texture": "#2"},
				"east": {"uv": [0.5, 7, 1, 7.5], "texture": "#2"},
				"south": {"uv": [1, 7, 1.5, 7.5], "texture": "#2"},
				"west": {"uv": [1.5, 7, 2, 7.5], "texture": "#2"},
				"up": {"uv": [2.5, 7.5, 2, 7], "texture": "#2"},
				"down": {"uv": [3, 7, 2.5, 7.5], "texture": "#2"}
			}
		},
		{
			"from": [7.71598, 9.6671, 11.73004],
			"to": [8.28148, 10.2326, 12.67254],
			"rotation": {"angle": -45, "axis": "x", "origin": [7.99873, 11.06515, 7.8815]},
			"faces": {
				"north": {"uv": [3, 7, 3.5, 7.5], "texture": "#2"},
				"east": {"uv": [3.5, 7, 4, 7.5], "texture": "#2"},
				"south": {"uv": [4, 7, 4.5, 7.5], "texture": "#2"},
				"west": {"uv": [4.5, 7, 5, 7.5], "texture": "#2"},
				"up": {"uv": [5.5, 7.5, 5, 7], "texture": "#2"},
				"down": {"uv": [6, 7, 5.5, 7.5], "texture": "#2"}
			}
		},
		{
			"from": [7.05623, 12.1187, 9.41605],
			"to": [8.94123, 13.53245, 12.80905],
			"rotation": {"angle": -45, "axis": "x", "origin": [7.99873, 12.60566, 13.20175]},
			"faces": {
				"north": {"uv": [6, 7, 6.5, 7.5], "texture": "#2"},
				"east": {"uv": [6.5, 7, 7, 7.5], "texture": "#2"},
				"south": {"uv": [7, 7, 7.5, 7.5], "texture": "#2"},
				"west": {"uv": [7, 0, 7.5, 0.5], "texture": "#2"},
				"up": {"uv": [7.5, 1, 7, 0.5], "texture": "#2"},
				"down": {"uv": [7.5, 1, 7, 1.5], "texture": "#2"}
			}
		},
		{
			"from": [7.52748, 12.1187, 12.80905],
			"to": [8.46998, 13.0612, 14.2228],
			"rotation": {"angle": -45, "axis": "x", "origin": [7.99873, 12.60566, 13.20175]},
			"faces": {
				"north": {"uv": [7, 1.5, 7.5, 2], "texture": "#2"},
				"east": {"uv": [7, 2, 7.5, 2.5], "texture": "#2"},
				"south": {"uv": [7, 2.5, 7.5, 3], "texture": "#2"},
				"west": {"uv": [7, 3, 7.5, 3.5], "texture": "#2"},
				"up": {"uv": [7.5, 4, 7, 3.5], "texture": "#2"},
				"down": {"uv": [7.5, 4, 7, 4.5], "texture": "#2"}
			}
		},
		{
			"from": [7.71598, 12.1187, 14.2228],
			"to": [8.28148, 12.6842, 15.1653],
			"rotation": {"angle": -45, "axis": "x", "origin": [7.99873, 12.60566, 13.20175]},
			"faces": {
				"north": {"uv": [7, 4.5, 7.5, 5], "texture": "#2"},
				"east": {"uv": [7, 5, 7.5, 5.5], "texture": "#2"},
				"south": {"uv": [7, 5.5, 7.5, 6], "texture": "#2"},
				"west": {"uv": [7, 6, 7.5, 6.5], "texture": "#2"},
				"up": {"uv": [7.5, 7, 7, 6.5], "texture": "#2"},
				"down": {"uv": [0.5, 7.5, 0, 8], "texture": "#2"}
			}
		},
		{
			"from": [4.31573, 7.1957, 9.17207],
			"to": [7.23748, 8.60945, 10.58582],
			"rotation": {"angle": 45, "axis": "y", "origin": [3.84448, 8.1382, 9.64332]},
			"faces": {
				"north": {"uv": [7.5, 1.5, 8, 2], "texture": "#2"},
				"east": {"uv": [7.5, 2, 8, 2.5], "texture": "#2"},
				"south": {"uv": [7.5, 2.5, 8, 3], "texture": "#2"},
				"west": {"uv": [7.5, 3, 8, 3.5], "texture": "#2"},
				"up": {"uv": [8, 4, 7.5, 3.5], "texture": "#2"},
				"down": {"uv": [8, 4, 7.5, 4.5], "texture": "#2"}
			}
		},
		{
			"from": [2.90198, 7.66695, 9.17207],
			"to": [4.31573, 8.60945, 10.11457],
			"rotation": {"angle": 45, "axis": "y", "origin": [3.84448, 8.1382, 9.64332]},
			"faces": {
				"north": {"uv": [7.5, 4.5, 8, 5], "texture": "#2"},
				"east": {"uv": [7.5, 5, 8, 5.5], "texture": "#2"},
				"south": {"uv": [7.5, 5.5, 8, 6], "texture": "#2"},
				"west": {"uv": [7.5, 6, 8, 6.5], "texture": "#2"},
				"up": {"uv": [8, 7, 7.5, 6.5], "texture": "#2"},
				"down": {"uv": [8, 7, 7.5, 7.5], "texture": "#2"}
			}
		},
		{
			"from": [1.95948, 8.1382, 9.17207],
			"to": [2.90198, 8.60945, 9.64332],
			"rotation": {"angle": 45, "axis": "y", "origin": [3.84448, 8.1382, 9.64332]},
			"faces": {
				"north": {"uv": [0, 8, 0.5, 8.5], "texture": "#2"},
				"east": {"uv": [0.5, 8, 1, 8.5], "texture": "#2"},
				"south": {"uv": [1, 8, 1.5, 8.5], "texture": "#2"},
				"west": {"uv": [1.5, 8, 2, 8.5], "texture": "#2"},
				"up": {"uv": [2.5, 8.5, 2, 8], "texture": "#2"},
				"down": {"uv": [3, 8, 2.5, 8.5], "texture": "#2"}
			}
		},
		{
			"from": [4.13494, 8.3267, 6.2758],
			"to": [5.54869, 9.74045, 7.68955],
			"rotation": {"angle": 45, "axis": "y", "origin": [5.54869, 7.66695, 5.3333]},
			"faces": {
				"north": {"uv": [3, 8, 3.5, 8.5], "texture": "#2"},
				"east": {"uv": [3.5, 8, 4, 8.5], "texture": "#2"},
				"south": {"uv": [4, 8, 4.5, 8.5], "texture": "#2"},
				"west": {"uv": [4.5, 8, 5, 8.5], "texture": "#2"},
				"up": {"uv": [5.5, 8.5, 5, 8], "texture": "#2"},
				"down": {"uv": [6, 8, 5.5, 8.5], "texture": "#2"}
			}
		},
		{
			"from": [2.72119, 8.79795, 6.2758],
			"to": [4.13494, 9.74045, 7.2183],
			"rotation": {"angle": 45, "axis": "y", "origin": [5.54869, 7.66695, 5.3333]},
			"faces": {
				"north": {"uv": [6, 8, 6.5, 8.5], "texture": "#2"},
				"east": {"uv": [6.5, 8, 7, 8.5], "texture": "#2"},
				"south": {"uv": [7, 8, 7.5, 8.5], "texture": "#2"},
				"west": {"uv": [7.5, 8, 8, 8.5], "texture": "#2"},
				"up": {"uv": [8.5, 8.5, 8, 8], "texture": "#2"},
				"down": {"uv": [8.5, 0, 8, 0.5], "texture": "#2"}
			}
		},
		{
			"from": [1.77869, 9.2692, 6.2758],
			"to": [2.72119, 9.74045, 6.74705],
			"rotation": {"angle": 45, "axis": "y", "origin": [5.54869, 7.66695, 5.3333]},
			"faces": {
				"north": {"uv": [8, 0.5, 8.5, 1], "texture": "#2"},
				"east": {"uv": [8, 1, 8.5, 1.5], "texture": "#2"},
				"south": {"uv": [8, 1.5, 8.5, 2], "texture": "#2"},
				"west": {"uv": [8, 2, 8.5, 2.5], "texture": "#2"},
				"up": {"uv": [8.5, 3, 8, 2.5], "texture": "#2"},
				"down": {"uv": [8.5, 3, 8, 3.5], "texture": "#2"}
			}
		},
		{
			"from": [2.24994, 8.3267, 8.1608],
			"to": [3.66369, 9.74045, 9.57455],
			"rotation": {"angle": 45, "axis": "y", "origin": [5.54869, 7.66695, 5.3333]},
			"faces": {
				"north": {"uv": [8, 3.5, 8.5, 4], "texture": "#2"},
				"east": {"uv": [8, 4, 8.5, 4.5], "texture": "#2"},
				"south": {"uv": [8, 4.5, 8.5, 5], "texture": "#2"},
				"west": {"uv": [8, 5, 8.5, 5.5], "texture": "#2"},
				"up": {"uv": [8.5, 6, 8, 5.5], "texture": "#2"},
				"down": {"uv": [8.5, 6, 8, 6.5], "texture": "#2"}
			}
		},
		{
			"from": [0.83619, 8.79795, 8.1608],
			"to": [2.24994, 9.74045, 9.1033],
			"rotation": {"angle": 45, "axis": "y", "origin": [5.54869, 7.66695, 5.3333]},
			"faces": {
				"north": {"uv": [8, 6.5, 8.5, 7], "texture": "#2"},
				"east": {"uv": [8, 7, 8.5, 7.5], "texture": "#2"},
				"south": {"uv": [8, 7.5, 8.5, 8], "texture": "#2"},
				"west": {"uv": [0, 8.5, 0.5, 9], "texture": "#2"},
				"up": {"uv": [1, 9, 0.5, 8.5], "texture": "#2"},
				"down": {"uv": [1.5, 8.5, 1, 9], "texture": "#2"}
			}
		},
		{
			"from": [-0.10631, 9.2692, 8.1608],
			"to": [0.83619, 9.74045, 8.63205],
			"rotation": {"angle": 45, "axis": "y", "origin": [5.54869, 7.66695, 5.3333]},
			"faces": {
				"north": {"uv": [1.5, 8.5, 2, 9], "texture": "#2"},
				"east": {"uv": [2, 8.5, 2.5, 9], "texture": "#2"},
				"south": {"uv": [2.5, 8.5, 3, 9], "texture": "#2"},
				"west": {"uv": [3, 8.5, 3.5, 9], "texture": "#2"},
				"up": {"uv": [4, 9, 3.5, 8.5], "texture": "#2"},
				"down": {"uv": [4.5, 8.5, 4, 9], "texture": "#2"}
			}
		},
		{
			"from": [4.4176, 5.08686, 9.66234],
			"to": [7.15085, 6.31211, 11.07609],
			"rotation": {"angle": 45, "axis": "z", "origin": [4.00918, 5.87227, 10.13359]},
			"faces": {
				"north": {"uv": [7.5, 1.5, 8, 2], "texture": "#2"},
				"east": {"uv": [7.5, 2, 8, 2.5], "texture": "#2"},
				"south": {"uv": [7.5, 2.5, 8, 3], "texture": "#2"},
				"west": {"uv": [7.5, 3, 8, 3.5], "texture": "#2"},
				"up": {"uv": [8, 4, 7.5, 3.5], "texture": "#2"},
				"down": {"uv": [8, 4, 7.5, 4.5], "texture": "#2"}
			}
		},
		{
			"from": [3.38085, 5.36961, 9.66234],
			"to": [4.4176, 6.31211, 10.60484],
			"rotation": {"angle": 45, "axis": "z", "origin": [4.00918, 5.87227, 10.13359]},
			"faces": {
				"north": {"uv": [7.5, 4.5, 8, 5], "texture": "#2"},
				"east": {"uv": [7.5, 5, 8, 5.5], "texture": "#2"},
				"south": {"uv": [7.5, 5.5, 8, 6], "texture": "#2"},
				"west": {"uv": [7.5, 6, 8, 6.5], "texture": "#2"},
				"up": {"uv": [8, 7, 7.5, 6.5], "texture": "#2"},
				"down": {"uv": [8, 7, 7.5, 7.5], "texture": "#2"}
			}
		},
		{
			"from": [2.43835, 5.84086, 9.66234],
			"to": [3.38085, 6.31211, 10.13359],
			"rotation": {"angle": 45, "axis": "z", "origin": [4.00918, 5.87227, 10.13359]},
			"faces": {
				"north": {"uv": [0, 8, 0.5, 8.5], "texture": "#2"},
				"east": {"uv": [0.5, 8, 1, 8.5], "texture": "#2"},
				"south": {"uv": [1, 8, 1.5, 8.5], "texture": "#2"},
				"west": {"uv": [1.5, 8, 2, 8.5], "texture": "#2"},
				"up": {"uv": [2.5, 8.5, 2, 8], "texture": "#2"},
				"down": {"uv": [3, 8, 2.5, 8.5], "texture": "#2"}
			}
		},
		{
			"from": [8.75998, 7.1957, 9.17207],
			"to": [11.68173, 8.60945, 10.58582],
			"rotation": {"angle": -45, "axis": "y", "origin": [12.15298, 8.1382, 9.64332]},
			"faces": {
				"north": {"uv": [8, 1.5, 7.5, 2], "texture": "#2"},
				"east": {"uv": [8, 3, 7.5, 3.5], "texture": "#2"},
				"south": {"uv": [8, 2.5, 7.5, 3], "texture": "#2"},
				"west": {"uv": [8, 2, 7.5, 2.5], "texture": "#2"},
				"up": {"uv": [7.5, 4, 8, 3.5], "texture": "#2"},
				"down": {"uv": [7.5, 4, 8, 4.5], "texture": "#2"}
			}
		},
		{
			"from": [11.68173, 7.66695, 9.17207],
			"to": [13.09548, 8.60945, 10.11457],
			"rotation": {"angle": -45, "axis": "y", "origin": [12.15298, 8.1382, 9.64332]},
			"faces": {
				"north": {"uv": [8, 4.5, 7.5, 5], "texture": "#2"},
				"east": {"uv": [8, 6, 7.5, 6.5], "texture": "#2"},
				"south": {"uv": [8, 5.5, 7.5, 6], "texture": "#2"},
				"west": {"uv": [8, 5, 7.5, 5.5], "texture": "#2"},
				"up": {"uv": [7.5, 7, 8, 6.5], "texture": "#2"},
				"down": {"uv": [7.5, 7, 8, 7.5], "texture": "#2"}
			}
		},
		{
			"from": [13.09548, 8.1382, 9.17207],
			"to": [14.03798, 8.60945, 9.64332],
			"rotation": {"angle": -45, "axis": "y", "origin": [12.15298, 8.1382, 9.64332]},
			"faces": {
				"north": {"uv": [0.5, 8, 0, 8.5], "texture": "#2"},
				"east": {"uv": [2, 8, 1.5, 8.5], "texture": "#2"},
				"south": {"uv": [1.5, 8, 1, 8.5], "texture": "#2"},
				"west": {"uv": [1, 8, 0.5, 8.5], "texture": "#2"},
				"up": {"uv": [2, 8.5, 2.5, 8], "texture": "#2"},
				"down": {"uv": [2.5, 8, 3, 8.5], "texture": "#2"}
			}
		},
		{
			"from": [10.44876, 8.3267, 6.2758],
			"to": [11.86251, 9.74045, 7.68955],
			"rotation": {"angle": -45, "axis": "y", "origin": [10.44876, 7.66695, 5.3333]},
			"faces": {
				"north": {"uv": [1.5, 9.5, 2, 10], "texture": "#2"},
				"east": {"uv": [2, 9.5, 2.5, 10], "texture": "#2"},
				"south": {"uv": [2.5, 9.5, 3, 10], "texture": "#2"},
				"west": {"uv": [3, 9.5, 3.5, 10], "texture": "#2"},
				"up": {"uv": [4, 10, 3.5, 9.5], "texture": "#2"},
				"down": {"uv": [4.5, 9.5, 4, 10], "texture": "#2"}
			}
		},
		{
			"from": [11.86251, 8.79795, 6.2758],
			"to": [13.27626, 9.74045, 7.2183],
			"rotation": {"angle": -45, "axis": "y", "origin": [10.44876, 7.66695, 5.3333]},
			"faces": {
				"north": {"uv": [4.5, 9.5, 5, 10], "texture": "#2"},
				"east": {"uv": [5, 9.5, 5.5, 10], "texture": "#2"},
				"south": {"uv": [5.5, 9.5, 6, 10], "texture": "#2"},
				"west": {"uv": [6, 9.5, 6.5, 10], "texture": "#2"},
				"up": {"uv": [7, 10, 6.5, 9.5], "texture": "#2"},
				"down": {"uv": [7.5, 9.5, 7, 10], "texture": "#2"}
			}
		},
		{
			"from": [13.27626, 9.2692, 6.2758],
			"to": [14.21876, 9.74045, 6.74705],
			"rotation": {"angle": -45, "axis": "y", "origin": [10.44876, 7.66695, 5.3333]},
			"faces": {
				"north": {"uv": [7.5, 9.5, 8, 10], "texture": "#2"},
				"east": {"uv": [8, 9.5, 8.5, 10], "texture": "#2"},
				"south": {"uv": [8.5, 9.5, 9, 10], "texture": "#2"},
				"west": {"uv": [9, 9.5, 9.5, 10], "texture": "#2"},
				"up": {"uv": [10, 10, 9.5, 9.5], "texture": "#2"},
				"down": {"uv": [10, 0, 9.5, 0.5], "texture": "#2"}
			}
		},
		{
			"from": [12.33376, 8.3267, 8.1608],
			"to": [13.74751, 9.74045, 9.57455],
			"rotation": {"angle": -45, "axis": "y", "origin": [10.44876, 7.66695, 5.3333]},
			"faces": {
				"north": {"uv": [9.5, 0.5, 10, 1], "texture": "#2"},
				"east": {"uv": [9.5, 1, 10, 1.5], "texture": "#2"},
				"south": {"uv": [9.5, 1.5, 10, 2], "texture": "#2"},
				"west": {"uv": [9.5, 2, 10, 2.5], "texture": "#2"},
				"up": {"uv": [10, 3, 9.5, 2.5], "texture": "#2"},
				"down": {"uv": [10, 3, 9.5, 3.5], "texture": "#2"}
			}
		},
		{
			"from": [13.74751, 8.79795, 8.1608],
			"to": [15.16126, 9.74045, 9.1033],
			"rotation": {"angle": -45, "axis": "y", "origin": [10.44876, 7.66695, 5.3333]},
			"faces": {
				"north": {"uv": [9.5, 3.5, 10, 4], "texture": "#2"},
				"east": {"uv": [9.5, 4, 10, 4.5], "texture": "#2"},
				"south": {"uv": [9.5, 4.5, 10, 5], "texture": "#2"},
				"west": {"uv": [9.5, 5, 10, 5.5], "texture": "#2"},
				"up": {"uv": [10, 6, 9.5, 5.5], "texture": "#2"},
				"down": {"uv": [10, 6, 9.5, 6.5], "texture": "#2"}
			}
		},
		{
			"from": [15.16126, 9.2692, 8.1608],
			"to": [16.10376, 9.74045, 8.63205],
			"rotation": {"angle": -45, "axis": "y", "origin": [10.44876, 7.66695, 5.3333]},
			"faces": {
				"north": {"uv": [9.5, 6.5, 10, 7], "texture": "#2"},
				"east": {"uv": [9.5, 7, 10, 7.5], "texture": "#2"},
				"south": {"uv": [9.5, 7.5, 10, 8], "texture": "#2"},
				"west": {"uv": [9.5, 8, 10, 8.5], "texture": "#2"},
				"up": {"uv": [10, 9, 9.5, 8.5], "texture": "#2"},
				"down": {"uv": [10, 9, 9.5, 9.5], "texture": "#2"}
			}
		},
		{
			"from": [8.8466, 5.08686, 9.66234],
			"to": [11.57985, 6.31211, 11.07609],
			"rotation": {"angle": -45, "axis": "z", "origin": [11.98827, 5.87227, 10.13359]},
			"faces": {
				"north": {"uv": [8, 1.5, 7.5, 2], "texture": "#2"},
				"east": {"uv": [8, 3, 7.5, 3.5], "texture": "#2"},
				"south": {"uv": [8, 2.5, 7.5, 3], "texture": "#2"},
				"west": {"uv": [8, 2, 7.5, 2.5], "texture": "#2"},
				"up": {"uv": [7.5, 4, 8, 3.5], "texture": "#2"},
				"down": {"uv": [7.5, 4, 8, 4.5], "texture": "#2"}
			}
		},
		{
			"from": [11.57985, 5.36961, 9.66234],
			"to": [12.6166, 6.31211, 10.60484],
			"rotation": {"angle": -45, "axis": "z", "origin": [11.98827, 5.87227, 10.13359]},
			"faces": {
				"north": {"uv": [8, 4.5, 7.5, 5], "texture": "#2"},
				"east": {"uv": [8, 6, 7.5, 6.5], "texture": "#2"},
				"south": {"uv": [8, 5.5, 7.5, 6], "texture": "#2"},
				"west": {"uv": [8, 5, 7.5, 5.5], "texture": "#2"},
				"up": {"uv": [7.5, 7, 8, 6.5], "texture": "#2"},
				"down": {"uv": [7.5, 7, 8, 7.5], "texture": "#2"}
			}
		},
		{
			"from": [12.6166, 5.84086, 9.66234],
			"to": [13.5591, 6.31211, 10.13359],
			"rotation": {"angle": -45, "axis": "z", "origin": [11.98827, 5.87227, 10.13359]},
			"faces": {
				"north": {"uv": [0.5, 8, 0, 8.5], "texture": "#2"},
				"east": {"uv": [2, 8, 1.5, 8.5], "texture": "#2"},
				"south": {"uv": [1.5, 8, 1, 8.5], "texture": "#2"},
				"west": {"uv": [1, 8, 0.5, 8.5], "texture": "#2"},
				"up": {"uv": [2, 8.5, 2.5, 8], "texture": "#2"},
				"down": {"uv": [2.5, 8, 3, 8.5], "texture": "#2"}
			}
		},
		{
			"from": [6.20798, 8.3267, 4.52604],
			"to": [9.78948, 8.65657, 5.93979],
			"rotation": {"angle": -22.5, "axis": "x", "origin": [7.99873, 8.46807, 5.23291]},
			"faces": {
				"north": {"uv": [0.25, 3.5, 0.5, 4], "texture": "#2"},
				"east": {"uv": [0.25, 3.5, 0.5, 4], "texture": "#2"},
				"south": {"uv": [0.25, 3.5, 0.5, 4], "texture": "#2"},
				"west": {"uv": [0.25, 3.5, 0.5, 4], "texture": "#2"},
				"up": {"uv": [0.25, 3.5, 0.5, 4], "texture": "#2"},
				"down": {"uv": [0.25, 3.5, 0.5, 4], "texture": "#2"}
			}
		},
		{
			"from": [6.2551, 7.9497, 4.90304],
			"to": [9.74235, 8.5152, 6.03404],
			"rotation": {"angle": 0, "axis": "y", "origin": [10.82623, 10.7772, 12.16029]},
			"faces": {
				"north": {"uv": [11, 4.25, 11.25, 4.5], "texture": "#2"},
				"east": {"uv": [10.75, 4.25, 11.25, 4.5], "texture": "#2"},
				"south": {"uv": [10.5, 3.75, 10.75, 4.25], "texture": "#2"},
				"west": {"uv": [10.75, 4.25, 11.25, 4.5], "rotation": 180, "texture": "#2"},
				"up": {"uv": [10.5, 3.5, 10.75, 4], "texture": "#2"},
				"down": {"uv": [10.75, 4.25, 11.25, 4.5], "rotation": 180, "texture": "#2"}
			}
		},
		{
			"from": [6.67923, 6.34745, 4.66741],
			"to": [9.31823, 6.6302, 8.57879],
			"rotation": {"angle": 0, "axis": "y", "origin": [10.82623, 9.17495, 10.93504]},
			"faces": {
				"east": {"uv": [0, 11.75, 3.25, 12], "texture": "#2"},
				"west": {"uv": [0, 11.75, 3.25, 12], "texture": "#2"}
			}
		},
		{
			"from": [9.31823, 6.34745, 4.66741],
			"to": [6.67923, 6.6302, 8.57879],
			"rotation": {"angle": 0, "axis": "y", "origin": [13.46523, 9.17495, 10.93504]},
			"faces": {
				"east": {"uv": [0, 11.75, 3.25, 12], "texture": "#2"},
				"west": {"uv": [0, 11.75, 3.25, 12], "texture": "#2"}
			}
		},
		{
			"from": [6.86773, 6.34745, 2.92379],
			"to": [9.12973, 6.6302, 4.33754],
			"rotation": {"angle": 0, "axis": "y", "origin": [10.82623, 9.17495, 6.69379]},
			"faces": {
				"north": {"uv": [0.25, 11.75, 2.5, 12], "texture": "#2"},
				"east": {"uv": [0, 11.75, 1.25, 12], "texture": "#2"},
				"west": {"uv": [0, 11.75, 1.25, 12], "texture": "#2"}
			}
		},
		{
			"from": [9.12973, 6.34745, 2.92379],
			"to": [6.86773, 6.6302, 4.33754],
			"rotation": {"angle": 0, "axis": "y", "origin": [13.08823, 9.17495, 6.69379]},
			"faces": {
				"north": {"uv": [0.25, 11.75, 2.5, 12], "texture": "#2"},
				"east": {"uv": [0, 11.75, 1.25, 12], "texture": "#2"},
				"west": {"uv": [0, 11.75, 1.25, 12], "texture": "#2"}
			}
		}
	],
	"display": {
		"head": {
			"translation": [0, -8.75, -5.25],
			"scale": [4, 4, 4]
		}
	},
	"groups": [
		{
			"name": "root",
			"origin": [8, 8, 8],
			"children": [
				{
					"name": "head",
					"origin": [8, 8, 8],
					"children": [
						{
							"name": "upper",
							"origin": [8, 8, 8],
							"children": [0, 1, 2, 3, 4, 5, 6, 7,
								{
									"name": "horn_center",
									"origin": [8, 8, 8],
									"children": [
										{
											"name": "group",
											"origin": [8, 8, 8],
											"children": [8, 9, 10, 11]
										},
										{
											"name": "group",
											"origin": [8, 8, 8],
											"children": [12, 13, 14]
										},
										{
											"name": "group",
											"origin": [8, 8, 8],
											"children": [15, 16, 17]
										},
										{
											"name": "group",
											"origin": [8, 8, 8],
											"children": [18, 19, 20]
										}
									]
								},
								{
									"name": "horn_l",
									"origin": [8, 8, 8],
									"children": [
										{
											"name": "group",
											"origin": [9.5, 10.5, -1.5],
											"children": [21, 22, 23]
										},
										{
											"name": "group",
											"origin": [9.5, 10.5, -1.5],
											"children": [24, 25, 26]
										},
										{
											"name": "group",
											"origin": [9.5, 10.5, -1.5],
											"children": [27, 28, 29]
										},
										{
											"name": "group",
											"origin": [9.5, 10.5, -1.5],
											"children": [30, 31, 32]
										}
									]
								},
								{
									"name": "horn_r",
									"origin": [8, 8, 8],
									"children": [
										{
											"name": "group",
											"origin": [9.5, 10.5, -1.5],
											"children": [33, 34, 35]
										},
										{
											"name": "group",
											"origin": [9.5, 10.5, -1.5],
											"children": [36, 37, 38]
										},
										{
											"name": "group",
											"origin": [9.5, 10.5, -1.5],
											"children": [39, 40, 41]
										},
										{
											"name": "group",
											"origin": [9.5, 10.5, -1.5],
											"children": [42, 43, 44]
										}
									]
								}, 45, 46,
								{
									"name": "tooth",
									"origin": [9.5, 9.1, -12.25],
									"children": [47, 48, 49, 50]
								}
							]
						}
					]
				}
			]
		}
	]
}