{
	"credit": "Made with Blockbench",
	"texture_size": [32, 32],
	"textures": {
		"2": "reia/head"
	},
	"elements": [
		{
			"from": [6.22094, 8.48639, 5.01689],
			"to": [9.77906, 9.17065, 10.10639],
			"rotation": {"angle": 0, "axis": "y", "origin": [12.10553, 9.17065, 1.62389]},
			"faces": {
				"north": {"uv": [2, 9.75, 3, 10.5], "texture": "#2"},
				"east": {"uv": [2, 9.75, 3, 10.5], "texture": "#2"},
				"south": {"uv": [2, 9.75, 3, 10.5], "texture": "#2"},
				"west": {"uv": [2, 9.75, 3, 10.5], "texture": "#2"},
				"up": {"uv": [2, 7.75, 3, 9.25], "rotation": 90, "texture": "#2"},
				"down": {"uv": [2, 9.75, 3, 10.5], "texture": "#2"}
			}
		},
		{
			"from": [5.53668, 5.06512, 5.01689],
			"to": [10.46332, 8.48639, 10.10639],
			"rotation": {"angle": 0, "axis": "y", "origin": [12.10553, 9.17065, 1.62389]},
			"faces": {
				"north": {"uv": [2, 9.75, 3, 10.5], "texture": "#2"},
				"east": {"uv": [2, 9.75, 3, 10.5], "texture": "#2"},
				"south": {"uv": [2, 9.75, 3, 10.5], "texture": "#2"},
				"west": {"uv": [2, 9.75, 3, 10.5], "texture": "#2"},
				"up": {"uv": [0.75, 7, 1, 7.5], "texture": "#2"},
				"down": {"uv": [2, 9.75, 3, 10.5], "texture": "#2"}
			}
		},
		{
			"from": [6.22094, 3.69661, 5.01689],
			"to": [9.77906, 5.06512, 10.10639],
			"rotation": {"angle": 0, "axis": "y", "origin": [12.10553, 9.17065, 1.62389]},
			"faces": {
				"north": {"uv": [0, 2.75, 1.5, 3], "texture": "#2"},
				"east": {"uv": [0.25, 2.5, 1, 3], "texture": "#2"},
				"south": {"uv": [0, 1.5, 1.5, 3], "texture": "#2"},
				"west": {"uv": [0.25, 2.5, 1.25, 3], "texture": "#2"},
				"up": {"uv": [0, 1.5, 1.5, 3], "texture": "#2"},
				"down": {"uv": [0, 1.5, 1.5, 3], "rotation": 180, "texture": "#2"}
			}
		},
		{
			"from": [6.90519, 8.82852, 5.92169],
			"to": [9.09481, 10.76724, 7.61819],
			"rotation": {"angle": -45, "axis": "x", "origin": [8, 9.39873, 7.27889]},
			"faces": {
				"north": {"uv": [1.25, 3.5, 1.5, 4.25], "texture": "#2"},
				"east": {"uv": [1.25, 3.5, 1.5, 4.25], "texture": "#2"},
				"south": {"uv": [1.25, 3.5, 1.5, 4.25], "texture": "#2"},
				"west": {"uv": [1.25, 3.5, 1.5, 4.25], "texture": "#2"},
				"up": {"uv": [1.25, 3.5, 1.5, 4.25], "texture": "#2"},
				"down": {"uv": [1.25, 3.5, 1.5, 4.25], "texture": "#2"}
			}
		},
		{
			"from": [7.58945, 7.34597, 8.27794],
			"to": [8.41055, 8.03022, 9.97444],
			"rotation": {"angle": -45, "axis": "x", "origin": [8, 9.39873, 7.09039]},
			"faces": {
				"north": {"uv": [1.25, 3.5, 1.5, 4.25], "texture": "#2"},
				"east": {"uv": [1.25, 3.5, 1.5, 4.25], "texture": "#2"},
				"south": {"uv": [1.25, 3.5, 1.5, 4.25], "texture": "#2"},
				"west": {"uv": [1.25, 3.5, 1.5, 4.25], "texture": "#2"},
				"up": {"uv": [1.25, 3.5, 1.5, 4.25], "texture": "#2"},
				"down": {"uv": [1.25, 3.5, 1.5, 4.25], "texture": "#2"}
			}
		},
		{
			"from": [6.90519, 6.66171, 7.42969],
			"to": [9.09481, 8.71448, 9.12619],
			"rotation": {"angle": -45, "axis": "x", "origin": [8, 9.39873, 7.09039]},
			"faces": {
				"north": {"uv": [1.25, 3.5, 1.5, 4.25], "texture": "#2"},
				"east": {"uv": [1.25, 3.5, 1.5, 4.25], "texture": "#2"},
				"south": {"uv": [1.25, 3.5, 1.5, 4.25], "texture": "#2"},
				"west": {"uv": [1.25, 3.5, 1.5, 4.25], "texture": "#2"},
				"up": {"uv": [1.25, 3.5, 1.5, 4.25], "texture": "#2"},
				"down": {"uv": [1.25, 3.5, 1.5, 4.25], "texture": "#2"}
			}
		},
		{
			"from": [7.58945, 9.39873, 6.76994],
			"to": [8.41055, 10.08299, 8.46644],
			"rotation": {"angle": -45, "axis": "x", "origin": [8, 9.39873, 7.27889]},
			"faces": {
				"north": {"uv": [1.25, 3.5, 1.5, 4.25], "texture": "#2"},
				"east": {"uv": [1.25, 3.5, 1.5, 4.25], "texture": "#2"},
				"south": {"uv": [1.25, 3.5, 1.5, 4.25], "texture": "#2"},
				"west": {"uv": [1.25, 3.5, 1.5, 4.25], "texture": "#2"},
				"up": {"uv": [1.25, 3.5, 1.5, 4.25], "texture": "#2"},
				"down": {"uv": [1.25, 3.5, 1.5, 4.25], "texture": "#2"}
			}
		},
		{
			"from": [9.41158, 7.80214, 5.27875],
			"to": [10.91694, 8.94256, 7.0695],
			"rotation": {"angle": 22.5, "axis": "y", "origin": [10.2783, 8.60044, 6.64537]},
			"faces": {
				"north": {"uv": [2.25, 9, 3.25, 9.75], "texture": "#2"},
				"east": {"uv": [2.25, 9, 3.25, 9.75], "texture": "#2"},
				"south": {"uv": [2.25, 9, 3.25, 9.75], "texture": "#2"},
				"west": {"uv": [2.25, 9, 3.25, 9.75], "texture": "#2"},
				"up": {"uv": [2.25, 9, 3.25, 9.75], "texture": "#2"},
				"down": {"uv": [2.25, 9, 3.25, 9.75], "texture": "#2"}
			}
		},
		{
			"from": [5.08306, 7.80214, 5.27875],
			"to": [6.58842, 8.94256, 7.0695],
			"rotation": {"angle": -22.5, "axis": "y", "origin": [5.7217, 8.60044, 6.64537]},
			"faces": {
				"north": {"uv": [3.25, 9, 2.25, 9.75], "texture": "#2"},
				"east": {"uv": [3.25, 9, 2.25, 9.75], "texture": "#2"},
				"south": {"uv": [3.25, 9, 2.25, 9.75], "texture": "#2"},
				"west": {"uv": [3.25, 9, 2.25, 9.75], "texture": "#2"},
				"up": {"uv": [3.25, 9, 2.25, 9.75], "texture": "#2"},
				"down": {"uv": [3.25, 9, 2.25, 9.75], "texture": "#2"}
			}
		},
		{
			"from": [9.41158, 7.80214, 7.91775],
			"to": [10.91694, 8.94256, 9.7085],
			"rotation": {"angle": 22.5, "axis": "y", "origin": [10.2783, 8.60044, 9.28437]},
			"faces": {
				"north": {"uv": [2.25, 9, 3.25, 9.75], "texture": "#2"},
				"east": {"uv": [2.25, 9, 3.25, 9.75], "texture": "#2"},
				"south": {"uv": [2.25, 9, 3.25, 9.75], "texture": "#2"},
				"west": {"uv": [2.25, 9, 3.25, 9.75], "texture": "#2"},
				"up": {"uv": [2.25, 9, 3.25, 9.75], "texture": "#2"},
				"down": {"uv": [2.25, 9, 3.25, 9.75], "texture": "#2"}
			}
		},
		{
			"from": [5.08306, 7.80214, 7.91775],
			"to": [6.58842, 8.94256, 9.7085],
			"rotation": {"angle": -22.5, "axis": "y", "origin": [5.7217, 8.60044, 9.28437]},
			"faces": {
				"north": {"uv": [3.25, 9, 2.25, 9.75], "texture": "#2"},
				"east": {"uv": [3.25, 9, 2.25, 9.75], "texture": "#2"},
				"south": {"uv": [3.25, 9, 2.25, 9.75], "texture": "#2"},
				"west": {"uv": [3.25, 9, 2.25, 9.75], "texture": "#2"},
				"up": {"uv": [3.25, 9, 2.25, 9.75], "texture": "#2"},
				"down": {"uv": [3.25, 9, 2.25, 9.75], "texture": "#2"}
			}
		},
		{
			"from": [10.09583, 7.9732, 6.97525],
			"to": [10.85992, 8.7715, 8.012],
			"rotation": {"angle": 22.5, "axis": "y", "origin": [10.2783, 8.60044, 6.64537]},
			"faces": {
				"north": {"uv": [8.25, 9, 9.25, 9.75], "texture": "#2"},
				"east": {"uv": [8.25, 9, 9.25, 9.75], "texture": "#2"},
				"south": {"uv": [8.25, 9, 9.25, 9.75], "texture": "#2"},
				"west": {"uv": [8.25, 9, 9.25, 9.75], "texture": "#2"},
				"up": {"uv": [8.25, 9, 9.25, 9.75], "texture": "#2"},
				"down": {"uv": [8.25, 9, 9.25, 9.75], "texture": "#2"}
			}
		},
		{
			"from": [5.14008, 7.9732, 6.97525],
			"to": [5.90417, 8.7715, 8.012],
			"rotation": {"angle": -22.5, "axis": "y", "origin": [5.7217, 8.60044, 6.64537]},
			"faces": {
				"north": {"uv": [8.25, 9, 9.25, 9.75], "texture": "#2"},
				"east": {"uv": [8.25, 9, 9.25, 9.75], "texture": "#2"},
				"south": {"uv": [8.25, 9, 9.25, 9.75], "texture": "#2"},
				"west": {"uv": [8.25, 9, 9.25, 9.75], "texture": "#2"},
				"up": {"uv": [8.25, 9, 9.25, 9.75], "texture": "#2"},
				"down": {"uv": [8.25, 9, 9.25, 9.75], "texture": "#2"}
			}
		},
		{
			"from": [10.09583, 7.9732, 9.61425],
			"to": [10.85992, 8.7715, 10.651],
			"rotation": {"angle": 22.5, "axis": "y", "origin": [10.2783, 8.60044, 9.28437]},
			"faces": {
				"north": {"uv": [8.25, 9, 9.25, 9.75], "texture": "#2"},
				"east": {"uv": [8.25, 9, 9.25, 9.75], "texture": "#2"},
				"south": {"uv": [8.25, 9, 9.25, 9.75], "texture": "#2"},
				"west": {"uv": [8.25, 9, 9.25, 9.75], "texture": "#2"},
				"up": {"uv": [8.25, 9, 9.25, 9.75], "texture": "#2"},
				"down": {"uv": [8.25, 9, 9.25, 9.75], "texture": "#2"}
			}
		},
		{
			"from": [5.14008, 7.9732, 9.61425],
			"to": [5.90417, 8.7715, 10.651],
			"rotation": {"angle": -22.5, "axis": "y", "origin": [5.7217, 8.60044, 9.28437]},
			"faces": {
				"north": {"uv": [8.25, 9, 9.25, 9.75], "texture": "#2"},
				"east": {"uv": [8.25, 9, 9.25, 9.75], "texture": "#2"},
				"south": {"uv": [8.25, 9, 9.25, 9.75], "texture": "#2"},
				"west": {"uv": [8.25, 9, 9.25, 9.75], "texture": "#2"},
				"up": {"uv": [8.25, 9, 9.25, 9.75], "texture": "#2"},
				"down": {"uv": [8.25, 9, 9.25, 9.75], "texture": "#2"}
			}
		}
	],
	"display": {
		"head": {
			"translation": [0, -1.5, -3.5],
			"scale": [4, 4, 4]
		}
	},
	"groups": [
		{
			"name": "root",
			"origin": [8, 8, 8],
			"children": [
				{
					"name": "neck",
					"origin": [8, 8, 8],
					"children": [
						{
							"name": "2",
							"origin": [9.5, 10.5, -1.5],
							"children": [0, 1, 2,
								{
									"name": "group",
									"origin": [8.5, 9.08615, -6.93345],
									"children": [3, 4, 5, 6]
								},
								{
									"name": "group",
									"origin": [8.99888, 9.03615, -8.66953],
									"children": [7, 8, 9, 10, 11, 12, 13, 14]
								}
							]
						}
					]
				}
			]
		}
	]
}