{
	"credit": "Made with Blockbench",
	"texture_size": [32, 32],
	"textures": {
		"2": "reia/head"
	},
	"elements": [
		{
			"from": [6.38267, 8.28422, 5.02739],
			"to": [9.61733, 8.90627, 10.11689],
			"rotation": {"angle": 0, "axis": "y", "origin": [11.7323, 8.90627, 1.63439]},
			"faces": {
				"north": {"uv": [2, 9.75, 3, 10.5], "texture": "#2"},
				"east": {"uv": [2, 9.75, 3, 10.5], "texture": "#2"},
				"south": {"uv": [2, 9.75, 3, 10.5], "texture": "#2"},
				"west": {"uv": [2, 9.75, 3, 10.5], "texture": "#2"},
				"up": {"uv": [2, 7.75, 3, 9.25], "rotation": 90, "texture": "#2"},
				"down": {"uv": [2, 9.75, 3, 10.5], "texture": "#2"}
			}
		},
		{
			"from": [5.76062, 5.17397, 5.02739],
			"to": [10.23938, 8.28422, 10.11689],
			"rotation": {"angle": 0, "axis": "y", "origin": [11.7323, 8.90627, 1.63439]},
			"faces": {
				"north": {"uv": [2, 9.75, 3, 10.5], "texture": "#2"},
				"east": {"uv": [2, 9.75, 3, 10.5], "texture": "#2"},
				"south": {"uv": [2, 9.75, 3, 10.5], "texture": "#2"},
				"west": {"uv": [2, 9.75, 3, 10.5], "texture": "#2"},
				"up": {"uv": [0.75, 7, 1, 7.5], "texture": "#2"},
				"down": {"uv": [2, 9.75, 3, 10.5], "texture": "#2"}
			}
		},
		{
			"from": [6.38267, 3.92987, 5.02739],
			"to": [9.61733, 5.17397, 10.11689],
			"rotation": {"angle": 0, "axis": "y", "origin": [11.7323, 8.90627, 1.63439]},
			"faces": {
				"north": {"uv": [0, 2.75, 1.5, 3], "texture": "#2"},
				"east": {"uv": [0.25, 2.5, 1, 3], "texture": "#2"},
				"south": {"uv": [0, 1.5, 1.5, 3], "texture": "#2"},
				"west": {"uv": [0.25, 2.5, 1.25, 3], "texture": "#2"},
				"up": {"uv": [0, 1.5, 1.5, 3], "texture": "#2"},
				"down": {"uv": [0, 1.5, 1.5, 3], "rotation": 180, "texture": "#2"}
			}
		},
		{
			"from": [7.00472, 8.59524, 5.93219],
			"to": [8.99528, 10.35772, 7.62869],
			"rotation": {"angle": -45, "axis": "x", "origin": [8, 9.11362, 7.28939]},
			"faces": {
				"north": {"uv": [1.25, 3.5, 1.5, 4.25], "texture": "#2"},
				"east": {"uv": [1.25, 3.5, 1.5, 4.25], "texture": "#2"},
				"south": {"uv": [1.25, 3.5, 1.5, 4.25], "texture": "#2"},
				"west": {"uv": [1.25, 3.5, 1.5, 4.25], "texture": "#2"},
				"up": {"uv": [1.25, 3.5, 1.5, 4.25], "texture": "#2"},
				"down": {"uv": [1.25, 3.5, 1.5, 4.25], "texture": "#2"}
			}
		},
		{
			"from": [7.62677, 7.24747, 8.28844],
			"to": [8.37323, 7.86952, 9.98494],
			"rotation": {"angle": -45, "axis": "x", "origin": [8, 9.11362, 7.10089]},
			"faces": {
				"north": {"uv": [1.25, 3.5, 1.5, 4.25], "texture": "#2"},
				"east": {"uv": [1.25, 3.5, 1.5, 4.25], "texture": "#2"},
				"south": {"uv": [1.25, 3.5, 1.5, 4.25], "texture": "#2"},
				"west": {"uv": [1.25, 3.5, 1.5, 4.25], "texture": "#2"},
				"up": {"uv": [1.25, 3.5, 1.5, 4.25], "texture": "#2"},
				"down": {"uv": [1.25, 3.5, 1.5, 4.25], "texture": "#2"}
			}
		},
		{
			"from": [7.00472, 6.62542, 7.44019],
			"to": [8.99528, 8.49157, 9.13669],
			"rotation": {"angle": -45, "axis": "x", "origin": [8, 9.11362, 7.10089]},
			"faces": {
				"north": {"uv": [1.25, 3.5, 1.5, 4.25], "texture": "#2"},
				"east": {"uv": [1.25, 3.5, 1.5, 4.25], "texture": "#2"},
				"south": {"uv": [1.25, 3.5, 1.5, 4.25], "texture": "#2"},
				"west": {"uv": [1.25, 3.5, 1.5, 4.25], "texture": "#2"},
				"up": {"uv": [1.25, 3.5, 1.5, 4.25], "texture": "#2"},
				"down": {"uv": [1.25, 3.5, 1.5, 4.25], "texture": "#2"}
			}
		},
		{
			"from": [7.62677, 9.11362, 6.78044],
			"to": [8.37323, 9.73567, 8.47694],
			"rotation": {"angle": -45, "axis": "x", "origin": [8, 9.11362, 7.28939]},
			"faces": {
				"north": {"uv": [1.25, 3.5, 1.5, 4.25], "texture": "#2"},
				"east": {"uv": [1.25, 3.5, 1.5, 4.25], "texture": "#2"},
				"south": {"uv": [1.25, 3.5, 1.5, 4.25], "texture": "#2"},
				"west": {"uv": [1.25, 3.5, 1.5, 4.25], "texture": "#2"},
				"up": {"uv": [1.25, 3.5, 1.5, 4.25], "texture": "#2"},
				"down": {"uv": [1.25, 3.5, 1.5, 4.25], "texture": "#2"}
			}
		},
		{
			"from": [9.28325, 7.66217, 5.28925],
			"to": [10.65176, 8.69892, 7.08],
			"rotation": {"angle": 22.5, "axis": "y", "origin": [10.07118, 8.38789, 6.65587]},
			"faces": {
				"north": {"uv": [2.25, 9, 3.25, 9.75], "texture": "#2"},
				"east": {"uv": [2.25, 9, 3.25, 9.75], "texture": "#2"},
				"south": {"uv": [2.25, 9, 3.25, 9.75], "texture": "#2"},
				"west": {"uv": [2.25, 9, 3.25, 9.75], "texture": "#2"},
				"up": {"uv": [2.25, 9, 3.25, 9.75], "texture": "#2"},
				"down": {"uv": [2.25, 9, 3.25, 9.75], "texture": "#2"}
			}
		},
		{
			"from": [5.34824, 7.66217, 5.28925],
			"to": [6.71675, 8.69892, 7.08],
			"rotation": {"angle": -22.5, "axis": "y", "origin": [5.92882, 8.38789, 6.65587]},
			"faces": {
				"north": {"uv": [3.25, 9, 2.25, 9.75], "texture": "#2"},
				"east": {"uv": [3.25, 9, 2.25, 9.75], "texture": "#2"},
				"south": {"uv": [3.25, 9, 2.25, 9.75], "texture": "#2"},
				"west": {"uv": [3.25, 9, 2.25, 9.75], "texture": "#2"},
				"up": {"uv": [3.25, 9, 2.25, 9.75], "texture": "#2"},
				"down": {"uv": [3.25, 9, 2.25, 9.75], "texture": "#2"}
			}
		},
		{
			"from": [9.28325, 7.66217, 7.92825],
			"to": [10.65176, 8.69892, 9.719],
			"rotation": {"angle": 22.5, "axis": "y", "origin": [10.07118, 8.38789, 9.29487]},
			"faces": {
				"north": {"uv": [2.25, 9, 3.25, 9.75], "texture": "#2"},
				"east": {"uv": [2.25, 9, 3.25, 9.75], "texture": "#2"},
				"south": {"uv": [2.25, 9, 3.25, 9.75], "texture": "#2"},
				"west": {"uv": [2.25, 9, 3.25, 9.75], "texture": "#2"},
				"up": {"uv": [2.25, 9, 3.25, 9.75], "texture": "#2"},
				"down": {"uv": [2.25, 9, 3.25, 9.75], "texture": "#2"}
			}
		},
		{
			"from": [5.34824, 7.66217, 7.92825],
			"to": [6.71675, 8.69892, 9.719],
			"rotation": {"angle": -22.5, "axis": "y", "origin": [5.92882, 8.38789, 9.29487]},
			"faces": {
				"north": {"uv": [3.25, 9, 2.25, 9.75], "texture": "#2"},
				"east": {"uv": [3.25, 9, 2.25, 9.75], "texture": "#2"},
				"south": {"uv": [3.25, 9, 2.25, 9.75], "texture": "#2"},
				"west": {"uv": [3.25, 9, 2.25, 9.75], "texture": "#2"},
				"up": {"uv": [3.25, 9, 2.25, 9.75], "texture": "#2"},
				"down": {"uv": [3.25, 9, 2.25, 9.75], "texture": "#2"}
			}
		},
		{
			"from": [9.9053, 7.81768, 6.98575],
			"to": [10.59993, 8.5434, 8.0225],
			"rotation": {"angle": 22.5, "axis": "y", "origin": [10.07118, 8.38789, 6.65587]},
			"faces": {
				"north": {"uv": [8.25, 9, 9.25, 9.75], "texture": "#2"},
				"east": {"uv": [8.25, 9, 9.25, 9.75], "texture": "#2"},
				"south": {"uv": [8.25, 9, 9.25, 9.75], "texture": "#2"},
				"west": {"uv": [8.25, 9, 9.25, 9.75], "texture": "#2"},
				"up": {"uv": [8.25, 9, 9.25, 9.75], "texture": "#2"},
				"down": {"uv": [8.25, 9, 9.25, 9.75], "texture": "#2"}
			}
		},
		{
			"from": [5.40007, 7.81768, 6.98575],
			"to": [6.0947, 8.5434, 8.0225],
			"rotation": {"angle": -22.5, "axis": "y", "origin": [5.92882, 8.38789, 6.65587]},
			"faces": {
				"north": {"uv": [8.25, 9, 9.25, 9.75], "texture": "#2"},
				"east": {"uv": [8.25, 9, 9.25, 9.75], "texture": "#2"},
				"south": {"uv": [8.25, 9, 9.25, 9.75], "texture": "#2"},
				"west": {"uv": [8.25, 9, 9.25, 9.75], "texture": "#2"},
				"up": {"uv": [8.25, 9, 9.25, 9.75], "texture": "#2"},
				"down": {"uv": [8.25, 9, 9.25, 9.75], "texture": "#2"}
			}
		},
		{
			"from": [9.9053, 7.81768, 9.62475],
			"to": [10.59993, 8.5434, 10.6615],
			"rotation": {"angle": 22.5, "axis": "y", "origin": [10.07118, 8.38789, 9.29487]},
			"faces": {
				"north": {"uv": [8.25, 9, 9.25, 9.75], "texture": "#2"},
				"east": {"uv": [8.25, 9, 9.25, 9.75], "texture": "#2"},
				"south": {"uv": [8.25, 9, 9.25, 9.75], "texture": "#2"},
				"west": {"uv": [8.25, 9, 9.25, 9.75], "texture": "#2"},
				"up": {"uv": [8.25, 9, 9.25, 9.75], "texture": "#2"},
				"down": {"uv": [8.25, 9, 9.25, 9.75], "texture": "#2"}
			}
		},
		{
			"from": [5.40007, 7.81768, 9.62475],
			"to": [6.0947, 8.5434, 10.6615],
			"rotation": {"angle": -22.5, "axis": "y", "origin": [5.92882, 8.38789, 9.29487]},
			"faces": {
				"north": {"uv": [8.25, 9, 9.25, 9.75], "texture": "#2"},
				"east": {"uv": [8.25, 9, 9.25, 9.75], "texture": "#2"},
				"south": {"uv": [8.25, 9, 9.25, 9.75], "texture": "#2"},
				"west": {"uv": [8.25, 9, 9.25, 9.75], "texture": "#2"},
				"up": {"uv": [8.25, 9, 9.25, 9.75], "texture": "#2"},
				"down": {"uv": [8.25, 9, 9.25, 9.75], "texture": "#2"}
			}
		}
	],
	"display": {
		"head": {
			"translation": [0, -1.5, -3.5],
			"scale": [4, 4, 4]
		}
	},
	"groups": [
		{
			"name": "root",
			"origin": [8, 8, 8],
			"children": [
				{
					"name": "neck",
					"origin": [8, 8, 8],
					"children": [
						{
							"name": "1",
							"origin": [9.5, 10.5, -1.5],
							"children": [0, 1, 2,
								{
									"name": "group",
									"origin": [8.5, 9.08615, -6.93345],
									"children": [3, 4, 5, 6]
								},
								{
									"name": "group",
									"origin": [8.99888, 9.03615, -8.66953],
									"children": [7, 8, 9, 10, 11, 12, 13, 14]
								}
							]
						}
					]
				}
			]
		}
	]
}