{
	"credit": "Made with Blockbench",
	"texture_size": [32, 32],
	"textures": {
		"2": "reia/head"
	},
	"elements": [
		{
			"from": [6.5297, 8.08459, 5.03789],
			"to": [9.4703, 8.65009, 10.12739],
			"rotation": {"angle": 0, "axis": "y", "origin": [11.393, 8.65009, 1.64489]},
			"faces": {
				"north": {"uv": [2, 9.75, 3, 10.5], "texture": "#2"},
				"east": {"uv": [2, 9.75, 3, 10.5], "texture": "#2"},
				"south": {"uv": [2, 9.75, 3, 10.5], "texture": "#2"},
				"west": {"uv": [2, 9.75, 3, 10.5], "texture": "#2"},
				"up": {"uv": [2, 7.75, 3, 9.25], "rotation": 90, "texture": "#2"},
				"down": {"uv": [2, 9.75, 3, 10.5], "texture": "#2"}
			}
		},
		{
			"from": [5.9642, 5.25709, 5.03789],
			"to": [10.0358, 8.08459, 10.12739],
			"rotation": {"angle": 0, "axis": "y", "origin": [11.393, 8.65009, 1.64489]},
			"faces": {
				"north": {"uv": [2, 9.75, 3, 10.5], "texture": "#2"},
				"east": {"uv": [2, 9.75, 3, 10.5], "texture": "#2"},
				"south": {"uv": [2, 9.75, 3, 10.5], "texture": "#2"},
				"west": {"uv": [2, 9.75, 3, 10.5], "texture": "#2"},
				"up": {"uv": [0.75, 7, 1, 7.5], "texture": "#2"},
				"down": {"uv": [2, 9.75, 3, 10.5], "texture": "#2"}
			}
		},
		{
			"from": [6.5297, 4.12609, 5.03789],
			"to": [9.4703, 5.25709, 10.12739],
			"rotation": {"angle": 0, "axis": "y", "origin": [11.393, 8.65009, 1.64489]},
			"faces": {
				"north": {"uv": [0, 2.75, 1.5, 3], "texture": "#2"},
				"east": {"uv": [0.25, 2.5, 1, 3], "texture": "#2"},
				"south": {"uv": [0, 1.5, 1.5, 3], "texture": "#2"},
				"west": {"uv": [0.25, 2.5, 1.25, 3], "texture": "#2"},
				"up": {"uv": [0, 1.5, 1.5, 3], "texture": "#2"},
				"down": {"uv": [0, 1.5, 1.5, 3], "rotation": 180, "texture": "#2"}
			}
		},
		{
			"from": [7.0952, 8.36734, 5.94269],
			"to": [8.9048, 9.96959, 7.63919],
			"rotation": {"angle": -45, "axis": "x", "origin": [8, 8.83859, 7.29989]},
			"faces": {
				"north": {"uv": [1.25, 3.5, 1.5, 4.25], "texture": "#2"},
				"east": {"uv": [1.25, 3.5, 1.5, 4.25], "texture": "#2"},
				"south": {"uv": [1.25, 3.5, 1.5, 4.25], "texture": "#2"},
				"west": {"uv": [1.25, 3.5, 1.5, 4.25], "texture": "#2"},
				"up": {"uv": [1.25, 3.5, 1.5, 4.25], "texture": "#2"},
				"down": {"uv": [1.25, 3.5, 1.5, 4.25], "texture": "#2"}
			}
		},
		{
			"from": [7.6607, 7.14209, 8.29894],
			"to": [8.3393, 7.70759, 9.99544],
			"rotation": {"angle": -45, "axis": "x", "origin": [8, 8.83859, 7.11139]},
			"faces": {
				"north": {"uv": [1.25, 3.5, 1.5, 4.25], "texture": "#2"},
				"east": {"uv": [1.25, 3.5, 1.5, 4.25], "texture": "#2"},
				"south": {"uv": [1.25, 3.5, 1.5, 4.25], "texture": "#2"},
				"west": {"uv": [1.25, 3.5, 1.5, 4.25], "texture": "#2"},
				"up": {"uv": [1.25, 3.5, 1.5, 4.25], "texture": "#2"},
				"down": {"uv": [1.25, 3.5, 1.5, 4.25], "texture": "#2"}
			}
		},
		{
			"from": [7.0952, 6.57659, 7.45069],
			"to": [8.9048, 8.27309, 9.14719],
			"rotation": {"angle": -45, "axis": "x", "origin": [8, 8.83859, 7.11139]},
			"faces": {
				"north": {"uv": [1.25, 3.5, 1.5, 4.25], "texture": "#2"},
				"east": {"uv": [1.25, 3.5, 1.5, 4.25], "texture": "#2"},
				"south": {"uv": [1.25, 3.5, 1.5, 4.25], "texture": "#2"},
				"west": {"uv": [1.25, 3.5, 1.5, 4.25], "texture": "#2"},
				"up": {"uv": [1.25, 3.5, 1.5, 4.25], "texture": "#2"},
				"down": {"uv": [1.25, 3.5, 1.5, 4.25], "texture": "#2"}
			}
		},
		{
			"from": [7.6607, 8.83859, 6.79094],
			"to": [8.3393, 9.40409, 8.48744],
			"rotation": {"angle": -45, "axis": "x", "origin": [8, 8.83859, 7.29989]},
			"faces": {
				"north": {"uv": [1.25, 3.5, 1.5, 4.25], "texture": "#2"},
				"east": {"uv": [1.25, 3.5, 1.5, 4.25], "texture": "#2"},
				"south": {"uv": [1.25, 3.5, 1.5, 4.25], "texture": "#2"},
				"west": {"uv": [1.25, 3.5, 1.5, 4.25], "texture": "#2"},
				"up": {"uv": [1.25, 3.5, 1.5, 4.25], "texture": "#2"},
				"down": {"uv": [1.25, 3.5, 1.5, 4.25], "texture": "#2"}
			}
		},
		{
			"from": [9.16659, 7.51909, 5.29975],
			"to": [10.41069, 8.46159, 7.0905],
			"rotation": {"angle": 22.5, "axis": "y", "origin": [9.88289, 8.17884, 6.66637]},
			"faces": {
				"north": {"uv": [2.25, 9, 3.25, 9.75], "texture": "#2"},
				"east": {"uv": [2.25, 9, 3.25, 9.75], "texture": "#2"},
				"south": {"uv": [2.25, 9, 3.25, 9.75], "texture": "#2"},
				"west": {"uv": [2.25, 9, 3.25, 9.75], "texture": "#2"},
				"up": {"uv": [2.25, 9, 3.25, 9.75], "texture": "#2"},
				"down": {"uv": [2.25, 9, 3.25, 9.75], "texture": "#2"}
			}
		},
		{
			"from": [5.58931, 7.51909, 5.29975],
			"to": [6.83341, 8.46159, 7.0905],
			"rotation": {"angle": -22.5, "axis": "y", "origin": [6.11711, 8.17884, 6.66637]},
			"faces": {
				"north": {"uv": [3.25, 9, 2.25, 9.75], "texture": "#2"},
				"east": {"uv": [3.25, 9, 2.25, 9.75], "texture": "#2"},
				"south": {"uv": [3.25, 9, 2.25, 9.75], "texture": "#2"},
				"west": {"uv": [3.25, 9, 2.25, 9.75], "texture": "#2"},
				"up": {"uv": [3.25, 9, 2.25, 9.75], "texture": "#2"},
				"down": {"uv": [3.25, 9, 2.25, 9.75], "texture": "#2"}
			}
		},
		{
			"from": [9.16659, 7.51909, 7.93875],
			"to": [10.41069, 8.46159, 9.7295],
			"rotation": {"angle": 22.5, "axis": "y", "origin": [9.88289, 8.17884, 9.30537]},
			"faces": {
				"north": {"uv": [2.25, 9, 3.25, 9.75], "texture": "#2"},
				"east": {"uv": [2.25, 9, 3.25, 9.75], "texture": "#2"},
				"south": {"uv": [2.25, 9, 3.25, 9.75], "texture": "#2"},
				"west": {"uv": [2.25, 9, 3.25, 9.75], "texture": "#2"},
				"up": {"uv": [2.25, 9, 3.25, 9.75], "texture": "#2"},
				"down": {"uv": [2.25, 9, 3.25, 9.75], "texture": "#2"}
			}
		},
		{
			"from": [5.58931, 7.51909, 7.93875],
			"to": [6.83341, 8.46159, 9.7295],
			"rotation": {"angle": -22.5, "axis": "y", "origin": [6.11711, 8.17884, 9.30537]},
			"faces": {
				"north": {"uv": [3.25, 9, 2.25, 9.75], "texture": "#2"},
				"east": {"uv": [3.25, 9, 2.25, 9.75], "texture": "#2"},
				"south": {"uv": [3.25, 9, 2.25, 9.75], "texture": "#2"},
				"west": {"uv": [3.25, 9, 2.25, 9.75], "texture": "#2"},
				"up": {"uv": [3.25, 9, 2.25, 9.75], "texture": "#2"},
				"down": {"uv": [3.25, 9, 2.25, 9.75], "texture": "#2"}
			}
		},
		{
			"from": [9.73209, 7.66047, 6.99625],
			"to": [10.36357, 8.32022, 8.033],
			"rotation": {"angle": 22.5, "axis": "y", "origin": [9.88289, 8.17884, 6.66637]},
			"faces": {
				"north": {"uv": [8.25, 9, 9.25, 9.75], "texture": "#2"},
				"east": {"uv": [8.25, 9, 9.25, 9.75], "texture": "#2"},
				"south": {"uv": [8.25, 9, 9.25, 9.75], "texture": "#2"},
				"west": {"uv": [8.25, 9, 9.25, 9.75], "texture": "#2"},
				"up": {"uv": [8.25, 9, 9.25, 9.75], "texture": "#2"},
				"down": {"uv": [8.25, 9, 9.25, 9.75], "texture": "#2"}
			}
		},
		{
			"from": [5.63643, 7.66047, 6.99625],
			"to": [6.26791, 8.32022, 8.033],
			"rotation": {"angle": -22.5, "axis": "y", "origin": [6.11711, 8.17884, 6.66637]},
			"faces": {
				"north": {"uv": [8.25, 9, 9.25, 9.75], "texture": "#2"},
				"east": {"uv": [8.25, 9, 9.25, 9.75], "texture": "#2"},
				"south": {"uv": [8.25, 9, 9.25, 9.75], "texture": "#2"},
				"west": {"uv": [8.25, 9, 9.25, 9.75], "texture": "#2"},
				"up": {"uv": [8.25, 9, 9.25, 9.75], "texture": "#2"},
				"down": {"uv": [8.25, 9, 9.25, 9.75], "texture": "#2"}
			}
		},
		{
			"from": [9.73209, 7.66047, 9.63525],
			"to": [10.36357, 8.32022, 10.672],
			"rotation": {"angle": 22.5, "axis": "y", "origin": [9.88289, 8.17884, 9.30537]},
			"faces": {
				"north": {"uv": [8.25, 9, 9.25, 9.75], "texture": "#2"},
				"east": {"uv": [8.25, 9, 9.25, 9.75], "texture": "#2"},
				"south": {"uv": [8.25, 9, 9.25, 9.75], "texture": "#2"},
				"west": {"uv": [8.25, 9, 9.25, 9.75], "texture": "#2"},
				"up": {"uv": [8.25, 9, 9.25, 9.75], "texture": "#2"},
				"down": {"uv": [8.25, 9, 9.25, 9.75], "texture": "#2"}
			}
		},
		{
			"from": [5.63643, 7.66047, 9.63525],
			"to": [6.26791, 8.32022, 10.672],
			"rotation": {"angle": -22.5, "axis": "y", "origin": [6.11711, 8.17884, 9.30537]},
			"faces": {
				"north": {"uv": [8.25, 9, 9.25, 9.75], "texture": "#2"},
				"east": {"uv": [8.25, 9, 9.25, 9.75], "texture": "#2"},
				"south": {"uv": [8.25, 9, 9.25, 9.75], "texture": "#2"},
				"west": {"uv": [8.25, 9, 9.25, 9.75], "texture": "#2"},
				"up": {"uv": [8.25, 9, 9.25, 9.75], "texture": "#2"},
				"down": {"uv": [8.25, 9, 9.25, 9.75], "texture": "#2"}
			}
		}
	],
	"display": {
		"head": {
			"translation": [0, -1.5, -3.5],
			"scale": [4, 4, 4]
		}
	},
	"groups": [
		{
			"name": "root",
			"origin": [8, 8, 8],
			"children": [
				{
					"name": "neck",
					"origin": [8, 8, 8],
					"children": [
						{
							"name": "0",
							"origin": [9.5, 10.5, -1.5],
							"children": [0, 1, 2,
								{
									"name": "group",
									"origin": [8.5, 9.08615, -6.93345],
									"children": [3, 4, 5, 6]
								},
								{
									"name": "group",
									"origin": [8.99888, 9.03615, -8.66953],
									"children": [7, 8, 9, 10, 11, 12, 13, 14]
								}
							]
						}
					]
				}
			]
		}
	]
}