{
	"credit": "Made with Blockbench",
	"texture_size": [32, 32],
	"textures": {
		"2": "reia/head"
	},
	"elements": [
		{
			"from": [5.38456, 5.2163, 0.20068],
			"to": [10.54795, 7.9684, 6.93767],
			"rotation": {"angle": 0, "axis": "y", "origin": [11.76641, 9.01646, -31.11671]},
			"faces": {
				"north": {"uv": [2, 9, 3.25, 10.25], "texture": "#2"},
				"east": {"uv": [2, 9, 3.25, 10.25], "texture": "#2"},
				"south": {"uv": [2, 9, 3.25, 10.25], "texture": "#2"},
				"west": {"uv": [2, 9, 3.25, 10.25], "texture": "#2"},
				"up": {"uv": [0, 11, 1.5, 11.75], "texture": "#2"},
				"down": {"uv": [2, 9, 3.25, 10.25], "texture": "#2"}
			}
		},
		{
			"from": [5.95006, 7.8553, 0.20068],
			"to": [9.98245, 9.38215, 6.93767],
			"rotation": {"angle": 0, "axis": "y", "origin": [11.76641, 9.01646, -31.11671]},
			"faces": {
				"north": {"uv": [2, 9, 3.25, 10.25], "texture": "#2"},
				"east": {"uv": [2, 9, 3.25, 10.25], "texture": "#2"},
				"south": {"uv": [2, 9, 3.25, 10.25], "texture": "#2"},
				"west": {"uv": [2, 9, 3.25, 10.25], "texture": "#2"},
				"up": {"uv": [0, 11, 1.5, 11.75], "texture": "#2"},
				"down": {"uv": [2, 9, 3.25, 10.25], "texture": "#2"}
			}
		},
		{
			"from": [6.89256, 9.3633, 0.20068],
			"to": [9.03995, 9.94765, 6.93767],
			"rotation": {"angle": 0, "axis": "y", "origin": [11.76641, 9.58196, -31.11671]},
			"faces": {
				"north": {"uv": [9, 8.25, 10.25, 9.5], "texture": "#2"},
				"east": {"uv": [9, 8.25, 10.25, 9.5], "texture": "#2"},
				"south": {"uv": [9, 8.25, 10.25, 9.5], "texture": "#2"},
				"west": {"uv": [9, 8.25, 10.25, 9.5], "texture": "#2"},
				"up": {"uv": [9, 8.25, 10.25, 9.5], "texture": "#2"},
				"down": {"uv": [9, 8.25, 10.25, 9.5], "texture": "#2"}
			}
		},
		{
			"from": [6.23281, 3.94392, 0.20068],
			"to": [9.6997, 5.28227, 6.93767],
			"rotation": {"angle": 0, "axis": "y", "origin": [11.76641, 9.01646, -31.11671]},
			"faces": {
				"north": {"uv": [0, 1.5, 1.5, 3], "texture": "#2"},
				"east": {"uv": [0, 1.5, 1.5, 3], "texture": "#2"},
				"south": {"uv": [0, 1.5, 1.5, 3], "texture": "#2"},
				"west": {"uv": [0, 1.5, 1.5, 3], "texture": "#2"},
				"up": {"uv": [0, 1.5, 1.5, 3], "texture": "#2"},
				"down": {"uv": [0, 1.5, 1.5, 3], "texture": "#2"}
			}
		},
		{
			"from": [6.9672, 9.52037, 0.39476],
			"to": [9.1538, 10.74562, 2.75101],
			"rotation": {"angle": -22.5, "axis": "x", "origin": [8.0605, 10.06231, 2.39758]},
			"faces": {
				"north": {"uv": [8.5, 1.75, 9.25, 2.75], "texture": "#2"},
				"east": {"uv": [8.5, 1.75, 9.25, 2.75], "texture": "#2"},
				"south": {"uv": [8.5, 1.75, 9.25, 2.75], "texture": "#2"},
				"west": {"uv": [8.5, 1.75, 9.25, 2.75], "texture": "#2"},
				"up": {"uv": [8.5, 1.75, 9.25, 2.75], "texture": "#2"},
				"down": {"uv": [8.5, 1.75, 9.25, 2.75], "texture": "#2"}
			}
		},
		{
			"from": [6.9672, 9.52037, 3.78776],
			"to": [9.1538, 10.74562, 6.14401],
			"rotation": {"angle": -22.5, "axis": "x", "origin": [8.0605, 10.06231, 5.79058]},
			"faces": {
				"north": {"uv": [8.5, 1.75, 9.25, 2.75], "texture": "#2"},
				"east": {"uv": [8.5, 1.75, 9.25, 2.75], "texture": "#2"},
				"south": {"uv": [8.5, 1.75, 9.25, 2.75], "texture": "#2"},
				"west": {"uv": [8.5, 1.75, 9.25, 2.75], "texture": "#2"},
				"up": {"uv": [8.5, 1.75, 9.25, 2.75], "texture": "#2"},
				"down": {"uv": [8.5, 1.75, 9.25, 2.75], "texture": "#2"}
			}
		},
		{
			"from": [7.67408, 9.89737, 1.24301],
			"to": [8.44693, 10.46287, 4.63601],
			"rotation": {"angle": -22.5, "axis": "x", "origin": [8.0605, 10.06231, 2.39758]},
			"faces": {
				"north": {"uv": [1.25, 3.5, 1.5, 4.25], "texture": "#2"},
				"east": {"uv": [1.25, 3.5, 1.5, 4.25], "texture": "#2"},
				"south": {"uv": [1.25, 3.5, 1.5, 4.25], "texture": "#2"},
				"west": {"uv": [1.25, 3.5, 1.5, 4.25], "texture": "#2"},
				"up": {"uv": [1.25, 3.5, 1.5, 4.25], "texture": "#2"},
				"down": {"uv": [1.25, 3.5, 1.5, 4.25], "texture": "#2"}
			}
		},
		{
			"from": [7.67408, 9.89737, 4.63601],
			"to": [8.44693, 10.46287, 8.02901],
			"rotation": {"angle": -22.5, "axis": "x", "origin": [8.0605, 10.06231, 5.79058]},
			"faces": {
				"north": {"uv": [1.25, 3.5, 1.5, 4.25], "texture": "#2"},
				"east": {"uv": [1.25, 3.5, 1.5, 4.25], "texture": "#2"},
				"south": {"uv": [1.25, 3.5, 1.5, 4.25], "texture": "#2"},
				"west": {"uv": [1.25, 3.5, 1.5, 4.25], "texture": "#2"},
				"up": {"uv": [1.25, 3.5, 1.5, 4.25], "texture": "#2"},
				"down": {"uv": [1.25, 3.5, 1.5, 4.25], "texture": "#2"}
			}
		},
		{
			"from": [5.64744, 5.37943, 6.77594],
			"to": [10.29449, 7.85632, 12.83923],
			"rotation": {"angle": 0, "axis": "y", "origin": [11.39111, 8.79957, -21.40971]},
			"faces": {
				"north": {"uv": [2, 9, 3.25, 10.25], "texture": "#2"},
				"east": {"uv": [2, 9, 3.25, 10.25], "texture": "#2"},
				"south": {"uv": [2, 9, 3.25, 10.25], "texture": "#2"},
				"west": {"uv": [2, 9, 3.25, 10.25], "texture": "#2"},
				"up": {"uv": [0, 11, 1.5, 11.75], "texture": "#2"},
				"down": {"uv": [2, 9, 3.25, 10.25], "texture": "#2"}
			}
		},
		{
			"from": [6.15639, 7.75453, 6.77594],
			"to": [9.78554, 9.12869, 12.83923],
			"rotation": {"angle": 0, "axis": "y", "origin": [11.39111, 8.79957, -21.40971]},
			"faces": {
				"north": {"uv": [2, 9, 3.25, 10.25], "texture": "#2"},
				"east": {"uv": [2, 9, 3.25, 10.25], "texture": "#2"},
				"south": {"uv": [2, 9, 3.25, 10.25], "texture": "#2"},
				"west": {"uv": [2, 9, 3.25, 10.25], "texture": "#2"},
				"up": {"uv": [0, 11, 1.5, 11.75], "texture": "#2"},
				"down": {"uv": [2, 9, 3.25, 10.25], "texture": "#2"}
			}
		},
		{
			"from": [7.00464, 9.11173, 6.77594],
			"to": [8.93729, 9.63764, 12.83923],
			"rotation": {"angle": 0, "axis": "y", "origin": [11.39111, 9.30852, -21.40971]},
			"faces": {
				"north": {"uv": [9, 8.25, 10.25, 9.5], "texture": "#2"},
				"east": {"uv": [9, 8.25, 10.25, 9.5], "texture": "#2"},
				"south": {"uv": [9, 8.25, 10.25, 9.5], "texture": "#2"},
				"west": {"uv": [9, 8.25, 10.25, 9.5], "texture": "#2"},
				"up": {"uv": [9, 8.25, 10.25, 9.5], "texture": "#2"},
				"down": {"uv": [9, 8.25, 10.25, 9.5], "texture": "#2"}
			}
		},
		{
			"from": [6.41086, 4.23429, 6.77594],
			"to": [9.53107, 5.4388, 12.83923],
			"rotation": {"angle": 0, "axis": "y", "origin": [11.39111, 8.79957, -21.40971]},
			"faces": {
				"north": {"uv": [0, 1.5, 1.5, 3], "texture": "#2"},
				"east": {"uv": [0, 1.5, 1.5, 3], "texture": "#2"},
				"south": {"uv": [0, 1.5, 1.5, 3], "texture": "#2"},
				"west": {"uv": [0, 1.5, 1.5, 3], "texture": "#2"},
				"up": {"uv": [0, 1.5, 1.5, 3], "texture": "#2"},
				"down": {"uv": [0, 1.5, 1.5, 3], "texture": "#2"}
			}
		},
		{
			"from": [7.07182, 9.25309, 6.95062],
			"to": [9.03976, 10.35582, 9.07124],
			"rotation": {"angle": -22.5, "axis": "x", "origin": [8.05579, 9.74083, 8.75315]},
			"faces": {
				"north": {"uv": [8.5, 1.75, 9.25, 2.75], "texture": "#2"},
				"east": {"uv": [8.5, 1.75, 9.25, 2.75], "texture": "#2"},
				"south": {"uv": [8.5, 1.75, 9.25, 2.75], "texture": "#2"},
				"west": {"uv": [8.5, 1.75, 9.25, 2.75], "texture": "#2"},
				"up": {"uv": [8.5, 1.75, 9.25, 2.75], "texture": "#2"},
				"down": {"uv": [8.5, 1.75, 9.25, 2.75], "texture": "#2"}
			}
		},
		{
			"from": [7.07182, 9.25309, 10.00432],
			"to": [9.03976, 10.35582, 12.12494],
			"rotation": {"angle": -22.5, "axis": "x", "origin": [8.05579, 9.74083, 11.80685]},
			"faces": {
				"north": {"uv": [8.5, 1.75, 9.25, 2.75], "texture": "#2"},
				"east": {"uv": [8.5, 1.75, 9.25, 2.75], "texture": "#2"},
				"south": {"uv": [8.5, 1.75, 9.25, 2.75], "texture": "#2"},
				"west": {"uv": [8.5, 1.75, 9.25, 2.75], "texture": "#2"},
				"up": {"uv": [8.5, 1.75, 9.25, 2.75], "texture": "#2"},
				"down": {"uv": [8.5, 1.75, 9.25, 2.75], "texture": "#2"}
			}
		},
		{
			"from": [7.70801, 9.59239, 7.71404],
			"to": [8.40357, 10.10134, 10.76774],
			"rotation": {"angle": -22.5, "axis": "x", "origin": [8.05579, 9.74083, 8.75315]},
			"faces": {
				"north": {"uv": [1.25, 3.5, 1.5, 4.25], "texture": "#2"},
				"east": {"uv": [1.25, 3.5, 1.5, 4.25], "texture": "#2"},
				"south": {"uv": [1.25, 3.5, 1.5, 4.25], "texture": "#2"},
				"west": {"uv": [1.25, 3.5, 1.5, 4.25], "texture": "#2"},
				"up": {"uv": [1.25, 3.5, 1.5, 4.25], "texture": "#2"},
				"down": {"uv": [1.25, 3.5, 1.5, 4.25], "texture": "#2"}
			}
		},
		{
			"from": [7.70801, 9.59239, 10.76774],
			"to": [8.40357, 10.10134, 13.82144],
			"rotation": {"angle": -22.5, "axis": "x", "origin": [8.05579, 9.74083, 11.80685]},
			"faces": {
				"north": {"uv": [1.25, 3.5, 1.5, 4.25], "texture": "#2"},
				"east": {"uv": [1.25, 3.5, 1.5, 4.25], "texture": "#2"},
				"south": {"uv": [1.25, 3.5, 1.5, 4.25], "texture": "#2"},
				"west": {"uv": [1.25, 3.5, 1.5, 4.25], "texture": "#2"},
				"up": {"uv": [1.25, 3.5, 1.5, 4.25], "texture": "#2"},
				"down": {"uv": [1.25, 3.5, 1.5, 4.25], "texture": "#2"}
			}
		}
	],
	"display": {
		"head": {
			"translation": [0, -1.75, 24.25],
			"scale": [4, 4, 4]
		}
	},
	"groups": [
		{
			"name": "root",
			"origin": [8, 8, 8],
			"children": [
				{
					"name": "tail",
					"origin": [8, 8, 8],
					"children": [
						{
							"name": "0",
							"origin": [8, 8, 8],
							"children": [
								{
									"name": "group",
									"origin": [8, 8, 8],
									"children": [0, 1, 2, 3,
										{
											"name": "group",
											"origin": [8.05, 10.48413, 9.47217],
											"children": [4, 5, 6, 7]
										}
									]
								},
								{
									"name": "group",
									"origin": [8, 8, 8],
									"children": [8, 9, 10, 11,
										{
											"name": "group",
											"origin": [8.05, 10.48413, 9.47217],
											"children": [12, 13, 14, 15]
										}
									]
								}
							]
						}
					]
				}
			]
		}
	]
}