{
	"credit": "Made with Blockbench",
	"texture_size": [32, 32],
	"textures": {
		"2": "reia/head"
	},
	"elements": [
		{
			"from": [5.71943, 5.20402, 0.20795],
			"to": [10.21307, 8.17706, 9.38137],
			"rotation": {"angle": 0, "axis": "y", "origin": [11.29063, 9.5463, -32.9566]},
			"faces": {
				"north": {"uv": [8.5, 1.75, 9.5, 3], "texture": "#2"},
				"east": {"uv": [8.5, 1.75, 9.5, 3], "texture": "#2"},
				"south": {"uv": [8.5, 1.75, 9.5, 3], "texture": "#2"},
				"west": {"uv": [8.5, 1.75, 9.5, 3], "texture": "#2"},
				"up": {"uv": [8.5, 1.75, 9.5, 3], "texture": "#2"},
				"down": {"uv": [8.5, 1.75, 9.5, 3], "texture": "#2"}
			}
		},
		{
			"from": [6.62423, 4.52542, 0.43415],
			"to": [9.30827, 8.85566, 8.25037],
			"rotation": {"angle": 0, "axis": "y", "origin": [11.29063, 9.5463, -32.9566]},
			"faces": {
				"north": {"uv": [8.5, 1.75, 9.5, 3], "texture": "#2"},
				"east": {"uv": [8.5, 1.75, 9.5, 3], "texture": "#2"},
				"south": {"uv": [8.5, 1.75, 9.5, 3], "texture": "#2"},
				"west": {"uv": [8.5, 1.75, 9.5, 3], "texture": "#2"},
				"up": {"uv": [8.5, 1.75, 9.5, 3], "texture": "#2"},
				"down": {"uv": [8.5, 1.75, 9.5, 3], "texture": "#2"}
			}
		},
		{
			"from": [7.18973, 8.71012, 1.11275],
			"to": [8.74277, 9.42116, 7.11937],
			"rotation": {"angle": 0, "axis": "y", "origin": [11.29063, 10.2249, -32.9566]},
			"faces": {
				"north": {"uv": [9.5, 7.25, 10.5, 8.5], "texture": "#2"},
				"east": {"uv": [9.5, 7.25, 10.5, 8.5], "texture": "#2"},
				"south": {"uv": [9.5, 7.25, 10.5, 8.5], "texture": "#2"},
				"west": {"uv": [9.5, 7.25, 10.5, 8.5], "texture": "#2"},
				"up": {"uv": [9.5, 7.25, 10.5, 8.5], "texture": "#2"},
				"down": {"uv": [9.5, 7.25, 10.5, 8.5], "texture": "#2"}
			}
		},
		{
			"from": [7.41593, 8.25772, 7.10705],
			"to": [8.51657, 8.96876, 8.81587],
			"rotation": {"angle": 0, "axis": "y", "origin": [11.29063, 9.7725, -31.2601]},
			"faces": {
				"north": {"uv": [9.5, 7.25, 10.5, 8.5], "texture": "#2"},
				"east": {"uv": [9.5, 7.25, 10.5, 8.5], "texture": "#2"},
				"south": {"uv": [9.5, 7.25, 10.5, 8.5], "texture": "#2"},
				"west": {"uv": [9.5, 7.25, 10.5, 8.5], "texture": "#2"},
				"up": {"uv": [9.5, 7.25, 10.5, 8.5], "texture": "#2"},
				"down": {"uv": [9.5, 7.25, 10.5, 8.5], "texture": "#2"}
			}
		},
		{
			"from": [5.15393, 5.76952, 0.77345],
			"to": [10.77857, 7.61156, 8.25037],
			"rotation": {"angle": 0, "axis": "y", "origin": [11.29063, 9.5463, -32.9566]},
			"faces": {
				"north": {"uv": [8.5, 1.75, 9.5, 3], "texture": "#2"},
				"east": {"uv": [8.5, 1.75, 9.5, 3], "texture": "#2"},
				"south": {"uv": [8.5, 1.75, 9.5, 3], "texture": "#2"},
				"west": {"uv": [8.5, 1.75, 9.5, 3], "texture": "#2"},
				"up": {"uv": [8.5, 1.75, 9.5, 3], "texture": "#2"},
				"down": {"uv": [8.5, 1.75, 9.5, 3], "texture": "#2"}
			}
		},
		{
			"from": [1.59828, 6.37321, 2.42455],
			"to": [4.52003, 7.1715, 3.18864],
			"rotation": {"angle": 22.5, "axis": "y", "origin": [4.00166, 6.77236, 2.9634]},
			"faces": {
				"north": {"uv": [8.25, 9, 9.25, 9.75], "texture": "#2"},
				"east": {"uv": [8.25, 9, 9.25, 9.75], "texture": "#2"},
				"south": {"uv": [8.25, 9, 9.25, 9.75], "texture": "#2"},
				"west": {"uv": [8.25, 9, 9.25, 9.75], "texture": "#2"},
				"up": {"uv": [8.25, 9, 9.25, 9.75], "rotation": 90, "texture": "#2"},
				"down": {"uv": [8.25, 9, 9.25, 9.75], "rotation": 270, "texture": "#2"}
			}
		},
		{
			"from": [0.65578, 6.37321, 4.68655],
			"to": [3.38903, 7.1715, 5.45064],
			"rotation": {"angle": 22.5, "axis": "y", "origin": [4.00166, 6.77236, 5.2254]},
			"faces": {
				"north": {"uv": [8.25, 9, 9.25, 9.75], "texture": "#2"},
				"east": {"uv": [8.25, 9, 9.25, 9.75], "texture": "#2"},
				"south": {"uv": [8.25, 9, 9.25, 9.75], "texture": "#2"},
				"west": {"uv": [8.25, 9, 9.25, 9.75], "texture": "#2"},
				"up": {"uv": [8.25, 9, 9.25, 9.75], "rotation": 90, "texture": "#2"},
				"down": {"uv": [8.25, 9, 9.25, 9.75], "rotation": 270, "texture": "#2"}
			}
		},
		{
			"from": [2.25484, 6.37321, 7.35813],
			"to": [4.42259, 7.1715, 8.12221],
			"rotation": {"angle": 45, "axis": "y", "origin": [4.43655, 6.77236, 7.63575]},
			"faces": {
				"north": {"uv": [8.25, 9, 9.25, 9.75], "texture": "#2"},
				"east": {"uv": [8.25, 9, 9.25, 9.75], "texture": "#2"},
				"south": {"uv": [8.25, 9, 9.25, 9.75], "texture": "#2"},
				"west": {"uv": [8.25, 9, 9.25, 9.75], "texture": "#2"},
				"up": {"uv": [8.25, 9, 9.25, 9.75], "rotation": 90, "texture": "#2"},
				"down": {"uv": [8.25, 9, 9.25, 9.75], "rotation": 270, "texture": "#2"}
			}
		},
		{
			"from": [4.78231, 6.37321, 9.98503],
			"to": [5.54639, 7.1715, 11.96428],
			"rotation": {"angle": -22.5, "axis": "y", "origin": [5.32116, 6.77236, 10.5034]},
			"faces": {
				"north": {"uv": [8.25, 9, 9.25, 9.75], "texture": "#2"},
				"east": {"uv": [8.25, 9, 9.25, 9.75], "texture": "#2"},
				"south": {"uv": [8.25, 9, 9.25, 9.75], "texture": "#2"},
				"west": {"uv": [8.25, 9, 9.25, 9.75], "texture": "#2"},
				"up": {"uv": [8.25, 9, 9.25, 9.75], "texture": "#2"},
				"down": {"uv": [8.25, 9, 9.25, 9.75], "texture": "#2"}
			}
		},
		{
			"from": [3.29478, 6.20214, 1.80203],
			"to": [6.02803, 7.34257, 3.30739],
			"rotation": {"angle": 22.5, "axis": "y", "origin": [4.00166, 6.77236, 2.3979]},
			"faces": {
				"north": {"uv": [3.25, 9, 2.25, 9.75], "texture": "#2"},
				"east": {"uv": [3.25, 9, 2.25, 9.75], "texture": "#2"},
				"south": {"uv": [3.25, 9, 2.25, 9.75], "texture": "#2"},
				"west": {"uv": [3.25, 9, 2.25, 9.75], "texture": "#2"},
				"up": {"uv": [3.25, 9, 2.25, 9.75], "rotation": 90, "texture": "#2"},
				"down": {"uv": [3.25, 9, 2.25, 9.75], "rotation": 270, "texture": "#2"}
			}
		},
		{
			"from": [2.91778, 6.20214, 4.06403],
			"to": [6.02803, 7.34257, 5.56939],
			"rotation": {"angle": 22.5, "axis": "y", "origin": [4.00166, 6.77236, 4.6599]},
			"faces": {
				"north": {"uv": [3.25, 9, 2.25, 9.75], "texture": "#2"},
				"east": {"uv": [3.25, 9, 2.25, 9.75], "texture": "#2"},
				"south": {"uv": [3.25, 9, 2.25, 9.75], "texture": "#2"},
				"west": {"uv": [3.25, 9, 2.25, 9.75], "texture": "#2"},
				"up": {"uv": [3.25, 9, 2.25, 9.75], "rotation": 90, "texture": "#2"},
				"down": {"uv": [3.25, 9, 2.25, 9.75], "rotation": 270, "texture": "#2"}
			}
		},
		{
			"from": [4.35625, 6.20214, 6.77866],
			"to": [6.7125, 7.34257, 8.28402],
			"rotation": {"angle": 45, "axis": "y", "origin": [4.43655, 6.77236, 7.63575]},
			"faces": {
				"north": {"uv": [3.25, 9, 2.25, 9.75], "texture": "#2"},
				"east": {"uv": [3.25, 9, 2.25, 9.75], "texture": "#2"},
				"south": {"uv": [3.25, 9, 2.25, 9.75], "texture": "#2"},
				"west": {"uv": [3.25, 9, 2.25, 9.75], "texture": "#2"},
				"up": {"uv": [3.25, 9, 2.25, 9.75], "rotation": 90, "texture": "#2"},
				"down": {"uv": [3.25, 9, 2.25, 9.75], "rotation": 270, "texture": "#2"}
			}
		},
		{
			"from": [4.72529, 6.20214, 7.91153],
			"to": [6.23065, 7.34257, 10.07928],
			"rotation": {"angle": -22.5, "axis": "y", "origin": [5.32116, 6.77236, 9.9379]},
			"faces": {
				"north": {"uv": [3.25, 9, 2.25, 9.75], "texture": "#2"},
				"east": {"uv": [3.25, 9, 2.25, 9.75], "texture": "#2"},
				"south": {"uv": [3.25, 9, 2.25, 9.75], "texture": "#2"},
				"west": {"uv": [3.25, 9, 2.25, 9.75], "texture": "#2"},
				"up": {"uv": [3.25, 9, 2.25, 9.75], "texture": "#2"},
				"down": {"uv": [3.25, 9, 2.25, 9.75], "texture": "#2"}
			}
		},
		{
			"from": [11.41247, 6.37321, 2.42455],
			"to": [14.33422, 7.1715, 3.18864],
			"rotation": {"angle": -22.5, "axis": "y", "origin": [11.93085, 6.77236, 2.9634]},
			"faces": {
				"north": {"uv": [9.25, 9, 8.25, 9.75], "texture": "#2"},
				"east": {"uv": [9.25, 9, 8.25, 9.75], "texture": "#2"},
				"south": {"uv": [9.25, 9, 8.25, 9.75], "texture": "#2"},
				"west": {"uv": [9.25, 9, 8.25, 9.75], "texture": "#2"},
				"up": {"uv": [8.25, 9.75, 9.25, 9], "rotation": 90, "texture": "#2"},
				"down": {"uv": [8.25, 9.75, 9.25, 9], "rotation": 270, "texture": "#2"}
			}
		},
		{
			"from": [12.54347, 6.37321, 4.68655],
			"to": [15.27672, 7.1715, 5.45064],
			"rotation": {"angle": -22.5, "axis": "y", "origin": [11.93085, 6.77236, 5.2254]},
			"faces": {
				"north": {"uv": [9.25, 9, 8.25, 9.75], "texture": "#2"},
				"east": {"uv": [9.25, 9, 8.25, 9.75], "texture": "#2"},
				"south": {"uv": [9.25, 9, 8.25, 9.75], "texture": "#2"},
				"west": {"uv": [9.25, 9, 8.25, 9.75], "texture": "#2"},
				"up": {"uv": [8.25, 9.75, 9.25, 9], "rotation": 90, "texture": "#2"},
				"down": {"uv": [8.25, 9.75, 9.25, 9], "rotation": 270, "texture": "#2"}
			}
		},
		{
			"from": [11.50991, 6.37321, 7.35813],
			"to": [13.67766, 7.1715, 8.12221],
			"rotation": {"angle": -45, "axis": "y", "origin": [11.49596, 6.77236, 7.63575]},
			"faces": {
				"north": {"uv": [9.25, 9, 8.25, 9.75], "texture": "#2"},
				"east": {"uv": [9.25, 9, 8.25, 9.75], "texture": "#2"},
				"south": {"uv": [9.25, 9, 8.25, 9.75], "texture": "#2"},
				"west": {"uv": [9.25, 9, 8.25, 9.75], "texture": "#2"},
				"up": {"uv": [8.25, 9.75, 9.25, 9], "rotation": 90, "texture": "#2"},
				"down": {"uv": [8.25, 9.75, 9.25, 9], "rotation": 270, "texture": "#2"}
			}
		},
		{
			"from": [10.38611, 6.37321, 9.98503],
			"to": [11.1502, 7.1715, 11.96428],
			"rotation": {"angle": 22.5, "axis": "y", "origin": [10.61135, 6.77236, 10.5034]},
			"faces": {
				"north": {"uv": [9.25, 9, 8.25, 9.75], "texture": "#2"},
				"east": {"uv": [9.25, 9, 8.25, 9.75], "texture": "#2"},
				"south": {"uv": [9.25, 9, 8.25, 9.75], "texture": "#2"},
				"west": {"uv": [9.25, 9, 8.25, 9.75], "texture": "#2"},
				"up": {"uv": [9.25, 9, 8.25, 9.75], "texture": "#2"},
				"down": {"uv": [9.25, 9, 8.25, 9.75], "texture": "#2"}
			}
		},
		{
			"from": [9.90447, 6.20214, 1.80203],
			"to": [12.63772, 7.34257, 3.30739],
			"rotation": {"angle": -22.5, "axis": "y", "origin": [11.93085, 6.77236, 2.3979]},
			"faces": {
				"north": {"uv": [2.25, 9, 3.25, 9.75], "texture": "#2"},
				"east": {"uv": [2.25, 9, 3.25, 9.75], "texture": "#2"},
				"south": {"uv": [2.25, 9, 3.25, 9.75], "texture": "#2"},
				"west": {"uv": [2.25, 9, 3.25, 9.75], "texture": "#2"},
				"up": {"uv": [3.25, 9.75, 2.25, 9], "rotation": 90, "texture": "#2"},
				"down": {"uv": [3.25, 9.75, 2.25, 9], "rotation": 270, "texture": "#2"}
			}
		},
		{
			"from": [9.90447, 6.20214, 4.06403],
			"to": [13.01472, 7.34257, 5.56939],
			"rotation": {"angle": -22.5, "axis": "y", "origin": [11.93085, 6.77236, 4.6599]},
			"faces": {
				"north": {"uv": [2.25, 9, 3.25, 9.75], "texture": "#2"},
				"east": {"uv": [2.25, 9, 3.25, 9.75], "texture": "#2"},
				"south": {"uv": [2.25, 9, 3.25, 9.75], "texture": "#2"},
				"west": {"uv": [2.25, 9, 3.25, 9.75], "texture": "#2"},
				"up": {"uv": [3.25, 9.75, 2.25, 9], "rotation": 90, "texture": "#2"},
				"down": {"uv": [3.25, 9.75, 2.25, 9], "rotation": 270, "texture": "#2"}
			}
		},
		{
			"from": [9.22001, 6.20214, 6.77866],
			"to": [11.57626, 7.34257, 8.28402],
			"rotation": {"angle": -45, "axis": "y", "origin": [11.49596, 6.77236, 7.63575]},
			"faces": {
				"north": {"uv": [2.25, 9, 3.25, 9.75], "texture": "#2"},
				"east": {"uv": [2.25, 9, 3.25, 9.75], "texture": "#2"},
				"south": {"uv": [2.25, 9, 3.25, 9.75], "texture": "#2"},
				"west": {"uv": [2.25, 9, 3.25, 9.75], "texture": "#2"},
				"up": {"uv": [3.25, 9.75, 2.25, 9], "rotation": 90, "texture": "#2"},
				"down": {"uv": [3.25, 9.75, 2.25, 9], "rotation": 270, "texture": "#2"}
			}
		},
		{
			"from": [9.70186, 6.20214, 7.91153],
			"to": [11.20722, 7.34257, 10.07928],
			"rotation": {"angle": 22.5, "axis": "y", "origin": [10.61135, 6.77236, 9.9379]},
			"faces": {
				"north": {"uv": [2.25, 9, 3.25, 9.75], "texture": "#2"},
				"east": {"uv": [2.25, 9, 3.25, 9.75], "texture": "#2"},
				"south": {"uv": [2.25, 9, 3.25, 9.75], "texture": "#2"},
				"west": {"uv": [2.25, 9, 3.25, 9.75], "texture": "#2"},
				"up": {"uv": [2.25, 9, 3.25, 9.75], "texture": "#2"},
				"down": {"uv": [2.25, 9, 3.25, 9.75], "texture": "#2"}
			}
		},
		{
			"from": [7.25072, 8.90312, 0.17167],
			"to": [8.84475, 9.79633, 1.88938],
			"rotation": {"angle": -45, "axis": "x", "origin": [8.04773, 9.3669, 1.52866]},
			"faces": {
				"north": {"uv": [8.5, 1.75, 9.25, 2.75], "texture": "#2"},
				"east": {"uv": [8.5, 1.75, 9.25, 2.75], "texture": "#2"},
				"south": {"uv": [8.5, 1.75, 9.25, 2.75], "texture": "#2"},
				"west": {"uv": [8.5, 1.75, 9.25, 2.75], "texture": "#2"},
				"up": {"uv": [8.5, 1.75, 9.25, 2.75], "texture": "#2"},
				"down": {"uv": [8.5, 1.75, 9.25, 2.75], "texture": "#2"}
			}
		},
		{
			"from": [7.25072, 8.90312, 2.07967],
			"to": [8.84475, 9.79633, 3.79737],
			"rotation": {"angle": -45, "axis": "x", "origin": [8.04773, 9.3669, 3.43666]},
			"faces": {
				"north": {"uv": [8.5, 1.75, 9.25, 2.75], "texture": "#2"},
				"east": {"uv": [8.5, 1.75, 9.25, 2.75], "texture": "#2"},
				"south": {"uv": [8.5, 1.75, 9.25, 2.75], "texture": "#2"},
				"west": {"uv": [8.5, 1.75, 9.25, 2.75], "texture": "#2"},
				"up": {"uv": [8.5, 1.75, 9.25, 2.75], "texture": "#2"},
				"down": {"uv": [8.5, 1.75, 9.25, 2.75], "texture": "#2"}
			}
		},
		{
			"from": [7.25072, 8.90312, 3.96467],
			"to": [8.84475, 9.79633, 5.68237],
			"rotation": {"angle": -45, "axis": "x", "origin": [8.04773, 9.3669, 5.32166]},
			"faces": {
				"north": {"uv": [8.5, 1.75, 9.25, 2.75], "texture": "#2"},
				"east": {"uv": [8.5, 1.75, 9.25, 2.75], "texture": "#2"},
				"south": {"uv": [8.5, 1.75, 9.25, 2.75], "texture": "#2"},
				"west": {"uv": [8.5, 1.75, 9.25, 2.75], "texture": "#2"},
				"up": {"uv": [8.5, 1.75, 9.25, 2.75], "texture": "#2"},
				"down": {"uv": [8.5, 1.75, 9.25, 2.75], "texture": "#2"}
			}
		},
		{
			"from": [7.25072, 8.71462, 5.84967],
			"to": [8.84475, 9.60783, 8.13287],
			"rotation": {"angle": -22.5, "axis": "x", "origin": [8.04773, 9.1784, 7.77216]},
			"faces": {
				"north": {"uv": [8.5, 1.75, 9.25, 2.75], "texture": "#2"},
				"east": {"uv": [8.5, 1.75, 9.25, 2.75], "texture": "#2"},
				"south": {"uv": [8.5, 1.75, 9.25, 2.75], "texture": "#2"},
				"west": {"uv": [8.5, 1.75, 9.25, 2.75], "texture": "#2"},
				"up": {"uv": [8.5, 1.75, 9.25, 2.75], "texture": "#2"},
				"down": {"uv": [8.5, 1.75, 9.25, 2.75], "texture": "#2"}
			}
		},
		{
			"from": [7.76603, 9.17795, 0.79005],
			"to": [8.32944, 9.5902, 3.26354],
			"rotation": {"angle": -45, "axis": "x", "origin": [8.04773, 9.3669, 1.52866]},
			"faces": {
				"north": {"uv": [1.25, 3.5, 1.5, 4.25], "texture": "#2"},
				"east": {"uv": [1.25, 3.5, 1.5, 4.25], "texture": "#2"},
				"south": {"uv": [1.25, 3.5, 1.5, 4.25], "texture": "#2"},
				"west": {"uv": [1.25, 3.5, 1.5, 4.25], "texture": "#2"},
				"up": {"uv": [1.25, 3.5, 1.5, 4.25], "texture": "#2"},
				"down": {"uv": [1.25, 3.5, 1.5, 4.25], "texture": "#2"}
			}
		},
		{
			"from": [7.76603, 9.17795, 2.69804],
			"to": [8.32944, 9.5902, 5.17154],
			"rotation": {"angle": -45, "axis": "x", "origin": [8.04773, 9.3669, 3.43666]},
			"faces": {
				"north": {"uv": [1.25, 3.5, 1.5, 4.25], "texture": "#2"},
				"east": {"uv": [1.25, 3.5, 1.5, 4.25], "texture": "#2"},
				"south": {"uv": [1.25, 3.5, 1.5, 4.25], "texture": "#2"},
				"west": {"uv": [1.25, 3.5, 1.5, 4.25], "texture": "#2"},
				"up": {"uv": [1.25, 3.5, 1.5, 4.25], "texture": "#2"},
				"down": {"uv": [1.25, 3.5, 1.5, 4.25], "texture": "#2"}
			}
		},
		{
			"from": [7.76603, 9.17795, 4.58304],
			"to": [8.32944, 9.5902, 7.05654],
			"rotation": {"angle": -45, "axis": "x", "origin": [8.04773, 9.3669, 5.32166]},
			"faces": {
				"north": {"uv": [1.25, 3.5, 1.5, 4.25], "texture": "#2"},
				"east": {"uv": [1.25, 3.5, 1.5, 4.25], "texture": "#2"},
				"south": {"uv": [1.25, 3.5, 1.5, 4.25], "texture": "#2"},
				"west": {"uv": [1.25, 3.5, 1.5, 4.25], "texture": "#2"},
				"up": {"uv": [1.25, 3.5, 1.5, 4.25], "texture": "#2"},
				"down": {"uv": [1.25, 3.5, 1.5, 4.25], "texture": "#2"}
			}
		},
		{
			"from": [7.76603, 8.98945, 7.03354],
			"to": [8.32944, 9.4017, 9.50704],
			"rotation": {"angle": -22.5, "axis": "x", "origin": [8.04773, 9.1784, 7.77216]},
			"faces": {
				"north": {"uv": [1.25, 3.5, 1.5, 4.25], "texture": "#2"},
				"east": {"uv": [1.25, 3.5, 1.5, 4.25], "texture": "#2"},
				"south": {"uv": [1.25, 3.5, 1.5, 4.25], "texture": "#2"},
				"west": {"uv": [1.25, 3.5, 1.5, 4.25], "texture": "#2"},
				"up": {"uv": [1.25, 3.5, 1.5, 4.25], "texture": "#2"},
				"down": {"uv": [1.25, 3.5, 1.5, 4.25], "texture": "#2"}
			}
		},
		{
			"from": [6.87295, 5.92348, 8.43614],
			"to": [9.05955, 7.61998, 16.54164],
			"rotation": {"angle": 0, "axis": "y", "origin": [7.96625, 6.77173, 10.83951]},
			"faces": {
				"east": {"uv": [10.5, 5, 16, 7], "rotation": 90, "texture": "#2"},
				"west": {"uv": [10.5, 5, 16, 7], "rotation": 270, "texture": "#2"},
				"up": {"uv": [10.5, 5, 16, 7], "texture": "#2"},
				"down": {"uv": [10.5, 5, 16, 7], "rotation": 180, "texture": "#2"}
			}
		},
		{
			"from": [5.36495, 6.11198, 7.49364],
			"to": [7.55155, 7.43148, 14.65664],
			"rotation": {"angle": -22.5, "axis": "y", "origin": [6.45825, 6.77173, 11.07514]},
			"faces": {
				"east": {"uv": [10.5, 5, 16, 7], "rotation": 90, "texture": "#2"},
				"west": {"uv": [10.5, 5, 16, 7], "rotation": 270, "texture": "#2"},
				"up": {"uv": [10.5, 5, 16, 7], "texture": "#2"},
				"down": {"uv": [10.5, 5, 16, 7], "rotation": 180, "texture": "#2"}
			}
		},
		{
			"from": [8.38095, 6.11198, 7.49364],
			"to": [10.56755, 7.43148, 14.65664],
			"rotation": {"angle": 22.5, "axis": "y", "origin": [9.47425, 6.77173, 11.07514]},
			"faces": {
				"east": {"uv": [10.5, 7, 16, 5], "rotation": 270, "texture": "#2"},
				"west": {"uv": [10.5, 7, 16, 5], "rotation": 90, "texture": "#2"},
				"up": {"uv": [16, 5, 10.5, 7], "texture": "#2"},
				"down": {"uv": [16, 5, 10.5, 7], "rotation": 180, "texture": "#2"}
			}
		}
	],
	"display": {
		"head": {
			"translation": [0, -1.75, 24.25],
			"scale": [4, 4, 4]
		}
	},
	"groups": [
		{
			"name": "root",
			"origin": [8, 8, 8],
			"children": [
				{
					"name": "tail",
					"origin": [8, 8, 8],
					"children": [
						{
							"name": "2",
							"origin": [8, 8, 8],
							"children": [0, 1, 2, 3, 4,
								{
									"name": "group",
									"origin": [5.89677, 9.8388, 8.24953],
									"children": [5, 6, 7, 8, 9, 10, 11, 12]
								},
								{
									"name": "group",
									"origin": [5.89677, 9.8388, 8.24953],
									"children": [13, 14, 15, 16, 17, 18, 19, 20]
								},
								{
									"name": "group",
									"origin": [8.05, 10.48413, 9.47217],
									"children": [21, 22, 23, 24, 25, 26, 27, 28]
								}, 29, 30, 31]
						}
					]
				}
			]
		}
	]
}