{
	"credit": "Made with Blockbench",
	"texture_size": [32, 32],
	"textures": {
		"2": "diablos/head"
	},
	"elements": [
		{
			"from": [6.15614, -3.61652, 8.65869],
			"to": [9.86115, -0.65252, 16.06869],
			"rotation": {"angle": -45, "axis": "x", "origin": [8.00865, -2.5058, 14.13469]},
			"faces": {
				"north": {"uv": [8, 4.5, 6.5, 6.25], "texture": "#2"},
				"east": {"uv": [8, 4.5, 6.5, 6.25], "texture": "#2"},
				"south": {"uv": [8, 4.5, 6.5, 6.25], "texture": "#2"},
				"west": {"uv": [8, 4.5, 6.5, 6.25], "texture": "#2"},
				"up": {"uv": [8, 4.5, 6.5, 6.25], "texture": "#2"},
				"down": {"uv": [8, 4.5, 6.5, 6.25], "texture": "#2"}
			}
		},
		{
			"from": [6.15614, -3.49589, 11.93195],
			"to": [9.86115, 0.20911, 15.63695],
			"rotation": {"angle": 22.5, "axis": "x", "origin": [8.00865, -2.93805, 15.06094]},
			"faces": {
				"north": {"uv": [6.5, 6.25, 8, 4.5], "rotation": 270, "texture": "#2"},
				"east": {"uv": [6.5, 6.25, 8, 4.5], "rotation": 270, "texture": "#2"},
				"south": {"uv": [6.5, 6.25, 8, 4.5], "rotation": 270, "texture": "#2"},
				"west": {"uv": [6.5, 6.25, 8, 4.5], "rotation": 270, "texture": "#2"},
				"up": {"uv": [6.5, 6.25, 8, 4.5], "rotation": 270, "texture": "#2"},
				"down": {"uv": [6.5, 6.25, 8, 4.5], "rotation": 270, "texture": "#2"}
			}
		},
		{
			"from": [6.15614, -4.8713, 13.8292],
			"to": [9.86115, -1.1663, 17.6577],
			"rotation": {"angle": -22.5, "axis": "x", "origin": [8.00865, -2.93805, 15.06094]},
			"faces": {
				"north": {"uv": [8, 4.5, 6.5, 6.25], "texture": "#2"},
				"east": {"uv": [8, 4.5, 6.5, 6.25], "texture": "#2"},
				"south": {"uv": [8, 4.5, 6.5, 6.25], "texture": "#2"},
				"west": {"uv": [8, 4.5, 6.5, 6.25], "texture": "#2"},
				"up": {"uv": [8, 4.5, 6.5, 6.25], "texture": "#2"},
				"down": {"uv": [8, 4.5, 6.5, 6.25], "texture": "#2"}
			}
		},
		{
			"from": [6.15614, -5.72896, 14.35142],
			"to": [9.86115, -3.56771, 16.69792],
			"rotation": {"angle": -45, "axis": "x", "origin": [8.00865, -2.93805, 15.06094]},
			"faces": {
				"north": {"uv": [8, 4.5, 6.5, 6.25], "texture": "#2"},
				"east": {"uv": [8, 4.5, 6.5, 6.25], "texture": "#2"},
				"south": {"uv": [8, 4.5, 6.5, 6.25], "texture": "#2"},
				"west": {"uv": [8, 4.5, 6.5, 6.25], "texture": "#2"},
				"up": {"uv": [8, 4.5, 6.5, 6.25], "texture": "#2"},
				"down": {"uv": [8, 4.5, 6.5, 6.25], "texture": "#2"}
			}
		},
		{
			"from": [5.16814, -4.3773, 8.33345],
			"to": [10.84915, -1.6603, 15.12595],
			"rotation": {"angle": -22.5, "axis": "x", "origin": [8.00865, -1.61058, 17.79439]},
			"faces": {
				"north": {"uv": [8, 4.5, 6.5, 6.25], "texture": "#2"},
				"east": {"uv": [8, 4.5, 6.5, 6.25], "texture": "#2"},
				"south": {"uv": [8, 4.5, 6.5, 6.25], "texture": "#2"},
				"west": {"uv": [8, 4.5, 6.5, 6.25], "texture": "#2"},
				"up": {"uv": [8, 4.5, 6.5, 6.25], "texture": "#2"},
				"down": {"uv": [8, 4.5, 6.5, 6.25], "texture": "#2"}
			}
		},
		{
			"from": [4.67414, -7.8353, 6.4192],
			"to": [11.34315, -4.8713, 10.1242],
			"rotation": {"angle": 0, "axis": "y", "origin": [26.16315, -8.5763, -23.9618]},
			"faces": {
				"north": {"uv": [8, 4.5, 6.5, 6.25], "texture": "#2"},
				"east": {"uv": [8, 4.5, 6.5, 6.25], "texture": "#2"},
				"south": {"uv": [8, 4.5, 6.5, 6.25], "texture": "#2"},
				"west": {"uv": [8, 4.5, 6.5, 6.25], "texture": "#2"},
				"up": {"uv": [8, 4.5, 6.5, 6.25], "texture": "#2"},
				"down": {"uv": [8, 4.5, 6.5, 6.25], "texture": "#2"}
			}
		},
		{
			"from": [6.77364, -7.8353, 4.6902],
			"to": [9.24365, -5.1183, 7.0367],
			"rotation": {"angle": 0, "axis": "y", "origin": [26.16315, -8.5763, -23.9618]},
			"faces": {
				"north": {"uv": [8, 4.5, 6.5, 6.25], "texture": "#2"},
				"east": {"uv": [8, 4.5, 6.5, 6.25], "texture": "#2"},
				"south": {"uv": [8, 4.5, 6.5, 6.25], "texture": "#2"},
				"west": {"uv": [8, 4.5, 6.5, 6.25], "texture": "#2"},
				"up": {"uv": [8, 4.5, 6.5, 6.25], "texture": "#2"},
				"down": {"uv": [8, 4.5, 6.5, 6.25], "texture": "#2"}
			}
		},
		{
			"from": [7.39114, -7.77355, 4.1962],
			"to": [8.62615, -5.30355, 5.4312],
			"rotation": {"angle": 22.5, "axis": "x", "origin": [8.00865, -6.53855, 4.8137]},
			"faces": {
				"north": {"uv": [14.5, 0.5, 13.5, 2], "texture": "#2"},
				"east": {"uv": [14.5, 0.5, 13.5, 2], "texture": "#2"},
				"south": {"uv": [14.5, 0.5, 13.5, 2], "texture": "#2"},
				"west": {"uv": [14.5, 0.5, 13.5, 2], "texture": "#2"},
				"up": {"uv": [14.5, 0.5, 13.5, 2], "texture": "#2"},
				"down": {"uv": [14.5, 0.5, 13.5, 2], "texture": "#2"}
			}
		},
		{
			"from": [7.39114, -7.9588, 3.76395],
			"to": [8.62615, -7.40305, 4.99895],
			"rotation": {"angle": 0, "axis": "y", "origin": [8.00865, -6.53855, 4.38145]},
			"faces": {
				"north": {"uv": [14.5, 0.5, 13.5, 2], "texture": "#2"},
				"east": {"uv": [14.5, 0.5, 13.5, 2], "texture": "#2"},
				"south": {"uv": [14.5, 0.5, 13.5, 2], "texture": "#2"},
				"west": {"uv": [14.5, 0.5, 13.5, 2], "texture": "#2"},
				"up": {"uv": [14.5, 0.5, 13.5, 2], "texture": "#2"},
				"down": {"uv": [14.5, 0.5, 13.5, 2], "texture": "#2"}
			}
		},
		{
			"from": [4.05665, -7.8353, 4.6902],
			"to": [6.52665, -5.1183, 7.0367],
			"rotation": {"angle": 0, "axis": "y", "origin": [23.44615, -8.5763, -23.9618]},
			"faces": {
				"north": {"uv": [8, 4.5, 6.5, 6.25], "texture": "#2"},
				"east": {"uv": [8, 4.5, 6.5, 6.25], "texture": "#2"},
				"south": {"uv": [8, 4.5, 6.5, 6.25], "texture": "#2"},
				"west": {"uv": [8, 4.5, 6.5, 6.25], "texture": "#2"},
				"up": {"uv": [8, 4.5, 6.5, 6.25], "texture": "#2"},
				"down": {"uv": [8, 4.5, 6.5, 6.25], "texture": "#2"}
			}
		},
		{
			"from": [4.67415, -7.77355, 4.1962],
			"to": [5.90915, -5.30355, 5.4312],
			"rotation": {"angle": 22.5, "axis": "x", "origin": [5.29165, -6.53855, 4.8137]},
			"faces": {
				"north": {"uv": [14.5, 0.5, 13.5, 2], "texture": "#2"},
				"east": {"uv": [14.5, 0.5, 13.5, 2], "texture": "#2"},
				"south": {"uv": [14.5, 0.5, 13.5, 2], "texture": "#2"},
				"west": {"uv": [14.5, 0.5, 13.5, 2], "texture": "#2"},
				"up": {"uv": [14.5, 0.5, 13.5, 2], "texture": "#2"},
				"down": {"uv": [14.5, 0.5, 13.5, 2], "texture": "#2"}
			}
		},
		{
			"from": [4.67415, -7.9588, 3.76395],
			"to": [5.90915, -7.40305, 4.99895],
			"rotation": {"angle": 0, "axis": "y", "origin": [5.29165, -6.53855, 4.38145]},
			"faces": {
				"north": {"uv": [14.5, 0.5, 13.5, 2], "texture": "#2"},
				"east": {"uv": [14.5, 0.5, 13.5, 2], "texture": "#2"},
				"south": {"uv": [14.5, 0.5, 13.5, 2], "texture": "#2"},
				"west": {"uv": [14.5, 0.5, 13.5, 2], "texture": "#2"},
				"up": {"uv": [14.5, 0.5, 13.5, 2], "texture": "#2"},
				"down": {"uv": [14.5, 0.5, 13.5, 2], "texture": "#2"}
			}
		},
		{
			"from": [9.49064, -7.8353, 4.6902],
			"to": [11.96065, -5.1183, 7.0367],
			"rotation": {"angle": 0, "axis": "y", "origin": [28.88015, -8.5763, -23.9618]},
			"faces": {
				"north": {"uv": [8, 4.5, 6.5, 6.25], "texture": "#2"},
				"east": {"uv": [8, 4.5, 6.5, 6.25], "texture": "#2"},
				"south": {"uv": [8, 4.5, 6.5, 6.25], "texture": "#2"},
				"west": {"uv": [8, 4.5, 6.5, 6.25], "texture": "#2"},
				"up": {"uv": [8, 4.5, 6.5, 6.25], "texture": "#2"},
				"down": {"uv": [8, 4.5, 6.5, 6.25], "texture": "#2"}
			}
		},
		{
			"from": [10.10814, -7.77355, 4.1962],
			"to": [11.34315, -5.30355, 5.4312],
			"rotation": {"angle": 22.5, "axis": "x", "origin": [10.72564, -6.53855, 4.8137]},
			"faces": {
				"north": {"uv": [14.5, 0.5, 13.5, 2], "texture": "#2"},
				"east": {"uv": [14.5, 0.5, 13.5, 2], "texture": "#2"},
				"south": {"uv": [14.5, 0.5, 13.5, 2], "texture": "#2"},
				"west": {"uv": [14.5, 0.5, 13.5, 2], "texture": "#2"},
				"up": {"uv": [14.5, 0.5, 13.5, 2], "texture": "#2"},
				"down": {"uv": [14.5, 0.5, 13.5, 2], "texture": "#2"}
			}
		},
		{
			"from": [10.10814, -7.9588, 3.76395],
			"to": [11.34315, -7.40305, 4.99895],
			"rotation": {"angle": 0, "axis": "y", "origin": [10.72564, -6.53855, 4.38145]},
			"faces": {
				"north": {"uv": [14.5, 0.5, 13.5, 2], "texture": "#2"},
				"east": {"uv": [14.5, 0.5, 13.5, 2], "texture": "#2"},
				"south": {"uv": [14.5, 0.5, 13.5, 2], "texture": "#2"},
				"west": {"uv": [14.5, 0.5, 13.5, 2], "texture": "#2"},
				"up": {"uv": [14.5, 0.5, 13.5, 2], "texture": "#2"},
				"down": {"uv": [14.5, 0.5, 13.5, 2], "texture": "#2"}
			}
		},
		{
			"from": [3.43915, -7.8353, 6.4192],
			"to": [5.16815, -5.8593, 10.8652],
			"rotation": {"angle": 22.5, "axis": "y", "origin": [8.00865, -6.3533, 8.2717]},
			"faces": {
				"north": {"uv": [8, 4.5, 6.5, 6.25], "texture": "#2"},
				"east": {"uv": [8, 4.5, 6.5, 6.25], "texture": "#2"},
				"south": {"uv": [8, 4.5, 6.5, 6.25], "texture": "#2"},
				"west": {"uv": [8, 4.5, 6.5, 6.25], "texture": "#2"},
				"up": {"uv": [8, 4.5, 6.5, 6.25], "texture": "#2"},
				"down": {"uv": [8, 4.5, 6.5, 6.25], "texture": "#2"}
			}
		},
		{
			"from": [3.06864, -7.8353, 7.22195],
			"to": [4.4889, -5.8593, 8.45695],
			"rotation": {"angle": 0, "axis": "y", "origin": [7.63814, -6.3533, 8.2717]},
			"faces": {
				"north": {"uv": [8, 4.5, 6.5, 6.25], "texture": "#2"},
				"east": {"uv": [8, 4.5, 6.5, 6.25], "texture": "#2"},
				"south": {"uv": [8, 4.5, 6.5, 6.25], "texture": "#2"},
				"west": {"uv": [8, 4.5, 6.5, 6.25], "texture": "#2"},
				"up": {"uv": [8, 4.5, 6.5, 6.25], "texture": "#2"},
				"down": {"uv": [8, 4.5, 6.5, 6.25], "texture": "#2"}
			}
		},
		{
			"from": [3.19214, -7.77355, 6.11045],
			"to": [3.93314, -7.03255, 8.1482],
			"rotation": {"angle": 0, "axis": "y", "origin": [8.00865, -6.3533, 8.2717]},
			"faces": {
				"north": {"uv": [14.5, 0.5, 13.5, 2], "texture": "#2"},
				"east": {"uv": [14.5, 0.5, 13.5, 2], "texture": "#2"},
				"south": {"uv": [14.5, 0.5, 13.5, 2], "texture": "#2"},
				"west": {"uv": [14.5, 0.5, 13.5, 2], "texture": "#2"},
				"up": {"uv": [14.5, 0.5, 13.5, 2], "texture": "#2"},
				"down": {"uv": [14.5, 0.5, 13.5, 2], "texture": "#2"}
			}
		},
		{
			"from": [3.19214, -6.7238, 5.9252],
			"to": [3.93314, -6.1063, 8.08645],
			"rotation": {"angle": -22.5, "axis": "x", "origin": [8.00865, -6.1063, 8.2717]},
			"faces": {
				"north": {"uv": [14.5, 0.5, 13.5, 2], "texture": "#2"},
				"east": {"uv": [14.5, 0.5, 13.5, 2], "texture": "#2"},
				"south": {"uv": [14.5, 0.5, 13.5, 2], "texture": "#2"},
				"west": {"uv": [14.5, 0.5, 13.5, 2], "texture": "#2"},
				"up": {"uv": [14.5, 0.5, 13.5, 2], "texture": "#2"},
				"down": {"uv": [14.5, 0.5, 13.5, 2], "texture": "#2"}
			}
		}
	],
	"display": {
		"head": {
			"translation": [0, 31, -26.5],
			"scale": [4, 4, 4]
		}
	},
	"groups": [
		{
			"name": "root",
			"origin": [8, 8, 8],
			"children": [
				{
					"name": "leg_l",
					"origin": [8, 8, 8],
					"children": [
						{
							"name": "2",
							"origin": [8, 8, 8],
							"children": [0, 1, 2, 3, 4, 5,
								{
									"name": "group",
									"origin": [-2.7, -0.29, -4.94],
									"children": [6, 7, 8]
								},
								{
									"name": "group",
									"origin": [-2.7, -0.29, -4.94],
									"children": [9, 10, 11]
								},
								{
									"name": "group",
									"origin": [-2.7, -0.29, -4.94],
									"children": [12, 13, 14]
								}, 15, 16, 17, 18]
						}
					]
				}
			]
		}
	]
}