{
	"credit": "Made with Blockbench",
	"texture_size": [32, 32],
	"textures": {
		"2": "diablos/head"
	},
	"elements": [
		{
			"from": [6.13886, 16.9635, 7.259],
			"to": [10.58486, 18.4455, 12.8165],
			"rotation": {"angle": 22.5, "axis": "x", "origin": [8.02841, 10.67662, 6.67993]},
			"faces": {
				"north": {"uv": [6.5, 4.5, 8, 6.25], "texture": "#2"},
				"east": {"uv": [6.5, 4.5, 8, 6.25], "texture": "#2"},
				"south": {"uv": [6.5, 4.5, 8, 6.25], "texture": "#2"},
				"west": {"uv": [6.5, 4.5, 8, 6.25], "texture": "#2"},
				"up": {"uv": [6.5, 4.5, 8, 6.25], "texture": "#2"},
				"down": {"uv": [6.5, 4.5, 8, 6.25], "texture": "#2"}
			}
		},
		{
			"from": [5.39785, 8.0715, 7.259],
			"to": [10.58486, 16.9635, 13.681],
			"rotation": {"angle": 22.5, "axis": "x", "origin": [8.02841, 10.67662, 6.67993]},
			"faces": {
				"north": {"uv": [6.5, 4.5, 8, 6.25], "texture": "#2"},
				"east": {"uv": [6.5, 4.5, 8, 6.25], "texture": "#2"},
				"south": {"uv": [6.5, 4.5, 8, 6.25], "texture": "#2"},
				"west": {"uv": [6.5, 4.5, 8, 6.25], "texture": "#2"},
				"up": {"uv": [6.5, 4.5, 8, 6.25], "texture": "#2"},
				"down": {"uv": [6.5, 4.5, 8, 6.25], "texture": "#2"}
			}
		},
		{
			"from": [6.13886, 4.3665, 7.259],
			"to": [9.84386, 8.0715, 10.964],
			"rotation": {"angle": 22.5, "axis": "x", "origin": [8.02841, 10.67662, 6.67993]},
			"faces": {
				"north": {"uv": [6.5, 4.5, 8, 6.25], "texture": "#2"},
				"east": {"uv": [6.5, 4.5, 8, 6.25], "texture": "#2"},
				"south": {"uv": [6.5, 4.5, 8, 6.25], "texture": "#2"},
				"west": {"uv": [6.5, 4.5, 8, 6.25], "texture": "#2"},
				"up": {"uv": [6.5, 4.5, 8, 6.25], "texture": "#2"},
				"down": {"uv": [6.5, 4.5, 8, 6.25], "texture": "#2"}
			}
		},
		{
			"from": [6.13886, 8.0715, 5.777],
			"to": [9.84386, 16.9635, 7.259],
			"rotation": {"angle": 22.5, "axis": "x", "origin": [8.02841, 10.67662, 6.67993]},
			"faces": {
				"north": {"uv": [6.5, 4.5, 8, 6.25], "texture": "#2"},
				"east": {"uv": [6.5, 4.5, 8, 6.25], "texture": "#2"},
				"south": {"uv": [6.5, 4.5, 8, 6.25], "texture": "#2"},
				"west": {"uv": [6.5, 4.5, 8, 6.25], "texture": "#2"},
				"up": {"uv": [6.5, 4.5, 8, 6.25], "texture": "#2"},
				"down": {"uv": [6.5, 4.5, 8, 6.25], "texture": "#2"}
			}
		},
		{
			"from": [6.87986, 3.6255, 5.777],
			"to": [9.10286, 8.0715, 7.259],
			"rotation": {"angle": 22.5, "axis": "x", "origin": [8.02841, 10.67662, 6.67993]},
			"faces": {
				"north": {"uv": [6.5, 4.5, 8, 6.25], "texture": "#2"},
				"east": {"uv": [6.5, 4.5, 8, 6.25], "texture": "#2"},
				"south": {"uv": [6.5, 4.5, 8, 6.25], "texture": "#2"},
				"west": {"uv": [6.5, 4.5, 8, 6.25], "texture": "#2"},
				"up": {"uv": [6.5, 4.5, 8, 6.25], "texture": "#2"},
				"down": {"uv": [6.5, 4.5, 8, 6.25], "texture": "#2"}
			}
		}
	],
	"display": {
		"head": {
			"rotation": [-22.5, 0, 0],
			"translation": [0, -22.5, -4],
			"scale": [4, 4, 4]
		}
	},
	"groups": [
		{
			"name": "root",
			"origin": [8, 8, 8],
			"children": [
				{
					"name": "leg_l",
					"origin": [8, 8, 8],
					"children": [
						{
							"name": "0",
							"origin": [8, 8, 8],
							"children": [0, 1, 2, 3, 4]
						}
					]
				}
			]
		}
	]
}