{
	"credit": "Made with Blockbench",
	"texture_size": [32, 32],
	"textures": {
		"0": "brachy/head",
		"particle": "brachy/head"
	},
	"elements": [
		{
			"from": [5.68984, 8.4353, 5.75714],
			"to": [10.31017, 10.37078, 8.55084],
			"rotation": {"angle": 0, "axis": "y", "origin": [7.99732, 8.51051, 7.33346]},
			"faces": {
				"north": {"uv": [6.5, 1, 7.5, 1.5], "texture": "#0"},
				"east": {"uv": [7.5, 1, 8.25, 1.5], "texture": "#0"},
				"south": {"uv": [3.5, 6.5, 4.5, 7], "texture": "#0"},
				"west": {"uv": [1.5, 7.5, 2.25, 8], "texture": "#0"},
				"up": {"uv": [4.5, 5.75, 3.5, 5], "texture": "#0"},
				"down": {"uv": [5.5, 5, 4.5, 5.75], "texture": "#0"}
			}
		},
		{
			"from": [5.1543, 9.29216, 6.82821],
			"to": [10.8457, 10.15656, 10.47876],
			"rotation": {"angle": 0, "axis": "y", "origin": [7.99732, 8.51051, 7.33346]},
			"faces": {
				"north": {"uv": [6.5, 1, 7.5, 1.5], "texture": "#0"},
				"east": {"uv": [7.5, 1, 8.25, 1.5], "texture": "#0"},
				"south": {"uv": [3.5, 6.5, 4.5, 7], "texture": "#0"},
				"west": {"uv": [1.5, 7.5, 2.25, 8], "texture": "#0"},
				"up": {"uv": [4.5, 5.75, 3.5, 5], "texture": "#0"},
				"down": {"uv": [5.5, 5, 4.5, 5.75], "texture": "#0"}
			}
		},
		{
			"from": [5.15257, 8.22041, 8.55084],
			"to": [10.84743, 11.54861, 12.74136],
			"rotation": {"angle": 0, "axis": "y", "origin": [7.99732, 8.51051, 7.33346]},
			"faces": {
				"north": {"uv": [5.5, 4, 6.75, 4.5], "texture": "#0"},
				"east": {"uv": [4.5, 6.5, 5.5, 7], "texture": "#0"},
				"south": {"uv": [5.5, 4.5, 6.75, 5], "texture": "#0"},
				"west": {"uv": [5.5, 6.5, 6.5, 7], "texture": "#0"},
				"up": {"uv": [3.25, 3, 2, 2], "texture": "#0"},
				"down": {"uv": [4.25, 0, 3, 1], "texture": "#0"}
			}
		},
		{
			"from": [4.61533, 5.53416, 8.55084],
			"to": [11.38467, 8.22041, 12.74136],
			"rotation": {"angle": 0, "axis": "y", "origin": [7.99732, 8.51051, 7.33346]},
			"faces": {
				"north": {"uv": [3, 1, 4.5, 1.75], "texture": "#0"},
				"east": {"uv": [0, 5.5, 1, 6.25], "texture": "#0"},
				"south": {"uv": [2, 3, 3.5, 3.75], "texture": "#0"},
				"west": {"uv": [5.5, 3, 6.5, 3.75], "texture": "#0"},
				"up": {"uv": [1.5, 1, 0, 0], "texture": "#0"},
				"down": {"uv": [1.5, 1, 0, 2], "texture": "#0"}
			}
		},
		{
			"from": [6.0659, 5.53416, 4.14539],
			"to": [9.9341, 9.29765, 5.75714],
			"rotation": {"angle": 0, "axis": "y", "origin": [7.99732, 8.51051, 7.33346]},
			"faces": {
				"north": {"uv": [0, 3.5, 1, 4.5], "texture": "#0"},
				"east": {"uv": [2.5, 6.5, 3, 7.5], "texture": "#0"},
				"south": {"uv": [1, 3.5, 2, 4.5], "texture": "#0"},
				"west": {"uv": [6.5, 6, 7, 7], "texture": "#0"},
				"up": {"uv": [8, 2.5, 7, 2], "texture": "#0"},
				"down": {"uv": [8, 2.5, 7, 3], "texture": "#0"}
			}
		},
		{
			"from": [5.52865, 5.53416, 5.75714],
			"to": [10.47135, 8.4353, 8.55084],
			"rotation": {"angle": 0, "axis": "y", "origin": [7.99732, 8.51051, 7.33346]},
			"faces": {
				"north": {"uv": [3.5, 2, 4.75, 2.75], "texture": "#0"},
				"east": {"uv": [0, 6.5, 0.75, 7.25], "texture": "#0"},
				"south": {"uv": [3.5, 3, 4.75, 3.75], "texture": "#0"},
				"west": {"uv": [6.5, 0, 7.25, 0.75], "texture": "#0"},
				"up": {"uv": [3.25, 4.75, 2, 4], "texture": "#0"},
				"down": {"uv": [4.75, 4, 3.5, 4.75], "texture": "#0"}
			}
		},
		{
			"from": [5.09886, 3.19666, 9.41043],
			"to": [10.90114, 5.53416, 12.74136],
			"rotation": {"angle": 0, "axis": "y", "origin": [7.99732, 8.51051, 7.33346]},
			"faces": {
				"north": {"uv": [5.5, 5, 6.75, 5.5], "texture": "#0"},
				"east": {"uv": [7.5, 1.5, 8.25, 2], "texture": "#0"},
				"south": {"uv": [5.5, 5.5, 6.75, 6], "texture": "#0"},
				"west": {"uv": [7.5, 3, 8.25, 3.5], "texture": "#0"},
				"up": {"uv": [1.25, 5.25, 0, 4.5], "texture": "#0"},
				"down": {"uv": [5.75, 0, 4.5, 0.75], "texture": "#0"}
			}
		},
		{
			"from": [6.71061, 5.53416, 1.9964],
			"to": [9.28939, 8.65294, 4.14539],
			"rotation": {"angle": 0, "axis": "y", "origin": [7.99732, 8.51051, 7.33346]},
			"faces": {
				"north": {"uv": [1, 7, 1.5, 8], "texture": "#0"},
				"east": {"uv": [3, 7, 3.5, 8], "texture": "#0"},
				"south": {"uv": [3.5, 7, 4, 8], "texture": "#0"},
				"west": {"uv": [4, 7, 4.5, 8], "texture": "#0"},
				"up": {"uv": [2, 5, 1.5, 4.5], "texture": "#0"},
				"down": {"uv": [4, 8.5, 3.5, 9], "texture": "#0"}
			}
		},
		{
			"from": [7.19413, 6.40521, 0.32869],
			"to": [8.80587, 8.66166, 3.22983],
			"rotation": {"angle": 22.5, "axis": "x", "origin": [8, 8.12441, 1.77926]},
			"faces": {
				"north": {"uv": [11.5, 0.5, 11.75, 1], "texture": "#0"},
				"east": {"uv": [7.5, 3.5, 8.25, 4], "texture": "#0"},
				"south": {"uv": [1, 11.5, 1.25, 12], "texture": "#0"},
				"west": {"uv": [7.5, 4, 8.25, 4.5], "texture": "#0"},
				"up": {"uv": [9.75, 5.25, 9.5, 4.5], "texture": "#0"},
				"down": {"uv": [5.25, 9.5, 5, 10.25], "texture": "#0"}
			}
		},
		{
			"from": [7.46275, 6.62011, -0.9607],
			"to": [8.53725, 7.90951, 0.86594],
			"rotation": {"angle": 45, "axis": "x", "origin": [8, 8.12441, 1.77926]},
			"faces": {
				"north": {"uv": [6, 12, 6.25, 12.25], "texture": "#0"},
				"east": {"uv": [11.5, 1, 12, 1.25], "texture": "#0"},
				"south": {"uv": [12, 6, 12.25, 6.25], "texture": "#0"},
				"west": {"uv": [1.5, 11.5, 2, 11.75], "texture": "#0"},
				"up": {"uv": [11.75, 2, 11.5, 1.5], "texture": "#0"},
				"down": {"uv": [2.25, 11.5, 2, 12], "texture": "#0"}
			}
		},
		{
			"from": [7.14041, 3.36303, 2.25075],
			"to": [8.85959, 6.37163, 3.70132],
			"rotation": {"angle": 22.5, "axis": "x", "origin": [7.99732, 8.51051, 7.33346]},
			"faces": {
				"north": {"uv": [2.5, 7.5, 3, 8.25], "texture": "#0"},
				"east": {"uv": [5.5, 9.5, 5.75, 10.25], "texture": "#0"},
				"south": {"uv": [7.5, 4.5, 8, 5.25], "texture": "#0"},
				"west": {"uv": [6, 9.5, 6.25, 10.25], "texture": "#0"},
				"up": {"uv": [12, 2.25, 11.5, 2], "texture": "#0"},
				"down": {"uv": [3, 11.5, 2.5, 11.75], "texture": "#0"}
			}
		},
		{
			"from": [7.19413, 5.87197, 2.12844],
			"to": [8.80587, 7.96724, 4.49234],
			"rotation": {"angle": 45, "axis": "x", "origin": [8, 6.81214, 1.91355]},
			"faces": {
				"north": {"uv": [0, 9, 0.5, 9.5], "texture": "#0"},
				"east": {"uv": [9, 0, 9.5, 0.5], "texture": "#0"},
				"south": {"uv": [0.5, 9, 1, 9.5], "texture": "#0"},
				"west": {"uv": [9, 0.5, 9.5, 1], "texture": "#0"},
				"up": {"uv": [1.5, 9.5, 1, 9], "texture": "#0"},
				"down": {"uv": [9.5, 1, 9, 1.5], "texture": "#0"}
			}
		},
		{
			"from": [7.32264, 10.19161, -4.95088],
			"to": [8.67737, 15.02994, 2.67957],
			"rotation": {"angle": 0, "axis": "y", "origin": [8, 12.60573, 3.25028]},
			"faces": {
				"north": {"uv": [9, 1.5, 9.25, 2.5], "texture": "#0"},
				"east": {"uv": [1.5, 0, 3, 1], "texture": "#0"},
				"south": {"uv": [2.5, 9, 2.75, 10], "texture": "#0"},
				"west": {"uv": [1.5, 1, 3, 2], "texture": "#0"},
				"up": {"uv": [6.75, 9, 6.5, 7.5], "texture": "#0"},
				"down": {"uv": [7.25, 7.5, 7, 9], "texture": "#0"}
			}
		},
		{
			"from": [5.58082, 11.9334, -4.95088],
			"to": [10.41917, 13.28814, 2.67957],
			"rotation": {"angle": 0, "axis": "y", "origin": [8, 12.60573, 3.25028]},
			"faces": {
				"north": {"uv": [9, 2.5, 10, 2.75], "texture": "#0"},
				"east": {"uv": [7.5, 5.5, 9, 5.75], "texture": "#0"},
				"south": {"uv": [3, 9, 4, 9.25], "texture": "#0"},
				"west": {"uv": [7.5, 7, 9, 7.25], "texture": "#0"},
				"up": {"uv": [1, 3.5, 0, 2], "texture": "#0"},
				"down": {"uv": [2, 2, 1, 3.5], "texture": "#0"}
			}
		},
		{
			"from": [6.5485, 11.15928, -6.19847],
			"to": [9.4515, 14.06228, 3.71675],
			"rotation": {"angle": 0, "axis": "y", "origin": [8, 12.60573, 3.25028]},
			"faces": {
				"north": {"uv": [4, 9, 4.5, 9.5], "texture": "#0"},
				"east": {"uv": [5, 2, 6.75, 2.5], "texture": "#0"},
				"south": {"uv": [4.5, 9, 5, 9.5], "texture": "#0"},
				"west": {"uv": [5, 2.5, 6.75, 3], "texture": "#0"},
				"up": {"uv": [3.5, 6.75, 3, 5], "texture": "#0"},
				"down": {"uv": [5.5, 3, 5, 4.75], "texture": "#0"}
			}
		},
		{
			"from": [7.11298, 11.66647, 3.24886],
			"to": [8.88702, 13.44052, 6.71299],
			"rotation": {"angle": 0, "axis": "y", "origin": [8, 12.60573, 3.25028]},
			"faces": {
				"north": {"uv": [6.5, 12, 6.75, 12.25], "texture": "#0"},
				"east": {"uv": [9.5, 7, 10.25, 7.25], "texture": "#0"},
				"south": {"uv": [12, 6.5, 12.25, 6.75], "texture": "#0"},
				"west": {"uv": [9.5, 7.5, 10.25, 7.75], "texture": "#0"},
				"up": {"uv": [6.75, 10.25, 6.5, 9.5], "texture": "#0"},
				"down": {"uv": [9.75, 8, 9.5, 8.75], "texture": "#0"}
			}
		},
		{
			"from": [6.84418, 5.71543, 3.73146],
			"to": [9.15583, 10.79233, 6.53967],
			"rotation": {"angle": -45, "axis": "x", "origin": [8, 12.60573, 3.25028]},
			"faces": {
				"north": {"uv": [7, 4, 7.5, 5], "texture": "#0"},
				"east": {"uv": [4.5, 7, 5, 8], "texture": "#0"},
				"south": {"uv": [5, 7, 5.5, 8], "texture": "#0"},
				"west": {"uv": [7, 5, 7.5, 6], "texture": "#0"},
				"up": {"uv": [5.5, 9.5, 5, 9], "texture": "#0"},
				"down": {"uv": [6, 9, 5.5, 9.5], "texture": "#0"}
			}
		},
		{
			"from": [6.46787, 12.06966, 1.95865],
			"to": [9.53214, 13.03732, 6.71299],
			"rotation": {"angle": 0, "axis": "y", "origin": [8, 12.60573, 3.25028]},
			"faces": {
				"north": {"uv": [11.5, 3, 12, 3.25], "texture": "#0"},
				"east": {"uv": [9, 5.5, 10, 5.75], "texture": "#0"},
				"south": {"uv": [3.5, 11.5, 4, 11.75], "texture": "#0"},
				"west": {"uv": [6, 9, 7, 9.25], "texture": "#0"},
				"up": {"uv": [6, 8, 5.5, 7], "texture": "#0"},
				"down": {"uv": [6.5, 7, 6, 8], "texture": "#0"}
			}
		},
		{
			"from": [7.51618, 10.75254, 1.95865],
			"to": [8.48382, 12.47284, 6.71299],
			"rotation": {"angle": 0, "axis": "y", "origin": [8, 12.60573, 3.25028]},
			"faces": {
				"north": {"uv": [7, 12, 7.25, 12.25], "texture": "#0"},
				"east": {"uv": [9, 6, 10, 6.25], "texture": "#0"},
				"south": {"uv": [12, 7, 12.25, 7.25], "texture": "#0"},
				"west": {"uv": [9, 6.5, 10, 6.75], "texture": "#0"},
				"up": {"uv": [7.25, 10, 7, 9], "texture": "#0"},
				"down": {"uv": [9.25, 7, 9, 8], "texture": "#0"}
			}
		},
		{
			"from": [7.51618, 13.44052, 2.44248],
			"to": [8.48382, 14.48881, 6.71299],
			"rotation": {"angle": 0, "axis": "y", "origin": [8, 12.60573, 3.25028]},
			"faces": {
				"north": {"uv": [7.5, 12, 7.75, 12.25], "texture": "#0"},
				"east": {"uv": [9.5, 9, 10.25, 9.25], "texture": "#0"},
				"south": {"uv": [12, 7.5, 12.25, 7.75], "texture": "#0"},
				"west": {"uv": [9.5, 9.5, 10.25, 9.75], "texture": "#0"},
				"up": {"uv": [0.25, 10.75, 0, 10], "texture": "#0"},
				"down": {"uv": [0.75, 10, 0.5, 10.75], "texture": "#0"}
			}
		},
		{
			"from": [7.59681, 12.00279, 6.56808],
			"to": [8.40319, 12.97046, 8.1775],
			"rotation": {"angle": -22.5, "axis": "x", "origin": [8, 12.60573, 3.25028]},
			"faces": {
				"north": {"uv": [8, 12, 8.25, 12.25], "texture": "#0"},
				"east": {"uv": [12, 8, 12.25, 8.25], "texture": "#0"},
				"south": {"uv": [8.5, 12, 8.75, 12.25], "texture": "#0"},
				"west": {"uv": [12, 8.5, 12.25, 8.75], "texture": "#0"},
				"up": {"uv": [9.25, 12.25, 9, 12], "texture": "#0"},
				"down": {"uv": [12.25, 9, 12, 9.25], "texture": "#0"}
			}
		},
		{
			"from": [7.30158, 10.82888, 11.02011],
			"to": [8.69842, 13.30023, 15.53299],
			"rotation": {"angle": -22.5, "axis": "x", "origin": [8, 10.93633, 10.53658]},
			"faces": {
				"north": {"uv": [11.5, 3.5, 11.75, 4], "texture": "#0"},
				"east": {"uv": [7, 6, 8, 6.5], "texture": "#0"},
				"south": {"uv": [4, 11.5, 4.25, 12], "texture": "#0"},
				"west": {"uv": [6.5, 7, 7.5, 7.5], "texture": "#0"},
				"up": {"uv": [7.75, 10, 7.5, 9], "texture": "#0"},
				"down": {"uv": [8.25, 9, 8, 10], "texture": "#0"}
			}
		},
		{
			"from": [6.87177, 10.07673, 7.25936],
			"to": [9.12823, 13.51513, 12.84674],
			"rotation": {"angle": -45, "axis": "x", "origin": [8, 10.93633, 10.53658]},
			"faces": {
				"north": {"uv": [7.5, 7.5, 8, 8.25], "texture": "#0"},
				"east": {"uv": [4.5, 1, 5.75, 1.75], "texture": "#0"},
				"south": {"uv": [0, 8, 0.5, 8.75], "texture": "#0"},
				"west": {"uv": [1.5, 5, 2.75, 5.75], "texture": "#0"},
				"up": {"uv": [1.5, 6.75, 1, 5.5], "texture": "#0"},
				"down": {"uv": [6.5, 0, 6, 1.25], "texture": "#0"}
			}
		},
		{
			"from": [7.51647, 13.16486, 13.26131],
			"to": [8.48353, 14.77662, 17.45184],
			"rotation": {"angle": -22.5, "axis": "x", "origin": [8, 12.68134, 14.92678]},
			"faces": {
				"north": {"uv": [11.5, 4, 11.75, 4.5], "texture": "#0"},
				"east": {"uv": [7, 6.5, 8, 7], "texture": "#0"},
				"south": {"uv": [11.5, 4.5, 11.75, 5], "texture": "#0"},
				"west": {"uv": [0, 7.5, 1, 8], "texture": "#0"},
				"up": {"uv": [8.75, 10, 8.5, 9], "texture": "#0"},
				"down": {"uv": [9.25, 9, 9, 10], "texture": "#0"}
			}
		},
		{
			"from": [4.2757, 5.9274, 9.52567],
			"to": [6.20981, 7.10934, 13.17895],
			"rotation": {"angle": 22.5, "axis": "z", "origin": [4.41002, 5.12152, 13.17895]},
			"faces": {
				"north": {"uv": [5, 11.5, 5.5, 11.75], "texture": "#0"},
				"east": {"uv": [10, 0, 10.75, 0.25], "texture": "#0"},
				"south": {"uv": [5.5, 11.5, 6, 11.75], "texture": "#0"},
				"west": {"uv": [1, 10, 1.75, 10.25], "texture": "#0"},
				"up": {"uv": [1, 8.75, 0.5, 8], "texture": "#0"},
				"down": {"uv": [1.5, 8, 1, 8.75], "texture": "#0"}
			}
		},
		{
			"from": [3.73846, 6.1423, 12.31936],
			"to": [5.1353, 6.89445, 15.97265],
			"rotation": {"angle": 22.5, "axis": "z", "origin": [4.41002, 5.12152, 13.17895]},
			"faces": {
				"north": {"uv": [9.5, 12, 9.75, 12.25], "texture": "#0"},
				"east": {"uv": [2, 10, 2.75, 10.25], "texture": "#0"},
				"south": {"uv": [12, 9.5, 12.25, 9.75], "texture": "#0"},
				"west": {"uv": [10, 2.5, 10.75, 2.75], "texture": "#0"},
				"up": {"uv": [3.25, 10.75, 3, 10], "texture": "#0"},
				"down": {"uv": [10.25, 3, 10, 3.75], "texture": "#0"}
			}
		},
		{
			"from": [5.15257, 12.39692, 12.74916],
			"to": [5.90473, 13.79377, 16.40245],
			"rotation": {"angle": 45, "axis": "z", "origin": [8, 10.8389, 11.24486]},
			"faces": {
				"north": {"uv": [10, 12, 10.25, 12.25], "texture": "#0"},
				"east": {"uv": [3.5, 10, 4.25, 10.25], "texture": "#0"},
				"south": {"uv": [12, 10, 12.25, 10.25], "texture": "#0"},
				"west": {"uv": [10, 4, 10.75, 4.25], "texture": "#0"},
				"up": {"uv": [4.75, 10.75, 4.5, 10], "texture": "#0"},
				"down": {"uv": [10.25, 4.5, 10, 5.25], "texture": "#0"}
			}
		},
		{
			"from": [4.93768, 11.32243, 9.95546],
			"to": [6.11963, 13.25652, 13.60876],
			"rotation": {"angle": 45, "axis": "z", "origin": [8, 10.8389, 11.24486]},
			"faces": {
				"north": {"uv": [11.5, 5.5, 11.75, 6], "texture": "#0"},
				"east": {"uv": [1.5, 8, 2.25, 8.5], "texture": "#0"},
				"south": {"uv": [6, 11.5, 6.25, 12], "texture": "#0"},
				"west": {"uv": [8, 2, 8.75, 2.5], "texture": "#0"},
				"up": {"uv": [10.25, 6.25, 10, 5.5], "texture": "#0"},
				"down": {"uv": [7.25, 10, 7, 10.75], "texture": "#0"}
			}
		},
		{
			"from": [3.29539, 7.59854, 10.17037],
			"to": [5.76674, 9.2103, 13.82365],
			"rotation": {"angle": -45, "axis": "y", "origin": [4.96085, 10.66087, 11.7821]},
			"faces": {
				"north": {"uv": [9, 8, 9.5, 8.5], "texture": "#0"},
				"east": {"uv": [8, 2.5, 8.75, 3], "texture": "#0"},
				"south": {"uv": [0, 9.5, 0.5, 10], "texture": "#0"},
				"west": {"uv": [3, 8, 3.75, 8.5], "texture": "#0"},
				"up": {"uv": [4.5, 8.75, 4, 8], "texture": "#0"},
				"down": {"uv": [5, 8, 4.5, 8.75], "texture": "#0"}
			}
		},
		{
			"from": [1.413, 7.81346, 12.24213],
			"to": [3.1322, 8.9954, 15.35818],
			"rotation": {"angle": -22.5, "axis": "y", "origin": [2.42285, 8.51187, 15.07541]},
			"faces": {
				"north": {"uv": [11.5, 6, 12, 6.25], "texture": "#0"},
				"east": {"uv": [10, 6.5, 10.75, 6.75], "texture": "#0"},
				"south": {"uv": [6.5, 11.5, 7, 11.75], "texture": "#0"},
				"west": {"uv": [7.5, 10, 8.25, 10.25], "texture": "#0"},
				"up": {"uv": [8.5, 5.25, 8, 4.5], "texture": "#0"},
				"down": {"uv": [5.5, 8, 5, 8.75], "texture": "#0"}
			}
		},
		{
			"from": [1.48265, 8.02836, 14.86051],
			"to": [2.66461, 8.78051, 17.76165],
			"rotation": {"angle": 0, "axis": "y", "origin": [2.42285, 8.51187, 15.07541]},
			"faces": {
				"north": {"uv": [10.5, 12, 10.75, 12.25], "texture": "#0"},
				"east": {"uv": [10, 8, 10.75, 8.25], "texture": "#0"},
				"south": {"uv": [12, 10.5, 12.25, 10.75], "texture": "#0"},
				"west": {"uv": [8.5, 10, 9.25, 10.25], "texture": "#0"},
				"up": {"uv": [9.75, 10.75, 9.5, 10], "texture": "#0"},
				"down": {"uv": [10.25, 10, 10, 10.75], "texture": "#0"}
			}
		},
		{
			"from": [9.7902, 5.9274, 9.52567],
			"to": [11.7243, 7.10934, 13.17895],
			"rotation": {"angle": -22.5, "axis": "z", "origin": [11.58998, 5.12152, 13.17895]},
			"faces": {
				"north": {"uv": [11.5, 6.5, 12, 6.75], "texture": "#0"},
				"east": {"uv": [10, 8.5, 10.75, 8.75], "texture": "#0"},
				"south": {"uv": [11.5, 7, 12, 7.25], "texture": "#0"},
				"west": {"uv": [10.5, 0.5, 11.25, 0.75], "texture": "#0"},
				"up": {"uv": [6, 8.75, 5.5, 8], "texture": "#0"},
				"down": {"uv": [6.5, 8, 6, 8.75], "texture": "#0"}
			}
		},
		{
			"from": [10.8647, 6.1423, 12.31936],
			"to": [12.26154, 6.89445, 15.97265],
			"rotation": {"angle": -22.5, "axis": "z", "origin": [11.58998, 5.12152, 13.17895]},
			"faces": {
				"north": {"uv": [11, 12, 11.25, 12.25], "texture": "#0"},
				"east": {"uv": [1, 10.5, 1.75, 10.75], "texture": "#0"},
				"south": {"uv": [12, 11, 12.25, 11.25], "texture": "#0"},
				"west": {"uv": [10.5, 1, 11.25, 1.25], "texture": "#0"},
				"up": {"uv": [10.75, 2.25, 10.5, 1.5], "texture": "#0"},
				"down": {"uv": [2.25, 10.5, 2, 11.25], "texture": "#0"}
			}
		},
		{
			"from": [10.09527, 12.39692, 12.74916],
			"to": [10.84743, 13.79377, 16.40245],
			"rotation": {"angle": -45, "axis": "z", "origin": [8, 10.8389, 11.24486]},
			"faces": {
				"north": {"uv": [11.5, 12, 11.75, 12.25], "texture": "#0"},
				"east": {"uv": [10.5, 3, 11.25, 3.25], "texture": "#0"},
				"south": {"uv": [12, 11.5, 12.25, 11.75], "texture": "#0"},
				"west": {"uv": [3.5, 10.5, 4.25, 10.75], "texture": "#0"},
				"up": {"uv": [2.75, 11.25, 2.5, 10.5], "texture": "#0"},
				"down": {"uv": [10.75, 4.5, 10.5, 5.25], "texture": "#0"}
			}
		},
		{
			"from": [9.88037, 11.32243, 9.95546],
			"to": [11.06232, 13.25652, 13.60876],
			"rotation": {"angle": -45, "axis": "z", "origin": [8, 10.8389, 11.24486]},
			"faces": {
				"north": {"uv": [7.5, 11.5, 7.75, 12], "texture": "#0"},
				"east": {"uv": [8, 6, 8.75, 6.5], "texture": "#0"},
				"south": {"uv": [8, 11.5, 8.25, 12], "texture": "#0"},
				"west": {"uv": [8, 6.5, 8.75, 7], "texture": "#0"},
				"up": {"uv": [5.25, 11.25, 5, 10.5], "texture": "#0"},
				"down": {"uv": [5.75, 10.5, 5.5, 11.25], "texture": "#0"}
			}
		},
		{
			"from": [10.23326, 7.59854, 10.17037],
			"to": [12.70461, 9.2103, 13.82365],
			"rotation": {"angle": 45, "axis": "y", "origin": [11.03915, 10.66087, 11.7821]},
			"faces": {
				"north": {"uv": [9.5, 0, 10, 0.5], "texture": "#0"},
				"east": {"uv": [8, 7.5, 8.75, 8], "texture": "#0"},
				"south": {"uv": [0.5, 9.5, 1, 10], "texture": "#0"},
				"west": {"uv": [8, 8, 8.75, 8.5], "texture": "#0"},
				"up": {"uv": [9, 0.75, 8.5, 0], "texture": "#0"},
				"down": {"uv": [9, 1, 8.5, 1.75], "texture": "#0"}
			}
		},
		{
			"from": [12.8678, 7.81346, 12.24213],
			"to": [14.587, 8.9954, 15.35818],
			"rotation": {"angle": 22.5, "axis": "y", "origin": [13.57715, 8.51187, 15.07541]},
			"faces": {
				"north": {"uv": [8.5, 11.5, 9, 11.75], "texture": "#0"},
				"east": {"uv": [10.5, 3.5, 11.25, 3.75], "texture": "#0"},
				"south": {"uv": [9, 11.5, 9.5, 11.75], "texture": "#0"},
				"west": {"uv": [10.5, 5.5, 11.25, 5.75], "texture": "#0"},
				"up": {"uv": [2, 9.25, 1.5, 8.5], "texture": "#0"},
				"down": {"uv": [2.5, 8.5, 2, 9.25], "texture": "#0"}
			}
		},
		{
			"from": [13.33539, 8.02836, 14.86051],
			"to": [14.51735, 8.78051, 17.76165],
			"rotation": {"angle": 0, "axis": "y", "origin": [13.57715, 8.51187, 15.07541]},
			"faces": {
				"north": {"uv": [12, 12, 12.25, 12.25], "texture": "#0"},
				"east": {"uv": [6, 10.5, 6.75, 10.75], "texture": "#0"},
				"south": {"uv": [0, 12.5, 0.25, 12.75], "texture": "#0"},
				"west": {"uv": [10.5, 6, 11.25, 6.25], "texture": "#0"},
				"up": {"uv": [10.75, 7.75, 10.5, 7], "texture": "#0"},
				"down": {"uv": [7.75, 10.5, 7.5, 11.25], "texture": "#0"}
			}
		},
		{
			"from": [3.86196, 4.4771, 9.92932],
			"to": [5.25881, 6.41119, 13.04536],
			"rotation": {"angle": 22.5, "axis": "x", "origin": [8, 7.32325, 8.06821]},
			"faces": {
				"north": {"uv": [11.5, 9, 11.75, 9.5], "texture": "#0"},
				"east": {"uv": [2.5, 8.5, 3.25, 9], "texture": "#0"},
				"south": {"uv": [11.5, 9.5, 11.75, 10], "texture": "#0"},
				"west": {"uv": [8.5, 3, 9.25, 3.5], "texture": "#0"},
				"up": {"uv": [8.25, 11.25, 8, 10.5], "texture": "#0"},
				"down": {"uv": [8.75, 10.5, 8.5, 11.25], "texture": "#0"}
			}
		},
		{
			"from": [4.29176, 5.01435, 7.78034],
			"to": [5.25881, 6.30375, 10.35912],
			"rotation": {"angle": 22.5, "axis": "x", "origin": [8, 7.32325, 8.06821]},
			"faces": {
				"north": {"uv": [12.5, 0, 12.75, 0.25], "texture": "#0"},
				"east": {"uv": [11.5, 10.5, 12, 10.75], "texture": "#0"},
				"south": {"uv": [0.5, 12.5, 0.75, 12.75], "texture": "#0"},
				"west": {"uv": [11, 11.5, 11.5, 11.75], "texture": "#0"},
				"up": {"uv": [11.75, 11.5, 11.5, 11], "texture": "#0"},
				"down": {"uv": [11.75, 11.5, 11.5, 12], "texture": "#0"}
			}
		},
		{
			"from": [4.07686, 4.36965, 12.18576],
			"to": [5.0439, 5.5516, 15.83906],
			"rotation": {"angle": 22.5, "axis": "x", "origin": [8, 7.32325, 8.06821]},
			"faces": {
				"north": {"uv": [12.5, 0.5, 12.75, 0.75], "texture": "#0"},
				"east": {"uv": [10.5, 9, 11.25, 9.25], "texture": "#0"},
				"south": {"uv": [1, 12.5, 1.25, 12.75], "texture": "#0"},
				"west": {"uv": [10.5, 9.5, 11.25, 9.75], "texture": "#0"},
				"up": {"uv": [9.25, 11.25, 9, 10.5], "texture": "#0"},
				"down": {"uv": [10.75, 10, 10.5, 10.75], "texture": "#0"}
			}
		},
		{
			"from": [10.74119, 4.4771, 9.92932],
			"to": [12.13804, 6.41119, 13.04536],
			"rotation": {"angle": 22.5, "axis": "x", "origin": [8, 7.32325, 8.06821]},
			"faces": {
				"north": {"uv": [0, 12, 0.25, 12.5], "texture": "#0"},
				"east": {"uv": [8.5, 3.5, 9.25, 4], "texture": "#0"},
				"south": {"uv": [12, 0, 12.25, 0.5], "texture": "#0"},
				"west": {"uv": [8.5, 4, 9.25, 4.5], "texture": "#0"},
				"up": {"uv": [0.25, 11.75, 0, 11], "texture": "#0"},
				"down": {"uv": [0.75, 11, 0.5, 11.75], "texture": "#0"}
			}
		},
		{
			"from": [10.74119, 5.01435, 7.78034],
			"to": [11.70824, 6.30375, 10.35912],
			"rotation": {"angle": 22.5, "axis": "x", "origin": [8, 7.32325, 8.06821]},
			"faces": {
				"north": {"uv": [12.5, 1, 12.75, 1.25], "texture": "#0"},
				"east": {"uv": [0.5, 12, 1, 12.25], "texture": "#0"},
				"south": {"uv": [1.5, 12.5, 1.75, 12.75], "texture": "#0"},
				"west": {"uv": [12, 0.5, 12.5, 0.75], "texture": "#0"},
				"up": {"uv": [1.25, 12.5, 1, 12], "texture": "#0"},
				"down": {"uv": [12.25, 1, 12, 1.5], "texture": "#0"}
			}
		},
		{
			"from": [10.9561, 4.36965, 12.18576],
			"to": [11.92314, 5.5516, 15.83906],
			"rotation": {"angle": 22.5, "axis": "x", "origin": [8, 7.32325, 8.06821]},
			"faces": {
				"north": {"uv": [12.5, 1.5, 12.75, 1.75], "texture": "#0"},
				"east": {"uv": [11, 0, 11.75, 0.25], "texture": "#0"},
				"south": {"uv": [2, 12.5, 2.25, 12.75], "texture": "#0"},
				"west": {"uv": [1, 11, 1.75, 11.25], "texture": "#0"},
				"up": {"uv": [11.25, 2.25, 11, 1.5], "texture": "#0"},
				"down": {"uv": [3.25, 11, 3, 11.75], "texture": "#0"}
			}
		},
		{
			"from": [5.48569, 8.00551, 5.54224],
			"to": [10.51431, 8.97255, 6.72419],
			"rotation": {"angle": 0, "axis": "y", "origin": [7.99732, 8.29561, 5.61425]},
			"faces": {
				"north": {"uv": [12.75, 1.75, 12.5, 2.25], "texture": "#0"},
				"east": {"uv": [12.75, 1.75, 12.5, 2.25], "texture": "#0"},
				"south": {"uv": [12.75, 1.75, 12.5, 2.25], "texture": "#0"},
				"west": {"uv": [12.75, 1.75, 12.5, 2.25], "texture": "#0"},
				"up": {"uv": [12.75, 1.75, 12.5, 2.25], "texture": "#0"},
				"down": {"uv": [12.75, 1.75, 12.5, 2.25], "texture": "#0"}
			}
		},
		{
			"from": [5.43195, 7.68316, 5.21989],
			"to": [10.56805, 8.22041, 7.15398],
			"rotation": {"angle": -22.5, "axis": "x", "origin": [8, 8.32786, 3.44697]},
			"faces": {
				"north": {"uv": [9.5, 2, 10.5, 2.25], "texture": "#0"},
				"east": {"uv": [1.5, 12, 2, 12.25], "texture": "#0"},
				"south": {"uv": [3, 9.5, 4, 9.75], "texture": "#0"},
				"west": {"uv": [12, 1.5, 12.5, 1.75], "texture": "#0"},
				"up": {"uv": [8.5, 0.5, 7.5, 0], "texture": "#0"},
				"down": {"uv": [8.5, 0.5, 7.5, 1], "texture": "#0"}
			}
		}
	],
	"display": {
		"head": {
			"translation": [0, -3.5, -10.25],
			"scale": [4, 4, 4]
		}
	},
	"groups": [
		{
			"name": "root",
			"origin": [8, 8, 8],
			"color": 0,
			"children": [
				{
					"name": "head",
					"origin": [8, 8, 8],
					"color": 0,
					"children": [
						{
							"name": "upper",
							"origin": [8, 8, 8],
							"color": 0,
							"children": [
								0,
								1,
								2,
								3,
								4,
								5,
								6,
								7,
								8,
								9,
								10,
								11,
								{
									"name": "bomb",
									"origin": [8, 8, 8],
									"color": 0,
									"children": [12, 13, 14, 15, 16, 17, 18, 19, 20]
								},
								{
									"name": "horne",
									"origin": [8, 8, 8],
									"color": 0,
									"children": [
										21,
										22,
										23,
										{
											"name": "group",
											"origin": [5.40476, 17.13563, -7.41389],
											"color": 0,
											"children": [24, 25, 26, 27, 28, 29, 30]
										},
										{
											"name": "group",
											"origin": [5.40476, 17.13563, -7.41389],
											"color": 0,
											"children": [31, 32, 33, 34, 35, 36, 37]
										},
										{
											"name": "group",
											"origin": [6.32946, 15.55799, -8.29638],
											"color": 0,
											"children": [38, 39, 40]
										},
										{
											"name": "group",
											"origin": [6.32946, 15.55799, -8.29638],
											"color": 0,
											"children": [41, 42, 43]
										}
									]
								},
								44,
								45
							]
						}
					]
				}
			]
		}
	]
}