{
	"credit": "Made with Blockbench",
	"texture_size": [32, 32],
	"textures": {
		"0": "brachy/head",
		"particle": "brachy/head"
	},
	"elements": [
		{
			"from": [4.83304, 4.93051, 9.10612],
			"to": [11.16691, 8.70068, 12.68934],
			"rotation": {"angle": 0, "axis": "y", "origin": [11.39312, -6.37999, 5.6008]},
			"faces": {
				"north": {"uv": [4.25, 6.5, 6, 8], "texture": "#0"},
				"east": {"uv": [4.25, 6.5, 6, 8], "texture": "#0"},
				"south": {"uv": [4.25, 6.5, 6, 8], "texture": "#0"},
				"west": {"uv": [4.25, 6.5, 6, 8], "texture": "#0"},
				"up": {"uv": [4.25, 6.5, 6, 8], "texture": "#0"},
				"down": {"uv": [4.25, 6.5, 6, 8], "texture": "#0"}
			}
		},
		{
			"from": [5.39856, 8.70068, 9.10612],
			"to": [10.6014, 10.11449, 12.68934],
			"rotation": {"angle": 0, "axis": "y", "origin": [11.39312, -6.37999, 5.6008]},
			"faces": {
				"north": {"uv": [4.25, 6.5, 6, 8], "texture": "#0"},
				"east": {"uv": [4.25, 6.5, 6, 8], "texture": "#0"},
				"south": {"uv": [4.25, 6.5, 6, 8], "texture": "#0"},
				"west": {"uv": [4.25, 6.5, 6, 8], "texture": "#0"},
				"up": {"uv": [4.25, 6.5, 6, 8], "texture": "#0"},
				"down": {"uv": [4.25, 6.5, 6, 8], "texture": "#0"}
			}
		},
		{
			"from": [6.52961, 10.11449, 9.10612],
			"to": [9.47034, 12.61495, 12.68934],
			"rotation": {"angle": 0, "axis": "y", "origin": [11.39312, -6.37999, 5.6008]},
			"faces": {
				"north": {"uv": [4.25, 6.5, 6, 8], "texture": "#0"},
				"east": {"uv": [4.25, 6.5, 6, 8], "texture": "#0"},
				"south": {"uv": [4.25, 6.5, 6, 8], "texture": "#0"},
				"west": {"uv": [4.25, 6.5, 6, 8], "texture": "#0"},
				"up": {"uv": [4.25, 6.5, 6, 8], "texture": "#0"},
				"down": {"uv": [4.25, 6.5, 6, 8], "texture": "#0"}
			}
		},
		{
			"from": [5.62477, 3.89371, 9.10612],
			"to": [10.37518, 4.93051, 12.68934],
			"rotation": {"angle": 0, "axis": "y", "origin": [11.39312, -7.32253, 5.6008]},
			"faces": {
				"north": {"uv": [13.25, 0, 16, 1.5], "texture": "#0"},
				"east": {"uv": [13.25, 0, 16, 1.5], "texture": "#0"},
				"south": {"uv": [13.25, 0, 16, 1.5], "texture": "#0"},
				"west": {"uv": [13.25, 0, 16, 1.5], "texture": "#0"},
				"up": {"uv": [13.25, 0, 16, 1.5], "texture": "#0"},
				"down": {"uv": [13.25, 0, 16, 1.5], "texture": "#0"}
			}
		}
	],
	"display": {
		"head": {
			"translation": [0, -8.75, -15.5],
			"scale": [4, 4, 4]
		}
	},
	"groups": [
		{
			"name": "root",
			"origin": [8, 8, 8],
			"color": 0,
			"children": [
				{
					"name": "neck",
					"origin": [8, 8, 8],
					"color": 0,
					"children": [
						{
							"name": "2",
							"origin": [8, 8, 8],
							"color": 0,
							"children": [0, 1, 2, 3]
						}
					]
				}
			]
		}
	]
}