{
	"credit": "Made with Blockbench",
	"textures": {
		"0": "reus/head",
		"particle": "reus/head"
	},
	"elements": [
		{
			"from": [7.35, 7, 7.35],
			"to": [8.65, 16, 8.65],
			"faces": {
				"north": {"uv": [1.5, 10.5, 3, 11.5], "texture": "#0"},
				"east": {"uv": [1.5, 10.5, 3, 11.5], "texture": "#0"},
				"south": {"uv": [1.5, 10.5, 3, 11.5], "texture": "#0"},
				"west": {"uv": [1.5, 10.5, 3, 11.5], "texture": "#0"},
				"up": {"uv": [1.5, 10.5, 3, 11.5], "texture": "#0"},
				"down": {"uv": [1.5, 10.5, 3, 11.5], "texture": "#0"}
			}
		},
		{
			"from": [7.35, 0, 7.35],
			"to": [8.65, 3, 8.65],
			"faces": {
				"north": {"uv": [1.5, 10.5, 3, 11.5], "texture": "#0"},
				"east": {"uv": [1.5, 10.5, 3, 11.5], "texture": "#0"},
				"south": {"uv": [1.5, 10.5, 3, 11.5], "texture": "#0"},
				"west": {"uv": [1.5, 10.5, 3, 11.5], "texture": "#0"},
				"up": {"uv": [1.5, 10.5, 3, 11.5], "texture": "#0"},
				"down": {"uv": [1.5, 10.5, 3, 11.5], "texture": "#0"}
			}
		},
		{
			"from": [7.5, 3, 7.5],
			"to": [8.5, 7, 8.5],
			"faces": {
				"north": {"uv": [9, 7.5, 10.5, 8.5], "texture": "#0"},
				"east": {"uv": [9, 7.5, 10.5, 8.5], "texture": "#0"},
				"south": {"uv": [9, 7.5, 10.5, 8.5], "texture": "#0"},
				"west": {"uv": [9, 7.5, 10.5, 8.5], "texture": "#0"},
				"up": {"uv": [9, 7.5, 10.5, 8.5], "texture": "#0"},
				"down": {"uv": [9, 7.5, 10.5, 8.5], "texture": "#0"}
			}
		},
		{
			"from": [7.5, 14.875, 8.875],
			"to": [8.5, 18.375, 10.125],
			"rotation": {"angle": 22.5, "axis": "x", "origin": [8, 13.375, 8]},
			"faces": {
				"north": {"uv": [9, 7.75, 10.5, 9], "rotation": 270, "texture": "#0"},
				"east": {"uv": [9, 7.75, 10.5, 9], "rotation": 270, "texture": "#0"},
				"south": {"uv": [9, 7.75, 10.5, 9], "rotation": 270, "texture": "#0"},
				"west": {"uv": [9, 7.75, 10.5, 9], "rotation": 270, "texture": "#0"},
				"up": {"uv": [9, 7.75, 10.5, 9], "rotation": 270, "texture": "#0"},
				"down": {"uv": [9, 7.75, 10.5, 9], "rotation": 270, "texture": "#0"}
			}
		},
		{
			"from": [7.75, 16.72746, 10.38722],
			"to": [8.25, 20.22746, 11.13722],
			"rotation": {"angle": 45, "axis": "x", "origin": [8, 16.72746, 11.01222]},
			"faces": {
				"north": {"uv": [9, 7.75, 10.5, 8.5], "rotation": 270, "texture": "#0"},
				"east": {"uv": [9, 7.75, 10.5, 8.5], "rotation": 270, "texture": "#0"},
				"south": {"uv": [9, 7.75, 10.5, 8.5], "rotation": 270, "texture": "#0"},
				"west": {"uv": [9, 7.75, 10.5, 8.5], "rotation": 270, "texture": "#0"},
				"up": {"uv": [9, 7.75, 10.5, 8.5], "rotation": 270, "texture": "#0"},
				"down": {"uv": [9, 7.75, 10.5, 8.5], "rotation": 270, "texture": "#0"}
			}
		},
		{
			"from": [7.5, 9.125, 10.375],
			"to": [8.5, 11.625, 11.625],
			"rotation": {"angle": -22.5, "axis": "x", "origin": [8, 13.125, 9.5]},
			"faces": {
				"north": {"uv": [10.5, 7.75, 9, 9], "rotation": 270, "texture": "#0"},
				"east": {"uv": [10.5, 7.75, 9, 9], "rotation": 270, "texture": "#0"},
				"south": {"uv": [10.5, 7.75, 9, 9], "rotation": 270, "texture": "#0"},
				"west": {"uv": [10.5, 7.75, 9, 9], "rotation": 270, "texture": "#0"},
				"up": {"uv": [10.5, 7.75, 9, 9], "rotation": 270, "texture": "#0"},
				"down": {"uv": [10.5, 7.75, 9, 9], "rotation": 270, "texture": "#0"}
			}
		},
		{
			"from": [7.75, 8.52254, 12.38722],
			"to": [8.25, 11.02254, 13.13722],
			"rotation": {"angle": -45, "axis": "x", "origin": [8, 9.77254, 12.51222]},
			"faces": {
				"north": {"uv": [10.5, 7.75, 9, 8.5], "rotation": 270, "texture": "#0"},
				"east": {"uv": [10.5, 7.75, 9, 8.5], "rotation": 270, "texture": "#0"},
				"south": {"uv": [10.5, 7.75, 9, 8.5], "rotation": 270, "texture": "#0"},
				"west": {"uv": [10.5, 7.75, 9, 8.5], "rotation": 270, "texture": "#0"},
				"up": {"uv": [10.5, 7.75, 9, 8.5], "rotation": 270, "texture": "#0"},
				"down": {"uv": [10.5, 7.75, 9, 8.5], "rotation": 270, "texture": "#0"}
			}
		},
		{
			"from": [7.5, 14.3935, 13.9663],
			"to": [8.5, 17.8935, 15.2163],
			"rotation": {"angle": 45, "axis": "x", "origin": [8, 17.38424, 14.76282]},
			"faces": {
				"north": {"uv": [9, 7.75, 10.5, 9], "rotation": 270, "texture": "#0"},
				"east": {"uv": [9, 7.75, 10.5, 9], "rotation": 270, "texture": "#0"},
				"south": {"uv": [9, 7.75, 10.5, 9], "rotation": 270, "texture": "#0"},
				"west": {"uv": [9, 7.75, 10.5, 9], "rotation": 270, "texture": "#0"},
				"up": {"uv": [9, 7.75, 10.5, 9], "rotation": 270, "texture": "#0"},
				"down": {"uv": [9, 7.75, 10.5, 9], "rotation": 270, "texture": "#0"}
			}
		},
		{
			"from": [7.75, 17.32558, 14.47476],
			"to": [8.25, 18.07558, 17.97476],
			"rotation": {"angle": -22.5, "axis": "x", "origin": [8, 17.38424, 14.76282]},
			"faces": {
				"north": {"uv": [9, 7.75, 10.5, 8.5], "texture": "#0"},
				"east": {"uv": [9, 7.75, 10.5, 8.5], "texture": "#0"},
				"south": {"uv": [9, 7.75, 10.5, 8.5], "texture": "#0"},
				"west": {"uv": [9, 7.75, 10.5, 8.5], "texture": "#0"},
				"up": {"uv": [9, 7.75, 10.5, 8.5], "texture": "#0"},
				"down": {"uv": [9, 7.75, 10.5, 8.5], "texture": "#0"}
			}
		},
		{
			"from": [7.5, 14.27644, 12.77208],
			"to": [8.5, 15.52644, 16.27208],
			"rotation": {"angle": -22.5, "axis": "x", "origin": [8, 14.68208, 15.87831]},
			"faces": {
				"north": {"uv": [9, 7.75, 10.5, 9], "texture": "#0"},
				"east": {"uv": [9, 7.75, 10.5, 9], "texture": "#0"},
				"south": {"uv": [9, 7.75, 10.5, 9], "texture": "#0"},
				"west": {"uv": [9, 7.75, 10.5, 9], "texture": "#0"},
				"up": {"uv": [9, 7.75, 10.5, 9], "texture": "#0"},
				"down": {"uv": [9, 7.75, 10.5, 9], "texture": "#0"}
			}
		},
		{
			"from": [7.75, 14.62342, 15.46525],
			"to": [8.25, 15.37342, 18.96525],
			"rotation": {"angle": 0, "axis": "y", "origin": [8, 14.68208, 15.87831]},
			"faces": {
				"north": {"uv": [9, 7.75, 10.5, 8.5], "texture": "#0"},
				"east": {"uv": [9, 7.75, 10.5, 8.5], "texture": "#0"},
				"south": {"uv": [9, 7.75, 10.5, 8.5], "texture": "#0"},
				"west": {"uv": [9, 7.75, 10.5, 8.5], "texture": "#0"},
				"up": {"uv": [9, 7.75, 10.5, 8.5], "texture": "#0"},
				"down": {"uv": [9, 7.75, 10.5, 8.5], "texture": "#0"}
			}
		},
		{
			"from": [6.75, 12, 4.5],
			"to": [9.25, 14.75, 11.5],
			"rotation": {"angle": 0, "axis": "y", "origin": [8, 13.5, 8.5]},
			"faces": {
				"north": {"uv": [2, 9.5, 4.25, 10.5], "texture": "#0"},
				"east": {"uv": [2, 9.5, 4.25, 10.5], "texture": "#0"},
				"south": {"uv": [2, 9.5, 4.25, 10.5], "texture": "#0"},
				"west": {"uv": [2, 9.5, 4.25, 10.5], "texture": "#0"},
				"up": {"uv": [2, 9.5, 4.25, 10.5], "texture": "#0"},
				"down": {"uv": [2, 9.5, 4.25, 10.5], "texture": "#0"}
			}
		},
		{
			"from": [6.5, 13.375, 9.375],
			"to": [9.5, 16.375, 12.125],
			"rotation": {"angle": 22.5, "axis": "x", "origin": [8, 13.375, 8]},
			"faces": {
				"north": {"uv": [2, 9.5, 4.25, 10.5], "rotation": 270, "texture": "#0"},
				"east": {"uv": [2, 9.5, 4.25, 10.5], "rotation": 270, "texture": "#0"},
				"south": {"uv": [2, 9.5, 4.25, 10.5], "rotation": 270, "texture": "#0"},
				"west": {"uv": [2, 9.5, 4.25, 10.5], "rotation": 270, "texture": "#0"},
				"up": {"uv": [2, 9.5, 4.25, 10.5], "rotation": 270, "texture": "#0"},
				"down": {"uv": [2, 9.5, 4.25, 10.5], "rotation": 270, "texture": "#0"}
			}
		},
		{
			"from": [6.75, 13.70844, 9.98969],
			"to": [9.25, 16.70844, 12.48969],
			"rotation": {"angle": 45, "axis": "x", "origin": [8, 13.70844, 11.11469]},
			"faces": {
				"north": {"uv": [2, 9.5, 4.25, 10.5], "rotation": 270, "texture": "#0"},
				"east": {"uv": [2, 9.5, 4.25, 10.5], "rotation": 270, "texture": "#0"},
				"south": {"uv": [2, 9.5, 4.25, 10.5], "rotation": 270, "texture": "#0"},
				"west": {"uv": [2, 9.5, 4.25, 10.5], "rotation": 270, "texture": "#0"},
				"up": {"uv": [2, 9.5, 4.25, 10.5], "rotation": 270, "texture": "#0"},
				"down": {"uv": [2, 9.5, 4.25, 10.5], "rotation": 270, "texture": "#0"}
			}
		},
		{
			"from": [7, 12.18071, 10.76374],
			"to": [9, 14.68071, 13.26374],
			"rotation": {"angle": -22.5, "axis": "x", "origin": [8, 14.68071, 12.26374]},
			"faces": {
				"north": {"uv": [2, 9.5, 4.25, 10.5], "texture": "#0"},
				"east": {"uv": [2, 9.5, 4.25, 10.5], "texture": "#0"},
				"south": {"uv": [2, 9.5, 4.25, 10.5], "texture": "#0"},
				"west": {"uv": [2, 9.5, 4.25, 10.5], "texture": "#0"},
				"up": {"uv": [2, 9.5, 4.25, 10.5], "texture": "#0"},
				"down": {"uv": [2, 9.5, 4.25, 10.5], "texture": "#0"}
			}
		},
		{
			"from": [7.25, 11.43071, 9.76374],
			"to": [8.75, 14.68071, 11.76374],
			"rotation": {"angle": -22.5, "axis": "x", "origin": [8, 14.68071, 12.26374]},
			"faces": {
				"north": {"uv": [2, 9.5, 4.25, 10.5], "texture": "#0"},
				"east": {"uv": [2, 9.5, 4.25, 10.5], "texture": "#0"},
				"south": {"uv": [2, 9.5, 4.25, 10.5], "texture": "#0"},
				"west": {"uv": [2, 9.5, 4.25, 10.5], "texture": "#0"},
				"up": {"uv": [2, 9.5, 4.25, 10.5], "texture": "#0"},
				"down": {"uv": [2, 9.5, 4.25, 10.5], "texture": "#0"}
			}
		},
		{
			"from": [7, 14, 1],
			"to": [9, 16, 5.75],
			"rotation": {"angle": -22.5, "axis": "x", "origin": [8, 13.5, 8.5]},
			"faces": {
				"north": {"uv": [2, 7.5, 3, 7.25], "texture": "#0"},
				"east": {"uv": [2, 7.5, 3, 7.25], "texture": "#0"},
				"south": {"uv": [2, 7.5, 3, 7.25], "texture": "#0"},
				"west": {"uv": [2, 7.5, 3, 7.25], "texture": "#0"},
				"up": {"uv": [2, 7.5, 3, 7.25], "texture": "#0"},
				"down": {"uv": [2, 7.5, 3, 7.25], "texture": "#0"}
			}
		},
		{
			"from": [7.4, 10.92435, -2.51506],
			"to": [8.6, 12.12435, 1.48494],
			"rotation": {"angle": -45, "axis": "x", "origin": [8, 11.82435, 0.53494]},
			"faces": {
				"north": {"uv": [6.5, 8, 7, 8.5], "texture": "#0"},
				"east": {"uv": [6.5, 8, 7, 8.5], "texture": "#0"},
				"south": {"uv": [6.5, 8, 7, 8.5], "texture": "#0"},
				"west": {"uv": [6.5, 8, 7, 8.5], "texture": "#0"},
				"up": {"uv": [6.5, 8, 7, 8.5], "texture": "#0"},
				"down": {"uv": [6.5, 8, 7, 8.5], "texture": "#0"}
			}
		}
	],
	"display": {
		"thirdperson_righthand": {
			"translation": [0, 1, 1.5]
		},
		"thirdperson_lefthand": {
			"rotation": [-21, 9, 92],
			"translation": [-7.25, -7, 4.75]
		},
		"firstperson_righthand": {
			"translation": [0, 1.5, 0]
		},
		"firstperson_lefthand": {
			"scale": [0, 0, 0]
		},
		"ground": {
			"rotation": [-45, 0, 0],
			"translation": [0, 4, 0]
		},
		"gui": {
			"rotation": [90, 45, -90],
			"translation": [-3.25, -1.5, 0]
		},
		"fixed": {
			"rotation": [90, -45, 90],
			"translation": [3.25, -1.5, 0]
		}
	},
	"groups": [
		{
			"name": "root",
			"origin": [8, 8, 8],
			"color": 0,
			"children": [
				0,
				1,
				2,
				{
					"name": "group",
					"origin": [0, 0, 0],
					"color": 0,
					"children": [3, 4, 5, 6, 7, 8, 9, 10]
				},
				{
					"name": "group",
					"origin": [8, 13.5, 8.5],
					"color": 0,
					"children": [11, 12, 13, 14, 15, 16, 17]
				}
			]
		}
	]
}