{
	"credit": "Made with Blockbench",
	"textures": {
		"0": "reus/head",
		"particle": "reus/head"
	},
	"elements": [
		{
			"from": [7.35, -5, 7.35],
			"to": [8.65, 8, 8.65],
			"faces": {
				"north": {"uv": [1.5, 10.5, 3, 11.5], "texture": "#0"},
				"east": {"uv": [1.5, 10.5, 3, 11.5], "texture": "#0"},
				"south": {"uv": [1.5, 10.5, 3, 11.5], "texture": "#0"},
				"west": {"uv": [1.5, 10.5, 3, 11.5], "texture": "#0"},
				"up": {"uv": [1.5, 10.5, 3, 11.5], "texture": "#0"},
				"down": {"uv": [1.5, 10.5, 3, 11.5], "texture": "#0"}
			}
		},
		{
			"from": [7.25, -7, 7.25],
			"to": [8.75, -4.75, 8.75],
			"faces": {
				"north": {"uv": [0.75, 3.25, 1.75, 4.25], "texture": "#0"},
				"east": {"uv": [0.75, 3.25, 1.75, 4.25], "texture": "#0"},
				"south": {"uv": [0.75, 3.25, 1.75, 4.25], "texture": "#0"},
				"west": {"uv": [0.75, 3.25, 1.75, 4.25], "texture": "#0"},
				"up": {"uv": [0.75, 3.25, 1.75, 4.25], "texture": "#0"},
				"down": {"uv": [0.75, 3.25, 1.75, 4.25], "texture": "#0"}
			}
		},
		{
			"from": [7.1, -2, 7.1],
			"to": [8.9, 1, 8.9],
			"faces": {
				"north": {"uv": [2, 9.25, 3.5, 10.25], "texture": "#0"},
				"east": {"uv": [2, 9.25, 3.5, 10.25], "texture": "#0"},
				"south": {"uv": [2, 9.25, 3.5, 10.25], "texture": "#0"},
				"west": {"uv": [2, 9.25, 3.5, 10.25], "texture": "#0"},
				"up": {"uv": [2, 9.25, 3.5, 10.25], "texture": "#0"},
				"down": {"uv": [2, 9.25, 3.5, 10.25], "texture": "#0"}
			}
		},
		{
			"from": [7.35, 8, 5.35],
			"to": [8.65, 12, 8.65],
			"faces": {
				"north": {"uv": [9, 7.75, 10.5, 8.75], "texture": "#0"},
				"east": {"uv": [9, 7.75, 10.5, 8.75], "texture": "#0"},
				"south": {"uv": [9, 7.75, 10.5, 8.75], "texture": "#0"},
				"west": {"uv": [9, 7.75, 10.5, 8.75], "texture": "#0"},
				"up": {"uv": [9, 7.75, 10.5, 8.75], "texture": "#0"},
				"down": {"uv": [9, 7.75, 10.5, 8.75], "texture": "#0"}
			}
		},
		{
			"from": [7.35, 12, 5.35],
			"to": [8.65, 21.5, 9.65],
			"faces": {
				"north": {"uv": [9, 7.75, 10.5, 8.75], "texture": "#0"},
				"east": {"uv": [9, 7.75, 10.5, 8.75], "texture": "#0"},
				"south": {"uv": [9, 7.75, 10.5, 8.75], "texture": "#0"},
				"west": {"uv": [9, 7.75, 10.5, 8.75], "texture": "#0"},
				"up": {"uv": [9, 7.75, 10.5, 8.75], "texture": "#0"},
				"down": {"uv": [9, 7.75, 10.5, 8.75], "texture": "#0"}
			}
		},
		{
			"from": [7.35, 21.5, 6.1],
			"to": [8.65, 24.5, 9.65],
			"faces": {
				"north": {"uv": [9, 7.75, 10.5, 8.75], "texture": "#0"},
				"east": {"uv": [9, 7.75, 10.5, 8.75], "texture": "#0"},
				"south": {"uv": [9, 7.75, 10.5, 8.75], "texture": "#0"},
				"west": {"uv": [9, 7.75, 10.5, 8.75], "texture": "#0"},
				"up": {"uv": [9, 7.75, 10.5, 8.75], "texture": "#0"},
				"down": {"uv": [9, 7.75, 10.5, 8.75], "texture": "#0"}
			}
		},
		{
			"from": [7.35, 24.5, 6.85],
			"to": [8.65, 26.5, 9.65],
			"faces": {
				"north": {"uv": [9, 7.75, 10.5, 8.75], "texture": "#0"},
				"east": {"uv": [9, 7.75, 10.5, 8.75], "texture": "#0"},
				"south": {"uv": [9, 7.75, 10.5, 8.75], "texture": "#0"},
				"west": {"uv": [9, 7.75, 10.5, 8.75], "texture": "#0"},
				"up": {"uv": [9, 7.75, 10.5, 8.75], "texture": "#0"},
				"down": {"uv": [9, 7.75, 10.5, 8.75], "texture": "#0"}
			}
		},
		{
			"from": [7.35, 26.5, 8.1],
			"to": [8.65, 28, 9.9],
			"faces": {
				"north": {"uv": [9, 7.75, 10.5, 8.75], "texture": "#0"},
				"east": {"uv": [9, 7.75, 10.5, 8.75], "texture": "#0"},
				"south": {"uv": [9, 7.75, 10.5, 8.75], "texture": "#0"},
				"west": {"uv": [9, 7.75, 10.5, 8.75], "texture": "#0"},
				"up": {"uv": [9, 7.75, 10.5, 8.75], "texture": "#0"},
				"down": {"uv": [9, 7.75, 10.5, 8.75], "texture": "#0"}
			}
		},
		{
			"from": [7.6, 11, 4.1],
			"to": [8.4, 21.5, 5.35],
			"faces": {
				"north": {"uv": [9, 7.75, 10.5, 8.75], "texture": "#0"},
				"east": {"uv": [9, 7.75, 10.5, 8.75], "texture": "#0"},
				"south": {"uv": [9, 7.75, 10.5, 8.75], "texture": "#0"},
				"west": {"uv": [9, 7.75, 10.5, 8.75], "texture": "#0"},
				"up": {"uv": [9, 7.75, 10.5, 8.75], "texture": "#0"},
				"down": {"uv": [9, 7.75, 10.5, 8.75], "texture": "#0"}
			}
		},
		{
			"from": [7.6, 7, 4.6],
			"to": [8.4, 10, 5.35],
			"faces": {
				"north": {"uv": [9, 7.75, 10.5, 8.75], "texture": "#0"},
				"east": {"uv": [9, 7.75, 10.5, 8.75], "texture": "#0"},
				"south": {"uv": [9, 7.75, 10.5, 8.75], "texture": "#0"},
				"west": {"uv": [9, 7.75, 10.5, 8.75], "texture": "#0"},
				"up": {"uv": [9, 7.75, 10.5, 8.75], "texture": "#0"},
				"down": {"uv": [9, 7.75, 10.5, 8.75], "texture": "#0"}
			}
		},
		{
			"from": [7.6, 24.5, 5.6],
			"to": [8.4, 26.5, 6.85],
			"faces": {
				"north": {"uv": [9, 7.75, 10.5, 8.75], "texture": "#0"},
				"east": {"uv": [9, 7.75, 10.5, 8.75], "texture": "#0"},
				"south": {"uv": [9, 7.75, 10.5, 8.75], "texture": "#0"},
				"west": {"uv": [9, 7.75, 10.5, 8.75], "texture": "#0"},
				"up": {"uv": [9, 7.75, 10.5, 8.75], "texture": "#0"},
				"down": {"uv": [9, 7.75, 10.5, 8.75], "texture": "#0"}
			}
		},
		{
			"from": [7.6, 26.5, 6.85],
			"to": [8.4, 28, 8.1],
			"faces": {
				"north": {"uv": [9, 7.75, 10.5, 8.75], "texture": "#0"},
				"east": {"uv": [9, 7.75, 10.5, 8.75], "texture": "#0"},
				"south": {"uv": [9, 7.75, 10.5, 8.75], "texture": "#0"},
				"west": {"uv": [9, 7.75, 10.5, 8.75], "texture": "#0"},
				"up": {"uv": [9, 7.75, 10.5, 8.75], "texture": "#0"},
				"down": {"uv": [9, 7.75, 10.5, 8.75], "texture": "#0"}
			}
		},
		{
			"from": [7.6, 28, 8.15],
			"to": [8.4, 29.5, 10.35],
			"faces": {
				"north": {"uv": [9, 7.75, 10.5, 8.75], "texture": "#0"},
				"east": {"uv": [9, 7.75, 10.5, 8.75], "texture": "#0"},
				"south": {"uv": [9, 7.75, 10.5, 8.75], "texture": "#0"},
				"west": {"uv": [9, 7.75, 10.5, 8.75], "texture": "#0"},
				"up": {"uv": [9, 7.75, 10.5, 8.75], "texture": "#0"},
				"down": {"uv": [9, 7.75, 10.5, 8.75], "texture": "#0"}
			}
		},
		{
			"from": [7.6, 21.5, 4.85],
			"to": [8.4, 24.5, 6.1],
			"faces": {
				"north": {"uv": [9, 7.75, 10.5, 8.75], "texture": "#0"},
				"east": {"uv": [9, 7.75, 10.5, 8.75], "texture": "#0"},
				"south": {"uv": [9, 7.75, 10.5, 8.75], "texture": "#0"},
				"west": {"uv": [9, 7.75, 10.5, 8.75], "texture": "#0"},
				"up": {"uv": [9, 7.75, 10.5, 8.75], "texture": "#0"},
				"down": {"uv": [9, 7.75, 10.5, 8.75], "texture": "#0"}
			}
		},
		{
			"from": [7.85, 12, 3.1],
			"to": [8.15, 21.5, 4.1],
			"faces": {
				"north": {"uv": [9, 7.75, 10.5, 8.75], "texture": "#0"},
				"east": {"uv": [9, 7.75, 10.5, 8.75], "texture": "#0"},
				"south": {"uv": [9, 7.75, 10.5, 8.75], "texture": "#0"},
				"west": {"uv": [9, 7.75, 10.5, 8.75], "texture": "#0"},
				"up": {"uv": [9, 7.75, 10.5, 8.75], "texture": "#0"},
				"down": {"uv": [9, 7.75, 10.5, 8.75], "texture": "#0"}
			}
		},
		{
			"from": [7.85, 7, 3.85],
			"to": [8.15, 9.25, 4.6],
			"faces": {
				"north": {"uv": [9, 7.75, 10.5, 8.75], "texture": "#0"},
				"east": {"uv": [9, 7.75, 10.5, 8.75], "texture": "#0"},
				"south": {"uv": [9, 7.75, 10.5, 8.75], "texture": "#0"},
				"west": {"uv": [9, 7.75, 10.5, 8.75], "texture": "#0"},
				"up": {"uv": [9, 7.75, 10.5, 8.75], "texture": "#0"},
				"down": {"uv": [9, 7.75, 10.5, 8.75], "texture": "#0"}
			}
		},
		{
			"from": [7.85, 24.5, 4.6],
			"to": [8.15, 26.5, 5.6],
			"faces": {
				"north": {"uv": [9, 7.75, 10.5, 8.75], "texture": "#0"},
				"east": {"uv": [9, 7.75, 10.5, 8.75], "texture": "#0"},
				"south": {"uv": [9, 7.75, 10.5, 8.75], "texture": "#0"},
				"west": {"uv": [9, 7.75, 10.5, 8.75], "texture": "#0"},
				"up": {"uv": [9, 7.75, 10.5, 8.75], "texture": "#0"},
				"down": {"uv": [9, 7.75, 10.5, 8.75], "texture": "#0"}
			}
		},
		{
			"from": [7.85, 26.5, 5.85],
			"to": [8.15, 28, 6.85],
			"faces": {
				"north": {"uv": [9, 7.75, 10.5, 8.75], "texture": "#0"},
				"east": {"uv": [9, 7.75, 10.5, 8.75], "texture": "#0"},
				"south": {"uv": [9, 7.75, 10.5, 8.75], "texture": "#0"},
				"west": {"uv": [9, 7.75, 10.5, 8.75], "texture": "#0"},
				"up": {"uv": [9, 7.75, 10.5, 8.75], "texture": "#0"},
				"down": {"uv": [9, 7.75, 10.5, 8.75], "texture": "#0"}
			}
		},
		{
			"from": [7.85, 28, 7.15],
			"to": [8.15, 29.5, 8.3],
			"faces": {
				"north": {"uv": [9, 7.75, 10.5, 8.75], "texture": "#0"},
				"east": {"uv": [9, 7.75, 10.5, 8.75], "texture": "#0"},
				"south": {"uv": [9, 7.75, 10.5, 8.75], "texture": "#0"},
				"west": {"uv": [9, 7.75, 10.5, 8.75], "texture": "#0"},
				"up": {"uv": [9, 7.75, 10.5, 8.75], "texture": "#0"},
				"down": {"uv": [9, 7.75, 10.5, 8.75], "texture": "#0"}
			}
		},
		{
			"from": [7.85, 29.5, 8.15],
			"to": [8.15, 30.75, 10.85],
			"faces": {
				"north": {"uv": [9, 7.75, 10.5, 8.75], "texture": "#0"},
				"east": {"uv": [9, 7.75, 10.5, 8.75], "texture": "#0"},
				"south": {"uv": [9, 7.75, 10.5, 8.75], "texture": "#0"},
				"west": {"uv": [9, 7.75, 10.5, 8.75], "texture": "#0"},
				"up": {"uv": [9, 7.75, 10.5, 8.75], "texture": "#0"},
				"down": {"uv": [9, 7.75, 10.5, 8.75], "texture": "#0"}
			}
		},
		{
			"from": [7.85, 21.5, 3.85],
			"to": [8.15, 24.5, 4.85],
			"faces": {
				"north": {"uv": [9, 7.75, 10.5, 8.75], "texture": "#0"},
				"east": {"uv": [9, 7.75, 10.5, 8.75], "texture": "#0"},
				"south": {"uv": [9, 7.75, 10.5, 8.75], "texture": "#0"},
				"west": {"uv": [9, 7.75, 10.5, 8.75], "texture": "#0"},
				"up": {"uv": [9, 7.75, 10.5, 8.75], "texture": "#0"},
				"down": {"uv": [9, 7.75, 10.5, 8.75], "texture": "#0"}
			}
		},
		{
			"from": [7.1, 12, 7.35],
			"to": [8.9, 21.5, 10.15],
			"faces": {
				"north": {"uv": [8.5, 1.75, 10, 2.75], "texture": "#0"},
				"east": {"uv": [8.5, 1.75, 10, 2.75], "texture": "#0"},
				"south": {"uv": [8.5, 1.75, 10, 2.75], "texture": "#0"},
				"west": {"uv": [8.5, 1.75, 10, 2.75], "texture": "#0"},
				"up": {"uv": [8.5, 1.75, 10, 2.75], "texture": "#0"},
				"down": {"uv": [8.5, 1.75, 10, 2.75], "texture": "#0"}
			}
		},
		{
			"from": [7.35, 15.5, 10.15],
			"to": [8.65, 20.5, 10.9],
			"faces": {
				"north": {"uv": [8.5, 1.75, 10, 2.75], "texture": "#0"},
				"east": {"uv": [8.5, 1.75, 10, 2.75], "texture": "#0"},
				"south": {"uv": [8.5, 1.75, 10, 2.75], "texture": "#0"},
				"west": {"uv": [8.5, 1.75, 10, 2.75], "texture": "#0"},
				"up": {"uv": [8.5, 1.75, 10, 2.75], "texture": "#0"},
				"down": {"uv": [8.5, 1.75, 10, 2.75], "texture": "#0"}
			}
		},
		{
			"from": [7.1, 6.5, 6.35],
			"to": [8.9, 12, 10.65],
			"faces": {
				"north": {"uv": [8.5, 1.75, 10, 2.75], "texture": "#0"},
				"east": {"uv": [8.5, 1.75, 10, 2.75], "texture": "#0"},
				"south": {"uv": [8.5, 1.75, 10, 2.75], "texture": "#0"},
				"west": {"uv": [8.5, 1.75, 10, 2.75], "texture": "#0"},
				"up": {"uv": [8.5, 1.75, 10, 2.75], "texture": "#0"},
				"down": {"uv": [8.5, 1.75, 10, 2.75], "texture": "#0"}
			}
		},
		{
			"from": [7.1, 4.5, 6.6],
			"to": [8.9, 6.5, 9.65],
			"faces": {
				"north": {"uv": [8.5, 1.75, 10, 2.75], "texture": "#0"},
				"east": {"uv": [8.5, 1.75, 10, 2.75], "texture": "#0"},
				"south": {"uv": [8.5, 1.75, 10, 2.75], "texture": "#0"},
				"west": {"uv": [8.5, 1.75, 10, 2.75], "texture": "#0"},
				"up": {"uv": [8.5, 1.75, 10, 2.75], "texture": "#0"},
				"down": {"uv": [8.5, 1.75, 10, 2.75], "texture": "#0"}
			}
		},
		{
			"from": [7.2, 4.25, 7.1],
			"to": [8.8, 9.75, 9.65],
			"rotation": {"angle": 45, "axis": "x", "origin": [8, 9.75, 8.5]},
			"faces": {
				"north": {"uv": [8.5, 1.75, 10, 2.75], "texture": "#0"},
				"east": {"uv": [8.5, 1.75, 10, 2.75], "texture": "#0"},
				"south": {"uv": [8.5, 1.75, 10, 2.75], "texture": "#0"},
				"west": {"uv": [8.5, 1.75, 10, 2.75], "texture": "#0"},
				"up": {"uv": [8.5, 1.75, 10, 2.75], "texture": "#0"},
				"down": {"uv": [8.5, 1.75, 10, 2.75], "texture": "#0"}
			}
		},
		{
			"from": [7.55, 3.25, 9.65],
			"to": [8.45, 8, 10.65],
			"rotation": {"angle": 45, "axis": "x", "origin": [8, 9.75, 8.5]},
			"faces": {
				"north": {"uv": [9, 7.75, 10.5, 8.75], "texture": "#0"},
				"east": {"uv": [9, 7.75, 10.5, 8.75], "texture": "#0"},
				"south": {"uv": [9, 7.75, 10.5, 8.75], "texture": "#0"},
				"west": {"uv": [9, 7.75, 10.5, 8.75], "texture": "#0"},
				"up": {"uv": [9, 7.75, 10.5, 8.75], "texture": "#0"},
				"down": {"uv": [9, 7.75, 10.5, 8.75], "texture": "#0"}
			}
		},
		{
			"from": [7.35, 2.63985, 3.83326],
			"to": [8.65, 6.63985, 5.98326],
			"rotation": {"angle": 0, "axis": "y", "origin": [8, 7.63985, 6.40826]},
			"faces": {
				"north": {"uv": [8.5, 1.75, 10, 2.75], "texture": "#0"},
				"east": {"uv": [8.5, 1.75, 10, 2.75], "texture": "#0"},
				"south": {"uv": [8.5, 1.75, 10, 2.75], "texture": "#0"},
				"west": {"uv": [8.5, 1.75, 10, 2.75], "texture": "#0"},
				"up": {"uv": [8.5, 1.75, 10, 2.75], "texture": "#0"},
				"down": {"uv": [8.5, 1.75, 10, 2.75], "texture": "#0"}
			}
		},
		{
			"from": [7.55, -2.11015, 5.08326],
			"to": [8.45, 3.63985, 6.23326],
			"rotation": {"angle": -22.5, "axis": "x", "origin": [8, 3.13985, 5.40826]},
			"faces": {
				"north": {"uv": [8.5, 1.75, 10, 2.75], "texture": "#0"},
				"east": {"uv": [8.5, 1.75, 10, 2.75], "texture": "#0"},
				"south": {"uv": [8.5, 1.75, 10, 2.75], "texture": "#0"},
				"west": {"uv": [8.5, 1.75, 10, 2.75], "texture": "#0"},
				"up": {"uv": [8.5, 1.75, 10, 2.75], "texture": "#0"},
				"down": {"uv": [8.5, 1.75, 10, 2.75], "texture": "#0"}
			}
		},
		{
			"from": [7.55, -0.61015, 4.58326],
			"to": [8.45, 3.63985, 5.08326],
			"rotation": {"angle": -22.5, "axis": "x", "origin": [8, 3.13985, 5.40826]},
			"faces": {
				"north": {"uv": [8.5, 1.75, 9, 2.75], "texture": "#0"},
				"east": {"uv": [8.5, 1.75, 9, 2.75], "texture": "#0"},
				"south": {"uv": [8.5, 1.75, 9, 2.75], "texture": "#0"},
				"west": {"uv": [8.5, 1.75, 9, 2.75], "texture": "#0"},
				"up": {"uv": [8.5, 1.75, 9, 2.75], "texture": "#0"},
				"down": {"uv": [8.5, 1.75, 9, 2.75], "texture": "#0"}
			}
		},
		{
			"from": [7.55, 1.13985, 4.08326],
			"to": [8.45, 3.63985, 4.58326],
			"rotation": {"angle": -22.5, "axis": "x", "origin": [8, 3.13985, 5.40826]},
			"faces": {
				"north": {"uv": [8.5, 1.75, 9.25, 2.75], "texture": "#0"},
				"east": {"uv": [8.5, 1.75, 9.25, 2.75], "texture": "#0"},
				"south": {"uv": [8.5, 1.75, 9.25, 2.75], "texture": "#0"},
				"west": {"uv": [8.5, 1.75, 9.25, 2.75], "texture": "#0"},
				"up": {"uv": [8.5, 1.75, 9.25, 2.75], "texture": "#0"},
				"down": {"uv": [8.5, 1.75, 9.25, 2.75], "texture": "#0"}
			}
		},
		{
			"from": [7.1, 8.5, 10.65],
			"to": [8.9, 11, 11.65],
			"faces": {
				"north": {"uv": [8.5, 1.75, 10, 2.75], "texture": "#0"},
				"east": {"uv": [8.5, 1.75, 10, 2.75], "texture": "#0"},
				"south": {"uv": [8.5, 1.75, 10, 2.75], "texture": "#0"},
				"west": {"uv": [8.5, 1.75, 10, 2.75], "texture": "#0"},
				"up": {"uv": [8.5, 1.75, 10, 2.75], "texture": "#0"},
				"down": {"uv": [8.5, 1.75, 10, 2.75], "texture": "#0"}
			}
		},
		{
			"from": [7.5, 4.83771, 2.73454],
			"to": [8.5, 6.08771, 5.23454],
			"rotation": {"angle": 45, "axis": "x", "origin": [8, 5.68208, 3.12831]},
			"faces": {
				"north": {"uv": [9, 7.75, 10.5, 9], "rotation": 90, "texture": "#0"},
				"east": {"uv": [9, 7.75, 10.5, 9], "texture": "#0"},
				"south": {"uv": [9, 7.75, 10.5, 9], "rotation": 270, "texture": "#0"},
				"west": {"uv": [9, 7.75, 10.5, 9], "rotation": 180, "texture": "#0"},
				"up": {"uv": [9, 7.75, 10.5, 9], "rotation": 270, "texture": "#0"},
				"down": {"uv": [9, 7.75, 10.5, 9], "rotation": 90, "texture": "#0"}
			}
		},
		{
			"from": [7.75, 5.26902, 2.43697],
			"to": [8.25, 8.76902, 3.18697],
			"rotation": {"angle": -22.5, "axis": "x", "origin": [8, 5.68208, 3.12831]},
			"faces": {
				"north": {"uv": [9, 7.75, 10.5, 8.5], "rotation": 180, "texture": "#0"},
				"east": {"uv": [9, 7.75, 10.5, 8.5], "rotation": 90, "texture": "#0"},
				"south": {"uv": [9, 7.75, 10.5, 8.5], "texture": "#0"},
				"west": {"uv": [9, 7.75, 10.5, 8.5], "rotation": 270, "texture": "#0"},
				"up": {"uv": [9, 7.75, 10.5, 8.5], "texture": "#0"},
				"down": {"uv": [9, 7.75, 10.5, 8.5], "rotation": 180, "texture": "#0"}
			}
		},
		{
			"from": [7.5, 11.08771, 10.26546],
			"to": [8.5, 12.33771, 12.76546],
			"rotation": {"angle": -45, "axis": "x", "origin": [8, 11.93208, 11.37169]},
			"faces": {
				"north": {"uv": [9, 9, 10.5, 7.75], "rotation": 270, "texture": "#0"},
				"east": {"uv": [10.5, 7.75, 9, 9], "texture": "#0"},
				"south": {"uv": [9, 9, 10.5, 7.75], "rotation": 90, "texture": "#0"},
				"west": {"uv": [10.5, 7.75, 9, 9], "rotation": 180, "texture": "#0"},
				"up": {"uv": [10.5, 7.75, 9, 9], "rotation": 270, "texture": "#0"},
				"down": {"uv": [10.5, 7.75, 9, 9], "rotation": 90, "texture": "#0"}
			}
		},
		{
			"from": [7.25, 10.83771, 10.26546],
			"to": [8.75, 12.58771, 11.26546],
			"rotation": {"angle": -45, "axis": "x", "origin": [8, 11.93208, 11.37169]},
			"faces": {
				"north": {"uv": [9.75, 2.25, 8.5, 3.25], "rotation": 180, "texture": "#0"},
				"east": {"uv": [9.75, 2.25, 8.5, 3.25], "rotation": 180, "texture": "#0"},
				"south": {"uv": [9.75, 2.25, 8.5, 3.25], "rotation": 180, "texture": "#0"},
				"west": {"uv": [9.75, 2.25, 8.5, 3.25], "rotation": 180, "texture": "#0"},
				"up": {"uv": [9.75, 2.25, 8.5, 3.25], "rotation": 180, "texture": "#0"},
				"down": {"uv": [9.75, 2.25, 8.5, 3.25], "rotation": 180, "texture": "#0"}
			}
		},
		{
			"from": [7.75, 12.41902, 11.71303],
			"to": [8.25, 14.91902, 12.46303],
			"rotation": {"angle": 22.5, "axis": "x", "origin": [8, 11.93208, 11.37169]},
			"faces": {
				"north": {"uv": [10.5, 7.75, 9, 8.5], "texture": "#0"},
				"east": {"uv": [9, 8.5, 10.5, 7.75], "rotation": 90, "texture": "#0"},
				"south": {"uv": [10.5, 7.75, 9, 8.5], "rotation": 180, "texture": "#0"},
				"west": {"uv": [9, 8.5, 10.5, 7.75], "rotation": 270, "texture": "#0"},
				"up": {"uv": [9, 8.5, 10.5, 7.75], "texture": "#0"},
				"down": {"uv": [9, 8.5, 10.5, 7.75], "rotation": 180, "texture": "#0"}
			}
		},
		{
			"from": [7.1, 4.5, 6.6],
			"to": [8.9, 6.5, 9.65],
			"faces": {
				"north": {"uv": [8.5, 1.75, 10, 2.75], "texture": "#0"},
				"east": {"uv": [8.5, 1.75, 10, 2.75], "texture": "#0"},
				"south": {"uv": [8.5, 1.75, 10, 2.75], "texture": "#0"},
				"west": {"uv": [8.5, 1.75, 10, 2.75], "texture": "#0"},
				"up": {"uv": [8.5, 1.75, 10, 2.75], "texture": "#0"},
				"down": {"uv": [8.5, 1.75, 10, 2.75], "texture": "#0"}
			}
		},
		{
			"from": [7, 3.75, 6.85],
			"to": [7.1, 6.5, 9.15],
			"faces": {
				"north": {"uv": [11, 1.75, 12, 2.75], "texture": "#0"},
				"east": {"uv": [11, 1.75, 12, 2.75], "texture": "#0"},
				"south": {"uv": [11, 1.75, 12, 2.75], "texture": "#0"},
				"west": {"uv": [11, 1.75, 12, 2.75], "texture": "#0"},
				"up": {"uv": [11, 1.75, 12, 2.75], "texture": "#0"},
				"down": {"uv": [11, 1.75, 12, 2.75], "texture": "#0"}
			}
		},
		{
			"from": [8.9, 3.75, 6.85],
			"to": [9, 6.5, 9.15],
			"rotation": {"angle": 0, "axis": "y", "origin": [16, 0, 16]},
			"faces": {
				"north": {"uv": [11, 1.75, 12, 2.75], "texture": "#0"},
				"east": {"uv": [11, 1.75, 12, 2.75], "texture": "#0"},
				"south": {"uv": [11, 1.75, 12, 2.75], "texture": "#0"},
				"west": {"uv": [11, 1.75, 12, 2.75], "texture": "#0"},
				"up": {"uv": [12, 2.75, 11, 1.75], "texture": "#0"},
				"down": {"uv": [12, 2.75, 11, 1.75], "texture": "#0"}
			}
		},
		{
			"from": [7, 2.75, 7.35],
			"to": [7.1, 3.75, 8.65],
			"faces": {
				"north": {"uv": [11, 1.75, 12, 2.75], "texture": "#0"},
				"east": {"uv": [11, 1.75, 12, 2.75], "texture": "#0"},
				"south": {"uv": [11, 1.75, 12, 2.75], "texture": "#0"},
				"west": {"uv": [11, 1.75, 12, 2.75], "texture": "#0"},
				"up": {"uv": [11, 1.75, 12, 2.75], "texture": "#0"},
				"down": {"uv": [11, 1.75, 12, 2.75], "texture": "#0"}
			}
		},
		{
			"from": [8.9, 2.75, 7.35],
			"to": [9, 3.75, 8.65],
			"rotation": {"angle": 0, "axis": "y", "origin": [16, 0, 16]},
			"faces": {
				"north": {"uv": [11, 1.75, 12, 2.75], "texture": "#0"},
				"east": {"uv": [11, 1.75, 12, 2.75], "texture": "#0"},
				"south": {"uv": [11, 1.75, 12, 2.75], "texture": "#0"},
				"west": {"uv": [11, 1.75, 12, 2.75], "texture": "#0"},
				"up": {"uv": [12, 2.75, 11, 1.75], "texture": "#0"},
				"down": {"uv": [12, 2.75, 11, 1.75], "texture": "#0"}
			}
		}
	],
	"display": {
		"thirdperson_righthand": {
			"rotation": [-22, -55, 92],
			"translation": [-3.5, -6, 8.5]
		},
		"thirdperson_lefthand": {
			"rotation": [-22, -55, 92],
			"translation": [-3.5, -6, 8.5]
		},
		"firstperson_righthand": {
			"scale": [0, 0, 0]
		},
		"firstperson_lefthand": {
			"scale": [0, 0, 0]
		},
		"ground": {
			"rotation": [-45, 0, 0],
			"translation": [0, 8, 0]
		},
		"gui": {
			"rotation": [90, 45, -90],
			"translation": [-2, -1.5, 0],
			"scale": [0.6, 0.6, 0.6]
		},
		"fixed": {
			"rotation": [90, -45, 90],
			"translation": [2, -1.75, -0.5],
			"scale": [0.65, 0.65, 0.65]
		}
	},
	"groups": [
		{
			"name": "sword",
			"origin": [8, 8, 8],
			"color": 0,
			"children": [
				0,
				1,
				2,
				{
					"name": "group",
					"origin": [0, 0, 0],
					"color": 0,
					"children": [
						{
							"name": "group",
							"origin": [0, 0, 0],
							"color": 0,
							"children": [3, 4, 5, 6, 7]
						},
						{
							"name": "group",
							"origin": [0, 0, 0],
							"color": 0,
							"children": [8, 9, 10, 11, 12, 13]
						},
						{
							"name": "group",
							"origin": [0, 0, 0],
							"color": 0,
							"children": [14, 15, 16, 17, 18, 19, 20]
						}
					]
				},
				{
					"name": "group",
					"origin": [0, 0, 0],
					"color": 0,
					"children": [21, 22, 23, 24, 25, 26, 27, 28, 29, 30, 31]
				},
				{
					"name": "group",
					"origin": [8, 17.38424, 14.76282],
					"color": 0,
					"children": [32, 33, 34, 35, 36]
				},
				37,
				38,
				39,
				40,
				41
			]
		}
	]
}