{
	"credit": "Made with Blockbench",
	"texture_size": [32, 32],
	"textures": {
		"0": "reus/head",
		"2": "reus/wing_0",
		"particle": "reus/head"
	},
	"elements": [
		{
			"from": [-5.07865, 10.46947, 8.65268],
			"to": [-1.65523, 23.44082, 11.92395],
			"rotation": {"angle": -22.5, "axis": "z", "origin": [-7.87144, 9.82302, 10.53857]},
			"faces": {
				"north": {"uv": [4.25, 9.25, 2, 10.5], "texture": "#0"},
				"east": {"uv": [4.25, 9.25, 2, 10.5], "texture": "#0"},
				"south": {"uv": [4.25, 9.25, 2, 10.5], "texture": "#0"},
				"west": {"uv": [4.25, 9.25, 2, 10.5], "texture": "#0"},
				"up": {"uv": [4.25, 9.25, 2, 10.5], "texture": "#0"},
				"down": {"uv": [4.25, 9.25, 2, 10.5], "texture": "#0"}
			}
		},
		{
			"from": [0.48187, 24.15012, 8.45248],
			"to": [5.40679, 27.65362, 12.12415],
			"rotation": {"angle": -45, "axis": "z", "origin": [-3.35694, 25.65649, 10.28832]},
			"faces": {
				"north": {"uv": [4.25, 9.25, 2, 10.5], "texture": "#0"},
				"east": {"uv": [4.25, 9.25, 2, 10.5], "texture": "#0"},
				"south": {"uv": [4.25, 9.25, 2, 10.5], "texture": "#0"},
				"west": {"uv": [4.25, 9.25, 2, 10.5], "texture": "#0"},
				"up": {"uv": [4.25, 9.25, 2, 10.5], "texture": "#0"},
				"down": {"uv": [4.25, 9.25, 2, 10.5], "texture": "#0"}
			}
		},
		{
			"from": [-2.02063, 24.75072, 9.05308],
			"to": [0.90229, 27.45342, 11.52355],
			"rotation": {"angle": -45, "axis": "z", "origin": [-3.35694, 25.65649, 10.28832]},
			"faces": {
				"north": {"uv": [4.25, 9.25, 2, 10.5], "texture": "#0"},
				"east": {"uv": [4.25, 9.25, 2, 10.5], "texture": "#0"},
				"south": {"uv": [4.25, 9.25, 2, 10.5], "texture": "#0"},
				"west": {"uv": [4.25, 9.25, 2, 10.5], "texture": "#0"},
				"up": {"uv": [4.25, 9.25, 2, 10.5], "texture": "#0"},
				"down": {"uv": [4.25, 9.25, 2, 10.5], "texture": "#0"}
			}
		},
		{
			"from": [-5.52413, 23.54952, 9.35338],
			"to": [-1.01963, 25.65162, 11.22325],
			"rotation": {"angle": -45, "axis": "z", "origin": [-1.85544, 24.15499, 10.28832]},
			"faces": {
				"north": {"uv": [10.5, 7.5, 9, 8.75], "texture": "#0"},
				"east": {"uv": [10.5, 7.5, 9, 8.75], "texture": "#0"},
				"south": {"uv": [10.5, 7.5, 9, 8.75], "texture": "#0"},
				"west": {"uv": [10.5, 7.5, 9, 8.75], "texture": "#0"},
				"up": {"uv": [10.5, 7.5, 9, 8.75], "texture": "#0"},
				"down": {"uv": [10.5, 7.5, 9, 8.75], "texture": "#0"}
			}
		},
		{
			"from": [-5.79212, 26.07639, 9.65368],
			"to": [-4.49082, 29.47979, 10.92295],
			"rotation": {"angle": 22.5, "axis": "z", "origin": [-5.24791, 29.2567, 10.28832]},
			"faces": {
				"north": {"uv": [9, 8.75, 10.5, 7.5], "rotation": 90, "texture": "#0"},
				"east": {"uv": [9, 8.75, 10.5, 7.5], "rotation": 90, "texture": "#0"},
				"south": {"uv": [9, 8.75, 10.5, 7.5], "rotation": 90, "texture": "#0"},
				"west": {"uv": [9, 8.75, 10.5, 7.5], "rotation": 90, "texture": "#0"},
				"up": {"uv": [9, 8.75, 10.5, 7.5], "rotation": 90, "texture": "#0"},
				"down": {"uv": [9, 8.75, 10.5, 7.5], "rotation": 90, "texture": "#0"}
			}
		},
		{
			"from": [-5.55149, 29.01433, 9.85388],
			"to": [-4.65059, 31.51683, 10.72275],
			"rotation": {"angle": 0, "axis": "y", "origin": [-5.80174, 30.06538, 10.28832]},
			"faces": {
				"north": {"uv": [9, 8.75, 10.5, 7.5], "rotation": 90, "texture": "#0"},
				"east": {"uv": [9, 8.75, 10.5, 7.5], "rotation": 90, "texture": "#0"},
				"south": {"uv": [9, 8.75, 10.5, 7.5], "rotation": 90, "texture": "#0"},
				"west": {"uv": [9, 8.75, 10.5, 7.5], "rotation": 90, "texture": "#0"},
				"up": {"uv": [9, 8.75, 10.5, 7.5], "rotation": 90, "texture": "#0"},
				"down": {"uv": [9, 8.75, 10.5, 7.5], "rotation": 90, "texture": "#0"}
			}
		},
		{
			"from": [2.16049, -16, 9.85388],
			"to": [3.41174, 20.36875, 10.72275],
			"rotation": {"angle": 0, "axis": "y", "origin": [5.57754, 12.43719, 10.28832]},
			"faces": {
				"north": {"uv": [1.5, 11.75, 2.75, 10.5], "rotation": 90, "texture": "#0"},
				"east": {"uv": [1.5, 11.75, 2.75, 10.5], "rotation": 90, "texture": "#0"},
				"south": {"uv": [1.5, 11.75, 2.75, 10.5], "rotation": 90, "texture": "#0"},
				"west": {"uv": [1.5, 11.75, 2.75, 10.5], "rotation": 90, "texture": "#0"},
				"up": {"uv": [1.5, 11.75, 2.75, 10.5], "rotation": 90, "texture": "#0"},
				"down": {"uv": [1.5, 11.75, 2.75, 10.5], "rotation": 90, "texture": "#0"}
			}
		},
		{
			"from": [22.6751, -2.27712, 9.15318],
			"to": [24.7772, 30.1753, 11.42345],
			"rotation": {"angle": 45, "axis": "z", "origin": [21.24721, -0.71134, 10.33517]},
			"faces": {
				"north": {"uv": [2, 10.5, 4.25, 9.25], "rotation": 90, "texture": "#0"},
				"east": {"uv": [2, 10.5, 4.25, 9.25], "rotation": 90, "texture": "#0"},
				"south": {"uv": [2, 10.5, 4.25, 9.25], "rotation": 90, "texture": "#0"},
				"west": {"uv": [2, 10.5, 4.25, 9.25], "rotation": 90, "texture": "#0"},
				"up": {"uv": [2, 10.5, 4.25, 9.25], "rotation": 90, "texture": "#0"},
				"down": {"uv": [2, 10.5, 4.25, 9.25], "rotation": 90, "texture": "#0"}
			}
		},
		{
			"from": [22.5001, -6.62547, 8.81965],
			"to": [25.3029, -0.19905, 11.75699],
			"rotation": {"angle": 22.5, "axis": "z", "origin": [21.24721, -0.71134, 10.33517]},
			"faces": {
				"north": {"uv": [2, 10.5, 4.25, 9.25], "rotation": 90, "texture": "#0"},
				"east": {"uv": [2, 10.5, 4.25, 9.25], "rotation": 90, "texture": "#0"},
				"south": {"uv": [2, 10.5, 4.25, 9.25], "rotation": 90, "texture": "#0"},
				"west": {"uv": [2, 10.5, 4.25, 9.25], "rotation": 90, "texture": "#0"},
				"up": {"uv": [2, 10.5, 4.25, 9.25], "rotation": 90, "texture": "#0"},
				"down": {"uv": [2, 10.5, 4.25, 9.25], "rotation": 90, "texture": "#0"}
			}
		},
		{
			"from": [22.9005, -10.12897, 9.22005],
			"to": [24.9025, -6.12497, 11.35659],
			"rotation": {"angle": 22.5, "axis": "z", "origin": [21.24721, -0.71134, 10.33517]},
			"faces": {
				"north": {"uv": [1, 4.75, 2.25, 3.5], "rotation": 90, "texture": "#0"},
				"east": {"uv": [1, 4.75, 2.25, 3.5], "rotation": 90, "texture": "#0"},
				"south": {"uv": [1, 4.75, 2.25, 3.5], "rotation": 90, "texture": "#0"},
				"west": {"uv": [1, 4.75, 2.25, 3.5], "rotation": 90, "texture": "#0"},
				"up": {"uv": [1, 4.75, 2.25, 3.5], "rotation": 90, "texture": "#0"},
				"down": {"uv": [1, 4.75, 2.25, 3.5], "rotation": 90, "texture": "#0"}
			}
		},
		{
			"from": [26.51522, -11.1659, 9.62045],
			"to": [27.71642, -7.6624, 10.95619],
			"rotation": {"angle": 0, "axis": "y", "origin": [21.24721, -0.71134, 10.33517]},
			"faces": {
				"north": {"uv": [1, 4.75, 2.25, 3.5], "rotation": 90, "texture": "#0"},
				"east": {"uv": [1, 4.75, 2.25, 3.5], "rotation": 90, "texture": "#0"},
				"south": {"uv": [1, 4.75, 2.25, 3.5], "rotation": 90, "texture": "#0"},
				"west": {"uv": [1, 4.75, 2.25, 3.5], "rotation": 90, "texture": "#0"},
				"up": {"uv": [1, 4.75, 2.25, 3.5], "rotation": 90, "texture": "#0"},
				"down": {"uv": [1, 4.75, 2.25, 3.5], "rotation": 90, "texture": "#0"}
			}
		},
		{
			"from": [-2.82337, -16, 10.47705],
			"to": [26.38035, 23.84399, 10.61355],
			"rotation": {"angle": 0, "axis": "y", "origin": [21.24721, -0.71134, 10.33517]},
			"faces": {
				"north": {"uv": [16, 9, 0, 16], "texture": "#2"},
				"south": {"uv": [0, 9, 16, 16], "texture": "#2"}
			}
		},
		{
			"from": [3.86547, 21.02316, 9.55358],
			"to": [5.36697, 26.02816, 11.02305],
			"rotation": {"angle": -22.5, "axis": "z", "origin": [4.98206, 25.32438, 10.28832]},
			"faces": {
				"north": {"uv": [9, 8.75, 10.5, 7.5], "rotation": 90, "texture": "#0"},
				"east": {"uv": [9, 8.75, 10.5, 7.5], "rotation": 90, "texture": "#0"},
				"south": {"uv": [9, 8.75, 10.5, 7.5], "rotation": 90, "texture": "#0"},
				"west": {"uv": [9, 8.75, 10.5, 7.5], "rotation": 90, "texture": "#0"},
				"up": {"uv": [9, 8.75, 10.5, 7.5], "rotation": 90, "texture": "#0"},
				"down": {"uv": [9, 8.75, 10.5, 7.5], "rotation": 90, "texture": "#0"}
			}
		},
		{
			"from": [4.78186, 25.12418, 9.75378],
			"to": [8.78586, 26.22528, 10.82285],
			"rotation": {"angle": 45, "axis": "z", "origin": [4.98206, 25.32438, 10.28832]},
			"faces": {
				"north": {"uv": [10.5, 7.5, 9, 8.75], "rotation": 180, "texture": "#0"},
				"east": {"uv": [10.5, 7.5, 9, 8.75], "texture": "#0"},
				"south": {"uv": [10.5, 7.5, 9, 8.75], "texture": "#0"},
				"west": {"uv": [10.5, 7.5, 9, 8.75], "texture": "#0"},
				"up": {"uv": [10.5, 7.5, 9, 8.75], "texture": "#0"},
				"down": {"uv": [10.5, 7.5, 9, 8.75], "texture": "#0"}
			}
		},
		{
			"from": [5.02011, 16.46104, 9.55358],
			"to": [6.52161, 21.46604, 11.02305],
			"rotation": {"angle": -22.5, "axis": "z", "origin": [9.22141, 19.16158, 10.28832]},
			"faces": {
				"north": {"uv": [9, 8.75, 10.5, 7.5], "rotation": 90, "texture": "#0"},
				"east": {"uv": [9, 8.75, 10.5, 7.5], "rotation": 90, "texture": "#0"},
				"south": {"uv": [9, 8.75, 10.5, 7.5], "rotation": 90, "texture": "#0"},
				"west": {"uv": [9, 8.75, 10.5, 7.5], "rotation": 90, "texture": "#0"},
				"up": {"uv": [9, 8.75, 10.5, 7.5], "rotation": 90, "texture": "#0"},
				"down": {"uv": [9, 8.75, 10.5, 7.5], "rotation": 90, "texture": "#0"}
			}
		},
		{
			"from": [9.31958, 22.42384, 9.75378],
			"to": [12.82308, 23.52494, 10.82285],
			"rotation": {"angle": 45, "axis": "z", "origin": [9.22141, 19.16158, 10.28832]},
			"faces": {
				"north": {"uv": [10.5, 7.5, 9, 8.75], "rotation": 180, "texture": "#0"},
				"east": {"uv": [10.5, 7.5, 9, 8.75], "texture": "#0"},
				"south": {"uv": [10.5, 7.5, 9, 8.75], "texture": "#0"},
				"west": {"uv": [10.5, 7.5, 9, 8.75], "texture": "#0"},
				"up": {"uv": [10.5, 7.5, 9, 8.75], "texture": "#0"},
				"down": {"uv": [10.5, 7.5, 9, 8.75], "texture": "#0"}
			}
		},
		{
			"from": [8.28979, 15.1067, 9.55358],
			"to": [9.79129, 20.1117, 11.02305],
			"rotation": {"angle": -22.5, "axis": "z", "origin": [9.22141, 19.16158, 10.28832]},
			"faces": {
				"north": {"uv": [9, 8.75, 10.5, 7.5], "rotation": 90, "texture": "#0"},
				"east": {"uv": [9, 8.75, 10.5, 7.5], "rotation": 90, "texture": "#0"},
				"south": {"uv": [9, 8.75, 10.5, 7.5], "rotation": 90, "texture": "#0"},
				"west": {"uv": [9, 8.75, 10.5, 7.5], "rotation": 90, "texture": "#0"},
				"up": {"uv": [9, 8.75, 10.5, 7.5], "rotation": 90, "texture": "#0"},
				"down": {"uv": [9, 8.75, 10.5, 7.5], "rotation": 90, "texture": "#0"}
			}
		},
		{
			"from": [9.31958, 18.88477, 9.75378],
			"to": [12.32258, 19.98587, 10.82285],
			"rotation": {"angle": 45, "axis": "z", "origin": [9.22141, 19.16158, 10.28832]},
			"faces": {
				"north": {"uv": [10.5, 7.5, 9, 8.75], "rotation": 180, "texture": "#0"},
				"east": {"uv": [10.5, 7.5, 9, 8.75], "texture": "#0"},
				"south": {"uv": [10.5, 7.5, 9, 8.75], "texture": "#0"},
				"west": {"uv": [10.5, 7.5, 9, 8.75], "texture": "#0"},
				"up": {"uv": [10.5, 7.5, 9, 8.75], "texture": "#0"},
				"down": {"uv": [10.5, 7.5, 9, 8.75], "texture": "#0"}
			}
		},
		{
			"from": [11.28859, 14.59992, 9.55358],
			"to": [12.79009, 18.10342, 11.02305],
			"rotation": {"angle": -22.5, "axis": "z", "origin": [9.22141, 19.16158, 10.28832]},
			"faces": {
				"north": {"uv": [9, 8.75, 10.5, 7.5], "rotation": 90, "texture": "#0"},
				"east": {"uv": [9, 8.75, 10.5, 7.5], "rotation": 90, "texture": "#0"},
				"south": {"uv": [9, 8.75, 10.5, 7.5], "rotation": 90, "texture": "#0"},
				"west": {"uv": [9, 8.75, 10.5, 7.5], "rotation": 90, "texture": "#0"},
				"up": {"uv": [9, 8.75, 10.5, 7.5], "rotation": 90, "texture": "#0"},
				"down": {"uv": [9, 8.75, 10.5, 7.5], "rotation": 90, "texture": "#0"}
			}
		},
		{
			"from": [8.61176, 15.3457, 9.75378],
			"to": [11.61476, 16.4468, 10.82285],
			"rotation": {"angle": 45, "axis": "z", "origin": [9.22141, 19.16158, 10.28832]},
			"faces": {
				"north": {"uv": [10.5, 7.5, 9, 8.75], "rotation": 180, "texture": "#0"},
				"east": {"uv": [10.5, 7.5, 9, 8.75], "texture": "#0"},
				"south": {"uv": [10.5, 7.5, 9, 8.75], "texture": "#0"},
				"west": {"uv": [10.5, 7.5, 9, 8.75], "texture": "#0"},
				"up": {"uv": [10.5, 7.5, 9, 8.75], "texture": "#0"},
				"down": {"uv": [10.5, 7.5, 9, 8.75], "texture": "#0"}
			}
		},
		{
			"from": [14.47893, 13.13024, 9.55358],
			"to": [15.98043, 15.63274, 11.02305],
			"rotation": {"angle": -22.5, "axis": "z", "origin": [9.22141, 19.16158, 10.28832]},
			"faces": {
				"north": {"uv": [9, 8.75, 10.5, 7.5], "rotation": 90, "texture": "#0"},
				"east": {"uv": [9, 8.75, 10.5, 7.5], "rotation": 90, "texture": "#0"},
				"south": {"uv": [9, 8.75, 10.5, 7.5], "rotation": 90, "texture": "#0"},
				"west": {"uv": [9, 8.75, 10.5, 7.5], "rotation": 90, "texture": "#0"},
				"up": {"uv": [9, 8.75, 10.5, 7.5], "rotation": 90, "texture": "#0"},
				"down": {"uv": [9, 8.75, 10.5, 7.5], "rotation": 90, "texture": "#0"}
			}
		},
		{
			"from": [7.55004, 11.45272, 9.75378],
			"to": [10.05254, 12.55382, 10.82285],
			"rotation": {"angle": 45, "axis": "z", "origin": [9.22141, 19.16158, 10.28832]},
			"faces": {
				"north": {"uv": [10.5, 7.5, 9, 8.75], "rotation": 180, "texture": "#0"},
				"east": {"uv": [10.5, 7.5, 9, 8.75], "texture": "#0"},
				"south": {"uv": [10.5, 7.5, 9, 8.75], "texture": "#0"},
				"west": {"uv": [10.5, 7.5, 9, 8.75], "texture": "#0"},
				"up": {"uv": [10.5, 7.5, 9, 8.75], "texture": "#0"},
				"down": {"uv": [10.5, 7.5, 9, 8.75], "texture": "#0"}
			}
		}
	],
	"display": {
		"head": {
			"translation": [44.5, -14, -9.75],
			"scale": [4, 4, 4]
		}
	},
	"groups": [
		{
			"name": "root",
			"origin": [8, 8, 8],
			"color": 0,
			"children": [
				{
					"name": "wing_l_close",
					"origin": [8, 8, 8],
					"color": 0,
					"children": [
						{
							"name": "1",
							"origin": [5.5, 8.44331, 2.22471],
							"color": 0,
							"children": [0, 1, 2, 3, 4, 5, 6]
						},
						{
							"name": "2",
							"origin": [8, 8, 8],
							"color": 0,
							"children": [
								7,
								8,
								9,
								10,
								11,
								{
									"name": "group",
									"origin": [2.54497, 18.1905, 0.19971],
									"color": 0,
									"children": [12, 13, 14, 15, 16, 17, 18, 19, 20, 21]
								}
							]
						}
					]
				}
			]
		}
	]
}