{
	"credit": "Made with Blockbench",
	"texture_size": [32, 32],
	"textures": {
		"2": "reia/head"
	},
	"elements": [
		{
			"from": [5.64248, 4.74022, 7.17616],
			"to": [10.35498, 6.62522, 11.88866],
			"rotation": {"angle": 0, "axis": "y", "origin": [7.99873, 6.72084, 10.49726]},
			"faces": {
				"north": {"uv": [3.5, 4.5, 5, 5], "texture": "#2"},
				"east": {"uv": [4.5, 0, 6, 0.5], "texture": "#2"},
				"south": {"uv": [4.5, 0.5, 6, 1], "texture": "#2"},
				"west": {"uv": [4.5, 1.5, 6, 2], "texture": "#2"},
				"up": {"uv": [1.5, 1.5, 0, 0], "texture": "#2"},
				"down": {"uv": [1.5, 1.5, 0, 3], "texture": "#2"}
			}
		},
		{
			"from": [6.30223, 4.74022, 4.34866],
			"to": [9.69523, 6.62522, 7.17616],
			"rotation": {"angle": 0, "axis": "y", "origin": [7.99873, 6.72084, 10.49726]},
			"faces": {
				"north": {"uv": [5, 1, 6, 1.5], "texture": "#2"},
				"east": {"uv": [5, 2.5, 6, 3], "texture": "#2"},
				"south": {"uv": [5, 3, 6, 3.5], "texture": "#2"},
				"west": {"uv": [5, 4.5, 6, 5], "texture": "#2"},
				"up": {"uv": [4.5, 4.5, 3.5, 3.5], "texture": "#2"},
				"down": {"uv": [4.5, 0, 3.5, 1], "texture": "#2"}
			}
		},
		{
			"from": [6.58498, 5.21147, 2.46366],
			"to": [9.41248, 6.62522, 4.34866],
			"rotation": {"angle": 0, "axis": "y", "origin": [7.99873, 6.72084, 10.49726]},
			"faces": {
				"north": {"uv": [0, 5.5, 1, 6], "texture": "#2"},
				"east": {"uv": [10, 4.5, 10.5, 5], "texture": "#2"},
				"south": {"uv": [1, 5.5, 2, 6], "texture": "#2"},
				"west": {"uv": [10, 5, 10.5, 5.5], "texture": "#2"},
				"up": {"uv": [3, 6, 2, 5.5], "texture": "#2"},
				"down": {"uv": [4, 5.5, 3, 6], "texture": "#2"}
			}
		},
		{
			"from": [5.35973, 5.34707, 10.30608],
			"to": [5.83098, 7.23207, 12.66233],
			"rotation": {"angle": -22.5, "axis": "x", "origin": [7.99873, 6.72084, 10.49726]},
			"faces": {
				"north": {"uv": [4.5, 1.5, 6, 2], "texture": "#2"},
				"east": {"uv": [4.5, 1.5, 6, 2], "texture": "#2"},
				"south": {"uv": [4.5, 1.5, 6, 2], "texture": "#2"},
				"west": {"uv": [10.5, 0, 12.5, 1.5], "texture": "#2"},
				"up": {"uv": [4.5, 1.5, 6, 2], "texture": "#2"},
				"down": {"uv": [4.5, 1.5, 6, 2], "texture": "#2"}
			}
		},
		{
			"from": [5.35973, 6.47807, 13.60483],
			"to": [5.83098, 7.23207, 14.07608],
			"rotation": {"angle": -22.5, "axis": "x", "origin": [7.99873, 6.72084, 10.49726]},
			"faces": {
				"north": {"uv": [4.5, 1.5, 6, 2], "texture": "#2"},
				"east": {"uv": [4.5, 1.5, 6, 2], "texture": "#2"},
				"south": {"uv": [4.5, 1.5, 6, 2], "texture": "#2"},
				"west": {"uv": [4.5, 1.5, 6, 2], "texture": "#2"},
				"up": {"uv": [4.5, 1.5, 6, 2], "texture": "#2"},
				"down": {"uv": [4.5, 1.5, 6, 2], "texture": "#2"}
			}
		},
		{
			"from": [5.35973, 5.81832, 12.66233],
			"to": [5.83098, 7.23207, 13.60483],
			"rotation": {"angle": -22.5, "axis": "x", "origin": [7.99873, 6.72084, 10.49726]},
			"faces": {
				"north": {"uv": [4.5, 1.5, 6, 2], "texture": "#2"},
				"east": {"uv": [4.5, 1.5, 6, 2], "texture": "#2"},
				"south": {"uv": [4.5, 1.5, 6, 2], "texture": "#2"},
				"west": {"uv": [4.5, 1.5, 6, 2], "texture": "#2"},
				"up": {"uv": [4.5, 1.5, 6, 2], "texture": "#2"},
				"down": {"uv": [4.5, 1.5, 6, 2], "texture": "#2"}
			}
		},
		{
			"from": [10.16648, 5.34707, 10.30608],
			"to": [10.63773, 7.23207, 12.66233],
			"rotation": {"angle": -22.5, "axis": "x", "origin": [7.99873, 6.72084, 10.49726]},
			"faces": {
				"north": {"uv": [6, 1.5, 4.5, 2], "texture": "#2"},
				"east": {"uv": [12.5, 0, 10.5, 1.5], "texture": "#2"},
				"south": {"uv": [6, 1.5, 4.5, 2], "texture": "#2"},
				"west": {"uv": [6, 1.5, 4.5, 2], "texture": "#2"},
				"up": {"uv": [6, 1.5, 4.5, 2], "texture": "#2"},
				"down": {"uv": [6, 1.5, 4.5, 2], "texture": "#2"}
			}
		},
		{
			"from": [10.16648, 6.47807, 13.60483],
			"to": [10.63773, 7.23207, 14.07608],
			"rotation": {"angle": -22.5, "axis": "x", "origin": [7.99873, 6.72084, 10.49726]},
			"faces": {
				"north": {"uv": [6, 1.5, 4.5, 2], "texture": "#2"},
				"east": {"uv": [6, 1.5, 4.5, 2], "texture": "#2"},
				"south": {"uv": [6, 1.5, 4.5, 2], "texture": "#2"},
				"west": {"uv": [6, 1.5, 4.5, 2], "texture": "#2"},
				"up": {"uv": [6, 1.5, 4.5, 2], "texture": "#2"},
				"down": {"uv": [6, 1.5, 4.5, 2], "texture": "#2"}
			}
		},
		{
			"from": [10.16648, 5.81832, 12.66233],
			"to": [10.63773, 7.23207, 13.60483],
			"rotation": {"angle": -22.5, "axis": "x", "origin": [7.99873, 6.72084, 10.49726]},
			"faces": {
				"north": {"uv": [6, 1.5, 4.5, 2], "texture": "#2"},
				"east": {"uv": [6, 1.5, 4.5, 2], "texture": "#2"},
				"south": {"uv": [6, 1.5, 4.5, 2], "texture": "#2"},
				"west": {"uv": [6, 1.5, 4.5, 2], "texture": "#2"},
				"up": {"uv": [6, 1.5, 4.5, 2], "texture": "#2"},
				"down": {"uv": [6, 1.5, 4.5, 2], "texture": "#2"}
			}
		},
		{
			"from": [6.01948, 5.99876, 8.13375],
			"to": [6.11373, 8.44926, 10.49],
			"rotation": {"angle": 0, "axis": "y", "origin": [7.99873, 6.72084, 10.49726]},
			"faces": {
				"north": {"uv": [8.5, 1.5, 9, 2], "texture": "#2"},
				"east": {"uv": [8.5, 2, 9, 2.5], "texture": "#2"},
				"south": {"uv": [8.5, 2.5, 9, 3], "texture": "#2"},
				"west": {"uv": [8.5, 3, 9, 3.5], "texture": "#2"},
				"up": {"uv": [9, 4, 8.5, 3.5], "texture": "#2"},
				"down": {"uv": [9, 4, 8.5, 4.5], "texture": "#2"}
			}
		},
		{
			"from": [9.88373, 5.99876, 8.13375],
			"to": [9.97798, 7.88376, 10.49],
			"rotation": {"angle": 0, "axis": "y", "origin": [7.99873, 6.72084, 10.49726]},
			"faces": {
				"north": {"uv": [9, 1.5, 8.5, 2], "texture": "#2"},
				"east": {"uv": [9, 3, 8.5, 3.5], "texture": "#2"},
				"south": {"uv": [9, 2.5, 8.5, 3], "texture": "#2"},
				"west": {"uv": [9, 2, 8.5, 2.5], "texture": "#2"},
				"up": {"uv": [8.5, 4, 9, 3.5], "texture": "#2"},
				"down": {"uv": [8.5, 4, 9, 4.5], "texture": "#2"}
			}
		},
		{
			"from": [7.05623, 6.4529, 6.88863],
			"to": [8.94123, 7.11265, 11.60113],
			"rotation": {"angle": 0, "axis": "y", "origin": [7.99873, 6.72084, 10.49726]},
			"faces": {
				"north": {"uv": [1, 1.5, 0.25, 0], "texture": "#2"},
				"east": {"uv": [1, 1.5, 0.25, 0], "texture": "#2"},
				"south": {"uv": [1, 1.5, 0.25, 0], "texture": "#2"},
				"west": {"uv": [1, 1.5, 0.25, 0], "texture": "#2"},
				"up": {"uv": [1, 1.5, 0.25, 0], "texture": "#2"},
				"down": {"uv": [1, 1.5, 0.25, 0], "texture": "#2"}
			}
		},
		{
			"from": [7.24473, 5.07879, 5.84169],
			"to": [8.75273, 5.73854, 7.25544],
			"rotation": {"angle": 22.5, "axis": "x", "origin": [7.99873, 6.72084, 10.49726]},
			"faces": {
				"north": {"uv": [1, 1.5, 0.25, 0], "texture": "#2"},
				"east": {"uv": [1, 1.5, 0.25, 0], "texture": "#2"},
				"south": {"uv": [1, 1.5, 0.25, 0], "texture": "#2"},
				"west": {"uv": [1, 1.5, 0.25, 0], "texture": "#2"},
				"up": {"uv": [1, 1.5, 0.25, 0], "texture": "#2"},
				"down": {"uv": [1, 1.5, 0.25, 0], "texture": "#2"}
			}
		},
		{
			"from": [7.52748, 5.07879, 5.08769],
			"to": [8.46998, 5.73854, 5.84169],
			"rotation": {"angle": 22.5, "axis": "x", "origin": [7.99873, 6.72084, 10.49726]},
			"faces": {
				"north": {"uv": [1, 1.5, 0.25, 0], "texture": "#2"},
				"east": {"uv": [1, 1.5, 0.25, 0], "texture": "#2"},
				"south": {"uv": [1, 1.5, 0.25, 0], "texture": "#2"},
				"west": {"uv": [1, 1.5, 0.25, 0], "texture": "#2"},
				"up": {"uv": [1, 1.5, 0.25, 0], "texture": "#2"},
				"down": {"uv": [1, 1.5, 0.25, 0], "texture": "#2"}
			}
		},
		{
			"from": [7.05623, 6.53595, 3.30079],
			"to": [8.94123, 6.91295, 4.71454],
			"rotation": {"angle": 0, "axis": "y", "origin": [7.99873, 6.72084, 10.49726]},
			"faces": {
				"north": {"uv": [0.25, 11.75, 2.5, 12], "texture": "#2"},
				"east": {"uv": [0, 11.75, 1.25, 12], "texture": "#2"},
				"west": {"uv": [0, 11.75, 1.25, 12], "texture": "#2"},
				"down": {"uv": [0, 0, 0, 0], "texture": "#2"}
			}
		},
		{
			"from": [8.94123, 6.53595, 3.30079],
			"to": [7.05623, 6.91295, 4.71454],
			"rotation": {"angle": 0, "axis": "y", "origin": [7.99873, 6.72084, 10.49726]},
			"faces": {
				"north": {"uv": [0.25, 11.75, 2.5, 12], "texture": "#2"},
				"east": {"uv": [0, 11.75, 1.25, 12], "texture": "#2"},
				"west": {"uv": [0, 11.75, 1.25, 12], "texture": "#2"},
				"up": {"uv": [0, 0, 0, 0], "texture": "#2"},
				"down": {"uv": [0, 0, 0, 0], "texture": "#2"}
			}
		},
		{
			"from": [6.86773, 6.53595, 4.99729],
			"to": [9.12973, 6.91295, 7.25929],
			"rotation": {"angle": 0, "axis": "y", "origin": [7.99873, 6.72084, 10.49726]},
			"faces": {
				"east": {"uv": [0, 11.75, 1.75, 12], "texture": "#2"},
				"west": {"uv": [0, 11.75, 1.75, 12], "texture": "#2"}
			}
		},
		{
			"from": [9.12973, 6.53595, 4.99729],
			"to": [6.86773, 6.91295, 7.25929],
			"rotation": {"angle": 0, "axis": "y", "origin": [7.99873, 6.72084, 10.49726]},
			"faces": {
				"east": {"uv": [0, 11.75, 1.75, 12], "texture": "#2"},
				"west": {"uv": [0, 11.75, 1.75, 12], "texture": "#2"}
			}
		},
		{
			"from": [6.39648, 6.53595, 7.54204],
			"to": [9.60098, 6.91295, 9.80404],
			"rotation": {"angle": 0, "axis": "y", "origin": [7.99873, 6.72084, 10.49726]},
			"faces": {
				"east": {"uv": [0, 11.75, 1.75, 12], "texture": "#2"},
				"west": {"uv": [0, 11.75, 1.75, 12], "texture": "#2"}
			}
		},
		{
			"from": [9.60098, 6.53595, 7.54204],
			"to": [6.39648, 6.91295, 9.80404],
			"rotation": {"angle": 0, "axis": "y", "origin": [7.99873, 6.72084, 10.49726]},
			"faces": {
				"east": {"uv": [0, 11.75, 1.75, 12], "texture": "#2"},
				"west": {"uv": [0, 11.75, 1.75, 12], "texture": "#2"}
			}
		},
		{
			"from": [7.52748, -0.89627, 5.26375],
			"to": [8.46998, 1.45998, 6.20625],
			"rotation": {"angle": 45, "axis": "x", "origin": [7.99873, 6.61988, 9.85774]},
			"faces": {
				"north": {"uv": [3, 6.25, 3.5, 6.75], "texture": "#2"},
				"east": {"uv": [3, 6.25, 3.5, 6.75], "texture": "#2"},
				"south": {"uv": [3, 6.25, 3.5, 6.75], "texture": "#2"},
				"west": {"uv": [3, 6.25, 3.5, 6.75], "texture": "#2"},
				"up": {"uv": [3, 6.25, 3.5, 6.75], "texture": "#2"},
				"down": {"uv": [3, 6.25, 3.5, 6.75], "texture": "#2"}
			}
		},
		{
			"from": [7.48035, 7.51971, 2.26137],
			"to": [8.5171, 8.27371, 4.05212],
			"rotation": {"angle": -22.5, "axis": "x", "origin": [7.99873, 6.61988, 9.85774]},
			"faces": {
				"north": {"uv": [3, 6.25, 3.5, 6.75], "rotation": 180, "texture": "#2"},
				"east": {"uv": [3, 6.25, 3.5, 6.75], "rotation": 270, "texture": "#2"},
				"south": {"uv": [3, 6.25, 3.5, 6.75], "texture": "#2"},
				"west": {"uv": [3, 6.25, 3.5, 6.75], "rotation": 90, "texture": "#2"},
				"up": {"uv": [3, 6.25, 3.5, 6.75], "rotation": 180, "texture": "#2"},
				"down": {"uv": [3, 6.25, 3.5, 6.75], "texture": "#2"}
			}
		},
		{
			"from": [7.71598, 7.37229, 0.15957],
			"to": [8.28148, 7.93779, 1.85607],
			"rotation": {"angle": -22.5, "axis": "x", "origin": [7.99873, 6.61988, 9.85774]},
			"faces": {
				"north": {"uv": [3, 6.25, 3.5, 6.75], "rotation": 180, "texture": "#2"},
				"east": {"uv": [3, 6.25, 3.5, 6.75], "rotation": 270, "texture": "#2"},
				"south": {"uv": [3, 6.25, 3.5, 6.75], "texture": "#2"},
				"west": {"uv": [3, 6.25, 3.5, 6.75], "rotation": 90, "texture": "#2"},
				"up": {"uv": [3, 6.25, 3.5, 6.75], "rotation": 180, "texture": "#2"},
				"down": {"uv": [3, 6.25, 3.5, 6.75], "texture": "#2"}
			}
		}
	],
	"display": {
		"head": {
			"translation": [0, 2.25, -5.25],
			"scale": [4, 4, 4]
		}
	},
	"groups": [
		{
			"name": "root",
			"origin": [8, 8, 8],
			"children": [
				{
					"name": "head",
					"origin": [8, 8, 8],
					"children": [
						{
							"name": "lower",
							"origin": [8, 8, 8],
							"children": [0, 1, 2,
								{
									"name": "ear",
									"origin": [7.5, 9.25, -6.5],
									"children": [3, 4, 5]
								},
								{
									"name": "ear",
									"origin": [7.5, 9.25, -6.5],
									"children": [6, 7, 8]
								}, 9, 10, 11, 12, 13,
								{
									"name": "tooth",
									"origin": [9.5, 9.1, -12.25],
									"children": [14, 15, 16, 17, 18, 19]
								}, 20, 21, 22]
						}
					]
				}
			]
		}
	]
}