{
	"credit": "Made with Blockbench",
	"texture_size": [32, 32],
	"textures": {
		"2": "reia/head"
	},
	"elements": [
		{
			"from": [6.42167, 4.20067, 9.80071],
			"to": [9.53192, 6.68887, 16.02121],
			"rotation": {"angle": -22.5, "axis": "x", "origin": [7.9768, 4.65711, 16.29147]},
			"faces": {
				"north": {"uv": [3, 9.75, 1.5, 11], "texture": "#2"},
				"east": {"uv": [3, 9.75, 1.5, 11], "texture": "#2"},
				"south": {"uv": [3, 9.75, 1.5, 11], "texture": "#2"},
				"west": {"uv": [3, 9.75, 1.5, 11], "texture": "#2"},
				"up": {"uv": [3, 9.75, 1.5, 10.5], "texture": "#2"},
				"down": {"uv": [3, 10.5, 1.5, 11.75], "texture": "#2"}
			}
		},
		{
			"from": [5.17757, 1.71247, 7.31251],
			"to": [10.77602, 4.20067, 10.42276],
			"rotation": {"angle": 0, "axis": "y", "origin": [23.21702, 1.09042, -18.19154]},
			"faces": {
				"north": {"uv": [3, 9.75, 1.5, 11], "texture": "#2"},
				"east": {"uv": [3, 9.75, 1.5, 11], "texture": "#2"},
				"south": {"uv": [3, 9.75, 1.5, 11], "texture": "#2"},
				"west": {"uv": [3, 9.75, 1.5, 11], "texture": "#2"},
				"up": {"uv": [3, 9.75, 1.5, 10.5], "texture": "#2"},
				"down": {"uv": [3, 10.5, 1.5, 11.75], "texture": "#2"}
			}
		},
		{
			"from": [7.04372, 1.09042, 5.44636],
			"to": [8.90987, 2.95657, 8.55661],
			"rotation": {"angle": -22.5, "axis": "x", "origin": [7.9768, 2.52114, 5.44636]},
			"faces": {
				"north": {"uv": [3, 9.75, 1.5, 11], "texture": "#2"},
				"east": {"uv": [3, 9.75, 1.5, 11], "texture": "#2"},
				"south": {"uv": [3, 9.75, 1.5, 11], "texture": "#2"},
				"west": {"uv": [3, 9.75, 1.5, 11], "texture": "#2"},
				"up": {"uv": [3, 9.75, 1.5, 10.5], "texture": "#2"},
				"down": {"uv": [3, 10.5, 1.5, 11.75], "texture": "#2"}
			}
		},
		{
			"from": [7.29254, 1.09042, 2.33611],
			"to": [8.66105, 2.45893, 5.44636],
			"rotation": {"angle": -45, "axis": "x", "origin": [7.9768, 2.52114, 5.44636]},
			"faces": {
				"north": {"uv": [10, 8, 9.25, 8.75], "texture": "#2"},
				"east": {"uv": [10, 8, 9.25, 8.75], "texture": "#2"},
				"south": {"uv": [10, 8, 9.25, 8.75], "texture": "#2"},
				"west": {"uv": [10, 8, 9.25, 8.75], "texture": "#2"},
				"up": {"uv": [10, 8, 9.25, 8.75], "texture": "#2"},
				"down": {"uv": [10, 8, 9.25, 8.75], "texture": "#2"}
			}
		},
		{
			"from": [9.53192, 1.09042, 5.44636],
			"to": [11.39807, 2.95657, 8.55661],
			"rotation": {"angle": -22.5, "axis": "x", "origin": [7.9768, 2.52114, 5.44636]},
			"faces": {
				"north": {"uv": [3, 9.75, 1.5, 11], "texture": "#2"},
				"east": {"uv": [3, 9.75, 1.5, 11], "texture": "#2"},
				"south": {"uv": [3, 9.75, 1.5, 11], "texture": "#2"},
				"west": {"uv": [3, 9.75, 1.5, 11], "texture": "#2"},
				"up": {"uv": [3, 9.75, 1.5, 10.5], "texture": "#2"},
				"down": {"uv": [3, 10.5, 1.5, 11.75], "texture": "#2"}
			}
		},
		{
			"from": [9.78074, 1.09042, 2.33611],
			"to": [11.14925, 2.45893, 5.44636],
			"rotation": {"angle": -45, "axis": "x", "origin": [7.9768, 2.52114, 5.44636]},
			"faces": {
				"north": {"uv": [10, 8, 9.25, 8.75], "texture": "#2"},
				"east": {"uv": [10, 8, 9.25, 8.75], "texture": "#2"},
				"south": {"uv": [10, 8, 9.25, 8.75], "texture": "#2"},
				"west": {"uv": [10, 8, 9.25, 8.75], "texture": "#2"},
				"up": {"uv": [10, 8, 9.25, 8.75], "texture": "#2"},
				"down": {"uv": [10, 8, 9.25, 8.75], "texture": "#2"}
			}
		},
		{
			"from": [4.55552, 1.09042, 5.44636],
			"to": [6.42167, 2.95657, 8.55661],
			"rotation": {"angle": -22.5, "axis": "x", "origin": [7.9768, 2.52114, 5.44636]},
			"faces": {
				"north": {"uv": [3, 9.75, 1.5, 11], "texture": "#2"},
				"east": {"uv": [3, 9.75, 1.5, 11], "texture": "#2"},
				"south": {"uv": [3, 9.75, 1.5, 11], "texture": "#2"},
				"west": {"uv": [3, 9.75, 1.5, 11], "texture": "#2"},
				"up": {"uv": [3, 9.75, 1.5, 10.5], "texture": "#2"},
				"down": {"uv": [3, 10.5, 1.5, 11.75], "texture": "#2"}
			}
		},
		{
			"from": [4.80434, 1.09042, 2.33611],
			"to": [6.17285, 2.45893, 5.44636],
			"rotation": {"angle": -45, "axis": "x", "origin": [7.9768, 2.52114, 5.44636]},
			"faces": {
				"north": {"uv": [10, 8, 9.25, 8.75], "texture": "#2"},
				"east": {"uv": [10, 8, 9.25, 8.75], "texture": "#2"},
				"south": {"uv": [10, 8, 9.25, 8.75], "texture": "#2"},
				"west": {"uv": [10, 8, 9.25, 8.75], "texture": "#2"},
				"up": {"uv": [10, 8, 9.25, 8.75], "texture": "#2"},
				"down": {"uv": [10, 8, 9.25, 8.75], "texture": "#2"}
			}
		},
		{
			"from": [7.04372, 3.77853, 14.5979],
			"to": [8.90987, 5.64468, 17.70815],
			"rotation": {"angle": 22.5, "axis": "x", "origin": [7.9768, 4.03506, 15.79383]},
			"faces": {
				"north": {"uv": [2.75, 6.25, 2, 7], "texture": "#2"},
				"east": {"uv": [2.75, 6.25, 2, 7], "texture": "#2"},
				"south": {"uv": [2.75, 6.25, 2, 7], "texture": "#2"},
				"west": {"uv": [2.75, 6.25, 2, 7], "texture": "#2"},
				"up": {"uv": [2.75, 6.25, 2, 7], "texture": "#2"},
				"down": {"uv": [2.75, 6.25, 2, 7], "texture": "#2"}
			}
		},
		{
			"from": [7.29254, 4.42173, 17.11309],
			"to": [8.66105, 5.79024, 20.22334],
			"rotation": {"angle": 45, "axis": "x", "origin": [7.9768, 4.03506, 15.79383]},
			"faces": {
				"north": {"uv": [10, 8, 9.25, 8.75], "texture": "#2"},
				"east": {"uv": [10, 8, 9.25, 8.75], "texture": "#2"},
				"south": {"uv": [10, 8, 9.25, 8.75], "texture": "#2"},
				"west": {"uv": [10, 8, 9.25, 8.75], "texture": "#2"},
				"up": {"uv": [10, 8, 9.25, 8.75], "texture": "#2"},
				"down": {"uv": [10, 8, 9.25, 8.75], "texture": "#2"}
			}
		}
	],
	"display": {
		"head": {
			"translation": [0, 6.5, -24],
			"scale": [4, 4, 4]
		}
	},
	"groups": [
		{
			"name": "root",
			"origin": [8, 8, 8],
			"children": [
				{
					"name": "leg_l",
					"origin": [8, 8, 8],
					"children": [
						{
							"name": "2",
							"origin": [8, 8, 8],
							"children": [0, 1, 2, 3, 4, 5, 6, 7, 8, 9]
						}
					]
				}
			]
		}
	]
}