{
	"credit": "Made with Blockbench",
	"textures": {
		"0": "brachy/bomb",
		"particle": "brachy/bomb"
	},
	"elements": [
		{
			"from": [5.714, 0.64, 1.758],
			"to": [10.754, 1.86, 14.718],
			"rotation": {"angle": 0, "axis": "y", "origin": [2.114, 0.14, 2.478]},
			"faces": {
				"north": {"uv": [2, 2, 3, 3], "texture": "#0"},
				"east": {"uv": [2, 2, 3, 3], "texture": "#0"},
				"south": {"uv": [2, 2, 3, 3], "texture": "#0"},
				"west": {"uv": [2, 2, 3, 3], "texture": "#0"},
				"up": {"uv": [2, 2, 3, 3], "texture": "#0"},
				"down": {"uv": [2, 2, 3, 3], "texture": "#0"}
			}
		},
		{
			"from": [5.714, 0.64, 14.718],
			"to": [9.314, 1.86, 15.438],
			"rotation": {"angle": 0, "axis": "y", "origin": [2.114, 0.14, 2.478]},
			"faces": {
				"north": {"uv": [2, 2, 3, 3], "texture": "#0"},
				"east": {"uv": [2, 2, 3, 3], "texture": "#0"},
				"south": {"uv": [2, 2, 3, 3], "texture": "#0"},
				"west": {"uv": [2, 2, 3, 3], "texture": "#0"},
				"up": {"uv": [2, 2, 3, 3], "texture": "#0"},
				"down": {"uv": [2, 2, 3, 3], "texture": "#0"}
			}
		},
		{
			"from": [10.754, 0.64, 3.198],
			"to": [12.914, 1.86, 7.518],
			"rotation": {"angle": 0, "axis": "y", "origin": [2.114, 0.14, 2.478]},
			"faces": {
				"north": {"uv": [2, 2, 3, 3], "texture": "#0"},
				"east": {"uv": [2, 2, 3, 3], "texture": "#0"},
				"south": {"uv": [2, 2, 3, 3], "texture": "#0"},
				"west": {"uv": [2, 2, 3, 3], "texture": "#0"},
				"up": {"uv": [2, 2, 3, 3], "texture": "#0"},
				"down": {"uv": [2, 2, 3, 3], "texture": "#0"}
			}
		},
		{
			"from": [12.914, 0.64, 4.638],
			"to": [13.634, 1.86, 7.518],
			"rotation": {"angle": 0, "axis": "y", "origin": [2.114, 0.14, 2.478]},
			"faces": {
				"north": {"uv": [2, 2, 3, 3], "texture": "#0"},
				"east": {"uv": [2, 2, 3, 3], "texture": "#0"},
				"south": {"uv": [2, 2, 3, 3], "texture": "#0"},
				"west": {"uv": [2, 2, 3, 3], "texture": "#0"},
				"up": {"uv": [2, 2, 3, 3], "texture": "#0"},
				"down": {"uv": [2, 2, 3, 3], "texture": "#0"}
			}
		},
		{
			"from": [10.754, 0.64, 7.518],
			"to": [14.354, 1.86, 11.838],
			"rotation": {"angle": 0, "axis": "y", "origin": [2.114, 0.14, 2.478]},
			"faces": {
				"north": {"uv": [2, 2, 3, 3], "texture": "#0"},
				"east": {"uv": [2, 2, 3, 3], "texture": "#0"},
				"south": {"uv": [2, 2, 3, 3], "texture": "#0"},
				"west": {"uv": [2, 2, 3, 3], "texture": "#0"},
				"up": {"uv": [2, 2, 3, 3], "texture": "#0"},
				"down": {"uv": [2, 2, 3, 3], "texture": "#0"}
			}
		},
		{
			"from": [2.834, 0.64, 2.478],
			"to": [5.714, 1.86, 13.998],
			"rotation": {"angle": 0, "axis": "y", "origin": [2.114, 0.14, 2.478]},
			"faces": {
				"north": {"uv": [2, 2, 3, 3], "texture": "#0"},
				"east": {"uv": [2, 2, 3, 3], "texture": "#0"},
				"south": {"uv": [2, 2, 3, 3], "texture": "#0"},
				"west": {"uv": [2, 2, 3, 3], "texture": "#0"},
				"up": {"uv": [2, 2, 3, 3], "texture": "#0"},
				"down": {"uv": [2, 2, 3, 3], "texture": "#0"}
			}
		},
		{
			"from": [0.674, 0.64, 6.078],
			"to": [2.834, 1.86, 8.958],
			"rotation": {"angle": 0, "axis": "y", "origin": [2.114, 0.14, 2.478]},
			"faces": {
				"north": {"uv": [2, 2, 3, 3], "texture": "#0"},
				"east": {"uv": [2, 2, 3, 3], "texture": "#0"},
				"south": {"uv": [2, 2, 3, 3], "texture": "#0"},
				"west": {"uv": [2, 2, 3, 3], "texture": "#0"},
				"up": {"uv": [2, 2, 3, 3], "texture": "#0"},
				"down": {"uv": [2, 2, 3, 3], "texture": "#0"}
			}
		},
		{
			"from": [1.394, 0.64, 3.918],
			"to": [2.834, 1.86, 6.078],
			"rotation": {"angle": 0, "axis": "y", "origin": [2.114, 0.14, 2.478]},
			"faces": {
				"north": {"uv": [2, 2, 3, 3], "texture": "#0"},
				"east": {"uv": [2, 2, 3, 3], "texture": "#0"},
				"south": {"uv": [2, 2, 3, 3], "texture": "#0"},
				"west": {"uv": [2, 2, 3, 3], "texture": "#0"},
				"up": {"uv": [2, 2, 3, 3], "texture": "#0"},
				"down": {"uv": [2, 2, 3, 3], "texture": "#0"}
			}
		},
		{
			"from": [1.394, 0.64, 8.958],
			"to": [2.834, 1.86, 12.558],
			"rotation": {"angle": 0, "axis": "y", "origin": [2.114, 0.14, 2.478]},
			"faces": {
				"north": {"uv": [2, 2, 3, 3], "texture": "#0"},
				"east": {"uv": [2, 2, 3, 3], "texture": "#0"},
				"south": {"uv": [2, 2, 3, 3], "texture": "#0"},
				"west": {"uv": [2, 2, 3, 3], "texture": "#0"},
				"up": {"uv": [2, 2, 3, 3], "texture": "#0"},
				"down": {"uv": [2, 2, 3, 3], "texture": "#0"}
			}
		},
		{
			"from": [10.754, 0.64, 11.838],
			"to": [12.914, 1.86, 13.278],
			"rotation": {"angle": 0, "axis": "y", "origin": [2.114, 0.14, 2.478]},
			"faces": {
				"north": {"uv": [2, 2, 3, 3], "texture": "#0"},
				"east": {"uv": [2, 2, 3, 3], "texture": "#0"},
				"south": {"uv": [2, 2, 3, 3], "texture": "#0"},
				"west": {"uv": [2, 2, 3, 3], "texture": "#0"},
				"up": {"uv": [2, 2, 3, 3], "texture": "#0"},
				"down": {"uv": [2, 2, 3, 3], "texture": "#0"}
			}
		},
		{
			"from": [5, 0, -1],
			"to": [12, 1.05, 17],
			"faces": {
				"north": {"uv": [1, 2, 2, 3], "texture": "#0"},
				"east": {"uv": [1, 2, 2, 3], "texture": "#0"},
				"south": {"uv": [1, 2, 2, 3], "texture": "#0"},
				"west": {"uv": [1, 2, 2, 3], "texture": "#0"},
				"up": {"uv": [1, 2, 2, 3], "texture": "#0"},
				"down": {"uv": [1, 2, 2, 3], "texture": "#0"}
			}
		},
		{
			"from": [5, 0, 17],
			"to": [10, 1.05, 18],
			"faces": {
				"north": {"uv": [1, 2, 2, 3], "texture": "#0"},
				"east": {"uv": [1, 2, 2, 3], "texture": "#0"},
				"south": {"uv": [1, 2, 2, 3], "texture": "#0"},
				"west": {"uv": [1, 2, 2, 3], "texture": "#0"},
				"up": {"uv": [1, 2, 2, 3], "texture": "#0"},
				"down": {"uv": [1, 2, 2, 3], "texture": "#0"}
			}
		},
		{
			"from": [12, 0, 1],
			"to": [15, 1.05, 7],
			"faces": {
				"north": {"uv": [1, 2, 2, 3], "texture": "#0"},
				"east": {"uv": [1, 2, 2, 3], "texture": "#0"},
				"south": {"uv": [1, 2, 2, 3], "texture": "#0"},
				"west": {"uv": [1, 2, 2, 3], "texture": "#0"},
				"up": {"uv": [1, 2, 2, 3], "texture": "#0"},
				"down": {"uv": [1, 2, 2, 3], "texture": "#0"}
			}
		},
		{
			"from": [15, 0, 3],
			"to": [16, 1.05, 7],
			"faces": {
				"north": {"uv": [1, 2, 2, 3], "texture": "#0"},
				"east": {"uv": [1, 2, 2, 3], "texture": "#0"},
				"south": {"uv": [1, 2, 2, 3], "texture": "#0"},
				"west": {"uv": [1, 2, 2, 3], "texture": "#0"},
				"up": {"uv": [1, 2, 2, 3], "texture": "#0"},
				"down": {"uv": [1, 2, 2, 3], "texture": "#0"}
			}
		},
		{
			"from": [12, 0, 7],
			"to": [17, 1.05, 13],
			"faces": {
				"north": {"uv": [1, 2, 2, 3], "texture": "#0"},
				"east": {"uv": [1, 2, 2, 3], "texture": "#0"},
				"south": {"uv": [1, 2, 2, 3], "texture": "#0"},
				"west": {"uv": [1, 2, 2, 3], "texture": "#0"},
				"up": {"uv": [1, 2, 2, 3], "texture": "#0"},
				"down": {"uv": [1, 2, 2, 3], "texture": "#0"}
			}
		},
		{
			"from": [1, 0, 0],
			"to": [5, 1.05, 16],
			"faces": {
				"north": {"uv": [1, 2, 2, 3], "texture": "#0"},
				"east": {"uv": [1, 2, 2, 3], "texture": "#0"},
				"south": {"uv": [1, 2, 2, 3], "texture": "#0"},
				"west": {"uv": [1, 2, 2, 3], "texture": "#0"},
				"up": {"uv": [1, 2, 2, 3], "texture": "#0"},
				"down": {"uv": [1, 2, 2, 3], "texture": "#0"}
			}
		},
		{
			"from": [-2, 0, 5],
			"to": [1, 1.05, 9],
			"faces": {
				"north": {"uv": [1, 2, 2, 3], "texture": "#0"},
				"east": {"uv": [1, 2, 2, 3], "texture": "#0"},
				"south": {"uv": [1, 2, 2, 3], "texture": "#0"},
				"west": {"uv": [1, 2, 2, 3], "texture": "#0"},
				"up": {"uv": [1, 2, 2, 3], "texture": "#0"},
				"down": {"uv": [1, 2, 2, 3], "texture": "#0"}
			}
		},
		{
			"from": [-1, 0, 2],
			"to": [1, 1.05, 5],
			"faces": {
				"north": {"uv": [1, 2, 2, 3], "texture": "#0"},
				"east": {"uv": [1, 2, 2, 3], "texture": "#0"},
				"south": {"uv": [1, 2, 2, 3], "texture": "#0"},
				"west": {"uv": [1, 2, 2, 3], "texture": "#0"},
				"up": {"uv": [1, 2, 2, 3], "texture": "#0"},
				"down": {"uv": [1, 2, 2, 3], "texture": "#0"}
			}
		},
		{
			"from": [-1, 0, 9],
			"to": [1, 1.05, 14],
			"faces": {
				"north": {"uv": [1, 2, 2, 3], "texture": "#0"},
				"east": {"uv": [1, 2, 2, 3], "texture": "#0"},
				"south": {"uv": [1, 2, 2, 3], "texture": "#0"},
				"west": {"uv": [1, 2, 2, 3], "texture": "#0"},
				"up": {"uv": [1, 2, 2, 3], "texture": "#0"},
				"down": {"uv": [1, 2, 2, 3], "texture": "#0"}
			}
		},
		{
			"from": [12, 0, 13],
			"to": [15, 1.05, 15],
			"faces": {
				"north": {"uv": [1, 2, 2, 3], "texture": "#0"},
				"east": {"uv": [1, 2, 2, 3], "texture": "#0"},
				"south": {"uv": [1, 2, 2, 3], "texture": "#0"},
				"west": {"uv": [1, 2, 2, 3], "texture": "#0"},
				"up": {"uv": [1, 2, 2, 3], "texture": "#0"},
				"down": {"uv": [1, 2, 2, 3], "texture": "#0"}
			}
		},
		{
			"from": [4.49, -0.1, -2.97],
			"to": [12.89, 0.4, 18.63],
			"rotation": {"angle": 0, "axis": "y", "origin": [-1.51, -0.1, -1.77]},
			"faces": {
				"north": {"uv": [0, 2, 1, 3], "texture": "#0"},
				"east": {"uv": [0, 2, 1, 3], "texture": "#0"},
				"south": {"uv": [0, 2, 1, 3], "texture": "#0"},
				"west": {"uv": [0, 2, 1, 3], "texture": "#0"},
				"up": {"uv": [0, 2, 1, 3], "texture": "#0"},
				"down": {"uv": [0, 2, 1, 3], "texture": "#0"}
			}
		},
		{
			"from": [4.49, -0.1, 18.63],
			"to": [10.49, 0.4, 19.83],
			"rotation": {"angle": 0, "axis": "y", "origin": [-1.51, -0.1, -1.77]},
			"faces": {
				"north": {"uv": [0, 2, 1, 3], "texture": "#0"},
				"east": {"uv": [0, 2, 1, 3], "texture": "#0"},
				"south": {"uv": [0, 2, 1, 3], "texture": "#0"},
				"west": {"uv": [0, 2, 1, 3], "texture": "#0"},
				"up": {"uv": [0, 2, 1, 3], "texture": "#0"},
				"down": {"uv": [0, 2, 1, 3], "texture": "#0"}
			}
		},
		{
			"from": [12.89, -0.1, -0.57],
			"to": [16.49, 0.4, 6.63],
			"rotation": {"angle": 0, "axis": "y", "origin": [-1.51, -0.1, -1.77]},
			"faces": {
				"north": {"uv": [0, 2, 1, 3], "texture": "#0"},
				"east": {"uv": [0, 2, 1, 3], "texture": "#0"},
				"south": {"uv": [0, 2, 1, 3], "texture": "#0"},
				"west": {"uv": [0, 2, 1, 3], "texture": "#0"},
				"up": {"uv": [0, 2, 1, 3], "texture": "#0"},
				"down": {"uv": [0, 2, 1, 3], "texture": "#0"}
			}
		},
		{
			"from": [16.49, -0.1, 1.83],
			"to": [17.69, 0.4, 6.63],
			"rotation": {"angle": 0, "axis": "y", "origin": [-1.51, -0.1, -1.77]},
			"faces": {
				"north": {"uv": [0, 2, 1, 3], "texture": "#0"},
				"east": {"uv": [0, 2, 1, 3], "texture": "#0"},
				"south": {"uv": [0, 2, 1, 3], "texture": "#0"},
				"west": {"uv": [0, 2, 1, 3], "texture": "#0"},
				"up": {"uv": [0, 2, 1, 3], "texture": "#0"},
				"down": {"uv": [0, 2, 1, 3], "texture": "#0"}
			}
		},
		{
			"from": [12.89, -0.1, 6.63],
			"to": [18.89, 0.4, 13.83],
			"rotation": {"angle": 0, "axis": "y", "origin": [-1.51, -0.1, -1.77]},
			"faces": {
				"north": {"uv": [0, 2, 1, 3], "texture": "#0"},
				"east": {"uv": [0, 2, 1, 3], "texture": "#0"},
				"south": {"uv": [0, 2, 1, 3], "texture": "#0"},
				"west": {"uv": [0, 2, 1, 3], "texture": "#0"},
				"up": {"uv": [0, 2, 1, 3], "texture": "#0"},
				"down": {"uv": [0, 2, 1, 3], "texture": "#0"}
			}
		},
		{
			"from": [-0.31, -0.1, -1.77],
			"to": [4.49, 0.4, 17.43],
			"rotation": {"angle": 0, "axis": "y", "origin": [-1.51, -0.1, -1.77]},
			"faces": {
				"north": {"uv": [0, 2, 1, 3], "texture": "#0"},
				"east": {"uv": [0, 2, 1, 3], "texture": "#0"},
				"south": {"uv": [0, 2, 1, 3], "texture": "#0"},
				"west": {"uv": [0, 2, 1, 3], "texture": "#0"},
				"up": {"uv": [0, 2, 1, 3], "texture": "#0"},
				"down": {"uv": [0, 2, 1, 3], "texture": "#0"}
			}
		},
		{
			"from": [-3.91, -0.1, 4.23],
			"to": [-0.31, 0.4, 9.03],
			"rotation": {"angle": 0, "axis": "y", "origin": [-1.51, -0.1, -1.77]},
			"faces": {
				"north": {"uv": [0, 2, 1, 3], "texture": "#0"},
				"east": {"uv": [0, 2, 1, 3], "texture": "#0"},
				"south": {"uv": [0, 2, 1, 3], "texture": "#0"},
				"west": {"uv": [0, 2, 1, 3], "texture": "#0"},
				"up": {"uv": [0, 2, 1, 3], "texture": "#0"},
				"down": {"uv": [0, 2, 1, 3], "texture": "#0"}
			}
		},
		{
			"from": [-2.71, -0.1, 0.63],
			"to": [-0.31, 0.4, 4.23],
			"rotation": {"angle": 0, "axis": "y", "origin": [-1.51, -0.1, -1.77]},
			"faces": {
				"north": {"uv": [0, 2, 1, 3], "texture": "#0"},
				"east": {"uv": [0, 2, 1, 3], "texture": "#0"},
				"south": {"uv": [0, 2, 1, 3], "texture": "#0"},
				"west": {"uv": [0, 2, 1, 3], "texture": "#0"},
				"up": {"uv": [0, 2, 1, 3], "texture": "#0"},
				"down": {"uv": [0, 2, 1, 3], "texture": "#0"}
			}
		},
		{
			"from": [-2.71, -0.1, 9.03],
			"to": [-0.31, 0.4, 15.03],
			"rotation": {"angle": 0, "axis": "y", "origin": [-1.51, -0.1, -1.77]},
			"faces": {
				"north": {"uv": [0, 2, 1, 3], "texture": "#0"},
				"east": {"uv": [0, 2, 1, 3], "texture": "#0"},
				"south": {"uv": [0, 2, 1, 3], "texture": "#0"},
				"west": {"uv": [0, 2, 1, 3], "texture": "#0"},
				"up": {"uv": [0, 2, 1, 3], "texture": "#0"},
				"down": {"uv": [0, 2, 1, 3], "texture": "#0"}
			}
		},
		{
			"from": [12.89, -0.1, 13.83],
			"to": [16.49, 0.4, 16.23],
			"rotation": {"angle": 0, "axis": "y", "origin": [-1.51, -0.1, -1.77]},
			"faces": {
				"north": {"uv": [0, 2, 1, 3], "texture": "#0"},
				"east": {"uv": [0, 2, 1, 3], "texture": "#0"},
				"south": {"uv": [0, 2, 1, 3], "texture": "#0"},
				"west": {"uv": [0, 2, 1, 3], "texture": "#0"},
				"up": {"uv": [0, 2, 1, 3], "texture": "#0"},
				"down": {"uv": [0, 2, 1, 3], "texture": "#0"}
			}
		}
	],
	"display": {
		"head": {
			"translation": [0, -26.5, 0],
			"scale": [2.7, 2, 2.7]
		}
	},
	"groups": [
		{
			"name": "group",
			"origin": [0, 0, 0],
			"color": 0,
			"children": [0, 1, 2, 3, 4, 5, 6, 7, 8, 9]
		},
		{
			"name": "group",
			"origin": [0, 0, 0],
			"color": 0,
			"children": [10, 11, 12, 13, 14, 15, 16, 17, 18, 19]
		},
		{
			"name": "group",
			"origin": [0, 0, 0],
			"color": 0,
			"children": [20, 21, 22, 23, 24, 25, 26, 27, 28, 29]
		}
	]
}