{
	"credit": "Made with Blockbench",
	"texture_size": [32, 32],
	"textures": {
		"2": "diablos/head"
	},
	"elements": [
		{
			"from": [5.40751, 9.71951, 8.22963],
			"to": [10.59154, 11.07801, 14.39228],
			"rotation": {"angle": 0, "axis": "y", "origin": [12.31955, 10.39876, 14.88628]},
			"faces": {
				"north": {"uv": [6.5, 4, 7.5, 4.5], "texture": "#2"},
				"east": {"uv": [0.5, 5, 2, 5.5], "texture": "#2"},
				"south": {"uv": [6.5, 4.5, 7.5, 5], "texture": "#2"},
				"west": {"uv": [2, 5, 3.5, 5.5], "texture": "#2"},
				"up": {"uv": [2.5, 1.5, 1.5, 0], "texture": "#2"},
				"down": {"uv": [1, 2, 0, 3.5], "texture": "#2"}
			}
		},
		{
			"from": [5.55151, 6.32326, 5.37678],
			"to": [10.44754, 9.71951, 7.41453],
			"rotation": {"angle": 0, "axis": "y", "origin": [12.31955, 10.39876, 14.88628]},
			"faces": {
				"north": {"uv": [6.5, 5, 7.5, 5.5], "texture": "#2"},
				"east": {"uv": [10.5, 3.5, 11, 4], "texture": "#2"},
				"south": {"uv": [6.5, 5.5, 7.5, 6], "texture": "#2"},
				"west": {"uv": [10.5, 4, 11, 4.5], "texture": "#2"},
				"up": {"uv": [7.5, 6.5, 6.5, 6], "texture": "#2"},
				"down": {"uv": [2, 7, 1, 7.5], "texture": "#2"}
			}
		},
		{
			"from": [4.6875, 6.32326, 7.41453],
			"to": [11.31155, 9.71951, 14.39228],
			"rotation": {"angle": 0, "axis": "y", "origin": [12.31955, 10.39876, 14.88628]},
			"faces": {
				"north": {"uv": [3.5, 5, 5, 5.5], "texture": "#2"},
				"east": {"uv": [3.5, 0, 5.5, 0.5], "texture": "#2"},
				"south": {"uv": [5, 5, 6.5, 5.5], "texture": "#2"},
				"west": {"uv": [3.5, 0.5, 5.5, 1], "texture": "#2"},
				"up": {"uv": [1.5, 2, 0, 0], "texture": "#2"},
				"down": {"uv": [3, 1.5, 1.5, 3.5], "texture": "#2"}
			}
		},
		{
			"from": [4.6875, 4.01381, 12.98438],
			"to": [11.31155, 6.32326, 14.39228],
			"rotation": {"angle": 0, "axis": "y", "origin": [12.31955, 10.39876, 14.88628]},
			"faces": {
				"north": {"uv": [5, 1, 6.5, 1.5], "texture": "#2"},
				"east": {"uv": [10.5, 4.5, 11, 5], "texture": "#2"},
				"south": {"uv": [5, 1.5, 6.5, 2], "texture": "#2"},
				"west": {"uv": [10.5, 5, 11, 5.5], "texture": "#2"},
				"up": {"uv": [6.5, 4.5, 5, 4], "texture": "#2"},
				"down": {"uv": [6.5, 4.5, 5, 5], "texture": "#2"}
			}
		},
		{
			"from": [4.8315, 6.25533, 6.39566],
			"to": [11.23955, 7.95346, 7.14283],
			"rotation": {"angle": 22.5, "axis": "x", "origin": [4.3995, 7.47798, 7.89001]},
			"faces": {
				"north": {"uv": [0.5, 5.5, 2, 6], "texture": "#2"},
				"east": {"uv": [10.5, 5.5, 11, 6], "texture": "#2"},
				"south": {"uv": [2, 5.5, 3.5, 6], "texture": "#2"},
				"west": {"uv": [10.5, 6, 11, 6.5], "texture": "#2"},
				"up": {"uv": [5, 6, 3.5, 5.5], "texture": "#2"},
				"down": {"uv": [6.5, 5.5, 5, 6], "texture": "#2"}
			}
		},
		{
			"from": [0.36747, 7.68176, 7.14283],
			"to": [2.67149, 8.49686, 7.95793],
			"rotation": {"angle": -22.5, "axis": "y", "origin": [4.3995, 8.08931, 7.89001]},
			"faces": {
				"north": {"uv": [10.5, 6.5, 11, 7], "texture": "#2"},
				"east": {"uv": [10.5, 7, 11, 7.5], "texture": "#2"},
				"south": {"uv": [10.5, 7.5, 11, 8], "texture": "#2"},
				"west": {"uv": [10.5, 8, 11, 8.5], "texture": "#2"},
				"up": {"uv": [11, 9, 10.5, 8.5], "texture": "#2"},
				"down": {"uv": [11, 9, 10.5, 9.5], "texture": "#2"}
			}
		},
		{
			"from": [2.52749, 7.68176, 7.14283],
			"to": [7.71152, 8.49686, 8.63718],
			"rotation": {"angle": -22.5, "axis": "y", "origin": [4.3995, 8.08931, 7.89001]},
			"faces": {
				"north": {"uv": [3.5, 7, 4.5, 7.5], "texture": "#2"},
				"east": {"uv": [10.5, 9.5, 11, 10], "texture": "#2"},
				"south": {"uv": [7, 7, 8, 7.5], "texture": "#2"},
				"west": {"uv": [10.5, 10, 11, 10.5], "texture": "#2"},
				"up": {"uv": [8, 0.5, 7, 0], "texture": "#2"},
				"down": {"uv": [8, 0.5, 7, 1], "texture": "#2"}
			}
		},
		{
			"from": [4.2555, 7.68176, 6.59943],
			"to": [7.71152, 8.49686, 7.14283],
			"rotation": {"angle": -22.5, "axis": "y", "origin": [4.3995, 8.08931, 7.89001]},
			"faces": {
				"north": {"uv": [0, 11, 0.5, 11.5], "texture": "#2"},
				"east": {"uv": [0.5, 11, 1, 11.5], "texture": "#2"},
				"south": {"uv": [1, 11, 1.5, 11.5], "texture": "#2"},
				"west": {"uv": [1.5, 11, 2, 11.5], "texture": "#2"},
				"up": {"uv": [2.5, 11.5, 2, 11], "texture": "#2"},
				"down": {"uv": [3, 11, 2.5, 11.5], "texture": "#2"}
			}
		},
		{
			"from": [13.32756, 7.68176, 7.14283],
			"to": [15.63158, 8.49686, 7.95793],
			"rotation": {"angle": 22.5, "axis": "y", "origin": [11.59955, 8.08931, 7.89001]},
			"faces": {
				"north": {"uv": [3, 11, 3.5, 11.5], "texture": "#2"},
				"east": {"uv": [3.5, 11, 4, 11.5], "texture": "#2"},
				"south": {"uv": [4, 11, 4.5, 11.5], "texture": "#2"},
				"west": {"uv": [4.5, 11, 5, 11.5], "texture": "#2"},
				"up": {"uv": [5.5, 11.5, 5, 11], "texture": "#2"},
				"down": {"uv": [6, 11, 5.5, 11.5], "texture": "#2"}
			}
		},
		{
			"from": [8.28753, 7.68176, 7.14283],
			"to": [13.47156, 8.49686, 8.63718],
			"rotation": {"angle": 22.5, "axis": "y", "origin": [11.59955, 8.08931, 7.89001]},
			"faces": {
				"north": {"uv": [7, 1, 8, 1.5], "texture": "#2"},
				"east": {"uv": [6, 11, 6.5, 11.5], "texture": "#2"},
				"south": {"uv": [7, 1.5, 8, 2], "texture": "#2"},
				"west": {"uv": [6.5, 11, 7, 11.5], "texture": "#2"},
				"up": {"uv": [8, 2.5, 7, 2], "texture": "#2"},
				"down": {"uv": [8, 2.5, 7, 3], "texture": "#2"}
			}
		},
		{
			"from": [8.28753, 7.68176, 6.59943],
			"to": [11.74355, 8.49686, 7.14283],
			"rotation": {"angle": 22.5, "axis": "y", "origin": [11.59955, 8.08931, 7.89001]},
			"faces": {
				"north": {"uv": [7, 11, 7.5, 11.5], "texture": "#2"},
				"east": {"uv": [7.5, 11, 8, 11.5], "texture": "#2"},
				"south": {"uv": [8, 11, 8.5, 11.5], "texture": "#2"},
				"west": {"uv": [8.5, 11, 9, 11.5], "texture": "#2"},
				"up": {"uv": [9.5, 11.5, 9, 11], "texture": "#2"},
				"down": {"uv": [10, 11, 9.5, 11.5], "texture": "#2"}
			}
		},
		{
			"from": [5.83951, 6.32326, 2.65978],
			"to": [10.15954, 8.74386, 5.37678],
			"rotation": {"angle": 0, "axis": "y", "origin": [12.31955, 10.39876, 14.88628]},
			"faces": {
				"north": {"uv": [7, 3, 8, 3.5], "texture": "#2"},
				"east": {"uv": [10, 11, 10.5, 11.5], "texture": "#2"},
				"south": {"uv": [7, 3.5, 8, 4], "texture": "#2"},
				"west": {"uv": [10.5, 11, 11, 11.5], "texture": "#2"},
				"up": {"uv": [8, 7, 7, 6.5], "texture": "#2"},
				"down": {"uv": [1, 7.5, 0, 8], "texture": "#2"}
			}
		},
		{
			"from": [5.40751, 6.59496, 2.65978],
			"to": [10.59154, 7.95346, 4.56168],
			"rotation": {"angle": -45, "axis": "x", "origin": [10.59154, 7.27421, 4.01828]},
			"faces": {
				"north": {"uv": [1, 7.5, 2, 8], "texture": "#2"},
				"east": {"uv": [11, 11, 11.5, 11.5], "texture": "#2"},
				"south": {"uv": [2, 7.5, 3, 8], "texture": "#2"},
				"west": {"uv": [11, 0, 11.5, 0.5], "texture": "#2"},
				"up": {"uv": [4, 8, 3, 7.5], "texture": "#2"},
				"down": {"uv": [5, 7.5, 4, 8], "texture": "#2"}
			}
		},
		{
			"from": [6.41551, 6.32326, 0.62203],
			"to": [9.58354, 7.92876, 2.65978],
			"rotation": {"angle": 0, "axis": "y", "origin": [12.31955, 10.39876, 14.88628]},
			"faces": {
				"north": {"uv": [11, 0.5, 11.5, 1], "texture": "#2"},
				"east": {"uv": [11, 1, 11.5, 1.5], "texture": "#2"},
				"south": {"uv": [11, 1.5, 11.5, 2], "texture": "#2"},
				"west": {"uv": [11, 2, 11.5, 2.5], "texture": "#2"},
				"up": {"uv": [11.5, 3, 11, 2.5], "texture": "#2"},
				"down": {"uv": [11.5, 3, 11, 3.5], "texture": "#2"}
			}
		},
		{
			"from": [5.40751, 8.49552, 8.93641],
			"to": [10.59154, 13.65782, 11.65341],
			"rotation": {"angle": 22.5, "axis": "x", "origin": [7.99952, 13.28135, 11.57816]},
			"faces": {
				"north": {"uv": [7, 4, 8, 5], "texture": "#2"},
				"east": {"uv": [5, 7.5, 5.5, 8.5], "texture": "#2"},
				"south": {"uv": [3, 4, 4, 5], "texture": "#2"},
				"west": {"uv": [5.5, 7.5, 6, 8.5], "texture": "#2"},
				"up": {"uv": [7, 8, 6, 7.5], "texture": "#2"},
				"down": {"uv": [8, 7.5, 7, 8], "texture": "#2"}
			}
		},
		{
			"from": [5.69551, 5.77852, 9.20811],
			"to": [10.30354, 10.12572, 11.65341],
			"rotation": {"angle": 45, "axis": "x", "origin": [7.99952, 11.92285, 11.57816]},
			"faces": {
				"north": {"uv": [4, 4, 5, 5], "texture": "#2"},
				"east": {"uv": [7.5, 4, 8, 5], "texture": "#2"},
				"south": {"uv": [4, 1, 5, 2], "texture": "#2"},
				"west": {"uv": [7.5, 5, 8, 6], "texture": "#2"},
				"up": {"uv": [8.5, 6.5, 7.5, 6], "texture": "#2"},
				"down": {"uv": [1, 8, 0, 8.5], "texture": "#2"}
			}
		},
		{
			"from": [2.95949, 13.15217, 9.44363],
			"to": [5.47951, 14.91822, 13.04366],
			"rotation": {"angle": -45, "axis": "x", "origin": [7.99952, 13.28135, 11.57816]},
			"faces": {
				"north": {"uv": [11, 4.5, 11.5, 5], "texture": "#2"},
				"east": {"uv": [11, 5, 11.5, 5.5], "texture": "#2"},
				"south": {"uv": [11, 5.5, 11.5, 6], "texture": "#2"},
				"west": {"uv": [11, 6, 11.5, 6.5], "texture": "#2"},
				"up": {"uv": [11.5, 7, 11, 6.5], "texture": "#2"},
				"down": {"uv": [11.5, 7, 11, 7.5], "texture": "#2"}
			}
		},
		{
			"from": [5.40751, 14.07826, 10.93082],
			"to": [10.60352, 15.84431, 15.00632],
			"rotation": {"angle": -45, "axis": "x", "origin": [7.99952, 13.28135, 11.57816]},
			"faces": {
				"north": {"uv": [11, 3.5, 11.5, 4], "texture": "#2"},
				"east": {"uv": [1, 8, 2, 8.5], "texture": "#2"},
				"south": {"uv": [11, 4, 11.5, 4.5], "texture": "#2"},
				"west": {"uv": [2, 8, 3, 8.5], "texture": "#2"},
				"up": {"uv": [2.5, 16, 0, 14], "texture": "#2"},
				"down": {"uv": [4, 8, 3.5, 9], "texture": "#2"}
			}
		},
		{
			"from": [2.31148, 10.63895, 8.49268],
			"to": [4.2555, 13.15217, 12.36441],
			"rotation": {"angle": -45, "axis": "x", "origin": [7.99952, 13.28135, 11.57816]},
			"faces": {
				"north": {"uv": [11, 7.5, 11.5, 8], "texture": "#2"},
				"east": {"uv": [4, 8, 5, 8.5], "texture": "#2"},
				"south": {"uv": [11, 8, 11.5, 8.5], "texture": "#2"},
				"west": {"uv": [6, 8, 7, 8.5], "texture": "#2"},
				"up": {"uv": [7.5, 9, 7, 8], "texture": "#2"},
				"down": {"uv": [8, 8, 7.5, 9], "texture": "#2"}
			}
		},
		{
			"from": [2.95949, 8.87752, 9.26297],
			"to": [5.47951, 11.93415, 11.02902],
			"rotation": {"angle": 22.5, "axis": "x", "origin": [7.99952, 13.28135, 11.57816]},
			"faces": {
				"north": {"uv": [11, 8.5, 11.5, 9], "texture": "#2"},
				"east": {"uv": [11, 9, 11.5, 9.5], "texture": "#2"},
				"south": {"uv": [11, 9.5, 11.5, 10], "texture": "#2"},
				"west": {"uv": [11, 10, 11.5, 10.5], "texture": "#2"},
				"up": {"uv": [11.5, 11, 11, 10.5], "texture": "#2"},
				"down": {"uv": [0.5, 11.5, 0, 12], "texture": "#2"}
			}
		},
		{
			"from": [0.81875, 6.48885, 11.06667],
			"to": [2.69076, 11.37945, 13.64782],
			"rotation": {"angle": -22.5, "axis": "z", "origin": [3.53549, 8.93415, 10.89891]},
			"faces": {
				"north": {"uv": [8, 8, 8.5, 9], "texture": "#2"},
				"east": {"uv": [8, 0, 8.5, 1], "texture": "#2"},
				"south": {"uv": [8, 1, 8.5, 2], "texture": "#2"},
				"west": {"uv": [8, 2, 8.5, 3], "texture": "#2"},
				"up": {"uv": [1, 12, 0.5, 11.5], "texture": "#2"},
				"down": {"uv": [1.5, 11.5, 1, 12], "texture": "#2"}
			}
		},
		{
			"from": [1.10675, 6.48885, 8.48552],
			"to": [2.69076, 9.74925, 11.06667],
			"rotation": {"angle": -22.5, "axis": "z", "origin": [3.53549, 8.93415, 10.89891]},
			"faces": {
				"north": {"uv": [1.5, 11.5, 2, 12], "texture": "#2"},
				"east": {"uv": [2, 11.5, 2.5, 12], "texture": "#2"},
				"south": {"uv": [2.5, 11.5, 3, 12], "texture": "#2"},
				"west": {"uv": [3, 11.5, 3.5, 12], "texture": "#2"},
				"up": {"uv": [4, 12, 3.5, 11.5], "texture": "#2"},
				"down": {"uv": [4.5, 11.5, 4, 12], "texture": "#2"}
			}
		},
		{
			"from": [0.38675, 9.3417, 8.55345],
			"to": [1.61076, 11.17567, 11.06667],
			"rotation": {"angle": -45, "axis": "z", "origin": [2.45549, 8.5266, 10.89891]},
			"faces": {
				"north": {"uv": [4.5, 11.5, 5, 12], "texture": "#2"},
				"east": {"uv": [5, 11.5, 5.5, 12], "texture": "#2"},
				"south": {"uv": [5.5, 11.5, 6, 12], "texture": "#2"},
				"west": {"uv": [6, 11.5, 6.5, 12], "texture": "#2"},
				"up": {"uv": [7, 12, 6.5, 11.5], "texture": "#2"},
				"down": {"uv": [7.5, 11.5, 7, 12], "texture": "#2"}
			}
		},
		{
			"from": [0.03679, 6.76671, 7.06667],
			"to": [1.0448, 7.71766, 8.28932],
			"rotation": {"angle": 22.5, "axis": "y", "origin": [1.00674, 7.24219, 6.42332]},
			"faces": {
				"north": {"uv": [7.5, 11.5, 8, 12], "texture": "#2"},
				"east": {"uv": [8, 11.5, 8.5, 12], "texture": "#2"},
				"south": {"uv": [8.5, 11.5, 9, 12], "texture": "#2"},
				"west": {"uv": [9, 11.5, 9.5, 12], "texture": "#2"},
				"up": {"uv": [10, 12, 9.5, 11.5], "texture": "#2"},
				"down": {"uv": [10.5, 11.5, 10, 12], "texture": "#2"}
			}
		},
		{
			"from": [0.33253, 7.03841, 4.3169],
			"to": [0.76453, 7.44596, 5.9471],
			"rotation": {"angle": -22.5, "axis": "y", "origin": [1.00674, 7.24219, 6.42332]},
			"faces": {
				"north": {"uv": [10.5, 11.5, 11, 12], "texture": "#2"},
				"east": {"uv": [11, 11.5, 11.5, 12], "texture": "#2"},
				"south": {"uv": [11.5, 11.5, 12, 12], "texture": "#2"},
				"west": {"uv": [11.5, 0, 12, 0.5], "texture": "#2"},
				"up": {"uv": [12, 1, 11.5, 0.5], "texture": "#2"},
				"down": {"uv": [12, 1, 11.5, 1.5], "texture": "#2"}
			}
		},
		{
			"from": [0.46778, 6.90256, 5.50344],
			"to": [1.18778, 7.58181, 7.40534],
			"rotation": {"angle": 0, "axis": "y", "origin": [1.00674, 7.24219, 6.42332]},
			"faces": {
				"north": {"uv": [11.5, 1.5, 12, 2], "texture": "#2"},
				"east": {"uv": [11.5, 2, 12, 2.5], "texture": "#2"},
				"south": {"uv": [11.5, 2.5, 12, 3], "texture": "#2"},
				"west": {"uv": [11.5, 3, 12, 3.5], "texture": "#2"},
				"up": {"uv": [12, 4, 11.5, 3.5], "texture": "#2"},
				"down": {"uv": [12, 4, 11.5, 4.5], "texture": "#2"}
			}
		},
		{
			"from": [5.91151, 14.59643, 14.29577],
			"to": [6.77552, 15.27568, 16.33352],
			"rotation": {"angle": -45, "axis": "x", "origin": [7.99952, 13.28135, 11.57816]},
			"faces": {
				"north": {"uv": [11.5, 4.5, 12, 5], "texture": "#2"},
				"east": {"uv": [11.5, 5, 12, 5.5], "texture": "#2"},
				"south": {"uv": [11.5, 5.5, 12, 6], "texture": "#2"},
				"west": {"uv": [11.5, 6, 12, 6.5], "texture": "#2"},
				"up": {"uv": [12, 7, 11.5, 6.5], "texture": "#2"},
				"down": {"uv": [12, 7, 11.5, 7.5], "texture": "#2"}
			}
		},
		{
			"from": [3.8235, 13.67926, 12.28084],
			"to": [4.6875, 14.35851, 14.31859],
			"rotation": {"angle": -45, "axis": "x", "origin": [7.99952, 13.28135, 11.57816]},
			"faces": {
				"north": {"uv": [11.5, 7.5, 12, 8], "texture": "#2"},
				"east": {"uv": [11.5, 8, 12, 8.5], "texture": "#2"},
				"south": {"uv": [11.5, 8.5, 12, 9], "texture": "#2"},
				"west": {"uv": [11.5, 9, 12, 9.5], "texture": "#2"},
				"up": {"uv": [12, 10, 11.5, 9.5], "texture": "#2"},
				"down": {"uv": [12, 10, 11.5, 10.5], "texture": "#2"}
			}
		},
		{
			"from": [2.81549, 11.62975, 11.92869],
			"to": [3.67949, 12.309, 13.96644],
			"rotation": {"angle": -45, "axis": "x", "origin": [7.99952, 12.73795, 11.84986]},
			"faces": {
				"north": {"uv": [11.5, 10.5, 12, 11], "texture": "#2"},
				"east": {"uv": [11.5, 11, 12, 11.5], "texture": "#2"},
				"south": {"uv": [0, 12, 0.5, 12.5], "texture": "#2"},
				"west": {"uv": [0.5, 12, 1, 12.5], "texture": "#2"},
				"up": {"uv": [1.5, 12.5, 1, 12], "texture": "#2"},
				"down": {"uv": [2, 12, 1.5, 12.5], "texture": "#2"}
			}
		},
		{
			"from": [1.95148, 10.27125, 13.01549],
			"to": [2.81549, 10.9505, 15.05324],
			"rotation": {"angle": 0, "axis": "y", "origin": [7.13552, 11.37945, 12.93666]},
			"faces": {
				"north": {"uv": [2, 12, 2.5, 12.5], "texture": "#2"},
				"east": {"uv": [2.5, 12, 3, 12.5], "texture": "#2"},
				"south": {"uv": [3, 12, 3.5, 12.5], "texture": "#2"},
				"west": {"uv": [3.5, 12, 4, 12.5], "texture": "#2"},
				"up": {"uv": [4.5, 12.5, 4, 12], "texture": "#2"},
				"down": {"uv": [5, 12, 4.5, 12.5], "texture": "#2"}
			}
		},
		{
			"from": [1.08748, 8.36935, 13.01549],
			"to": [1.95148, 9.0486, 15.05324],
			"rotation": {"angle": 0, "axis": "y", "origin": [6.27151, 9.47755, 12.93666]},
			"faces": {
				"north": {"uv": [5, 12, 5.5, 12.5], "texture": "#2"},
				"east": {"uv": [5.5, 12, 6, 12.5], "texture": "#2"},
				"south": {"uv": [6, 12, 6.5, 12.5], "texture": "#2"},
				"west": {"uv": [6.5, 12, 7, 12.5], "texture": "#2"},
				"up": {"uv": [7.5, 12.5, 7, 12], "texture": "#2"},
				"down": {"uv": [8, 12, 7.5, 12.5], "texture": "#2"}
			}
		},
		{
			"from": [0.24275, 6.48885, 7.80627],
			"to": [1.82676, 8.11905, 11.06667],
			"rotation": {"angle": 0, "axis": "y", "origin": [3.53549, 8.39075, 10.89891]},
			"faces": {
				"north": {"uv": [8, 12, 8.5, 12.5], "texture": "#2"},
				"east": {"uv": [8.5, 12, 9, 12.5], "texture": "#2"},
				"south": {"uv": [9, 12, 9.5, 12.5], "texture": "#2"},
				"west": {"uv": [9.5, 12, 10, 12.5], "texture": "#2"},
				"up": {"uv": [10.5, 12.5, 10, 12], "texture": "#2"},
				"down": {"uv": [11, 12, 10.5, 12.5], "texture": "#2"}
			}
		},
		{
			"from": [10.51954, 13.15217, 9.44363],
			"to": [13.03956, 14.91822, 13.04366],
			"rotation": {"angle": -45, "axis": "x", "origin": [7.99952, 13.28135, 11.57816]},
			"faces": {
				"north": {"uv": [12, 12, 12.5, 12.5], "texture": "#2"},
				"east": {"uv": [12, 0, 12.5, 0.5], "texture": "#2"},
				"south": {"uv": [12, 0.5, 12.5, 1], "texture": "#2"},
				"west": {"uv": [12, 1, 12.5, 1.5], "texture": "#2"},
				"up": {"uv": [12.5, 2, 12, 1.5], "texture": "#2"},
				"down": {"uv": [12.5, 2, 12, 2.5], "texture": "#2"}
			}
		},
		{
			"from": [11.74355, 10.63895, 8.49268],
			"to": [13.68756, 13.15217, 12.36441],
			"rotation": {"angle": -45, "axis": "x", "origin": [7.99952, 13.28135, 11.57816]},
			"faces": {
				"north": {"uv": [12, 2.5, 12.5, 3], "texture": "#2"},
				"east": {"uv": [8, 6.5, 9, 7], "texture": "#2"},
				"south": {"uv": [12, 3, 12.5, 3.5], "texture": "#2"},
				"west": {"uv": [8, 7, 9, 7.5], "texture": "#2"},
				"up": {"uv": [0.5, 9.5, 0, 8.5], "texture": "#2"},
				"down": {"uv": [1, 8.5, 0.5, 9.5], "texture": "#2"}
			}
		},
		{
			"from": [10.51954, 8.87752, 9.26297],
			"to": [13.03956, 11.93415, 11.02902],
			"rotation": {"angle": 22.5, "axis": "x", "origin": [7.99952, 13.28135, 11.57816]},
			"faces": {
				"north": {"uv": [12, 3.5, 12.5, 4], "texture": "#2"},
				"east": {"uv": [12, 4, 12.5, 4.5], "texture": "#2"},
				"south": {"uv": [12, 4.5, 12.5, 5], "texture": "#2"},
				"west": {"uv": [12, 5, 12.5, 5.5], "texture": "#2"},
				"up": {"uv": [12.5, 6, 12, 5.5], "texture": "#2"},
				"down": {"uv": [12.5, 6, 12, 6.5], "texture": "#2"}
			}
		},
		{
			"from": [13.30829, 6.48885, 11.06667],
			"to": [15.1803, 11.37945, 13.64782],
			"rotation": {"angle": 22.5, "axis": "z", "origin": [12.46356, 8.93415, 10.89891]},
			"faces": {
				"north": {"uv": [1, 8.5, 1.5, 9.5], "texture": "#2"},
				"east": {"uv": [1.5, 8.5, 2, 9.5], "texture": "#2"},
				"south": {"uv": [2, 8.5, 2.5, 9.5], "texture": "#2"},
				"west": {"uv": [2.5, 8.5, 3, 9.5], "texture": "#2"},
				"up": {"uv": [12.5, 7, 12, 6.5], "texture": "#2"},
				"down": {"uv": [12.5, 7, 12, 7.5], "texture": "#2"}
			}
		},
		{
			"from": [13.30829, 6.48885, 8.48552],
			"to": [14.8923, 9.74925, 11.06667],
			"rotation": {"angle": 22.5, "axis": "z", "origin": [12.46356, 8.93415, 10.89891]},
			"faces": {
				"north": {"uv": [12, 7.5, 12.5, 8], "texture": "#2"},
				"east": {"uv": [12, 8, 12.5, 8.5], "texture": "#2"},
				"south": {"uv": [12, 8.5, 12.5, 9], "texture": "#2"},
				"west": {"uv": [12, 9, 12.5, 9.5], "texture": "#2"},
				"up": {"uv": [12.5, 10, 12, 9.5], "texture": "#2"},
				"down": {"uv": [12.5, 10, 12, 10.5], "texture": "#2"}
			}
		},
		{
			"from": [14.38829, 9.3417, 8.55345],
			"to": [15.6123, 11.17567, 11.06667],
			"rotation": {"angle": 45, "axis": "z", "origin": [13.54356, 8.5266, 10.89891]},
			"faces": {
				"north": {"uv": [12, 10.5, 12.5, 11], "texture": "#2"},
				"east": {"uv": [12, 11, 12.5, 11.5], "texture": "#2"},
				"south": {"uv": [12, 11.5, 12.5, 12], "texture": "#2"},
				"west": {"uv": [0, 12.5, 0.5, 13], "texture": "#2"},
				"up": {"uv": [1, 13, 0.5, 12.5], "texture": "#2"},
				"down": {"uv": [1.5, 12.5, 1, 13], "texture": "#2"}
			}
		},
		{
			"from": [9.22353, 14.59643, 14.29577],
			"to": [10.08754, 15.27568, 16.33352],
			"rotation": {"angle": -45, "axis": "x", "origin": [7.99952, 13.28135, 11.57816]},
			"faces": {
				"north": {"uv": [1.5, 12.5, 2, 13], "texture": "#2"},
				"east": {"uv": [2, 12.5, 2.5, 13], "texture": "#2"},
				"south": {"uv": [2.5, 12.5, 3, 13], "texture": "#2"},
				"west": {"uv": [3, 12.5, 3.5, 13], "texture": "#2"},
				"up": {"uv": [4, 13, 3.5, 12.5], "texture": "#2"},
				"down": {"uv": [4.5, 12.5, 4, 13], "texture": "#2"}
			}
		},
		{
			"from": [11.31155, 13.67926, 12.28084],
			"to": [12.17555, 14.35851, 14.31859],
			"rotation": {"angle": -45, "axis": "x", "origin": [7.99952, 13.28135, 11.57816]},
			"faces": {
				"north": {"uv": [4.5, 12.5, 5, 13], "texture": "#2"},
				"east": {"uv": [5, 12.5, 5.5, 13], "texture": "#2"},
				"south": {"uv": [5.5, 12.5, 6, 13], "texture": "#2"},
				"west": {"uv": [6, 12.5, 6.5, 13], "texture": "#2"},
				"up": {"uv": [7, 13, 6.5, 12.5], "texture": "#2"},
				"down": {"uv": [7.5, 12.5, 7, 13], "texture": "#2"}
			}
		},
		{
			"from": [12.31955, 11.62975, 11.92869],
			"to": [13.18356, 12.309, 13.96644],
			"rotation": {"angle": -45, "axis": "x", "origin": [7.99952, 12.73795, 11.84986]},
			"faces": {
				"north": {"uv": [7.5, 12.5, 8, 13], "texture": "#2"},
				"east": {"uv": [8, 12.5, 8.5, 13], "texture": "#2"},
				"south": {"uv": [8.5, 12.5, 9, 13], "texture": "#2"},
				"west": {"uv": [9, 12.5, 9.5, 13], "texture": "#2"},
				"up": {"uv": [10, 13, 9.5, 12.5], "texture": "#2"},
				"down": {"uv": [10.5, 12.5, 10, 13], "texture": "#2"}
			}
		},
		{
			"from": [13.18356, 10.27125, 13.01549],
			"to": [14.04757, 10.9505, 15.05324],
			"rotation": {"angle": 0, "axis": "y", "origin": [8.86353, 11.37945, 12.93666]},
			"faces": {
				"north": {"uv": [10.5, 12.5, 11, 13], "texture": "#2"},
				"east": {"uv": [11, 12.5, 11.5, 13], "texture": "#2"},
				"south": {"uv": [11.5, 12.5, 12, 13], "texture": "#2"},
				"west": {"uv": [12, 12.5, 12.5, 13], "texture": "#2"},
				"up": {"uv": [13, 13, 12.5, 12.5], "texture": "#2"},
				"down": {"uv": [13, 0, 12.5, 0.5], "texture": "#2"}
			}
		},
		{
			"from": [14.04757, 8.36935, 13.01549],
			"to": [14.91157, 9.0486, 15.05324],
			"rotation": {"angle": 0, "axis": "y", "origin": [9.72754, 9.47755, 12.93666]},
			"faces": {
				"north": {"uv": [12.5, 0.5, 13, 1], "texture": "#2"},
				"east": {"uv": [12.5, 1, 13, 1.5], "texture": "#2"},
				"south": {"uv": [12.5, 1.5, 13, 2], "texture": "#2"},
				"west": {"uv": [12.5, 2, 13, 2.5], "texture": "#2"},
				"up": {"uv": [13, 3, 12.5, 2.5], "texture": "#2"},
				"down": {"uv": [13, 3, 12.5, 3.5], "texture": "#2"}
			}
		},
		{
			"from": [14.17229, 6.48885, 7.80627],
			"to": [15.7563, 8.11905, 11.06667],
			"rotation": {"angle": 0, "axis": "y", "origin": [12.46356, 8.39075, 10.89891]},
			"faces": {
				"north": {"uv": [12.5, 3.5, 13, 4], "texture": "#2"},
				"east": {"uv": [12.5, 4, 13, 4.5], "texture": "#2"},
				"south": {"uv": [12.5, 4.5, 13, 5], "texture": "#2"},
				"west": {"uv": [12.5, 5, 13, 5.5], "texture": "#2"},
				"up": {"uv": [13, 6, 12.5, 5.5], "texture": "#2"},
				"down": {"uv": [13, 6, 12.5, 6.5], "texture": "#2"}
			}
		},
		{
			"from": [14.95425, 6.76671, 7.06667],
			"to": [15.96226, 7.71766, 8.28932],
			"rotation": {"angle": -22.5, "axis": "y", "origin": [14.99231, 7.24219, 6.42332]},
			"faces": {
				"north": {"uv": [12.5, 6.5, 13, 7], "texture": "#2"},
				"east": {"uv": [12.5, 7, 13, 7.5], "texture": "#2"},
				"south": {"uv": [12.5, 7.5, 13, 8], "texture": "#2"},
				"west": {"uv": [12.5, 8, 13, 8.5], "texture": "#2"},
				"up": {"uv": [13, 9, 12.5, 8.5], "texture": "#2"},
				"down": {"uv": [13, 9, 12.5, 9.5], "texture": "#2"}
			}
		},
		{
			"from": [15.23451, 7.03841, 4.3169],
			"to": [15.66652, 7.44596, 5.9471],
			"rotation": {"angle": 22.5, "axis": "y", "origin": [14.99231, 7.24219, 6.42332]},
			"faces": {
				"north": {"uv": [12.5, 9.5, 13, 10], "texture": "#2"},
				"east": {"uv": [12.5, 10, 13, 10.5], "texture": "#2"},
				"south": {"uv": [12.5, 10.5, 13, 11], "texture": "#2"},
				"west": {"uv": [12.5, 11, 13, 11.5], "texture": "#2"},
				"up": {"uv": [13, 12, 12.5, 11.5], "texture": "#2"},
				"down": {"uv": [13, 12, 12.5, 12.5], "texture": "#2"}
			}
		},
		{
			"from": [14.81127, 6.90256, 5.50344],
			"to": [15.53127, 7.58181, 7.40534],
			"rotation": {"angle": 0, "axis": "y", "origin": [14.99231, 7.24219, 6.42332]},
			"faces": {
				"north": {"uv": [0, 13, 0.5, 13.5], "texture": "#2"},
				"east": {"uv": [0.5, 13, 1, 13.5], "texture": "#2"},
				"south": {"uv": [1, 13, 1.5, 13.5], "texture": "#2"},
				"west": {"uv": [1.5, 13, 2, 13.5], "texture": "#2"},
				"up": {"uv": [2.5, 13.5, 2, 13], "texture": "#2"},
				"down": {"uv": [3, 13, 2.5, 13.5], "texture": "#2"}
			}
		},
		{
			"from": [9.43953, 6.32326, 1.98053],
			"to": [10.44754, 8.76856, 2.93148],
			"rotation": {"angle": 45, "axis": "x", "origin": [9.94354, 5.88369, 2.01644]},
			"faces": {
				"north": {"uv": [3, 13, 3.5, 13.5], "texture": "#2"},
				"east": {"uv": [3.5, 13, 4, 13.5], "texture": "#2"},
				"south": {"uv": [4, 13, 4.5, 13.5], "texture": "#2"},
				"west": {"uv": [4.5, 13, 5, 13.5], "texture": "#2"},
				"up": {"uv": [5.5, 13.5, 5, 13], "texture": "#2"},
				"down": {"uv": [6, 13, 5.5, 13.5], "texture": "#2"}
			}
		},
		{
			"from": [9.58354, 5.29725, 0.90829],
			"to": [10.30354, 5.9765, 2.81019],
			"rotation": {"angle": -22.5, "axis": "x", "origin": [9.94354, 5.88369, 2.01644]},
			"faces": {
				"north": {"uv": [6, 13, 6.5, 13.5], "texture": "#2"},
				"east": {"uv": [6.5, 13, 7, 13.5], "texture": "#2"},
				"south": {"uv": [7, 13, 7.5, 13.5], "texture": "#2"},
				"west": {"uv": [7.5, 13, 8, 13.5], "texture": "#2"},
				"up": {"uv": [8.5, 13.5, 8, 13], "texture": "#2"},
				"down": {"uv": [9, 13, 8.5, 13.5], "texture": "#2"}
			}
		},
		{
			"from": [9.72754, 5.10355, -0.23407],
			"to": [10.15954, 5.5111, 1.39613],
			"rotation": {"angle": 0, "axis": "y", "origin": [9.94354, 5.88369, 2.01644]},
			"faces": {
				"north": {"uv": [9, 13, 9.5, 13.5], "texture": "#2"},
				"east": {"uv": [9.5, 13, 10, 13.5], "texture": "#2"},
				"south": {"uv": [10, 13, 10.5, 13.5], "texture": "#2"},
				"west": {"uv": [10.5, 13, 11, 13.5], "texture": "#2"},
				"up": {"uv": [11.5, 13.5, 11, 13], "texture": "#2"},
				"down": {"uv": [12, 13, 11.5, 13.5], "texture": "#2"}
			}
		},
		{
			"from": [5.55151, 6.32326, 1.98053],
			"to": [6.55951, 8.76856, 2.93148],
			"rotation": {"angle": 45, "axis": "x", "origin": [6.05551, 5.88369, 2.01644]},
			"faces": {
				"north": {"uv": [12, 13, 12.5, 13.5], "texture": "#2"},
				"east": {"uv": [12.5, 13, 13, 13.5], "texture": "#2"},
				"south": {"uv": [13, 13, 13.5, 13.5], "texture": "#2"},
				"west": {"uv": [13, 0, 13.5, 0.5], "texture": "#2"},
				"up": {"uv": [13.5, 1, 13, 0.5], "texture": "#2"},
				"down": {"uv": [13.5, 1, 13, 1.5], "texture": "#2"}
			}
		},
		{
			"from": [5.69551, 5.29725, 0.90829],
			"to": [6.41551, 5.9765, 2.81019],
			"rotation": {"angle": -22.5, "axis": "x", "origin": [6.05551, 5.88369, 2.01644]},
			"faces": {
				"north": {"uv": [13, 1.5, 13.5, 2], "texture": "#2"},
				"east": {"uv": [13, 2, 13.5, 2.5], "texture": "#2"},
				"south": {"uv": [13, 2.5, 13.5, 3], "texture": "#2"},
				"west": {"uv": [13, 3, 13.5, 3.5], "texture": "#2"},
				"up": {"uv": [13.5, 4, 13, 3.5], "texture": "#2"},
				"down": {"uv": [13.5, 4, 13, 4.5], "texture": "#2"}
			}
		},
		{
			"from": [5.83951, 5.10355, -0.23407],
			"to": [6.27151, 5.5111, 1.39613],
			"rotation": {"angle": 0, "axis": "y", "origin": [6.05551, 5.88369, 2.01644]},
			"faces": {
				"north": {"uv": [13, 4.5, 13.5, 5], "texture": "#2"},
				"east": {"uv": [13, 5, 13.5, 5.5], "texture": "#2"},
				"south": {"uv": [13, 5.5, 13.5, 6], "texture": "#2"},
				"west": {"uv": [13, 6, 13.5, 6.5], "texture": "#2"},
				"up": {"uv": [13.5, 7, 13, 6.5], "texture": "#2"},
				"down": {"uv": [13.5, 7, 13, 7.5], "texture": "#2"}
			}
		},
		{
			"from": [3.92131, 9.32282, 6.61058],
			"to": [7.19249, 12.40884, 8.87063],
			"rotation": {"angle": 22.5, "axis": "y", "origin": [6.93067, 11.36984, 8.79863]},
			"faces": {
				"north": {"uv": [13, 7.5, 13.5, 8], "texture": "#2"},
				"east": {"uv": [13, 8, 13.5, 8.5], "texture": "#2"},
				"south": {"uv": [13, 8.5, 13.5, 9], "texture": "#2"},
				"west": {"uv": [13, 9, 13.5, 9.5], "texture": "#2"},
				"up": {"uv": [13.5, 10, 13, 9.5], "texture": "#2"},
				"down": {"uv": [13.5, 10, 13, 10.5], "texture": "#2"}
			}
		},
		{
			"from": [4.18313, 9.56982, 1.60883],
			"to": [6.93067, 12.16184, 9.05588],
			"rotation": {"angle": 22.5, "axis": "y", "origin": [6.93067, 11.36984, 8.98388]},
			"faces": {
				"north": {"uv": [13, 10.5, 13.5, 11], "texture": "#2"},
				"east": {"uv": [5.5, 0, 7, 0.5], "texture": "#2"},
				"south": {"uv": [13, 11, 13.5, 11.5], "texture": "#2"},
				"west": {"uv": [5.5, 0.5, 7, 1], "texture": "#2"},
				"up": {"uv": [6, 3.5, 5.5, 2], "texture": "#2"},
				"down": {"uv": [1, 6, 0.5, 7.5], "texture": "#2"}
			}
		},
		{
			"from": [1.81719, 9.78583, -1.78545],
			"to": [3.87785, 11.65784, 3.39859],
			"rotation": {"angle": -22.5, "axis": "x", "origin": [4.18313, 11.08184, 2.46258]},
			"faces": {
				"north": {"uv": [13, 11.5, 13.5, 12], "texture": "#2"},
				"east": {"uv": [8, 7.5, 9, 8], "texture": "#2"},
				"south": {"uv": [13, 12, 13.5, 12.5], "texture": "#2"},
				"west": {"uv": [4, 8.5, 5, 9], "texture": "#2"},
				"up": {"uv": [5.5, 9.5, 5, 8.5], "texture": "#2"},
				"down": {"uv": [6, 8.5, 5.5, 9.5], "texture": "#2"}
			}
		},
		{
			"from": [2.19879, 8.48982, -4.08946],
			"to": [3.64888, 9.78583, -0.05744],
			"rotation": {"angle": -22.5, "axis": "y", "origin": [4.25945, 9.49782, -0.99344]},
			"faces": {
				"north": {"uv": [13, 12.5, 13.5, 13], "texture": "#2"},
				"east": {"uv": [6, 8.5, 7, 9], "texture": "#2"},
				"south": {"uv": [0, 13.5, 0.5, 14], "texture": "#2"},
				"west": {"uv": [8.5, 8.5, 9.5, 9], "texture": "#2"},
				"up": {"uv": [9, 1, 8.5, 0], "texture": "#2"},
				"down": {"uv": [9, 1, 8.5, 2], "texture": "#2"}
			}
		},
		{
			"from": [4.50417, 8.77782, -6.39348],
			"to": [5.3437, 9.49782, -3.22546],
			"rotation": {"angle": -45, "axis": "y", "origin": [4.92394, 9.13782, -4.93541]},
			"faces": {
				"north": {"uv": [0.5, 13.5, 1, 14], "texture": "#2"},
				"east": {"uv": [1, 13.5, 1.5, 14], "texture": "#2"},
				"south": {"uv": [1.5, 13.5, 2, 14], "texture": "#2"},
				"west": {"uv": [2, 13.5, 2.5, 14], "texture": "#2"},
				"up": {"uv": [3, 14, 2.5, 13.5], "texture": "#2"},
				"down": {"uv": [3.5, 13.5, 3, 14], "texture": "#2"}
			}
		},
		{
			"from": [8.80664, 9.32282, 6.61058],
			"to": [12.07781, 12.40884, 8.87063],
			"rotation": {"angle": -22.5, "axis": "y", "origin": [9.06846, 11.36984, 8.79863]},
			"faces": {
				"north": {"uv": [3.5, 13.5, 4, 14], "texture": "#2"},
				"east": {"uv": [4, 13.5, 4.5, 14], "texture": "#2"},
				"south": {"uv": [4.5, 13.5, 5, 14], "texture": "#2"},
				"west": {"uv": [5, 13.5, 5.5, 14], "texture": "#2"},
				"up": {"uv": [6, 14, 5.5, 13.5], "texture": "#2"},
				"down": {"uv": [6.5, 13.5, 6, 14], "texture": "#2"}
			}
		},
		{
			"from": [9.06846, 9.56982, 1.60883],
			"to": [11.81599, 12.16184, 9.05588],
			"rotation": {"angle": -22.5, "axis": "y", "origin": [9.06846, 11.36984, 8.98388]},
			"faces": {
				"north": {"uv": [6.5, 13.5, 7, 14], "texture": "#2"},
				"east": {"uv": [5.5, 3.5, 7, 4], "texture": "#2"},
				"south": {"uv": [7, 13.5, 7.5, 14], "texture": "#2"},
				"west": {"uv": [1, 6, 2.5, 6.5], "texture": "#2"},
				"up": {"uv": [3, 7.5, 2.5, 6], "texture": "#2"},
				"down": {"uv": [3.5, 6, 3, 7.5], "texture": "#2"}
			}
		},
		{
			"from": [12.12128, 9.78583, -1.78545],
			"to": [14.18193, 11.65784, 3.39859],
			"rotation": {"angle": -22.5, "axis": "x", "origin": [11.81599, 11.08184, 2.46258]},
			"faces": {
				"north": {"uv": [7.5, 13.5, 8, 14], "texture": "#2"},
				"east": {"uv": [8.5, 2, 9.5, 2.5], "texture": "#2"},
				"south": {"uv": [8, 13.5, 8.5, 14], "texture": "#2"},
				"west": {"uv": [8.5, 2.5, 9.5, 3], "texture": "#2"},
				"up": {"uv": [9, 5, 8.5, 4], "texture": "#2"},
				"down": {"uv": [9, 5, 8.5, 6], "texture": "#2"}
			}
		},
		{
			"from": [12.35024, 8.48982, -4.08946],
			"to": [13.80033, 9.78583, -0.05744],
			"rotation": {"angle": 22.5, "axis": "y", "origin": [11.73967, 9.49782, -0.99344]},
			"faces": {
				"north": {"uv": [8.5, 13.5, 9, 14], "texture": "#2"},
				"east": {"uv": [8.5, 6, 9.5, 6.5], "texture": "#2"},
				"south": {"uv": [9, 13.5, 9.5, 14], "texture": "#2"},
				"west": {"uv": [8.5, 8, 9.5, 8.5], "texture": "#2"},
				"up": {"uv": [3.5, 10, 3, 9], "texture": "#2"},
				"down": {"uv": [4, 9, 3.5, 10], "texture": "#2"}
			}
		},
		{
			"from": [10.65542, 8.77782, -6.39348],
			"to": [11.49495, 9.49782, -3.22546],
			"rotation": {"angle": 45, "axis": "y", "origin": [11.07519, 9.13782, -4.93541]},
			"faces": {
				"north": {"uv": [9.5, 13.5, 10, 14], "texture": "#2"},
				"east": {"uv": [10, 13.5, 10.5, 14], "texture": "#2"},
				"south": {"uv": [10.5, 13.5, 11, 14], "texture": "#2"},
				"west": {"uv": [11, 13.5, 11.5, 14], "texture": "#2"},
				"up": {"uv": [12, 14, 11.5, 13.5], "texture": "#2"},
				"down": {"uv": [12.5, 13.5, 12, 14], "texture": "#2"}
			}
		},
		{
			"name": "eye",
			"from": [5.47951, 8.49686, 6.32773],
			"to": [10.51954, 9.31196, 7.41453],
			"rotation": {"angle": 0, "axis": "y", "origin": [12.31955, 10.67046, 14.88628]},
			"faces": {
				"north": {"uv": [4, 9, 5, 9.5], "texture": "#2"},
				"east": {"uv": [12.5, 13.5, 13, 14], "texture": "#2"},
				"south": {"uv": [6, 9, 7, 9.5], "texture": "#2"},
				"west": {"uv": [13, 13.5, 13.5, 14], "texture": "#2"},
				"up": {"uv": [8, 9.5, 7, 9], "texture": "#2"},
				"down": {"uv": [9, 9, 8, 9.5], "texture": "#2"}
			}
		},
		{
			"name": "eye",
			"from": [5.40751, 9.10818, 6.05603],
			"to": [10.59154, 9.58366, 7.41453],
			"rotation": {"angle": -22.5, "axis": "x", "origin": [7.99952, 9.44781, 6.87113]},
			"faces": {
				"north": {"uv": [9, 9, 10, 9.5], "texture": "#2"},
				"east": {"uv": [13.5, 13.5, 14, 14], "texture": "#2"},
				"south": {"uv": [9, 0, 10, 0.5], "texture": "#2"},
				"west": {"uv": [13.5, 0, 14, 0.5], "texture": "#2"},
				"up": {"uv": [10, 1, 9, 0.5], "texture": "#2"},
				"down": {"uv": [10, 1, 9, 1.5], "texture": "#2"}
			}
		}
	],
	"display": {
		"head": {
			"translation": [0, -8.5, -15.25],
			"scale": [4, 4, 4]
		}
	},
	"groups": [
		{
			"name": "root",
			"origin": [8, 8, 8],
			"children": [
				{
					"name": "head",
					"origin": [8, 8, 8],
					"children": [
						{
							"name": "upper",
							"origin": [8, 8, 8],
							"children": [0, 1, 2, 3, 4,
								{
									"name": "group",
									"origin": [6.75, 8.8, -10.075],
									"children": [5, 6, 7]
								},
								{
									"name": "group",
									"origin": [6.75, 8.8, -10.075],
									"children": [8, 9, 10]
								}, 11, 12, 13,
								{
									"name": "kazari",
									"origin": [8, 8, 8],
									"children": [14, 15, 16,
										{
											"name": "l",
											"origin": [8, 8, 8],
											"children": [17, 18, 19, 20, 21, 22,
												{
													"name": "group",
													"origin": [5.925, 9.08821, -9.71179],
													"children": [23, 24, 25]
												},
												{
													"name": "toge",
													"origin": [8, 8, 8],
													"children": [26, 27, 28, 29, 30]
												}, 31]
										},
										{
											"name": "r",
											"origin": [8, 8, 8],
											"children": [32, 33, 34, 35, 36, 37,
												{
													"name": "toge",
													"origin": [8, 8, 8],
													"children": [38, 39, 40, 41, 42]
												}, 43,
												{
													"name": "group",
													"origin": [5.925, 9.08821, -9.71179],
													"children": [44, 45, 46]
												}
											]
										}
									]
								},
								{
									"name": "fang",
									"origin": [8, 8, 8],
									"children": [47, 48, 49]
								},
								{
									"name": "fang",
									"origin": [8, 8, 8],
									"children": [50, 51, 52]
								},
								{
									"name": "horne",
									"origin": [8, 8, 8],
									"children": [53, 54, 55, 56, 57]
								},
								{
									"name": "horne",
									"origin": [8, 8, 8],
									"children": [58, 59, 60, 61, 62]
								}, 63, 64]
						}
					]
				}
			]
		}
	]
}