{
	"credit": "Made with Blockbench",
	"texture_size": [32, 32],
	"textures": {
		"2": "diablos/head"
	},
	"elements": [
		{
			"from": [4.8952, 6.19313, -3.56888],
			"to": [11.1048, 10.63901, 5.35183],
			"rotation": {"angle": 0, "axis": "y", "origin": [14.13896, 12.3321, -45.03742]},
			"faces": {
				"north": {"uv": [5, 5, 6.75, 6.25], "texture": "#2"},
				"east": {"uv": [5, 5, 6.75, 6.25], "texture": "#2"},
				"south": {"uv": [5, 5, 6.75, 6.25], "texture": "#2"},
				"west": {"uv": [5, 5, 6.75, 6.25], "texture": "#2"},
				"up": {"uv": [5, 5, 6.75, 6.25], "texture": "#2"},
				"down": {"uv": [5, 5, 6.75, 6.25], "texture": "#2"}
			}
		},
		{
			"from": [5.19971, 4.13768, -3.56888],
			"to": [10.80029, 6.29971, 5.35183],
			"rotation": {"angle": 0, "axis": "y", "origin": [14.13896, 12.3321, -45.03742]},
			"faces": {
				"north": {"uv": [2.5, 14, 4, 16], "texture": "#2"},
				"east": {"uv": [2.5, 14, 4, 16], "rotation": 270, "texture": "#2"},
				"south": {"uv": [2.5, 14, 4, 16], "texture": "#2"},
				"west": {"uv": [2.5, 14, 4, 16], "rotation": 90, "texture": "#2"},
				"up": {"uv": [2.5, 14, 4, 16], "texture": "#2"},
				"down": {"uv": [2.5, 14, 4, 16], "texture": "#2"}
			}
		},
		{
			"from": [5.1448, 10.37393, -3.56888],
			"to": [10.8552, 12.26141, 0.92143],
			"rotation": {"angle": -22.5, "axis": "x", "origin": [8, 10.60007, 0.89147]},
			"faces": {
				"north": {"uv": [5, 5, 6.75, 6.25], "texture": "#2"},
				"east": {"uv": [5, 5, 6.75, 6.25], "texture": "#2"},
				"south": {"uv": [5, 5, 6.75, 6.25], "texture": "#2"},
				"west": {"uv": [5, 5, 6.75, 6.25], "texture": "#2"},
				"up": {"uv": [5, 5, 6.75, 6.25], "texture": "#2"},
				"down": {"uv": [5, 5, 6.75, 6.25], "texture": "#2"}
			}
		},
		{
			"from": [5.1448, 10.62353, 0.67432],
			"to": [10.8552, 12.26141, 5.16463],
			"rotation": {"angle": -22.5, "axis": "x", "origin": [8, 10.60007, 5.13467]},
			"faces": {
				"north": {"uv": [5, 5, 6.75, 6.25], "texture": "#2"},
				"east": {"uv": [5, 5, 6.75, 6.25], "texture": "#2"},
				"south": {"uv": [5, 5, 6.75, 6.25], "texture": "#2"},
				"west": {"uv": [5, 5, 6.75, 6.25], "texture": "#2"},
				"up": {"uv": [5, 5, 6.75, 6.25], "texture": "#2"},
				"down": {"uv": [5, 5, 6.75, 6.25], "texture": "#2"}
			}
		},
		{
			"from": [5.20568, 6.53749, 5.39818],
			"to": [10.79432, 10.53878, 13.42682],
			"rotation": {"angle": 0, "axis": "y", "origin": [13.52507, 12.06256, -31.92351]},
			"faces": {
				"north": {"uv": [5, 5, 6.75, 6.25], "texture": "#2"},
				"east": {"uv": [5, 5, 6.75, 6.25], "texture": "#2"},
				"south": {"uv": [5, 5, 6.75, 6.25], "texture": "#2"},
				"west": {"uv": [5, 5, 6.75, 6.25], "texture": "#2"},
				"up": {"uv": [5, 5, 6.75, 6.25], "texture": "#2"},
				"down": {"uv": [5, 5, 6.75, 6.25], "texture": "#2"}
			}
		},
		{
			"from": [5.47974, 4.71042, 5.39818],
			"to": [10.52026, 6.65625, 13.42682],
			"rotation": {"angle": 0, "axis": "y", "origin": [13.52507, 12.06256, -31.92351]},
			"faces": {
				"north": {"uv": [2.5, 14, 4, 16], "texture": "#2"},
				"east": {"uv": [2.5, 14, 4, 16], "rotation": 270, "texture": "#2"},
				"south": {"uv": [2.5, 14, 4, 16], "texture": "#2"},
				"west": {"uv": [2.5, 14, 4, 16], "rotation": 90, "texture": "#2"},
				"up": {"uv": [2.5, 14, 4, 16], "texture": "#2"},
				"down": {"uv": [2.5, 14, 4, 16], "texture": "#2"}
			}
		},
		{
			"from": [5.45528, 10.38384, 5.59081],
			"to": [10.54472, 12.08257, 9.63208],
			"rotation": {"angle": -22.5, "axis": "x", "origin": [8, 10.58736, 9.60513]},
			"faces": {
				"north": {"uv": [5, 5, 6.75, 6.25], "texture": "#2"},
				"east": {"uv": [5, 5, 6.75, 6.25], "texture": "#2"},
				"south": {"uv": [5, 5, 6.75, 6.25], "texture": "#2"},
				"west": {"uv": [5, 5, 6.75, 6.25], "texture": "#2"},
				"up": {"uv": [5, 5, 6.75, 6.25], "texture": "#2"},
				"down": {"uv": [5, 5, 6.75, 6.25], "texture": "#2"}
			}
		},
		{
			"from": [5.45528, 10.60848, 9.40969],
			"to": [10.54472, 12.08257, 13.45096],
			"rotation": {"angle": -22.5, "axis": "x", "origin": [8, 10.58736, 13.42401]},
			"faces": {
				"north": {"uv": [5, 5, 6.75, 6.25], "texture": "#2"},
				"east": {"uv": [5, 5, 6.75, 6.25], "texture": "#2"},
				"south": {"uv": [5, 5, 6.75, 6.25], "texture": "#2"},
				"west": {"uv": [5, 5, 6.75, 6.25], "texture": "#2"},
				"up": {"uv": [5, 5, 6.75, 6.25], "texture": "#2"},
				"down": {"uv": [5, 5, 6.75, 6.25], "texture": "#2"}
			}
		}
	],
	"display": {
		"head": {
			"translation": [0, -4.25, 37.5],
			"scale": [4, 4, 4]
		}
	},
	"groups": [
		{
			"name": "root",
			"origin": [8, 8, 8],
			"children": [
				{
					"name": "tail",
					"origin": [8, 8, 8],
					"children": [
						{
							"name": "group",
							"origin": [8, 8, 8],
							"children": [
								{
									"name": "group",
									"origin": [8, 8, 8],
									"children": [0, 1, 2, 3]
								},
								{
									"name": "group",
									"origin": [8, 8, 8],
									"children": [4, 5, 6, 7]
								}
							]
						}
					]
				}
			]
		}
	]
}