{
	"credit": "Made with Blockbench",
	"texture_size": [32, 32],
	"textures": {
		"2": "brachy/raging_phase2",
		"particle": "head"
	},
	"elements": [
		{
			"from": [5.00037, 4.7569, 8.31208],
			"to": [9.71963, 9.97452, 18.48409],
			"rotation": {"angle": 0, "axis": "y", "origin": [7.67481, 13.40039, 12.79753]},
			"faces": {
				"north": {"uv": [11.5, 8.75, 8.5, 9.75], "rotation": 180, "texture": "#2"},
				"east": {"uv": [11.5, 8.75, 8.5, 9.75], "rotation": 180, "texture": "#2"},
				"south": {"uv": [11.5, 8.75, 8.5, 9.75], "rotation": 180, "texture": "#2"},
				"west": {"uv": [11.5, 8.75, 8.5, 9.75], "rotation": 180, "texture": "#2"},
				"up": {"uv": [11.5, 8.75, 8.5, 9.75], "rotation": 180, "texture": "#2"},
				"down": {"uv": [11.5, 8.75, 8.5, 9.75], "rotation": 180, "texture": "#2"}
			}
		},
		{
			"from": [3.63311, 4.44694, 3.6398],
			"to": [10.80081, 11.18465, 12.35169],
			"rotation": {"angle": 0, "axis": "y", "origin": [7.62985, 13.9675, 13.52842]},
			"faces": {
				"north": {"uv": [11.5, 8.75, 8.5, 9.75], "rotation": 180, "texture": "#2"},
				"east": {"uv": [11.5, 8.75, 8.5, 9.75], "rotation": 180, "texture": "#2"},
				"south": {"uv": [11.5, 8.75, 8.5, 9.75], "rotation": 180, "texture": "#2"},
				"west": {"uv": [11.5, 8.75, 8.5, 9.75], "rotation": 180, "texture": "#2"},
				"up": {"uv": [11.5, 8.75, 8.5, 9.75], "rotation": 180, "texture": "#2"},
				"down": {"uv": [11.5, 8.75, 8.5, 9.75], "rotation": 180, "texture": "#2"}
			}
		},
		{
			"from": [4.03268, 3.4017, 0.31007],
			"to": [10.40124, 6.14374, 5.02629],
			"rotation": {"angle": 0, "axis": "y", "origin": [7.62985, 13.9675, 13.52842]},
			"faces": {
				"north": {"uv": [11.5, 8.75, 8.5, 9.75], "rotation": 180, "texture": "#2"},
				"east": {"uv": [11.5, 8.75, 8.5, 9.75], "rotation": 180, "texture": "#2"},
				"south": {"uv": [11.5, 8.75, 8.5, 9.75], "rotation": 180, "texture": "#2"},
				"west": {"uv": [11.5, 8.75, 8.5, 9.75], "rotation": 180, "texture": "#2"},
				"up": {"uv": [11.5, 8.75, 8.5, 9.75], "rotation": 180, "texture": "#2"},
				"down": {"uv": [11.5, 8.75, 8.5, 9.75], "rotation": 180, "texture": "#2"}
			}
		},
		{
			"from": [5.17928, 2.36976, 2.60327],
			"to": [9.25464, 4.42384, 6.74619],
			"rotation": {"angle": 0, "axis": "y", "origin": [7.62985, 13.9675, 13.52842]},
			"faces": {
				"north": {"uv": [11.5, 8.75, 8.5, 9.75], "rotation": 180, "texture": "#2"},
				"east": {"uv": [11.5, 8.75, 8.5, 9.75], "rotation": 180, "texture": "#2"},
				"south": {"uv": [11.5, 8.75, 8.5, 9.75], "rotation": 180, "texture": "#2"},
				"west": {"uv": [11.5, 8.75, 8.5, 9.75], "rotation": 180, "texture": "#2"},
				"up": {"uv": [11.5, 8.75, 8.5, 9.75], "rotation": 180, "texture": "#2"},
				"down": {"uv": [11.5, 8.75, 8.5, 9.75], "rotation": 180, "texture": "#2"}
			}
		},
		{
			"from": [5.28465, 11.18465, 4.46557],
			"to": [9.14927, 12.8362, 9.87438],
			"rotation": {"angle": 0, "axis": "y", "origin": [7.62985, 13.9675, 13.52842]},
			"faces": {
				"north": {"uv": [11.5, 8.75, 8.5, 9.75], "rotation": 180, "texture": "#2"},
				"east": {"uv": [11.5, 8.75, 8.5, 9.75], "rotation": 180, "texture": "#2"},
				"south": {"uv": [11.5, 8.75, 8.5, 9.75], "rotation": 180, "texture": "#2"},
				"west": {"uv": [11.5, 8.75, 8.5, 9.75], "rotation": 180, "texture": "#2"},
				"up": {"uv": [11.5, 8.75, 8.5, 9.75], "rotation": 180, "texture": "#2"},
				"down": {"uv": [11.5, 8.75, 8.5, 9.75], "rotation": 180, "texture": "#2"}
			}
		},
		{
			"from": [10.80081, 5.68501, 4.46557],
			"to": [12.45236, 8.70734, 9.87438],
			"rotation": {"angle": 0, "axis": "y", "origin": [7.62985, 13.9675, 13.52842]},
			"faces": {
				"north": {"uv": [11.5, 8.75, 8.5, 9.75], "rotation": 180, "texture": "#2"},
				"east": {"uv": [11.5, 8.75, 8.5, 9.75], "rotation": 180, "texture": "#2"},
				"south": {"uv": [11.5, 8.75, 8.5, 9.75], "rotation": 180, "texture": "#2"},
				"west": {"uv": [11.5, 8.75, 8.5, 9.75], "rotation": 180, "texture": "#2"},
				"up": {"uv": [11.5, 8.75, 8.5, 9.75], "rotation": 180, "texture": "#2"},
				"down": {"uv": [11.5, 8.75, 8.5, 9.75], "rotation": 180, "texture": "#2"}
			}
		},
		{
			"from": [4.89819, 4.11061, -1.25545],
			"to": [9.53573, 5.61425, 4.93213],
			"rotation": {"angle": 0, "axis": "y", "origin": [7.71242, 15.32177, 16.25347]},
			"faces": {
				"north": {"uv": [8.6647, 12.75, 6.75, 14.32356], "rotation": 180, "texture": "#2"},
				"east": {"uv": [4.6647, 10.5, 2.75, 12.07356], "rotation": 180, "texture": "#2"},
				"south": {"uv": [4.6647, 10.5, 2.75, 12.07356], "rotation": 180, "texture": "#2"},
				"west": {"uv": [4.6647, 10.5, 2.75, 12.07356], "rotation": 180, "texture": "#2"},
				"up": {"uv": [4.6647, 10.5, 2.75, 12.07356], "rotation": 180, "texture": "#2"},
				"down": {"uv": [8.4147, 12.5, 6.5, 14.07356], "rotation": 180, "texture": "#2"}
			}
		},
		{
			"from": [6.9362, 5.12562, 5.29134],
			"to": [9.97504, 9.26673, 14.07159],
			"rotation": {"angle": 22.5, "axis": "y", "origin": [7.21696, 7.19617, 3.86688]},
			"faces": {
				"north": {"uv": [11.5, 8.75, 8.5, 9.75], "rotation": 180, "texture": "#2"},
				"east": {"uv": [11.5, 8.75, 8.5, 9.75], "rotation": 180, "texture": "#2"},
				"south": {"uv": [11.5, 8.75, 8.5, 9.75], "rotation": 180, "texture": "#2"},
				"west": {"uv": [11.5, 8.75, 8.5, 9.75], "rotation": 180, "texture": "#2"},
				"up": {"uv": [11.5, 8.75, 8.5, 9.75], "rotation": 180, "texture": "#2"},
				"down": {"uv": [11.5, 8.75, 8.5, 9.75], "rotation": 180, "texture": "#2"}
			}
		},
		{
			"from": [11.60992, 6.18047, 11.96587],
			"to": [13.32752, 8.21187, 18.0353],
			"rotation": {"angle": 0, "axis": "y", "origin": [7.21696, 7.19617, 3.86688]},
			"faces": {
				"north": {"uv": [11.5, 8.75, 8.5, 9.75], "rotation": 180, "texture": "#2"},
				"east": {"uv": [11.5, 8.75, 8.5, 9.75], "rotation": 180, "texture": "#2"},
				"south": {"uv": [11.5, 8.75, 8.5, 9.75], "rotation": 180, "texture": "#2"},
				"west": {"uv": [11.5, 8.75, 8.5, 9.75], "rotation": 180, "texture": "#2"},
				"up": {"uv": [11.5, 8.75, 8.5, 9.75], "rotation": 180, "texture": "#2"},
				"down": {"uv": [11.5, 8.75, 8.5, 9.75], "rotation": 180, "texture": "#2"}
			}
		},
		{
			"from": [6.293, 9.83951, 5.41328],
			"to": [9.86082, 12.87835, 13.94106],
			"rotation": {"angle": -45, "axis": "x", "origin": [8.36356, 10.82617, 8.53057]},
			"faces": {
				"north": {"uv": [8.5, 9.75, 11.5, 8.75], "rotation": 270, "texture": "#2"},
				"east": {"uv": [8.5, 9.75, 11.5, 8.75], "rotation": 270, "texture": "#2"},
				"south": {"uv": [8.5, 9.75, 11.5, 8.75], "rotation": 270, "texture": "#2"},
				"west": {"uv": [8.5, 9.75, 11.5, 8.75], "rotation": 270, "texture": "#2"},
				"up": {"uv": [8.5, 9.75, 11.5, 8.75], "rotation": 270, "texture": "#2"},
				"down": {"uv": [8.5, 9.75, 11.5, 8.75], "rotation": 270, "texture": "#2"}
			}
		},
		{
			"from": [7.34786, 10.07791, 11.72288],
			"to": [8.80596, 11.79551, 20.08551],
			"rotation": {"angle": -22.5, "axis": "x", "origin": [8.36356, 7.19617, 3.86688]},
			"faces": {
				"north": {"uv": [8.5, 9.75, 11.5, 8.75], "rotation": 270, "texture": "#2"},
				"east": {"uv": [8.5, 9.75, 11.5, 8.75], "rotation": 270, "texture": "#2"},
				"south": {"uv": [8.5, 9.75, 11.5, 8.75], "rotation": 270, "texture": "#2"},
				"west": {"uv": [8.5, 9.75, 11.5, 8.75], "rotation": 270, "texture": "#2"},
				"up": {"uv": [8.5, 9.75, 11.5, 8.75], "rotation": 270, "texture": "#2"},
				"down": {"uv": [8.5, 9.75, 11.5, 8.75], "rotation": 270, "texture": "#2"}
			}
		},
		{
			"from": [5.09819, 2.18447, 2.69592],
			"to": [6.53876, 3.51636, 8.74403],
			"rotation": {"angle": 22.5, "axis": "x", "origin": [6.48442, 2.54175, 7.99574]},
			"faces": {
				"north": {"uv": [11.5, 8.75, 8.5, 9.75], "rotation": 180, "texture": "#2"},
				"east": {"uv": [11.5, 8.75, 8.5, 9.75], "rotation": 180, "texture": "#2"},
				"south": {"uv": [11.5, 8.75, 8.5, 9.75], "rotation": 180, "texture": "#2"},
				"west": {"uv": [11.5, 8.75, 8.5, 9.75], "rotation": 180, "texture": "#2"},
				"up": {"uv": [11.5, 8.75, 8.5, 9.75], "rotation": 180, "texture": "#2"},
				"down": {"uv": [11.5, 8.75, 8.5, 9.75], "rotation": 180, "texture": "#2"}
			}
		},
		{
			"from": [7.49559, 2.18447, 2.69592],
			"to": [8.93617, 3.51636, 8.74403],
			"rotation": {"angle": 22.5, "axis": "x", "origin": [6.48442, 2.54175, 7.99574]},
			"faces": {
				"north": {"uv": [11.5, 8.75, 8.5, 9.75], "rotation": 180, "texture": "#2"},
				"east": {"uv": [11.5, 8.75, 8.5, 9.75], "rotation": 180, "texture": "#2"},
				"south": {"uv": [11.5, 8.75, 8.5, 9.75], "rotation": 180, "texture": "#2"},
				"west": {"uv": [11.5, 8.75, 8.5, 9.75], "rotation": 180, "texture": "#2"},
				"up": {"uv": [11.5, 8.75, 8.5, 9.75], "rotation": 180, "texture": "#2"},
				"down": {"uv": [11.5, 8.75, 8.5, 9.75], "rotation": 180, "texture": "#2"}
			}
		},
		{
			"from": [5.32751, 2.12714, 8.42892],
			"to": [6.30944, 3.00039, 12.18383],
			"rotation": {"angle": 0, "axis": "y", "origin": [6.48442, 2.54175, 7.99574]},
			"faces": {
				"north": {"uv": [11.5, 8.75, 8.5, 9.75], "rotation": 180, "texture": "#2"},
				"east": {"uv": [11.5, 8.75, 8.5, 9.75], "rotation": 180, "texture": "#2"},
				"south": {"uv": [11.5, 8.75, 8.5, 9.75], "rotation": 180, "texture": "#2"},
				"west": {"uv": [11.5, 8.75, 8.5, 9.75], "rotation": 180, "texture": "#2"},
				"up": {"uv": [11.5, 8.75, 8.5, 9.75], "rotation": 180, "texture": "#2"},
				"down": {"uv": [11.5, 8.75, 8.5, 9.75], "rotation": 180, "texture": "#2"}
			}
		},
		{
			"from": [7.72491, 2.12714, 8.42892],
			"to": [8.70685, 3.00039, 12.18383],
			"rotation": {"angle": 0, "axis": "y", "origin": [6.48442, 2.54175, 7.99574]},
			"faces": {
				"north": {"uv": [11.5, 8.75, 8.5, 9.75], "rotation": 180, "texture": "#2"},
				"east": {"uv": [11.5, 8.75, 8.5, 9.75], "rotation": 180, "texture": "#2"},
				"south": {"uv": [11.5, 8.75, 8.5, 9.75], "rotation": 180, "texture": "#2"},
				"west": {"uv": [11.5, 8.75, 8.5, 9.75], "rotation": 180, "texture": "#2"},
				"up": {"uv": [11.5, 8.75, 8.5, 9.75], "rotation": 180, "texture": "#2"},
				"down": {"uv": [11.5, 8.75, 8.5, 9.75], "rotation": 180, "texture": "#2"}
			}
		},
		{
			"from": [6.40366, 5.49513, -1.73638],
			"to": [10.9514, 10.06032, 4.75975],
			"rotation": {"angle": 0, "axis": "y", "origin": [7.38954, 7.25329, 2.26654]},
			"faces": {
				"north": {"uv": [6.75, 15.4147, 7.37048, 15], "rotation": 90, "texture": "#2"},
				"east": {"uv": [6.75, 14.4147, 7.62048, 12.5], "rotation": 90, "texture": "#2"},
				"south": {"uv": [1.5, 14.6647, 2.37048, 12.75], "rotation": 90, "texture": "#2"},
				"west": {"uv": [1.5, 14.6647, 2.37048, 12.75], "rotation": 90, "texture": "#2"},
				"up": {"uv": [9, 11.9147, 9.87048, 10], "rotation": 90, "texture": "#2"},
				"down": {"uv": [6, 11.1647, 8.12048, 9.25], "rotation": 90, "texture": "#2"}
			}
		},
		{
			"from": [6.40366, 5.49513, -3.02438],
			"to": [10.9514, 7.48432, -1.71245],
			"rotation": {"angle": 0, "axis": "y", "origin": [7.38954, 7.25329, 2.26654]},
			"faces": {
				"north": {"uv": [8.25, 12.5, 7.75, 13.75], "rotation": 180, "texture": "#2"},
				"east": {"uv": [8.25, 12.5, 7.75, 13.75], "rotation": 180, "texture": "#2"},
				"south": {"uv": [8.25, 12.5, 7.75, 13.75], "rotation": 180, "texture": "#2"},
				"west": {"uv": [8.25, 12.5, 7.75, 13.75], "rotation": 180, "texture": "#2"},
				"up": {"uv": [8.25, 12.5, 7.75, 13.75], "rotation": 180, "texture": "#2"},
				"down": {"uv": [8.5, 9.5, 8, 10.75], "rotation": 180, "texture": "#2"}
			}
		},
		{
			"from": [4.89093, 5.19133, -5.22494],
			"to": [9.88815, 10.36414, 4.75975],
			"rotation": {"angle": 0, "axis": "y", "origin": [7.87727, 15.25213, 17.77647]},
			"faces": {
				"north": {"uv": [7.5, 14.5, 6.25, 15.75], "rotation": 180, "texture": "#2"},
				"east": {"uv": [9.5, 14.5, 7.5, 15.75], "rotation": 180, "texture": "#2"},
				"south": {"uv": [9.5, 14.5, 7.5, 15.75], "rotation": 180, "texture": "#2"},
				"west": {"uv": [9.5, 14.5, 7.5, 15.75], "rotation": 180, "texture": "#2"},
				"up": {"uv": [7.5, 15.75, 9.5, 14.5], "rotation": 90, "texture": "#2"},
				"down": {"uv": [7.5, 15.75, 9.5, 14.5], "rotation": 270, "texture": "#2"}
			}
		},
		{
			"from": [5.75094, 5.90893, -3.02438],
			"to": [8.38414, 11.3396, -1.71245],
			"rotation": {"angle": 0, "axis": "y", "origin": [7.87727, 15.25213, 17.77647]},
			"faces": {
				"north": {"uv": [7.9147, 13.5, 6.75, 14.07356], "rotation": 180, "texture": "#2"},
				"east": {"uv": [7.25, 15, 6.75, 15.5], "rotation": 180, "texture": "#2"},
				"south": {"uv": [3.4147, 12.75, 1.5, 14.32356], "rotation": 180, "texture": "#2"},
				"west": {"uv": [7.25, 15, 6.75, 15.5], "rotation": 180, "texture": "#2"},
				"up": {"uv": [8.6647, 13, 7.5, 13.32356], "rotation": 180, "texture": "#2"},
				"down": {"uv": [9.4147, 12.5, 6.25, 14.07356], "rotation": 180, "texture": "#2"}
			}
		},
		{
			"from": [5.10694, 5.90893, -1.73638],
			"to": [9.67214, 11.3396, 4.75975],
			"rotation": {"angle": 0, "axis": "y", "origin": [7.87727, 15.25213, 17.77647]},
			"faces": {
				"north": {"uv": [7.25, 15, 6.75, 15.5], "rotation": 180, "texture": "#2"},
				"east": {"uv": [11.4147, 9, 9.5, 10.57356], "rotation": 180, "texture": "#2"},
				"south": {"uv": [3.4147, 12.75, 1.5, 14.32356], "rotation": 180, "texture": "#2"},
				"west": {"uv": [9.9147, 9.75, 8, 11.32356], "rotation": 180, "texture": "#2"},
				"up": {"uv": [8.4147, 12.5, 6.5, 14.07356], "rotation": 180, "texture": "#2"},
				"down": {"uv": [9.4147, 12.5, 6.25, 14.07356], "rotation": 180, "texture": "#2"}
			}
		},
		{
			"from": [3.82766, 5.49513, -3.02438],
			"to": [7.0874, 10.06032, 4.75975],
			"rotation": {"angle": 0, "axis": "y", "origin": [7.38954, 7.25329, 2.26654]},
			"faces": {
				"north": {"uv": [7, 14.4147, 7.87048, 12.5], "rotation": 90, "texture": "#2"},
				"east": {"uv": [7, 14.4147, 7.87048, 12.5], "rotation": 90, "texture": "#2"},
				"south": {"uv": [7, 14.4147, 7.87048, 12.5], "rotation": 90, "texture": "#2"},
				"west": {"uv": [7, 14.4147, 7.87048, 12.5], "rotation": 90, "texture": "#2"},
				"up": {"uv": [8.5, 11.1647, 9.37048, 9.25], "rotation": 90, "texture": "#2"},
				"down": {"uv": [7.25, 11.1647, 8.12048, 9.25], "rotation": 90, "texture": "#2"}
			}
		}
	],
	"display": {
		"head": {
			"translation": [2.25, -4.5, -32.5],
			"scale": [4, 4, 4]
		}
	},
	"groups": [
		{
			"name": "root_raging_2",
			"origin": [8, 8, 8],
			"color": 0,
			"children": [
				{
					"name": "arm_l",
					"origin": [8, 8, 8],
					"color": 0,
					"children": [
						{
							"name": "1",
							"origin": [8, 8, 8],
							"color": 0,
							"children": [
								0,
								1,
								2,
								3,
								4,
								5,
								6,
								{
									"name": "group",
									"origin": [5.5, 6.05811, -3.70612],
									"color": 0,
									"children": [7, 8]
								},
								{
									"name": "group",
									"origin": [5.5, 6.05811, -3.70612],
									"color": 0,
									"children": [9, 10]
								},
								11,
								12,
								13,
								14
							]
						}
					]
				}
			]
		},
		15,
		16,
		17,
		18,
		19,
		20
	]
}