{
	"credit": "Made with Blockbench",
	"texture_size": [32, 32],
	"textures": {
		"0": "zinogre/head",
		"particle": "zinogre/head"
	},
	"elements": [
		{
			"from": [6.79766, 11.58851, 7.78332],
			"to": [10.03766, 14.10851, 14.44332],
			"rotation": {"angle": 22.5, "axis": "x", "origin": [8.41766, 12.71351, 9.40332]},
			"faces": {
				"north": {"uv": [11.75, 3.5, 13.5, 6.25], "texture": "#0"},
				"east": {"uv": [11.75, 3.5, 13.5, 6.25], "texture": "#0"},
				"south": {"uv": [11.75, 3.5, 13.5, 6.25], "texture": "#0"},
				"west": {"uv": [11.75, 3.5, 13.5, 6.25], "texture": "#0"},
				"up": {"uv": [11.75, 3.5, 13.5, 6.25], "texture": "#0"},
				"down": {"uv": [11.75, 3.5, 13.5, 6.25], "texture": "#0"}
			}
		},
		{
			"from": [7.47266, 13.83851, 9.65832],
			"to": [9.21266, 15.45851, 14.44332],
			"rotation": {"angle": 22.5, "axis": "x", "origin": [8.41766, 12.71351, 9.40332]},
			"faces": {
				"north": {"uv": [8.5, 14, 11.75, 16], "texture": "#0"},
				"east": {"uv": [8.5, 14, 11.75, 16], "texture": "#0"},
				"south": {"uv": [8.5, 14, 11.75, 16], "texture": "#0"},
				"west": {"uv": [8.5, 14, 11.75, 16], "texture": "#0"},
				"up": {"uv": [8.5, 14, 11.75, 16], "texture": "#0"},
				"down": {"uv": [8.5, 14, 11.75, 16], "texture": "#0"}
			}
		}
	],
	"display": {
		"head": {
			"translation": [-1.75, -27.5, -4],
			"scale": [4, 4, 4]
		}
	},
	"groups": [
		{
			"name": "root_normal",
			"origin": [8, 8, 8],
			"children": [
				{
					"name": "leg_l",
					"origin": [8, 8, 8],
					"children": [
						{
							"name": "1",
							"origin": [8, 8, 8],
							"children": [0, 1]
						}
					]
				}
			]
		}
	]
}