{
	"credit": "Made with Blockbench",
	"texture_size": [32, 32],
	"textures": {
		"0": "zinogre/head",
		"particle": "zinogre/head"
	},
	"elements": [
		{
			"from": [5.32561, 1.00047, 5.89052],
			"to": [10.67161, 5.59047, 10.39052],
			"rotation": {"angle": 45, "axis": "x", "origin": [7.99861, 2.0431, 12.04032]},
			"faces": {
				"north": {"uv": [0.25, 0.75, 1.75, 2.75], "texture": "#0"},
				"east": {"uv": [0.25, 0.75, 1.75, 2.75], "texture": "#0"},
				"south": {"uv": [0.25, 0.75, 1.75, 2.75], "texture": "#0"},
				"west": {"uv": [0.25, 0.75, 1.75, 2.75], "texture": "#0"},
				"up": {"uv": [0.25, 0.75, 1.75, 2.75], "texture": "#0"},
				"down": {"uv": [0.25, 0.75, 1.75, 2.75], "texture": "#0"}
			}
		},
		{
			"from": [5.93821, -0.07953, 5.89052],
			"to": [10.05901, 1.05447, 10.39052],
			"rotation": {"angle": 45, "axis": "x", "origin": [7.99861, 2.0431, 12.04032]},
			"faces": {
				"north": {"uv": [4, 10, 7, 10.5], "texture": "#0"},
				"east": {"uv": [4, 10, 7, 10.5], "texture": "#0"},
				"south": {"uv": [4, 10, 7, 10.5], "texture": "#0"},
				"west": {"uv": [4, 10, 7, 10.5], "texture": "#0"},
				"up": {"uv": [4, 10, 7, 10.5], "texture": "#0"},
				"down": {"uv": [4, 10, 7, 10.5], "texture": "#0"}
			}
		},
		{
			"from": [6.03841, 5.53647, 5.89052],
			"to": [7.34521, 6.45447, 10.39052],
			"rotation": {"angle": 45, "axis": "x", "origin": [7.99861, 2.0431, 12.04032]},
			"faces": {
				"north": {"uv": [14.5, 0, 14, 0.5], "texture": "#0"},
				"east": {"uv": [15, 0, 14, 4.25], "rotation": 90, "texture": "#0"},
				"south": {"uv": [14, 0, 14.5, 0.5], "texture": "#0"},
				"west": {"uv": [14, 0, 15, 4.25], "rotation": 90, "texture": "#0"},
				"up": {"uv": [15, 0, 14.5, 4.25], "texture": "#0"},
				"down": {"uv": [14.5, 0, 14, 4.25], "texture": "#0"}
			}
		},
		{
			"from": [8.65201, 5.53647, 5.89052],
			"to": [9.95881, 6.45447, 10.39052],
			"rotation": {"angle": 45, "axis": "x", "origin": [7.99861, 2.0431, 12.04032]},
			"faces": {
				"north": {"uv": [14.5, 0, 14, 0.5], "texture": "#0"},
				"east": {"uv": [15, 0, 14, 4.25], "rotation": 90, "texture": "#0"},
				"south": {"uv": [14, 0, 14.5, 0.5], "texture": "#0"},
				"west": {"uv": [14, 0, 15, 4.25], "rotation": 90, "texture": "#0"},
				"up": {"uv": [15, 0, 14.5, 4.25], "texture": "#0"},
				"down": {"uv": [14.5, 0, 14, 4.25], "texture": "#0"}
			}
		},
		{
			"from": [4.85041, 1.64847, 5.89052],
			"to": [11.14681, 3.75447, 10.75052],
			"rotation": {"angle": 45, "axis": "x", "origin": [7.99861, 2.5831, 12.04032]},
			"faces": {
				"north": {"uv": [8.5, 14, 11.75, 16], "rotation": 270, "texture": "#0"},
				"east": {"uv": [8.5, 14, 11.75, 16], "rotation": 270, "texture": "#0"},
				"south": {"uv": [8.5, 14, 11.75, 16], "rotation": 270, "texture": "#0"},
				"west": {"uv": [8.5, 14, 11.75, 16], "rotation": 270, "texture": "#0"},
				"up": {"uv": [8.5, 14, 11.75, 16], "texture": "#0"},
				"down": {"uv": [8.5, 14, 11.75, 16], "rotation": 180, "texture": "#0"}
			}
		},
		{
			"from": [5.25301, 3.80847, 5.89052],
			"to": [10.74421, 5.92347, 10.75052],
			"rotation": {"angle": 45, "axis": "x", "origin": [7.99861, 2.5831, 12.04032]},
			"faces": {
				"north": {"uv": [8.5, 14, 11.75, 16], "rotation": 270, "texture": "#0"},
				"east": {"uv": [8.5, 14, 11.75, 16], "rotation": 270, "texture": "#0"},
				"south": {"uv": [8.5, 14, 11.75, 16], "rotation": 270, "texture": "#0"},
				"west": {"uv": [8.5, 14, 11.75, 16], "rotation": 270, "texture": "#0"},
				"up": {"uv": [8.5, 14, 11.75, 16], "texture": "#0"},
				"down": {"uv": [8.5, 14, 11.75, 16], "rotation": 270, "texture": "#0"}
			}
		}
	],
	"display": {
		"head": {
			"rotation": [-45, 0, 0],
			"translation": [0, -5, -17],
			"scale": [4, 4, 4]
		}
	},
	"groups": [
		{
			"name": "root_normal",
			"origin": [8, 8, 8],
			"children": [
				{
					"name": "neck",
					"origin": [8, 8, 8],
					"children": [
						{
							"name": "2",
							"origin": [8, 8, 8],
							"children": [0, 1,
								{
									"name": "group",
									"origin": [8, 8, 8],
									"children": [2, 3]
								}, 4, 5]
						}
					]
				}
			]
		}
	]
}