{
	"credit": "Made with Blockbench",
	"texture_size": [32, 32],
	"textures": {
		"0": "zinogre/head",
		"particle": "zinogre/head"
	},
	"elements": [
		{
			"from": [5.35488, 5.96753, 2.11151],
			"to": [10.67051, 7.97228, 7.33601],
			"rotation": {"angle": 0, "axis": "y", "origin": [8.00004, 8.36837, 7.23883]},
			"faces": {
				"north": {"uv": [0.25, 0.75, 1.75, 2.75], "texture": "#0"},
				"east": {"uv": [0.25, 0.75, 1.75, 2.75], "texture": "#0"},
				"south": {"uv": [0.25, 0.75, 1.75, 2.75], "texture": "#0"},
				"west": {"uv": [0.25, 0.75, 1.75, 2.75], "texture": "#0"},
				"up": {"uv": [0.25, 0.75, 1.75, 2.75], "texture": "#0"},
				"down": {"uv": [0.25, 0.75, 1.75, 2.75], "texture": "#0"}
			}
		},
		{
			"from": [5.96238, 5.23853, 2.11151],
			"to": [10.06301, 6.02828, 7.33601],
			"rotation": {"angle": 0, "axis": "y", "origin": [8.00004, 7.63937, 7.23883]},
			"faces": {
				"north": {"uv": [5.25, 14, 5.5, 16], "rotation": 270, "texture": "#0"},
				"east": {"uv": [5.25, 14, 5.5, 16], "rotation": 270, "texture": "#0"},
				"south": {"uv": [5.25, 14, 5.5, 16], "rotation": 270, "texture": "#0"},
				"west": {"uv": [5.25, 14, 5.5, 16], "rotation": 270, "texture": "#0"},
				"up": {"uv": [5.25, 14, 5.5, 16], "rotation": 270, "texture": "#0"},
				"down": {"uv": [2.5, 14, 5.5, 16], "rotation": 270, "texture": "#0"}
			}
		},
		{
			"from": [5.87126, 7.97228, 2.11151],
			"to": [10.12376, 9.18728, 7.33601],
			"rotation": {"angle": 0, "axis": "y", "origin": [8.00004, 8.36837, 7.23883]},
			"color": 0,
			"faces": {
				"north": {"uv": [0, 0, 1.75, 0.5], "texture": "#missing"},
				"east": {"uv": [0, 0, 2.15, 0.5], "texture": "#missing"},
				"south": {"uv": [0, 0, 1.75, 0.5], "texture": "#missing"},
				"west": {"uv": [0, 0, 2.15, 0.5], "texture": "#missing"},
				"up": {"uv": [0, 0, 1.75, 2.15], "texture": "#missing"},
				"down": {"uv": [0, 0, 1.75, 2.15], "texture": "#missing"}
			}
		},
		{
			"from": [6.55409, 9.15509, 2.25261],
			"to": [7.51637, 10.20242, 7.35561],
			"rotation": {"angle": 0, "axis": "y", "origin": [8.00004, 8.36837, 7.36033]},
			"faces": {
				"north": {"uv": [14, 0, 14.5, 0.5], "rotation": 90, "texture": "#0"},
				"east": {"uv": [14, 0, 14.5, 4.25], "rotation": 90, "texture": "#0"},
				"south": {"uv": [14, 0, 14.5, 0.5], "rotation": 90, "texture": "#0"},
				"west": {"uv": [14, 0, 14.5, 4.25], "rotation": 90, "texture": "#0"},
				"up": {"uv": [14, 0, 14.5, 4.25], "texture": "#0"},
				"down": {"uv": [14, 0, 14.5, 4.25], "rotation": 180, "texture": "#0"}
			}
		},
		{
			"from": [8.47865, 9.15509, 2.25261],
			"to": [9.44093, 10.20242, 7.35561],
			"rotation": {"angle": 0, "axis": "y", "origin": [8.00004, 8.36837, 7.36033]},
			"faces": {
				"north": {"uv": [14, 0, 14.5, 0.5], "rotation": 90, "texture": "#0"},
				"east": {"uv": [14, 0, 14.5, 4.25], "rotation": 90, "texture": "#0"},
				"south": {"uv": [14, 0, 14.5, 0.5], "rotation": 90, "texture": "#0"},
				"west": {"uv": [14, 0, 14.5, 4.25], "rotation": 90, "texture": "#0"},
				"up": {"uv": [14, 0, 14.5, 4.25], "texture": "#0"},
				"down": {"uv": [14, 0, 14.5, 4.25], "rotation": 180, "texture": "#0"}
			}
		},
		{
			"from": [4.97459, 8.00114, 2.28637],
			"to": [5.93687, 8.68397, 7.35899],
			"rotation": {"angle": 0, "axis": "y", "origin": [8.00004, 8.36837, 7.36033]},
			"faces": {
				"north": {"uv": [14, 0, 14.5, 0.5], "rotation": 90, "texture": "#0"},
				"east": {"uv": [14, 0, 14.5, 4.25], "rotation": 90, "texture": "#0"},
				"south": {"uv": [14, 0, 14.5, 0.5], "rotation": 90, "texture": "#0"},
				"west": {"uv": [14, 0, 14.5, 4.25], "rotation": 90, "texture": "#0"},
				"up": {"uv": [14, 0, 14.5, 4.25], "texture": "#0"},
				"down": {"uv": [14, 0, 14.5, 4.25], "rotation": 180, "texture": "#0"}
			}
		},
		{
			"from": [4.97763, 6.42164, 2.28637],
			"to": [5.93991, 7.10447, 7.35899],
			"rotation": {"angle": 0, "axis": "y", "origin": [8.00308, 6.78887, 7.36033]},
			"faces": {
				"north": {"uv": [14, 0, 14.5, 0.5], "rotation": 90, "texture": "#0"},
				"east": {"uv": [14, 0, 14.5, 4.25], "rotation": 90, "texture": "#0"},
				"south": {"uv": [14, 0, 14.5, 0.5], "rotation": 90, "texture": "#0"},
				"west": {"uv": [14, 0, 14.5, 4.25], "rotation": 90, "texture": "#0"},
				"up": {"uv": [14, 0, 14.5, 4.25], "texture": "#0"},
				"down": {"uv": [14, 0, 14.5, 4.25], "rotation": 180, "texture": "#0"}
			}
		},
		{
			"from": [10.06119, 6.42164, 2.28637],
			"to": [11.02347, 7.10447, 7.35899],
			"rotation": {"angle": 0, "axis": "y", "origin": [7.99802, 6.78887, 7.36033]},
			"faces": {
				"north": {"uv": [14, 0, 14.5, 0.5], "rotation": 90, "texture": "#0"},
				"east": {"uv": [14, 0, 14.5, 4.25], "rotation": 90, "texture": "#0"},
				"south": {"uv": [14, 0, 14.5, 0.5], "rotation": 90, "texture": "#0"},
				"west": {"uv": [14, 0, 14.5, 4.25], "rotation": 90, "texture": "#0"},
				"up": {"uv": [14, 0, 14.5, 4.25], "texture": "#0"},
				"down": {"uv": [14, 0, 14.5, 4.25], "rotation": 180, "texture": "#0"}
			}
		},
		{
			"from": [10.05815, 8.00114, 2.28637],
			"to": [11.02043, 8.68397, 7.35899],
			"rotation": {"angle": 0, "axis": "y", "origin": [8.00004, 8.36837, 7.36033]},
			"faces": {
				"north": {"uv": [14, 0, 14.5, 0.5], "rotation": 90, "texture": "#0"},
				"east": {"uv": [14, 0, 14.5, 4.25], "rotation": 90, "texture": "#0"},
				"south": {"uv": [14, 0, 14.5, 0.5], "rotation": 90, "texture": "#0"},
				"west": {"uv": [14, 0, 14.5, 4.25], "rotation": 90, "texture": "#0"},
				"up": {"uv": [14, 0, 14.5, 4.25], "texture": "#0"},
				"down": {"uv": [14, 0, 14.5, 4.25], "rotation": 180, "texture": "#0"}
			}
		},
		{
			"from": [4.09896, 6.54314, 2.58114],
			"to": [4.87899, 7.22597, 4.00876],
			"rotation": {"angle": -22.5, "axis": "y", "origin": [4.73197, 6.88456, 4.02395]},
			"faces": {
				"north": {"uv": [12, 5, 13.75, 7.25], "rotation": 180, "texture": "#0"},
				"east": {"uv": [12, 5, 13.75, 7.25], "rotation": 180, "texture": "#0"},
				"south": {"uv": [12, 5, 13.75, 7.25], "rotation": 180, "texture": "#0"},
				"west": {"uv": [12, 5, 13.75, 7.25], "rotation": 180, "texture": "#0"},
				"up": {"uv": [12, 5, 13.75, 7.25], "rotation": 180, "texture": "#0"},
				"down": {"uv": [12, 5, 13.75, 7.25], "rotation": 180, "texture": "#0"}
			}
		},
		{
			"from": [4.09896, 6.54314, 4.16064],
			"to": [4.87899, 7.22597, 5.58826],
			"rotation": {"angle": -22.5, "axis": "y", "origin": [4.73197, 6.88456, 5.60345]},
			"faces": {
				"north": {"uv": [12, 5, 13.75, 7.25], "rotation": 180, "texture": "#0"},
				"east": {"uv": [12, 5, 13.75, 7.25], "rotation": 180, "texture": "#0"},
				"south": {"uv": [12, 5, 13.75, 7.25], "rotation": 180, "texture": "#0"},
				"west": {"uv": [12, 5, 13.75, 7.25], "rotation": 180, "texture": "#0"},
				"up": {"uv": [12, 5, 13.75, 7.25], "rotation": 180, "texture": "#0"},
				"down": {"uv": [12, 5, 13.75, 7.25], "rotation": 180, "texture": "#0"}
			}
		},
		{
			"from": [4.09896, 6.54314, 5.74014],
			"to": [4.87899, 7.22597, 7.16776],
			"rotation": {"angle": -22.5, "axis": "y", "origin": [4.73197, 6.88456, 7.18295]},
			"faces": {
				"north": {"uv": [12, 5, 13.75, 7.25], "rotation": 180, "texture": "#0"},
				"east": {"uv": [12, 5, 13.75, 7.25], "rotation": 180, "texture": "#0"},
				"south": {"uv": [12, 5, 13.75, 7.25], "rotation": 180, "texture": "#0"},
				"west": {"uv": [12, 5, 13.75, 7.25], "rotation": 180, "texture": "#0"},
				"up": {"uv": [12, 5, 13.75, 7.25], "rotation": 180, "texture": "#0"},
				"down": {"uv": [12, 5, 13.75, 7.25], "rotation": 180, "texture": "#0"}
			}
		},
		{
			"from": [11.1221, 6.54314, 2.58114],
			"to": [11.90213, 7.22597, 4.00876],
			"rotation": {"angle": 22.5, "axis": "y", "origin": [11.26912, 6.88456, 4.02395]},
			"faces": {
				"north": {"uv": [12, 5, 13.75, 7.25], "rotation": 180, "texture": "#0"},
				"east": {"uv": [12, 5, 13.75, 7.25], "rotation": 180, "texture": "#0"},
				"south": {"uv": [12, 5, 13.75, 7.25], "rotation": 180, "texture": "#0"},
				"west": {"uv": [12, 5, 13.75, 7.25], "rotation": 180, "texture": "#0"},
				"up": {"uv": [12, 5, 13.75, 7.25], "rotation": 180, "texture": "#0"},
				"down": {"uv": [12, 5, 13.75, 7.25], "rotation": 180, "texture": "#0"}
			}
		},
		{
			"from": [11.1221, 6.54314, 4.16064],
			"to": [11.90213, 7.22597, 5.58826],
			"rotation": {"angle": 22.5, "axis": "y", "origin": [11.26912, 6.88456, 5.60345]},
			"faces": {
				"north": {"uv": [12, 5, 13.75, 7.25], "rotation": 180, "texture": "#0"},
				"east": {"uv": [12, 5, 13.75, 7.25], "rotation": 180, "texture": "#0"},
				"south": {"uv": [12, 5, 13.75, 7.25], "rotation": 180, "texture": "#0"},
				"west": {"uv": [12, 5, 13.75, 7.25], "rotation": 180, "texture": "#0"},
				"up": {"uv": [12, 5, 13.75, 7.25], "rotation": 180, "texture": "#0"},
				"down": {"uv": [12, 5, 13.75, 7.25], "rotation": 180, "texture": "#0"}
			}
		},
		{
			"from": [11.1221, 6.54314, 5.74014],
			"to": [11.90213, 7.22597, 7.16776],
			"rotation": {"angle": 22.5, "axis": "y", "origin": [11.26912, 6.88456, 7.18295]},
			"faces": {
				"north": {"uv": [12, 5, 13.75, 7.25], "rotation": 180, "texture": "#0"},
				"east": {"uv": [12, 5, 13.75, 7.25], "rotation": 180, "texture": "#0"},
				"south": {"uv": [12, 5, 13.75, 7.25], "rotation": 180, "texture": "#0"},
				"west": {"uv": [12, 5, 13.75, 7.25], "rotation": 180, "texture": "#0"},
				"up": {"uv": [12, 5, 13.75, 7.25], "rotation": 180, "texture": "#0"},
				"down": {"uv": [12, 5, 13.75, 7.25], "rotation": 180, "texture": "#0"}
			}
		},
		{
			"from": [7.43375, 8.29267, 2.18685],
			"to": [8.56127, 9.82357, 7.42957],
			"rotation": {"angle": 0, "axis": "y", "origin": [7.99751, 7.11787, 5.49756]},
			"faces": {
				"north": {"uv": [11.75, 14, 15, 16], "rotation": 90, "texture": "#0"},
				"east": {"uv": [11.75, 14, 15, 16], "rotation": 90, "texture": "#0"},
				"south": {"uv": [11.75, 14, 15, 16], "texture": "#0"},
				"west": {"uv": [11.75, 14, 15, 16], "rotation": 90, "texture": "#0"},
				"up": {"uv": [11.75, 14, 15, 16], "texture": "#0"},
				"down": {"uv": [11.75, 14, 15, 16], "rotation": 90, "texture": "#0"}
			}
		},
		{
			"from": [5.73275, 7.92817, 2.18685],
			"to": [10.26227, 9.45907, 7.42957],
			"rotation": {"angle": 0, "axis": "y", "origin": [6.05351, 6.75337, 5.49756]},
			"faces": {
				"north": {"uv": [11.75, 14, 15, 16], "rotation": 90, "texture": "#0"},
				"east": {"uv": [11.75, 14, 15, 16], "rotation": 90, "texture": "#0"},
				"south": {"uv": [11.75, 14, 15, 16], "texture": "#0"},
				"west": {"uv": [11.75, 14, 15, 16], "rotation": 90, "texture": "#0"},
				"up": {"uv": [11.75, 14, 15, 16], "texture": "#0"},
				"down": {"uv": [11.75, 14, 15, 16], "rotation": 90, "texture": "#0"}
			}
		},
		{
			"from": [4.88225, 6.95617, 2.18685],
			"to": [11.11277, 8.00107, 7.3992],
			"rotation": {"angle": 0, "axis": "y", "origin": [6.05351, 5.78137, 5.49756]},
			"faces": {
				"north": {"uv": [11.75, 14, 15, 16], "rotation": 90, "texture": "#0"},
				"east": {"uv": [11.75, 14, 15, 16], "rotation": 90, "texture": "#0"},
				"south": {"uv": [11.75, 14, 15, 16], "texture": "#0"},
				"west": {"uv": [11.75, 14, 15, 16], "rotation": 90, "texture": "#0"},
				"up": {"uv": [11.75, 14, 15, 16], "rotation": 90, "texture": "#0"},
				"down": {"uv": [11.75, 14, 15, 16], "rotation": 90, "texture": "#0"}
			}
		},
		{
			"from": [8.75023, 9.77826, 5.67391],
			"to": [9.27523, 11.16576, 6.42391],
			"rotation": {"angle": -22.5, "axis": "x", "origin": [9.01273, 10.47201, 6.04891]},
			"faces": {
				"north": {"uv": [14, 0.5, 14.5, 0], "rotation": 90, "texture": "#0"},
				"east": {"uv": [14, 0.5, 14.5, 0], "rotation": 90, "texture": "#0"},
				"south": {"uv": [14, 0.5, 14.5, 0], "rotation": 90, "texture": "#0"},
				"west": {"uv": [14, 0.5, 14.5, 0], "rotation": 90, "texture": "#0"},
				"up": {"uv": [14, 0.5, 14.5, 0], "rotation": 90, "texture": "#0"},
				"down": {"uv": [14, 0.5, 14.5, 0], "rotation": 90, "texture": "#0"}
			}
		},
		{
			"from": [6.72555, 9.77826, 5.67391],
			"to": [7.25055, 11.16576, 6.42391],
			"rotation": {"angle": -22.5, "axis": "x", "origin": [6.98805, 10.47201, 6.04891]},
			"faces": {
				"north": {"uv": [14, 0, 14.5, 0.5], "rotation": 90, "texture": "#0"},
				"east": {"uv": [14, 0, 14.5, 0.5], "rotation": 90, "texture": "#0"},
				"south": {"uv": [14, 0, 14.5, 0.5], "rotation": 90, "texture": "#0"},
				"west": {"uv": [14, 0, 14.5, 0.5], "rotation": 90, "texture": "#0"},
				"up": {"uv": [14, 0, 14.5, 0.5], "rotation": 90, "texture": "#0"},
				"down": {"uv": [14, 0, 14.5, 0.5], "rotation": 90, "texture": "#0"}
			}
		},
		{
			"from": [8.75023, 9.77826, 3.12391],
			"to": [9.27523, 11.16576, 3.87391],
			"rotation": {"angle": -22.5, "axis": "x", "origin": [9.01273, 10.47201, 3.49891]},
			"faces": {
				"north": {"uv": [14, 0.5, 14.5, 0], "rotation": 90, "texture": "#0"},
				"east": {"uv": [14, 0.5, 14.5, 0], "rotation": 90, "texture": "#0"},
				"south": {"uv": [14, 0.5, 14.5, 0], "rotation": 90, "texture": "#0"},
				"west": {"uv": [14, 0.5, 14.5, 0], "rotation": 90, "texture": "#0"},
				"up": {"uv": [14, 0.5, 14.5, 0], "rotation": 90, "texture": "#0"},
				"down": {"uv": [14, 0.5, 14.5, 0], "rotation": 90, "texture": "#0"}
			}
		},
		{
			"from": [6.72555, 9.77826, 3.12391],
			"to": [7.25055, 11.16576, 3.87391],
			"rotation": {"angle": -22.5, "axis": "x", "origin": [6.98805, 10.47201, 3.49891]},
			"faces": {
				"north": {"uv": [14, 0, 14.5, 0.5], "rotation": 90, "texture": "#0"},
				"east": {"uv": [14, 0, 14.5, 0.5], "rotation": 90, "texture": "#0"},
				"south": {"uv": [14, 0, 14.5, 0.5], "rotation": 90, "texture": "#0"},
				"west": {"uv": [14, 0, 14.5, 0.5], "rotation": 90, "texture": "#0"},
				"up": {"uv": [14, 0, 14.5, 0.5], "rotation": 90, "texture": "#0"},
				"down": {"uv": [14, 0, 14.5, 0.5], "rotation": 90, "texture": "#0"}
			}
		},
		{
			"from": [5.2373, 5.89376, 7.09177],
			"to": [10.78917, 7.98761, 12.62347],
			"rotation": {"angle": 0, "axis": "y", "origin": [8.00002, 8.40131, 12.44697]},
			"faces": {
				"north": {"uv": [0.25, 0.75, 1.75, 2.75], "texture": "#0"},
				"east": {"uv": [0.25, 0.75, 1.75, 2.75], "texture": "#0"},
				"south": {"uv": [0.25, 0.75, 1.75, 2.75], "texture": "#0"},
				"west": {"uv": [0.25, 0.75, 1.75, 2.75], "texture": "#0"},
				"up": {"uv": [0.25, 0.75, 1.75, 2.75], "texture": "#0"},
				"down": {"uv": [0.25, 0.75, 1.75, 2.75], "texture": "#0"}
			}
		},
		{
			"from": [5.8718, 5.13236, 7.09177],
			"to": [10.15467, 5.95721, 12.54847],
			"rotation": {"angle": 0, "axis": "y", "origin": [8.00002, 7.63991, 12.44697]},
			"faces": {
				"north": {"uv": [5.25, 14, 5.5, 16], "rotation": 270, "texture": "#0"},
				"east": {"uv": [5.25, 14, 5.5, 16], "rotation": 270, "texture": "#0"},
				"south": {"uv": [5.25, 14, 5.5, 16], "rotation": 270, "texture": "#0"},
				"west": {"uv": [5.25, 14, 5.5, 16], "rotation": 270, "texture": "#0"},
				"up": {"uv": [5.25, 14, 5.5, 16], "rotation": 270, "texture": "#0"},
				"down": {"uv": [2.5, 14, 5.5, 16], "rotation": 270, "texture": "#0"}
			}
		},
		{
			"from": [5.77662, 7.98761, 7.09177],
			"to": [10.21812, 9.25661, 12.54847],
			"rotation": {"angle": 0, "axis": "y", "origin": [8.00002, 8.40131, 12.44697]},
			"color": 0,
			"faces": {
				"north": {"uv": [0, 0, 1.75, 0.5], "texture": "#missing"},
				"east": {"uv": [0, 0, 2.15, 0.5], "texture": "#missing"},
				"south": {"uv": [0, 0, 1.75, 0.5], "texture": "#missing"},
				"west": {"uv": [0, 0, 2.15, 0.5], "texture": "#missing"},
				"up": {"uv": [0, 0, 1.75, 2.15], "texture": "#missing"},
				"down": {"uv": [0, 0, 1.75, 2.15], "texture": "#missing"}
			}
		},
		{
			"from": [6.4898, 9.223, 7.23914],
			"to": [7.49485, 10.31688, 12.56894],
			"rotation": {"angle": 0, "axis": "y", "origin": [8.00002, 8.40131, 12.57387]},
			"faces": {
				"north": {"uv": [14, 0, 14.5, 0.5], "rotation": 90, "texture": "#0"},
				"east": {"uv": [14, 0, 14.5, 4.25], "rotation": 90, "texture": "#0"},
				"south": {"uv": [14, 0, 14.5, 0.5], "rotation": 90, "texture": "#0"},
				"west": {"uv": [14, 0, 14.5, 4.25], "rotation": 90, "texture": "#0"},
				"up": {"uv": [14, 0, 14.5, 4.25], "texture": "#0"},
				"down": {"uv": [14, 0, 14.5, 4.25], "rotation": 180, "texture": "#0"}
			}
		},
		{
			"from": [8.4999, 9.223, 7.23914],
			"to": [9.50495, 10.31688, 12.56894],
			"rotation": {"angle": 0, "axis": "y", "origin": [8.00002, 8.40131, 12.57387]},
			"faces": {
				"north": {"uv": [14, 0, 14.5, 0.5], "rotation": 90, "texture": "#0"},
				"east": {"uv": [14, 0, 14.5, 4.25], "rotation": 90, "texture": "#0"},
				"south": {"uv": [14, 0, 14.5, 0.5], "rotation": 90, "texture": "#0"},
				"west": {"uv": [14, 0, 14.5, 4.25], "rotation": 90, "texture": "#0"},
				"up": {"uv": [14, 0, 14.5, 4.25], "texture": "#0"},
				"down": {"uv": [14, 0, 14.5, 4.25], "rotation": 180, "texture": "#0"}
			}
		},
		{
			"from": [4.8401, 8.01776, 7.2744],
			"to": [5.84515, 8.73094, 12.57248],
			"rotation": {"angle": 0, "axis": "y", "origin": [8.00002, 8.40131, 12.57387]},
			"faces": {
				"north": {"uv": [14, 0, 14.5, 0.5], "rotation": 90, "texture": "#0"},
				"east": {"uv": [14, 0, 14.5, 4.25], "rotation": 90, "texture": "#0"},
				"south": {"uv": [14, 0, 14.5, 0.5], "rotation": 90, "texture": "#0"},
				"west": {"uv": [14, 0, 14.5, 4.25], "rotation": 90, "texture": "#0"},
				"up": {"uv": [14, 0, 14.5, 4.25], "texture": "#0"},
				"down": {"uv": [14, 0, 14.5, 4.25], "rotation": 180, "texture": "#0"}
			}
		},
		{
			"from": [4.84327, 6.36806, 7.2744],
			"to": [5.84832, 7.08124, 12.57248],
			"rotation": {"angle": 0, "axis": "y", "origin": [8.00319, 6.75161, 12.57387]},
			"faces": {
				"north": {"uv": [14, 0, 14.5, 0.5], "rotation": 90, "texture": "#0"},
				"east": {"uv": [14, 0, 14.5, 4.25], "rotation": 90, "texture": "#0"},
				"south": {"uv": [14, 0, 14.5, 0.5], "rotation": 90, "texture": "#0"},
				"west": {"uv": [14, 0, 14.5, 4.25], "rotation": 90, "texture": "#0"},
				"up": {"uv": [14, 0, 14.5, 4.25], "texture": "#0"},
				"down": {"uv": [14, 0, 14.5, 4.25], "rotation": 180, "texture": "#0"}
			}
		},
		{
			"from": [10.15277, 6.36806, 7.2744],
			"to": [11.15782, 7.08124, 12.57248],
			"rotation": {"angle": 0, "axis": "y", "origin": [7.9979, 6.75161, 12.57387]},
			"faces": {
				"north": {"uv": [14, 0, 14.5, 0.5], "rotation": 90, "texture": "#0"},
				"east": {"uv": [14, 0, 14.5, 4.25], "rotation": 90, "texture": "#0"},
				"south": {"uv": [14, 0, 14.5, 0.5], "rotation": 90, "texture": "#0"},
				"west": {"uv": [14, 0, 14.5, 4.25], "rotation": 90, "texture": "#0"},
				"up": {"uv": [14, 0, 14.5, 4.25], "texture": "#0"},
				"down": {"uv": [14, 0, 14.5, 4.25], "rotation": 180, "texture": "#0"}
			}
		},
		{
			"from": [10.1496, 8.01776, 7.2744],
			"to": [11.15465, 8.73094, 12.57248],
			"rotation": {"angle": 0, "axis": "y", "origin": [8.00002, 8.40131, 12.57387]},
			"faces": {
				"north": {"uv": [14, 0, 14.5, 0.5], "rotation": 90, "texture": "#0"},
				"east": {"uv": [14, 0, 14.5, 4.25], "rotation": 90, "texture": "#0"},
				"south": {"uv": [14, 0, 14.5, 0.5], "rotation": 90, "texture": "#0"},
				"west": {"uv": [14, 0, 14.5, 4.25], "rotation": 90, "texture": "#0"},
				"up": {"uv": [14, 0, 14.5, 4.25], "texture": "#0"},
				"down": {"uv": [14, 0, 14.5, 4.25], "rotation": 180, "texture": "#0"}
			}
		},
		{
			"from": [3.92556, 6.49496, 7.58227],
			"to": [4.74025, 7.20814, 9.07335],
			"rotation": {"angle": -22.5, "axis": "y", "origin": [4.5867, 6.85155, 9.08921]},
			"faces": {
				"north": {"uv": [12, 5, 13.75, 7.25], "rotation": 180, "texture": "#0"},
				"east": {"uv": [12, 5, 13.75, 7.25], "rotation": 180, "texture": "#0"},
				"south": {"uv": [12, 5, 13.75, 7.25], "rotation": 180, "texture": "#0"},
				"west": {"uv": [12, 5, 13.75, 7.25], "rotation": 180, "texture": "#0"},
				"up": {"uv": [12, 5, 13.75, 7.25], "rotation": 180, "texture": "#0"},
				"down": {"uv": [12, 5, 13.75, 7.25], "rotation": 180, "texture": "#0"}
			}
		},
		{
			"from": [3.92556, 6.49496, 9.23197],
			"to": [4.74025, 7.20814, 10.72305],
			"rotation": {"angle": -22.5, "axis": "y", "origin": [4.5867, 6.85155, 10.73891]},
			"faces": {
				"north": {"uv": [12, 5, 13.75, 7.25], "rotation": 180, "texture": "#0"},
				"east": {"uv": [12, 5, 13.75, 7.25], "rotation": 180, "texture": "#0"},
				"south": {"uv": [12, 5, 13.75, 7.25], "rotation": 180, "texture": "#0"},
				"west": {"uv": [12, 5, 13.75, 7.25], "rotation": 180, "texture": "#0"},
				"up": {"uv": [12, 5, 13.75, 7.25], "rotation": 180, "texture": "#0"},
				"down": {"uv": [12, 5, 13.75, 7.25], "rotation": 180, "texture": "#0"}
			}
		},
		{
			"from": [3.92556, 6.49496, 10.88167],
			"to": [4.74025, 7.20814, 12.37275],
			"rotation": {"angle": -22.5, "axis": "y", "origin": [4.5867, 6.85155, 12.38861]},
			"faces": {
				"north": {"uv": [12, 5, 13.75, 7.25], "rotation": 180, "texture": "#0"},
				"east": {"uv": [12, 5, 13.75, 7.25], "rotation": 180, "texture": "#0"},
				"south": {"uv": [12, 5, 13.75, 7.25], "rotation": 180, "texture": "#0"},
				"west": {"uv": [12, 5, 13.75, 7.25], "rotation": 180, "texture": "#0"},
				"up": {"uv": [12, 5, 13.75, 7.25], "rotation": 180, "texture": "#0"},
				"down": {"uv": [12, 5, 13.75, 7.25], "rotation": 180, "texture": "#0"}
			}
		},
		{
			"from": [11.26084, 6.49496, 7.58227],
			"to": [12.07554, 7.20814, 9.07335],
			"rotation": {"angle": 22.5, "axis": "y", "origin": [11.41439, 6.85155, 9.08921]},
			"faces": {
				"north": {"uv": [12, 5, 13.75, 7.25], "rotation": 180, "texture": "#0"},
				"east": {"uv": [12, 5, 13.75, 7.25], "rotation": 180, "texture": "#0"},
				"south": {"uv": [12, 5, 13.75, 7.25], "rotation": 180, "texture": "#0"},
				"west": {"uv": [12, 5, 13.75, 7.25], "rotation": 180, "texture": "#0"},
				"up": {"uv": [12, 5, 13.75, 7.25], "rotation": 180, "texture": "#0"},
				"down": {"uv": [12, 5, 13.75, 7.25], "rotation": 180, "texture": "#0"}
			}
		},
		{
			"from": [11.26084, 6.49496, 9.23197],
			"to": [12.07554, 7.20814, 10.72305],
			"rotation": {"angle": 22.5, "axis": "y", "origin": [11.41439, 6.85155, 10.73891]},
			"faces": {
				"north": {"uv": [12, 5, 13.75, 7.25], "rotation": 180, "texture": "#0"},
				"east": {"uv": [12, 5, 13.75, 7.25], "rotation": 180, "texture": "#0"},
				"south": {"uv": [12, 5, 13.75, 7.25], "rotation": 180, "texture": "#0"},
				"west": {"uv": [12, 5, 13.75, 7.25], "rotation": 180, "texture": "#0"},
				"up": {"uv": [12, 5, 13.75, 7.25], "rotation": 180, "texture": "#0"},
				"down": {"uv": [12, 5, 13.75, 7.25], "rotation": 180, "texture": "#0"}
			}
		},
		{
			"from": [11.26084, 6.49496, 10.88167],
			"to": [12.07554, 7.20814, 12.37275],
			"rotation": {"angle": 22.5, "axis": "y", "origin": [11.41439, 6.85155, 12.38861]},
			"faces": {
				"north": {"uv": [12, 5, 13.75, 7.25], "rotation": 180, "texture": "#0"},
				"east": {"uv": [12, 5, 13.75, 7.25], "rotation": 180, "texture": "#0"},
				"south": {"uv": [12, 5, 13.75, 7.25], "rotation": 180, "texture": "#0"},
				"west": {"uv": [12, 5, 13.75, 7.25], "rotation": 180, "texture": "#0"},
				"up": {"uv": [12, 5, 13.75, 7.25], "rotation": 180, "texture": "#0"},
				"down": {"uv": [12, 5, 13.75, 7.25], "rotation": 180, "texture": "#0"}
			}
		},
		{
			"from": [7.40856, 8.32224, 7.17046],
			"to": [8.58619, 9.92118, 12.62119],
			"rotation": {"angle": 0, "axis": "y", "origin": [7.99737, 7.09523, 10.62832]},
			"faces": {
				"north": {"uv": [11.75, 14, 15, 16], "rotation": 90, "texture": "#0"},
				"east": {"uv": [11.75, 14, 15, 16], "rotation": 90, "texture": "#0"},
				"south": {"uv": [11.75, 14, 15, 16], "texture": "#0"},
				"west": {"uv": [11.75, 14, 15, 16], "rotation": 90, "texture": "#0"},
				"up": {"uv": [11.75, 14, 15, 16], "texture": "#0"},
				"down": {"uv": [11.75, 14, 15, 16], "rotation": 90, "texture": "#0"}
			}
		},
		{
			"from": [5.63196, 7.94154, 7.17046],
			"to": [10.36279, 9.54048, 12.64619],
			"rotation": {"angle": 0, "axis": "y", "origin": [5.96697, 6.71453, 10.62832]},
			"faces": {
				"north": {"uv": [11.75, 14, 15, 16], "rotation": 90, "texture": "#0"},
				"east": {"uv": [11.75, 14, 15, 16], "rotation": 90, "texture": "#0"},
				"south": {"uv": [11.75, 14, 15, 16], "texture": "#0"},
				"west": {"uv": [11.75, 14, 15, 16], "rotation": 90, "texture": "#0"},
				"up": {"uv": [11.75, 14, 15, 16], "texture": "#0"},
				"down": {"uv": [11.75, 14, 15, 16], "rotation": 90, "texture": "#0"}
			}
		},
		{
			"from": [4.74366, 6.92634, 7.17046],
			"to": [11.25109, 8.01768, 12.61447],
			"rotation": {"angle": 0, "axis": "y", "origin": [5.96697, 5.69933, 10.62832]},
			"faces": {
				"north": {"uv": [11.75, 14, 15, 16], "rotation": 90, "texture": "#0"},
				"east": {"uv": [11.75, 14, 15, 16], "rotation": 90, "texture": "#0"},
				"south": {"uv": [11.75, 14, 15, 16], "texture": "#0"},
				"west": {"uv": [11.75, 14, 15, 16], "rotation": 90, "texture": "#0"},
				"up": {"uv": [11.75, 14, 15, 16], "rotation": 90, "texture": "#0"},
				"down": {"uv": [11.75, 14, 15, 16], "rotation": 90, "texture": "#0"}
			}
		},
		{
			"from": [6.72555, 9.92826, 10.62391],
			"to": [7.25055, 11.31576, 11.37391],
			"rotation": {"angle": -22.5, "axis": "x", "origin": [6.98805, 10.62201, 10.99891]},
			"faces": {
				"north": {"uv": [14, 0, 14.5, 0.5], "rotation": 90, "texture": "#0"},
				"east": {"uv": [14, 0, 14.5, 0.5], "rotation": 90, "texture": "#0"},
				"south": {"uv": [14, 0, 14.5, 0.5], "rotation": 90, "texture": "#0"},
				"west": {"uv": [14, 0, 14.5, 0.5], "rotation": 90, "texture": "#0"},
				"up": {"uv": [14, 0, 14.5, 0.5], "rotation": 90, "texture": "#0"},
				"down": {"uv": [14, 0, 14.5, 0.5], "rotation": 90, "texture": "#0"}
			}
		},
		{
			"from": [8.75023, 9.92826, 10.62391],
			"to": [9.27523, 11.31576, 11.37391],
			"rotation": {"angle": -22.5, "axis": "x", "origin": [9.01273, 10.62201, 10.99891]},
			"faces": {
				"north": {"uv": [14, 0.5, 14.5, 0], "rotation": 90, "texture": "#0"},
				"east": {"uv": [14, 0.5, 14.5, 0], "rotation": 90, "texture": "#0"},
				"south": {"uv": [14, 0.5, 14.5, 0], "rotation": 90, "texture": "#0"},
				"west": {"uv": [14, 0.5, 14.5, 0], "rotation": 90, "texture": "#0"},
				"up": {"uv": [14, 0.5, 14.5, 0], "rotation": 90, "texture": "#0"},
				"down": {"uv": [14, 0.5, 14.5, 0], "rotation": 90, "texture": "#0"}
			}
		},
		{
			"from": [6.72555, 9.92826, 8.07391],
			"to": [7.25055, 11.31576, 8.82391],
			"rotation": {"angle": -22.5, "axis": "x", "origin": [6.98805, 10.62201, 8.44891]},
			"faces": {
				"north": {"uv": [14, 0, 14.5, 0.5], "rotation": 90, "texture": "#0"},
				"east": {"uv": [14, 0, 14.5, 0.5], "rotation": 90, "texture": "#0"},
				"south": {"uv": [14, 0, 14.5, 0.5], "rotation": 90, "texture": "#0"},
				"west": {"uv": [14, 0, 14.5, 0.5], "rotation": 90, "texture": "#0"},
				"up": {"uv": [14, 0, 14.5, 0.5], "rotation": 90, "texture": "#0"},
				"down": {"uv": [14, 0, 14.5, 0.5], "rotation": 90, "texture": "#0"}
			}
		},
		{
			"from": [8.75023, 9.92826, 8.07391],
			"to": [9.27523, 11.31576, 8.82391],
			"rotation": {"angle": -22.5, "axis": "x", "origin": [9.01273, 10.62201, 8.44891]},
			"faces": {
				"north": {"uv": [14, 0.5, 14.5, 0], "rotation": 90, "texture": "#0"},
				"east": {"uv": [14, 0.5, 14.5, 0], "rotation": 90, "texture": "#0"},
				"south": {"uv": [14, 0.5, 14.5, 0], "rotation": 90, "texture": "#0"},
				"west": {"uv": [14, 0.5, 14.5, 0], "rotation": 90, "texture": "#0"},
				"up": {"uv": [14, 0.5, 14.5, 0], "rotation": 90, "texture": "#0"},
				"down": {"uv": [14, 0.5, 14.5, 0], "rotation": 90, "texture": "#0"}
			}
		},
		{
			"from": [6.24366, 6.17634, 12.61447],
			"to": [9.75109, 8.76768, 12.68947],
			"rotation": {"angle": 0, "axis": "y", "origin": [5.96697, 5.69933, 10.62832]},
			"faces": {
				"north": {"uv": [8.5, 14, 11.75, 16], "rotation": 90, "texture": "#0"},
				"east": {"uv": [8.5, 14, 10, 16], "rotation": 90, "texture": "#0"},
				"south": {"uv": [14, 4.25, 16, 6.25], "texture": "#0"},
				"west": {"uv": [10.25, 14, 11.75, 16], "rotation": 90, "texture": "#0"},
				"up": {"uv": [8.5, 14, 11.75, 16], "rotation": 90, "texture": "#0"},
				"down": {"uv": [8.5, 14, 11.75, 16], "rotation": 90, "texture": "#0"}
			}
		}
	],
	"display": {
		"head": {
			"translation": [0, -4, 19.5],
			"scale": [4, 4, 4]
		}
	},
	"groups": [
		{
			"name": "root_normal",
			"origin": [8, 8, 8],
			"color": 0,
			"children": []
		},
		{
			"name": "root_thunder",
			"origin": [8, 8, 8],
			"color": 0,
			"children": [
				{
					"name": "tail",
					"origin": [8, 8, 8],
					"color": 0,
					"children": [
						{
							"name": "1",
							"origin": [8, 8, 8],
							"color": 0,
							"children": [
								{
									"name": "0",
									"origin": [8, 8, 8],
									"color": 0,
									"children": [
										0,
										1,
										2,
										{
											"name": "group",
											"origin": [8, 8, 8],
											"color": 0,
											"children": [
												3,
												4,
												5,
												6,
												7,
												8,
												{
													"name": "group",
													"origin": [8, 8, 8],
													"color": 0,
													"children": [9, 10, 11, 12, 13, 14]
												}
											]
										},
										15,
										16,
										17,
										18,
										19,
										20,
										21
									]
								},
								{
									"name": "1",
									"origin": [8, 8, 8],
									"color": 0,
									"children": [
										22,
										23,
										24,
										{
											"name": "group",
											"origin": [8, 8, 8],
											"color": 0,
											"children": [
												25,
												26,
												27,
												28,
												29,
												30,
												{
													"name": "group",
													"origin": [8, 8, 8],
													"color": 0,
													"children": [31, 32, 33, 34, 35, 36]
												}
											]
										},
										37,
										38,
										39,
										40,
										41,
										42,
										43
									]
								}
							]
						}
					]
				}
			]
		},
		44
	]
}