{
	"credit": "Made with Blockbench",
	"texture_size": [32, 32],
	"textures": {
		"2": "brachy/raging_phase2",
		"particle": "head"
	},
	"elements": [
		{
			"from": [2.39497, 1.98876, -3.5381],
			"to": [13.61738, 8.20236, 0.40824],
			"rotation": {"angle": 0, "axis": "y", "origin": [11.26067, 7.59191, 4.10793]},
			"faces": {
				"north": {"uv": [4, 6.75, 6.25, 8.75], "rotation": 90, "texture": "#2"},
				"east": {"uv": [4, 6.75, 6.25, 8.75], "rotation": 90, "texture": "#2"},
				"south": {"uv": [4, 6.75, 6.25, 8.75], "rotation": 90, "texture": "#2"},
				"west": {"uv": [4, 6.75, 6.25, 8.75], "rotation": 90, "texture": "#2"},
				"up": {"uv": [4, 6.75, 6.25, 8.75], "rotation": 90, "texture": "#2"},
				"down": {"uv": [4, 6.75, 6.25, 8.75], "rotation": 90, "texture": "#2"}
			}
		},
		{
			"from": [3.03625, -1.57905, -3.5381],
			"to": [12.9761, 2.05659, 1.27965],
			"rotation": {"angle": 0, "axis": "y", "origin": [11.26067, 0.80914, 4.10793]},
			"faces": {
				"north": {"uv": [13.25, 0, 16, 1.5], "texture": "#2"},
				"east": {"uv": [13.25, 0, 16, 1.5], "texture": "#2"},
				"south": {"uv": [13.25, 0, 16, 1.5], "texture": "#2"},
				"west": {"uv": [13.25, 0, 16, 1.5], "texture": "#2"},
				"up": {"uv": [13.25, 0, 16, 1.5], "texture": "#2"},
				"down": {"uv": [13.25, 0, 16, 1.5], "texture": "#2"}
			}
		},
		{
			"from": [2.71561, -3.0466, 1.02485],
			"to": [13.29674, -0.09917, 5.46449],
			"rotation": {"angle": 0, "axis": "y", "origin": [11.26067, -0.0048, 8.67089]},
			"faces": {
				"north": {"uv": [13.25, 0, 16, 1.5], "texture": "#2"},
				"east": {"uv": [13.25, 0, 16, 1.5], "texture": "#2"},
				"south": {"uv": [13.25, 0, 16, 1.5], "texture": "#2"},
				"west": {"uv": [13.25, 0, 16, 1.5], "texture": "#2"},
				"up": {"uv": [13.25, 0, 16, 1.5], "texture": "#2"},
				"down": {"uv": [13.25, 0, 16, 1.5], "texture": "#2"}
			}
		},
		{
			"from": [2.07433, -0.09917, -0.45502],
			"to": [13.93802, 13.45593, 5.46449],
			"rotation": {"angle": 0, "axis": "y", "origin": [11.26067, 9.7624, 7.19101]},
			"faces": {
				"north": {"uv": [4, 6.75, 6.25, 8.75], "texture": "#2"},
				"east": {"uv": [4, 6.75, 6.25, 8.75], "texture": "#2"},
				"south": {"uv": [4, 6.75, 6.25, 8.75], "texture": "#2"},
				"west": {"uv": [4, 6.75, 6.25, 8.75], "texture": "#2"},
				"up": {"uv": [4, 6.75, 6.25, 8.75], "texture": "#2"},
				"down": {"uv": [4, 6.75, 6.25, 8.75], "texture": "#2"}
			}
		},
		{
			"from": [5.08097, 13.48676, 0.10554],
			"to": [10.83965, 15.92239, 6.02505],
			"rotation": {"angle": 0, "axis": "y", "origin": [11.26067, 9.7624, 7.19101]},
			"faces": {
				"north": {"uv": [4, 6.75, 6.25, 8.75], "texture": "#2"},
				"east": {"uv": [4, 6.75, 6.25, 8.75], "texture": "#2"},
				"south": {"uv": [4, 6.75, 6.25, 8.75], "texture": "#2"},
				"west": {"uv": [4, 6.75, 6.25, 8.75], "texture": "#2"},
				"up": {"uv": [4, 6.75, 6.25, 8.75], "texture": "#2"},
				"down": {"uv": [4, 6.75, 6.25, 8.75], "texture": "#2"}
			}
		},
		{
			"from": [5.61859, 10.40368, -3.25782],
			"to": [10.49312, 14.81249, 0.41945],
			"rotation": {"angle": 0, "axis": "y", "origin": [11.26067, 9.7624, 7.19101]},
			"faces": {
				"north": {"uv": [4, 6.75, 6.25, 8.75], "texture": "#2"},
				"east": {"uv": [4, 6.75, 6.25, 8.75], "texture": "#2"},
				"south": {"uv": [4, 6.75, 6.25, 8.75], "texture": "#2"},
				"west": {"uv": [4, 6.75, 6.25, 8.75], "texture": "#2"},
				"up": {"uv": [4, 6.75, 6.25, 8.75], "texture": "#2"},
				"down": {"uv": [4, 6.75, 6.25, 8.75], "texture": "#2"}
			}
		},
		{
			"from": [0.47112, 2.57266, -1.07164],
			"to": [15.54122, 8.33802, 5.46449],
			"rotation": {"angle": 0, "axis": "y", "origin": [11.26067, 9.7624, 7.19101]},
			"faces": {
				"north": {"uv": [4, 6.75, 6.25, 8.75], "texture": "#2"},
				"east": {"uv": [4, 6.75, 6.25, 8.75], "texture": "#2"},
				"south": {"uv": [4, 6.75, 6.25, 8.75], "texture": "#2"},
				"west": {"uv": [4, 6.75, 6.25, 8.75], "texture": "#2"},
				"up": {"uv": [4, 6.75, 6.25, 8.75], "texture": "#2"},
				"down": {"uv": [4, 6.75, 6.25, 8.75], "texture": "#2"}
			}
		},
		{
			"from": [3.67753, 8.13453, -3.5381],
			"to": [12.33482, 11.95139, 0.69973],
			"rotation": {"angle": 0, "axis": "y", "origin": [11.26067, 10.30502, 4.10793]},
			"faces": {
				"north": {"uv": [4, 6.75, 6.25, 8.75], "texture": "#2"},
				"east": {"uv": [4, 6.75, 6.25, 8.75], "texture": "#2"},
				"south": {"uv": [4, 6.75, 6.25, 8.75], "texture": "#2"},
				"west": {"uv": [4, 6.75, 6.25, 8.75], "texture": "#2"},
				"up": {"uv": [4, 6.75, 6.25, 8.75], "texture": "#2"},
				"down": {"uv": [4, 6.75, 6.25, 8.75], "texture": "#2"}
			}
		},
		{
			"from": [0.51922, 4.32693, -0.42419],
			"to": [15.47496, 11.51667, 4.25648],
			"rotation": {"angle": 0, "axis": "y", "origin": [7.99709, 5.45534, 2.19643]},
			"faces": {
				"north": {"uv": [5.75, 6.5, 7, 7.5], "texture": "#2"},
				"east": {"uv": [5.75, 6.5, 7, 7.5], "texture": "#2"},
				"south": {"uv": [5.75, 6.5, 7, 7.5], "texture": "#2"},
				"west": {"uv": [5.75, 6.5, 7, 7.5], "texture": "#2"},
				"up": {"uv": [5.75, 6.5, 7, 7.5], "texture": "#2"},
				"down": {"uv": [5.75, 6.5, 7, 7.5], "texture": "#2"}
			}
		},
		{
			"from": [1.30401, 7.41001, 0.13637],
			"to": [3.92743, 13.36652, 4.25648],
			"rotation": {"angle": 22.5, "axis": "x", "origin": [7.99709, 7.9218, 3.03727]},
			"faces": {
				"north": {"uv": [5.75, 6.5, 7, 7.5], "texture": "#2"},
				"east": {"uv": [5.75, 6.5, 7, 7.5], "texture": "#2"},
				"south": {"uv": [5.75, 6.5, 7, 7.5], "texture": "#2"},
				"west": {"uv": [5.75, 6.5, 7, 7.5], "texture": "#2"},
				"up": {"uv": [5.75, 6.5, 7, 7.5], "texture": "#2"},
				"down": {"uv": [5.75, 6.5, 7, 7.5], "texture": "#2"}
			}
		},
		{
			"from": [1.52823, 10.35803, 3.67755],
			"to": [3.7032, 13.90357, 6.96243],
			"rotation": {"angle": -22.5, "axis": "x", "origin": [2.50361, 11.57584, 3.80648]},
			"faces": {
				"north": {"uv": [5.75, 6.5, 7, 7.5], "texture": "#2"},
				"east": {"uv": [1.5, 11.75, 2.5, 13], "rotation": 90, "texture": "#2"},
				"south": {"uv": [2.25, 13, 3.5, 14], "texture": "#2"},
				"west": {"uv": [2.75, 11.75, 3.75, 13], "rotation": 270, "texture": "#2"},
				"up": {"uv": [2.75, 12, 4, 13], "texture": "#2"},
				"down": {"uv": [1.5, 12, 2.75, 13], "rotation": 180, "texture": "#2"}
			}
		},
		{
			"from": [12.29149, 10.35803, 3.67755],
			"to": [14.46646, 13.90357, 6.96243],
			"rotation": {"angle": -22.5, "axis": "x", "origin": [13.49109, 11.57584, 3.80648]},
			"faces": {
				"north": {"uv": [7, 6.5, 5.75, 7.5], "texture": "#2"},
				"east": {"uv": [2.75, 13, 3.75, 11.75], "rotation": 270, "texture": "#2"},
				"south": {"uv": [3.5, 13, 2.25, 14], "texture": "#2"},
				"west": {"uv": [1.5, 13, 2.5, 11.75], "rotation": 90, "texture": "#2"},
				"up": {"uv": [4, 12, 2.75, 13], "texture": "#2"},
				"down": {"uv": [2.75, 12, 1.5, 13], "rotation": 180, "texture": "#2"}
			}
		},
		{
			"from": [12.06676, 7.41001, 0.13637],
			"to": [14.69018, 13.36652, 4.25648],
			"rotation": {"angle": 22.5, "axis": "x", "origin": [7.99709, 7.9218, 3.03727]},
			"faces": {
				"north": {"uv": [7, 6.5, 5.75, 7.5], "texture": "#2"},
				"east": {"uv": [7, 6.5, 5.75, 7.5], "texture": "#2"},
				"south": {"uv": [7, 6.5, 5.75, 7.5], "texture": "#2"},
				"west": {"uv": [7, 6.5, 5.75, 7.5], "texture": "#2"},
				"up": {"uv": [7, 6.5, 5.75, 7.5], "texture": "#2"},
				"down": {"uv": [7, 6.5, 5.75, 7.5], "texture": "#2"}
			}
		},
		{
			"from": [-0.04134, 1.86047, -2.66643],
			"to": [16.03552, 9.05021, 2.5748],
			"rotation": {"angle": 22.5, "axis": "x", "origin": [7.99709, 5.45534, 2.19643]},
			"faces": {
				"north": {"uv": [5.75, 6.5, 7, 7.5], "texture": "#2"},
				"east": {"uv": [5.75, 6.5, 7, 7.5], "texture": "#2"},
				"south": {"uv": [5.75, 6.5, 7, 7.5], "texture": "#2"},
				"west": {"uv": [5.75, 6.5, 7, 7.5], "texture": "#2"},
				"up": {"uv": [5.75, 6.5, 7, 7.5], "texture": "#2"},
				"down": {"uv": [5.75, 6.5, 7, 7.5], "texture": "#2"}
			}
		}
	],
	"display": {
		"head": {
			"translation": [0, 0, 18.5],
			"scale": [4, 4, 4]
		}
	},
	"groups": [
		{
			"name": "root_raging_2",
			"origin": [8, 8, 8],
			"color": 0,
			"children": [
				{
					"name": "body",
					"origin": [8, 8, 8],
					"color": 0,
					"children": [
						{
							"name": "0",
							"origin": [8, 8, 8],
							"color": 0,
							"children": [
								0,
								1,
								2,
								3,
								4,
								5,
								6,
								7,
								{
									"name": "group",
									"origin": [8, 16.69696, -0.69798],
									"color": 0,
									"children": [8, 9, 10, 11, 12, 13]
								}
							]
						}
					]
				}
			]
		}
	]
}