{
	"credit": "Made with Blockbench",
	"texture_size": [32, 32],
	"textures": {
		"2": "brachy/raging_phase2",
		"particle": "head"
	},
	"elements": [
		{
			"from": [5.28688, 2.13949, 1.0572],
			"to": [10.7131, 3.82117, 12.00341],
			"rotation": {"angle": 0, "axis": "y", "origin": [10.22317, 11.57015, -44.44825]},
			"faces": {
				"north": {"uv": [13.25, 0, 16, 1.5], "texture": "#2"},
				"east": {"uv": [13.25, 0, 16, 1.5], "texture": "#2"},
				"south": {"uv": [13.25, 0, 16, 1.5], "texture": "#2"},
				"west": {"uv": [13.25, 0, 16, 1.5], "texture": "#2"},
				"up": {"uv": [13.25, 0, 16, 1.5], "texture": "#2"},
				"down": {"uv": [13.25, 0, 16, 1.5], "texture": "#2"}
			}
		},
		{
			"from": [3.6052, 3.82117, 1.0572],
			"to": [12.39478, 11.12119, 12.00341],
			"rotation": {"angle": 0, "axis": "y", "origin": [10.22317, 11.57015, -44.44825]},
			"faces": {
				"north": {"uv": [4.25, 6.5, 6, 8.5], "texture": "#2"},
				"east": {"uv": [4.25, 6.5, 6, 8.5], "texture": "#2"},
				"south": {"uv": [4.25, 6.5, 6, 8.5], "texture": "#2"},
				"west": {"uv": [4.25, 6.5, 6, 8.5], "texture": "#2"},
				"up": {"uv": [4.25, 6.5, 6, 8.5], "texture": "#2"},
				"down": {"uv": [4.25, 6.5, 6, 8.5], "texture": "#2"}
			}
		},
		{
			"from": [5.28688, 11.12119, 1.0572],
			"to": [10.7131, 14.00043, 12.00341],
			"rotation": {"angle": 0, "axis": "y", "origin": [10.22317, 11.57015, -44.44825]},
			"faces": {
				"north": {"uv": [4.25, 6.5, 6, 8.5], "texture": "#2"},
				"east": {"uv": [4.25, 6.5, 6, 8.5], "texture": "#2"},
				"south": {"uv": [4.25, 6.5, 6, 8.5], "texture": "#2"},
				"west": {"uv": [4.25, 6.5, 6, 8.5], "texture": "#2"},
				"up": {"uv": [4.25, 6.5, 6, 8.5], "texture": "#2"},
				"down": {"uv": [4.25, 6.5, 6, 8.5], "texture": "#2"}
			}
		}
	],
	"display": {
		"head": {
			"translation": [0, -6.75, 21],
			"scale": [4, 4, 4]
		}
	},
	"groups": [
		{
			"name": "root_raging_2",
			"origin": [8, 8, 8],
			"color": 0,
			"children": [
				{
					"name": "tail",
					"origin": [8, 8, 8],
					"color": 0,
					"children": [
						{
							"name": "0",
							"origin": [8, 8, 8],
							"color": 0,
							"children": [0, 1, 2]
						}
					]
				}
			]
		}
	]
}