{
	"credit": "Made with Blockbench",
	"texture_size": [32, 32],
	"textures": {
		"2": "brachy/raging_phase2",
		"particle": "head"
	},
	"elements": [
		{
			"from": [6.28037, 4.7569, 8.31208],
			"to": [10.99963, 9.97452, 18.48409],
			"rotation": {"angle": 0, "axis": "y", "origin": [8.32519, 13.40039, 12.79753]},
			"faces": {
				"north": {"uv": [8.5, 8.75, 11.5, 9.75], "rotation": 180, "texture": "#2"},
				"east": {"uv": [8.5, 8.75, 11.5, 9.75], "rotation": 180, "texture": "#2"},
				"south": {"uv": [8.5, 8.75, 11.5, 9.75], "rotation": 180, "texture": "#2"},
				"west": {"uv": [8.5, 8.75, 11.5, 9.75], "rotation": 180, "texture": "#2"},
				"up": {"uv": [8.5, 8.75, 11.5, 9.75], "rotation": 180, "texture": "#2"},
				"down": {"uv": [8.5, 8.75, 11.5, 9.75], "rotation": 180, "texture": "#2"}
			}
		},
		{
			"from": [5.19919, 4.44694, 3.6398],
			"to": [12.36689, 11.18465, 12.35169],
			"rotation": {"angle": 0, "axis": "y", "origin": [8.37015, 13.9675, 13.52842]},
			"faces": {
				"north": {"uv": [8.5, 8.75, 11.5, 9.75], "rotation": 180, "texture": "#2"},
				"east": {"uv": [8.5, 8.75, 11.5, 9.75], "rotation": 180, "texture": "#2"},
				"south": {"uv": [8.5, 8.75, 11.5, 9.75], "rotation": 180, "texture": "#2"},
				"west": {"uv": [8.5, 8.75, 11.5, 9.75], "rotation": 180, "texture": "#2"},
				"up": {"uv": [8.5, 8.75, 11.5, 9.75], "rotation": 180, "texture": "#2"},
				"down": {"uv": [8.5, 8.75, 11.5, 9.75], "rotation": 180, "texture": "#2"}
			}
		},
		{
			"from": [5.59876, 3.4017, 0.31007],
			"to": [11.96732, 6.14374, 5.02629],
			"rotation": {"angle": 0, "axis": "y", "origin": [8.37015, 13.9675, 13.52842]},
			"faces": {
				"north": {"uv": [8.5, 8.75, 11.5, 9.75], "rotation": 180, "texture": "#2"},
				"east": {"uv": [8.5, 8.75, 11.5, 9.75], "rotation": 180, "texture": "#2"},
				"south": {"uv": [8.5, 8.75, 11.5, 9.75], "rotation": 180, "texture": "#2"},
				"west": {"uv": [8.5, 8.75, 11.5, 9.75], "rotation": 180, "texture": "#2"},
				"up": {"uv": [8.5, 8.75, 11.5, 9.75], "rotation": 180, "texture": "#2"},
				"down": {"uv": [8.5, 8.75, 11.5, 9.75], "rotation": 180, "texture": "#2"}
			}
		},
		{
			"from": [6.74536, 2.36976, 2.60327],
			"to": [10.82072, 4.42384, 6.74619],
			"rotation": {"angle": 0, "axis": "y", "origin": [8.37015, 13.9675, 13.52842]},
			"faces": {
				"north": {"uv": [8.5, 8.75, 11.5, 9.75], "rotation": 180, "texture": "#2"},
				"east": {"uv": [8.5, 8.75, 11.5, 9.75], "rotation": 180, "texture": "#2"},
				"south": {"uv": [8.5, 8.75, 11.5, 9.75], "rotation": 180, "texture": "#2"},
				"west": {"uv": [8.5, 8.75, 11.5, 9.75], "rotation": 180, "texture": "#2"},
				"up": {"uv": [8.5, 8.75, 11.5, 9.75], "rotation": 180, "texture": "#2"},
				"down": {"uv": [8.5, 8.75, 11.5, 9.75], "rotation": 180, "texture": "#2"}
			}
		},
		{
			"from": [6.85073, 11.18465, 4.46557],
			"to": [10.71535, 12.8362, 9.87438],
			"rotation": {"angle": 0, "axis": "y", "origin": [8.37015, 13.9675, 13.52842]},
			"faces": {
				"north": {"uv": [8.5, 8.75, 11.5, 9.75], "rotation": 180, "texture": "#2"},
				"east": {"uv": [8.5, 8.75, 11.5, 9.75], "rotation": 180, "texture": "#2"},
				"south": {"uv": [8.5, 8.75, 11.5, 9.75], "rotation": 180, "texture": "#2"},
				"west": {"uv": [8.5, 8.75, 11.5, 9.75], "rotation": 180, "texture": "#2"},
				"up": {"uv": [8.5, 8.75, 11.5, 9.75], "rotation": 180, "texture": "#2"},
				"down": {"uv": [8.5, 8.75, 11.5, 9.75], "rotation": 180, "texture": "#2"}
			}
		},
		{
			"from": [3.54764, 5.68501, 4.46557],
			"to": [5.19919, 8.70734, 9.87438],
			"rotation": {"angle": 0, "axis": "y", "origin": [8.37015, 13.9675, 13.52842]},
			"faces": {
				"north": {"uv": [8.5, 8.75, 11.5, 9.75], "rotation": 180, "texture": "#2"},
				"east": {"uv": [8.5, 8.75, 11.5, 9.75], "rotation": 180, "texture": "#2"},
				"south": {"uv": [8.5, 8.75, 11.5, 9.75], "rotation": 180, "texture": "#2"},
				"west": {"uv": [8.5, 8.75, 11.5, 9.75], "rotation": 180, "texture": "#2"},
				"up": {"uv": [8.5, 8.75, 11.5, 9.75], "rotation": 180, "texture": "#2"},
				"down": {"uv": [8.5, 8.75, 11.5, 9.75], "rotation": 180, "texture": "#2"}
			}
		},
		{
			"from": [5.16472, 5.41016, -2.97535],
			"to": [12.40136, 10.0477, 4.93213],
			"rotation": {"angle": 0, "axis": "y", "origin": [8.78304, 7.19617, 0.49773]},
			"faces": {
				"north": {"uv": [7.25, 12.5, 8.12048, 14.4147], "rotation": 90, "texture": "#2"},
				"east": {"uv": [6.25, 12.5, 7.12048, 14.4147], "rotation": 90, "texture": "#2"},
				"south": {"uv": [8.75, 8.75, 9.62048, 10.6647], "rotation": 90, "texture": "#2"},
				"west": {"uv": [6.75, 12.5, 7.62048, 14.4147], "rotation": 90, "texture": "#2"},
				"up": {"uv": [8.75, 8.75, 9.62048, 10.6647], "rotation": 90, "texture": "#2"},
				"down": {"uv": [8.75, 8.75, 9.62048, 10.6647], "rotation": 90, "texture": "#2"}
			}
		},
		{
			"from": [6.46427, 5.83051, -2.97535],
			"to": [11.10181, 11.34725, 4.93213],
			"rotation": {"angle": 0, "axis": "y", "origin": [8.28758, 15.32177, 16.25347]},
			"faces": {
				"north": {"uv": [6.75, 12.5, 8.6647, 14.07356], "rotation": 180, "texture": "#2"},
				"east": {"uv": [8.75, 8.75, 10.6647, 10.32356], "rotation": 180, "texture": "#2"},
				"south": {"uv": [8.75, 8.75, 10.6647, 10.32356], "rotation": 180, "texture": "#2"},
				"west": {"uv": [8.75, 8.75, 10.6647, 10.32356], "rotation": 180, "texture": "#2"},
				"up": {"uv": [6.5, 12.75, 8.4147, 14.32356], "rotation": 180, "texture": "#2"},
				"down": {"uv": [8.75, 8.75, 10.6647, 10.32356], "rotation": 180, "texture": "#2"}
			}
		},
		{
			"from": [6.46427, 4.11061, -1.25545],
			"to": [11.10181, 5.61425, 4.93213],
			"rotation": {"angle": 0, "axis": "y", "origin": [8.28758, 15.32177, 16.25347]},
			"faces": {
				"north": {"uv": [6.75, 12.75, 8.6647, 14.32356], "rotation": 180, "texture": "#2"},
				"east": {"uv": [2.75, 10.5, 4.6647, 12.07356], "rotation": 180, "texture": "#2"},
				"south": {"uv": [2.75, 10.5, 4.6647, 12.07356], "rotation": 180, "texture": "#2"},
				"west": {"uv": [2.75, 10.5, 4.6647, 12.07356], "rotation": 180, "texture": "#2"},
				"up": {"uv": [2.75, 10.5, 4.6647, 12.07356], "rotation": 180, "texture": "#2"},
				"down": {"uv": [6.5, 12.5, 8.4147, 14.07356], "rotation": 180, "texture": "#2"}
			}
		},
		{
			"from": [6.24483, 5.10154, -5.2108],
			"to": [11.32125, 10.35632, 4.93213],
			"rotation": {"angle": 0, "axis": "y", "origin": [8.28758, 15.32177, 16.25347]},
			"faces": {
				"north": {"uv": [7, 13, 8, 14.5], "rotation": 90, "texture": "#2"},
				"east": {"uv": [2, 11.5, 3, 13.5], "rotation": 270, "texture": "#2"},
				"south": {"uv": [2, 11.5, 3.20156, 13.3343], "rotation": 90, "texture": "#2"},
				"west": {"uv": [2, 11.5, 3.20156, 13.3343], "rotation": 90, "texture": "#2"},
				"up": {"uv": [2, 11.5, 3.0843, 13.45156], "rotation": 180, "texture": "#2"},
				"down": {"uv": [2, 11.5, 3.0843, 13.45156], "texture": "#2"}
			}
		},
		{
			"from": [6.02496, 5.12562, 5.29134],
			"to": [9.0638, 9.26673, 14.07159],
			"rotation": {"angle": -22.5, "axis": "y", "origin": [8.78304, 7.19617, 3.86688]},
			"faces": {
				"north": {"uv": [8.5, 8.75, 11.5, 9.75], "rotation": 180, "texture": "#2"},
				"east": {"uv": [8.5, 8.75, 11.5, 9.75], "rotation": 180, "texture": "#2"},
				"south": {"uv": [8.5, 8.75, 11.5, 9.75], "rotation": 180, "texture": "#2"},
				"west": {"uv": [8.5, 8.75, 11.5, 9.75], "rotation": 180, "texture": "#2"},
				"up": {"uv": [8.5, 8.75, 11.5, 9.75], "rotation": 180, "texture": "#2"},
				"down": {"uv": [8.5, 8.75, 11.5, 9.75], "rotation": 180, "texture": "#2"}
			}
		},
		{
			"from": [2.67248, 6.18047, 11.96587],
			"to": [4.39008, 8.21187, 18.0353],
			"rotation": {"angle": 0, "axis": "y", "origin": [8.78304, 7.19617, 3.86688]},
			"faces": {
				"north": {"uv": [8.5, 8.75, 11.5, 9.75], "rotation": 180, "texture": "#2"},
				"east": {"uv": [8.5, 8.75, 11.5, 9.75], "rotation": 180, "texture": "#2"},
				"south": {"uv": [8.5, 8.75, 11.5, 9.75], "rotation": 180, "texture": "#2"},
				"west": {"uv": [8.5, 8.75, 11.5, 9.75], "rotation": 180, "texture": "#2"},
				"up": {"uv": [8.5, 8.75, 11.5, 9.75], "rotation": 180, "texture": "#2"},
				"down": {"uv": [8.5, 8.75, 11.5, 9.75], "rotation": 180, "texture": "#2"}
			}
		},
		{
			"from": [6.13918, 9.83951, 5.41328],
			"to": [9.707, 12.87835, 13.94106],
			"rotation": {"angle": -45, "axis": "x", "origin": [7.63644, 10.82617, 8.53057]},
			"faces": {
				"north": {"uv": [8.5, 8.75, 11.5, 9.75], "rotation": 270, "texture": "#2"},
				"east": {"uv": [8.5, 8.75, 11.5, 9.75], "rotation": 270, "texture": "#2"},
				"south": {"uv": [8.5, 8.75, 11.5, 9.75], "rotation": 270, "texture": "#2"},
				"west": {"uv": [8.5, 8.75, 11.5, 9.75], "rotation": 270, "texture": "#2"},
				"up": {"uv": [8.5, 8.75, 11.5, 9.75], "rotation": 270, "texture": "#2"},
				"down": {"uv": [8.5, 8.75, 11.5, 9.75], "rotation": 270, "texture": "#2"}
			}
		},
		{
			"from": [7.19404, 10.07791, 11.72288],
			"to": [8.65214, 11.79551, 20.08551],
			"rotation": {"angle": -22.5, "axis": "x", "origin": [7.63644, 7.19617, 3.86688]},
			"faces": {
				"north": {"uv": [8.5, 8.75, 11.5, 9.75], "rotation": 270, "texture": "#2"},
				"east": {"uv": [8.5, 8.75, 11.5, 9.75], "rotation": 270, "texture": "#2"},
				"south": {"uv": [8.5, 8.75, 11.5, 9.75], "rotation": 270, "texture": "#2"},
				"west": {"uv": [8.5, 8.75, 11.5, 9.75], "rotation": 270, "texture": "#2"},
				"up": {"uv": [8.5, 8.75, 11.5, 9.75], "rotation": 270, "texture": "#2"},
				"down": {"uv": [8.5, 8.75, 11.5, 9.75], "rotation": 270, "texture": "#2"}
			}
		},
		{
			"from": [9.46124, 2.18447, 2.69592],
			"to": [10.90181, 3.51636, 8.74403],
			"rotation": {"angle": 22.5, "axis": "x", "origin": [9.51558, 2.54175, 7.99574]},
			"faces": {
				"north": {"uv": [8.5, 8.75, 11.5, 9.75], "rotation": 180, "texture": "#2"},
				"east": {"uv": [8.5, 8.75, 11.5, 9.75], "rotation": 180, "texture": "#2"},
				"south": {"uv": [8.5, 8.75, 11.5, 9.75], "rotation": 180, "texture": "#2"},
				"west": {"uv": [8.5, 8.75, 11.5, 9.75], "rotation": 180, "texture": "#2"},
				"up": {"uv": [8.5, 8.75, 11.5, 9.75], "rotation": 180, "texture": "#2"},
				"down": {"uv": [8.5, 8.75, 11.5, 9.75], "rotation": 180, "texture": "#2"}
			}
		},
		{
			"from": [7.06383, 2.18447, 2.69592],
			"to": [8.50441, 3.51636, 8.74403],
			"rotation": {"angle": 22.5, "axis": "x", "origin": [9.51558, 2.54175, 7.99574]},
			"faces": {
				"north": {"uv": [8.5, 8.75, 11.5, 9.75], "rotation": 180, "texture": "#2"},
				"east": {"uv": [8.5, 8.75, 11.5, 9.75], "rotation": 180, "texture": "#2"},
				"south": {"uv": [8.5, 8.75, 11.5, 9.75], "rotation": 180, "texture": "#2"},
				"west": {"uv": [8.5, 8.75, 11.5, 9.75], "rotation": 180, "texture": "#2"},
				"up": {"uv": [8.5, 8.75, 11.5, 9.75], "rotation": 180, "texture": "#2"},
				"down": {"uv": [8.5, 8.75, 11.5, 9.75], "rotation": 180, "texture": "#2"}
			}
		},
		{
			"from": [9.69056, 2.12714, 8.42892],
			"to": [10.67249, 3.00039, 12.18383],
			"rotation": {"angle": 0, "axis": "y", "origin": [9.51558, 2.54175, 7.99574]},
			"faces": {
				"north": {"uv": [8.5, 8.75, 11.5, 9.75], "rotation": 180, "texture": "#2"},
				"east": {"uv": [8.5, 8.75, 11.5, 9.75], "rotation": 180, "texture": "#2"},
				"south": {"uv": [8.5, 8.75, 11.5, 9.75], "rotation": 180, "texture": "#2"},
				"west": {"uv": [8.5, 8.75, 11.5, 9.75], "rotation": 180, "texture": "#2"},
				"up": {"uv": [8.5, 8.75, 11.5, 9.75], "rotation": 180, "texture": "#2"},
				"down": {"uv": [8.5, 8.75, 11.5, 9.75], "rotation": 180, "texture": "#2"}
			}
		},
		{
			"from": [7.29315, 2.12714, 8.42892],
			"to": [8.27509, 3.00039, 12.18383],
			"rotation": {"angle": 0, "axis": "y", "origin": [9.51558, 2.54175, 7.99574]},
			"faces": {
				"north": {"uv": [8.5, 8.75, 11.5, 9.75], "rotation": 180, "texture": "#2"},
				"east": {"uv": [8.5, 8.75, 11.5, 9.75], "rotation": 180, "texture": "#2"},
				"south": {"uv": [8.5, 8.75, 11.5, 9.75], "rotation": 180, "texture": "#2"},
				"west": {"uv": [8.5, 8.75, 11.5, 9.75], "rotation": 180, "texture": "#2"},
				"up": {"uv": [8.5, 8.75, 11.5, 9.75], "rotation": 180, "texture": "#2"},
				"down": {"uv": [8.5, 8.75, 11.5, 9.75], "rotation": 180, "texture": "#2"}
			}
		}
	],
	"display": {
		"head": {
			"translation": [-2.25, -4.5, -32.5],
			"scale": [4, 4, 4]
		}
	},
	"groups": [
		{
			"name": "root_raging_2",
			"origin": [8, 8, 8],
			"color": 0,
			"children": [
				{
					"name": "arm_l",
					"origin": [8, 8, 8],
					"color": 0,
					"children": [
						{
							"name": "1",
							"origin": [8, 8, 8],
							"color": 0,
							"children": [
								0,
								1,
								2,
								3,
								4,
								5,
								6,
								7,
								8,
								9,
								{
									"name": "group",
									"origin": [5.5, 6.05811, -3.70612],
									"color": 0,
									"children": [10, 11]
								},
								{
									"name": "group",
									"origin": [5.5, 6.05811, -3.70612],
									"color": 0,
									"children": [12, 13]
								},
								14,
								15,
								16,
								17
							]
						}
					]
				}
			]
		}
	]
}