{
	"credit": "Made with Blockbench",
	"textures": {
		"1": "narga/texture",
		"particle": "head"
	},
	"elements": [
		{
			"from": [5.7782, 9.8998, 8.12098],
			"to": [11.93708, 17.5984, 8.12098],
			"rotation": {"angle": 0, "axis": "y", "origin": [26.89456, 1.4012, 15.04972]},
			"faces": {
				"north": {"uv": [3.125, 7.375, 2.625, 6.75], "rotation": 180, "texture": "#1"},
				"east": {"uv": [3.125, 7.375, 2.625, 6.75], "rotation": 180, "texture": "#1"},
				"south": {"uv": [2.625, 7.375, 3.125, 6.75], "rotation": 180, "texture": "#1"},
				"west": {"uv": [3.125, 7.375, 2.625, 6.75], "rotation": 180, "texture": "#1"},
				"up": {"uv": [3.125, 7.375, 2.625, 6.75], "rotation": 180, "texture": "#1"},
				"down": {"uv": [3.125, 7.375, 2.625, 6.75], "rotation": 180, "texture": "#1"}
			}
		},
		{
			"from": [4.54643, 14.51896, 7.81303],
			"to": [5.7782, 17.5984, 8.27495],
			"rotation": {"angle": 0, "axis": "y", "origin": [26.89456, 1.4012, 8.89084]},
			"faces": {
				"north": {"uv": [2.125, 9.25, 2, 9], "rotation": 180, "texture": "#1"},
				"east": {"uv": [9.25, 1.875, 9.5, 2], "rotation": 90, "texture": "#1"},
				"south": {"uv": [2.25, 9, 2.125, 9.25], "texture": "#1"},
				"west": {"uv": [2, 9.25, 2.25, 9.375], "rotation": 270, "texture": "#1"},
				"up": {"uv": [9.25, 8.125, 9.375, 8.25], "texture": "#1"},
				"down": {"uv": [8.125, 9.25, 8.25, 9.375], "rotation": 180, "texture": "#1"}
			}
		},
		{
			"from": [5.7782, 8.36008, 6.58126],
			"to": [10.39736, 9.8998, 9.6607],
			"rotation": {"angle": 0, "axis": "y", "origin": [26.89456, 1.4012, 8.89084]},
			"faces": {
				"north": {"uv": [7.625, 8.75, 7.25, 8.625], "rotation": 180, "texture": "#1"},
				"east": {"uv": [7.5, 8.75, 7.625, 9], "rotation": 90, "texture": "#1"},
				"south": {"uv": [9, 7.5, 8.625, 7.625], "texture": "#1"},
				"west": {"uv": [8, 8.75, 8.125, 9], "rotation": 270, "texture": "#1"},
				"up": {"uv": [8.375, 5.375, 8.75, 5.625], "texture": "#1"},
				"down": {"uv": [5.25, 8.375, 5.625, 8.625], "rotation": 180, "texture": "#1"}
			}
		},
		{
			"from": [4.23848, -8.57684, 5.8114],
			"to": [10.39736, 8.36008, 10.43056],
			"rotation": {"angle": 0, "axis": "y", "origin": [26.89456, 1.4012, 8.89084]},
			"faces": {
				"north": {"uv": [3.375, 2.875, 2.875, 1.5], "rotation": 180, "texture": "#1"},
				"east": {"uv": [4.375, 1.5, 5.75, 1.875], "rotation": 90, "texture": "#1"},
				"south": {"uv": [3.375, 2.875, 2.875, 4.25], "texture": "#1"},
				"west": {"uv": [4.625, 2.625, 6, 3], "rotation": 270, "texture": "#1"},
				"up": {"uv": [7.375, 7.625, 7.875, 8], "texture": "#1"},
				"down": {"uv": [7.625, 7, 8.125, 7.375], "rotation": 180, "texture": "#1"}
			}
		},
		{
			"from": [4.23848, 11.43952, 7.35112],
			"to": [5.7782, 14.51896, 8.89084],
			"rotation": {"angle": 0, "axis": "y", "origin": [26.89456, 1.4012, 8.89084]},
			"faces": {
				"north": {"uv": [2, 9.125, 1.875, 8.875], "rotation": 180, "texture": "#1"},
				"east": {"uv": [3, 8.875, 3.25, 9], "rotation": 90, "texture": "#1"},
				"south": {"uv": [3.375, 8.875, 3.25, 9.125], "texture": "#1"},
				"west": {"uv": [8.875, 3.25, 9.125, 3.375], "rotation": 270, "texture": "#1"},
				"up": {"uv": [9.125, 0, 9.25, 0.125], "texture": "#1"},
				"down": {"uv": [0, 9.125, 0.125, 9.25], "rotation": 180, "texture": "#1"}
			}
		},
		{
			"from": [5.00834, -5.4974, 5.04154],
			"to": [11.16722, 5.28064, 9.6607],
			"rotation": {"angle": 0, "axis": "y", "origin": [26.89456, 1.4012, 8.89084]},
			"faces": {
				"north": {"uv": [5.75, 6, 5.25, 5.125], "rotation": 180, "texture": "#1"},
				"east": {"uv": [6.375, 3.625, 7.25, 4], "rotation": 90, "texture": "#1"},
				"south": {"uv": [0.5, 5.375, 0, 6.25], "texture": "#1"},
				"west": {"uv": [6.375, 4, 7.25, 4.375], "rotation": 270, "texture": "#1"},
				"up": {"uv": [7.75, 1.5, 8.25, 1.875], "texture": "#1"},
				"down": {"uv": [7.75, 0.25, 8.25, 0.625], "rotation": 180, "texture": "#1"}
			}
		},
		{
			"from": [4.23848, 8.36008, 7.35112],
			"to": [7.31792, 11.43952, 8.89084],
			"rotation": {"angle": 0, "axis": "y", "origin": [26.89456, 1.4012, 8.89084]},
			"faces": {
				"north": {"uv": [8.75, 8.5, 8.5, 8.25], "rotation": 180, "texture": "#1"},
				"east": {"uv": [3.75, 8.875, 4, 9], "rotation": 90, "texture": "#1"},
				"south": {"uv": [8.75, 8.5, 8.5, 8.75], "texture": "#1"},
				"west": {"uv": [8.875, 3.875, 9.125, 4], "rotation": 270, "texture": "#1"},
				"up": {"uv": [8.875, 3.75, 9.125, 3.875], "texture": "#1"},
				"down": {"uv": [8.875, 3.375, 9.125, 3.5], "rotation": 180, "texture": "#1"}
			}
		}
	],
	"display": {
		"head": {
			"rotation": [90, 0, 0],
			"translation": [0.5, -6.75, 5.25],
			"scale": [4, 4, 4]
		}
	},
	"groups": [
		{
			"name": "root",
			"origin": [5, -15, -3],
			"color": 0,
			"children": [
				{
					"name": "wing_l",
					"origin": [17, -15, 3],
					"color": 0,
					"children": [
						{
							"name": "1",
							"origin": [17, 0, 3],
							"color": 0,
							"children": [
								{
									"name": "group",
									"origin": [27.65722, 0.88072, 8.59731],
									"color": 0,
									"children": [0, 1, 2, 3, 4, 5, 6]
								}
							]
						}
					]
				}
			]
		}
	]
}