{
	"credit": "Made with Blockbench",
	"textures": {
		"1": "narga/texture",
		"particle": "head"
	},
	"elements": [
		{
			"from": [8.36, 2.56575, 7.36203],
			"to": [11.0249, 6.11895, 13.58013],
			"rotation": {"angle": 0, "axis": "y", "origin": [2.1419, 16.77855, -20.12207]},
			"faces": {
				"north": {"uv": [3.75, 8.625, 3.5, 8.875], "texture": "#1"},
				"east": {"uv": [4, 8.25, 3.5, 8.5], "texture": "#1"},
				"south": {"uv": [4, 8.625, 3.75, 8.875], "texture": "#1"},
				"west": {"uv": [3.5, 8.25, 3, 8.5], "texture": "#1"},
				"up": {"uv": [5.75, 8.875, 6, 8.375], "texture": "#1"},
				"down": {"uv": [7.75, 8.375, 8, 8.875], "texture": "#1"}
			}
		},
		{
			"from": [8.80415, 2.56575, 5.58543],
			"to": [9.69245, 5.23065, 7.36203],
			"rotation": {"angle": 0, "axis": "y", "origin": [2.1419, 16.77855, -20.12207]},
			"faces": {
				"north": {"uv": [9.25, 0.25, 9.125, 0.5], "texture": "#1"},
				"east": {"uv": [7.5, 8.875, 7.375, 9.125], "texture": "#1"},
				"south": {"uv": [0.5, 9.125, 0.375, 9.375], "texture": "#1"},
				"west": {"uv": [7.375, 8.875, 7.25, 9.125], "texture": "#1"},
				"up": {"uv": [7.5, 9.25, 7.625, 9.125], "texture": "#1"},
				"down": {"uv": [9.125, 7.5, 9.25, 7.625], "texture": "#1"}
			}
		},
		{
			"from": [8.36, 2.74341, 7.00671],
			"to": [10.31426, 6.47427, 13.40247],
			"rotation": {"angle": 0, "axis": "y", "origin": [2.1419, 16.77855, -20.12207]},
			"faces": {
				"north": {"uv": [1.5, 1.75, 1.375, 2], "texture": "#1"},
				"east": {"uv": [8.75, 4.625, 8.25, 4.875], "texture": "#1"},
				"south": {"uv": [2.875, 4, 2.75, 4.25], "texture": "#1"},
				"west": {"uv": [4.5, 8.25, 4, 8.5], "texture": "#1"},
				"up": {"uv": [2.75, 2, 2.875, 1.5], "texture": "#1"},
				"down": {"uv": [3.5, 5.625, 3.625, 6.125], "texture": "#1"}
			}
		},
		{
			"from": [5.6951, 2.56575, 7.36203],
			"to": [8.36, 6.11895, 13.58013],
			"rotation": {"angle": 0, "axis": "y", "origin": [2.1419, 16.77855, -20.12207]},
			"faces": {
				"north": {"uv": [8.875, 3.75, 8.625, 4], "texture": "#1"},
				"east": {"uv": [8.75, 5.875, 8.25, 6.125], "texture": "#1"},
				"south": {"uv": [4.25, 8.625, 4, 8.875], "texture": "#1"},
				"west": {"uv": [8.75, 5.625, 8.25, 5.875], "texture": "#1"},
				"up": {"uv": [0, 9, 0.25, 8.5], "texture": "#1"},
				"down": {"uv": [0.25, 8.5, 0.5, 9], "texture": "#1"}
			}
		},
		{
			"from": [6.40574, 2.74341, 7.00671],
			"to": [8.36, 6.47427, 13.40247],
			"rotation": {"angle": 0, "axis": "y", "origin": [2.1419, 16.77855, -20.12207]},
			"faces": {
				"north": {"uv": [3.5, 4, 3.375, 4.25], "texture": "#1"},
				"east": {"uv": [8.75, 6.125, 8.25, 6.375], "texture": "#1"},
				"south": {"uv": [1.5, 4.75, 1.375, 5], "texture": "#1"},
				"west": {"uv": [6.5, 8.25, 6, 8.5], "texture": "#1"},
				"up": {"uv": [4.25, 6.75, 4.375, 6.25], "texture": "#1"},
				"down": {"uv": [3, 7.375, 3.125, 7.875], "texture": "#1"}
			}
		},
		{
			"from": [10.40309, 2.56575, 6.47373],
			"to": [11.29139, 5.23065, 8.25033],
			"rotation": {"angle": 0, "axis": "y", "origin": [2.1419, 16.77855, -20.12207]},
			"faces": {
				"north": {"uv": [0.625, 9.125, 0.5, 9.375], "texture": "#1"},
				"east": {"uv": [8, 8.875, 7.875, 9.125], "texture": "#1"},
				"south": {"uv": [0.75, 9.125, 0.625, 9.375], "texture": "#1"},
				"west": {"uv": [7.875, 8.875, 7.75, 9.125], "texture": "#1"},
				"up": {"uv": [7.625, 9.25, 7.75, 9.125], "texture": "#1"},
				"down": {"uv": [7.75, 9.125, 7.875, 9.25], "texture": "#1"}
			}
		},
		{
			"from": [7.02755, 2.56575, 5.58543],
			"to": [7.91585, 5.23065, 7.36203],
			"rotation": {"angle": 0, "axis": "y", "origin": [2.1419, 16.77855, -20.12207]},
			"faces": {
				"north": {"uv": [9.25, 0.875, 9.125, 1.125], "texture": "#1"},
				"east": {"uv": [8.75, 8.875, 8.625, 9.125], "texture": "#1"},
				"south": {"uv": [1.125, 9.125, 1, 9.375], "texture": "#1"},
				"west": {"uv": [8.625, 8.875, 8.5, 9.125], "texture": "#1"},
				"up": {"uv": [9.125, 7.875, 9.25, 7.75], "texture": "#1"},
				"down": {"uv": [7.875, 9.125, 8, 9.25], "texture": "#1"}
			}
		},
		{
			"from": [5.42861, 2.56575, 6.47373],
			"to": [6.31691, 5.23065, 8.25033],
			"rotation": {"angle": 0, "axis": "y", "origin": [2.1419, 16.77855, -20.12207]},
			"faces": {
				"north": {"uv": [1.25, 9.125, 1.125, 9.375], "texture": "#1"},
				"east": {"uv": [9, 8.875, 8.875, 9.125], "texture": "#1"},
				"south": {"uv": [1.5, 9.125, 1.375, 9.375], "texture": "#1"},
				"west": {"uv": [8.875, 8.875, 8.75, 9.125], "texture": "#1"},
				"up": {"uv": [8, 9.25, 8.125, 9.125], "texture": "#1"},
				"down": {"uv": [8.125, 9.125, 8.25, 9.25], "texture": "#1"}
			}
		}
	],
	"display": {
		"head": {
			"translation": [-1.75, 6.75, -12.75],
			"scale": [4, 4, 4]
		}
	},
	"groups": [
		{
			"name": "root",
			"origin": [5, -15, -3],
			"color": 0,
			"children": [
				{
					"name": "leg_l",
					"origin": [5, 0, -3],
					"color": 0,
					"children": [
						{
							"name": "2",
							"origin": [5, 0, -3],
							"color": 0,
							"children": [0, 1, 2, 3, 4, 5, 6, 7]
						}
					]
				}
			]
		}
	]
}