{
	"credit": "Made with Blockbench",
	"textures": {
		"1": "narga/texture",
		"particle": "head"
	},
	"elements": [
		{
			"from": [5.87276, 4.25998, 9.94595],
			"to": [10.84724, 13.14298, 13.49915],
			"rotation": {"angle": -22.5, "axis": "x", "origin": [8.36, 10.18198, 11.2784]},
			"faces": {
				"north": {"uv": [3, 7.375, 2.625, 8], "texture": "#1"},
				"east": {"uv": [6, 7.75, 5.75, 8.375], "texture": "#1"},
				"south": {"uv": [7, 7.5, 6.625, 8.125], "texture": "#1"},
				"west": {"uv": [1.25, 7.75, 1, 8.375], "texture": "#1"},
				"up": {"uv": [7.375, 8.625, 7.75, 8.375], "texture": "#1"},
				"down": {"uv": [8.375, 7.625, 8.75, 7.875], "texture": "#1"}
			}
		},
		{
			"from": [6.5834, 13.14298, 11.72255],
			"to": [10.1366, 14.91958, 13.49915],
			"rotation": {"angle": -22.5, "axis": "x", "origin": [8.36, 10.18198, 11.2784]},
			"faces": {
				"north": {"uv": [2.25, 4.375, 2, 4.5], "texture": "#1"},
				"east": {"uv": [1.125, 6.125, 1, 6.25], "texture": "#1"},
				"south": {"uv": [5.125, 0.625, 4.875, 0.75], "texture": "#1"},
				"west": {"uv": [6, 2.5, 5.875, 2.625], "texture": "#1"},
				"up": {"uv": [0.5, 5.5, 0.75, 5.375], "texture": "#1"},
				"down": {"uv": [1.125, 5.5, 1.375, 5.625], "texture": "#1"}
			}
		},
		{
			"from": [6.76106, 4.25998, 9.05765],
			"to": [9.95894, 11.36638, 9.94595],
			"rotation": {"angle": -22.5, "axis": "x", "origin": [8.36, 10.18198, 11.2784]},
			"faces": {
				"north": {"uv": [7.375, 8.125, 7.125, 8.625], "texture": "#1"},
				"east": {"uv": [6.375, 8.75, 6.25, 9.25], "texture": "#1"},
				"south": {"uv": [2.625, 8.25, 2.375, 8.75], "texture": "#1"},
				"west": {"uv": [3.5, 8.75, 3.375, 9.25], "texture": "#1"},
				"up": {"uv": [0.125, 9.25, 0.375, 9.125], "texture": "#1"},
				"down": {"uv": [9.125, 0.125, 9.375, 0.25], "texture": "#1"}
			}
		}
	],
	"display": {
		"head": {
			"translation": [-1.5, -21.25, -12.75],
			"scale": [4, 4, 4]
		}
	},
	"groups": [
		{
			"name": "root",
			"origin": [5, -15, -3],
			"color": 0,
			"children": [
				{
					"name": "leg_l",
					"origin": [5, 0, -3],
					"color": 0,
					"children": [
						{
							"name": "1",
							"origin": [13.8581, 16.77855, -20.12207],
							"color": 0,
							"children": []
						}
					]
				},
				0,
				1,
				2
			]
		}
	]
}