{
	"credit": "Made with Blockbench",
	"textures": {
		"1": "narga/texture",
		"particle": "head"
	},
	"elements": [
		{
			"from": [5.69042, 5.37342, 0.51939],
			"to": [10.30958, 6.91314, 6.67827],
			"rotation": {"angle": 0, "axis": "y", "origin": [8, 5.37342, 8.21799]},
			"faces": {
				"north": {"uv": [7.125, 6.625, 7.5, 6.75], "texture": "#1"},
				"east": {"uv": [1.5, 4.375, 2, 4.5], "texture": "#1"},
				"south": {"uv": [8.625, 4, 9, 4.125], "texture": "#1"},
				"west": {"uv": [5.375, 2.5, 5.875, 2.625], "texture": "#1"},
				"up": {"uv": [1.75, 8.125, 1.375, 7.625], "texture": "#1"},
				"down": {"uv": [2.125, 7.625, 1.75, 8.125], "texture": "#1"}
			}
		},
		{
			"from": [4.92056, 6.91314, 0.51939],
			"to": [11.07944, 10.76244, 6.67827],
			"rotation": {"angle": 0, "axis": "y", "origin": [8, 5.37342, 8.21799]},
			"faces": {
				"north": {"uv": [7.875, 3.75, 8.375, 4.125], "texture": "#1"},
				"east": {"uv": [4, 7.875, 4.5, 8.25], "texture": "#1"},
				"south": {"uv": [7.875, 4.875, 8.375, 5.25], "texture": "#1"},
				"west": {"uv": [7.875, 5.25, 8.375, 5.625], "texture": "#1"},
				"up": {"uv": [7.5, 4.875, 7, 4.375], "texture": "#1"},
				"down": {"uv": [7.5, 6.75, 7, 7.25], "texture": "#1"}
			}
		},
		{
			"from": [5.69042, 10.76244, 0.51939],
			"to": [10.30958, 11.68627, 6.67827],
			"rotation": {"angle": 0, "axis": "y", "origin": [8, 5.37342, 8.21799]},
			"faces": {
				"north": {"uv": [8.875, 7.875, 9.25, 8], "texture": "#1"},
				"east": {"uv": [6.375, 8.75, 6.875, 8.875], "texture": "#1"},
				"south": {"uv": [0, 9, 0.375, 9.125], "texture": "#1"},
				"west": {"uv": [8.75, 7.625, 9.25, 7.75], "texture": "#1"},
				"up": {"uv": [8, 3.75, 7.625, 3.25], "texture": "#1"},
				"down": {"uv": [7.375, 7.625, 7, 8.125], "texture": "#1"}
			}
		}
	],
	"display": {
		"head": {
			"translation": [0, -9, 12],
			"scale": [4, 4, 4]
		}
	},
	"groups": [
		{
			"name": "root",
			"origin": [5, -15, -3],
			"color": 0,
			"children": [
				{
					"name": "neck",
					"origin": [5, 0, -3],
					"color": 0,
					"children": [
						{
							"name": "2",
							"origin": [5, 0, -3],
							"color": 0,
							"children": [0, 1, 2]
						}
					]
				}
			]
		}
	]
}