{
	"credit": "Made with Blockbench",
	"textures": {
		"1": "narga/texture",
		"particle": "head"
	},
	"elements": [
		{
			"from": [5.07453, 4.14164, 8.52593],
			"to": [10.92547, 6.29725, 12.99112],
			"rotation": {"angle": 0, "axis": "y", "origin": [8, 5.37342, 8.21799]},
			"faces": {
				"north": {"uv": [8.375, 6.375, 8.875, 6.625], "texture": "#1"},
				"east": {"uv": [2, 8.5, 2.375, 8.75], "texture": "#1"},
				"south": {"uv": [6.5, 8.375, 7, 8.625], "texture": "#1"},
				"west": {"uv": [2.625, 8.5, 3, 8.75], "texture": "#1"},
				"up": {"uv": [8.375, 2.875, 7.875, 2.5], "texture": "#1"},
				"down": {"uv": [8.375, 2.875, 7.875, 3.25], "texture": "#1"}
			}
		},
		{
			"from": [4.30467, 6.29725, 8.52593],
			"to": [11.69533, 11.37832, 12.99112],
			"rotation": {"angle": 0, "axis": "y", "origin": [8, 5.37342, 8.21799]},
			"faces": {
				"north": {"uv": [7.125, 5.625, 7.75, 6.125], "texture": "#1"},
				"east": {"uv": [8, 0.625, 8.375, 1.125], "texture": "#1"},
				"south": {"uv": [7.125, 6.125, 7.75, 6.625], "texture": "#1"},
				"west": {"uv": [2.625, 8, 3, 8.5], "texture": "#1"},
				"up": {"uv": [6.625, 7.875, 6, 7.5], "texture": "#1"},
				"down": {"uv": [8.125, 6.625, 7.5, 7], "texture": "#1"}
			}
		},
		{
			"from": [5.07453, 7.37505, 9.14182],
			"to": [10.92547, 11.84024, 12.22126],
			"rotation": {"angle": -22.5, "axis": "x", "origin": [8, 5.37342, 8.21799]},
			"faces": {
				"north": {"uv": [3, 7.875, 3.5, 8.25], "texture": "#1"},
				"east": {"uv": [3.375, 7.5, 3.625, 7.875], "texture": "#1"},
				"south": {"uv": [3.5, 7.875, 4, 8.25], "texture": "#1"},
				"west": {"uv": [1, 8.375, 1.25, 8.75], "texture": "#1"},
				"up": {"uv": [8.75, 1.75, 8.25, 1.5], "texture": "#1"},
				"down": {"uv": [2.375, 8.25, 1.875, 8.5], "texture": "#1"}
			}
		},
		{
			"from": [4.1507, 5.37342, 6.67827],
			"to": [11.8493, 11.5323, 12.83715],
			"rotation": {"angle": 0, "axis": "y", "origin": [8, 5.37342, 8.21799]},
			"faces": {
				"north": {"uv": [6.5, 5.75, 7.125, 6.25], "texture": "#1"},
				"east": {"uv": [0, 7.125, 0.5, 7.625], "texture": "#1"},
				"south": {"uv": [6.5, 6.25, 7.125, 6.75], "texture": "#1"},
				"west": {"uv": [7.125, 0.75, 7.625, 1.25], "texture": "#1"},
				"up": {"uv": [7.375, 2, 6.75, 1.5], "texture": "#1"},
				"down": {"uv": [7.375, 2, 6.75, 2.5], "texture": "#1"}
			}
		},
		{
			"from": [4.92056, 3.8337, 6.67827],
			"to": [11.07944, 5.37342, 12.83715],
			"rotation": {"angle": 0, "axis": "y", "origin": [8, 5.37342, 8.21799]},
			"faces": {
				"north": {"uv": [6.5, 3.125, 7, 3.25], "texture": "#1"},
				"east": {"uv": [7.125, 0.25, 7.625, 0.375], "texture": "#1"},
				"south": {"uv": [8.375, 1, 8.875, 1.125], "texture": "#1"},
				"west": {"uv": [8.375, 7.875, 8.875, 8], "texture": "#1"},
				"up": {"uv": [1.875, 7.625, 1.375, 7.125], "texture": "#1"},
				"down": {"uv": [2.375, 7.125, 1.875, 7.625], "texture": "#1"}
			}
		},
		{
			"from": [3.38084, 6.14328, 9.75771],
			"to": [12.61916, 10.76244, 12.83715],
			"rotation": {"angle": 0, "axis": "y", "origin": [8, 5.37342, 8.21799]},
			"faces": {
				"north": {"uv": [3.625, 6.875, 4.375, 7.25], "texture": "#1"},
				"east": {"uv": [8.375, 1.75, 8.625, 2.125], "texture": "#1"},
				"south": {"uv": [7, 0.375, 7.75, 0.75], "texture": "#1"},
				"west": {"uv": [8.375, 2.125, 8.625, 2.5], "texture": "#1"},
				"up": {"uv": [1.375, 2, 0.625, 1.75], "texture": "#1"},
				"down": {"uv": [8.25, 4.625, 7.5, 4.875], "texture": "#1"}
			}
		}
	],
	"display": {
		"head": {
			"translation": [0, -6.25, -13.25],
			"scale": [4, 4, 4]
		}
	},
	"groups": [
		{
			"name": "root",
			"origin": [5, -15, -3],
			"color": 0,
			"children": [
				{
					"name": "neck",
					"origin": [5, 0, -3],
					"color": 0,
					"children": [
						{
							"name": "3",
							"origin": [5, 0, -3],
							"color": 0,
							"children": [0, 1, 2, 3, 4, 5]
						}
					]
				}
			]
		}
	]
}