{
	"credit": "Made with Blockbench",
	"textures": {
		"0": "narga/texture",
		"1": "reus/head",
		"particle": "narga/texture"
	},
	"elements": [
		{
			"from": [5.88438, 3.09264, 1.06813],
			"to": [9.57971, 6.78797, 8.34617],
			"rotation": {"angle": 0, "axis": "y", "origin": [7.73204, 1.86086, -49.73899]},
			"faces": {
				"north": {"uv": [8.125, 8.25, 8.5, 8.625], "texture": "#0"},
				"east": {"uv": [7, 2.5, 7.875, 2.875], "texture": "#0"},
				"south": {"uv": [8.375, 0.625, 8.75, 1], "texture": "#0"},
				"west": {"uv": [7, 2.875, 7.875, 3.25], "texture": "#0"},
				"up": {"uv": [1.375, 7.75, 1, 6.875], "texture": "#0"},
				"down": {"uv": [4.75, 7, 4.375, 7.875], "texture": "#0"}
			}
		},
		{
			"from": [6.13438, 3.34264, 8.34617],
			"to": [9.32971, 6.53797, 8.37117],
			"rotation": {"angle": 0, "axis": "y", "origin": [7.73204, 1.86086, -49.73899]},
			"faces": {
				"north": {"uv": [8.125, 8.25, 8.5, 8.625], "texture": "#0"},
				"east": {"uv": [7, 2.5, 7.875, 2.875], "texture": "#0"},
				"south": {"uv": [10.5, 5, 12.5, 7], "texture": "#1"},
				"west": {"uv": [7, 2.875, 7.875, 3.25], "texture": "#0"},
				"up": {"uv": [1.375, 7.75, 1, 6.875], "texture": "#0"},
				"down": {"uv": [4.75, 7, 4.375, 7.875], "texture": "#0"}
			}
		}
	],
	"display": {
		"head": {
			"translation": [1.5, 4.75, 22],
			"scale": [4, 4, 4]
		}
	},
	"groups": [
		{
			"name": "root",
			"origin": [5, -15, -3],
			"children": [
				{
					"name": "tail",
					"origin": [9, 0, -27],
					"children": [
						{
							"name": "2",
							"origin": [9, 0, -27],
							"children": [0, 1]
						}
					]
				}
			]
		}
	]
}