{
	"credit": "Made with Blockbench",
	"textures": {
		"1": "narga/texture",
		"particle": "head"
	},
	"elements": [
		{
			"from": [3.88274, 1.091, -0.18403],
			"to": [11.58134, 8.7896, 9.05429],
			"rotation": {"angle": 0, "axis": "y", "origin": [7.73204, 1.86086, -27.89899]},
			"faces": {
				"north": {"uv": [0.5, 5.5, 1.125, 6.125], "texture": "#1"},
				"east": {"uv": [4.625, 3.5, 5.375, 4.125], "texture": "#1"},
				"south": {"uv": [4.375, 5.5, 5, 6.125], "texture": "#1"},
				"west": {"uv": [0, 4.75, 0.75, 5.375], "texture": "#1"},
				"up": {"uv": [1.375, 5.5, 0.75, 4.75], "texture": "#1"},
				"down": {"uv": [5.375, 1.875, 4.75, 2.625], "texture": "#1"}
			}
		},
		{
			"from": [4.34466, 1.55292, 9.05429],
			"to": [11.11943, 8.32769, 21.37205],
			"rotation": {"angle": 0, "axis": "y", "origin": [7.73204, 1.86086, -27.89899]},
			"faces": {
				"north": {"uv": [1, 6.25, 1.625, 6.875], "texture": "#1"},
				"east": {"uv": [0.625, 3.375, 1.625, 4], "texture": "#1"},
				"south": {"uv": [3.625, 6.25, 4.25, 6.875], "texture": "#1"},
				"west": {"uv": [3.375, 1.25, 4.375, 1.875], "texture": "#1"},
				"up": {"uv": [2.25, 4.375, 1.625, 3.375], "texture": "#1"},
				"down": {"uv": [4, 1.875, 3.375, 2.875], "texture": "#1"}
			}
		}
	],
	"display": {
		"head": {
			"translation": [1.5, 3.75, 26.75],
			"scale": [4, 4, 4]
		}
	},
	"groups": [
		{
			"name": "root",
			"origin": [5, -15, -3],
			"color": 0,
			"children": [
				{
					"name": "tail",
					"origin": [9, 0, -27],
					"color": 0,
					"children": [
						{
							"name": "0",
							"origin": [9, 0, -27],
							"color": 0,
							"children": [0, 1]
						}
					]
				}
			]
		}
	]
}