{
	"credit": "Made with Blockbench",
	"texture_size": [32, 32],
	"textures": {
		"0": "reus/head",
		"particle": "reus/head"
	},
	"elements": [
		{
			"from": [4.29029, 2.99684, -2.33484],
			"to": [11.70971, 7.62146, 2.13534],
			"rotation": {"angle": 0, "axis": "y", "origin": [12.75675, 7.7536, -16.36314]},
			"faces": {
				"north": {"uv": [2, 9.25, 3, 10.5], "texture": "#0"},
				"east": {"uv": [2, 9.25, 3, 10.5], "texture": "#0"},
				"south": {"uv": [2, 9.25, 3, 10.5], "texture": "#0"},
				"west": {"uv": [2, 9.25, 3, 10.5], "texture": "#0"},
				"up": {"uv": [2, 9.5, 3, 10.5], "texture": "#0"},
				"down": {"uv": [2, 9.25, 3, 10.5], "texture": "#0"}
			}
		},
		{
			"from": [3.70529, 3.97184, -0.18984],
			"to": [12.29471, 6.64646, 2.91534],
			"rotation": {"angle": 0, "axis": "y", "origin": [12.75675, 8.7286, -16.75314]},
			"faces": {
				"north": {"uv": [2, 9.25, 3, 10.5], "texture": "#0"},
				"east": {"uv": [2, 9.25, 3, 10.5], "texture": "#0"},
				"south": {"uv": [2, 9.25, 3, 10.5], "texture": "#0"},
				"west": {"uv": [2, 9.25, 3, 10.5], "texture": "#0"},
				"up": {"uv": [2, 9.5, 3, 10.5], "texture": "#0"},
				"down": {"uv": [2, 9.25, 3, 10.5], "texture": "#0"}
			}
		},
		{
			"from": [5.42148, 7.62146, -1.47684],
			"to": [10.57852, 9.01357, 3.54714],
			"rotation": {"angle": 0, "axis": "y", "origin": [12.75675, 7.7536, -16.36314]},
			"faces": {
				"north": {"uv": [2, 9.25, 3, 10.5], "texture": "#0"},
				"east": {"uv": [2, 9.25, 3, 10.5], "texture": "#0"},
				"south": {"uv": [2, 9.25, 3, 10.5], "texture": "#0"},
				"west": {"uv": [0, 11, 1.5, 11.75], "texture": "#0"},
				"up": {"uv": [2, 9.5, 3, 10.5], "texture": "#0"},
				"down": {"uv": [2, 9.25, 3, 10.5], "texture": "#0"}
			}
		},
		{
			"from": [4.93398, 7.62146, 0.47316],
			"to": [11.06602, 9.98857, 6.95964],
			"rotation": {"angle": 0, "axis": "y", "origin": [12.75675, 7.7536, -16.36314]},
			"faces": {
				"north": {"uv": [2, 9.25, 3, 10.5], "texture": "#0"},
				"east": {"uv": [2, 9.25, 3, 10.5], "texture": "#0"},
				"south": {"uv": [2, 9.25, 3, 10.5], "texture": "#0"},
				"west": {"uv": [0, 11, 1.5, 11.75], "texture": "#0"},
				"up": {"uv": [2, 9.5, 3, 10.5], "texture": "#0"},
				"down": {"uv": [2, 9.25, 3, 10.5], "texture": "#0"}
			}
		},
		{
			"from": [6.88398, 9.86396, 0.47316],
			"to": [9.11602, 10.37857, 6.95964],
			"rotation": {"angle": 0, "axis": "y", "origin": [12.75675, 9.7036, -16.36314]},
			"faces": {
				"north": {"uv": [9.5, 8.25, 10.5, 9.25], "texture": "#0"},
				"east": {"uv": [9.5, 8.25, 10.5, 9.25], "texture": "#0"},
				"south": {"uv": [9.5, 8.25, 10.5, 9.25], "texture": "#0"},
				"west": {"uv": [9.5, 8.25, 10.5, 9.25], "texture": "#0"},
				"up": {"uv": [9.5, 8.25, 10.5, 9.25], "texture": "#0"},
				"down": {"uv": [9.5, 8.25, 10.5, 9.25], "texture": "#0"}
			}
		},
		{
			"from": [3.72713, 2.99684, 2.13534],
			"to": [12.27287, 7.62146, 6.94014],
			"rotation": {"angle": 0, "axis": "y", "origin": [12.75675, 7.7536, -16.36314]},
			"faces": {
				"north": {"uv": [2, 9.25, 3, 10.5], "texture": "#0"},
				"east": {"uv": [2, 9.25, 3, 10.5], "texture": "#0"},
				"south": {"uv": [2, 9.25, 3, 10.5], "texture": "#0"},
				"west": {"uv": [2, 9.25, 3, 10.5], "texture": "#0"},
				"up": {"uv": [2, 9.5, 3, 10.5], "texture": "#0"},
				"down": {"uv": [2, 9.25, 3, 10.5], "texture": "#0"}
			}
		},
		{
			"from": [5.93874, 0.5556, -2.33484],
			"to": [10.06126, 2.99684, 2.25546],
			"rotation": {"angle": 0, "axis": "y", "origin": [12.75675, 7.7536, -16.36314]},
			"faces": {
				"north": {"uv": [0, 1.5, 1.5, 3], "texture": "#0"},
				"east": {"uv": [0, 1.5, 1.5, 3], "texture": "#0"},
				"south": {"uv": [0, 1.5, 1.5, 3], "texture": "#0"},
				"west": {"uv": [0, 1.5, 1.5, 3], "texture": "#0"},
				"up": {"uv": [0, 1.5, 1.5, 3], "texture": "#0"},
				"down": {"uv": [0, 1.5, 1.5, 3], "texture": "#0"}
			}
		},
		{
			"from": [4.47624, 1.7256, -0.77484],
			"to": [11.52376, 2.99684, 3.81546],
			"rotation": {"angle": 0, "axis": "y", "origin": [12.75675, 7.7536, -14.80314]},
			"faces": {
				"north": {"uv": [0, 1.5, 1.5, 3], "texture": "#0"},
				"east": {"uv": [0, 1.5, 1.5, 3], "texture": "#0"},
				"south": {"uv": [0, 1.5, 1.5, 3], "texture": "#0"},
				"west": {"uv": [0, 1.5, 1.5, 3], "texture": "#0"},
				"up": {"uv": [0, 1.5, 1.5, 3], "texture": "#0"},
				"down": {"uv": [0, 1.5, 1.5, 3], "texture": "#0"}
			}
		},
		{
			"from": [3.98874, 2.7006, 0.00516],
			"to": [12.01126, 3.97184, 2.93796],
			"rotation": {"angle": 0, "axis": "y", "origin": [12.75675, 7.7536, -14.80314]},
			"faces": {
				"north": {"uv": [0, 1.5, 1.5, 3], "texture": "#0"},
				"east": {"uv": [0, 1.5, 1.5, 3], "texture": "#0"},
				"south": {"uv": [0, 1.5, 1.5, 3], "texture": "#0"},
				"west": {"uv": [0, 1.5, 1.5, 3], "texture": "#0"},
				"up": {"uv": [0, 1.5, 1.5, 3], "texture": "#0"},
				"down": {"uv": [0, 1.5, 1.5, 3], "texture": "#0"}
			}
		},
		{
			"from": [4.88808, -0.10506, 2.13534],
			"to": [11.11192, 2.99684, 7.06026],
			"rotation": {"angle": 0, "axis": "y", "origin": [12.75675, 7.7536, -16.36314]},
			"faces": {
				"north": {"uv": [0, 1.5, 1.5, 3], "texture": "#0"},
				"east": {"uv": [0, 1.5, 1.5, 3], "texture": "#0"},
				"south": {"uv": [0, 1.5, 1.5, 3], "texture": "#0"},
				"west": {"uv": [0, 1.5, 1.5, 3], "texture": "#0"},
				"up": {"uv": [0, 1.5, 1.5, 3], "texture": "#0"},
				"down": {"uv": [0, 1.5, 1.5, 3], "texture": "#0"}
			}
		},
		{
			"from": [7.5515, 10.00963, -0.17435],
			"to": [8.4485, 13.03213, 0.41065],
			"rotation": {"angle": 22.5, "axis": "x", "origin": [7.9025, 9.26863, -1.14935]},
			"faces": {
				"north": {"uv": [1.25, 3.5, 1.5, 4.25], "rotation": 180, "texture": "#0"},
				"east": {"uv": [1.25, 3.5, 1.5, 4.25], "rotation": 90, "texture": "#0"},
				"south": {"uv": [1.25, 3.5, 1.5, 4.25], "texture": "#0"},
				"west": {"uv": [1.25, 3.5, 1.5, 4.25], "rotation": 270, "texture": "#0"},
				"up": {"uv": [1.25, 3.5, 1.5, 4.25], "texture": "#0"},
				"down": {"uv": [1.25, 3.5, 1.5, 4.25], "rotation": 180, "texture": "#0"}
			}
		},
		{
			"from": [7.5515, 10.59463, 2.06815],
			"to": [8.4485, 13.61713, 2.65315],
			"rotation": {"angle": 22.5, "axis": "x", "origin": [7.9025, 9.85363, 1.09315]},
			"faces": {
				"north": {"uv": [1.25, 3.5, 1.5, 4.25], "rotation": 180, "texture": "#0"},
				"east": {"uv": [1.25, 3.5, 1.5, 4.25], "rotation": 90, "texture": "#0"},
				"south": {"uv": [1.25, 3.5, 1.5, 4.25], "texture": "#0"},
				"west": {"uv": [1.25, 3.5, 1.5, 4.25], "rotation": 270, "texture": "#0"},
				"up": {"uv": [1.25, 3.5, 1.5, 4.25], "texture": "#0"},
				"down": {"uv": [1.25, 3.5, 1.5, 4.25], "rotation": 180, "texture": "#0"}
			}
		},
		{
			"from": [7.5515, 11.17963, 4.31065],
			"to": [8.4485, 14.20213, 4.89565],
			"rotation": {"angle": 22.5, "axis": "x", "origin": [7.9025, 10.43863, 3.33565]},
			"faces": {
				"north": {"uv": [1.25, 3.5, 1.5, 4.25], "rotation": 180, "texture": "#0"},
				"east": {"uv": [1.25, 3.5, 1.5, 4.25], "rotation": 90, "texture": "#0"},
				"south": {"uv": [1.25, 3.5, 1.5, 4.25], "texture": "#0"},
				"west": {"uv": [1.25, 3.5, 1.5, 4.25], "rotation": 270, "texture": "#0"},
				"up": {"uv": [1.25, 3.5, 1.5, 4.25], "texture": "#0"},
				"down": {"uv": [1.25, 3.5, 1.5, 4.25], "rotation": 180, "texture": "#0"}
			}
		},
		{
			"from": [7.5515, 8.16856, -1.54614],
			"to": [8.4485, 10.99606, -0.96114],
			"rotation": {"angle": 22.5, "axis": "x", "origin": [8, 8.85106, -1.25364]},
			"faces": {
				"north": {"uv": [1.25, 3.5, 1.5, 4.25], "rotation": 180, "texture": "#0"},
				"east": {"uv": [1.25, 3.5, 1.5, 4.25], "rotation": 90, "texture": "#0"},
				"south": {"uv": [1.25, 3.5, 1.5, 4.25], "texture": "#0"},
				"west": {"uv": [1.25, 3.5, 1.5, 4.25], "rotation": 270, "texture": "#0"},
				"up": {"uv": [1.25, 3.5, 1.5, 4.25], "texture": "#0"},
				"down": {"uv": [1.25, 3.5, 1.5, 4.25], "rotation": 180, "texture": "#0"}
			}
		},
		{
			"from": [6.7715, 9.13213, -0.56435],
			"to": [9.2285, 11.37463, 1.19065],
			"rotation": {"angle": 22.5, "axis": "x", "origin": [7.9025, 9.26863, -1.14935]},
			"faces": {
				"north": {"uv": [1.25, 3.5, 1.5, 4.25], "rotation": 180, "texture": "#0"},
				"east": {"uv": [1.25, 3.5, 1.5, 4.25], "rotation": 90, "texture": "#0"},
				"south": {"uv": [1.25, 3.5, 1.5, 4.25], "texture": "#0"},
				"west": {"uv": [1.25, 3.5, 1.5, 4.25], "rotation": 270, "texture": "#0"},
				"up": {"uv": [1.25, 3.5, 1.5, 4.25], "texture": "#0"},
				"down": {"uv": [1.25, 3.5, 1.5, 4.25], "rotation": 180, "texture": "#0"}
			}
		},
		{
			"from": [6.7715, 9.71713, 1.67815],
			"to": [9.2285, 11.95963, 3.43315],
			"rotation": {"angle": 22.5, "axis": "x", "origin": [7.9025, 9.85363, 1.09315]},
			"faces": {
				"north": {"uv": [1.25, 3.5, 1.5, 4.25], "rotation": 180, "texture": "#0"},
				"east": {"uv": [1.25, 3.5, 1.5, 4.25], "rotation": 90, "texture": "#0"},
				"south": {"uv": [1.25, 3.5, 1.5, 4.25], "texture": "#0"},
				"west": {"uv": [1.25, 3.5, 1.5, 4.25], "rotation": 270, "texture": "#0"},
				"up": {"uv": [1.25, 3.5, 1.5, 4.25], "texture": "#0"},
				"down": {"uv": [1.25, 3.5, 1.5, 4.25], "rotation": 180, "texture": "#0"}
			}
		},
		{
			"from": [6.7715, 9.91213, 3.92065],
			"to": [9.2285, 12.54463, 5.67565],
			"rotation": {"angle": 22.5, "axis": "x", "origin": [7.9025, 10.43863, 3.33565]},
			"faces": {
				"north": {"uv": [1.25, 3.5, 1.5, 4.25], "rotation": 180, "texture": "#0"},
				"east": {"uv": [1.25, 3.5, 1.5, 4.25], "rotation": 90, "texture": "#0"},
				"south": {"uv": [1.25, 3.5, 1.5, 4.25], "texture": "#0"},
				"west": {"uv": [1.25, 3.5, 1.5, 4.25], "rotation": 270, "texture": "#0"},
				"up": {"uv": [1.25, 3.5, 1.5, 4.25], "texture": "#0"},
				"down": {"uv": [1.25, 3.5, 1.5, 4.25], "rotation": 180, "texture": "#0"}
			}
		},
		{
			"from": [6.9665, 7.29106, -2.13114],
			"to": [9.0335, 9.53356, -0.37614],
			"rotation": {"angle": 22.5, "axis": "x", "origin": [8, 8.85106, -1.25364]},
			"faces": {
				"north": {"uv": [1.25, 3.5, 1.5, 4.25], "rotation": 180, "texture": "#0"},
				"east": {"uv": [1.25, 3.5, 1.5, 4.25], "rotation": 90, "texture": "#0"},
				"south": {"uv": [1.25, 3.5, 1.5, 4.25], "texture": "#0"},
				"west": {"uv": [1.25, 3.5, 1.5, 4.25], "rotation": 270, "texture": "#0"},
				"up": {"uv": [1.25, 3.5, 1.5, 4.25], "texture": "#0"},
				"down": {"uv": [1.25, 3.5, 1.5, 4.25], "rotation": 180, "texture": "#0"}
			}
		}
	],
	"display": {
		"head": {
			"translation": [0, 2.75, 10.75],
			"scale": [4, 4, 4]
		}
	},
	"groups": [
		{
			"name": "root",
			"origin": [8, 8, 8],
			"children": [
				{
					"name": "body",
					"origin": [8, 8, 8],
					"children": [
						{
							"name": "0",
							"origin": [8, 8, 8],
							"children": [0, 1, 2, 3, 4, 5, 6, 7, 8, 9,
								{
									"name": "group",
									"origin": [8, 9.68615, -3.23345],
									"children": [10, 11, 12, 13, 14, 15, 16, 17]
								}
							]
						}
					]
				}
			]
		}
	]
}