{
	"credit": "Made with Blockbench",
	"texture_size": [32, 32],
	"textures": {
		"0": "reus/head",
		"particle": "reus/head"
	},
	"elements": [
		{
			"from": [3.33713, 2.99684, 6.94014],
			"to": [12.66287, 7.62146, 15.53262],
			"rotation": {"angle": 0, "axis": "y", "origin": [12.75675, 7.7536, -16.36314]},
			"faces": {
				"north": {"uv": [2, 9.25, 3, 10.5], "texture": "#0"},
				"east": {"uv": [2, 9.25, 3, 10.5], "texture": "#0"},
				"south": {"uv": [2, 9.25, 3, 10.5], "texture": "#0"},
				"west": {"uv": [2, 9.25, 3, 10.5], "texture": "#0"},
				"up": {"uv": [2, 9.5, 3, 10.5], "texture": "#0"},
				"down": {"uv": [2, 9.25, 3, 10.5], "texture": "#0"}
			}
		},
		{
			"from": [4.25363, 2.99684, 15.42264],
			"to": [11.74637, 7.62146, 19.43262],
			"rotation": {"angle": 0, "axis": "y", "origin": [12.75675, 7.7536, -12.46314]},
			"faces": {
				"north": {"uv": [2, 9.25, 3, 10.5], "texture": "#0"},
				"east": {"uv": [2, 9.25, 3, 10.5], "texture": "#0"},
				"south": {"uv": [2, 9.25, 3, 10.5], "texture": "#0"},
				"west": {"uv": [2, 9.25, 3, 10.5], "texture": "#0"},
				"up": {"uv": [2, 9.5, 3, 10.5], "texture": "#0"},
				"down": {"uv": [2, 9.25, 3, 10.5], "texture": "#0"}
			}
		},
		{
			"from": [4.92911, 7.62146, 6.94014],
			"to": [11.07089, 9.99344, 16.42962],
			"rotation": {"angle": 0, "axis": "y", "origin": [12.75675, 7.7536, -16.36314]},
			"faces": {
				"north": {"uv": [2, 9.25, 3, 10.5], "texture": "#0"},
				"east": {"uv": [2, 9.25, 3, 10.5], "texture": "#0"},
				"south": {"uv": [2, 9.25, 3, 10.5], "texture": "#0"},
				"west": {"uv": [0, 11, 1.5, 11.75], "texture": "#0"},
				"up": {"uv": [2, 9.5, 3, 10.5], "texture": "#0"},
				"down": {"uv": [2, 9.25, 3, 10.5], "texture": "#0"}
			}
		},
		{
			"from": [5.51411, 7.62146, 16.39764],
			"to": [10.48589, 9.40844, 19.40337],
			"rotation": {"angle": 0, "axis": "y", "origin": [12.75675, 7.7536, -13.34064]},
			"faces": {
				"north": {"uv": [2, 9.25, 3, 10.5], "texture": "#0"},
				"east": {"uv": [2, 9.25, 3, 10.5], "texture": "#0"},
				"south": {"uv": [2, 9.25, 3, 10.5], "texture": "#0"},
				"west": {"uv": [0, 11, 1.5, 11.75], "texture": "#0"},
				"up": {"uv": [2, 9.5, 3, 10.5], "texture": "#0"},
				"down": {"uv": [2, 9.25, 3, 10.5], "texture": "#0"}
			}
		},
		{
			"from": [5.08308, 0.47994, 6.94014],
			"to": [10.91692, 2.99684, 15.04512],
			"rotation": {"angle": 0, "axis": "y", "origin": [12.75675, 7.7536, -16.36314]},
			"faces": {
				"north": {"uv": [0, 1.5, 1.5, 3], "texture": "#0"},
				"east": {"uv": [0, 1.5, 1.5, 3], "texture": "#0"},
				"south": {"uv": [0, 1.5, 1.5, 3], "texture": "#0"},
				"west": {"uv": [0, 1.5, 1.5, 3], "texture": "#0"},
				"up": {"uv": [0, 1.5, 1.5, 3], "texture": "#0"},
				"down": {"uv": [0, 1.5, 1.5, 3], "texture": "#0"}
			}
		},
		{
			"from": [5.66808, 1.25994, 15.03264],
			"to": [10.33192, 2.99684, 19.43262],
			"rotation": {"angle": 0, "axis": "y", "origin": [12.75675, 7.7536, -8.27064]},
			"faces": {
				"north": {"uv": [0, 1.5, 1.5, 3], "texture": "#0"},
				"east": {"uv": [0, 1.5, 1.5, 3], "texture": "#0"},
				"south": {"uv": [0, 1.5, 1.5, 3], "texture": "#0"},
				"west": {"uv": [0, 1.5, 1.5, 3], "texture": "#0"},
				"up": {"uv": [0, 1.5, 1.5, 3], "texture": "#0"},
				"down": {"uv": [0, 1.5, 1.5, 3], "texture": "#0"}
			}
		},
		{
			"from": [6.88398, 9.27896, 8.27316],
			"to": [9.11602, 10.37857, 16.70964],
			"rotation": {"angle": 0, "axis": "y", "origin": [12.75675, 9.7036, -8.56314]},
			"faces": {
				"north": {"uv": [9.5, 8.25, 10.5, 9.25], "texture": "#0"},
				"east": {"uv": [9.5, 8.25, 10.5, 9.25], "texture": "#0"},
				"south": {"uv": [9.5, 8.25, 10.5, 9.25], "texture": "#0"},
				"west": {"uv": [9.5, 8.25, 10.5, 9.25], "texture": "#0"},
				"up": {"uv": [9.5, 8.25, 10.5, 9.25], "texture": "#0"},
				"down": {"uv": [9.5, 8.25, 10.5, 9.25], "texture": "#0"}
			}
		},
		{
			"from": [7.07898, 9.27896, 16.46316],
			"to": [8.92102, 9.59857, 19.39089],
			"rotation": {"angle": 0, "axis": "y", "origin": [12.75675, 9.7036, -5.83314]},
			"faces": {
				"north": {"uv": [9.5, 8.25, 10.5, 9.25], "texture": "#0"},
				"east": {"uv": [9.5, 8.25, 10.5, 9.25], "texture": "#0"},
				"south": {"uv": [9.5, 8.25, 10.5, 9.25], "texture": "#0"},
				"west": {"uv": [9.5, 8.25, 10.5, 9.25], "texture": "#0"},
				"up": {"uv": [9.5, 8.25, 10.5, 9.25], "texture": "#0"},
				"down": {"uv": [9.5, 8.25, 10.5, 9.25], "texture": "#0"}
			}
		},
		{
			"from": [6.7765, 8.48863, 6.79915],
			"to": [8.1235, 9.44363, 7.56165],
			"rotation": {"angle": -45, "axis": "x", "origin": [7.9025, 10.82863, 5.87065]},
			"faces": {
				"north": {"uv": [1.25, 3.5, 1.5, 4.25], "texture": "#0"},
				"east": {"uv": [2, 10.75, 2.25, 11.5], "texture": "#0"},
				"south": {"uv": [3, 5.25, 3.5, 6], "rotation": 270, "texture": "#0"},
				"west": {"uv": [9.5, 8.75, 9.75, 9.5], "texture": "#0"},
				"up": {"uv": [1.5, 10.75, 2.5, 11.25], "texture": "#0"},
				"down": {"uv": [1.25, 3.5, 1.5, 4.25], "texture": "#0"}
			}
		},
		{
			"from": [6.5765, 8.48863, 5.14915],
			"to": [9.4235, 10.24363, 6.81165],
			"rotation": {"angle": -45, "axis": "x", "origin": [7.9025, 10.82863, 5.87065]},
			"faces": {
				"north": {"uv": [1.25, 3.5, 1.5, 4.25], "texture": "#0"},
				"east": {"uv": [1.25, 3.5, 1.5, 4.25], "texture": "#0"},
				"south": {"uv": [0.75, 2, 1.5, 3.25], "rotation": 90, "texture": "#0"},
				"west": {"uv": [1.25, 3.5, 1.5, 4.25], "texture": "#0"},
				"up": {"uv": [1.25, 3.5, 1.5, 4.25], "texture": "#0"},
				"down": {"uv": [1.25, 3.5, 1.5, 4.25], "texture": "#0"}
			}
		},
		{
			"from": [7.72525, 8.09863, 10.13915],
			"to": [9.37475, 9.75613, 10.90165],
			"rotation": {"angle": -45, "axis": "x", "origin": [7.9025, 10.43863, 8.60065]},
			"faces": {
				"north": {"uv": [0.75, 3.25, 1.25, 3.5], "rotation": 270, "texture": "#0"},
				"east": {"uv": [0.75, 3.25, 1.25, 3.5], "rotation": 270, "texture": "#0"},
				"south": {"uv": [0.75, 2.75, 1.25, 3.5], "rotation": 270, "texture": "#0"},
				"west": {"uv": [2, 10.75, 2.5, 11], "rotation": 270, "texture": "#0"},
				"up": {"uv": [0.75, 3.25, 1.25, 3.5], "rotation": 270, "texture": "#0"},
				"down": {"uv": [0.75, 3.25, 1.25, 3.5], "rotation": 270, "texture": "#0"}
			}
		},
		{
			"from": [6.62525, 8.09863, 8.46415],
			"to": [9.37475, 9.75613, 10.15165],
			"rotation": {"angle": -45, "axis": "x", "origin": [7.9025, 10.43863, 8.60065]},
			"faces": {
				"north": {"uv": [1.25, 3.5, 1.5, 4.25], "texture": "#0"},
				"east": {"uv": [1.25, 3.5, 1.5, 4.25], "texture": "#0"},
				"south": {"uv": [2, 10.5, 2.25, 11.25], "texture": "#0"},
				"west": {"uv": [1.25, 3.5, 1.5, 4.25], "texture": "#0"},
				"up": {"uv": [1.25, 3.5, 1.5, 4.25], "texture": "#0"},
				"down": {"uv": [1.25, 3.5, 1.5, 4.25], "texture": "#0"}
			}
		},
		{
			"from": [6.674, 9.24156, 10.09797],
			"to": [9.326, 10.89906, 14.48547],
			"rotation": {"angle": -45, "axis": "x", "origin": [8, 10.19219, 13.48609]},
			"faces": {
				"north": {"uv": [1.25, 3.5, 1.5, 4.25], "texture": "#0"},
				"east": {"uv": [1.25, 3.5, 1.5, 4.25], "texture": "#0"},
				"south": {"uv": [1.25, 3.5, 1.5, 4.25], "texture": "#0"},
				"west": {"uv": [1.25, 3.5, 1.5, 4.25], "texture": "#0"},
				"up": {"uv": [1.25, 3.5, 1.5, 4.25], "texture": "#0"},
				"down": {"uv": [1.25, 3.5, 1.5, 4.25], "texture": "#0"}
			}
		},
		{
			"from": [6.869, 9.87409, 13.36473],
			"to": [9.131, 11.14159, 17.75223],
			"rotation": {"angle": -22.5, "axis": "x", "origin": [8, 10.43472, 17.3866]},
			"faces": {
				"north": {"uv": [1.25, 3.5, 1.5, 4.25], "texture": "#0"},
				"east": {"uv": [1.25, 3.5, 1.5, 4.25], "texture": "#0"},
				"south": {"uv": [1.25, 3.5, 1.5, 4.25], "texture": "#0"},
				"west": {"uv": [1.25, 3.5, 1.5, 4.25], "texture": "#0"},
				"up": {"uv": [1.25, 3.5, 1.5, 4.25], "texture": "#0"},
				"down": {"uv": [1.25, 3.5, 1.5, 4.25], "texture": "#0"}
			}
		},
		{
			"from": [6.869, 8.89909, 15.70473],
			"to": [9.131, 10.16659, 20.09223],
			"rotation": {"angle": -22.5, "axis": "x", "origin": [8, 9.45972, 19.7266]},
			"faces": {
				"north": {"uv": [1.25, 3.5, 1.5, 4.25], "texture": "#0"},
				"east": {"uv": [1.25, 3.5, 1.5, 4.25], "texture": "#0"},
				"south": {"uv": [1.25, 3.5, 1.5, 4.25], "texture": "#0"},
				"west": {"uv": [1.25, 3.5, 1.5, 4.25], "texture": "#0"},
				"up": {"uv": [1.25, 3.5, 1.5, 4.25], "texture": "#0"},
				"down": {"uv": [1.25, 3.5, 1.5, 4.25], "texture": "#0"}
			}
		},
		{
			"from": [8.15525, 8.87863, 9.34165],
			"to": [8.59475, 9.46363, 12.18665],
			"rotation": {"angle": -45, "axis": "x", "origin": [7.9025, 10.43863, 8.60065]},
			"faces": {
				"north": {"uv": [1.25, 3.5, 1.5, 4.25], "texture": "#0"},
				"east": {"uv": [1.25, 3.5, 1.5, 4.25], "texture": "#0"},
				"south": {"uv": [2, 10.75, 2.25, 11.5], "texture": "#0"},
				"west": {"uv": [2, 10.5, 2.25, 11.25], "texture": "#0"},
				"up": {"uv": [1.25, 3.5, 1.5, 4.25], "texture": "#0"},
				"down": {"uv": [1.25, 3.5, 1.5, 4.25], "texture": "#0"}
			}
		},
		{
			"from": [7.40525, 10.02156, 12.92547],
			"to": [8.59475, 10.60656, 16.43547],
			"rotation": {"angle": -45, "axis": "x", "origin": [8, 10.19219, 13.48609]},
			"faces": {
				"north": {"uv": [1.25, 3.5, 1.5, 4.25], "texture": "#0"},
				"east": {"uv": [1.25, 3.5, 1.5, 4.25], "texture": "#0"},
				"south": {"uv": [1.25, 3.5, 1.5, 4.25], "texture": "#0"},
				"west": {"uv": [1.25, 3.5, 1.5, 4.25], "texture": "#0"},
				"up": {"uv": [1.25, 3.5, 1.5, 4.25], "texture": "#0"},
				"down": {"uv": [1.25, 3.5, 1.5, 4.25], "texture": "#0"}
			}
		},
		{
			"from": [7.60025, 10.26409, 16.19223],
			"to": [8.39975, 10.84909, 19.70223],
			"rotation": {"angle": -22.5, "axis": "x", "origin": [8, 10.43472, 17.3866]},
			"faces": {
				"north": {"uv": [1.25, 3.5, 1.5, 4.25], "texture": "#0"},
				"east": {"uv": [1.25, 3.5, 1.5, 4.25], "texture": "#0"},
				"south": {"uv": [1.25, 3.5, 1.5, 4.25], "texture": "#0"},
				"west": {"uv": [1.25, 3.5, 1.5, 4.25], "texture": "#0"},
				"up": {"uv": [1.25, 3.5, 1.5, 4.25], "texture": "#0"},
				"down": {"uv": [1.25, 3.5, 1.5, 4.25], "texture": "#0"}
			}
		},
		{
			"from": [7.60025, 9.28909, 18.53223],
			"to": [8.39975, 9.87409, 22.04223],
			"rotation": {"angle": -22.5, "axis": "x", "origin": [8, 9.45972, 19.7266]},
			"faces": {
				"north": {"uv": [1.25, 3.5, 1.5, 4.25], "texture": "#0"},
				"east": {"uv": [1.25, 3.5, 1.5, 4.25], "texture": "#0"},
				"south": {"uv": [1.25, 3.5, 1.5, 4.25], "texture": "#0"},
				"west": {"uv": [1.25, 3.5, 1.5, 4.25], "texture": "#0"},
				"up": {"uv": [1.25, 3.5, 1.5, 4.25], "texture": "#0"},
				"down": {"uv": [1.25, 3.5, 1.5, 4.25], "texture": "#0"}
			}
		}
	],
	"display": {
		"head": {
			"translation": [0, 2.75, -12.25],
			"scale": [4, 4, 4]
		}
	},
	"groups": [
		{
			"name": "root",
			"origin": [8, 8, 8],
			"children": [
				{
					"name": "body",
					"origin": [8, 8, 8],
					"children": [
						{
							"name": "1",
							"origin": [9.8, 10.53615, -0.43345],
							"children": [0, 1, 2, 3, 4, 5, 6, 7,
								{
									"name": "group",
									"origin": [8, 11.08615, 2.26655],
									"children": [8, 9, 10, 11, 12, 13, 14, 15, 16, 17, 18]
								}
							]
						}
					]
				}
			]
		}
	]
}