{
	"credit": "Made with Blockbench",
	"texture_size": [32, 32],
	"textures": {
		"0": "reus/head",
		"particle": "reus/head"
	},
	"elements": [
		{
			"from": [6.53633, 10.42716, 6.58515],
			"to": [9.46133, 11.40216, 11.94765],
			"rotation": {"angle": 0, "axis": "y", "origin": [10.92383, 9.93966, 10.97265]},
			"faces": {
				"north": {"uv": [8.25, 1.75, 10.25, 2.75], "texture": "#0"},
				"east": {"uv": [9.75, 6.75, 10.25, 9.5], "rotation": 90, "texture": "#0"},
				"south": {"uv": [4.5, 2, 5.5, 2.5], "texture": "#0"},
				"west": {"uv": [9.5, 7.25, 10, 9.5], "rotation": 90, "texture": "#0"},
				"up": {"uv": [10.25, 3.25, 8.25, 1.5], "texture": "#0"},
				"down": {"uv": [3.5, 0, 2.5, 1.5], "texture": "#0"}
			}
		},
		{
			"from": [6.04883, 9.45216, 5.61015],
			"to": [9.94883, 10.42716, 11.94765],
			"rotation": {"angle": 0, "axis": "y", "origin": [10.92383, 9.93966, 10.97265]},
			"faces": {
				"north": {"uv": [4.5, 3.5, 5.5, 4], "texture": "#0"},
				"east": {"uv": [3.5, 3, 5, 3.5], "texture": "#0"},
				"south": {"uv": [4.5, 4, 5.5, 4.5], "texture": "#0"},
				"west": {"uv": [2, 4.5, 3.5, 5], "texture": "#0"},
				"up": {"uv": [1, 4.5, 0, 3], "texture": "#0"},
				"down": {"uv": [2, 3.5, 1, 5], "texture": "#0"}
			}
		},
		{
			"from": [6.24383, 7.01466, 4.14765],
			"to": [9.75383, 9.45216, 5.61015],
			"rotation": {"angle": 0, "axis": "y", "origin": [10.92383, 9.93966, 10.97265]},
			"faces": {
				"north": {"uv": [10.5, 1.5, 12.5, 3], "texture": "#0"},
				"east": {"uv": [4.25, 1.5, 4.5, 2], "texture": "#0"},
				"south": {"uv": [1, 5, 2, 5.5], "texture": "#0"},
				"west": {"uv": [2.5, 2, 2.75, 2.5], "texture": "#0"},
				"up": {"uv": [2.5, 3.5, 1.5, 3.25], "texture": "#0"},
				"down": {"uv": [3.5, 4.25, 2.5, 4.5], "texture": "#0"}
			}
		},
		{
			"from": [5.75633, 7.01466, 5.61015],
			"to": [10.24133, 9.45216, 11.94765],
			"rotation": {"angle": 0, "axis": "y", "origin": [10.92383, 9.93966, 10.97265]},
			"faces": {
				"north": {"uv": [0, 5, 1, 5.5], "texture": "#0"},
				"east": {"uv": [2.5, 1.5, 4.25, 2], "texture": "#0"},
				"south": {"uv": [1, 5, 2, 5.5], "texture": "#0"},
				"west": {"uv": [2.75, 2, 4.5, 2.5], "texture": "#0"},
				"up": {"uv": [2.5, 3.5, 1.5, 1.5], "texture": "#0"},
				"down": {"uv": [3.5, 2.5, 2.5, 4.5], "texture": "#0"}
			}
		},
		{
			"from": [5.95133, 6.03966, 10.09515],
			"to": [10.24133, 9.06216, 11.36265],
			"rotation": {"angle": 0, "axis": "y", "origin": [10.92383, 9.93966, 10.97265]},
			"faces": {
				"north": {"uv": [0, 5, 1, 5.5], "texture": "#0"},
				"east": {"uv": [2.5, 1.5, 4.25, 2], "texture": "#0"},
				"south": {"uv": [1, 5, 2, 5.5], "texture": "#0"},
				"west": {"uv": [2.75, 2, 4.5, 2.5], "texture": "#0"},
				"up": {"uv": [2.5, 3.5, 1.5, 1.5], "texture": "#0"},
				"down": {"uv": [3.5, 2.5, 2.5, 4.5], "texture": "#0"}
			}
		},
		{
			"from": [6.53633, 7.01466, 2.19765],
			"to": [9.46133, 8.57466, 4.14765],
			"rotation": {"angle": 0, "axis": "y", "origin": [10.92383, 9.93966, 10.97265]},
			"faces": {
				"north": {"uv": [2, 5, 3, 5.5], "texture": "#0"},
				"east": {"uv": [1, 3, 1.5, 3.5], "texture": "#0"},
				"south": {"uv": [3, 5, 4, 5.5], "texture": "#0"},
				"west": {"uv": [2, 3.5, 2.5, 4], "texture": "#0"},
				"up": {"uv": [5, 5.5, 4, 5], "texture": "#0"},
				"down": {"uv": [6, 5, 5, 5.5], "texture": "#0"}
			}
		},
		{
			"from": [7.51133, 7.01466, 0.93015],
			"to": [8.48633, 7.98966, 2.19765],
			"rotation": {"angle": 0, "axis": "y", "origin": [10.92383, 9.93966, 10.97265]},
			"faces": {
				"north": {"uv": [2, 4, 2.5, 4.5], "texture": "#0"},
				"east": {"uv": [4, 5.5, 4.5, 6], "texture": "#0"},
				"south": {"uv": [4.5, 5.5, 5, 6], "texture": "#0"},
				"west": {"uv": [5, 5.5, 5.5, 6], "texture": "#0"},
				"up": {"uv": [6, 6, 5.5, 5.5], "texture": "#0"},
				"down": {"uv": [6, 2, 5.5, 2.5], "texture": "#0"}
			}
		},
		{
			"from": [7.70633, 6.03966, 0.73515],
			"to": [8.29133, 7.01466, 1.32015],
			"rotation": {"angle": 45, "axis": "x", "origin": [8.97383, 6.52716, 1.41765]},
			"faces": {
				"north": {"uv": [5.5, 3.5, 6, 4], "texture": "#0"},
				"east": {"uv": [5.5, 4, 6, 4.5], "texture": "#0"},
				"south": {"uv": [0, 6, 0.5, 6.5], "texture": "#0"},
				"west": {"uv": [0.5, 6, 1, 6.5], "texture": "#0"},
				"up": {"uv": [1.5, 6.5, 1, 6], "texture": "#0"},
				"down": {"uv": [2, 6, 1.5, 6.5], "texture": "#0"}
			}
		},
		{
			"from": [7.65758, 6.98354, 4.08761],
			"to": [8.34008, 8.68979, 4.59949],
			"rotation": {"angle": 22.5, "axis": "x", "origin": [7.99883, 11.43198, 7.14667]},
			"faces": {
				"north": {"uv": [2, 6, 2.5, 6.5], "texture": "#0"},
				"east": {"uv": [2.5, 6, 3, 6.5], "texture": "#0"},
				"south": {"uv": [3, 6, 3.5, 6.5], "texture": "#0"},
				"west": {"uv": [3.5, 6, 4, 6.5], "texture": "#0"},
				"up": {"uv": [4.5, 6.5, 4, 6], "texture": "#0"},
				"down": {"uv": [5, 6, 4.5, 6.5], "texture": "#0"}
			}
		},
		{
			"from": [7.26758, 6.98354, 4.57511],
			"to": [8.73008, 9.66479, 5.67199],
			"rotation": {"angle": 22.5, "axis": "x", "origin": [7.99883, 11.43198, 7.14667]},
			"faces": {
				"north": {"uv": [5, 6, 5.5, 6.5], "texture": "#0"},
				"east": {"uv": [5.5, 6, 6, 6.5], "texture": "#0"},
				"south": {"uv": [6, 6, 6.5, 6.5], "texture": "#0"},
				"west": {"uv": [6, 0, 6.5, 0.5], "texture": "#0"},
				"up": {"uv": [6.5, 1, 6, 0.5], "texture": "#0"},
				"down": {"uv": [6.5, 1, 6, 1.5], "texture": "#0"}
			}
		},
		{
			"from": [7.6332, 9.66479, 4.96511],
			"to": [8.36445, 10.76167, 5.69636],
			"rotation": {"angle": 22.5, "axis": "x", "origin": [7.99883, 11.43198, 7.14667]},
			"faces": {
				"north": {"uv": [6, 1.5, 6.5, 2], "texture": "#0"},
				"east": {"uv": [6, 2, 6.5, 2.5], "texture": "#0"},
				"south": {"uv": [6, 2.5, 6.5, 3], "texture": "#0"},
				"west": {"uv": [6, 3, 6.5, 3.5], "texture": "#0"},
				"up": {"uv": [6.5, 4, 6, 3.5], "texture": "#0"},
				"down": {"uv": [6.5, 4, 6, 4.5], "texture": "#0"}
			}
		},
		{
			"from": [7.77945, 10.76167, 5.25761],
			"to": [8.2182, 11.49292, 5.69636],
			"rotation": {"angle": 22.5, "axis": "x", "origin": [7.99883, 11.43198, 7.14667]},
			"faces": {
				"north": {"uv": [6, 4.5, 6.5, 5], "texture": "#0"},
				"east": {"uv": [6, 5, 6.5, 5.5], "texture": "#0"},
				"south": {"uv": [6, 5.5, 6.5, 6], "texture": "#0"},
				"west": {"uv": [0, 6.5, 0.5, 7], "texture": "#0"},
				"up": {"uv": [1, 7, 0.5, 6.5], "texture": "#0"},
				"down": {"uv": [1.5, 6.5, 1, 7], "texture": "#0"}
			}
		},
		{
			"from": [7.02383, 8.27129, 5.84757],
			"to": [8.97383, 11.19629, 7.31007],
			"rotation": {"angle": 22.5, "axis": "x", "origin": [7.99883, 11.60254, 7.81382]},
			"faces": {
				"north": {"uv": [1.5, 6.5, 2, 7], "texture": "#0"},
				"east": {"uv": [2, 6.5, 2.5, 7], "texture": "#0"},
				"south": {"uv": [2.5, 6.5, 3, 7], "texture": "#0"},
				"west": {"uv": [3, 6.5, 3.5, 7], "texture": "#0"},
				"up": {"uv": [4, 7, 3.5, 6.5], "texture": "#0"},
				"down": {"uv": [4.5, 6.5, 4, 7], "texture": "#0"}
			}
		},
		{
			"from": [7.51133, 11.19629, 6.33507],
			"to": [8.48633, 12.65879, 7.31007],
			"rotation": {"angle": 22.5, "axis": "x", "origin": [7.99883, 11.60254, 7.81382]},
			"faces": {
				"north": {"uv": [4.5, 6.5, 5, 7], "texture": "#0"},
				"east": {"uv": [5, 6.5, 5.5, 7], "texture": "#0"},
				"south": {"uv": [5.5, 6.5, 6, 7], "texture": "#0"},
				"west": {"uv": [6, 6.5, 6.5, 7], "texture": "#0"},
				"up": {"uv": [7, 7, 6.5, 6.5], "texture": "#0"},
				"down": {"uv": [7, 0, 6.5, 0.5], "texture": "#0"}
			}
		},
		{
			"from": [7.70633, 12.65879, 6.72507],
			"to": [8.29133, 13.63379, 7.31007],
			"rotation": {"angle": 22.5, "axis": "x", "origin": [7.99883, 11.60254, 7.81382]},
			"faces": {
				"north": {"uv": [6.5, 0.5, 7, 1], "texture": "#0"},
				"east": {"uv": [6.5, 1, 7, 1.5], "texture": "#0"},
				"south": {"uv": [6.5, 1.5, 7, 2], "texture": "#0"},
				"west": {"uv": [6.5, 2, 7, 2.5], "texture": "#0"},
				"up": {"uv": [7, 3, 6.5, 2.5], "texture": "#0"},
				"down": {"uv": [7, 3, 6.5, 3.5], "texture": "#0"}
			}
		},
		{
			"from": [7.02383, 10.15629, 7.40757],
			"to": [8.97383, 11.61879, 10.33257],
			"rotation": {"angle": -45, "axis": "x", "origin": [7.99883, 11.60254, 7.81382]},
			"faces": {
				"north": {"uv": [6.5, 3.5, 7, 4], "texture": "#0"},
				"east": {"uv": [6.5, 4, 7, 4.5], "texture": "#0"},
				"south": {"uv": [6.5, 4.5, 7, 5], "texture": "#0"},
				"west": {"uv": [6.5, 5, 7, 5.5], "texture": "#0"},
				"up": {"uv": [7, 6, 6.5, 5.5], "texture": "#0"},
				"down": {"uv": [7, 6, 6.5, 6.5], "texture": "#0"}
			}
		},
		{
			"from": [7.51133, 10.15629, 10.33257],
			"to": [8.48633, 11.13129, 11.79507],
			"rotation": {"angle": -45, "axis": "x", "origin": [7.99883, 11.60254, 7.81382]},
			"faces": {
				"north": {"uv": [0, 7, 0.5, 7.5], "texture": "#0"},
				"east": {"uv": [0.5, 7, 1, 7.5], "texture": "#0"},
				"south": {"uv": [1, 7, 1.5, 7.5], "texture": "#0"},
				"west": {"uv": [1.5, 7, 2, 7.5], "texture": "#0"},
				"up": {"uv": [2.5, 7.5, 2, 7], "texture": "#0"},
				"down": {"uv": [3, 7, 2.5, 7.5], "texture": "#0"}
			}
		},
		{
			"from": [7.70633, 10.15629, 11.79507],
			"to": [8.29133, 10.74129, 12.77007],
			"rotation": {"angle": -45, "axis": "x", "origin": [7.99883, 11.60254, 7.81382]},
			"faces": {
				"north": {"uv": [3, 7, 3.5, 7.5], "texture": "#0"},
				"east": {"uv": [3.5, 7, 4, 7.5], "texture": "#0"},
				"south": {"uv": [4, 7, 4.5, 7.5], "texture": "#0"},
				"west": {"uv": [4.5, 7, 5, 7.5], "texture": "#0"},
				"up": {"uv": [5.5, 7.5, 5, 7], "texture": "#0"},
				"down": {"uv": [6, 7, 5.5, 7.5], "texture": "#0"}
			}
		},
		{
			"from": [7.02383, 10.501, 9.73693],
			"to": [8.97383, 11.9635, 12.66193],
			"rotation": {"angle": -22.5, "axis": "x", "origin": [7.99883, 11.94725, 11.60568]},
			"faces": {
				"north": {"uv": [6, 7, 6.5, 7.5], "texture": "#0"},
				"east": {"uv": [6.5, 7, 7, 7.5], "texture": "#0"},
				"south": {"uv": [7, 7, 7.5, 7.5], "texture": "#0"},
				"west": {"uv": [7, 0, 7.5, 0.5], "texture": "#0"},
				"up": {"uv": [7.5, 1, 7, 0.5], "texture": "#0"},
				"down": {"uv": [7.5, 1, 7, 1.5], "texture": "#0"}
			}
		},
		{
			"from": [7.51133, 10.501, 12.66193],
			"to": [8.48633, 11.476, 14.12443],
			"rotation": {"angle": -22.5, "axis": "x", "origin": [7.99883, 11.94725, 11.60568]},
			"faces": {
				"north": {"uv": [7, 1.5, 7.5, 2], "texture": "#0"},
				"east": {"uv": [7, 2, 7.5, 2.5], "texture": "#0"},
				"south": {"uv": [7, 2.5, 7.5, 3], "texture": "#0"},
				"west": {"uv": [7, 3, 7.5, 3.5], "texture": "#0"},
				"up": {"uv": [7.5, 4, 7, 3.5], "texture": "#0"},
				"down": {"uv": [7.5, 4, 7, 4.5], "texture": "#0"}
			}
		},
		{
			"from": [7.70633, 10.501, 14.12443],
			"to": [8.29133, 11.086, 15.09943],
			"rotation": {"angle": -22.5, "axis": "x", "origin": [7.99883, 11.94725, 11.60568]},
			"faces": {
				"north": {"uv": [7, 4.5, 7.5, 5], "texture": "#0"},
				"east": {"uv": [7, 5, 7.5, 5.5], "texture": "#0"},
				"south": {"uv": [7, 5.5, 7.5, 6], "texture": "#0"},
				"west": {"uv": [7, 6, 7.5, 6.5], "texture": "#0"},
				"up": {"uv": [7.5, 7, 7, 6.5], "texture": "#0"},
				"down": {"uv": [0.5, 7.5, 0, 8], "texture": "#0"}
			}
		},
		{
			"from": [2.92883, 7.01466, 4.05015],
			"to": [4.39133, 8.47716, 6.48765],
			"rotation": {"angle": -45, "axis": "y", "origin": [3.51383, 8.37966, 8.53515]},
			"faces": {
				"north": {"uv": [0.5, 7.5, 1, 8], "texture": "#0"},
				"east": {"uv": [1, 7.5, 1.5, 8], "texture": "#0"},
				"south": {"uv": [1.5, 7.5, 2, 8], "texture": "#0"},
				"west": {"uv": [2, 7.5, 2.5, 8], "texture": "#0"},
				"up": {"uv": [3, 8, 2.5, 7.5], "texture": "#0"},
				"down": {"uv": [3.5, 7.5, 3, 8], "texture": "#0"}
			}
		},
		{
			"from": [2.92883, 7.50216, 6.48765],
			"to": [3.90383, 8.47716, 7.95015],
			"rotation": {"angle": -45, "axis": "y", "origin": [3.51383, 8.37966, 8.53515]},
			"faces": {
				"north": {"uv": [3.5, 7.5, 4, 8], "texture": "#0"},
				"east": {"uv": [4, 7.5, 4.5, 8], "texture": "#0"},
				"south": {"uv": [4.5, 7.5, 5, 8], "texture": "#0"},
				"west": {"uv": [5, 7.5, 5.5, 8], "texture": "#0"},
				"up": {"uv": [6, 8, 5.5, 7.5], "texture": "#0"},
				"down": {"uv": [6.5, 7.5, 6, 8], "texture": "#0"}
			}
		},
		{
			"from": [2.92883, 7.98966, 7.95015],
			"to": [3.41633, 8.47716, 8.92515],
			"rotation": {"angle": -45, "axis": "y", "origin": [3.51383, 8.37966, 8.53515]},
			"faces": {
				"north": {"uv": [6.5, 7.5, 7, 8], "texture": "#0"},
				"east": {"uv": [7, 7.5, 7.5, 8], "texture": "#0"},
				"south": {"uv": [7.5, 7.5, 8, 8], "texture": "#0"},
				"west": {"uv": [7.5, 0, 8, 0.5], "texture": "#0"},
				"up": {"uv": [8, 1, 7.5, 0.5], "texture": "#0"},
				"down": {"uv": [8, 1, 7.5, 1.5], "texture": "#0"}
			}
		},
		{
			"from": [4.23873, 7.59966, 8.44079],
			"to": [6.67623, 9.06216, 9.90329],
			"rotation": {"angle": 22.5, "axis": "y", "origin": [5.21373, 8.57466, 10.87829]},
			"faces": {
				"north": {"uv": [7.5, 1.5, 8, 2], "texture": "#0"},
				"east": {"uv": [7.5, 2, 8, 2.5], "texture": "#0"},
				"south": {"uv": [7.5, 2.5, 8, 3], "texture": "#0"},
				"west": {"uv": [7.5, 3, 8, 3.5], "texture": "#0"},
				"up": {"uv": [8, 4, 7.5, 3.5], "texture": "#0"},
				"down": {"uv": [8, 4, 7.5, 4.5], "texture": "#0"}
			}
		},
		{
			"from": [2.77623, 8.08716, 8.44079],
			"to": [4.23873, 9.06216, 9.41579],
			"rotation": {"angle": 22.5, "axis": "y", "origin": [5.21373, 8.57466, 10.87829]},
			"faces": {
				"north": {"uv": [7.5, 4.5, 8, 5], "texture": "#0"},
				"east": {"uv": [7.5, 5, 8, 5.5], "texture": "#0"},
				"south": {"uv": [7.5, 5.5, 8, 6], "texture": "#0"},
				"west": {"uv": [7.5, 6, 8, 6.5], "texture": "#0"},
				"up": {"uv": [8, 7, 7.5, 6.5], "texture": "#0"},
				"down": {"uv": [8, 7, 7.5, 7.5], "texture": "#0"}
			}
		},
		{
			"from": [1.80123, 8.57466, 8.44079],
			"to": [2.77623, 9.06216, 8.92829],
			"rotation": {"angle": 22.5, "axis": "y", "origin": [5.21373, 8.57466, 10.87829]},
			"faces": {
				"north": {"uv": [0, 8, 0.5, 8.5], "texture": "#0"},
				"east": {"uv": [0.5, 8, 1, 8.5], "texture": "#0"},
				"south": {"uv": [1, 8, 1.5, 8.5], "texture": "#0"},
				"west": {"uv": [1.5, 8, 2, 8.5], "texture": "#0"},
				"up": {"uv": [2.5, 8.5, 2, 8], "texture": "#0"},
				"down": {"uv": [3, 8, 2.5, 8.5], "texture": "#0"}
			}
		},
		{
			"from": [4.00181, 8.76966, 6.15275],
			"to": [5.46431, 10.23216, 7.61525],
			"rotation": {"angle": 45, "axis": "y", "origin": [5.46431, 8.08716, 5.17775]},
			"faces": {
				"north": {"uv": [3, 8, 3.5, 8.5], "texture": "#0"},
				"east": {"uv": [3.5, 8, 4, 8.5], "texture": "#0"},
				"south": {"uv": [4, 8, 4.5, 8.5], "texture": "#0"},
				"west": {"uv": [4.5, 8, 5, 8.5], "texture": "#0"},
				"up": {"uv": [5.5, 8.5, 5, 8], "texture": "#0"},
				"down": {"uv": [6, 8, 5.5, 8.5], "texture": "#0"}
			}
		},
		{
			"from": [2.53931, 9.25716, 6.15275],
			"to": [4.00181, 10.23216, 7.12775],
			"rotation": {"angle": 45, "axis": "y", "origin": [5.46431, 8.08716, 5.17775]},
			"faces": {
				"north": {"uv": [6, 8, 6.5, 8.5], "texture": "#0"},
				"east": {"uv": [6.5, 8, 7, 8.5], "texture": "#0"},
				"south": {"uv": [7, 8, 7.5, 8.5], "texture": "#0"},
				"west": {"uv": [7.5, 8, 8, 8.5], "texture": "#0"},
				"up": {"uv": [8.5, 8.5, 8, 8], "texture": "#0"},
				"down": {"uv": [8.5, 0, 8, 0.5], "texture": "#0"}
			}
		},
		{
			"from": [1.56431, 9.74466, 6.15275],
			"to": [2.53931, 10.23216, 6.64025],
			"rotation": {"angle": 45, "axis": "y", "origin": [5.46431, 8.08716, 5.17775]},
			"faces": {
				"north": {"uv": [8, 0.5, 8.5, 1], "texture": "#0"},
				"east": {"uv": [8, 1, 8.5, 1.5], "texture": "#0"},
				"south": {"uv": [8, 1.5, 8.5, 2], "texture": "#0"},
				"west": {"uv": [8, 2, 8.5, 2.5], "texture": "#0"},
				"up": {"uv": [8.5, 3, 8, 2.5], "texture": "#0"},
				"down": {"uv": [8.5, 3, 8, 3.5], "texture": "#0"}
			}
		},
		{
			"from": [2.05181, 8.76966, 8.10275],
			"to": [3.51431, 10.23216, 9.56525],
			"rotation": {"angle": 45, "axis": "y", "origin": [5.46431, 8.08716, 5.17775]},
			"faces": {
				"north": {"uv": [8, 3.5, 8.5, 4], "texture": "#0"},
				"east": {"uv": [8, 4, 8.5, 4.5], "texture": "#0"},
				"south": {"uv": [8, 4.5, 8.5, 5], "texture": "#0"},
				"west": {"uv": [8, 5, 8.5, 5.5], "texture": "#0"},
				"up": {"uv": [8.5, 6, 8, 5.5], "texture": "#0"},
				"down": {"uv": [8.5, 6, 8, 6.5], "texture": "#0"}
			}
		},
		{
			"from": [0.58931, 9.25716, 8.10275],
			"to": [2.05181, 10.23216, 9.07775],
			"rotation": {"angle": 45, "axis": "y", "origin": [5.46431, 8.08716, 5.17775]},
			"faces": {
				"north": {"uv": [8, 6.5, 8.5, 7], "texture": "#0"},
				"east": {"uv": [8, 7, 8.5, 7.5], "texture": "#0"},
				"south": {"uv": [8, 7.5, 8.5, 8], "texture": "#0"},
				"west": {"uv": [0, 8.5, 0.5, 9], "texture": "#0"},
				"up": {"uv": [1, 9, 0.5, 8.5], "texture": "#0"},
				"down": {"uv": [1.5, 8.5, 1, 9], "texture": "#0"}
			}
		},
		{
			"from": [-0.38569, 9.74466, 8.10275],
			"to": [0.58931, 10.23216, 8.59025],
			"rotation": {"angle": 45, "axis": "y", "origin": [5.46431, 8.08716, 5.17775]},
			"faces": {
				"north": {"uv": [1.5, 8.5, 2, 9], "texture": "#0"},
				"east": {"uv": [2, 8.5, 2.5, 9], "texture": "#0"},
				"south": {"uv": [2.5, 8.5, 3, 9], "texture": "#0"},
				"west": {"uv": [3, 8.5, 3.5, 9], "texture": "#0"},
				"up": {"uv": [4, 9, 3.5, 8.5], "texture": "#0"},
				"down": {"uv": [4.5, 8.5, 4, 9], "texture": "#0"}
			}
		},
		{
			"from": [5.17133, 6.13716, 10.68015],
			"to": [5.85383, 8.08716, 12.63015],
			"rotation": {"angle": -22.5, "axis": "x", "origin": [5.34195, 3.93122, 8.71797]},
			"faces": {
				"north": {"uv": [4.5, 8.5, 5, 9], "texture": "#0"},
				"east": {"uv": [5, 8.5, 5.5, 9], "texture": "#0"},
				"south": {"uv": [5.5, 8.5, 6, 9], "texture": "#0"},
				"west": {"uv": [6, 8.5, 6.5, 9], "texture": "#0"},
				"up": {"uv": [7, 9, 6.5, 8.5], "texture": "#0"},
				"down": {"uv": [7.5, 8.5, 7, 9], "texture": "#0"}
			}
		},
		{
			"from": [4.97633, 4.08966, 10.68015],
			"to": [5.85383, 6.13716, 12.63015],
			"rotation": {"angle": -22.5, "axis": "x", "origin": [5.34195, 3.93122, 8.71797]},
			"faces": {
				"north": {"uv": [7.5, 8.5, 8, 9], "texture": "#0"},
				"east": {"uv": [8, 8.5, 8.5, 9], "texture": "#0"},
				"south": {"uv": [8.5, 8.5, 9, 9], "texture": "#0"},
				"west": {"uv": [8.5, 0, 9, 0.5], "texture": "#0"},
				"up": {"uv": [9, 1, 8.5, 0.5], "texture": "#0"},
				"down": {"uv": [9, 1, 8.5, 1.5], "texture": "#0"}
			}
		},
		{
			"from": [4.78133, 3.11466, 9.21765],
			"to": [5.85383, 6.03966, 10.68015],
			"rotation": {"angle": -22.5, "axis": "x", "origin": [5.34195, 3.93122, 8.71797]},
			"faces": {
				"north": {"uv": [8.5, 1.5, 9, 2], "texture": "#0"},
				"east": {"uv": [8.5, 2, 9, 2.5], "texture": "#0"},
				"south": {"uv": [8.5, 2.5, 9, 3], "texture": "#0"},
				"west": {"uv": [8.5, 3, 9, 3.5], "texture": "#0"},
				"up": {"uv": [9, 4, 8.5, 3.5], "texture": "#0"},
				"down": {"uv": [9, 4, 8.5, 4.5], "texture": "#0"}
			}
		},
		{
			"from": [5.07383, 4.86966, 8.24265],
			"to": [5.56133, 5.35716, 9.70515],
			"rotation": {"angle": -22.5, "axis": "x", "origin": [5.34195, 3.93122, 8.71797]},
			"faces": {
				"north": {"uv": [8.5, 4.5, 9, 5], "texture": "#0"},
				"east": {"uv": [8.5, 5, 9, 5.5], "texture": "#0"},
				"south": {"uv": [8.5, 5.5, 9, 6], "texture": "#0"},
				"west": {"uv": [8.5, 6, 9, 6.5], "texture": "#0"},
				"up": {"uv": [9, 7, 8.5, 6.5], "texture": "#0"},
				"down": {"uv": [9, 7, 8.5, 7.5], "texture": "#0"}
			}
		},
		{
			"from": [5.07383, 3.60216, 8.24265],
			"to": [5.56133, 4.08966, 9.70515],
			"rotation": {"angle": -22.5, "axis": "x", "origin": [5.34195, 3.93122, 8.71797]},
			"faces": {
				"north": {"uv": [8.5, 7.5, 9, 8], "texture": "#0"},
				"east": {"uv": [8.5, 8, 9, 8.5], "texture": "#0"},
				"south": {"uv": [0, 9, 0.5, 9.5], "texture": "#0"},
				"west": {"uv": [0.5, 9, 1, 9.5], "texture": "#0"},
				"up": {"uv": [1.5, 9.5, 1, 9], "texture": "#0"},
				"down": {"uv": [2, 9, 1.5, 9.5], "texture": "#0"}
			}
		},
		{
			"from": [11.60633, 7.01466, 4.05015],
			"to": [13.06883, 8.47716, 6.48765],
			"rotation": {"angle": 45, "axis": "y", "origin": [12.48383, 8.37966, 8.53515]},
			"faces": {
				"north": {"uv": [2, 9, 2.5, 9.5], "texture": "#0"},
				"east": {"uv": [2.5, 9, 3, 9.5], "texture": "#0"},
				"south": {"uv": [3, 9, 3.5, 9.5], "texture": "#0"},
				"west": {"uv": [3.5, 9, 4, 9.5], "texture": "#0"},
				"up": {"uv": [4.5, 9.5, 4, 9], "texture": "#0"},
				"down": {"uv": [5, 9, 4.5, 9.5], "texture": "#0"}
			}
		},
		{
			"from": [12.09383, 7.50216, 6.48765],
			"to": [13.06883, 8.47716, 7.95015],
			"rotation": {"angle": 45, "axis": "y", "origin": [12.48383, 8.37966, 8.53515]},
			"faces": {
				"north": {"uv": [5, 9, 5.5, 9.5], "texture": "#0"},
				"east": {"uv": [5.5, 9, 6, 9.5], "texture": "#0"},
				"south": {"uv": [6, 9, 6.5, 9.5], "texture": "#0"},
				"west": {"uv": [6.5, 9, 7, 9.5], "texture": "#0"},
				"up": {"uv": [7.5, 9.5, 7, 9], "texture": "#0"},
				"down": {"uv": [8, 9, 7.5, 9.5], "texture": "#0"}
			}
		},
		{
			"from": [12.58133, 7.98966, 7.95015],
			"to": [13.06883, 8.47716, 8.92515],
			"rotation": {"angle": 45, "axis": "y", "origin": [12.48383, 8.37966, 8.53515]},
			"faces": {
				"north": {"uv": [8, 9, 8.5, 9.5], "texture": "#0"},
				"east": {"uv": [8.5, 9, 9, 9.5], "texture": "#0"},
				"south": {"uv": [9, 9, 9.5, 9.5], "texture": "#0"},
				"west": {"uv": [9, 0, 9.5, 0.5], "texture": "#0"},
				"up": {"uv": [9.5, 1, 9, 0.5], "texture": "#0"},
				"down": {"uv": [9.5, 1, 9, 1.5], "texture": "#0"}
			}
		},
		{
			"from": [9.32142, 7.59966, 8.44079],
			"to": [11.75892, 9.06216, 9.90329],
			"rotation": {"angle": -22.5, "axis": "y", "origin": [10.78392, 8.57466, 10.87829]},
			"faces": {
				"north": {"uv": [9, 1.5, 9.5, 2], "texture": "#0"},
				"east": {"uv": [9, 2, 9.5, 2.5], "texture": "#0"},
				"south": {"uv": [9, 2.5, 9.5, 3], "texture": "#0"},
				"west": {"uv": [9, 3, 9.5, 3.5], "texture": "#0"},
				"up": {"uv": [9.5, 4, 9, 3.5], "texture": "#0"},
				"down": {"uv": [9.5, 4, 9, 4.5], "texture": "#0"}
			}
		},
		{
			"from": [11.75892, 8.08716, 8.44079],
			"to": [13.22142, 9.06216, 9.41579],
			"rotation": {"angle": -22.5, "axis": "y", "origin": [10.78392, 8.57466, 10.87829]},
			"faces": {
				"north": {"uv": [9, 4.5, 9.5, 5], "texture": "#0"},
				"east": {"uv": [9, 5, 9.5, 5.5], "texture": "#0"},
				"south": {"uv": [9, 5.5, 9.5, 6], "texture": "#0"},
				"west": {"uv": [9, 6, 9.5, 6.5], "texture": "#0"},
				"up": {"uv": [9.5, 7, 9, 6.5], "texture": "#0"},
				"down": {"uv": [9.5, 7, 9, 7.5], "texture": "#0"}
			}
		},
		{
			"from": [13.22142, 8.57466, 8.44079],
			"to": [14.19642, 9.06216, 8.92829],
			"rotation": {"angle": -22.5, "axis": "y", "origin": [10.78392, 8.57466, 10.87829]},
			"faces": {
				"north": {"uv": [9, 7.5, 9.5, 8], "texture": "#0"},
				"east": {"uv": [9, 8, 9.5, 8.5], "texture": "#0"},
				"south": {"uv": [9, 8.5, 9.5, 9], "texture": "#0"},
				"west": {"uv": [0, 9.5, 0.5, 10], "texture": "#0"},
				"up": {"uv": [1, 10, 0.5, 9.5], "texture": "#0"},
				"down": {"uv": [1.5, 9.5, 1, 10], "texture": "#0"}
			}
		},
		{
			"from": [10.53334, 8.76966, 6.15275],
			"to": [11.99584, 10.23216, 7.61525],
			"rotation": {"angle": -45, "axis": "y", "origin": [10.53334, 8.08716, 5.17775]},
			"faces": {
				"north": {"uv": [1.5, 9.5, 2, 10], "texture": "#0"},
				"east": {"uv": [2, 9.5, 2.5, 10], "texture": "#0"},
				"south": {"uv": [2.5, 9.5, 3, 10], "texture": "#0"},
				"west": {"uv": [3, 9.5, 3.5, 10], "texture": "#0"},
				"up": {"uv": [4, 10, 3.5, 9.5], "texture": "#0"},
				"down": {"uv": [4.5, 9.5, 4, 10], "texture": "#0"}
			}
		},
		{
			"from": [11.99584, 9.25716, 6.15275],
			"to": [13.45834, 10.23216, 7.12775],
			"rotation": {"angle": -45, "axis": "y", "origin": [10.53334, 8.08716, 5.17775]},
			"faces": {
				"north": {"uv": [4.5, 9.5, 5, 10], "texture": "#0"},
				"east": {"uv": [5, 9.5, 5.5, 10], "texture": "#0"},
				"south": {"uv": [5.5, 9.5, 6, 10], "texture": "#0"},
				"west": {"uv": [6, 9.5, 6.5, 10], "texture": "#0"},
				"up": {"uv": [7, 10, 6.5, 9.5], "texture": "#0"},
				"down": {"uv": [7.5, 9.5, 7, 10], "texture": "#0"}
			}
		},
		{
			"from": [13.45834, 9.74466, 6.15275],
			"to": [14.43334, 10.23216, 6.64025],
			"rotation": {"angle": -45, "axis": "y", "origin": [10.53334, 8.08716, 5.17775]},
			"faces": {
				"north": {"uv": [7.5, 9.5, 8, 10], "texture": "#0"},
				"east": {"uv": [8, 9.5, 8.5, 10], "texture": "#0"},
				"south": {"uv": [8.5, 9.5, 9, 10], "texture": "#0"},
				"west": {"uv": [9, 9.5, 9.5, 10], "texture": "#0"},
				"up": {"uv": [10, 10, 9.5, 9.5], "texture": "#0"},
				"down": {"uv": [10, 0, 9.5, 0.5], "texture": "#0"}
			}
		},
		{
			"from": [12.48334, 8.76966, 8.10275],
			"to": [13.94584, 10.23216, 9.56525],
			"rotation": {"angle": -45, "axis": "y", "origin": [10.53334, 8.08716, 5.17775]},
			"faces": {
				"north": {"uv": [9.5, 0.5, 10, 1], "texture": "#0"},
				"east": {"uv": [9.5, 1, 10, 1.5], "texture": "#0"},
				"south": {"uv": [9.5, 1.5, 10, 2], "texture": "#0"},
				"west": {"uv": [9.5, 2, 10, 2.5], "texture": "#0"},
				"up": {"uv": [10, 3, 9.5, 2.5], "texture": "#0"},
				"down": {"uv": [10, 3, 9.5, 3.5], "texture": "#0"}
			}
		},
		{
			"from": [13.94584, 9.25716, 8.10275],
			"to": [15.40834, 10.23216, 9.07775],
			"rotation": {"angle": -45, "axis": "y", "origin": [10.53334, 8.08716, 5.17775]},
			"faces": {
				"north": {"uv": [9.5, 3.5, 10, 4], "texture": "#0"},
				"east": {"uv": [9.5, 4, 10, 4.5], "texture": "#0"},
				"south": {"uv": [9.5, 4.5, 10, 5], "texture": "#0"},
				"west": {"uv": [9.5, 5, 10, 5.5], "texture": "#0"},
				"up": {"uv": [10, 6, 9.5, 5.5], "texture": "#0"},
				"down": {"uv": [10, 6, 9.5, 6.5], "texture": "#0"}
			}
		},
		{
			"from": [15.40834, 9.74466, 8.10275],
			"to": [16.38334, 10.23216, 8.59025],
			"rotation": {"angle": -45, "axis": "y", "origin": [10.53334, 8.08716, 5.17775]},
			"faces": {
				"north": {"uv": [9.5, 6.5, 10, 7], "texture": "#0"},
				"east": {"uv": [9.5, 7, 10, 7.5], "texture": "#0"},
				"south": {"uv": [9.5, 7.5, 10, 8], "texture": "#0"},
				"west": {"uv": [9.5, 8, 10, 8.5], "texture": "#0"},
				"up": {"uv": [10, 9, 9.5, 8.5], "texture": "#0"},
				"down": {"uv": [10, 9, 9.5, 9.5], "texture": "#0"}
			}
		},
		{
			"from": [10.14383, 6.13716, 10.68015],
			"to": [10.82633, 8.08716, 12.63015],
			"rotation": {"angle": -22.5, "axis": "x", "origin": [10.6557, 3.93122, 8.71797]},
			"faces": {
				"north": {"uv": [0, 10, 0.5, 10.5], "texture": "#0"},
				"east": {"uv": [0.5, 10, 1, 10.5], "texture": "#0"},
				"south": {"uv": [1, 10, 1.5, 10.5], "texture": "#0"},
				"west": {"uv": [1.5, 10, 2, 10.5], "texture": "#0"},
				"up": {"uv": [2.5, 10.5, 2, 10], "texture": "#0"},
				"down": {"uv": [3, 10, 2.5, 10.5], "texture": "#0"}
			}
		},
		{
			"from": [10.14383, 4.08966, 10.68015],
			"to": [11.02133, 6.13716, 12.63015],
			"rotation": {"angle": -22.5, "axis": "x", "origin": [10.6557, 3.93122, 8.71797]},
			"faces": {
				"north": {"uv": [3, 10, 3.5, 10.5], "texture": "#0"},
				"east": {"uv": [3.5, 10, 4, 10.5], "texture": "#0"},
				"south": {"uv": [4, 10, 4.5, 10.5], "texture": "#0"},
				"west": {"uv": [4.5, 10, 5, 10.5], "texture": "#0"},
				"up": {"uv": [5.5, 10.5, 5, 10], "texture": "#0"},
				"down": {"uv": [6, 10, 5.5, 10.5], "texture": "#0"}
			}
		},
		{
			"from": [10.14383, 3.11466, 9.21765],
			"to": [11.21633, 6.03966, 10.68015],
			"rotation": {"angle": -22.5, "axis": "x", "origin": [10.6557, 3.93122, 8.71797]},
			"faces": {
				"north": {"uv": [6, 10, 6.5, 10.5], "texture": "#0"},
				"east": {"uv": [6.5, 10, 7, 10.5], "texture": "#0"},
				"south": {"uv": [7, 10, 7.5, 10.5], "texture": "#0"},
				"west": {"uv": [7.5, 10, 8, 10.5], "texture": "#0"},
				"up": {"uv": [8.5, 10.5, 8, 10], "texture": "#0"},
				"down": {"uv": [9, 10, 8.5, 10.5], "texture": "#0"}
			}
		},
		{
			"from": [10.43633, 4.86966, 8.24265],
			"to": [10.92383, 5.35716, 9.70515],
			"rotation": {"angle": -22.5, "axis": "x", "origin": [10.6557, 3.93122, 8.71797]},
			"faces": {
				"north": {"uv": [9, 10, 9.5, 10.5], "texture": "#0"},
				"east": {"uv": [9.5, 10, 10, 10.5], "texture": "#0"},
				"south": {"uv": [10, 10, 10.5, 10.5], "texture": "#0"},
				"west": {"uv": [10, 0, 10.5, 0.5], "texture": "#0"},
				"up": {"uv": [10.5, 1, 10, 0.5], "texture": "#0"},
				"down": {"uv": [10.5, 1, 10, 1.5], "texture": "#0"}
			}
		},
		{
			"from": [10.43633, 3.60216, 8.24265],
			"to": [10.92383, 4.08966, 9.70515],
			"rotation": {"angle": -22.5, "axis": "x", "origin": [10.6557, 3.93122, 8.71797]},
			"faces": {
				"north": {"uv": [10, 1.5, 10.5, 2], "texture": "#0"},
				"east": {"uv": [10, 2, 10.5, 2.5], "texture": "#0"},
				"south": {"uv": [10, 2.5, 10.5, 3], "texture": "#0"},
				"west": {"uv": [10, 3, 10.5, 3.5], "texture": "#0"},
				"up": {"uv": [10.5, 4, 10, 3.5], "texture": "#0"},
				"down": {"uv": [10.5, 4, 10, 4.5], "texture": "#0"}
			}
		},
		{
			"from": [6.14633, 8.76966, 4.34265],
			"to": [9.85133, 9.11091, 5.80515],
			"rotation": {"angle": -22.5, "axis": "x", "origin": [7.99883, 8.91591, 5.0739]},
			"faces": {
				"north": {"uv": [0.25, 3.5, 0.5, 4], "texture": "#0"},
				"east": {"uv": [0.25, 3.5, 0.5, 4], "texture": "#0"},
				"south": {"uv": [0.25, 3.5, 0.5, 4], "texture": "#0"},
				"west": {"uv": [0.25, 3.5, 0.5, 4], "texture": "#0"},
				"up": {"uv": [0.25, 3.5, 0.5, 4], "texture": "#0"},
				"down": {"uv": [0.25, 3.5, 0.5, 4], "texture": "#0"}
			}
		},
		{
			"from": [6.19508, 8.37966, 4.73265],
			"to": [9.80258, 8.96466, 5.90265],
			"rotation": {"angle": 0, "axis": "y", "origin": [10.92383, 11.30466, 12.24015]},
			"faces": {
				"north": {"uv": [11, 4.25, 11.25, 4.5], "texture": "#0"},
				"east": {"uv": [10.75, 4.25, 11.25, 4.5], "texture": "#0"},
				"south": {"uv": [10.5, 3.75, 10.75, 4.25], "texture": "#0"},
				"west": {"uv": [10.75, 4.25, 11.25, 4.5], "rotation": 180, "texture": "#0"},
				"up": {"uv": [10.5, 3.5, 10.75, 4], "texture": "#0"},
				"down": {"uv": [10.75, 4.25, 11.25, 4.5], "rotation": 180, "texture": "#0"}
			}
		},
		{
			"from": [6.63383, 6.72216, 4.4889],
			"to": [9.36383, 7.01466, 8.53515],
			"rotation": {"angle": 0, "axis": "y", "origin": [10.92383, 9.64716, 10.97265]},
			"faces": {
				"east": {"uv": [0, 11.75, 3.25, 12], "texture": "#0"},
				"west": {"uv": [0, 11.75, 3.25, 12], "texture": "#0"}
			}
		},
		{
			"from": [9.36383, 6.72216, 4.4889],
			"to": [6.63383, 7.01466, 8.53515],
			"rotation": {"angle": 0, "axis": "y", "origin": [13.65383, 9.64716, 10.97265]},
			"faces": {
				"east": {"uv": [0, 11.75, 3.25, 12], "texture": "#0"},
				"west": {"uv": [0, 11.75, 3.25, 12], "texture": "#0"}
			}
		},
		{
			"from": [6.82883, 6.72216, 2.68515],
			"to": [9.16883, 7.01466, 4.14765],
			"rotation": {"angle": 0, "axis": "y", "origin": [10.92383, 9.64716, 6.58515]},
			"faces": {
				"north": {"uv": [0.25, 11.75, 2.5, 12], "texture": "#0"},
				"east": {"uv": [0, 11.75, 1.25, 12], "texture": "#0"},
				"west": {"uv": [0, 11.75, 1.25, 12], "texture": "#0"}
			}
		},
		{
			"from": [9.16883, 6.72216, 2.68515],
			"to": [6.82883, 7.01466, 4.14765],
			"rotation": {"angle": 0, "axis": "y", "origin": [13.26383, 9.64716, 6.58515]},
			"faces": {
				"north": {"uv": [0.25, 11.75, 2.5, 12], "texture": "#0"},
				"east": {"uv": [0, 11.75, 1.25, 12], "texture": "#0"},
				"west": {"uv": [0, 11.75, 1.25, 12], "texture": "#0"}
			}
		}
	],
	"display": {
		"head": {
			"translation": [0, -8, -7.25],
			"scale": [4, 4, 4]
		}
	},
	"groups": [
		{
			"name": "root",
			"origin": [8, 8, 8],
			"children": [
				{
					"name": "head",
					"origin": [8, 8, 8],
					"children": [
						{
							"name": "upper",
							"origin": [8, 8, 8],
							"children": [0, 1, 2, 3, 4, 5, 6, 7,
								{
									"name": "horn_center",
									"origin": [8, 8, 8],
									"children": [
										{
											"name": "group",
											"origin": [8, 8, 8],
											"children": [8, 9, 10, 11]
										},
										{
											"name": "group",
											"origin": [8, 8, 8],
											"children": [12, 13, 14]
										},
										{
											"name": "group",
											"origin": [8, 8, 8],
											"children": [15, 16, 17]
										},
										{
											"name": "group",
											"origin": [8, 8, 8],
											"children": [18, 19, 20]
										}
									]
								},
								{
									"name": "horn_l",
									"origin": [8, 8, 8],
									"children": [
										{
											"name": "group",
											"origin": [9.5, 10.5, -1.5],
											"children": [21, 22, 23]
										},
										{
											"name": "group",
											"origin": [9.5, 10.5, -1.5],
											"children": [24, 25, 26]
										},
										{
											"name": "group",
											"origin": [9.5, 10.5, -1.5],
											"children": [27, 28, 29]
										},
										{
											"name": "group",
											"origin": [9.5, 10.5, -1.5],
											"children": [30, 31, 32]
										},
										{
											"name": "group",
											"origin": [8, 8, 8],
											"children": [33, 34, 35, 36, 37]
										}
									]
								},
								{
									"name": "horn_r",
									"origin": [8, 8, 8],
									"children": [
										{
											"name": "group",
											"origin": [9.5, 10.5, -1.5],
											"children": [38, 39, 40]
										},
										{
											"name": "group",
											"origin": [9.5, 10.5, -1.5],
											"children": [41, 42, 43]
										},
										{
											"name": "group",
											"origin": [9.5, 10.5, -1.5],
											"children": [44, 45, 46]
										},
										{
											"name": "group",
											"origin": [9.5, 10.5, -1.5],
											"children": [47, 48, 49]
										},
										{
											"name": "group",
											"origin": [8, 8, 8],
											"children": [50, 51, 52, 53, 54]
										}
									]
								}, 55, 56,
								{
									"name": "tooth",
									"origin": [9.5, 9.1, -12.25],
									"children": [57, 58, 59, 60]
								}
							]
						}
					]
				}
			]
		}
	]
}