{
	"credit": "Made with Blockbench",
	"texture_size": [32, 32],
	"textures": {
		"0": "reus/head",
		"particle": "reus/head"
	},
	"elements": [
		{
			"from": [6.34018, 19.36381, 7.13952],
			"to": [10.20118, 20.53381, 10.35702],
			"rotation": {"angle": 22.5, "axis": "x", "origin": [7.9811, 14.40048, 6.63665]},
			"faces": {
				"north": {"uv": [8.5, 1.75, 9.5, 3], "texture": "#0"},
				"east": {"uv": [8.5, 1.75, 9.5, 3], "texture": "#0"},
				"south": {"uv": [8.5, 1.75, 9.5, 3], "texture": "#0"},
				"west": {"uv": [8.5, 1.75, 9.5, 3], "texture": "#0"},
				"up": {"uv": [8.5, 1.75, 9.5, 3], "texture": "#0"},
				"down": {"uv": [8.5, 1.75, 9.5, 3], "texture": "#0"}
			}
		},
		{
			"from": [5.69668, 12.34381, 7.13952],
			"to": [10.20118, 19.36381, 11.64402],
			"rotation": {"angle": 22.5, "axis": "x", "origin": [7.9811, 14.40048, 6.63665]},
			"faces": {
				"north": {"uv": [8.5, 1.75, 9.5, 3], "texture": "#0"},
				"east": {"uv": [8.5, 1.75, 9.5, 3], "texture": "#0"},
				"south": {"uv": [8.5, 1.75, 9.5, 3], "texture": "#0"},
				"west": {"uv": [8.5, 1.75, 9.5, 3], "texture": "#0"},
				"up": {"uv": [8.5, 1.75, 9.5, 3], "texture": "#0"},
				"down": {"uv": [8.5, 1.75, 9.5, 3], "texture": "#0"}
			}
		},
		{
			"from": [6.34018, 9.41881, 7.13952],
			"to": [9.55768, 12.34381, 10.35702],
			"rotation": {"angle": 22.5, "axis": "x", "origin": [7.9811, 14.40048, 6.63665]},
			"faces": {
				"north": {"uv": [8.5, 1.75, 9.5, 3], "texture": "#0"},
				"east": {"uv": [8.5, 1.75, 9.5, 3], "texture": "#0"},
				"south": {"uv": [8.5, 1.75, 9.5, 3], "texture": "#0"},
				"west": {"uv": [8.5, 1.75, 9.5, 3], "texture": "#0"},
				"up": {"uv": [8.5, 1.75, 9.5, 3], "texture": "#0"},
				"down": {"uv": [8.5, 1.75, 9.5, 3], "texture": "#0"}
			}
		},
		{
			"from": [6.34018, 12.34381, 5.85252],
			"to": [9.55768, 19.36381, 7.13952],
			"rotation": {"angle": 22.5, "axis": "x", "origin": [7.9811, 14.40048, 6.63665]},
			"faces": {
				"north": {"uv": [8.5, 1.75, 9.5, 3], "texture": "#0"},
				"east": {"uv": [8.5, 1.75, 9.5, 3], "texture": "#0"},
				"south": {"uv": [8.5, 1.75, 9.5, 3], "texture": "#0"},
				"west": {"uv": [8.5, 1.75, 9.5, 3], "texture": "#0"},
				"up": {"uv": [8.5, 1.75, 9.5, 3], "texture": "#0"},
				"down": {"uv": [8.5, 1.75, 9.5, 3], "texture": "#0"}
			}
		},
		{
			"from": [6.98368, 14.75101, 5.35921],
			"to": [8.91418, 16.03801, 8.86921],
			"rotation": {"angle": -45, "axis": "x", "origin": [7.94893, 15.30919, 6.01733]},
			"faces": {
				"north": {"uv": [5.5, 7.75, 6, 8], "rotation": 270, "texture": "#0"},
				"east": {"uv": [5.5, 7.75, 6, 9], "rotation": 90, "texture": "#0"},
				"south": {"uv": [5.5, 7.75, 6, 9], "rotation": 180, "texture": "#0"},
				"west": {"uv": [5.5, 7.75, 6, 9], "rotation": 270, "texture": "#0"},
				"up": {"uv": [5.5, 7.75, 6, 9], "texture": "#0"},
				"down": {"uv": [5.5, 7.75, 6, 8], "rotation": 270, "texture": "#0"}
			}
		},
		{
			"from": [7.37368, 14.79976, 3.89671],
			"to": [8.52418, 15.64801, 5.94421],
			"rotation": {"angle": -45, "axis": "x", "origin": [7.94893, 15.30919, 6.01733]},
			"faces": {
				"north": {"uv": [7.75, 7, 8.25, 7.5], "rotation": 90, "texture": "#0"},
				"east": {"uv": [7.75, 7, 8.25, 7.5], "rotation": 90, "texture": "#0"},
				"south": {"uv": [7.75, 7, 8.25, 7.5], "rotation": 90, "texture": "#0"},
				"west": {"uv": [7.75, 7, 8.25, 7.5], "rotation": 90, "texture": "#0"},
				"up": {"uv": [7.75, 7, 8.25, 7.5], "rotation": 90, "texture": "#0"},
				"down": {"uv": [7.75, 7, 8.25, 7.5], "rotation": 90, "texture": "#0"}
			}
		},
		{
			"from": [6.98368, 11.43601, 4.96921],
			"to": [8.91418, 12.72301, 8.47921],
			"rotation": {"angle": -45, "axis": "x", "origin": [7.94893, 11.99419, 5.62733]},
			"faces": {
				"north": {"uv": [5.5, 7.75, 6, 8], "rotation": 270, "texture": "#0"},
				"east": {"uv": [5.5, 7.75, 6, 9], "rotation": 90, "texture": "#0"},
				"south": {"uv": [5.5, 7.75, 6, 9], "rotation": 180, "texture": "#0"},
				"west": {"uv": [5.5, 7.75, 6, 9], "rotation": 270, "texture": "#0"},
				"up": {"uv": [5.5, 7.75, 6, 9], "texture": "#0"},
				"down": {"uv": [5.5, 7.75, 6, 8], "rotation": 270, "texture": "#0"}
			}
		},
		{
			"from": [7.37368, 11.48476, 3.50671],
			"to": [8.52418, 12.33301, 5.55421],
			"rotation": {"angle": -45, "axis": "x", "origin": [7.94893, 11.99419, 5.62733]},
			"faces": {
				"north": {"uv": [7.75, 7, 8.25, 7.5], "rotation": 90, "texture": "#0"},
				"east": {"uv": [7.75, 7, 8.25, 7.5], "rotation": 90, "texture": "#0"},
				"south": {"uv": [7.75, 7, 8.25, 7.5], "rotation": 90, "texture": "#0"},
				"west": {"uv": [7.75, 7, 8.25, 7.5], "rotation": 90, "texture": "#0"},
				"up": {"uv": [7.75, 7, 8.25, 7.5], "rotation": 90, "texture": "#0"},
				"down": {"uv": [7.75, 7, 8.25, 7.5], "rotation": 90, "texture": "#0"}
			}
		},
		{
			"from": [6.78868, 8.99607, 4.89852],
			"to": [9.10918, 12.50607, 6.18552],
			"rotation": {"angle": 22.5, "axis": "x", "origin": [7.94893, 9.65419, 5.62733]},
			"faces": {
				"north": {"uv": [5.5, 7.75, 6, 9], "rotation": 180, "texture": "#0"},
				"east": {"uv": [5.5, 7.75, 6, 9], "rotation": 180, "texture": "#0"},
				"south": {"uv": [5.5, 7.75, 6, 9], "rotation": 180, "texture": "#0"},
				"west": {"uv": [5.5, 7.75, 6, 9], "rotation": 180, "texture": "#0"},
				"up": {"uv": [5.5, 7.75, 6, 9], "texture": "#0"},
				"down": {"uv": [5.5, 7.75, 6, 8], "rotation": 270, "texture": "#0"}
			}
		},
		{
			"from": [7.37368, 7.53357, 5.28852],
			"to": [8.52418, 9.58107, 6.13677],
			"rotation": {"angle": 22.5, "axis": "x", "origin": [7.94893, 9.65419, 5.62733]},
			"faces": {
				"north": {"uv": [7.75, 7, 8.25, 7.5], "texture": "#0"},
				"east": {"uv": [7.75, 7, 8.25, 7.5], "texture": "#0"},
				"south": {"uv": [7.75, 7, 8.25, 7.5], "texture": "#0"},
				"west": {"uv": [7.75, 7, 8.25, 7.5], "texture": "#0"},
				"up": {"uv": [7.75, 7, 8.25, 7.5], "texture": "#0"},
				"down": {"uv": [7.75, 7, 8.25, 7.5], "texture": "#0"}
			}
		}
	],
	"display": {
		"head": {
			"rotation": [-22.5, 0, 0],
			"translation": [0, -34.5, 5.75],
			"scale": [4, 4, 4]
		}
	},
	"groups": [
		{
			"name": "root",
			"origin": [8, 8, 8],
			"children": [
				{
					"name": "leg_l",
					"origin": [8, 8, 8],
					"children": [
						{
							"name": "0",
							"origin": [8, 8, 8],
							"children": [0, 1, 2, 3,
								{
									"name": "group",
									"origin": [5.525, 4.52639, 3.16746],
									"children": [4, 5]
								},
								{
									"name": "group",
									"origin": [5.525, 4.52639, 3.16746],
									"children": [6, 7]
								},
								{
									"name": "group",
									"origin": [5.525, 4.52639, 3.16746],
									"children": [8, 9]
								}
							]
						}
					]
				}
			]
		}
	]
}