{
	"credit": "Made with Blockbench",
	"texture_size": [32, 32],
	"textures": {
		"0": "reus/head",
		"particle": "reus/head"
	},
	"elements": [
		{
			"from": [5.64881, 5.34962, -11.87373],
			"to": [10.2974, 8.42518, -2.38399],
			"rotation": {"angle": 0, "axis": "y", "origin": [11.41212, 9.84164, -46.18189]},
			"faces": {
				"north": {"uv": [8.5, 1.75, 9.5, 3], "texture": "#0"},
				"east": {"uv": [8.5, 1.75, 9.5, 3], "texture": "#0"},
				"south": {"uv": [8.5, 1.75, 9.5, 3], "texture": "#0"},
				"west": {"uv": [8.5, 1.75, 9.5, 3], "texture": "#0"},
				"up": {"uv": [8.5, 1.75, 9.5, 3], "texture": "#0"},
				"down": {"uv": [8.5, 1.75, 9.5, 3], "texture": "#0"}
			}
		},
		{
			"from": [6.58481, 4.64762, -11.63973],
			"to": [9.3614, 9.12718, -3.55399],
			"rotation": {"angle": 0, "axis": "y", "origin": [11.41212, 9.84164, -46.18189]},
			"faces": {
				"north": {"uv": [8.5, 1.75, 9.5, 3], "texture": "#0"},
				"east": {"uv": [8.5, 1.75, 9.5, 3], "texture": "#0"},
				"south": {"uv": [8.5, 1.75, 9.5, 3], "texture": "#0"},
				"west": {"uv": [8.5, 1.75, 9.5, 3], "texture": "#0"},
				"up": {"uv": [8.5, 1.75, 9.5, 3], "texture": "#0"},
				"down": {"uv": [8.5, 1.75, 9.5, 3], "texture": "#0"}
			}
		},
		{
			"from": [7.16981, 8.97662, -10.93773],
			"to": [8.7764, 9.71218, -4.72399],
			"rotation": {"angle": 0, "axis": "y", "origin": [11.41212, 10.54364, -46.18189]},
			"faces": {
				"north": {"uv": [9.5, 7.25, 10.5, 8.5], "texture": "#0"},
				"east": {"uv": [9.5, 7.25, 10.5, 8.5], "texture": "#0"},
				"south": {"uv": [9.5, 7.25, 10.5, 8.5], "texture": "#0"},
				"west": {"uv": [9.5, 7.25, 10.5, 8.5], "texture": "#0"},
				"up": {"uv": [9.5, 7.25, 10.5, 8.5], "texture": "#0"},
				"down": {"uv": [9.5, 7.25, 10.5, 8.5], "texture": "#0"}
			}
		},
		{
			"from": [7.40381, 8.50862, -4.73673],
			"to": [8.5424, 9.24418, -2.96899],
			"rotation": {"angle": 0, "axis": "y", "origin": [11.41212, 10.07564, -44.42689]},
			"faces": {
				"north": {"uv": [9.5, 7.25, 10.5, 8.5], "texture": "#0"},
				"east": {"uv": [9.5, 7.25, 10.5, 8.5], "texture": "#0"},
				"south": {"uv": [9.5, 7.25, 10.5, 8.5], "texture": "#0"},
				"west": {"uv": [9.5, 7.25, 10.5, 8.5], "texture": "#0"},
				"up": {"uv": [9.5, 7.25, 10.5, 8.5], "texture": "#0"},
				"down": {"uv": [9.5, 7.25, 10.5, 8.5], "texture": "#0"}
			}
		},
		{
			"from": [6.81881, 5.93462, -3.09873],
			"to": [9.1274, 7.84018, -0.04399],
			"rotation": {"angle": 0, "axis": "y", "origin": [11.41212, 9.84164, -46.18189]},
			"faces": {
				"north": {"uv": [8.5, 1.75, 9.5, 3], "texture": "#0"},
				"east": {"uv": [8.5, 1.75, 9.5, 3], "texture": "#0"},
				"south": {"uv": [8.5, 1.75, 9.5, 3], "texture": "#0"},
				"west": {"uv": [8.5, 1.75, 9.5, 3], "texture": "#0"},
				"up": {"uv": [8.5, 1.75, 9.5, 3], "texture": "#0"},
				"down": {"uv": [8.5, 1.75, 9.5, 3], "texture": "#0"}
			}
		},
		{
			"from": [7.16981, 6.87062, -0.75873],
			"to": [8.7764, 8.07418, 1.71101],
			"rotation": {"angle": -22.5, "axis": "x", "origin": [7.9731, 7.5894, 1.35364]},
			"faces": {
				"north": {"uv": [0, 3.25, 1, 4.25], "texture": "#0"},
				"east": {"uv": [0, 3.25, 1, 4.25], "texture": "#0"},
				"south": {"uv": [0, 3.25, 1, 4.25], "texture": "#0"},
				"west": {"uv": [0, 3.25, 1, 4.25], "texture": "#0"},
				"up": {"uv": [0, 3.25, 1, 4.25], "texture": "#0"},
				"down": {"uv": [0, 3.25, 1, 4.25], "texture": "#0"}
			}
		},
		{
			"from": [7.40381, 7.10462, 1.34727],
			"to": [8.5424, 8.07418, 4.75301],
			"rotation": {"angle": 0, "axis": "y", "origin": [7.9731, 7.5894, 3.45964]},
			"faces": {
				"north": {"uv": [0, 3.25, 1, 4.25], "texture": "#0"},
				"east": {"uv": [0, 3.25, 1, 4.25], "texture": "#0"},
				"south": {"uv": [0, 3.25, 1, 4.25], "texture": "#0"},
				"west": {"uv": [0, 3.25, 1, 4.25], "texture": "#0"},
				"up": {"uv": [0, 3.25, 1, 4.25], "texture": "#0"},
				"down": {"uv": [0, 3.25, 1, 4.25], "texture": "#0"}
			}
		},
		{
			"from": [5.06381, 5.93462, -11.28873],
			"to": [10.8824, 7.84018, -3.55399],
			"rotation": {"angle": 0, "axis": "y", "origin": [11.41212, 9.84164, -46.18189]},
			"faces": {
				"north": {"uv": [8.5, 1.75, 9.5, 3], "texture": "#0"},
				"east": {"uv": [8.5, 1.75, 9.5, 3], "texture": "#0"},
				"south": {"uv": [8.5, 1.75, 9.5, 3], "texture": "#0"},
				"west": {"uv": [8.5, 1.75, 9.5, 3], "texture": "#0"},
				"up": {"uv": [8.5, 1.75, 9.5, 3], "texture": "#0"},
				"down": {"uv": [8.5, 1.75, 9.5, 3], "texture": "#0"}
			}
		},
		{
			"from": [2.06953, 6.16862, -11.25185],
			"to": [4.53927, 7.60618, -9.41126],
			"rotation": {"angle": -22.5, "axis": "y", "origin": [3.56765, 6.8874, -6.82156]},
			"faces": {
				"north": {"uv": [8.5, 1.75, 9.5, 3], "rotation": 270, "texture": "#0"},
				"east": {"uv": [8.5, 1.75, 9.5, 3], "rotation": 270, "texture": "#0"},
				"south": {"uv": [8.5, 1.75, 9.5, 3], "rotation": 270, "texture": "#0"},
				"west": {"uv": [8.5, 1.75, 9.5, 3], "rotation": 270, "texture": "#0"},
				"up": {"uv": [8.5, 1.75, 9.5, 3], "rotation": 270, "texture": "#0"},
				"down": {"uv": [8.5, 1.75, 9.5, 3], "rotation": 270, "texture": "#0"}
			}
		},
		{
			"from": [0.78253, 6.40262, -10.78385],
			"to": [2.19927, 7.37218, -9.87926],
			"rotation": {"angle": -22.5, "axis": "y", "origin": [3.56765, 6.8874, -6.82156]},
			"faces": {
				"north": {"uv": [0, 3.25, 1, 4.25], "rotation": 270, "texture": "#0"},
				"east": {"uv": [0, 3.25, 1, 4.25], "rotation": 270, "texture": "#0"},
				"south": {"uv": [0, 3.25, 1, 4.25], "rotation": 270, "texture": "#0"},
				"west": {"uv": [0, 3.25, 1, 4.25], "rotation": 270, "texture": "#0"},
				"up": {"uv": [0, 3.25, 1, 4.25], "rotation": 270, "texture": "#0"},
				"down": {"uv": [0, 3.25, 1, 4.25], "rotation": 270, "texture": "#0"}
			}
		},
		{
			"from": [-0.38747, 6.63662, -10.54985],
			"to": [1.02927, 7.13818, -10.11326],
			"rotation": {"angle": -22.5, "axis": "y", "origin": [3.56765, 6.8874, -6.82156]},
			"faces": {
				"north": {"uv": [0, 3.25, 1, 4.25], "rotation": 270, "texture": "#0"},
				"east": {"uv": [0, 3.25, 1, 4.25], "rotation": 270, "texture": "#0"},
				"south": {"uv": [0, 3.25, 1, 4.25], "rotation": 270, "texture": "#0"},
				"west": {"uv": [0, 3.25, 1, 4.25], "rotation": 270, "texture": "#0"},
				"up": {"uv": [0, 3.25, 1, 4.25], "rotation": 270, "texture": "#0"},
				"down": {"uv": [0, 3.25, 1, 4.25], "rotation": 270, "texture": "#0"}
			}
		},
		{
			"from": [2.65453, 6.16862, -8.32685],
			"to": [5.70927, 7.60618, -6.48626],
			"rotation": {"angle": 0, "axis": "y", "origin": [3.56765, 6.8874, -6.82156]},
			"faces": {
				"north": {"uv": [8.5, 1.75, 9.5, 3], "rotation": 270, "texture": "#0"},
				"east": {"uv": [8.5, 1.75, 9.5, 3], "rotation": 270, "texture": "#0"},
				"south": {"uv": [8.5, 1.75, 9.5, 3], "rotation": 270, "texture": "#0"},
				"west": {"uv": [8.5, 1.75, 9.5, 3], "rotation": 270, "texture": "#0"},
				"up": {"uv": [8.5, 1.75, 9.5, 3], "rotation": 270, "texture": "#0"},
				"down": {"uv": [8.5, 1.75, 9.5, 3], "rotation": 270, "texture": "#0"}
			}
		},
		{
			"from": [0.19753, 6.40262, -7.97585],
			"to": [2.78427, 7.37218, -6.83726],
			"rotation": {"angle": 0, "axis": "y", "origin": [3.56765, 6.8874, -6.82156]},
			"faces": {
				"north": {"uv": [0, 3.25, 1, 4.25], "rotation": 270, "texture": "#0"},
				"east": {"uv": [0, 3.25, 1, 4.25], "rotation": 270, "texture": "#0"},
				"south": {"uv": [0, 3.25, 1, 4.25], "rotation": 270, "texture": "#0"},
				"west": {"uv": [0, 3.25, 1, 4.25], "rotation": 270, "texture": "#0"},
				"up": {"uv": [0, 3.25, 1, 4.25], "rotation": 270, "texture": "#0"},
				"down": {"uv": [0, 3.25, 1, 4.25], "rotation": 270, "texture": "#0"}
			}
		},
		{
			"from": [-1.45997, 6.63662, -7.74185],
			"to": [0.38577, 7.25518, -7.07126],
			"rotation": {"angle": 22.5, "axis": "z", "origin": [0.3209, 6.8874, -7.40656]},
			"faces": {
				"north": {"uv": [0, 3.25, 1, 4.25], "rotation": 270, "texture": "#0"},
				"east": {"uv": [0, 3.25, 1, 4.25], "rotation": 270, "texture": "#0"},
				"south": {"uv": [0, 3.25, 1, 4.25], "rotation": 270, "texture": "#0"},
				"west": {"uv": [0, 3.25, 1, 4.25], "rotation": 270, "texture": "#0"},
				"up": {"uv": [0, 3.25, 1, 4.25], "rotation": 270, "texture": "#0"},
				"down": {"uv": [0, 3.25, 1, 4.25], "rotation": 270, "texture": "#0"}
			}
		},
		{
			"from": [2.65453, 6.16862, -5.40185],
			"to": [6.87927, 7.60618, -3.56126],
			"rotation": {"angle": 22.5, "axis": "y", "origin": [3.56765, 6.8874, -6.82156]},
			"faces": {
				"north": {"uv": [8.5, 1.75, 9.5, 3], "rotation": 270, "texture": "#0"},
				"east": {"uv": [8.5, 1.75, 9.5, 3], "rotation": 270, "texture": "#0"},
				"south": {"uv": [8.5, 1.75, 9.5, 3], "rotation": 270, "texture": "#0"},
				"west": {"uv": [8.5, 1.75, 9.5, 3], "rotation": 270, "texture": "#0"},
				"up": {"uv": [8.5, 1.75, 9.5, 3], "rotation": 270, "texture": "#0"},
				"down": {"uv": [8.5, 1.75, 9.5, 3], "rotation": 270, "texture": "#0"}
			}
		},
		{
			"from": [1.36753, 6.40262, -4.93385],
			"to": [2.78427, 7.37218, -4.02926],
			"rotation": {"angle": 22.5, "axis": "y", "origin": [3.56765, 6.8874, -6.82156]},
			"faces": {
				"north": {"uv": [0, 3.25, 1, 4.25], "rotation": 270, "texture": "#0"},
				"east": {"uv": [0, 3.25, 1, 4.25], "rotation": 270, "texture": "#0"},
				"south": {"uv": [0, 3.25, 1, 4.25], "rotation": 270, "texture": "#0"},
				"west": {"uv": [0, 3.25, 1, 4.25], "rotation": 270, "texture": "#0"},
				"up": {"uv": [0, 3.25, 1, 4.25], "rotation": 270, "texture": "#0"},
				"down": {"uv": [0, 3.25, 1, 4.25], "rotation": 270, "texture": "#0"}
			}
		},
		{
			"from": [-0.38747, 6.63662, -4.69985],
			"to": [1.61427, 7.13818, -4.26326],
			"rotation": {"angle": 22.5, "axis": "y", "origin": [3.56765, 6.8874, -6.82156]},
			"faces": {
				"north": {"uv": [0, 3.25, 1, 4.25], "rotation": 270, "texture": "#0"},
				"east": {"uv": [0, 3.25, 1, 4.25], "rotation": 270, "texture": "#0"},
				"south": {"uv": [0, 3.25, 1, 4.25], "rotation": 270, "texture": "#0"},
				"west": {"uv": [0, 3.25, 1, 4.25], "rotation": 270, "texture": "#0"},
				"up": {"uv": [0, 3.25, 1, 4.25], "rotation": 270, "texture": "#0"},
				"down": {"uv": [0, 3.25, 1, 4.25], "rotation": 270, "texture": "#0"}
			}
		},
		{
			"from": [11.40693, 6.16862, -11.25185],
			"to": [13.87668, 7.60618, -9.41126],
			"rotation": {"angle": 22.5, "axis": "y", "origin": [12.37856, 6.8874, -6.82156]},
			"faces": {
				"north": {"uv": [8.5, 3, 9.5, 1.75], "rotation": 270, "texture": "#0"},
				"east": {"uv": [8.5, 3, 9.5, 1.75], "rotation": 270, "texture": "#0"},
				"south": {"uv": [8.5, 3, 9.5, 1.75], "rotation": 270, "texture": "#0"},
				"west": {"uv": [8.5, 3, 9.5, 1.75], "rotation": 270, "texture": "#0"},
				"up": {"uv": [8.5, 3, 9.5, 1.75], "rotation": 270, "texture": "#0"},
				"down": {"uv": [8.5, 3, 9.5, 1.75], "rotation": 270, "texture": "#0"}
			}
		},
		{
			"from": [13.74693, 6.40262, -10.78385],
			"to": [15.16368, 7.37218, -9.87926],
			"rotation": {"angle": 22.5, "axis": "y", "origin": [12.37856, 6.8874, -6.82156]},
			"faces": {
				"north": {"uv": [0, 4.25, 1, 3.25], "rotation": 270, "texture": "#0"},
				"east": {"uv": [0, 4.25, 1, 3.25], "rotation": 270, "texture": "#0"},
				"south": {"uv": [0, 4.25, 1, 3.25], "rotation": 270, "texture": "#0"},
				"west": {"uv": [0, 4.25, 1, 3.25], "rotation": 270, "texture": "#0"},
				"up": {"uv": [0, 4.25, 1, 3.25], "rotation": 270, "texture": "#0"},
				"down": {"uv": [0, 4.25, 1, 3.25], "rotation": 270, "texture": "#0"}
			}
		},
		{
			"from": [14.91693, 6.63662, -10.54985],
			"to": [16.33368, 7.13818, -10.11326],
			"rotation": {"angle": 22.5, "axis": "y", "origin": [12.37856, 6.8874, -6.82156]},
			"faces": {
				"north": {"uv": [0, 4.25, 1, 3.25], "rotation": 270, "texture": "#0"},
				"east": {"uv": [0, 4.25, 1, 3.25], "rotation": 270, "texture": "#0"},
				"south": {"uv": [0, 4.25, 1, 3.25], "rotation": 270, "texture": "#0"},
				"west": {"uv": [0, 4.25, 1, 3.25], "rotation": 270, "texture": "#0"},
				"up": {"uv": [0, 4.25, 1, 3.25], "rotation": 270, "texture": "#0"},
				"down": {"uv": [0, 4.25, 1, 3.25], "rotation": 270, "texture": "#0"}
			}
		},
		{
			"from": [10.23693, 6.16862, -8.32685],
			"to": [13.29168, 7.60618, -6.48626],
			"rotation": {"angle": 0, "axis": "y", "origin": [12.37856, 6.8874, -6.82156]},
			"faces": {
				"north": {"uv": [8.5, 3, 9.5, 1.75], "rotation": 270, "texture": "#0"},
				"east": {"uv": [8.5, 3, 9.5, 1.75], "rotation": 270, "texture": "#0"},
				"south": {"uv": [8.5, 3, 9.5, 1.75], "rotation": 270, "texture": "#0"},
				"west": {"uv": [8.5, 3, 9.5, 1.75], "rotation": 270, "texture": "#0"},
				"up": {"uv": [8.5, 3, 9.5, 1.75], "rotation": 270, "texture": "#0"},
				"down": {"uv": [8.5, 3, 9.5, 1.75], "rotation": 270, "texture": "#0"}
			}
		},
		{
			"from": [13.16193, 6.40262, -7.97585],
			"to": [15.74868, 7.37218, -6.83726],
			"rotation": {"angle": 0, "axis": "y", "origin": [12.37856, 6.8874, -6.82156]},
			"faces": {
				"north": {"uv": [0, 4.25, 1, 3.25], "rotation": 270, "texture": "#0"},
				"east": {"uv": [0, 4.25, 1, 3.25], "rotation": 270, "texture": "#0"},
				"south": {"uv": [0, 4.25, 1, 3.25], "rotation": 270, "texture": "#0"},
				"west": {"uv": [0, 4.25, 1, 3.25], "rotation": 270, "texture": "#0"},
				"up": {"uv": [0, 4.25, 1, 3.25], "rotation": 270, "texture": "#0"},
				"down": {"uv": [0, 4.25, 1, 3.25], "rotation": 270, "texture": "#0"}
			}
		},
		{
			"from": [15.56043, 6.63662, -7.74185],
			"to": [17.40618, 7.25518, -7.07126],
			"rotation": {"angle": -22.5, "axis": "z", "origin": [15.62531, 6.8874, -7.40656]},
			"faces": {
				"north": {"uv": [0, 4.25, 1, 3.25], "rotation": 270, "texture": "#0"},
				"east": {"uv": [0, 4.25, 1, 3.25], "rotation": 270, "texture": "#0"},
				"south": {"uv": [0, 4.25, 1, 3.25], "rotation": 270, "texture": "#0"},
				"west": {"uv": [0, 4.25, 1, 3.25], "rotation": 270, "texture": "#0"},
				"up": {"uv": [0, 4.25, 1, 3.25], "rotation": 270, "texture": "#0"},
				"down": {"uv": [0, 4.25, 1, 3.25], "rotation": 270, "texture": "#0"}
			}
		},
		{
			"from": [9.06693, 6.16862, -5.40185],
			"to": [13.29168, 7.60618, -3.56126],
			"rotation": {"angle": -22.5, "axis": "y", "origin": [12.37856, 6.8874, -6.82156]},
			"faces": {
				"north": {"uv": [8.5, 3, 9.5, 1.75], "rotation": 270, "texture": "#0"},
				"east": {"uv": [8.5, 3, 9.5, 1.75], "rotation": 270, "texture": "#0"},
				"south": {"uv": [8.5, 3, 9.5, 1.75], "rotation": 270, "texture": "#0"},
				"west": {"uv": [8.5, 3, 9.5, 1.75], "rotation": 270, "texture": "#0"},
				"up": {"uv": [8.5, 3, 9.5, 1.75], "rotation": 270, "texture": "#0"},
				"down": {"uv": [8.5, 3, 9.5, 1.75], "rotation": 270, "texture": "#0"}
			}
		},
		{
			"from": [13.16193, 6.40262, -4.93385],
			"to": [14.57868, 7.37218, -4.02926],
			"rotation": {"angle": -22.5, "axis": "y", "origin": [12.37856, 6.8874, -6.82156]},
			"faces": {
				"north": {"uv": [0, 4.25, 1, 3.25], "rotation": 270, "texture": "#0"},
				"east": {"uv": [0, 4.25, 1, 3.25], "rotation": 270, "texture": "#0"},
				"south": {"uv": [0, 4.25, 1, 3.25], "rotation": 270, "texture": "#0"},
				"west": {"uv": [0, 4.25, 1, 3.25], "rotation": 270, "texture": "#0"},
				"up": {"uv": [0, 4.25, 1, 3.25], "rotation": 270, "texture": "#0"},
				"down": {"uv": [0, 4.25, 1, 3.25], "rotation": 270, "texture": "#0"}
			}
		},
		{
			"from": [14.33193, 6.63662, -4.69985],
			"to": [16.33368, 7.13818, -4.26326],
			"rotation": {"angle": -22.5, "axis": "y", "origin": [12.37856, 6.8874, -6.82156]},
			"faces": {
				"north": {"uv": [0, 4.25, 1, 3.25], "rotation": 270, "texture": "#0"},
				"east": {"uv": [0, 4.25, 1, 3.25], "rotation": 270, "texture": "#0"},
				"south": {"uv": [0, 4.25, 1, 3.25], "rotation": 270, "texture": "#0"},
				"west": {"uv": [0, 4.25, 1, 3.25], "rotation": 270, "texture": "#0"},
				"up": {"uv": [0, 4.25, 1, 3.25], "rotation": 270, "texture": "#0"},
				"down": {"uv": [0, 4.25, 1, 3.25], "rotation": 270, "texture": "#0"}
			}
		}
	],
	"display": {
		"head": {
			"translation": [0, -3, 70.75],
			"scale": [4, 4, 4]
		}
	},
	"groups": [
		{
			"name": "root",
			"origin": [8, 8, 8],
			"children": [
				{
					"name": "tail",
					"origin": [8, 8, 8],
					"children": [
						{
							"name": "2",
							"origin": [8, 8, 8],
							"children": [0, 1, 2, 3, 4, 5, 6, 7,
								{
									"name": "group",
									"origin": [8, 8, 8],
									"children": [
										{
											"name": "group",
											"origin": [8, 9.01198, 22.15852],
											"children": [8, 9, 10]
										},
										{
											"name": "group",
											"origin": [8, 9.01198, 22.15852],
											"children": [11, 12, 13]
										},
										{
											"name": "group",
											"origin": [8, 9.01198, 22.15852],
											"children": [14, 15, 16]
										}
									]
								},
								{
									"name": "group",
									"origin": [8, 8, 8],
									"children": [
										{
											"name": "group",
											"origin": [8, 9.01198, 22.15852],
											"children": [17, 18, 19]
										},
										{
											"name": "group",
											"origin": [8, 9.01198, 22.15852],
											"children": [20, 21, 22]
										},
										{
											"name": "group",
											"origin": [8, 9.01198, 22.15852],
											"children": [23, 24, 25]
										}
									]
								}
							]
						}
					]
				}
			]
		}
	]
}