{
	"credit": "Made with Blockbench",
	"texture_size": [32, 32],
	"textures": {
		"0": "reus/head",
		"particle": "reus/head"
	},
	"elements": [
		{
			"from": [5.30238, 5.36232, -11.74678],
			"to": [10.64382, 8.20932, -4.77748],
			"rotation": {"angle": 0, "axis": "y", "origin": [11.9043, 9.29352, -44.14408]},
			"faces": {
				"north": {"uv": [2, 9, 3.25, 10.25], "texture": "#0"},
				"east": {"uv": [2, 9, 3.25, 10.25], "texture": "#0"},
				"south": {"uv": [2, 9, 3.25, 10.25], "texture": "#0"},
				"west": {"uv": [2, 9, 3.25, 10.25], "texture": "#0"},
				"up": {"uv": [0, 11, 1.5, 11.75], "texture": "#0"},
				"down": {"uv": [2, 9, 3.25, 10.25], "texture": "#0"}
			}
		},
		{
			"from": [5.88738, 8.09232, -11.74678],
			"to": [10.05882, 9.67182, -4.77748],
			"rotation": {"angle": 0, "axis": "y", "origin": [11.9043, 9.29352, -44.14408]},
			"faces": {
				"north": {"uv": [2, 9, 3.25, 10.25], "texture": "#0"},
				"east": {"uv": [2, 9, 3.25, 10.25], "texture": "#0"},
				"south": {"uv": [2, 9, 3.25, 10.25], "texture": "#0"},
				"west": {"uv": [2, 9, 3.25, 10.25], "texture": "#0"},
				"up": {"uv": [0, 11, 1.5, 11.75], "texture": "#0"},
				"down": {"uv": [2, 9, 3.25, 10.25], "texture": "#0"}
			}
		},
		{
			"from": [6.86238, 9.65232, -11.74678],
			"to": [9.08382, 10.25682, -4.77748],
			"rotation": {"angle": 0, "axis": "y", "origin": [11.9043, 9.87852, -44.14408]},
			"faces": {
				"north": {"uv": [9, 8.25, 10.25, 9.5], "texture": "#0"},
				"east": {"uv": [9, 8.25, 10.25, 9.5], "texture": "#0"},
				"south": {"uv": [9, 8.25, 10.25, 9.5], "texture": "#0"},
				"west": {"uv": [9, 8.25, 10.25, 9.5], "texture": "#0"},
				"up": {"uv": [9, 8.25, 10.25, 9.5], "texture": "#0"},
				"down": {"uv": [9, 8.25, 10.25, 9.5], "texture": "#0"}
			}
		},
		{
			"from": [6.17988, 4.04607, -11.74678],
			"to": [9.76632, 5.43057, -4.77748],
			"rotation": {"angle": 0, "axis": "y", "origin": [11.9043, 9.29352, -44.14408]},
			"faces": {
				"north": {"uv": [0, 1.5, 1.5, 3], "texture": "#0"},
				"east": {"uv": [0, 1.5, 1.5, 3], "texture": "#0"},
				"south": {"uv": [0, 1.5, 1.5, 3], "texture": "#0"},
				"west": {"uv": [0, 1.5, 1.5, 3], "texture": "#0"},
				"up": {"uv": [0, 1.5, 1.5, 3], "texture": "#0"},
				"down": {"uv": [0, 1.5, 1.5, 3], "texture": "#0"}
			}
		},
		{
			"from": [6.9396, 9.81481, -11.546],
			"to": [9.2016, 11.08231, -9.1085],
			"rotation": {"angle": -22.5, "axis": "x", "origin": [8.0706, 10.37543, -9.47412]},
			"faces": {
				"north": {"uv": [1.25, 3.5, 1.5, 4.25], "texture": "#0"},
				"east": {"uv": [1.25, 3.5, 1.5, 4.25], "texture": "#0"},
				"south": {"uv": [1.25, 3.5, 1.5, 4.25], "texture": "#0"},
				"west": {"uv": [1.25, 3.5, 1.5, 4.25], "texture": "#0"},
				"up": {"uv": [1.25, 3.5, 1.5, 4.25], "texture": "#0"},
				"down": {"uv": [1.25, 3.5, 1.5, 4.25], "texture": "#0"}
			}
		},
		{
			"from": [6.9396, 9.81481, -8.036],
			"to": [9.2016, 11.08231, -5.5985],
			"rotation": {"angle": -22.5, "axis": "x", "origin": [8.0706, 10.37543, -5.96412]},
			"faces": {
				"north": {"uv": [1.25, 3.5, 1.5, 4.25], "texture": "#0"},
				"east": {"uv": [1.25, 3.5, 1.5, 4.25], "texture": "#0"},
				"south": {"uv": [1.25, 3.5, 1.5, 4.25], "texture": "#0"},
				"west": {"uv": [1.25, 3.5, 1.5, 4.25], "texture": "#0"},
				"up": {"uv": [1.25, 3.5, 1.5, 4.25], "texture": "#0"},
				"down": {"uv": [1.25, 3.5, 1.5, 4.25], "texture": "#0"}
			}
		},
		{
			"from": [7.67085, 10.20481, -10.6685],
			"to": [8.47035, 10.78981, -7.1585],
			"rotation": {"angle": -22.5, "axis": "x", "origin": [8.0706, 10.37543, -9.47412]},
			"faces": {
				"north": {"uv": [1.25, 3.5, 1.5, 4.25], "texture": "#0"},
				"east": {"uv": [1.25, 3.5, 1.5, 4.25], "texture": "#0"},
				"south": {"uv": [1.25, 3.5, 1.5, 4.25], "texture": "#0"},
				"west": {"uv": [1.25, 3.5, 1.5, 4.25], "texture": "#0"},
				"up": {"uv": [1.25, 3.5, 1.5, 4.25], "texture": "#0"},
				"down": {"uv": [1.25, 3.5, 1.5, 4.25], "texture": "#0"}
			}
		},
		{
			"from": [7.67085, 10.20481, -7.1585],
			"to": [8.47035, 10.78981, -3.6485],
			"rotation": {"angle": -22.5, "axis": "x", "origin": [8.0706, 10.37543, -5.96412]},
			"faces": {
				"north": {"uv": [1.25, 3.5, 1.5, 4.25], "texture": "#0"},
				"east": {"uv": [1.25, 3.5, 1.5, 4.25], "texture": "#0"},
				"south": {"uv": [1.25, 3.5, 1.5, 4.25], "texture": "#0"},
				"west": {"uv": [1.25, 3.5, 1.5, 4.25], "texture": "#0"},
				"up": {"uv": [1.25, 3.5, 1.5, 4.25], "texture": "#0"},
				"down": {"uv": [1.25, 3.5, 1.5, 4.25], "texture": "#0"}
			}
		},
		{
			"from": [5.57433, 5.53108, -4.94478],
			"to": [10.38163, 8.09338, 1.32759],
			"rotation": {"angle": 0, "axis": "y", "origin": [11.51606, 9.06916, -34.10235]},
			"faces": {
				"north": {"uv": [2, 9, 3.25, 10.25], "texture": "#0"},
				"east": {"uv": [2, 9, 3.25, 10.25], "texture": "#0"},
				"south": {"uv": [2, 9, 3.25, 10.25], "texture": "#0"},
				"west": {"uv": [2, 9, 3.25, 10.25], "texture": "#0"},
				"up": {"uv": [0, 11, 1.5, 11.75], "texture": "#0"},
				"down": {"uv": [2, 9, 3.25, 10.25], "texture": "#0"}
			}
		},
		{
			"from": [6.10083, 7.98808, -4.94478],
			"to": [9.85513, 9.40963, 1.32759],
			"rotation": {"angle": 0, "axis": "y", "origin": [11.51606, 9.06916, -34.10235]},
			"faces": {
				"north": {"uv": [2, 9, 3.25, 10.25], "texture": "#0"},
				"east": {"uv": [2, 9, 3.25, 10.25], "texture": "#0"},
				"south": {"uv": [2, 9, 3.25, 10.25], "texture": "#0"},
				"west": {"uv": [2, 9, 3.25, 10.25], "texture": "#0"},
				"up": {"uv": [0, 11, 1.5, 11.75], "texture": "#0"},
				"down": {"uv": [2, 9, 3.25, 10.25], "texture": "#0"}
			}
		},
		{
			"from": [6.97833, 9.39208, -4.94478],
			"to": [8.97763, 9.93613, 1.32759],
			"rotation": {"angle": 0, "axis": "y", "origin": [11.51606, 9.59566, -34.10235]},
			"faces": {
				"north": {"uv": [9, 8.25, 10.25, 9.5], "texture": "#0"},
				"east": {"uv": [9, 8.25, 10.25, 9.5], "texture": "#0"},
				"south": {"uv": [9, 8.25, 10.25, 9.5], "texture": "#0"},
				"west": {"uv": [9, 8.25, 10.25, 9.5], "texture": "#0"},
				"up": {"uv": [9, 8.25, 10.25, 9.5], "texture": "#0"},
				"down": {"uv": [9, 8.25, 10.25, 9.5], "texture": "#0"}
			}
		},
		{
			"from": [6.36408, 4.34645, -4.94478],
			"to": [9.59188, 5.5925, 1.32759],
			"rotation": {"angle": 0, "axis": "y", "origin": [11.51606, 9.06916, -34.10235]},
			"faces": {
				"north": {"uv": [0, 1.5, 1.5, 3], "texture": "#0"},
				"east": {"uv": [0, 1.5, 1.5, 3], "texture": "#0"},
				"south": {"uv": [0, 1.5, 1.5, 3], "texture": "#0"},
				"west": {"uv": [0, 1.5, 1.5, 3], "texture": "#0"},
				"up": {"uv": [0, 1.5, 1.5, 3], "texture": "#0"},
				"down": {"uv": [0, 1.5, 1.5, 3], "texture": "#0"}
			}
		},
		{
			"from": [7.04783, 9.53831, -4.76408],
			"to": [9.08363, 10.67906, -2.57033],
			"rotation": {"angle": -22.5, "axis": "x", "origin": [8.06573, 10.04288, -2.89939]},
			"faces": {
				"north": {"uv": [1.25, 3.5, 1.5, 4.25], "texture": "#0"},
				"east": {"uv": [1.25, 3.5, 1.5, 4.25], "texture": "#0"},
				"south": {"uv": [1.25, 3.5, 1.5, 4.25], "texture": "#0"},
				"west": {"uv": [1.25, 3.5, 1.5, 4.25], "texture": "#0"},
				"up": {"uv": [1.25, 3.5, 1.5, 4.25], "texture": "#0"},
				"down": {"uv": [1.25, 3.5, 1.5, 4.25], "texture": "#0"}
			}
		},
		{
			"from": [7.04783, 9.53831, -1.60508],
			"to": [9.08363, 10.67906, 0.58867],
			"rotation": {"angle": -22.5, "axis": "x", "origin": [8.06573, 10.04288, 0.25961]},
			"faces": {
				"north": {"uv": [1.25, 3.5, 1.5, 4.25], "texture": "#0"},
				"east": {"uv": [1.25, 3.5, 1.5, 4.25], "texture": "#0"},
				"south": {"uv": [1.25, 3.5, 1.5, 4.25], "texture": "#0"},
				"west": {"uv": [1.25, 3.5, 1.5, 4.25], "texture": "#0"},
				"up": {"uv": [1.25, 3.5, 1.5, 4.25], "texture": "#0"},
				"down": {"uv": [1.25, 3.5, 1.5, 4.25], "texture": "#0"}
			}
		},
		{
			"from": [7.70595, 9.88931, -3.97433],
			"to": [8.4255, 10.41581, -0.81533],
			"rotation": {"angle": -22.5, "axis": "x", "origin": [8.06573, 10.04288, -2.89939]},
			"faces": {
				"north": {"uv": [1.25, 3.5, 1.5, 4.25], "texture": "#0"},
				"east": {"uv": [1.25, 3.5, 1.5, 4.25], "texture": "#0"},
				"south": {"uv": [1.25, 3.5, 1.5, 4.25], "texture": "#0"},
				"west": {"uv": [1.25, 3.5, 1.5, 4.25], "texture": "#0"},
				"up": {"uv": [1.25, 3.5, 1.5, 4.25], "texture": "#0"},
				"down": {"uv": [1.25, 3.5, 1.5, 4.25], "texture": "#0"}
			}
		},
		{
			"from": [7.70595, 9.88931, -0.81533],
			"to": [8.4255, 10.41581, 2.34367],
			"rotation": {"angle": -22.5, "axis": "x", "origin": [8.06573, 10.04288, 0.25961]},
			"faces": {
				"north": {"uv": [1.25, 3.5, 1.5, 4.25], "texture": "#0"},
				"east": {"uv": [1.25, 3.5, 1.5, 4.25], "texture": "#0"},
				"south": {"uv": [1.25, 3.5, 1.5, 4.25], "texture": "#0"},
				"west": {"uv": [1.25, 3.5, 1.5, 4.25], "texture": "#0"},
				"up": {"uv": [1.25, 3.5, 1.5, 4.25], "texture": "#0"},
				"down": {"uv": [1.25, 3.5, 1.5, 4.25], "texture": "#0"}
			}
		}
	],
	"display": {
		"head": {
			"translation": [0, -3, 72.5],
			"scale": [4, 4, 4]
		}
	},
	"groups": [
		{
			"name": "root",
			"origin": [8, 8, 8],
			"children": [
				{
					"name": "tail",
					"origin": [8, 8, 8],
					"children": [
						{
							"name": "0",
							"origin": [8, 8, 8],
							"children": [
								{
									"name": "group",
									"origin": [8, 8, 8],
									"children": [0, 1, 2, 3,
										{
											"name": "group",
											"origin": [8.05, 10.48413, 9.47217],
											"children": [4, 5, 6, 7]
										}
									]
								},
								{
									"name": "group",
									"origin": [8, 8, 8],
									"children": [8, 9, 10, 11,
										{
											"name": "group",
											"origin": [8.05, 10.48413, 9.47217],
											"children": [12, 13, 14, 15]
										}
									]
								}
							]
						}
					]
				}
			]
		}
	]
}