{
	"credit": "Made with Blockbench",
	"texture_size": [32, 32],
	"textures": {
		"0": "diablos/head",
		"particle": "diablos/head"
	},
	"elements": [
		{
			"from": [5.93189, 9.17608, 9.57769],
			"to": [10.06589, 10.41628, 12.67819],
			"rotation": {"angle": 0, "axis": "y", "origin": [11.09939, 8.65933, 14.22844]},
			"faces": {
				"north": {"uv": [5.75, 5.25, 7.25, 6.5], "rotation": 90, "texture": "#0"},
				"east": {"uv": [5.75, 5.25, 7.25, 6.5], "rotation": 90, "texture": "#0"},
				"south": {"uv": [5.75, 5.25, 7.25, 6.5], "rotation": 90, "texture": "#0"},
				"west": {"uv": [5.75, 5.25, 7.25, 6.5], "rotation": 90, "texture": "#0"},
				"up": {"uv": [5.75, 5.25, 7.25, 6.5], "rotation": 90, "texture": "#0"},
				"down": {"uv": [5.75, 5.25, 7.25, 6.5], "rotation": 90, "texture": "#0"}
			}
		},
		{
			"from": [5.93189, 9.17608, 12.67819],
			"to": [10.06589, 10.93303, 15.26194],
			"rotation": {"angle": 0, "axis": "y", "origin": [11.09939, 8.65933, 14.22844]},
			"faces": {
				"north": {"uv": [5.75, 5.25, 7.25, 6.5], "rotation": 90, "texture": "#0"},
				"east": {"uv": [5.75, 5.25, 7.25, 6.5], "rotation": 90, "texture": "#0"},
				"south": {"uv": [5.75, 5.25, 7.25, 6.5], "rotation": 90, "texture": "#0"},
				"west": {"uv": [5.75, 5.25, 7.25, 6.5], "rotation": 90, "texture": "#0"},
				"up": {"uv": [5.75, 5.25, 7.25, 6.5], "rotation": 90, "texture": "#0"},
				"down": {"uv": [5.75, 5.25, 7.25, 6.5], "rotation": 90, "texture": "#0"}
			}
		},
		{
			"from": [5.41514, 8.34928, 8.54419],
			"to": [10.58264, 9.38278, 15.26194],
			"rotation": {"angle": 0, "axis": "y", "origin": [11.09939, 8.65933, 14.22844]},
			"faces": {
				"north": {"uv": [5.75, 5.25, 7.25, 6.5], "texture": "#0"},
				"east": {"uv": [5.75, 5.25, 7.25, 6.5], "texture": "#0"},
				"south": {"uv": [5.75, 5.25, 7.25, 6.5], "texture": "#0"},
				"west": {"uv": [5.75, 5.25, 7.25, 6.5], "texture": "#0"},
				"up": {"uv": [5.75, 5.25, 7.25, 6.5], "texture": "#0"},
				"down": {"uv": [5.75, 5.25, 7.25, 6.5], "texture": "#0"}
			}
		},
		{
			"from": [6.50031, 7.52248, 7.51069],
			"to": [9.49746, 8.86603, 8.54419],
			"rotation": {"angle": 0, "axis": "y", "origin": [11.09939, 8.65933, 14.22844]},
			"faces": {
				"north": {"uv": [5.75, 5.25, 7.25, 6.5], "texture": "#0"},
				"east": {"uv": [5.75, 5.25, 7.25, 6.5], "texture": "#0"},
				"south": {"uv": [5.75, 5.25, 7.25, 6.5], "texture": "#0"},
				"west": {"uv": [5.75, 5.25, 7.25, 6.5], "texture": "#0"},
				"up": {"uv": [5.75, 5.25, 7.25, 6.5], "texture": "#0"},
				"down": {"uv": [5.75, 5.25, 7.25, 6.5], "texture": "#0"}
			}
		},
		{
			"from": [5.62184, 5.55883, 6.99394],
			"to": [10.37594, 7.52248, 8.54419],
			"rotation": {"angle": 0, "axis": "y", "origin": [11.09939, 8.65933, 14.22844]},
			"faces": {
				"north": {"uv": [5.75, 5.25, 7.25, 6.5], "texture": "#0"},
				"east": {"uv": [5.75, 5.25, 7.25, 6.5], "texture": "#0"},
				"south": {"uv": [5.75, 5.25, 7.25, 6.5], "texture": "#0"},
				"west": {"uv": [5.75, 5.25, 7.25, 6.5], "texture": "#0"},
				"up": {"uv": [5.75, 5.25, 7.25, 6.5], "texture": "#0"},
				"down": {"uv": [0.75, 2.25, 1.75, 3.5], "texture": "#0"}
			}
		},
		{
			"from": [5.10509, 5.55883, 8.54419],
			"to": [10.89269, 8.34928, 15.26194],
			"rotation": {"angle": 0, "axis": "y", "origin": [11.09939, 8.65933, 14.22844]},
			"faces": {
				"north": {"uv": [8.25, 14, 10.75, 16], "texture": "#0"},
				"east": {"uv": [5.75, 5.25, 7.25, 6.5], "texture": "#0"},
				"south": {"uv": [5.75, 5.25, 7.25, 6.5], "texture": "#0"},
				"west": {"uv": [5.75, 5.25, 7.25, 6.5], "texture": "#0"},
				"up": {"uv": [5.75, 5.25, 7.25, 6.5], "texture": "#0"},
				"down": {"uv": [0.75, 2.25, 1.75, 3.5], "texture": "#0"}
			}
		},
		{
			"from": [5.10509, 3.18178, 12.16144],
			"to": [10.89269, 5.55883, 15.26194],
			"rotation": {"angle": 0, "axis": "y", "origin": [11.09939, 8.65933, 14.22844]},
			"faces": {
				"north": {"uv": [5.75, 5.25, 7.25, 6.5], "texture": "#0"},
				"east": {"uv": [5.75, 5.25, 7.25, 6.5], "texture": "#0"},
				"south": {"uv": [5.75, 5.25, 7.25, 6.5], "texture": "#0"},
				"west": {"uv": [5.75, 5.25, 7.25, 6.5], "texture": "#0"},
				"up": {"uv": [5.75, 5.25, 7.25, 6.5], "texture": "#0"},
				"down": {"uv": [5.75, 5.25, 7.25, 6.5], "texture": "#0"}
			}
		},
		{
			"from": [5.82854, 4.52533, 13.29829],
			"to": [10.37594, 7.72918, 14.64184],
			"rotation": {"angle": 0, "axis": "y", "origin": [11.09939, 8.65933, 14.22844]},
			"faces": {
				"north": {"uv": [5.75, 5.25, 7.25, 6.5], "texture": "#0"},
				"east": {"uv": [5.75, 5.25, 7.25, 6.5], "texture": "#0"},
				"south": {"uv": [5.75, 5.25, 7.25, 6.5], "texture": "#0"},
				"west": {"uv": [5.75, 5.25, 7.25, 6.5], "texture": "#0"},
				"up": {"uv": [5.75, 5.25, 7.25, 6.5], "texture": "#0"},
				"down": {"uv": [5.75, 5.25, 7.25, 6.5], "texture": "#0"}
			}
		},
		{
			"from": [6.65534, 7.41913, 4.92694],
			"to": [9.34244, 7.93588, 6.99394],
			"rotation": {"angle": 0, "axis": "y", "origin": [11.09939, 8.65933, 14.22844]},
			"faces": {
				"north": {"uv": [5.75, 5.25, 7.25, 6.5], "texture": "#0"},
				"east": {"uv": [5.75, 5.25, 7.25, 6.5], "texture": "#0"},
				"south": {"uv": [5.75, 5.25, 7.25, 6.5], "texture": "#0"},
				"west": {"uv": [5.75, 5.25, 7.25, 6.5], "texture": "#0"},
				"up": {"uv": [5.75, 5.25, 7.25, 6.5], "texture": "#0"},
				"down": {"uv": [5.75, 5.25, 7.25, 6.5], "texture": "#0"}
			}
		},
		{
			"from": [5.93189, 5.55883, 4.92694],
			"to": [10.06589, 7.41913, 6.99394],
			"rotation": {"angle": 0, "axis": "y", "origin": [11.09939, 8.65933, 14.22844]},
			"faces": {
				"north": {"uv": [5.75, 5.25, 7.25, 6.5], "texture": "#0"},
				"east": {"uv": [5.75, 5.25, 7.25, 6.5], "texture": "#0"},
				"south": {"uv": [5.75, 5.25, 7.25, 6.5], "texture": "#0"},
				"west": {"uv": [5.75, 5.25, 7.25, 6.5], "texture": "#0"},
				"up": {"uv": [5.75, 5.25, 7.25, 6.5], "texture": "#0"},
				"down": {"uv": [1.75, 2.25, 2.75, 3.5], "rotation": 180, "texture": "#0"}
			}
		},
		{
			"from": [6.65534, 5.55883, 3.58339],
			"to": [9.34244, 7.31578, 4.92694],
			"rotation": {"angle": 0, "axis": "y", "origin": [11.09939, 8.65933, 14.22844]},
			"faces": {
				"north": {"uv": [5.75, 5.25, 7.25, 6.5], "texture": "#0"},
				"east": {"uv": [5.75, 5.25, 7.25, 6.5], "texture": "#0"},
				"south": {"uv": [5.75, 5.25, 7.25, 6.5], "texture": "#0"},
				"west": {"uv": [5.75, 5.25, 7.25, 6.5], "texture": "#0"},
				"up": {"uv": [5.75, 5.25, 7.25, 6.5], "texture": "#0"},
				"down": {"uv": [5.75, 5.25, 7.25, 6.5], "texture": "#0"}
			}
		},
		{
			"from": [7.17209, 5.55883, 2.54989],
			"to": [8.82569, 6.79903, 3.58339],
			"rotation": {"angle": 0, "axis": "y", "origin": [11.09939, 8.65933, 14.22844]},
			"faces": {
				"north": {"uv": [5.75, 5.25, 7.25, 6.5], "texture": "#0"},
				"east": {"uv": [5.75, 5.25, 7.25, 6.5], "texture": "#0"},
				"south": {"uv": [5.75, 5.25, 7.25, 6.5], "texture": "#0"},
				"west": {"uv": [5.75, 5.25, 7.25, 6.5], "texture": "#0"},
				"up": {"uv": [5.75, 5.25, 7.25, 6.5], "texture": "#0"},
				"down": {"uv": [5.75, 5.25, 7.25, 6.5], "texture": "#0"}
			}
		},
		{
			"from": [7.48214, 6.59233, 4.10014],
			"to": [8.51564, 8.34928, 8.54419],
			"rotation": {"angle": 0, "axis": "y", "origin": [11.09939, 8.65933, 14.22844]},
			"faces": {
				"north": {"uv": [5.75, 5.25, 7.25, 6.5], "texture": "#0"},
				"east": {"uv": [5.75, 5.25, 7.25, 6.5], "texture": "#0"},
				"south": {"uv": [5.75, 5.25, 7.25, 6.5], "texture": "#0"},
				"west": {"uv": [5.75, 5.25, 7.25, 6.5], "texture": "#0"},
				"up": {"uv": [5.75, 5.25, 7.25, 6.5], "texture": "#0"},
				"down": {"uv": [5.75, 5.25, 7.25, 6.5], "texture": "#0"}
			}
		},
		{
			"from": [5.61281, 7.96043, 10.48745],
			"to": [10.38485, 12.71246, 13.50527],
			"rotation": {"angle": 22.5, "axis": "x", "origin": [7.99882, 12.36591, 12.91925]},
			"faces": {
				"north": {"uv": [5.75, 5.25, 7.25, 6.5], "texture": "#0"},
				"east": {"uv": [5.75, 5.25, 7.25, 6.5], "texture": "#0"},
				"south": {"uv": [5.75, 5.25, 7.25, 6.5], "texture": "#0"},
				"west": {"uv": [5.75, 5.25, 7.25, 6.5], "texture": "#0"},
				"up": {"uv": [5.75, 5.25, 7.25, 6.5], "texture": "#0"},
				"down": {"uv": [5.75, 5.25, 7.25, 6.5], "texture": "#0"}
			}
		},
		{
			"from": [6.08462, 5.66606, 10.73756],
			"to": [9.91304, 9.46107, 11.64497],
			"rotation": {"angle": 45, "axis": "x", "origin": [7.99882, 11.11537, 12.91925]},
			"faces": {
				"north": {"uv": [5.75, 5.25, 7.25, 6.5], "texture": "#0"},
				"east": {"uv": [5.75, 5.25, 7.25, 6.5], "texture": "#0"},
				"south": {"uv": [5.75, 5.25, 7.25, 6.5], "texture": "#0"},
				"west": {"uv": [5.75, 5.25, 7.25, 6.5], "texture": "#0"},
				"up": {"uv": [5.75, 5.25, 7.25, 6.5], "texture": "#0"},
				"down": {"uv": [5.75, 5.25, 7.25, 6.5], "texture": "#0"}
			}
		},
		{
			"from": [5.19941, 12.58273, 12.32335],
			"to": [10.80928, 14.93188, 16.07495],
			"rotation": {"angle": -45, "axis": "x", "origin": [7.99882, 12.36591, 12.91925]},
			"faces": {
				"north": {"uv": [5.75, 5.25, 7.25, 6.5], "texture": "#0"},
				"east": {"uv": [5.75, 5.25, 7.25, 6.5], "texture": "#0"},
				"south": {"uv": [5.75, 5.25, 7.25, 6.5], "texture": "#0"},
				"west": {"uv": [5.75, 5.25, 7.25, 6.5], "texture": "#0"},
				"up": {"uv": [5.75, 5.25, 7.25, 6.5], "texture": "#0"},
				"down": {"uv": [5.75, 5.25, 7.25, 6.5], "texture": "#0"}
			}
		},
		{
			"from": [3.35934, 11.73025, 10.95436],
			"to": [5.67909, 13.87269, 14.26828],
			"rotation": {"angle": -45, "axis": "x", "origin": [7.99882, 12.36591, 12.91925]},
			"faces": {
				"north": {"uv": [5.75, 5.25, 7.25, 6.5], "texture": "#0"},
				"east": {"uv": [5.75, 5.25, 7.25, 6.5], "texture": "#0"},
				"south": {"uv": [5.75, 5.25, 7.25, 6.5], "texture": "#0"},
				"west": {"uv": [5.75, 5.25, 7.25, 6.5], "texture": "#0"},
				"up": {"uv": [5.75, 5.25, 7.25, 6.5], "texture": "#0"},
				"down": {"uv": [5.75, 5.25, 7.25, 6.5], "texture": "#0"}
			}
		},
		{
			"from": [2.76284, 9.41675, 10.07898],
			"to": [5.0691, 12.247, 13.64301],
			"rotation": {"angle": -45, "axis": "x", "origin": [7.99882, 12.36591, 12.91925]},
			"faces": {
				"north": {"uv": [5.75, 5.25, 7.25, 6.5], "texture": "#0"},
				"east": {"uv": [5.75, 5.25, 7.25, 6.5], "texture": "#0"},
				"south": {"uv": [5.75, 5.25, 7.25, 6.5], "texture": "#0"},
				"west": {"uv": [5.75, 5.25, 7.25, 6.5], "texture": "#0"},
				"up": {"uv": [5.75, 5.25, 7.25, 6.5], "texture": "#0"},
				"down": {"uv": [5.75, 5.25, 7.25, 6.5], "texture": "#0"}
			}
		},
		{
			"from": [3.35934, 8.31206, 10.78805],
			"to": [5.67909, 11.12577, 12.41374],
			"rotation": {"angle": 22.5, "axis": "x", "origin": [7.99882, 12.36591, 12.91925]},
			"faces": {
				"north": {"uv": [5.75, 5.25, 7.25, 6.5], "texture": "#0"},
				"east": {"uv": [5.75, 5.25, 7.25, 6.5], "texture": "#0"},
				"south": {"uv": [5.75, 5.25, 7.25, 6.5], "texture": "#0"},
				"west": {"uv": [5.75, 5.25, 7.25, 6.5], "texture": "#0"},
				"up": {"uv": [5.75, 5.25, 7.25, 6.5], "texture": "#0"},
				"down": {"uv": [5.75, 5.25, 7.25, 6.5], "texture": "#0"}
			}
		},
		{
			"from": [1.77579, 5.64716, 12.44841],
			"to": [4.01577, 11.18259, 14.82442],
			"rotation": {"angle": -22.5, "axis": "z", "origin": [2.3467, 9.10123, 12.06282]},
			"faces": {
				"north": {"uv": [5.75, 5.25, 7.25, 6.5], "texture": "#0"},
				"east": {"uv": [5.75, 5.25, 7.25, 6.5], "texture": "#0"},
				"south": {"uv": [5.75, 5.25, 7.25, 6.5], "texture": "#0"},
				"west": {"uv": [5.75, 5.25, 7.25, 6.5], "texture": "#0"},
				"up": {"uv": [5.75, 5.25, 7.25, 6.5], "texture": "#0"},
				"down": {"uv": [5.75, 5.25, 7.25, 6.5], "texture": "#0"}
			}
		},
		{
			"from": [2.04089, 5.64716, 10.07238],
			"to": [4.01577, 9.68194, 12.44841],
			"rotation": {"angle": -22.5, "axis": "z", "origin": [2.3467, 9.10123, 12.06282]},
			"faces": {
				"north": {"uv": [5.75, 5.25, 7.25, 6.5], "texture": "#0"},
				"east": {"uv": [5.75, 5.25, 7.25, 6.5], "texture": "#0"},
				"south": {"uv": [5.75, 5.25, 7.25, 6.5], "texture": "#0"},
				"west": {"uv": [5.75, 5.25, 7.25, 6.5], "texture": "#0"},
				"up": {"uv": [5.75, 5.25, 7.25, 6.5], "texture": "#0"},
				"down": {"uv": [5.75, 5.25, 7.25, 6.5], "texture": "#0"}
			}
		},
		{
			"from": [0.66039, 4.565, 9.24301],
			"to": [2.63527, 6.63097, 12.24429],
			"rotation": {"angle": -22.5, "axis": "x", "origin": [2.78468, 6.83818, 11.2604]},
			"faces": {
				"north": {"uv": [5.75, 5.25, 7.25, 6.5], "rotation": 270, "texture": "#0"},
				"east": {"uv": [5.75, 5.25, 7.25, 6.5], "rotation": 270, "texture": "#0"},
				"south": {"uv": [5.75, 5.25, 7.25, 6.5], "rotation": 270, "texture": "#0"},
				"west": {"uv": [5.75, 5.25, 7.25, 6.5], "rotation": 270, "texture": "#0"},
				"up": {"uv": [5.75, 5.25, 7.25, 6.5], "rotation": 270, "texture": "#0"},
				"down": {"uv": [5.75, 5.25, 7.25, 6.5], "rotation": 270, "texture": "#0"}
			}
		},
		{
			"from": [1.07379, 4.9784, 7.69276],
			"to": [2.22187, 6.21757, 9.66054],
			"rotation": {"angle": -22.5, "axis": "x", "origin": [2.78468, 6.83818, 11.2604]},
			"faces": {
				"north": {"uv": [1.5, 13, 2.75, 13.5], "rotation": 270, "texture": "#0"},
				"east": {"uv": [1.5, 13, 2.75, 13.5], "rotation": 270, "texture": "#0"},
				"south": {"uv": [1.5, 13, 2.75, 13.5], "rotation": 270, "texture": "#0"},
				"west": {"uv": [1.5, 13, 2.75, 13.5], "rotation": 270, "texture": "#0"},
				"up": {"uv": [1.5, 13, 2.75, 13.5], "rotation": 270, "texture": "#0"},
				"down": {"uv": [1.5, 13, 2.75, 13.5], "rotation": 270, "texture": "#0"}
			}
		},
		{
			"from": [1.28049, 5.1851, 6.65926],
			"to": [2.01517, 6.01087, 8.11029],
			"rotation": {"angle": -22.5, "axis": "x", "origin": [2.78468, 6.83818, 11.2604]},
			"faces": {
				"north": {"uv": [1.5, 13, 2.75, 13.5], "rotation": 270, "texture": "#0"},
				"east": {"uv": [1.5, 13, 2.75, 13.5], "rotation": 270, "texture": "#0"},
				"south": {"uv": [1.5, 13, 2.75, 13.5], "rotation": 270, "texture": "#0"},
				"west": {"uv": [1.5, 13, 2.75, 13.5], "rotation": 270, "texture": "#0"},
				"up": {"uv": [1.5, 13, 2.75, 13.5], "rotation": 270, "texture": "#0"},
				"down": {"uv": [1.5, 13, 2.75, 13.5], "rotation": 270, "texture": "#0"}
			}
		},
		{
			"from": [2.55239, 7.81707, 10.13491],
			"to": [4.24063, 9.97729, 12.44841],
			"rotation": {"angle": 22.5, "axis": "z", "origin": [2.3467, 9.10123, 12.06282]},
			"faces": {
				"north": {"uv": [5.75, 5.25, 7.25, 6.5], "rotation": 90, "texture": "#0"},
				"east": {"uv": [5.75, 5.25, 7.25, 6.5], "rotation": 90, "texture": "#0"},
				"south": {"uv": [5.75, 5.25, 7.25, 6.5], "rotation": 90, "texture": "#0"},
				"west": {"uv": [5.75, 5.25, 7.25, 6.5], "rotation": 90, "texture": "#0"},
				"up": {"uv": [5.75, 5.25, 7.25, 6.5], "rotation": 90, "texture": "#0"},
				"down": {"uv": [5.75, 5.25, 7.25, 6.5], "rotation": 90, "texture": "#0"}
			}
		},
		{
			"from": [6.07676, 13.57647, 15.42088],
			"to": [6.8721, 14.20174, 17.29668],
			"rotation": {"angle": -45, "axis": "x", "origin": [7.99882, 12.36591, 12.91925]},
			"faces": {
				"north": {"uv": [1.5, 13, 2.75, 13.5], "texture": "#0"},
				"east": {"uv": [1.5, 13, 2.75, 13.5], "texture": "#0"},
				"south": {"uv": [1.5, 13, 2.75, 13.5], "texture": "#0"},
				"west": {"uv": [1.5, 13, 2.75, 13.5], "texture": "#0"},
				"up": {"uv": [1.5, 13, 2.75, 13.5], "texture": "#0"},
				"down": {"uv": [1.5, 13, 2.75, 13.5], "texture": "#0"}
			}
		},
		{
			"from": [4.15468, 12.73219, 13.56608],
			"to": [4.95002, 13.35746, 15.44188],
			"rotation": {"angle": -45, "axis": "x", "origin": [7.99882, 12.36591, 12.91925]},
			"faces": {
				"north": {"uv": [1.5, 13, 2.75, 13.5], "texture": "#0"},
				"east": {"uv": [1.5, 13, 2.75, 13.5], "texture": "#0"},
				"south": {"uv": [1.5, 13, 2.75, 13.5], "texture": "#0"},
				"west": {"uv": [1.5, 13, 2.75, 13.5], "texture": "#0"},
				"up": {"uv": [1.5, 13, 2.75, 13.5], "texture": "#0"},
				"down": {"uv": [1.5, 13, 2.75, 13.5], "texture": "#0"}
			}
		},
		{
			"from": [3.22679, 10.84557, 13.24191],
			"to": [4.02213, 11.47083, 15.11772],
			"rotation": {"angle": -45, "axis": "x", "origin": [7.99882, 11.86569, 13.16936]},
			"faces": {
				"north": {"uv": [1.5, 13, 2.75, 13.5], "texture": "#0"},
				"east": {"uv": [1.5, 13, 2.75, 13.5], "texture": "#0"},
				"south": {"uv": [1.5, 13, 2.75, 13.5], "texture": "#0"},
				"west": {"uv": [1.5, 13, 2.75, 13.5], "texture": "#0"},
				"up": {"uv": [1.5, 13, 2.75, 13.5], "texture": "#0"},
				"down": {"uv": [1.5, 13, 2.75, 13.5], "texture": "#0"}
			}
		},
		{
			"from": [2.43145, 9.18164, 14.24234],
			"to": [3.22679, 9.8069, 16.11815],
			"rotation": {"angle": 0, "axis": "y", "origin": [7.20348, 10.61516, 14.16978]},
			"faces": {
				"north": {"uv": [1.5, 13, 2.75, 13.5], "texture": "#0"},
				"east": {"uv": [1.5, 13, 2.75, 13.5], "texture": "#0"},
				"south": {"uv": [1.5, 13, 2.75, 13.5], "texture": "#0"},
				"west": {"uv": [1.5, 13, 2.75, 13.5], "texture": "#0"},
				"up": {"uv": [1.5, 13, 2.75, 13.5], "texture": "#0"},
				"down": {"uv": [1.5, 13, 2.75, 13.5], "texture": "#0"}
			}
		},
		{
			"from": [1.42941, 6.81079, 14.24234],
			"to": [2.22475, 7.43605, 16.11815],
			"rotation": {"angle": 0, "axis": "y", "origin": [6.40814, 8.86441, 14.16978]},
			"faces": {
				"north": {"uv": [1.5, 13, 2.75, 13.5], "texture": "#0"},
				"east": {"uv": [1.5, 13, 2.75, 13.5], "texture": "#0"},
				"south": {"uv": [1.5, 13, 2.75, 13.5], "texture": "#0"},
				"west": {"uv": [1.5, 13, 2.75, 13.5], "texture": "#0"},
				"up": {"uv": [1.5, 13, 2.75, 13.5], "texture": "#0"},
				"down": {"uv": [1.5, 13, 2.75, 13.5], "texture": "#0"}
			}
		},
		{
			"from": [-0.55773, 5.15719, 10.64857],
			"to": [1.31808, 5.78245, 11.44391],
			"rotation": {"angle": 22.5, "axis": "z", "origin": [0.38018, 5.46981, 11.04624]},
			"faces": {
				"north": {"uv": [1.5, 13, 2.75, 13.5], "texture": "#0"},
				"east": {"uv": [1.5, 13, 2.75, 13.5], "texture": "#0"},
				"south": {"uv": [1.5, 13, 2.75, 13.5], "texture": "#0"},
				"west": {"uv": [1.5, 13, 2.75, 13.5], "texture": "#0"},
				"up": {"uv": [1.5, 13, 2.75, 13.5], "texture": "#0"},
				"down": {"uv": [1.5, 13, 2.75, 13.5], "texture": "#0"}
			}
		},
		{
			"from": [10.3187, 11.73025, 10.95436],
			"to": [12.63844, 13.87269, 14.26828],
			"rotation": {"angle": -45, "axis": "x", "origin": [7.99895, 12.36591, 12.91925]},
			"faces": {
				"north": {"uv": [5.75, 5.25, 7.25, 6.5], "texture": "#0"},
				"east": {"uv": [5.75, 5.25, 7.25, 6.5], "texture": "#0"},
				"south": {"uv": [5.75, 5.25, 7.25, 6.5], "texture": "#0"},
				"west": {"uv": [5.75, 5.25, 7.25, 6.5], "texture": "#0"},
				"up": {"uv": [5.75, 5.25, 7.25, 6.5], "texture": "#0"},
				"down": {"uv": [5.75, 5.25, 7.25, 6.5], "texture": "#0"}
			}
		},
		{
			"from": [10.92867, 9.41675, 10.07898],
			"to": [13.23495, 12.247, 13.64301],
			"rotation": {"angle": -45, "axis": "x", "origin": [7.99895, 12.36591, 12.91925]},
			"faces": {
				"north": {"uv": [5.75, 5.25, 7.25, 6.5], "texture": "#0"},
				"east": {"uv": [5.75, 5.25, 7.25, 6.5], "texture": "#0"},
				"south": {"uv": [5.75, 5.25, 7.25, 6.5], "texture": "#0"},
				"west": {"uv": [5.75, 5.25, 7.25, 6.5], "texture": "#0"},
				"up": {"uv": [5.75, 5.25, 7.25, 6.5], "texture": "#0"},
				"down": {"uv": [5.75, 5.25, 7.25, 6.5], "texture": "#0"}
			}
		},
		{
			"from": [10.3187, 8.31206, 10.78805],
			"to": [12.63844, 11.12577, 12.41374],
			"rotation": {"angle": 22.5, "axis": "x", "origin": [7.99895, 12.36591, 12.91925]},
			"faces": {
				"north": {"uv": [5.75, 5.25, 7.25, 6.5], "texture": "#0"},
				"east": {"uv": [5.75, 5.25, 7.25, 6.5], "texture": "#0"},
				"south": {"uv": [5.75, 5.25, 7.25, 6.5], "texture": "#0"},
				"west": {"uv": [5.75, 5.25, 7.25, 6.5], "texture": "#0"},
				"up": {"uv": [5.75, 5.25, 7.25, 6.5], "texture": "#0"},
				"down": {"uv": [5.75, 5.25, 7.25, 6.5], "texture": "#0"}
			}
		},
		{
			"from": [11.98202, 5.64716, 12.44841],
			"to": [14.222, 11.18259, 14.82442],
			"rotation": {"angle": 22.5, "axis": "z", "origin": [13.65107, 9.10123, 12.06282]},
			"faces": {
				"north": {"uv": [5.75, 5.25, 7.25, 6.5], "texture": "#0"},
				"east": {"uv": [5.75, 5.25, 7.25, 6.5], "texture": "#0"},
				"south": {"uv": [5.75, 5.25, 7.25, 6.5], "texture": "#0"},
				"west": {"uv": [5.75, 5.25, 7.25, 6.5], "texture": "#0"},
				"up": {"uv": [5.75, 5.25, 7.25, 6.5], "texture": "#0"},
				"down": {"uv": [5.75, 5.25, 7.25, 6.5], "texture": "#0"}
			}
		},
		{
			"from": [11.98202, 5.64716, 10.07238],
			"to": [13.95688, 9.68194, 12.44841],
			"rotation": {"angle": 22.5, "axis": "z", "origin": [13.65107, 9.10123, 12.06282]},
			"faces": {
				"north": {"uv": [5.75, 5.25, 7.25, 6.5], "texture": "#0"},
				"east": {"uv": [5.75, 5.25, 7.25, 6.5], "texture": "#0"},
				"south": {"uv": [5.75, 5.25, 7.25, 6.5], "texture": "#0"},
				"west": {"uv": [5.75, 5.25, 7.25, 6.5], "texture": "#0"},
				"up": {"uv": [5.75, 5.25, 7.25, 6.5], "texture": "#0"},
				"down": {"uv": [5.75, 5.25, 7.25, 6.5], "texture": "#0"}
			}
		},
		{
			"from": [13.36252, 4.565, 9.24301],
			"to": [15.33738, 6.63097, 12.24429],
			"rotation": {"angle": -22.5, "axis": "x", "origin": [13.2131, 6.83818, 11.2604]},
			"faces": {
				"north": {"uv": [5.75, 5.25, 7.25, 6.5], "rotation": 90, "texture": "#0"},
				"east": {"uv": [5.75, 5.25, 7.25, 6.5], "rotation": 90, "texture": "#0"},
				"south": {"uv": [5.75, 5.25, 7.25, 6.5], "rotation": 90, "texture": "#0"},
				"west": {"uv": [5.75, 5.25, 7.25, 6.5], "rotation": 90, "texture": "#0"},
				"up": {"uv": [5.75, 5.25, 7.25, 6.5], "rotation": 90, "texture": "#0"},
				"down": {"uv": [5.75, 5.25, 7.25, 6.5], "rotation": 90, "texture": "#0"}
			}
		},
		{
			"from": [13.77592, 4.9784, 7.69276],
			"to": [14.92398, 6.21757, 9.66054],
			"rotation": {"angle": -22.5, "axis": "x", "origin": [13.2131, 6.83818, 11.2604]},
			"faces": {
				"north": {"uv": [1.5, 13, 2.75, 13.5], "rotation": 90, "texture": "#0"},
				"east": {"uv": [1.5, 13, 2.75, 13.5], "rotation": 90, "texture": "#0"},
				"south": {"uv": [1.5, 13, 2.75, 13.5], "rotation": 90, "texture": "#0"},
				"west": {"uv": [1.5, 13, 2.75, 13.5], "rotation": 90, "texture": "#0"},
				"up": {"uv": [1.5, 13, 2.75, 13.5], "rotation": 90, "texture": "#0"},
				"down": {"uv": [1.5, 13, 2.75, 13.5], "rotation": 90, "texture": "#0"}
			}
		},
		{
			"from": [13.98262, 5.1851, 6.65926],
			"to": [14.71728, 6.01087, 8.11029],
			"rotation": {"angle": -22.5, "axis": "x", "origin": [13.2131, 6.83818, 11.2604]},
			"faces": {
				"north": {"uv": [1.5, 13, 2.75, 13.5], "rotation": 90, "texture": "#0"},
				"east": {"uv": [1.5, 13, 2.75, 13.5], "rotation": 90, "texture": "#0"},
				"south": {"uv": [1.5, 13, 2.75, 13.5], "rotation": 90, "texture": "#0"},
				"west": {"uv": [1.5, 13, 2.75, 13.5], "rotation": 90, "texture": "#0"},
				"up": {"uv": [1.5, 13, 2.75, 13.5], "rotation": 90, "texture": "#0"},
				"down": {"uv": [1.5, 13, 2.75, 13.5], "rotation": 90, "texture": "#0"}
			}
		},
		{
			"from": [11.75716, 7.81707, 10.13491],
			"to": [13.44538, 9.97729, 12.44841],
			"rotation": {"angle": -22.5, "axis": "z", "origin": [13.65107, 9.10123, 12.06282]},
			"faces": {
				"north": {"uv": [5.75, 5.25, 7.25, 6.5], "rotation": 90, "texture": "#0"},
				"east": {"uv": [5.75, 5.25, 7.25, 6.5], "rotation": 90, "texture": "#0"},
				"south": {"uv": [5.75, 5.25, 7.25, 6.5], "rotation": 90, "texture": "#0"},
				"west": {"uv": [5.75, 5.25, 7.25, 6.5], "rotation": 90, "texture": "#0"},
				"up": {"uv": [5.75, 5.25, 7.25, 6.5], "rotation": 90, "texture": "#0"},
				"down": {"uv": [5.75, 5.25, 7.25, 6.5], "rotation": 90, "texture": "#0"}
			}
		},
		{
			"from": [9.12569, 13.57647, 15.42088],
			"to": [9.92103, 14.20174, 17.29668],
			"rotation": {"angle": -45, "axis": "x", "origin": [7.99895, 12.36591, 12.91925]},
			"faces": {
				"north": {"uv": [1.5, 13, 2.75, 13.5], "texture": "#0"},
				"east": {"uv": [1.5, 13, 2.75, 13.5], "texture": "#0"},
				"south": {"uv": [1.5, 13, 2.75, 13.5], "texture": "#0"},
				"west": {"uv": [1.5, 13, 2.75, 13.5], "texture": "#0"},
				"up": {"uv": [1.5, 13, 2.75, 13.5], "texture": "#0"},
				"down": {"uv": [1.5, 13, 2.75, 13.5], "texture": "#0"}
			}
		},
		{
			"from": [11.04775, 12.73219, 13.56608],
			"to": [11.8431, 13.35746, 15.44188],
			"rotation": {"angle": -45, "axis": "x", "origin": [7.99895, 12.36591, 12.91925]},
			"faces": {
				"north": {"uv": [1.5, 13, 2.75, 13.5], "texture": "#0"},
				"east": {"uv": [1.5, 13, 2.75, 13.5], "texture": "#0"},
				"south": {"uv": [1.5, 13, 2.75, 13.5], "texture": "#0"},
				"west": {"uv": [1.5, 13, 2.75, 13.5], "texture": "#0"},
				"up": {"uv": [1.5, 13, 2.75, 13.5], "texture": "#0"},
				"down": {"uv": [1.5, 13, 2.75, 13.5], "texture": "#0"}
			}
		},
		{
			"from": [11.97566, 10.84557, 13.24191],
			"to": [12.771, 11.47083, 15.11772],
			"rotation": {"angle": -45, "axis": "x", "origin": [7.99895, 11.86569, 13.16936]},
			"faces": {
				"north": {"uv": [1.5, 13, 2.75, 13.5], "texture": "#0"},
				"east": {"uv": [1.5, 13, 2.75, 13.5], "texture": "#0"},
				"south": {"uv": [1.5, 13, 2.75, 13.5], "texture": "#0"},
				"west": {"uv": [1.5, 13, 2.75, 13.5], "texture": "#0"},
				"up": {"uv": [1.5, 13, 2.75, 13.5], "texture": "#0"},
				"down": {"uv": [1.5, 13, 2.75, 13.5], "texture": "#0"}
			}
		},
		{
			"from": [12.771, 9.18164, 14.24234],
			"to": [13.56634, 9.8069, 16.11815],
			"rotation": {"angle": 0, "axis": "y", "origin": [8.79429, 10.61516, 14.16978]},
			"faces": {
				"north": {"uv": [1.5, 13, 2.75, 13.5], "texture": "#0"},
				"east": {"uv": [1.5, 13, 2.75, 13.5], "texture": "#0"},
				"south": {"uv": [1.5, 13, 2.75, 13.5], "texture": "#0"},
				"west": {"uv": [1.5, 13, 2.75, 13.5], "texture": "#0"},
				"up": {"uv": [1.5, 13, 2.75, 13.5], "texture": "#0"},
				"down": {"uv": [1.5, 13, 2.75, 13.5], "texture": "#0"}
			}
		},
		{
			"from": [13.77304, 6.81079, 14.24234],
			"to": [14.56837, 7.43605, 16.11815],
			"rotation": {"angle": 0, "axis": "y", "origin": [9.58964, 8.86441, 14.16978]},
			"faces": {
				"north": {"uv": [1.5, 13, 2.75, 13.5], "texture": "#0"},
				"east": {"uv": [1.5, 13, 2.75, 13.5], "texture": "#0"},
				"south": {"uv": [1.5, 13, 2.75, 13.5], "texture": "#0"},
				"west": {"uv": [1.5, 13, 2.75, 13.5], "texture": "#0"},
				"up": {"uv": [1.5, 13, 2.75, 13.5], "texture": "#0"},
				"down": {"uv": [1.5, 13, 2.75, 13.5], "texture": "#0"}
			}
		},
		{
			"from": [14.67971, 5.15719, 10.64857],
			"to": [16.5555, 5.78245, 11.44391],
			"rotation": {"angle": -22.5, "axis": "z", "origin": [15.61761, 5.46981, 11.04624]},
			"faces": {
				"north": {"uv": [1.5, 13, 2.75, 13.5], "texture": "#0"},
				"east": {"uv": [1.5, 13, 2.75, 13.5], "texture": "#0"},
				"south": {"uv": [1.5, 13, 2.75, 13.5], "texture": "#0"},
				"west": {"uv": [1.5, 13, 2.75, 13.5], "texture": "#0"},
				"up": {"uv": [1.5, 13, 2.75, 13.5], "texture": "#0"},
				"down": {"uv": [1.5, 13, 2.75, 13.5], "texture": "#0"}
			}
		},
		{
			"from": [5.98356, 7.41913, 8.13079],
			"to": [6.55199, 7.78923, 8.75089],
			"rotation": {"angle": 0, "axis": "y", "origin": [11.09939, 8.65933, 14.22844]},
			"faces": {
				"north": {"uv": [7.5, 14.5, 8.25, 14.75], "texture": "#0"},
				"east": {"uv": [12.5, 13.5, 12.75, 14], "texture": "#0"},
				"south": {"uv": [12.5, 13.5, 12.75, 14], "texture": "#0"},
				"west": {"uv": [7.5, 14, 7.75, 14.75], "texture": "#0"},
				"up": {"uv": [12.5, 13.5, 12.75, 14], "texture": "#0"},
				"down": {"uv": [12.5, 13.5, 12.75, 14], "texture": "#0"}
			}
		},
		{
			"from": [9.44579, 7.41913, 8.13079],
			"to": [10.01421, 7.78923, 8.75089],
			"rotation": {"angle": 0, "axis": "y", "origin": [4.89839, 8.65933, 14.22844]},
			"faces": {
				"north": {"uv": [8.25, 14.5, 7.25, 14.75], "texture": "#0"},
				"east": {"uv": [12.75, 13.5, 12.5, 14], "texture": "#0"},
				"south": {"uv": [12.75, 13.5, 12.5, 14], "texture": "#0"},
				"west": {"uv": [12.75, 13.5, 12.5, 14], "texture": "#0"},
				"up": {"uv": [12.75, 13.5, 12.5, 14], "texture": "#0"},
				"down": {"uv": [12.75, 13.5, 12.5, 14], "texture": "#0"}
			}
		},
		{
			"from": [9.13574, 7.21243, 7.92409],
			"to": [10.32426, 8.03923, 8.54419],
			"rotation": {"angle": 22.5, "axis": "z", "origin": [7.99889, 7.83253, 8.33749]},
			"faces": {
				"north": {"uv": [9.5, 9, 9.75, 9.5], "texture": "#0"},
				"east": {"uv": [9.5, 9, 9.75, 9.5], "texture": "#0"},
				"south": {"uv": [9.5, 9, 9.75, 9.5], "texture": "#0"},
				"west": {"uv": [9.5, 9, 9.75, 9.5], "texture": "#0"},
				"up": {"uv": [9.5, 9, 9.75, 9.5], "texture": "#0"},
				"down": {"uv": [9.5, 9, 9.75, 9.5], "texture": "#0"}
			}
		},
		{
			"from": [5.67351, 7.21243, 7.92409],
			"to": [6.86204, 8.03923, 8.54419],
			"rotation": {"angle": -22.5, "axis": "z", "origin": [7.99889, 7.83253, 8.33749]},
			"faces": {
				"north": {"uv": [9.75, 9, 9.5, 9.5], "texture": "#0"},
				"east": {"uv": [9.75, 9, 9.5, 9.5], "texture": "#0"},
				"south": {"uv": [9.75, 9, 9.5, 9.5], "texture": "#0"},
				"west": {"uv": [9.75, 9, 9.5, 9.5], "texture": "#0"},
				"up": {"uv": [9.75, 9, 9.5, 9.5], "texture": "#0"},
				"down": {"uv": [9.75, 9, 9.5, 9.5], "texture": "#0"}
			}
		},
		{
			"from": [8.92735, 8.03777, 8.39808],
			"to": [13.00867, 11.70617, 12.35221],
			"rotation": {"angle": -45, "axis": "y", "origin": [11.18711, 9.87197, 10.10127]},
			"faces": {
				"north": {"uv": [6, 7.5, 5, 6.5], "texture": "#0"},
				"east": {"uv": [6, 7.5, 5, 6.5], "texture": "#0"},
				"south": {"uv": [6, 7.5, 5, 6.5], "texture": "#0"},
				"west": {"uv": [6, 7.5, 5, 6.5], "texture": "#0"},
				"up": {"uv": [6, 7.5, 5, 6.5], "texture": "#0"},
				"down": {"uv": [6, 7.5, 5, 6.5], "texture": "#0"}
			}
		},
		{
			"from": [8.21526, 8.47597, 8.72674],
			"to": [12.13226, 11.48707, 12.35221],
			"rotation": {"angle": -22.5, "axis": "y", "origin": [11.18711, 9.87197, 10.10127]},
			"faces": {
				"north": {"uv": [6, 7.5, 5, 6.5], "texture": "#0"},
				"east": {"uv": [6, 7.5, 5, 6.5], "texture": "#0"},
				"south": {"uv": [6, 7.5, 5, 6.5], "texture": "#0"},
				"west": {"uv": [6, 7.5, 5, 6.5], "texture": "#0"},
				"up": {"uv": [6, 7.5, 5, 6.5], "texture": "#0"},
				"down": {"uv": [6, 7.5, 5, 6.5], "texture": "#0"}
			}
		},
		{
			"from": [9.42554, 8.25687, 6.2517],
			"to": [12.84956, 11.48707, 9.21987],
			"rotation": {"angle": -45, "axis": "y", "origin": [10.91845, 9.87197, 9.81177]},
			"faces": {
				"north": {"uv": [2.75, 12, 4, 13], "texture": "#0"},
				"east": {"uv": [2.75, 12, 4, 13], "texture": "#0"},
				"south": {"uv": [2.75, 12, 4, 13], "texture": "#0"},
				"west": {"uv": [2.75, 12, 4, 13], "texture": "#0"},
				"up": {"uv": [2.75, 12, 4, 13], "texture": "#0"},
				"down": {"uv": [2.75, 12, 4, 13], "texture": "#0"}
			}
		},
		{
			"from": [10.16963, 7.96766, 1.98331],
			"to": [14.14106, 11.77629, 7.45144],
			"rotation": {"angle": -22.5, "axis": "y", "origin": [10.71738, 10.39952, 9.70293]},
			"faces": {
				"north": {"uv": [2.75, 12, 4, 13], "texture": "#0"},
				"east": {"uv": [2.75, 12, 4, 13], "texture": "#0"},
				"south": {"uv": [2.75, 12, 4, 13], "texture": "#0"},
				"west": {"uv": [2.75, 12, 4, 13], "texture": "#0"},
				"up": {"uv": [2.75, 12, 4, 13], "texture": "#0"},
				"down": {"uv": [2.75, 12, 4, 13], "texture": "#0"}
			}
		},
		{
			"from": [13.29184, 8.02243, 1.92853],
			"to": [16.82505, 11.55719, 3.89103],
			"rotation": {"angle": 0, "axis": "y", "origin": [10.71738, 10.39952, 9.70293]},
			"faces": {
				"north": {"uv": [2.75, 12, 4, 13], "texture": "#0"},
				"east": {"uv": [2.75, 12, 4, 13], "texture": "#0"},
				"south": {"uv": [2.75, 12, 4, 13], "texture": "#0"},
				"west": {"uv": [2.75, 12, 4, 13], "texture": "#0"},
				"up": {"uv": [2.75, 12, 4, 13], "texture": "#0"},
				"down": {"uv": [2.75, 12, 4, 13], "texture": "#0"}
			}
		},
		{
			"from": [13.41986, 8.0842, 0.84057],
			"to": [16.56275, 11.19396, 3.41849],
			"rotation": {"angle": -22.5, "axis": "x", "origin": [14.03151, 10.09807, 2.43875]},
			"faces": {
				"north": {"uv": [2.75, 12, 4, 13], "texture": "#0"},
				"east": {"uv": [2.75, 12, 4, 13], "texture": "#0"},
				"south": {"uv": [2.75, 12, 4, 13], "texture": "#0"},
				"west": {"uv": [2.75, 12, 4, 13], "texture": "#0"},
				"up": {"uv": [2.75, 12, 4, 13], "texture": "#0"},
				"down": {"uv": [2.75, 12, 4, 13], "texture": "#0"}
			}
		},
		{
			"from": [13.41986, 7.59122, -0.20016],
			"to": [16.34365, 10.26278, 1.88478],
			"rotation": {"angle": 0, "axis": "x", "origin": [14.03151, 10.09807, 1.78145]},
			"faces": {
				"north": {"uv": [2.75, 12, 4, 13], "texture": "#0"},
				"east": {"uv": [2.75, 12, 4, 13], "texture": "#0"},
				"south": {"uv": [2.75, 12, 4, 13], "texture": "#0"},
				"west": {"uv": [2.75, 12, 4, 13], "texture": "#0"},
				"up": {"uv": [2.75, 12, 4, 13], "texture": "#0"},
				"down": {"uv": [2.75, 12, 4, 13], "texture": "#0"}
			}
		},
		{
			"from": [12.55549, 7.82315, -3.8033],
			"to": [14.73064, 10.05611, -0.40452],
			"rotation": {"angle": 45, "axis": "y", "origin": [14.51948, 8.83009, -1.74787]},
			"faces": {
				"north": {"uv": [2.75, 12, 4, 13], "texture": "#0"},
				"east": {"uv": [2.75, 12, 4, 13], "texture": "#0"},
				"south": {"uv": [2.75, 12, 4, 13], "texture": "#0"},
				"west": {"uv": [2.75, 12, 4, 13], "texture": "#0"},
				"up": {"uv": [2.75, 12, 4, 13], "texture": "#0"},
				"down": {"uv": [2.75, 12, 4, 13], "texture": "#0"}
			}
		},
		{
			"from": [12.85092, 7.65882, -0.67996],
			"to": [15.51905, 10.16566, 0.58258],
			"rotation": {"angle": 22.5, "axis": "y", "origin": [13.77416, 8.93964, -0.87032]},
			"faces": {
				"north": {"uv": [2.75, 12, 4, 13], "texture": "#0"},
				"east": {"uv": [2.75, 12, 4, 13], "texture": "#0"},
				"south": {"uv": [2.75, 12, 4, 13], "texture": "#0"},
				"west": {"uv": [2.75, 12, 4, 13], "texture": "#0"},
				"up": {"uv": [2.75, 12, 4, 13], "texture": "#0"},
				"down": {"uv": [2.75, 12, 4, 13], "texture": "#0"}
			}
		},
		{
			"from": [10.84479, 8.01505, -6.00945],
			"to": [12.81905, 9.86421, -2.69342],
			"rotation": {"angle": 22.5, "axis": "y", "origin": [13.42041, 8.93964, -4.48326]},
			"faces": {
				"north": {"uv": [2.75, 12, 4, 13], "texture": "#0"},
				"east": {"uv": [2.75, 12, 4, 13], "texture": "#0"},
				"south": {"uv": [2.75, 12, 4, 13], "texture": "#0"},
				"west": {"uv": [2.75, 12, 4, 13], "texture": "#0"},
				"up": {"uv": [2.75, 12, 4, 13], "texture": "#0"},
				"down": {"uv": [2.75, 12, 4, 13], "texture": "#0"}
			}
		},
		{
			"from": [10.57091, 8.23415, -8.41957],
			"to": [12.10697, 9.64511, -5.10354],
			"rotation": {"angle": 0, "axis": "y", "origin": [13.42041, 8.93964, -4.48326]},
			"faces": {
				"north": {"uv": [2.75, 12, 4, 13], "texture": "#0"},
				"east": {"uv": [2.75, 12, 4, 13], "texture": "#0"},
				"south": {"uv": [2.75, 12, 4, 13], "texture": "#0"},
				"west": {"uv": [2.75, 12, 4, 13], "texture": "#0"},
				"up": {"uv": [2.75, 12, 4, 13], "texture": "#0"},
				"down": {"uv": [2.75, 12, 4, 13], "texture": "#0"}
			}
		},
		{
			"from": [3.14822, 8.25687, 6.2517],
			"to": [6.57223, 11.48707, 9.21987],
			"rotation": {"angle": 45, "axis": "y", "origin": [5.07933, 9.87197, 9.81177]},
			"faces": {
				"north": {"uv": [2.75, 12, 4, 13], "texture": "#0"},
				"east": {"uv": [2.75, 12, 4, 13], "texture": "#0"},
				"south": {"uv": [2.75, 12, 4, 13], "texture": "#0"},
				"west": {"uv": [2.75, 12, 4, 13], "texture": "#0"},
				"up": {"uv": [2.75, 12, 4, 13], "texture": "#0"},
				"down": {"uv": [2.75, 12, 4, 13], "texture": "#0"}
			}
		},
		{
			"from": [3.86552, 8.47597, 8.72674],
			"to": [7.78252, 11.48707, 12.35221],
			"rotation": {"angle": 22.5, "axis": "y", "origin": [4.81067, 9.87197, 10.10127]},
			"faces": {
				"north": {"uv": [5, 7.5, 6, 6.5], "texture": "#0"},
				"east": {"uv": [5, 7.5, 6, 6.5], "texture": "#0"},
				"south": {"uv": [5, 7.5, 6, 6.5], "texture": "#0"},
				"west": {"uv": [5, 7.5, 6, 6.5], "texture": "#0"},
				"up": {"uv": [5, 7.5, 6, 6.5], "texture": "#0"},
				"down": {"uv": [5, 7.5, 6, 6.5], "texture": "#0"}
			}
		},
		{
			"from": [1.85673, 7.96766, 1.98331],
			"to": [5.82814, 11.77629, 7.45144],
			"rotation": {"angle": 22.5, "axis": "y", "origin": [5.28039, 10.39952, 9.70293]},
			"faces": {
				"north": {"uv": [2.75, 12, 4, 13], "texture": "#0"},
				"east": {"uv": [2.75, 12, 4, 13], "texture": "#0"},
				"south": {"uv": [2.75, 12, 4, 13], "texture": "#0"},
				"west": {"uv": [2.75, 12, 4, 13], "texture": "#0"},
				"up": {"uv": [2.75, 12, 4, 13], "texture": "#0"},
				"down": {"uv": [2.75, 12, 4, 13], "texture": "#0"}
			}
		},
		{
			"from": [-0.82727, 8.02243, 1.92853],
			"to": [2.70595, 11.55719, 3.89103],
			"rotation": {"angle": 0, "axis": "y", "origin": [5.28039, 10.39952, 9.70293]},
			"faces": {
				"north": {"uv": [2.75, 12, 4, 13], "texture": "#0"},
				"east": {"uv": [2.75, 12, 4, 13], "texture": "#0"},
				"south": {"uv": [2.75, 12, 4, 13], "texture": "#0"},
				"west": {"uv": [2.75, 12, 4, 13], "texture": "#0"},
				"up": {"uv": [2.75, 12, 4, 13], "texture": "#0"},
				"down": {"uv": [2.75, 12, 4, 13], "texture": "#0"}
			}
		},
		{
			"from": [-0.56497, 8.0842, 0.84057],
			"to": [2.57792, 11.19396, 3.41849],
			"rotation": {"angle": -22.5, "axis": "x", "origin": [1.96628, 10.09807, 2.43875]},
			"faces": {
				"north": {"uv": [2.75, 12, 4, 13], "texture": "#0"},
				"east": {"uv": [2.75, 12, 4, 13], "texture": "#0"},
				"south": {"uv": [2.75, 12, 4, 13], "texture": "#0"},
				"west": {"uv": [2.75, 12, 4, 13], "texture": "#0"},
				"up": {"uv": [2.75, 12, 4, 13], "texture": "#0"},
				"down": {"uv": [2.75, 12, 4, 13], "texture": "#0"}
			}
		},
		{
			"from": [-0.34587, 7.59122, -0.20016],
			"to": [2.57792, 10.26278, 1.88478],
			"rotation": {"angle": 0, "axis": "x", "origin": [1.96628, 10.09807, 1.78145]},
			"faces": {
				"north": {"uv": [2.75, 12, 4, 13], "texture": "#0"},
				"east": {"uv": [2.75, 12, 4, 13], "texture": "#0"},
				"south": {"uv": [2.75, 12, 4, 13], "texture": "#0"},
				"west": {"uv": [2.75, 12, 4, 13], "texture": "#0"},
				"up": {"uv": [2.75, 12, 4, 13], "texture": "#0"},
				"down": {"uv": [2.75, 12, 4, 13], "texture": "#0"}
			}
		},
		{
			"from": [1.26714, 7.82315, -3.8033],
			"to": [3.44229, 10.05611, -0.40452],
			"rotation": {"angle": -45, "axis": "y", "origin": [1.47831, 8.83009, -1.74787]},
			"faces": {
				"north": {"uv": [2.75, 12, 4, 13], "texture": "#0"},
				"east": {"uv": [2.75, 12, 4, 13], "texture": "#0"},
				"south": {"uv": [2.75, 12, 4, 13], "texture": "#0"},
				"west": {"uv": [2.75, 12, 4, 13], "texture": "#0"},
				"up": {"uv": [2.75, 12, 4, 13], "texture": "#0"},
				"down": {"uv": [2.75, 12, 4, 13], "texture": "#0"}
			}
		},
		{
			"from": [0.47874, 7.65882, -0.67996],
			"to": [3.14686, 10.16566, 0.58258],
			"rotation": {"angle": -22.5, "axis": "y", "origin": [2.22361, 8.93964, -0.87032]},
			"faces": {
				"north": {"uv": [2.75, 12, 4, 13], "texture": "#0"},
				"east": {"uv": [2.75, 12, 4, 13], "texture": "#0"},
				"south": {"uv": [2.75, 12, 4, 13], "texture": "#0"},
				"west": {"uv": [2.75, 12, 4, 13], "texture": "#0"},
				"up": {"uv": [2.75, 12, 4, 13], "texture": "#0"},
				"down": {"uv": [2.75, 12, 4, 13], "texture": "#0"}
			}
		},
		{
			"from": [3.17873, 8.01505, -6.00945],
			"to": [5.15299, 9.86421, -2.69342],
			"rotation": {"angle": -22.5, "axis": "y", "origin": [2.57737, 8.93964, -4.48326]},
			"faces": {
				"north": {"uv": [2.75, 12, 4, 13], "texture": "#0"},
				"east": {"uv": [2.75, 12, 4, 13], "texture": "#0"},
				"south": {"uv": [2.75, 12, 4, 13], "texture": "#0"},
				"west": {"uv": [2.75, 12, 4, 13], "texture": "#0"},
				"up": {"uv": [2.75, 12, 4, 13], "texture": "#0"},
				"down": {"uv": [2.75, 12, 4, 13], "texture": "#0"}
			}
		},
		{
			"from": [3.89081, 8.23415, -8.41957],
			"to": [5.42687, 9.64511, -5.10354],
			"rotation": {"angle": 0, "axis": "y", "origin": [2.57737, 8.93964, -4.48326]},
			"faces": {
				"north": {"uv": [2.75, 12, 4, 13], "texture": "#0"},
				"east": {"uv": [2.75, 12, 4, 13], "texture": "#0"},
				"south": {"uv": [2.75, 12, 4, 13], "texture": "#0"},
				"west": {"uv": [2.75, 12, 4, 13], "texture": "#0"},
				"up": {"uv": [2.75, 12, 4, 13], "texture": "#0"},
				"down": {"uv": [2.75, 12, 4, 13], "texture": "#0"}
			}
		},
		{
			"from": [2.98912, 8.03777, 8.39808],
			"to": [7.07043, 11.70617, 12.35221],
			"rotation": {"angle": 45, "axis": "y", "origin": [4.81067, 9.87197, 10.10127]},
			"faces": {
				"north": {"uv": [5, 7.5, 6, 6.5], "texture": "#0"},
				"east": {"uv": [5, 7.5, 6, 6.5], "texture": "#0"},
				"south": {"uv": [5, 7.5, 6, 6.5], "texture": "#0"},
				"west": {"uv": [5, 7.5, 6, 6.5], "texture": "#0"},
				"up": {"uv": [5, 7.5, 6, 6.5], "texture": "#0"},
				"down": {"uv": [5, 7.5, 6, 6.5], "texture": "#0"}
			}
		},
		{
			"from": [7.79219, 4.37031, 4.61689],
			"to": [8.20559, 5.50716, 5.03029],
			"rotation": {"angle": 22.5, "axis": "x", "origin": [7.89554, 7.47081, 6.32217]},
			"faces": {
				"north": {"uv": [14, 2.5, 13.5, 2], "rotation": 180, "texture": "#0"},
				"east": {"uv": [14, 2.5, 13.5, 2], "rotation": 180, "texture": "#0"},
				"south": {"uv": [14, 2.5, 13.5, 2], "rotation": 180, "texture": "#0"},
				"west": {"uv": [14, 2.5, 13.5, 2], "rotation": 180, "texture": "#0"},
				"up": {"uv": [14, 2.5, 13.5, 2], "rotation": 180, "texture": "#0"},
				"down": {"uv": [14, 2.5, 13.5, 2], "rotation": 180, "texture": "#0"}
			}
		},
		{
			"from": [8.72234, 4.37031, 4.82359],
			"to": [9.13574, 5.50716, 5.23699],
			"rotation": {"angle": 22.5, "axis": "x", "origin": [7.99889, 7.47081, 6.32217]},
			"faces": {
				"north": {"uv": [14, 2.5, 13.5, 2], "rotation": 180, "texture": "#0"},
				"east": {"uv": [14, 2.5, 13.5, 2], "rotation": 180, "texture": "#0"},
				"south": {"uv": [14, 2.5, 13.5, 2], "rotation": 180, "texture": "#0"},
				"west": {"uv": [14, 2.5, 13.5, 2], "rotation": 180, "texture": "#0"},
				"up": {"uv": [14, 2.5, 13.5, 2], "rotation": 180, "texture": "#0"},
				"down": {"uv": [14, 2.5, 13.5, 2], "rotation": 180, "texture": "#0"}
			}
		},
		{
			"from": [6.86204, 4.37031, 4.82359],
			"to": [7.27544, 5.50716, 5.23699],
			"rotation": {"angle": 22.5, "axis": "x", "origin": [7.99889, 7.47081, 6.32217]},
			"faces": {
				"north": {"uv": [13.5, 2.5, 14, 2], "rotation": 180, "texture": "#0"},
				"east": {"uv": [13.5, 2.5, 14, 2], "rotation": 180, "texture": "#0"},
				"south": {"uv": [13.5, 2.5, 14, 2], "rotation": 180, "texture": "#0"},
				"west": {"uv": [13.5, 2.5, 14, 2], "rotation": 180, "texture": "#0"},
				"up": {"uv": [13.5, 2.5, 14, 2], "rotation": 180, "texture": "#0"},
				"down": {"uv": [13.5, 2.5, 14, 2], "rotation": 180, "texture": "#0"}
			}
		},
		{
			"from": [9.34244, 4.78371, 5.85709],
			"to": [9.75584, 5.92056, 6.27049],
			"rotation": {"angle": 22.5, "axis": "x", "origin": [7.99889, 7.47081, 6.32217]},
			"faces": {
				"north": {"uv": [14, 2.5, 13.5, 2], "rotation": 180, "texture": "#0"},
				"east": {"uv": [14, 2.5, 13.5, 2], "rotation": 180, "texture": "#0"},
				"south": {"uv": [14, 2.5, 13.5, 2], "rotation": 180, "texture": "#0"},
				"west": {"uv": [14, 2.5, 13.5, 2], "rotation": 180, "texture": "#0"},
				"up": {"uv": [14, 2.5, 13.5, 2], "rotation": 180, "texture": "#0"},
				"down": {"uv": [14, 2.5, 13.5, 2], "rotation": 180, "texture": "#0"}
			}
		},
		{
			"from": [6.24194, 4.78371, 5.85709],
			"to": [6.65534, 5.92056, 6.27049],
			"rotation": {"angle": 22.5, "axis": "x", "origin": [7.99889, 7.47081, 6.32217]},
			"faces": {
				"north": {"uv": [13.5, 2.5, 14, 2], "rotation": 180, "texture": "#0"},
				"east": {"uv": [13.5, 2.5, 14, 2], "rotation": 180, "texture": "#0"},
				"south": {"uv": [13.5, 2.5, 14, 2], "rotation": 180, "texture": "#0"},
				"west": {"uv": [13.5, 2.5, 14, 2], "rotation": 180, "texture": "#0"},
				"up": {"uv": [13.5, 2.5, 14, 2], "rotation": 180, "texture": "#0"},
				"down": {"uv": [13.5, 2.5, 14, 2], "rotation": 180, "texture": "#0"}
			}
		},
		{
			"from": [9.44698, 5.42207, 6.91656],
			"to": [10.6847, 6.55892, 8.50815],
			"rotation": {"angle": -45, "axis": "x", "origin": [10.16795, 5.99049, 8.05341]},
			"faces": {
				"north": {"uv": [5.75, 5.25, 7.25, 6.5], "texture": "#0"},
				"east": {"uv": [5.75, 5.25, 7.25, 6.5], "texture": "#0"},
				"south": {"uv": [5.75, 5.25, 7.25, 6.5], "texture": "#0"},
				"west": {"uv": [5.75, 5.25, 7.25, 6.5], "texture": "#0"},
				"up": {"uv": [5.75, 5.25, 7.25, 6.5], "texture": "#0"},
				"down": {"uv": [5.75, 5.25, 7.25, 6.5], "texture": "#0"}
			}
		},
		{
			"from": [9.60481, 5.23885, 6.34453],
			"to": [10.54959, 7.01399, 7.23582],
			"rotation": {"angle": 45, "axis": "x", "origin": [10.0772, 4.82686, 6.37818]},
			"faces": {
				"north": {"uv": [1.5, 13, 2.75, 13.5], "texture": "#0"},
				"east": {"uv": [1.5, 13, 2.75, 13.5], "texture": "#0"},
				"south": {"uv": [1.5, 13, 2.75, 13.5], "texture": "#0"},
				"west": {"uv": [1.5, 13, 2.75, 13.5], "texture": "#0"},
				"up": {"uv": [1.5, 13, 2.75, 13.5], "texture": "#0"},
				"down": {"uv": [1.5, 13, 2.75, 13.5], "texture": "#0"}
			}
		},
		{
			"from": [9.73978, 4.27721, 5.33956],
			"to": [10.41462, 4.91384, 7.12214],
			"rotation": {"angle": -22.5, "axis": "x", "origin": [10.0772, 4.82686, 6.37818]},
			"faces": {
				"north": {"uv": [1.5, 13, 2.75, 13.5], "texture": "#0"},
				"east": {"uv": [1.5, 13, 2.75, 13.5], "texture": "#0"},
				"south": {"uv": [1.5, 13, 2.75, 13.5], "texture": "#0"},
				"west": {"uv": [1.5, 13, 2.75, 13.5], "texture": "#0"},
				"up": {"uv": [1.5, 13, 2.75, 13.5], "texture": "#0"},
				"down": {"uv": [1.5, 13, 2.75, 13.5], "texture": "#0"}
			}
		},
		{
			"from": [9.87475, 4.09566, 4.26886],
			"to": [10.27965, 4.47764, 5.79679],
			"rotation": {"angle": 0, "axis": "y", "origin": [10.0772, 4.82686, 6.37818]},
			"faces": {
				"north": {"uv": [1.5, 13, 2.75, 13.5], "texture": "#0"},
				"east": {"uv": [1.5, 13, 2.75, 13.5], "texture": "#0"},
				"south": {"uv": [1.5, 13, 2.75, 13.5], "texture": "#0"},
				"west": {"uv": [1.5, 13, 2.75, 13.5], "texture": "#0"},
				"up": {"uv": [1.5, 13, 2.75, 13.5], "texture": "#0"},
				"down": {"uv": [1.5, 13, 2.75, 13.5], "texture": "#0"}
			}
		},
		{
			"from": [5.31308, 5.42207, 6.91656],
			"to": [6.5508, 6.55892, 8.50815],
			"rotation": {"angle": -45, "axis": "x", "origin": [5.82983, 5.99049, 8.05341]},
			"faces": {
				"north": {"uv": [5.75, 5.25, 7.25, 6.5], "texture": "#0"},
				"east": {"uv": [5.75, 5.25, 7.25, 6.5], "texture": "#0"},
				"south": {"uv": [5.75, 5.25, 7.25, 6.5], "texture": "#0"},
				"west": {"uv": [5.75, 5.25, 7.25, 6.5], "texture": "#0"},
				"up": {"uv": [5.75, 5.25, 7.25, 6.5], "texture": "#0"},
				"down": {"uv": [5.75, 5.25, 7.25, 6.5], "texture": "#0"}
			}
		},
		{
			"from": [5.58317, 4.27721, 5.33956],
			"to": [6.25801, 4.91384, 7.12214],
			"rotation": {"angle": -22.5, "axis": "x", "origin": [5.92059, 4.82686, 6.37818]},
			"faces": {
				"north": {"uv": [1.5, 13, 2.75, 13.5], "texture": "#0"},
				"east": {"uv": [1.5, 13, 2.75, 13.5], "texture": "#0"},
				"south": {"uv": [1.5, 13, 2.75, 13.5], "texture": "#0"},
				"west": {"uv": [1.5, 13, 2.75, 13.5], "texture": "#0"},
				"up": {"uv": [1.5, 13, 2.75, 13.5], "texture": "#0"},
				"down": {"uv": [1.5, 13, 2.75, 13.5], "texture": "#0"}
			}
		},
		{
			"from": [5.4482, 5.23885, 6.34453],
			"to": [6.39297, 7.01399, 7.23582],
			"rotation": {"angle": 45, "axis": "x", "origin": [5.92059, 4.82686, 6.37818]},
			"faces": {
				"north": {"uv": [1.5, 13, 2.75, 13.5], "texture": "#0"},
				"east": {"uv": [1.5, 13, 2.75, 13.5], "texture": "#0"},
				"south": {"uv": [1.5, 13, 2.75, 13.5], "texture": "#0"},
				"west": {"uv": [1.5, 13, 2.75, 13.5], "texture": "#0"},
				"up": {"uv": [1.5, 13, 2.75, 13.5], "texture": "#0"},
				"down": {"uv": [1.5, 13, 2.75, 13.5], "texture": "#0"}
			}
		},
		{
			"from": [5.71814, 4.09566, 4.26886],
			"to": [6.12304, 4.47764, 5.79679],
			"rotation": {"angle": 0, "axis": "y", "origin": [5.92059, 4.82686, 6.37818]},
			"faces": {
				"north": {"uv": [1.5, 13, 2.75, 13.5], "texture": "#0"},
				"east": {"uv": [1.5, 13, 2.75, 13.5], "texture": "#0"},
				"south": {"uv": [1.5, 13, 2.75, 13.5], "texture": "#0"},
				"west": {"uv": [1.5, 13, 2.75, 13.5], "texture": "#0"},
				"up": {"uv": [1.5, 13, 2.75, 13.5], "texture": "#0"},
				"down": {"uv": [1.5, 13, 2.75, 13.5], "texture": "#0"}
			}
		}
	],
	"display": {
		"head": {
			"translation": [0, -1.5, -21.25],
			"scale": [4, 4, 4]
		}
	},
	"groups": [
		{
			"name": "root",
			"origin": [8, 8, 8],
			"color": 0,
			"children": [
				{
					"name": "head",
					"origin": [8, 8, 8],
					"color": 0,
					"children": [
						{
							"name": "upper",
							"origin": [8, 8, 8],
							"color": 0,
							"children": [
								0,
								1,
								2,
								3,
								4,
								5,
								6,
								7,
								8,
								9,
								10,
								11,
								12,
								{
									"name": "kazari",
									"origin": [8, 8, 8],
									"color": 0,
									"children": [
										13,
										14,
										15,
										{
											"name": "l",
											"origin": [8, 8, 8],
											"color": 0,
											"children": [
												16,
												17,
												18,
												19,
												20,
												21,
												22,
												23,
												24,
												{
													"name": "group",
													"origin": [5.925, 9.08821, -9.71179],
													"color": 0,
													"children": []
												},
												{
													"name": "toge",
													"origin": [8, 8, 8],
													"color": 0,
													"children": [25, 26, 27, 28, 29, 30]
												}
											]
										},
										{
											"name": "r",
											"origin": [8, 8, 8],
											"color": 0,
											"children": [
												31,
												32,
												33,
												34,
												35,
												36,
												37,
												38,
												39,
												{
													"name": "group",
													"origin": [5.925, 9.08821, -9.71179],
													"color": 0,
													"children": []
												},
												{
													"name": "toge",
													"origin": [8, 8, 8],
													"color": 0,
													"children": [40, 41, 42, 43, 44, 45]
												}
											]
										}
									]
								},
								{
									"name": "eye",
									"origin": [8, 18.45, -2.875],
									"color": 0,
									"children": [46, 47, 48, 49]
								},
								{
									"name": "horne",
									"origin": [8, 8, 8],
									"color": 0,
									"children": [
										{
											"name": "l",
											"origin": [8, 8, 8],
											"color": 0,
											"children": [50, 51, 52, 53, 54, 55, 56, 57, 58, 59, 60]
										},
										{
											"name": "r",
											"origin": [8, 8, 8],
											"color": 0,
											"children": [61, 62, 63, 64, 65, 66, 67, 68, 69, 70, 71]
										}
									]
								},
								{
									"name": "tooth",
									"origin": [9.5, 18.65, 0.25],
									"color": 0,
									"children": [72, 73, 74, 75, 76]
								},
								{
									"name": "fang",
									"origin": [8, 8, 8],
									"color": 0,
									"children": [77, 78, 79, 80, 81, 82, 83, 84]
								}
							]
						}
					]
				}
			]
		}
	]
}