{
	"credit": "Made with Blockbench",
	"texture_size": [32, 32],
	"textures": {
		"0": "diablos/head",
		"particle": "diablos/head"
	},
	"elements": [
		{
			"from": [5.79065, 8.21264, 0.6225],
			"to": [10.20935, 9.92864, 6.00216],
			"rotation": {"angle": 0, "axis": "y", "origin": [11.861, 8.31989, -5.00169]},
			"faces": {
				"north": {"uv": [5.75, 5, 6.75, 5.75], "texture": "#0"},
				"east": {"uv": [5.75, 5, 6.75, 5.75], "texture": "#0"},
				"south": {"uv": [5.75, 5, 6.75, 5.75], "texture": "#0"},
				"west": {"uv": [5.75, 5, 6.75, 5.75], "texture": "#0"},
				"up": {"uv": [5.75, 5, 6.75, 5.75], "texture": "#0"},
				"down": {"uv": [5.75, 5, 6.75, 5.75], "texture": "#0"}
			}
		},
		{
			"from": [6.3269, 9.07064, 1.15875],
			"to": [9.6731, 10.78664, 6.53841],
			"rotation": {"angle": -22.5, "axis": "x", "origin": [8, 9.07064, 3.31233]},
			"faces": {
				"north": {"uv": [5.75, 5, 6.75, 5.75], "texture": "#0"},
				"east": {"uv": [5.75, 5, 6.75, 5.75], "texture": "#0"},
				"south": {"uv": [5.75, 5, 6.75, 5.75], "texture": "#0"},
				"west": {"uv": [5.75, 5, 6.75, 5.75], "texture": "#0"},
				"up": {"uv": [5.75, 5, 6.75, 5.75], "texture": "#0"},
				"down": {"uv": [5.75, 5, 6.75, 5.75], "texture": "#0"}
			}
		},
		{
			"from": [5.2544, 8.53439, 0.08625],
			"to": [6.3269, 10.25039, 5.46591],
			"rotation": {"angle": -22.5, "axis": "x", "origin": [8, 9.07064, 3.31233]},
			"faces": {
				"north": {"uv": [5.75, 5, 6.75, 5.75], "texture": "#0"},
				"east": {"uv": [5.75, 5, 6.75, 5.75], "texture": "#0"},
				"south": {"uv": [5.75, 5, 6.75, 5.75], "texture": "#0"},
				"west": {"uv": [5.75, 5, 6.75, 5.75], "texture": "#0"},
				"up": {"uv": [5.75, 5, 6.75, 5.75], "texture": "#0"},
				"down": {"uv": [5.75, 5, 6.75, 5.75], "texture": "#0"}
			}
		},
		{
			"from": [9.6731, 8.53439, 0.08625],
			"to": [10.7456, 10.25039, 5.46591],
			"rotation": {"angle": -22.5, "axis": "x", "origin": [8, 9.07064, 3.31233]},
			"faces": {
				"north": {"uv": [6.75, 5, 5.75, 5.75], "texture": "#0"},
				"east": {"uv": [6.75, 5, 5.75, 5.75], "texture": "#0"},
				"south": {"uv": [6.75, 5, 5.75, 5.75], "texture": "#0"},
				"west": {"uv": [6.75, 5, 5.75, 5.75], "texture": "#0"},
				"up": {"uv": [6.75, 5, 5.75, 5.75], "texture": "#0"},
				"down": {"uv": [6.75, 5, 5.75, 5.75], "texture": "#0"}
			}
		},
		{
			"from": [4.6109, 3.92264, 0.6225],
			"to": [11.3891, 8.21264, 6.00216],
			"rotation": {"angle": 0, "axis": "y", "origin": [11.861, 7.78364, -5.00169]},
			"faces": {
				"north": {"uv": [5.75, 5, 6.75, 5.75], "texture": "#0"},
				"east": {"uv": [5.75, 5, 6.75, 5.75], "texture": "#0"},
				"south": {"uv": [5.75, 5, 6.75, 5.75], "texture": "#0"},
				"west": {"uv": [5.75, 5, 6.75, 5.75], "texture": "#0"},
				"up": {"uv": [5.75, 5, 6.75, 5.75], "texture": "#0"},
				"down": {"uv": [5.75, 5, 6.75, 5.75], "texture": "#0"}
			}
		},
		{
			"from": [5.2544, 2.63564, 0.6225],
			"to": [10.7456, 3.92264, 6.00216],
			"rotation": {"angle": 0, "axis": "y", "origin": [11.861, 7.78364, -5.00169]},
			"faces": {
				"north": {"uv": [2.5, 14, 4, 16], "rotation": 180, "texture": "#0"},
				"east": {"uv": [2.5, 14, 4, 16], "rotation": 90, "texture": "#0"},
				"south": {"uv": [2.5, 14, 4, 16], "rotation": 180, "texture": "#0"},
				"west": {"uv": [2.5, 14, 4, 16], "rotation": 270, "texture": "#0"},
				"up": {"uv": [2.5, 14, 4, 16], "rotation": 180, "texture": "#0"},
				"down": {"uv": [2.5, 14, 4, 16], "rotation": 180, "texture": "#0"}
			}
		}
	],
	"display": {
		"head": {
			"translation": [0, 0, 12.25],
			"scale": [4, 4, 4]
		}
	},
	"groups": [
		{
			"name": "root",
			"origin": [8, 8, 8],
			"color": 0,
			"children": [
				{
					"name": "neck",
					"origin": [8, 8, 8],
					"color": 0,
					"children": [
						{
							"name": "0",
							"origin": [9.5, 10.5, -1.5],
							"color": 0,
							"children": [0, 1, 2, 3, 4, 5]
						}
					]
				}
			]
		}
	]
}