{
	"credit": "Made with Blockbench",
	"texture_size": [32, 32],
	"textures": {
		"0": "diablos/head",
		"particle": "diablos/head"
	},
	"elements": [
		{
			"from": [5.56972, 8.4484, 5.49837],
			"to": [10.43029, 10.336, 10.87803],
			"rotation": {"angle": 0, "axis": "y", "origin": [12.2471, 8.56638, -0.12582]},
			"faces": {
				"north": {"uv": [5.75, 5, 6.75, 5.75], "texture": "#0"},
				"east": {"uv": [5.75, 5, 6.75, 5.75], "texture": "#0"},
				"south": {"uv": [5.75, 5, 6.75, 5.75], "texture": "#0"},
				"west": {"uv": [5.75, 5, 6.75, 5.75], "texture": "#0"},
				"up": {"uv": [5.75, 5, 6.75, 5.75], "texture": "#0"},
				"down": {"uv": [5.75, 5, 6.75, 5.75], "texture": "#0"}
			}
		},
		{
			"from": [6.15959, 9.3922, 6.03462],
			"to": [9.84041, 11.2798, 11.41428],
			"rotation": {"angle": -22.5, "axis": "x", "origin": [8, 9.3922, 8.1882]},
			"faces": {
				"north": {"uv": [5.75, 5, 6.75, 5.75], "texture": "#0"},
				"east": {"uv": [5.75, 5, 6.75, 5.75], "texture": "#0"},
				"south": {"uv": [5.75, 5, 6.75, 5.75], "texture": "#0"},
				"west": {"uv": [5.75, 5, 6.75, 5.75], "texture": "#0"},
				"up": {"uv": [5.75, 5, 6.75, 5.75], "texture": "#0"},
				"down": {"uv": [5.75, 5, 6.75, 5.75], "texture": "#0"}
			}
		},
		{
			"from": [4.97984, 8.80233, 4.96212],
			"to": [6.15959, 10.68993, 10.34178],
			"rotation": {"angle": -22.5, "axis": "x", "origin": [8, 9.3922, 8.1882]},
			"faces": {
				"north": {"uv": [5.75, 5, 6.75, 5.75], "texture": "#0"},
				"east": {"uv": [5.75, 5, 6.75, 5.75], "texture": "#0"},
				"south": {"uv": [5.75, 5, 6.75, 5.75], "texture": "#0"},
				"west": {"uv": [5.75, 5, 6.75, 5.75], "texture": "#0"},
				"up": {"uv": [5.75, 5, 6.75, 5.75], "texture": "#0"},
				"down": {"uv": [5.75, 5, 6.75, 5.75], "texture": "#0"}
			}
		},
		{
			"from": [9.84041, 8.80233, 4.96212],
			"to": [11.02016, 10.68993, 10.34178],
			"rotation": {"angle": -22.5, "axis": "x", "origin": [8, 9.3922, 8.1882]},
			"faces": {
				"north": {"uv": [6.75, 5, 5.75, 5.75], "texture": "#0"},
				"east": {"uv": [6.75, 5, 5.75, 5.75], "texture": "#0"},
				"south": {"uv": [6.75, 5, 5.75, 5.75], "texture": "#0"},
				"west": {"uv": [6.75, 5, 5.75, 5.75], "texture": "#0"},
				"up": {"uv": [6.75, 5, 5.75, 5.75], "texture": "#0"},
				"down": {"uv": [6.75, 5, 5.75, 5.75], "texture": "#0"}
			}
		},
		{
			"from": [4.32562, 3.7294, 5.49837],
			"to": [11.67439, 8.4484, 10.87803],
			"rotation": {"angle": 0, "axis": "y", "origin": [12.2471, 7.9765, -0.12582]},
			"faces": {
				"north": {"uv": [5.75, 5, 6.75, 5.75], "texture": "#0"},
				"east": {"uv": [5.75, 5, 6.75, 5.75], "texture": "#0"},
				"south": {"uv": [5.75, 5, 6.75, 5.75], "texture": "#0"},
				"west": {"uv": [5.75, 5, 6.75, 5.75], "texture": "#0"},
				"up": {"uv": [5.75, 5, 6.75, 5.75], "texture": "#0"},
				"down": {"uv": [5.75, 5, 6.75, 5.75], "texture": "#0"}
			}
		},
		{
			"from": [5.03346, 2.3137, 5.49837],
			"to": [10.96654, 3.7294, 10.87803],
			"rotation": {"angle": 0, "axis": "y", "origin": [12.2471, 7.9765, -0.12582]},
			"faces": {
				"north": {"uv": [2.5, 14, 4, 16], "rotation": 180, "texture": "#0"},
				"east": {"uv": [2.5, 14, 4, 16], "rotation": 90, "texture": "#0"},
				"south": {"uv": [2.5, 14, 4, 16], "rotation": 180, "texture": "#0"},
				"west": {"uv": [2.5, 14, 4, 16], "rotation": 270, "texture": "#0"},
				"up": {"uv": [2.5, 14, 4, 16], "rotation": 180, "texture": "#0"},
				"down": {"uv": [2.5, 14, 4, 16], "rotation": 180, "texture": "#0"}
			}
		}
	],
	"display": {
		"head": {
			"translation": [0, 0, -7],
			"scale": [4, 4, 4]
		}
	},
	"groups": [
		{
			"name": "root",
			"origin": [8, 8, 8],
			"color": 0,
			"children": [
				{
					"name": "neck",
					"origin": [8, 8, 8],
					"color": 0,
					"children": [
						{
							"name": "1",
							"origin": [9.5, 10.5, -1.5],
							"color": 0,
							"children": [0, 1, 2, 3, 4, 5]
						}
					]
				}
			]
		}
	]
}