{
	"credit": "Made with Blockbench",
	"texture_size": [32, 32],
	"textures": {
		"0": "diablos/head",
		"particle": "diablos/head"
	},
	"elements": [
		{
			"from": [4.93183, 14.30679, 0.96026],
			"to": [11.06796, 17.68989, 11.39899],
			"rotation": {"angle": 0, "axis": "y", "origin": [12.5394, 18.6045, -36.7787]},
			"faces": {
				"north": {"uv": [7, 1, 8, 2.25], "texture": "#0"},
				"east": {"uv": [7, 1, 8, 2.25], "texture": "#0"},
				"south": {"uv": [7, 1, 8, 2.25], "texture": "#0"},
				"west": {"uv": [7, 1, 8, 2.25], "texture": "#0"},
				"up": {"uv": [7, 1, 8, 2.25], "texture": "#0"},
				"down": {"uv": [7, 1, 8, 2.25], "texture": "#0"}
			}
		},
		{
			"from": [6.16735, 13.53459, 1.21766],
			"to": [9.83244, 18.99834, 10.11199],
			"rotation": {"angle": 0, "axis": "y", "origin": [12.5394, 18.6045, -36.7787]},
			"faces": {
				"north": {"uv": [7, 1, 8, 2.25], "texture": "#0"},
				"east": {"uv": [7, 1, 8, 2.25], "texture": "#0"},
				"south": {"uv": [7, 1, 8, 2.25], "texture": "#0"},
				"west": {"uv": [7, 1, 8, 2.25], "texture": "#0"},
				"up": {"uv": [7, 1, 8, 2.25], "texture": "#0"},
				"down": {"uv": [7, 1, 8, 2.25], "texture": "#0"}
			}
		},
		{
			"from": [6.47623, 14.95029, 10.61276],
			"to": [9.52356, 17.04639, 15.58174],
			"rotation": {"angle": 0, "axis": "y", "origin": [12.5394, 18.6045, -36.7787]},
			"faces": {
				"north": {"uv": [7, 1, 8, 2.25], "texture": "#0"},
				"east": {"uv": [7, 1, 8, 2.25], "texture": "#0"},
				"south": {"uv": [7, 1, 8, 2.25], "texture": "#0"},
				"west": {"uv": [7, 1, 8, 2.25], "texture": "#0"},
				"up": {"uv": [7, 1, 8, 2.25], "texture": "#0"},
				"down": {"uv": [7, 1, 8, 2.25], "texture": "#0"}
			}
		},
		{
			"from": [4.15963, 14.95029, 1.60376],
			"to": [11.84016, 17.04639, 10.11199],
			"rotation": {"angle": 0, "axis": "y", "origin": [12.5394, 18.6045, -36.7787]},
			"faces": {
				"north": {"uv": [7, 1, 8, 2.25], "texture": "#0"},
				"east": {"uv": [7, 1, 8, 2.25], "texture": "#0"},
				"south": {"uv": [7, 1, 8, 2.25], "texture": "#0"},
				"west": {"uv": [7, 1, 8, 2.25], "texture": "#0"},
				"up": {"uv": [7, 1, 8, 2.25], "texture": "#0"},
				"down": {"uv": [7, 1, 8, 2.25], "texture": "#0"}
			}
		},
		{
			"from": [2.01463, 14.41404, 3.74876],
			"to": [13.98516, 17.58264, 7.96699],
			"rotation": {"angle": 0, "axis": "y", "origin": [12.5394, 18.6045, -36.7787]},
			"faces": {
				"north": {"uv": [7, 1, 8, 2.25], "texture": "#0"},
				"east": {"uv": [7, 1, 8, 2.25], "texture": "#0"},
				"south": {"uv": [7, 1, 8, 2.25], "texture": "#0"},
				"west": {"uv": [7, 1, 8, 2.25], "texture": "#0"},
				"up": {"uv": [7, 1, 8, 2.25], "texture": "#0"},
				"down": {"uv": [7, 1, 8, 2.25], "texture": "#0"}
			}
		},
		{
			"from": [-0.43067, 12.69804, 0.96026],
			"to": [3.56046, 19.29864, 10.32649],
			"rotation": {"angle": 0, "axis": "y", "origin": [12.5394, 18.6045, -36.7787]},
			"faces": {
				"north": {"uv": [7, 1, 8, 2.25], "texture": "#0"},
				"east": {"uv": [7, 1, 8, 2.25], "texture": "#0"},
				"south": {"uv": [7, 1, 8, 2.25], "texture": "#0"},
				"west": {"uv": [7, 1, 8, 2.25], "texture": "#0"},
				"up": {"uv": [7, 1, 8, 2.25], "texture": "#0"},
				"down": {"uv": [7, 1, 8, 2.25], "texture": "#0"}
			}
		},
		{
			"from": [-2.57567, 13.77054, 0.53126],
			"to": [3.77496, 18.22614, 11.39899],
			"rotation": {"angle": 0, "axis": "y", "origin": [12.5394, 18.6045, -36.7787]},
			"faces": {
				"north": {"uv": [7, 1, 8, 2.25], "texture": "#0"},
				"east": {"uv": [7, 1, 8, 2.25], "texture": "#0"},
				"south": {"uv": [7, 1, 8, 2.25], "texture": "#0"},
				"west": {"uv": [7, 1, 8, 2.25], "texture": "#0"},
				"up": {"uv": [7, 1, 8, 2.25], "texture": "#0"},
				"down": {"uv": [7, 1, 8, 2.25], "texture": "#0"}
			}
		},
		{
			"from": [-4.18442, 14.30679, 9.64751],
			"to": [0.55746, 17.68989, 15.15274],
			"rotation": {"angle": 22.5, "axis": "y", "origin": [0.59965, 15.99833, 3.28388]},
			"faces": {
				"north": {"uv": [7, 1, 8, 2.25], "texture": "#0"},
				"east": {"uv": [7, 1, 8, 2.25], "texture": "#0"},
				"south": {"uv": [7, 1, 8, 2.25], "texture": "#0"},
				"west": {"uv": [7, 1, 8, 2.25], "texture": "#0"},
				"up": {"uv": [7, 1, 8, 2.25], "texture": "#0"},
				"down": {"uv": [7, 1, 8, 2.25], "texture": "#0"}
			}
		},
		{
			"from": [1.6357, 14.73579, 14.16649],
			"to": [4.55434, 17.26089, 17.5267],
			"rotation": {"angle": 0, "axis": "y", "origin": [1.59353, 15.99833, 11.28847]},
			"faces": {
				"north": {"uv": [7, 1, 8, 2.25], "texture": "#0"},
				"east": {"uv": [7, 1, 8, 2.25], "texture": "#0"},
				"south": {"uv": [7, 1, 8, 2.25], "texture": "#0"},
				"west": {"uv": [7, 1, 8, 2.25], "texture": "#0"},
				"up": {"uv": [7, 1, 8, 2.25], "texture": "#0"},
				"down": {"uv": [7, 1, 8, 2.25], "texture": "#0"}
			}
		},
		{
			"from": [2.17195, 15.27204, 16.84774],
			"to": [4.01809, 16.72464, 20.20795],
			"rotation": {"angle": 0, "axis": "y", "origin": [1.59353, 15.99833, 11.28847]},
			"faces": {
				"north": {"uv": [2.5, 12, 3.5, 13], "texture": "#0"},
				"east": {"uv": [2.5, 12, 3.5, 13], "texture": "#0"},
				"south": {"uv": [2.5, 12, 3.5, 13], "texture": "#0"},
				"west": {"uv": [2.5, 12, 3.5, 13], "texture": "#0"},
				"up": {"uv": [2.5, 12, 3.5, 13], "texture": "#0"},
				"down": {"uv": [2.5, 12, 3.5, 13], "texture": "#0"}
			}
		},
		{
			"from": [-4.18442, 14.30679, -2.68624],
			"to": [0.55746, 17.68989, 2.81899],
			"rotation": {"angle": -22.5, "axis": "y", "origin": [0.59965, 15.99833, 7.03763]},
			"faces": {
				"north": {"uv": [7, 1, 8, 2.25], "texture": "#0"},
				"east": {"uv": [7, 1, 8, 2.25], "texture": "#0"},
				"south": {"uv": [7, 1, 8, 2.25], "texture": "#0"},
				"west": {"uv": [7, 1, 8, 2.25], "texture": "#0"},
				"up": {"uv": [7, 1, 8, 2.25], "texture": "#0"},
				"down": {"uv": [7, 1, 8, 2.25], "texture": "#0"}
			}
		},
		{
			"from": [-1.33296, 14.84304, -4.68779],
			"to": [1.26394, 17.15364, -1.32757],
			"rotation": {"angle": -45, "axis": "y", "origin": [1.03798, 15.99833, -0.32643]},
			"faces": {
				"north": {"uv": [7, 1, 8, 2.25], "texture": "#0"},
				"east": {"uv": [7, 1, 8, 2.25], "texture": "#0"},
				"south": {"uv": [7, 1, 8, 2.25], "texture": "#0"},
				"west": {"uv": [7, 1, 8, 2.25], "texture": "#0"},
				"up": {"uv": [7, 1, 8, 2.25], "texture": "#0"},
				"down": {"uv": [7, 1, 8, 2.25], "texture": "#0"}
			}
		},
		{
			"from": [-4.72067, 14.84304, 4.82126],
			"to": [-1.05129, 17.15364, 7.10899],
			"rotation": {"angle": 0, "axis": "y", "origin": [12.5394, 18.6045, -36.7787]},
			"faces": {
				"north": {"uv": [2.5, 12, 3.5, 13], "texture": "#0"},
				"east": {"uv": [2.5, 12, 3.5, 13], "texture": "#0"},
				"south": {"uv": [2.5, 12, 3.5, 13], "texture": "#0"},
				"west": {"uv": [2.5, 12, 3.5, 13], "texture": "#0"},
				"up": {"uv": [2.5, 12, 3.5, 13], "texture": "#0"},
				"down": {"uv": [2.5, 12, 3.5, 13], "texture": "#0"}
			}
		},
		{
			"from": [-3.64817, 14.84304, 10.72001],
			"to": [0.02121, 17.15364, 13.00774],
			"rotation": {"angle": 22.5, "axis": "y", "origin": [-2.88598, 15.99833, 11.32763]},
			"faces": {
				"north": {"uv": [2.5, 12, 3.5, 13], "texture": "#0"},
				"east": {"uv": [2.5, 12, 3.5, 13], "texture": "#0"},
				"south": {"uv": [2.5, 12, 3.5, 13], "texture": "#0"},
				"west": {"uv": [2.5, 12, 3.5, 13], "texture": "#0"},
				"up": {"uv": [2.5, 12, 3.5, 13], "texture": "#0"},
				"down": {"uv": [2.5, 12, 3.5, 13], "texture": "#0"}
			}
		},
		{
			"from": [-7.93817, 14.84304, 0.53126],
			"to": [-4.26879, 17.15364, 2.81899],
			"rotation": {"angle": -22.5, "axis": "y", "origin": [-2.88598, 15.99833, 11.32763]},
			"faces": {
				"north": {"uv": [2.5, 12, 3.5, 13], "texture": "#0"},
				"east": {"uv": [2.5, 12, 3.5, 13], "texture": "#0"},
				"south": {"uv": [2.5, 12, 3.5, 13], "texture": "#0"},
				"west": {"uv": [2.5, 12, 3.5, 13], "texture": "#0"},
				"up": {"uv": [2.5, 12, 3.5, 13], "texture": "#0"},
				"down": {"uv": [2.5, 12, 3.5, 13], "texture": "#0"}
			}
		},
		{
			"from": [12.43995, 12.69804, 0.96026],
			"to": [16.43109, 19.29864, 10.32649],
			"rotation": {"angle": 0, "axis": "y", "origin": [3.46102, 18.6045, -36.7787]},
			"faces": {
				"north": {"uv": [8, 1, 7, 2.25], "texture": "#0"},
				"east": {"uv": [8, 1, 7, 2.25], "texture": "#0"},
				"south": {"uv": [8, 1, 7, 2.25], "texture": "#0"},
				"west": {"uv": [8, 1, 7, 2.25], "texture": "#0"},
				"up": {"uv": [8, 1, 7, 2.25], "texture": "#0"},
				"down": {"uv": [8, 1, 7, 2.25], "texture": "#0"}
			}
		},
		{
			"from": [12.22545, 13.77054, 0.53126],
			"to": [18.57609, 18.22614, 11.39899],
			"rotation": {"angle": 0, "axis": "y", "origin": [3.46102, 18.6045, -36.7787]},
			"faces": {
				"north": {"uv": [8, 1, 7, 2.25], "texture": "#0"},
				"east": {"uv": [8, 1, 7, 2.25], "texture": "#0"},
				"south": {"uv": [8, 1, 7, 2.25], "texture": "#0"},
				"west": {"uv": [8, 1, 7, 2.25], "texture": "#0"},
				"up": {"uv": [8, 1, 7, 2.25], "texture": "#0"},
				"down": {"uv": [8, 1, 7, 2.25], "texture": "#0"}
			}
		},
		{
			"from": [15.44295, 14.30679, 9.64751],
			"to": [20.18484, 17.68989, 15.15274],
			"rotation": {"angle": -22.5, "axis": "y", "origin": [15.40077, 15.99833, 3.28388]},
			"faces": {
				"north": {"uv": [8, 1, 7, 2.25], "texture": "#0"},
				"east": {"uv": [8, 1, 7, 2.25], "texture": "#0"},
				"south": {"uv": [8, 1, 7, 2.25], "texture": "#0"},
				"west": {"uv": [8, 1, 7, 2.25], "texture": "#0"},
				"up": {"uv": [8, 1, 7, 2.25], "texture": "#0"},
				"down": {"uv": [8, 1, 7, 2.25], "texture": "#0"}
			}
		},
		{
			"from": [11.44606, 14.73579, 14.16649],
			"to": [14.3647, 17.26089, 17.5267],
			"rotation": {"angle": 0, "axis": "y", "origin": [14.40689, 15.99833, 11.28847]},
			"faces": {
				"north": {"uv": [8, 1, 7, 2.25], "texture": "#0"},
				"east": {"uv": [8, 1, 7, 2.25], "texture": "#0"},
				"south": {"uv": [8, 1, 7, 2.25], "texture": "#0"},
				"west": {"uv": [8, 1, 7, 2.25], "texture": "#0"},
				"up": {"uv": [8, 1, 7, 2.25], "texture": "#0"},
				"down": {"uv": [8, 1, 7, 2.25], "texture": "#0"}
			}
		},
		{
			"from": [11.98231, 15.27204, 16.84774],
			"to": [13.82845, 16.72464, 20.20795],
			"rotation": {"angle": 0, "axis": "y", "origin": [14.40689, 15.99833, 11.28847]},
			"faces": {
				"north": {"uv": [3.5, 12, 2.5, 13], "texture": "#0"},
				"east": {"uv": [3.5, 12, 2.5, 13], "texture": "#0"},
				"south": {"uv": [3.5, 12, 2.5, 13], "texture": "#0"},
				"west": {"uv": [3.5, 12, 2.5, 13], "texture": "#0"},
				"up": {"uv": [3.5, 12, 2.5, 13], "texture": "#0"},
				"down": {"uv": [3.5, 12, 2.5, 13], "texture": "#0"}
			}
		},
		{
			"from": [15.44295, 14.30679, -2.68624],
			"to": [20.18484, 17.68989, 2.81899],
			"rotation": {"angle": 22.5, "axis": "y", "origin": [15.40077, 15.99833, 7.03763]},
			"faces": {
				"north": {"uv": [8, 1, 7, 2.25], "texture": "#0"},
				"east": {"uv": [8, 1, 7, 2.25], "texture": "#0"},
				"south": {"uv": [8, 1, 7, 2.25], "texture": "#0"},
				"west": {"uv": [8, 1, 7, 2.25], "texture": "#0"},
				"up": {"uv": [8, 1, 7, 2.25], "texture": "#0"},
				"down": {"uv": [8, 1, 7, 2.25], "texture": "#0"}
			}
		},
		{
			"from": [14.73648, 14.84304, -4.68779],
			"to": [17.33336, 17.15364, -1.32757],
			"rotation": {"angle": 45, "axis": "y", "origin": [14.96242, 15.99833, -0.32643]},
			"faces": {
				"north": {"uv": [8, 1, 7, 2.25], "texture": "#0"},
				"east": {"uv": [8, 1, 7, 2.25], "texture": "#0"},
				"south": {"uv": [8, 1, 7, 2.25], "texture": "#0"},
				"west": {"uv": [8, 1, 7, 2.25], "texture": "#0"},
				"up": {"uv": [8, 1, 7, 2.25], "texture": "#0"},
				"down": {"uv": [8, 1, 7, 2.25], "texture": "#0"}
			}
		},
		{
			"from": [17.0517, 14.84304, 4.82126],
			"to": [20.72109, 17.15364, 7.10899],
			"rotation": {"angle": 0, "axis": "y", "origin": [3.46102, 18.6045, -36.7787]},
			"faces": {
				"north": {"uv": [3.5, 12, 2.5, 13], "texture": "#0"},
				"east": {"uv": [3.5, 12, 2.5, 13], "texture": "#0"},
				"south": {"uv": [3.5, 12, 2.5, 13], "texture": "#0"},
				"west": {"uv": [3.5, 12, 2.5, 13], "texture": "#0"},
				"up": {"uv": [3.5, 12, 2.5, 13], "texture": "#0"},
				"down": {"uv": [3.5, 12, 2.5, 13], "texture": "#0"}
			}
		},
		{
			"from": [15.9792, 14.84304, 10.72001],
			"to": [19.64859, 17.15364, 13.00774],
			"rotation": {"angle": -22.5, "axis": "y", "origin": [18.8864, 15.99833, 11.32763]},
			"faces": {
				"north": {"uv": [3.5, 12, 2.5, 13], "texture": "#0"},
				"east": {"uv": [3.5, 12, 2.5, 13], "texture": "#0"},
				"south": {"uv": [3.5, 12, 2.5, 13], "texture": "#0"},
				"west": {"uv": [3.5, 12, 2.5, 13], "texture": "#0"},
				"up": {"uv": [3.5, 12, 2.5, 13], "texture": "#0"},
				"down": {"uv": [3.5, 12, 2.5, 13], "texture": "#0"}
			}
		},
		{
			"from": [20.2692, 14.84304, 0.53126],
			"to": [23.93859, 17.15364, 2.81899],
			"rotation": {"angle": 22.5, "axis": "y", "origin": [18.8864, 15.99833, 11.32763]},
			"faces": {
				"north": {"uv": [3.5, 12, 2.5, 13], "texture": "#0"},
				"east": {"uv": [3.5, 12, 2.5, 13], "texture": "#0"},
				"south": {"uv": [3.5, 12, 2.5, 13], "texture": "#0"},
				"west": {"uv": [3.5, 12, 2.5, 13], "texture": "#0"},
				"up": {"uv": [3.5, 12, 2.5, 13], "texture": "#0"},
				"down": {"uv": [3.5, 12, 2.5, 13], "texture": "#0"}
			}
		}
	],
	"display": {
		"head": {
			"translation": [0, -40.5, 19],
			"scale": [4, 4, 4]
		}
	},
	"groups": [
		{
			"name": "root",
			"origin": [8, 8, 8],
			"color": 0,
			"children": [
				{
					"name": "tail",
					"origin": [8, 8, 8],
					"color": 0,
					"children": [
						{
							"name": "2",
							"origin": [8, 8, 8],
							"color": 0,
							"children": [
								0,
								1,
								2,
								3,
								4,
								{
									"name": "group",
									"origin": [10.11617, 9.61039, 0.94383],
									"color": 0,
									"children": [5, 6, 7, 8, 9, 10, 11, 12, 13, 14]
								},
								{
									"name": "group",
									"origin": [10.11617, 9.61039, 0.94383],
									"color": 0,
									"children": [15, 16, 17, 18, 19, 20, 21, 22, 23, 24]
								}
							]
						}
					]
				}
			]
		}
	]
}