{
	"credit": "Made with Blockbench",
	"texture_size": [32, 32],
	"textures": {
		"0": "diablos/head",
		"1": "diablos/wing_0",
		"particle": "diablos/head"
	},
	"elements": [
		{
			"from": [13.99961, 8.10287, 6.47594],
			"to": [17.47193, 21.25954, 9.79394],
			"rotation": {"angle": 22.5, "axis": "z", "origin": [8, 18.5, 8]},
			"faces": {
				"north": {"uv": [6.25, 5.25, 7.75, 6.5], "rotation": 180, "texture": "#0"},
				"east": {"uv": [6.25, 5.25, 7.75, 6.5], "rotation": 270, "texture": "#0"},
				"south": {"uv": [4.25, 4.5, 5.1905, 8.06356], "texture": "#0"},
				"west": {"uv": [6.25, 5.25, 7.75, 6.5], "rotation": 90, "texture": "#0"},
				"up": {"uv": [6.25, 5.25, 7.75, 6.5], "rotation": 180, "texture": "#0"},
				"down": {"uv": [6.25, 5.25, 7.75, 6.5], "texture": "#0"}
			}
		},
		{
			"from": [11.16213, 23.139, 6.27288],
			"to": [16.56168, 27.21128, 9.997],
			"rotation": {"angle": 0, "axis": "y", "origin": [8, 18.5, 8]},
			"faces": {
				"north": {"uv": [6.25, 5.25, 7.75, 6.5], "rotation": 90, "texture": "#0"},
				"east": {"uv": [6.25, 5.25, 7.75, 6.5], "rotation": 180, "texture": "#0"},
				"south": {"uv": [4.25, 4.5, 5.353, 5.9625], "rotation": 270, "texture": "#0"},
				"west": {"uv": [6.25, 5.25, 7.75, 6.5], "texture": "#0"},
				"up": {"uv": [6.25, 5.25, 7.75, 6.5], "rotation": 90, "texture": "#0"},
				"down": {"uv": [6.25, 5.25, 7.75, 6.5], "rotation": 270, "texture": "#0"}
			}
		},
		{
			"from": [14.11573, 27.0156, 6.82668],
			"to": [16.37708, 28.13428, 9.2586],
			"rotation": {"angle": 0, "axis": "y", "origin": [8, 18.5, 8]},
			"faces": {
				"north": {"uv": [6.25, 5.25, 7.75, 6.5], "rotation": 90, "texture": "#0"},
				"east": {"uv": [6.25, 5.25, 7.75, 6.5], "rotation": 180, "texture": "#0"},
				"south": {"uv": [4.25, 4.5, 4.553, 5.1125], "rotation": 270, "texture": "#0"},
				"west": {"uv": [6.25, 5.25, 7.75, 6.5], "texture": "#0"},
				"up": {"uv": [6.25, 5.25, 7.75, 6.5], "rotation": 90, "texture": "#0"},
				"down": {"uv": [6.25, 5.25, 7.75, 6.5], "rotation": 270, "texture": "#0"}
			}
		},
		{
			"from": [11.34673, 27.0156, 6.82668],
			"to": [13.60808, 28.13428, 9.2586],
			"rotation": {"angle": 0, "axis": "y", "origin": [8, 18.5, 8]},
			"faces": {
				"north": {"uv": [6.25, 5.25, 7.75, 6.5], "rotation": 90, "texture": "#0"},
				"east": {"uv": [6.25, 5.25, 7.75, 6.5], "rotation": 180, "texture": "#0"},
				"south": {"uv": [4.25, 4.5, 4.553, 5.1125], "rotation": 270, "texture": "#0"},
				"west": {"uv": [6.25, 5.25, 7.75, 6.5], "texture": "#0"},
				"up": {"uv": [6.25, 5.25, 7.75, 6.5], "rotation": 90, "texture": "#0"},
				"down": {"uv": [6.25, 5.25, 7.75, 6.5], "rotation": 270, "texture": "#0"}
			}
		},
		{
			"from": [10.20404, 29.43644, 7.19588],
			"to": [11.91159, 32, 9.074],
			"rotation": {"angle": -22.5, "axis": "z", "origin": [8, 18.5, 8]},
			"faces": {
				"north": {"uv": [4.25, 12.25, 4.978, 12.7125], "rotation": 90, "texture": "#0"},
				"east": {"uv": [4.25, 12.25, 4.978, 12.7125], "rotation": 180, "texture": "#0"},
				"south": {"uv": [4.25, 12.25, 4.978, 12.7125], "rotation": 270, "texture": "#0"},
				"west": {"uv": [4.25, 12.25, 4.978, 12.7125], "texture": "#0"},
				"up": {"uv": [4.25, 12.25, 4.978, 12.7125], "rotation": 90, "texture": "#0"},
				"down": {"uv": [4.25, 12.25, 4.978, 12.7125], "rotation": 270, "texture": "#0"}
			}
		},
		{
			"from": [15.22333, 28.50883, 11.76308],
			"to": [16.56168, 30.6428, 13.272],
			"rotation": {"angle": -22.5, "axis": "x", "origin": [8, 18.5, 8]},
			"faces": {
				"north": {"uv": [4.25, 12.25, 4.828, 12.6125], "rotation": 90, "texture": "#0"},
				"east": {"uv": [4.25, 12.25, 4.828, 12.6125], "rotation": 180, "texture": "#0"},
				"south": {"uv": [4.25, 12.25, 4.828, 12.6125], "rotation": 270, "texture": "#0"},
				"west": {"uv": [4.25, 12.25, 4.828, 12.6125], "texture": "#0"},
				"up": {"uv": [4.25, 12.25, 4.828, 12.6125], "rotation": 90, "texture": "#0"},
				"down": {"uv": [4.25, 12.25, 4.828, 12.6125], "rotation": 270, "texture": "#0"}
			}
		},
		{
			"from": [15.40793, 27.22914, 16.11923],
			"to": [16.37708, 29.36312, 17.25895],
			"rotation": {"angle": -45, "axis": "x", "origin": [8, 18.5, 8]},
			"faces": {
				"north": {"uv": [4.25, 12.25, 4.828, 12.5125], "rotation": 90, "texture": "#0"},
				"east": {"uv": [4.25, 12.25, 4.828, 12.5125], "rotation": 180, "texture": "#0"},
				"south": {"uv": [4.25, 12.25, 4.828, 12.5125], "rotation": 270, "texture": "#0"},
				"west": {"uv": [4.25, 12.25, 4.828, 12.5125], "texture": "#0"},
				"up": {"uv": [4.25, 12.25, 4.828, 12.5125], "rotation": 90, "texture": "#0"},
				"down": {"uv": [4.25, 12.25, 4.828, 12.5125], "rotation": 270, "texture": "#0"}
			}
		},
		{
			"from": [11.36151, 27.22914, 16.11923],
			"to": [12.33066, 29.36312, 17.25895],
			"rotation": {"angle": -45, "axis": "x", "origin": [8, 18.5, 8]},
			"faces": {
				"north": {"uv": [4.25, 12.25, 4.828, 12.5125], "rotation": 90, "texture": "#0"},
				"east": {"uv": [4.25, 12.25, 4.828, 12.5125], "rotation": 180, "texture": "#0"},
				"south": {"uv": [4.25, 12.25, 4.828, 12.5125], "rotation": 270, "texture": "#0"},
				"west": {"uv": [4.25, 12.25, 4.828, 12.5125], "texture": "#0"},
				"up": {"uv": [4.25, 12.25, 4.828, 12.5125], "rotation": 90, "texture": "#0"},
				"down": {"uv": [4.25, 12.25, 4.828, 12.5125], "rotation": 270, "texture": "#0"}
			}
		},
		{
			"from": [14.93346, 24.94428, 7.19588],
			"to": [16.64101, 27.63206, 9.074],
			"rotation": {"angle": 22.5, "axis": "z", "origin": [8, 18.5, 8]},
			"faces": {
				"north": {"uv": [4.25, 12.25, 4.978, 12.7125], "rotation": 90, "texture": "#0"},
				"east": {"uv": [4.25, 12.25, 4.978, 12.7125], "rotation": 180, "texture": "#0"},
				"south": {"uv": [4.25, 12.25, 4.978, 12.7125], "rotation": 270, "texture": "#0"},
				"west": {"uv": [4.25, 12.25, 4.978, 12.7125], "texture": "#0"},
				"up": {"uv": [4.25, 12.25, 4.978, 12.7125], "rotation": 90, "texture": "#0"},
				"down": {"uv": [4.25, 12.25, 4.978, 12.7125], "rotation": 270, "texture": "#0"}
			}
		},
		{
			"from": [11.17691, 28.50883, 11.76308],
			"to": [12.51526, 30.6428, 13.272],
			"rotation": {"angle": -22.5, "axis": "x", "origin": [8, 18.5, 8]},
			"faces": {
				"north": {"uv": [4.25, 12.25, 4.828, 12.6125], "rotation": 90, "texture": "#0"},
				"east": {"uv": [4.25, 12.25, 4.828, 12.6125], "rotation": 180, "texture": "#0"},
				"south": {"uv": [4.25, 12.25, 4.828, 12.6125], "rotation": 270, "texture": "#0"},
				"west": {"uv": [4.25, 12.25, 4.828, 12.6125], "texture": "#0"},
				"up": {"uv": [4.25, 12.25, 4.828, 12.6125], "rotation": 90, "texture": "#0"},
				"down": {"uv": [4.25, 12.25, 4.828, 12.6125], "rotation": 270, "texture": "#0"}
			}
		},
		{
			"from": [12.15334, -13.75426, 7.6943],
			"to": [13.42247, 23.69369, 8.57558],
			"rotation": {"angle": 0, "axis": "y", "origin": [8, 18.5, 8]},
			"faces": {
				"north": {"uv": [11, 1.25, 11.34375, 11.393], "rotation": 180, "texture": "#0"},
				"east": {"uv": [11, 1.25, 11.34375, 11.393], "rotation": 270, "texture": "#0"},
				"south": {"uv": [11, 1.25, 11.34375, 11.393], "texture": "#0"},
				"west": {"uv": [11, 1.25, 11.34375, 11.393], "rotation": 90, "texture": "#0"},
				"up": {"uv": [11, 1.25, 11.34375, 11.393], "rotation": 180, "texture": "#0"},
				"down": {"uv": [11, 1.25, 11.34375, 11.393], "texture": "#0"}
			}
		},
		{
			"from": [6.01101, -4.38936, 6.98359],
			"to": [8.14314, 28.52667, 9.28629],
			"rotation": {"angle": -45, "axis": "z", "origin": [8, 18.5, 8]},
			"faces": {
				"north": {"uv": [11, 1.5, 11.5775, 10.4155], "rotation": 180, "texture": "#0"},
				"east": {"uv": [11, 1.5, 11.5775, 10.4155], "rotation": 270, "texture": "#0"},
				"south": {"uv": [11, 1.5, 11.5775, 10.4155], "texture": "#0"},
				"west": {"uv": [11, 1.5, 11.5775, 10.4155], "rotation": 90, "texture": "#0"},
				"up": {"uv": [11, 1.5, 11.5775, 10.4155], "rotation": 180, "texture": "#0"},
				"down": {"uv": [11, 1.5, 11.5775, 10.4155], "texture": "#0"}
			}
		},
		{
			"from": [-2.79496, -7.78738, 6.64529],
			"to": [0.04788, -1.26915, 9.62459],
			"rotation": {"angle": -22.5, "axis": "z", "origin": [8, 18.5, 8]},
			"faces": {
				"north": {"uv": [4.25, 5.25, 6.0155, 6.02], "rotation": 270, "texture": "#0"},
				"east": {"uv": [4.25, 5.25, 6.0155, 6.02], "texture": "#0"},
				"south": {"uv": [4.25, 5.25, 6.0155, 6.02], "rotation": 90, "texture": "#0"},
				"west": {"uv": [4.25, 5.25, 6.0155, 6.02], "rotation": 180, "texture": "#0"},
				"up": {"uv": [4.25, 5.25, 6.0155, 6.02], "rotation": 270, "texture": "#0"},
				"down": {"uv": [4.25, 5.25, 6.0155, 6.02], "rotation": 90, "texture": "#0"}
			}
		},
		{
			"from": [-2.38884, -11.34093, 7.05141],
			"to": [-0.35824, -7.27973, 9.21847],
			"rotation": {"angle": -22.5, "axis": "z", "origin": [8, 18.5, 8]},
			"faces": {
				"north": {"uv": [4.5, 12.25, 5.6, 12.8], "rotation": 270, "texture": "#0"},
				"east": {"uv": [4.5, 12.25, 5.6, 12.8], "texture": "#0"},
				"south": {"uv": [4.5, 12.25, 5.6, 12.8], "rotation": 90, "texture": "#0"},
				"west": {"uv": [4.5, 12.25, 5.6, 12.8], "rotation": 180, "texture": "#0"},
				"up": {"uv": [4.5, 12.25, 5.6, 12.8], "rotation": 270, "texture": "#0"},
				"down": {"uv": [4.5, 12.25, 5.6, 12.8], "rotation": 90, "texture": "#0"}
			}
		},
		{
			"from": [-12.49855, -10.13745, 7.45753],
			"to": [-11.28019, -4.7379, 8.81235],
			"rotation": {"angle": 0, "axis": "y", "origin": [8, 18.5, 8]},
			"faces": {
				"north": {"uv": [4.5, 12.25, 5.9625, 12.58], "rotation": 270, "texture": "#0"},
				"east": {"uv": [4.5, 12.25, 5.9625, 12.58], "texture": "#0"},
				"south": {"uv": [4.5, 12.25, 5.9625, 12.58], "rotation": 90, "texture": "#0"},
				"west": {"uv": [4.5, 12.25, 5.9625, 12.58], "rotation": 180, "texture": "#0"},
				"up": {"uv": [4.5, 12.25, 5.9625, 12.58], "rotation": 270, "texture": "#0"},
				"down": {"uv": [4.5, 12.25, 5.9625, 12.58], "rotation": 90, "texture": "#0"}
			}
		},
		{
			"from": [-11.14339, -13.24966, 8.32637],
			"to": [18.47752, 27.21858, 8.46482],
			"rotation": {"angle": 0, "axis": "y", "origin": [8, 18.5, 8]},
			"faces": {
				"north": {"uv": [0, 9, 16, 16], "texture": "#1"},
				"east": {"uv": [0, 0, 0, 0], "rotation": 90, "texture": "#1"},
				"south": {"uv": [16, 9, 0, 16], "texture": "#1"},
				"west": {"uv": [0, 0, 0, 0], "rotation": 270, "texture": "#1"},
				"up": {"uv": [0, 0, 0, 0], "texture": "#1"},
				"down": {"uv": [0, 0, 0, 0], "rotation": 180, "texture": "#1"}
			}
		}
	],
	"display": {
		"head": {
			"translation": [-41.75, -27, 0],
			"scale": [4, 4, 4]
		}
	},
	"groups": [
		{
			"name": "root",
			"origin": [8, 8, 8],
			"color": 0,
			"children": [
				{
					"name": "wing_l_close",
					"origin": [8, 8, 8],
					"color": 0,
					"children": [
						{
							"name": "1",
							"origin": [5.5, 8.44331, 2.22471],
							"color": 0,
							"children": [0, 1, 2, 3, 4, 5, 6, 7, 8, 9, 10]
						},
						{
							"name": "2",
							"origin": [8, 8, 8],
							"color": 0,
							"children": [11, 12, 13, 14, 15]
						}
					]
				}
			]
		}
	]
}