{
	"credit": "Made with Blockbench",
	"texture_size": [32, 32],
	"textures": {
		"0": "diablos/head",
		"1": "diablos/wing_0",
		"particle": "diablos/head"
	},
	"elements": [
		{
			"from": [-1.47193, 8.10287, 6.47594],
			"to": [2.00039, 21.25954, 9.79394],
			"rotation": {"angle": -22.5, "axis": "z", "origin": [8, 18.5, 8]},
			"faces": {
				"north": {"uv": [7.75, 5.25, 6.25, 6.5], "rotation": 180, "texture": "#0"},
				"east": {"uv": [6.25, 6.5, 7.75, 5.25], "rotation": 90, "texture": "#0"},
				"south": {"uv": [5.1905, 4.5, 4.25, 8.06356], "texture": "#0"},
				"west": {"uv": [6.25, 6.5, 7.75, 5.25], "rotation": 270, "texture": "#0"},
				"up": {"uv": [7.75, 5.25, 6.25, 6.5], "rotation": 180, "texture": "#0"},
				"down": {"uv": [7.75, 5.25, 6.25, 6.5], "texture": "#0"}
			}
		},
		{
			"from": [-0.56168, 23.139, 6.27288],
			"to": [4.83787, 27.21128, 9.997],
			"rotation": {"angle": 0, "axis": "y", "origin": [8, 18.5, 8]},
			"faces": {
				"north": {"uv": [6.25, 6.5, 7.75, 5.25], "rotation": 90, "texture": "#0"},
				"east": {"uv": [7.75, 5.25, 6.25, 6.5], "texture": "#0"},
				"south": {"uv": [4.25, 5.9625, 5.353, 4.5], "rotation": 270, "texture": "#0"},
				"west": {"uv": [7.75, 5.25, 6.25, 6.5], "rotation": 180, "texture": "#0"},
				"up": {"uv": [6.25, 6.5, 7.75, 5.25], "rotation": 90, "texture": "#0"},
				"down": {"uv": [6.25, 6.5, 7.75, 5.25], "rotation": 270, "texture": "#0"}
			}
		},
		{
			"from": [-0.37708, 27.0156, 6.82668],
			"to": [1.88427, 28.13428, 9.2586],
			"rotation": {"angle": 0, "axis": "y", "origin": [8, 18.5, 8]},
			"faces": {
				"north": {"uv": [6.25, 6.5, 7.75, 5.25], "rotation": 90, "texture": "#0"},
				"east": {"uv": [7.75, 5.25, 6.25, 6.5], "texture": "#0"},
				"south": {"uv": [4.25, 5.1125, 4.553, 4.5], "rotation": 270, "texture": "#0"},
				"west": {"uv": [7.75, 5.25, 6.25, 6.5], "rotation": 180, "texture": "#0"},
				"up": {"uv": [6.25, 6.5, 7.75, 5.25], "rotation": 90, "texture": "#0"},
				"down": {"uv": [6.25, 6.5, 7.75, 5.25], "rotation": 270, "texture": "#0"}
			}
		},
		{
			"from": [2.39192, 27.0156, 6.82668],
			"to": [4.65327, 28.13428, 9.2586],
			"rotation": {"angle": 0, "axis": "y", "origin": [8, 18.5, 8]},
			"faces": {
				"north": {"uv": [6.25, 6.5, 7.75, 5.25], "rotation": 90, "texture": "#0"},
				"east": {"uv": [7.75, 5.25, 6.25, 6.5], "texture": "#0"},
				"south": {"uv": [4.25, 5.1125, 4.553, 4.5], "rotation": 270, "texture": "#0"},
				"west": {"uv": [7.75, 5.25, 6.25, 6.5], "rotation": 180, "texture": "#0"},
				"up": {"uv": [6.25, 6.5, 7.75, 5.25], "rotation": 90, "texture": "#0"},
				"down": {"uv": [6.25, 6.5, 7.75, 5.25], "rotation": 270, "texture": "#0"}
			}
		},
		{
			"from": [4.08841, 29.43644, 7.19588],
			"to": [5.79596, 32, 9.074],
			"rotation": {"angle": 22.5, "axis": "z", "origin": [8, 18.5, 8]},
			"faces": {
				"north": {"uv": [4.25, 12.7125, 4.978, 12.25], "rotation": 90, "texture": "#0"},
				"east": {"uv": [4.978, 12.25, 4.25, 12.7125], "texture": "#0"},
				"south": {"uv": [4.25, 12.7125, 4.978, 12.25], "rotation": 270, "texture": "#0"},
				"west": {"uv": [4.978, 12.25, 4.25, 12.7125], "rotation": 180, "texture": "#0"},
				"up": {"uv": [4.25, 12.7125, 4.978, 12.25], "rotation": 90, "texture": "#0"},
				"down": {"uv": [4.25, 12.7125, 4.978, 12.25], "rotation": 270, "texture": "#0"}
			}
		},
		{
			"from": [-0.56168, 28.50883, 11.76308],
			"to": [0.77667, 30.6428, 13.272],
			"rotation": {"angle": -22.5, "axis": "x", "origin": [8, 18.5, 8]},
			"faces": {
				"north": {"uv": [4.25, 12.6125, 4.828, 12.25], "rotation": 90, "texture": "#0"},
				"east": {"uv": [4.828, 12.25, 4.25, 12.6125], "texture": "#0"},
				"south": {"uv": [4.25, 12.6125, 4.828, 12.25], "rotation": 270, "texture": "#0"},
				"west": {"uv": [4.828, 12.25, 4.25, 12.6125], "rotation": 180, "texture": "#0"},
				"up": {"uv": [4.25, 12.6125, 4.828, 12.25], "rotation": 90, "texture": "#0"},
				"down": {"uv": [4.25, 12.6125, 4.828, 12.25], "rotation": 270, "texture": "#0"}
			}
		},
		{
			"from": [-0.37708, 27.22914, 16.11923],
			"to": [0.59207, 29.36312, 17.25895],
			"rotation": {"angle": -45, "axis": "x", "origin": [8, 18.5, 8]},
			"faces": {
				"north": {"uv": [4.25, 12.5125, 4.828, 12.25], "rotation": 90, "texture": "#0"},
				"east": {"uv": [4.828, 12.25, 4.25, 12.5125], "texture": "#0"},
				"south": {"uv": [4.25, 12.5125, 4.828, 12.25], "rotation": 270, "texture": "#0"},
				"west": {"uv": [4.828, 12.25, 4.25, 12.5125], "rotation": 180, "texture": "#0"},
				"up": {"uv": [4.25, 12.5125, 4.828, 12.25], "rotation": 90, "texture": "#0"},
				"down": {"uv": [4.25, 12.5125, 4.828, 12.25], "rotation": 270, "texture": "#0"}
			}
		},
		{
			"from": [3.66934, 27.22914, 16.11923],
			"to": [4.63849, 29.36312, 17.25895],
			"rotation": {"angle": -45, "axis": "x", "origin": [8, 18.5, 8]},
			"faces": {
				"north": {"uv": [4.25, 12.5125, 4.828, 12.25], "rotation": 90, "texture": "#0"},
				"east": {"uv": [4.828, 12.25, 4.25, 12.5125], "texture": "#0"},
				"south": {"uv": [4.25, 12.5125, 4.828, 12.25], "rotation": 270, "texture": "#0"},
				"west": {"uv": [4.828, 12.25, 4.25, 12.5125], "rotation": 180, "texture": "#0"},
				"up": {"uv": [4.25, 12.5125, 4.828, 12.25], "rotation": 90, "texture": "#0"},
				"down": {"uv": [4.25, 12.5125, 4.828, 12.25], "rotation": 270, "texture": "#0"}
			}
		},
		{
			"from": [-0.64101, 24.94428, 7.19588],
			"to": [1.06654, 27.63206, 9.074],
			"rotation": {"angle": -22.5, "axis": "z", "origin": [8, 18.5, 8]},
			"faces": {
				"north": {"uv": [4.25, 12.7125, 4.978, 12.25], "rotation": 90, "texture": "#0"},
				"east": {"uv": [4.978, 12.25, 4.25, 12.7125], "texture": "#0"},
				"south": {"uv": [4.25, 12.7125, 4.978, 12.25], "rotation": 270, "texture": "#0"},
				"west": {"uv": [4.978, 12.25, 4.25, 12.7125], "rotation": 180, "texture": "#0"},
				"up": {"uv": [4.25, 12.7125, 4.978, 12.25], "rotation": 90, "texture": "#0"},
				"down": {"uv": [4.25, 12.7125, 4.978, 12.25], "rotation": 270, "texture": "#0"}
			}
		},
		{
			"from": [3.48474, 28.50883, 11.76308],
			"to": [4.82309, 30.6428, 13.272],
			"rotation": {"angle": -22.5, "axis": "x", "origin": [8, 18.5, 8]},
			"faces": {
				"north": {"uv": [4.25, 12.6125, 4.828, 12.25], "rotation": 90, "texture": "#0"},
				"east": {"uv": [4.828, 12.25, 4.25, 12.6125], "texture": "#0"},
				"south": {"uv": [4.25, 12.6125, 4.828, 12.25], "rotation": 270, "texture": "#0"},
				"west": {"uv": [4.828, 12.25, 4.25, 12.6125], "rotation": 180, "texture": "#0"},
				"up": {"uv": [4.25, 12.6125, 4.828, 12.25], "rotation": 90, "texture": "#0"},
				"down": {"uv": [4.25, 12.6125, 4.828, 12.25], "rotation": 270, "texture": "#0"}
			}
		},
		{
			"from": [2.57753, -13.75426, 7.6943],
			"to": [3.84666, 23.69369, 8.57558],
			"rotation": {"angle": 0, "axis": "y", "origin": [8, 18.5, 8]},
			"faces": {
				"north": {"uv": [11.34375, 1.25, 11, 11.393], "rotation": 180, "texture": "#0"},
				"east": {"uv": [11, 11.393, 11.34375, 1.25], "rotation": 90, "texture": "#0"},
				"south": {"uv": [11.34375, 1.25, 11, 11.393], "texture": "#0"},
				"west": {"uv": [11, 11.393, 11.34375, 1.25], "rotation": 270, "texture": "#0"},
				"up": {"uv": [11.34375, 1.25, 11, 11.393], "rotation": 180, "texture": "#0"},
				"down": {"uv": [11.34375, 1.25, 11, 11.393], "texture": "#0"}
			}
		},
		{
			"from": [7.85686, -4.38936, 6.98359],
			"to": [9.98899, 28.52667, 9.28629],
			"rotation": {"angle": 45, "axis": "z", "origin": [8, 18.5, 8]},
			"faces": {
				"north": {"uv": [11.5775, 1.5, 11, 10.4155], "rotation": 180, "texture": "#0"},
				"east": {"uv": [11, 10.4155, 11.5775, 1.5], "rotation": 90, "texture": "#0"},
				"south": {"uv": [11.5775, 1.5, 11, 10.4155], "texture": "#0"},
				"west": {"uv": [11, 10.4155, 11.5775, 1.5], "rotation": 270, "texture": "#0"},
				"up": {"uv": [11.5775, 1.5, 11, 10.4155], "rotation": 180, "texture": "#0"},
				"down": {"uv": [11.5775, 1.5, 11, 10.4155], "texture": "#0"}
			}
		},
		{
			"from": [15.95212, -7.78738, 6.64529],
			"to": [18.79496, -1.26915, 9.62459],
			"rotation": {"angle": 22.5, "axis": "z", "origin": [8, 18.5, 8]},
			"faces": {
				"north": {"uv": [4.25, 6.02, 6.0155, 5.25], "rotation": 270, "texture": "#0"},
				"east": {"uv": [6.0155, 5.25, 4.25, 6.02], "rotation": 180, "texture": "#0"},
				"south": {"uv": [4.25, 6.02, 6.0155, 5.25], "rotation": 90, "texture": "#0"},
				"west": {"uv": [6.0155, 5.25, 4.25, 6.02], "texture": "#0"},
				"up": {"uv": [4.25, 6.02, 6.0155, 5.25], "rotation": 270, "texture": "#0"},
				"down": {"uv": [4.25, 6.02, 6.0155, 5.25], "rotation": 90, "texture": "#0"}
			}
		},
		{
			"from": [16.35824, -11.34093, 7.05141],
			"to": [18.38884, -7.27973, 9.21847],
			"rotation": {"angle": 22.5, "axis": "z", "origin": [8, 18.5, 8]},
			"faces": {
				"north": {"uv": [4.5, 12.8, 5.6, 12.25], "rotation": 270, "texture": "#0"},
				"east": {"uv": [5.6, 12.25, 4.5, 12.8], "rotation": 180, "texture": "#0"},
				"south": {"uv": [4.5, 12.8, 5.6, 12.25], "rotation": 90, "texture": "#0"},
				"west": {"uv": [5.6, 12.25, 4.5, 12.8], "texture": "#0"},
				"up": {"uv": [4.5, 12.8, 5.6, 12.25], "rotation": 270, "texture": "#0"},
				"down": {"uv": [4.5, 12.8, 5.6, 12.25], "rotation": 90, "texture": "#0"}
			}
		},
		{
			"from": [27.28019, -10.13745, 7.45753],
			"to": [28.49855, -4.7379, 8.81235],
			"rotation": {"angle": 0, "axis": "y", "origin": [8, 18.5, 8]},
			"faces": {
				"north": {"uv": [4.5, 12.58, 5.9625, 12.25], "rotation": 270, "texture": "#0"},
				"east": {"uv": [5.9625, 12.25, 4.5, 12.58], "rotation": 180, "texture": "#0"},
				"south": {"uv": [4.5, 12.58, 5.9625, 12.25], "rotation": 90, "texture": "#0"},
				"west": {"uv": [5.9625, 12.25, 4.5, 12.58], "texture": "#0"},
				"up": {"uv": [4.5, 12.58, 5.9625, 12.25], "rotation": 270, "texture": "#0"},
				"down": {"uv": [4.5, 12.58, 5.9625, 12.25], "rotation": 90, "texture": "#0"}
			}
		},
		{
			"from": [-2.47752, -13.24966, 8.32637],
			"to": [27.14339, 27.21858, 8.46482],
			"rotation": {"angle": 0, "axis": "y", "origin": [8, 18.5, 8]},
			"faces": {
				"north": {"uv": [16, 9, 0, 16], "texture": "#1"},
				"east": {"uv": [0, 0, 0, 0], "rotation": 270, "texture": "#1"},
				"south": {"uv": [0, 9, 16, 16], "texture": "#1"},
				"west": {"uv": [0, 0, 0, 0], "rotation": 90, "texture": "#1"},
				"up": {"uv": [0, 0, 0, 0], "texture": "#1"},
				"down": {"uv": [0, 0, 0, 0], "rotation": 180, "texture": "#1"}
			}
		}
	],
	"display": {
		"head": {
			"translation": [41.75, -27, 0],
			"scale": [4, 4, 4]
		}
	},
	"groups": [
		{
			"name": "root",
			"origin": [8, 8, 8],
			"color": 0,
			"children": [
				{
					"name": "wing_l_close",
					"origin": [8, 8, 8],
					"color": 0,
					"children": [
						{
							"name": "1",
							"origin": [5.5, 8.44331, 2.22471],
							"color": 0,
							"children": [0, 1, 2, 3, 4, 5, 6, 7, 8, 9, 10]
						},
						{
							"name": "2",
							"origin": [8, 8, 8],
							"color": 0,
							"children": [11, 12, 13, 14, 15]
						}
					]
				}
			]
		}
	]
}