{
	"credit": "Made with Blockbench",
	"texture_size": [32, 32],
	"textures": {
		"0": "diablos/head",
		"1": "diablos/wing_0",
		"particle": "diablos/head"
	},
	"elements": [
		{
			"from": [1.23636, 7.47015, 6.44501],
			"to": [13.40833, 10.94458, 9.19198],
			"rotation": {"angle": 0, "axis": "y", "origin": [8, 8, 8]},
			"faces": {
				"north": {"uv": [6.25, 6.5, 7.75, 5.25], "rotation": 270, "texture": "#0"},
				"east": {"uv": [7.75, 5.25, 6.25, 6.5], "rotation": 180, "texture": "#0"},
				"south": {"uv": [4.25, 7.75106, 5.178, 4.5], "rotation": 90, "texture": "#0"},
				"west": {"uv": [7.75, 5.25, 6.25, 6.5], "texture": "#0"},
				"up": {"uv": [6.25, 6.5, 7.75, 5.25], "rotation": 270, "texture": "#0"},
				"down": {"uv": [6.25, 6.5, 7.75, 5.25], "rotation": 90, "texture": "#0"}
			}
		},
		{
			"from": [13.40833, 7.47015, 6.63221],
			"to": [15.74833, 10.47658, 9.00478],
			"rotation": {"angle": 0, "axis": "y", "origin": [8, 8, 8]},
			"faces": {
				"north": {"uv": [6.25, 6.5, 7.75, 5.25], "rotation": 270, "texture": "#0"},
				"east": {"uv": [7.75, 5.25, 6.25, 6.5], "rotation": 180, "texture": "#0"},
				"south": {"uv": [4.25, 5.125, 5.053, 4.5], "rotation": 90, "texture": "#0"},
				"west": {"uv": [7.75, 5.25, 6.25, 6.5], "texture": "#0"},
				"up": {"uv": [6.25, 6.5, 7.75, 5.25], "rotation": 270, "texture": "#0"},
				"down": {"uv": [6.25, 6.5, 7.75, 5.25], "rotation": 90, "texture": "#0"}
			}
		},
		{
			"from": [1.23636, 7.47015, 6.44501],
			"to": [11.06833, 11.41258, 10.59598],
			"rotation": {"angle": 0, "axis": "y", "origin": [8, 8, 8]},
			"faces": {
				"north": {"uv": [6.25, 6.5, 7.75, 5.25], "rotation": 270, "texture": "#0"},
				"east": {"uv": [7.75, 5.25, 6.25, 6.5], "rotation": 180, "texture": "#0"},
				"south": {"uv": [4.25, 7.12606, 5.303, 4.5], "rotation": 90, "texture": "#0"},
				"west": {"uv": [7.75, 5.25, 6.25, 6.5], "texture": "#0"},
				"up": {"uv": [6.25, 6.5, 7.75, 5.25], "rotation": 270, "texture": "#0"},
				"down": {"uv": [6.25, 6.5, 7.75, 5.25], "rotation": 90, "texture": "#0"}
			}
		},
		{
			"from": [1.23636, 11.21415, 6.63221],
			"to": [9.66433, 12.34858, 9.65998],
			"rotation": {"angle": 0, "axis": "y", "origin": [8, 8, 8]},
			"faces": {
				"north": {"uv": [6.25, 6.5, 7.75, 5.25], "rotation": 270, "texture": "#0"},
				"east": {"uv": [7.75, 5.25, 6.25, 6.5], "rotation": 180, "texture": "#0"},
				"south": {"uv": [4.25, 6.75106, 4.553, 4.5], "rotation": 90, "texture": "#0"},
				"west": {"uv": [7.75, 5.25, 6.25, 6.5], "texture": "#0"},
				"up": {"uv": [6.25, 6.5, 7.75, 5.25], "rotation": 270, "texture": "#0"},
				"down": {"uv": [6.25, 6.5, 7.75, 5.25], "rotation": 90, "texture": "#0"}
			}
		},
		{
			"from": [1.23636, 6.95535, 5.93021],
			"to": [16.26313, 9.96178, 9.70678],
			"rotation": {"angle": 0, "axis": "y", "origin": [8, 8, 8]},
			"faces": {
				"north": {"uv": [6.25, 6.5, 7.75, 5.25], "rotation": 270, "texture": "#0"},
				"east": {"uv": [7.75, 5.25, 6.25, 6.5], "rotation": 180, "texture": "#0"},
				"south": {"uv": [4.25, 8.51356, 5.053, 4.5], "rotation": 90, "texture": "#0"},
				"west": {"uv": [7.75, 5.25, 6.25, 6.5], "texture": "#0"},
				"up": {"uv": [6.25, 6.5, 7.75, 5.25], "rotation": 270, "texture": "#0"},
				"down": {"uv": [6.25, 6.5, 7.75, 5.25], "rotation": 90, "texture": "#0"}
			}
		},
		{
			"from": [0.72156, 6.44055, 5.72429],
			"to": [3.97345, 10.1677, 9.9127],
			"rotation": {"angle": 0, "axis": "y", "origin": [8, 8, 8]},
			"faces": {
				"north": {"uv": [6.25, 6.5, 7.75, 5.25], "rotation": 270, "texture": "#0"},
				"east": {"uv": [7.75, 5.25, 6.25, 6.5], "rotation": 180, "texture": "#0"},
				"south": {"uv": [4.25, 5.36856, 5.2455, 4.5], "rotation": 90, "texture": "#0"},
				"west": {"uv": [7.75, 5.25, 6.25, 6.5], "texture": "#0"},
				"up": {"uv": [6.25, 6.5, 7.75, 5.25], "rotation": 270, "texture": "#0"},
				"down": {"uv": [6.25, 6.5, 7.75, 5.25], "rotation": 90, "texture": "#0"}
			}
		},
		{
			"from": [1.59855, -8.58748, 8.05942],
			"to": [21.20026, 8.25513, 8.05942],
			"rotation": {"angle": 0, "axis": "y", "origin": [8, 8, 8]},
			"faces": {
				"north": {"uv": [11.25, 0.75, 0, 9], "texture": "#1"},
				"east": {"uv": [0, 0, 0, 0], "rotation": 90, "texture": "#1"},
				"south": {"uv": [0, 0.75, 11.25, 9], "texture": "#1"},
				"west": {"uv": [0, 0, 0, 0], "rotation": 270, "texture": "#1"},
				"up": {"uv": [0, 0, 0, 0], "rotation": 180, "texture": "#1"},
				"down": {"uv": [0, 0, 0, 0], "texture": "#1"}
			}
		}
	],
	"display": {
		"head": {
			"translation": [22.5, -9, 0],
			"scale": [4, 4, 4]
		}
	},
	"groups": [
		{
			"name": "root",
			"origin": [8, 8, 8],
			"color": 0,
			"children": [
				{
					"name": "wing_l_close",
					"origin": [8, 8, 8],
					"color": 0,
					"children": [
						{
							"name": "0",
							"origin": [5.5, 8.44331, 2.22471],
							"color": 0,
							"children": [0, 1, 2, 3, 4, 5, 6]
						}
					]
				}
			]
		}
	]
}