{
	"credit": "Made with Blockbench",
	"texture_size": [32, 32],
	"textures": {
		"0": "dyno/head",
		"particle": "dyno/head"
	},
	"elements": [
		{
			"from": [6.77258, 9.19879, 8.22346],
			"to": [9.05408, 15.70691, 10.98271],
			"rotation": {"angle": -45, "axis": "x", "origin": [7.66958, 12.94035, 10.09058]},
			"faces": {
				"north": {"uv": [3.25, 2, 3.75, 3], "texture": "#0"},
				"east": {"uv": [3.25, 2, 3.75, 3], "texture": "#0"},
				"south": {"uv": [3.25, 2, 3.75, 3], "texture": "#0"},
				"west": {"uv": [3.25, 2, 3.75, 3], "texture": "#0"},
				"up": {"uv": [3.25, 2, 3.75, 3], "texture": "#0"},
				"down": {"uv": [3.25, 2, 3.75, 3], "texture": "#0"}
			}
		}
	],
	"display": {
		"head": {
			"translation": [0.5, -28.5, -3.5],
			"scale": [4, 4, 4]
		}
	},
	"groups": [
		{
			"name": "root",
			"origin": [8, 8, 8],
			"children": [
				{
					"name": "arm_l",
					"origin": [8, 8, 8],
					"children": [
						{
							"name": "0",
							"origin": [8, 8, 8],
							"children": [0]
						}
					]
				}
			]
		}
	]
}