{
	"credit": "Made with Blockbench",
	"texture_size": [32, 32],
	"textures": {
		"0": "dyno/head",
		"particle": "dyno/head"
	},
	"elements": [
		{
			"from": [2.9105, 0.39599, 6.5409],
			"to": [13.0895, 7.09912, 14.56515],
			"rotation": {"angle": 0, "axis": "y", "origin": [10.17717, 7.68899, 13.1904]},
			"faces": {
				"north": {"uv": [11.5, 1.25, 13.25, 3.25], "texture": "#0"},
				"east": {"uv": [11.5, 1.75, 13.25, 3.25], "texture": "#0"},
				"south": {"uv": [11.5, 1.25, 13.25, 3.25], "texture": "#0"},
				"west": {"uv": [11.5, 1.75, 13.25, 3.25], "texture": "#0"},
				"up": {"uv": [11.5, 1.25, 13.25, 3.25], "texture": "#0"},
				"down": {"uv": [11.5, 1.25, 13.25, 3.25], "texture": "#0"}
			}
		},
		{
			"from": [4.03175, 7.09912, 6.5409],
			"to": [11.96825, 9.78037, 15.44265],
			"rotation": {"angle": 0, "axis": "y", "origin": [10.17717, 10.37024, 13.1904]},
			"faces": {
				"north": {"uv": [13.25, 2.75, 11.5, 1.5], "rotation": 90, "texture": "#0"},
				"east": {"uv": [13.25, 2.75, 11.5, 1.5], "rotation": 90, "texture": "#0"},
				"south": {"uv": [13.25, 2.75, 11.5, 1.5], "rotation": 90, "texture": "#0"},
				"west": {"uv": [13.25, 2.75, 11.5, 1.5], "rotation": 90, "texture": "#0"},
				"up": {"uv": [13.25, 2.75, 11.5, 1.5], "rotation": 90, "texture": "#0"},
				"down": {"uv": [13.25, 2.75, 11.5, 1.5], "rotation": 90, "texture": "#0"}
			}
		},
		{
			"from": [3.983, -2.28526, 6.5409],
			"to": [12.017, 0.66412, 14.37015],
			"rotation": {"angle": 0, "axis": "y", "origin": [10.17717, 5.00774, 13.1904]},
			"faces": {
				"north": {"uv": [16, 0, 13.25, 1.5], "texture": "#0"},
				"east": {"uv": [16, 1, 13.25, 2.5], "rotation": 180, "texture": "#0"},
				"south": {"uv": [16, 0, 13.25, 1.5], "texture": "#0"},
				"west": {"uv": [16, 1, 13.25, 2.5], "rotation": 180, "texture": "#0"},
				"up": {"uv": [16, 0, 13.25, 1.5], "texture": "#0"},
				"down": {"uv": [16, 0, 13.25, 1.5], "texture": "#0"}
			}
		},
		{
			"from": [4.412, -1.85626, 14.0484],
			"to": [11.588, 0.66412, 25.52415],
			"rotation": {"angle": 0, "axis": "y", "origin": [10.17717, 5.00774, 13.1904]},
			"faces": {
				"north": {"uv": [16, 0, 13.25, 1.5], "texture": "#0"},
				"east": {"uv": [16, 0, 13.25, 1.5], "texture": "#0"},
				"south": {"uv": [16, 0, 13.25, 1.5], "texture": "#0"},
				"west": {"uv": [16, 0, 13.25, 1.5], "texture": "#0"},
				"up": {"uv": [16, 0, 13.25, 1.5], "texture": "#0"},
				"down": {"uv": [16, 0, 13.25, 1.5], "texture": "#0"}
			}
		},
		{
			"from": [2.95925, 0.39599, 14.56515],
			"to": [13.04075, 7.09912, 25.6314],
			"rotation": {"angle": 0, "axis": "y", "origin": [10.17717, 7.68899, 13.1904]},
			"faces": {
				"north": {"uv": [11.5, 1.25, 13.25, 3.25], "texture": "#0"},
				"east": {"uv": [11.5, 1.75, 13.25, 3.25], "texture": "#0"},
				"south": {"uv": [11.5, 1.75, 13.25, 3.25], "texture": "#0"},
				"west": {"uv": [11.5, 1.75, 13.25, 3.25], "texture": "#0"},
				"up": {"uv": [11.5, 1.75, 13.25, 2.5], "rotation": 90, "texture": "#0"},
				"down": {"uv": [11.5, 1.25, 13.25, 3.25], "texture": "#0"}
			}
		},
		{
			"from": [4.568, 7.09912, 15.44265],
			"to": [11.432, 9.24412, 20.80515],
			"rotation": {"angle": 0, "axis": "y", "origin": [10.17717, 9.83399, 13.1904]},
			"faces": {
				"north": {"uv": [13.25, 2.75, 11.5, 1.5], "rotation": 90, "texture": "#0"},
				"east": {"uv": [13.25, 2.75, 11.5, 1.5], "rotation": 90, "texture": "#0"},
				"south": {"uv": [13.25, 2.75, 11.5, 1.5], "rotation": 90, "texture": "#0"},
				"west": {"uv": [13.25, 2.75, 11.5, 1.5], "rotation": 90, "texture": "#0"},
				"up": {"uv": [13.25, 2.75, 11.5, 1.5], "rotation": 90, "texture": "#0"},
				"down": {"uv": [13.25, 2.75, 11.5, 1.5], "rotation": 90, "texture": "#0"}
			}
		},
		{
			"from": [4.568, 7.09912, 20.80515],
			"to": [11.432, 8.70787, 25.6314],
			"rotation": {"angle": 0, "axis": "y", "origin": [10.17717, 9.83399, 13.1904]},
			"faces": {
				"north": {"uv": [13.25, 2.75, 11.5, 1.5], "rotation": 90, "texture": "#0"},
				"east": {"uv": [13.25, 2, 11.5, 1.5], "rotation": 180, "texture": "#0"},
				"south": {"uv": [13.25, 5.5, 11.5, 5], "texture": "#0"},
				"west": {"uv": [13.25, 2, 11.5, 1.5], "rotation": 180, "texture": "#0"},
				"up": {"uv": [12.25, 2.75, 11.5, 1.5], "rotation": 90, "texture": "#0"},
				"down": {"uv": [13.25, 2.75, 11.5, 1.5], "rotation": 90, "texture": "#0"}
			}
		},
		{
			"from": [4.15462, 10.70621, -2.20732],
			"to": [5.37138, 13.37047, 2.88397],
			"rotation": {"angle": 22.5, "axis": "x", "origin": [4.52158, 10.15598, 11.20068]},
			"faces": {
				"north": {"uv": [11.5, 7.25, 13.25, 8.25], "rotation": 90, "texture": "#0"},
				"east": {"uv": [11.5, 7.25, 13.25, 8.25], "rotation": 270, "texture": "#0"},
				"south": {"uv": [11.5, 7.25, 13.25, 8.25], "rotation": 90, "texture": "#0"},
				"west": {"uv": [11.5, 7.25, 13.25, 8.25], "rotation": 90, "texture": "#0"},
				"up": {"uv": [11.5, 7.25, 13.25, 8.25], "rotation": 180, "texture": "#0"},
				"down": {"uv": [11.5, 7.25, 13.25, 8.25], "texture": "#0"}
			}
		},
		{
			"from": [4.36912, 22.42236, 6.95671],
			"to": [5.15688, 25.58315, 8.76298],
			"rotation": {"angle": -45, "axis": "x", "origin": [4.52158, 10.15598, 11.20068]},
			"faces": {
				"north": {"uv": [11.75, 7.75, 13, 8.25], "texture": "#0"},
				"east": {"uv": [11.75, 7.75, 13, 8.25], "texture": "#0"},
				"south": {"uv": [11.75, 7.75, 13, 8.25], "texture": "#0"},
				"west": {"uv": [11.75, 7.75, 13, 8.25], "texture": "#0"},
				"up": {"uv": [11.75, 7.75, 13, 8.25], "texture": "#0"},
				"down": {"uv": [11.75, 7.75, 13, 8.25], "texture": "#0"}
			}
		},
		{
			"from": [3.60344, 5.63837, 5.43103],
			"to": [5.92256, 10.32339, 9.90936],
			"rotation": {"angle": 45, "axis": "x", "origin": [4.52158, 10.15598, 11.20068]},
			"faces": {
				"north": {"uv": [6.75, 8.5, 8.5, 9.5], "rotation": 270, "texture": "#0"},
				"east": {"uv": [6.75, 8.5, 8.5, 9.5], "rotation": 270, "texture": "#0"},
				"south": {"uv": [6.75, 8.5, 8.5, 9.5], "rotation": 270, "texture": "#0"},
				"west": {"uv": [6.75, 8.5, 8.5, 9.5], "rotation": 270, "texture": "#0"},
				"up": {"uv": [6.75, 8.5, 8.5, 9.5], "rotation": 270, "texture": "#0"},
				"down": {"uv": [6.75, 8.5, 8.5, 9.5], "rotation": 270, "texture": "#0"}
			}
		},
		{
			"from": [1.7191, 2.46353, 13.89184],
			"to": [3.71785, 7.42415, 16.25503],
			"rotation": {"angle": 22.5, "axis": "x", "origin": [4.52158, 10.15598, 11.20068]},
			"faces": {
				"north": {"uv": [6.75, 8.5, 8.5, 9.5], "rotation": 270, "texture": "#0"},
				"east": {"uv": [6.75, 8.5, 8.5, 9.5], "rotation": 270, "texture": "#0"},
				"south": {"uv": [6.75, 8.5, 8.5, 9.5], "rotation": 270, "texture": "#0"},
				"west": {"uv": [6.75, 8.5, 8.5, 9.5], "rotation": 270, "texture": "#0"},
				"up": {"uv": [6.75, 8.5, 8.5, 9.5], "rotation": 270, "texture": "#0"},
				"down": {"uv": [6.75, 8.5, 8.5, 9.5], "rotation": 270, "texture": "#0"}
			}
		},
		{
			"from": [2.84035, 3.56276, 5.92865],
			"to": [6.19815, 10.60595, 11.37676],
			"rotation": {"angle": -22.5, "axis": "x", "origin": [4.52158, 10.15598, 11.20068]},
			"faces": {
				"north": {"uv": [6.75, 8.5, 8.5, 9.5], "texture": "#0"},
				"east": {"uv": [6.75, 8.5, 8.5, 9.5], "texture": "#0"},
				"south": {"uv": [6.75, 8.5, 8.5, 9.5], "texture": "#0"},
				"west": {"uv": [6.75, 8.5, 8.5, 9.5], "texture": "#0"},
				"up": {"uv": [6.75, 8.5, 8.5, 9.5], "texture": "#0"},
				"down": {"uv": [6.75, 8.5, 8.5, 9.5], "texture": "#0"}
			}
		},
		{
			"from": [2.25535, 8.53707, 14.71278],
			"to": [4.79035, 11.67444, 17.07597],
			"rotation": {"angle": 45, "axis": "x", "origin": [4.52158, 10.15598, 11.20068]},
			"faces": {
				"north": {"uv": [6.75, 8.5, 8.5, 9.5], "rotation": 270, "texture": "#0"},
				"east": {"uv": [6.75, 8.5, 8.5, 9.5], "rotation": 270, "texture": "#0"},
				"south": {"uv": [6.75, 8.5, 8.5, 9.5], "rotation": 270, "texture": "#0"},
				"west": {"uv": [6.75, 8.5, 8.5, 9.5], "rotation": 270, "texture": "#0"},
				"up": {"uv": [6.75, 8.5, 8.5, 9.5], "rotation": 270, "texture": "#0"},
				"down": {"uv": [6.75, 8.5, 8.5, 9.5], "rotation": 270, "texture": "#0"}
			}
		},
		{
			"from": [3.75685, 7.04084, 8.34108],
			"to": [6.62715, 10.92895, 16.60302],
			"rotation": {"angle": 22.5, "axis": "x", "origin": [4.52158, 10.15598, 11.20068]},
			"faces": {
				"north": {"uv": [6.75, 8.5, 8.5, 9.5], "rotation": 270, "texture": "#0"},
				"east": {"uv": [6.75, 8.5, 8.5, 9.5], "rotation": 270, "texture": "#0"},
				"south": {"uv": [6.75, 8.5, 8.5, 9.5], "rotation": 270, "texture": "#0"},
				"west": {"uv": [6.75, 8.5, 8.5, 9.5], "rotation": 270, "texture": "#0"},
				"up": {"uv": [6.75, 8.5, 8.5, 9.5], "rotation": 270, "texture": "#0"},
				"down": {"uv": [6.75, 8.5, 8.5, 9.5], "rotation": 270, "texture": "#0"}
			}
		},
		{
			"from": [3.97135, 8.96173, 15.81652],
			"to": [6.62715, 12.84985, 19.0377],
			"rotation": {"angle": 45, "axis": "x", "origin": [4.52158, 10.15598, 11.20068]},
			"faces": {
				"north": {"uv": [6.75, 8.5, 8.5, 9.5], "rotation": 270, "texture": "#0"},
				"east": {"uv": [6.75, 8.5, 8.5, 9.5], "rotation": 270, "texture": "#0"},
				"south": {"uv": [6.75, 8.5, 8.5, 9.5], "rotation": 270, "texture": "#0"},
				"west": {"uv": [6.75, 8.5, 8.5, 9.5], "rotation": 270, "texture": "#0"},
				"up": {"uv": [6.75, 8.5, 8.5, 9.5], "rotation": 270, "texture": "#0"},
				"down": {"uv": [6.75, 8.5, 8.5, 9.5], "rotation": 270, "texture": "#0"}
			}
		},
		{
			"from": [3.87903, 6.32734, 1.98616],
			"to": [5.64697, 10.0478, 6.60229],
			"rotation": {"angle": 45, "axis": "x", "origin": [4.52158, 10.15598, 11.20068]},
			"faces": {
				"north": {"uv": [6.75, 8.5, 8.5, 9.5], "rotation": 270, "texture": "#0"},
				"east": {"uv": [6.75, 8.5, 8.5, 9.5], "rotation": 270, "texture": "#0"},
				"south": {"uv": [6.75, 8.5, 8.5, 9.5], "rotation": 270, "texture": "#0"},
				"west": {"uv": [6.75, 8.5, 8.5, 9.5], "rotation": 270, "texture": "#0"},
				"up": {"uv": [6.75, 8.5, 8.5, 9.5], "rotation": 270, "texture": "#0"},
				"down": {"uv": [6.75, 8.5, 8.5, 9.5], "rotation": 270, "texture": "#0"}
			}
		},
		{
			"from": [4.71386, 9.69984, 15.01264],
			"to": [5.67014, 12.67281, 16.4026],
			"rotation": {"angle": -22.5, "axis": "x", "origin": [4.52158, 10.15598, 11.20068]},
			"faces": {
				"north": {"uv": [11.75, 6.75, 13, 8.25], "rotation": 180, "texture": "#0"},
				"east": {"uv": [11.75, 6.75, 13, 8.25], "rotation": 180, "texture": "#0"},
				"south": {"uv": [11.75, 6.75, 13, 8.25], "rotation": 180, "texture": "#0"},
				"west": {"uv": [11.75, 6.75, 13, 8.25], "rotation": 180, "texture": "#0"},
				"up": {"uv": [12.25, 7.25, 12.75, 8], "texture": "#0"},
				"down": {"uv": [11.75, 6.75, 13, 8.25], "rotation": 180, "texture": "#0"}
			}
		},
		{
			"from": [4.33634, 12.60751, 14.90703],
			"to": [6.04766, 15.81643, 17.97438],
			"rotation": {"angle": 45, "axis": "x", "origin": [4.52158, 10.15598, 11.20068]},
			"faces": {
				"north": {"uv": [6.75, 8.5, 8.5, 9.5], "rotation": 270, "texture": "#0"},
				"east": {"uv": [6.75, 8.5, 8.5, 9.5], "rotation": 270, "texture": "#0"},
				"south": {"uv": [6.75, 8.5, 8.5, 9.5], "rotation": 270, "texture": "#0"},
				"west": {"uv": [6.75, 8.5, 8.5, 9.5], "rotation": 270, "texture": "#0"},
				"up": {"uv": [6.75, 8.5, 8.5, 9.5], "rotation": 270, "texture": "#0"},
				"down": {"uv": [6.75, 8.5, 8.5, 9.5], "rotation": 270, "texture": "#0"}
			}
		},
		{
			"from": [4.14758, 2.35665, 15.64399],
			"to": [6.23642, 6.17904, 19.04167],
			"rotation": {"angle": -22.5, "axis": "x", "origin": [4.52158, 10.15598, 11.20068]},
			"faces": {
				"north": {"uv": [6.75, 8.5, 8.5, 9.5], "texture": "#0"},
				"east": {"uv": [6.75, 8.5, 8.5, 9.5], "texture": "#0"},
				"south": {"uv": [6.75, 8.5, 8.5, 9.5], "texture": "#0"},
				"west": {"uv": [6.75, 8.5, 8.5, 9.5], "texture": "#0"},
				"up": {"uv": [6.75, 8.5, 8.5, 9.5], "texture": "#0"},
				"down": {"uv": [6.75, 8.5, 8.5, 9.5], "texture": "#0"}
			}
		},
		{
			"from": [4.5251, 13.07941, 12.54753],
			"to": [5.8589, 15.62767, 15.70926],
			"rotation": {"angle": 45, "axis": "x", "origin": [4.52158, 10.15598, 11.20068]},
			"faces": {
				"north": {"uv": [6.75, 8.5, 8.5, 9.5], "rotation": 270, "texture": "#0"},
				"east": {"uv": [6.75, 8.5, 8.5, 9.5], "rotation": 270, "texture": "#0"},
				"south": {"uv": [6.75, 8.5, 8.5, 9.5], "rotation": 270, "texture": "#0"},
				"west": {"uv": [6.75, 8.5, 8.5, 9.5], "rotation": 270, "texture": "#0"},
				"up": {"uv": [6.75, 8.5, 8.5, 9.5], "rotation": 270, "texture": "#0"},
				"down": {"uv": [6.75, 8.5, 8.5, 9.5], "rotation": 270, "texture": "#0"}
			}
		},
		{
			"from": [10.62862, 10.70621, -2.20732],
			"to": [11.84538, 13.37047, 2.88397],
			"rotation": {"angle": 22.5, "axis": "x", "origin": [11.47842, 10.15598, 11.20068]},
			"faces": {
				"north": {"uv": [11.5, 7.25, 13.25, 8.25], "rotation": 90, "texture": "#0"},
				"east": {"uv": [11.5, 7.25, 13.25, 8.25], "rotation": 270, "texture": "#0"},
				"south": {"uv": [11.5, 7.25, 13.25, 8.25], "rotation": 90, "texture": "#0"},
				"west": {"uv": [11.5, 7.25, 13.25, 8.25], "rotation": 90, "texture": "#0"},
				"up": {"uv": [11.5, 7.25, 13.25, 8.25], "rotation": 180, "texture": "#0"},
				"down": {"uv": [11.5, 7.25, 13.25, 8.25], "texture": "#0"}
			}
		},
		{
			"from": [10.84312, 22.42236, 6.95671],
			"to": [11.63088, 25.58315, 8.76298],
			"rotation": {"angle": -45, "axis": "x", "origin": [11.47842, 10.15598, 11.20068]},
			"faces": {
				"north": {"uv": [11.75, 7.75, 13, 8.25], "texture": "#0"},
				"east": {"uv": [11.75, 7.75, 13, 8.25], "texture": "#0"},
				"south": {"uv": [11.75, 7.75, 13, 8.25], "texture": "#0"},
				"west": {"uv": [11.75, 7.75, 13, 8.25], "texture": "#0"},
				"up": {"uv": [11.75, 7.75, 13, 8.25], "texture": "#0"},
				"down": {"uv": [11.75, 7.75, 13, 8.25], "texture": "#0"}
			}
		},
		{
			"from": [10.07744, 5.63837, 5.43103],
			"to": [12.39656, 10.32339, 9.90936],
			"rotation": {"angle": 45, "axis": "x", "origin": [11.47842, 10.15598, 11.20068]},
			"faces": {
				"north": {"uv": [6.75, 8.5, 8.5, 9.5], "rotation": 90, "texture": "#0"},
				"east": {"uv": [6.75, 8.5, 8.5, 9.5], "rotation": 90, "texture": "#0"},
				"south": {"uv": [6.75, 8.5, 8.5, 9.5], "rotation": 90, "texture": "#0"},
				"west": {"uv": [6.75, 8.5, 8.5, 9.5], "rotation": 90, "texture": "#0"},
				"up": {"uv": [6.75, 8.5, 8.5, 9.5], "rotation": 90, "texture": "#0"},
				"down": {"uv": [6.75, 8.5, 8.5, 9.5], "rotation": 90, "texture": "#0"}
			}
		},
		{
			"from": [9.80185, 3.56276, 5.92865],
			"to": [13.15965, 10.60595, 11.37676],
			"rotation": {"angle": -22.5, "axis": "x", "origin": [11.47842, 10.15598, 11.20068]},
			"faces": {
				"north": {"uv": [6.75, 8.5, 8.5, 9.5], "texture": "#0"},
				"east": {"uv": [6.75, 8.5, 8.5, 9.5], "texture": "#0"},
				"south": {"uv": [6.75, 8.5, 8.5, 9.5], "texture": "#0"},
				"west": {"uv": [6.75, 8.5, 8.5, 9.5], "texture": "#0"},
				"up": {"uv": [6.75, 8.5, 8.5, 9.5], "texture": "#0"},
				"down": {"uv": [6.75, 8.5, 8.5, 9.5], "texture": "#0"}
			}
		},
		{
			"from": [12.28215, 2.46353, 13.89184],
			"to": [14.2809, 7.42415, 16.25503],
			"rotation": {"angle": 22.5, "axis": "x", "origin": [11.47842, 10.15598, 11.20068]},
			"faces": {
				"north": {"uv": [6.75, 8.5, 8.5, 9.5], "rotation": 90, "texture": "#0"},
				"east": {"uv": [6.75, 8.5, 8.5, 9.5], "rotation": 90, "texture": "#0"},
				"south": {"uv": [6.75, 8.5, 8.5, 9.5], "rotation": 90, "texture": "#0"},
				"west": {"uv": [6.75, 8.5, 8.5, 9.5], "rotation": 90, "texture": "#0"},
				"up": {"uv": [6.75, 8.5, 8.5, 9.5], "rotation": 90, "texture": "#0"},
				"down": {"uv": [6.75, 8.5, 8.5, 9.5], "rotation": 90, "texture": "#0"}
			}
		},
		{
			"from": [11.20965, 8.53707, 14.71278],
			"to": [13.74465, 11.67444, 17.07597],
			"rotation": {"angle": 45, "axis": "x", "origin": [11.47842, 10.15598, 11.20068]},
			"faces": {
				"north": {"uv": [6.75, 8.5, 8.5, 9.5], "rotation": 90, "texture": "#0"},
				"east": {"uv": [6.75, 8.5, 8.5, 9.5], "rotation": 90, "texture": "#0"},
				"south": {"uv": [6.75, 8.5, 8.5, 9.5], "rotation": 90, "texture": "#0"},
				"west": {"uv": [6.75, 8.5, 8.5, 9.5], "rotation": 90, "texture": "#0"},
				"up": {"uv": [6.75, 8.5, 8.5, 9.5], "rotation": 90, "texture": "#0"},
				"down": {"uv": [6.75, 8.5, 8.5, 9.5], "rotation": 90, "texture": "#0"}
			}
		},
		{
			"from": [9.37285, 7.04084, 8.34108],
			"to": [12.24315, 10.92895, 16.60302],
			"rotation": {"angle": 22.5, "axis": "x", "origin": [11.47842, 10.15598, 11.20068]},
			"faces": {
				"north": {"uv": [6.75, 8.5, 8.5, 9.5], "rotation": 90, "texture": "#0"},
				"east": {"uv": [6.75, 8.5, 8.5, 9.5], "rotation": 90, "texture": "#0"},
				"south": {"uv": [6.75, 8.5, 8.5, 9.5], "rotation": 90, "texture": "#0"},
				"west": {"uv": [6.75, 8.5, 8.5, 9.5], "rotation": 90, "texture": "#0"},
				"up": {"uv": [6.75, 8.5, 8.5, 9.5], "rotation": 90, "texture": "#0"},
				"down": {"uv": [6.75, 8.5, 8.5, 9.5], "rotation": 90, "texture": "#0"}
			}
		},
		{
			"from": [9.37285, 8.96173, 15.81652],
			"to": [12.02865, 12.84985, 19.0377],
			"rotation": {"angle": 45, "axis": "x", "origin": [11.47842, 10.15598, 11.20068]},
			"faces": {
				"north": {"uv": [6.75, 8.5, 8.5, 9.5], "rotation": 90, "texture": "#0"},
				"east": {"uv": [6.75, 8.5, 8.5, 9.5], "rotation": 90, "texture": "#0"},
				"south": {"uv": [6.75, 8.5, 8.5, 9.5], "rotation": 90, "texture": "#0"},
				"west": {"uv": [6.75, 8.5, 8.5, 9.5], "rotation": 90, "texture": "#0"},
				"up": {"uv": [6.75, 8.5, 8.5, 9.5], "rotation": 90, "texture": "#0"},
				"down": {"uv": [6.75, 8.5, 8.5, 9.5], "rotation": 90, "texture": "#0"}
			}
		},
		{
			"from": [10.35303, 6.32734, 1.98616],
			"to": [12.12097, 10.0478, 6.60229],
			"rotation": {"angle": 45, "axis": "x", "origin": [11.47842, 10.15598, 11.20068]},
			"faces": {
				"north": {"uv": [6.75, 8.5, 8.5, 9.5], "rotation": 90, "texture": "#0"},
				"east": {"uv": [6.75, 8.5, 8.5, 9.5], "rotation": 90, "texture": "#0"},
				"south": {"uv": [6.75, 8.5, 8.5, 9.5], "rotation": 90, "texture": "#0"},
				"west": {"uv": [6.75, 8.5, 8.5, 9.5], "rotation": 90, "texture": "#0"},
				"up": {"uv": [6.75, 8.5, 8.5, 9.5], "rotation": 90, "texture": "#0"},
				"down": {"uv": [6.75, 8.5, 8.5, 9.5], "rotation": 90, "texture": "#0"}
			}
		},
		{
			"from": [10.32986, 9.69984, 15.01264],
			"to": [11.28614, 12.67281, 16.4026],
			"rotation": {"angle": -22.5, "axis": "x", "origin": [11.47842, 10.15598, 11.20068]},
			"faces": {
				"north": {"uv": [11.75, 6.75, 13, 8.25], "rotation": 180, "texture": "#0"},
				"east": {"uv": [11.75, 6.75, 13, 8.25], "rotation": 180, "texture": "#0"},
				"south": {"uv": [11.75, 6.75, 13, 8.25], "rotation": 180, "texture": "#0"},
				"west": {"uv": [11.75, 6.75, 13, 8.25], "rotation": 180, "texture": "#0"},
				"up": {"uv": [12.25, 7.25, 12.75, 8], "texture": "#0"},
				"down": {"uv": [11.75, 6.75, 13, 8.25], "rotation": 180, "texture": "#0"}
			}
		},
		{
			"from": [9.95234, 12.60751, 14.90703],
			"to": [11.66366, 15.81643, 17.97438],
			"rotation": {"angle": 45, "axis": "x", "origin": [11.47842, 10.15598, 11.20068]},
			"faces": {
				"north": {"uv": [6.75, 8.5, 8.5, 9.5], "rotation": 90, "texture": "#0"},
				"east": {"uv": [6.75, 8.5, 8.5, 9.5], "rotation": 90, "texture": "#0"},
				"south": {"uv": [6.75, 8.5, 8.5, 9.5], "rotation": 90, "texture": "#0"},
				"west": {"uv": [6.75, 8.5, 8.5, 9.5], "rotation": 90, "texture": "#0"},
				"up": {"uv": [6.75, 8.5, 8.5, 9.5], "rotation": 90, "texture": "#0"},
				"down": {"uv": [6.75, 8.5, 8.5, 9.5], "rotation": 90, "texture": "#0"}
			}
		},
		{
			"from": [9.76358, 2.35665, 15.64399],
			"to": [11.85242, 6.17904, 19.04167],
			"rotation": {"angle": -22.5, "axis": "x", "origin": [11.47842, 10.15598, 11.20068]},
			"faces": {
				"north": {"uv": [6.75, 8.5, 8.5, 9.5], "texture": "#0"},
				"east": {"uv": [6.75, 8.5, 8.5, 9.5], "texture": "#0"},
				"south": {"uv": [6.75, 8.5, 8.5, 9.5], "texture": "#0"},
				"west": {"uv": [6.75, 8.5, 8.5, 9.5], "texture": "#0"},
				"up": {"uv": [6.75, 8.5, 8.5, 9.5], "texture": "#0"},
				"down": {"uv": [6.75, 8.5, 8.5, 9.5], "texture": "#0"}
			}
		},
		{
			"from": [10.1411, 13.07941, 12.54753],
			"to": [11.4749, 15.62767, 15.70926],
			"rotation": {"angle": 45, "axis": "x", "origin": [11.47842, 10.15598, 11.20068]},
			"faces": {
				"north": {"uv": [6.75, 8.5, 8.5, 9.5], "rotation": 90, "texture": "#0"},
				"east": {"uv": [6.75, 8.5, 8.5, 9.5], "rotation": 90, "texture": "#0"},
				"south": {"uv": [6.75, 8.5, 8.5, 9.5], "rotation": 90, "texture": "#0"},
				"west": {"uv": [6.75, 8.5, 8.5, 9.5], "rotation": 90, "texture": "#0"},
				"up": {"uv": [6.75, 8.5, 8.5, 9.5], "rotation": 90, "texture": "#0"},
				"down": {"uv": [6.75, 8.5, 8.5, 9.5], "rotation": 90, "texture": "#0"}
			}
		},
		{
			"from": [7.24925, 9.29774, 6.5409],
			"to": [8.75075, 11.49637, 15.22815],
			"rotation": {"angle": 0, "axis": "y", "origin": [10.17717, 13.37324, 14.4774]},
			"faces": {
				"north": {"uv": [4.25, 4.5, 6, 5], "texture": "#0"},
				"east": {"uv": [4.25, 4.5, 6, 5], "texture": "#0"},
				"south": {"uv": [4.25, 4.5, 6, 5], "texture": "#0"},
				"west": {"uv": [4.25, 4.5, 6, 5], "texture": "#0"},
				"up": {"uv": [4.25, 4.5, 6, 5], "rotation": 90, "texture": "#0"},
				"down": {"uv": [4.25, 4.5, 6, 5], "texture": "#0"}
			}
		},
		{
			"from": [7.24925, 8.43974, 16.08615],
			"to": [8.75075, 10.42387, 20.37615],
			"rotation": {"angle": 0, "axis": "y", "origin": [10.17717, 12.30074, 23.2719]},
			"faces": {
				"north": {"uv": [4.25, 4.5, 6, 5], "texture": "#0"},
				"east": {"uv": [4.25, 4.5, 6, 5], "texture": "#0"},
				"south": {"uv": [4.25, 4.5, 6, 5], "texture": "#0"},
				"west": {"uv": [4.25, 4.5, 6, 5], "texture": "#0"},
				"up": {"uv": [4.25, 4.5, 6, 5], "rotation": 90, "texture": "#0"},
				"down": {"uv": [4.25, 4.5, 6, 5], "texture": "#0"}
			}
		},
		{
			"from": [7.24925, 7.79624, 21.3414],
			"to": [8.75075, 9.78037, 25.09515],
			"rotation": {"angle": 0, "axis": "y", "origin": [10.17717, 11.65724, 27.9909]},
			"faces": {
				"north": {"uv": [4.25, 4.5, 6, 5], "texture": "#0"},
				"east": {"uv": [4.25, 4.5, 6, 5], "texture": "#0"},
				"south": {"uv": [4.25, 4.5, 6, 5], "texture": "#0"},
				"west": {"uv": [4.25, 4.5, 6, 5], "texture": "#0"},
				"up": {"uv": [4.25, 4.5, 6, 5], "rotation": 90, "texture": "#0"},
				"down": {"uv": [4.25, 4.5, 6, 5], "texture": "#0"}
			}
		}
	],
	"display": {
		"head": {
			"translation": [0, 11.5, -32.25],
			"scale": [4, 4, 4]
		}
	},
	"groups": [
		{
			"name": "root",
			"origin": [8, 8, 8],
			"children": [
				{
					"name": "body",
					"origin": [8, 8, 8],
					"children": [
						{
							"name": "1",
							"origin": [8, 8, 8],
							"children": [0, 1, 2, 3, 4, 5, 6,
								{
									"name": "group",
									"origin": [6.312, 10.11373, -1.63561],
									"children": [7, 8, 9, 10, 11, 12, 13, 14, 15,
										{
											"name": "group",
											"origin": [6.312, 10.11373, -1.63561],
											"children": [16, 17, 18, 19]
										}
									]
								},
								{
									"name": "group",
									"origin": [6.312, 10.11373, -1.63561],
									"children": [20, 21, 22, 23, 24, 25, 26, 27, 28,
										{
											"name": "group",
											"origin": [6.312, 10.11373, -1.63561],
											"children": [29, 30, 31, 32]
										}
									]
								}, 33, 34, 35]
						}
					]
				}
			]
		}
	]
}