{
	"credit": "Made with Blockbench",
	"texture_size": [32, 32],
	"textures": {
		"0": "dyno/head",
		"particle": "dyno/head"
	},
	"elements": [
		{
			"from": [4.24625, 1.03949, -1.28835],
			"to": [11.75375, 6.45562, 2.14365],
			"rotation": {"angle": 0, "axis": "y", "origin": [10.17717, 5.97299, 5.36115]},
			"faces": {
				"north": {"uv": [11.5, 5.25, 13.25, 5.5], "rotation": 90, "texture": "#0"},
				"east": {"uv": [11.5, 5, 13.25, 5.75], "rotation": 270, "texture": "#0"},
				"south": {"uv": [11.5, 5, 13.25, 5.75], "rotation": 90, "texture": "#0"},
				"west": {"uv": [11.5, 5, 13.25, 5.75], "rotation": 90, "texture": "#0"},
				"up": {"uv": [11.5, 5, 13.25, 5.75], "rotation": 90, "texture": "#0"},
				"down": {"uv": [11.5, 5, 13.25, 5.75], "rotation": 270, "texture": "#0"}
			}
		},
		{
			"from": [4.67525, -0.28651, -1.28835],
			"to": [11.32475, 1.09312, 2.6799],
			"rotation": {"angle": 0, "axis": "y", "origin": [10.17717, 0.61049, 5.36115]},
			"faces": {
				"north": {"uv": [16, 0, 13.25, 1.5], "texture": "#0"},
				"east": {"uv": [16, 0, 13.25, 1.5], "texture": "#0"},
				"south": {"uv": [16, 0, 13.25, 1.5], "texture": "#0"},
				"west": {"uv": [16, 0, 13.25, 1.5], "texture": "#0"},
				"up": {"uv": [16, 0, 13.25, 1.5], "texture": "#0"},
				"down": {"uv": [16, 0, 13.25, 1.5], "texture": "#0"}
			}
		},
		{
			"from": [4.46075, -1.44676, 2.6799],
			"to": [11.53925, 0.39599, 6.5409],
			"rotation": {"angle": 0, "axis": "y", "origin": [10.17717, -0.03301, 9.3294]},
			"faces": {
				"north": {"uv": [16, 0, 13.25, 1.5], "texture": "#0"},
				"east": {"uv": [16, 0, 13.25, 1.5], "texture": "#0"},
				"south": {"uv": [16, 0, 13.25, 1.5], "texture": "#0"},
				"west": {"uv": [16, 0, 13.25, 1.5], "texture": "#0"},
				"up": {"uv": [16, 0, 13.25, 1.5], "texture": "#0"},
				"down": {"uv": [16, 0, 13.25, 1.5], "texture": "#0"}
			}
		},
		{
			"from": [4.03175, 0.39599, 1.3929],
			"to": [11.96825, 8.17162, 6.5409],
			"rotation": {"angle": 0, "axis": "y", "origin": [10.17717, 7.68899, 8.0424]},
			"faces": {
				"north": {"uv": [11.5, 1.5, 13.25, 3], "texture": "#0"},
				"east": {"uv": [11.5, 1.5, 13.25, 3], "texture": "#0"},
				"south": {"uv": [11.5, 1.5, 13.25, 3], "texture": "#0"},
				"west": {"uv": [11.5, 1.5, 13.25, 3], "texture": "#0"},
				"up": {"uv": [11.5, 1.5, 13.25, 2.75], "rotation": 90, "texture": "#0"},
				"down": {"uv": [11.5, 1.5, 13.25, 3], "texture": "#0"}
			}
		},
		{
			"from": [2.95925, 2.00474, 0.85665],
			"to": [13.04075, 6.56287, 6.5409],
			"rotation": {"angle": 0, "axis": "y", "origin": [10.17717, 7.68899, 8.0424]},
			"faces": {
				"north": {"uv": [7.25, 8.25, 8.5, 9.25], "texture": "#0"},
				"east": {"uv": [7.25, 8.25, 8.5, 9.25], "texture": "#0"},
				"south": {"uv": [7.25, 8.25, 8.5, 9.25], "texture": "#0"},
				"west": {"uv": [7.25, 8.25, 8.5, 9.25], "texture": "#0"},
				"up": {"uv": [7.25, 8.25, 8.5, 9.25], "texture": "#0"},
				"down": {"uv": [7.25, 8.25, 8.5, 9.25], "texture": "#0"}
			}
		},
		{
			"from": [3.38825, 3.07724, -0.7521],
			"to": [12.61175, 5.49037, 1.71465],
			"rotation": {"angle": 0, "axis": "y", "origin": [10.17717, 7.68899, 8.0424]},
			"faces": {
				"north": {"uv": [7.25, 8.5, 8.5, 9.5], "texture": "#0"},
				"east": {"uv": [7.25, 8.5, 8.5, 9.5], "texture": "#0"},
				"south": {"uv": [7.25, 8.5, 8.5, 9.5], "texture": "#0"},
				"west": {"uv": [7.25, 8.5, 8.5, 9.5], "texture": "#0"},
				"up": {"uv": [7.25, 8.5, 8.5, 9.5], "texture": "#0"},
				"down": {"uv": [7.25, 8.5, 8.5, 9.5], "texture": "#0"}
			}
		},
		{
			"from": [5.10425, 6.40199, -1.28835],
			"to": [10.89575, 7.95712, 3.85965],
			"rotation": {"angle": 0, "axis": "y", "origin": [10.17717, 8.11799, 5.36115]},
			"faces": {
				"north": {"uv": [11.5, 1.5, 12, 2.75], "rotation": 90, "texture": "#0"},
				"east": {"uv": [11.5, 2.25, 13.25, 2.75], "texture": "#0"},
				"south": {"uv": [11.5, 3, 13.25, 4.5], "texture": "#0"},
				"west": {"uv": [11.5, 2.25, 13.25, 2.75], "texture": "#0"},
				"up": {"uv": [11.5, 1.5, 13.25, 2.75], "rotation": 90, "texture": "#0"},
				"down": {"uv": [11.5, 3, 13.25, 4.5], "texture": "#0"}
			}
		},
		{
			"from": [6.31617, 7.0399, -2.06501],
			"to": [7.51932, 9.11363, 0.07785],
			"rotation": {"angle": -22.5, "axis": "x", "origin": [5.05062, 8.18479, 0.54605]},
			"faces": {
				"north": {"uv": [6.75, 8.5, 8.5, 9.5], "texture": "#0"},
				"east": {"uv": [6.75, 8.5, 8.5, 9.5], "texture": "#0"},
				"south": {"uv": [6.75, 8.5, 8.5, 9.5], "texture": "#0"},
				"west": {"uv": [6.75, 8.5, 8.5, 9.5], "texture": "#0"},
				"up": {"uv": [6.75, 8.5, 8.5, 9.5], "texture": "#0"},
				"down": {"uv": [6.75, 8.5, 8.5, 9.5], "texture": "#0"}
			}
		},
		{
			"from": [6.4749, 8.30621, -1.94468],
			"to": [7.3606, 10.22121, -0.80998],
			"rotation": {"angle": 0, "axis": "y", "origin": [5.05062, 8.18479, 0.54605]},
			"faces": {
				"north": {"uv": [6.75, 8.5, 8.5, 9.5], "texture": "#0"},
				"east": {"uv": [6.75, 8.5, 8.5, 9.5], "texture": "#0"},
				"south": {"uv": [6.75, 8.5, 8.5, 9.5], "texture": "#0"},
				"west": {"uv": [6.75, 8.5, 8.5, 9.5], "texture": "#0"},
				"up": {"uv": [6.75, 8.5, 8.5, 9.5], "texture": "#0"},
				"down": {"uv": [6.75, 8.5, 8.5, 9.5], "texture": "#0"}
			}
		},
		{
			"from": [3.74218, 4.87353, 0.41878],
			"to": [4.94533, 7.01638, 3.0775],
			"rotation": {"angle": 45, "axis": "x", "origin": [5.05062, 8.18479, 0.54605]},
			"faces": {
				"north": {"uv": [6.75, 8.5, 8.5, 9.5], "rotation": 270, "texture": "#0"},
				"east": {"uv": [6.75, 8.5, 8.5, 9.5], "rotation": 270, "texture": "#0"},
				"south": {"uv": [6.75, 8.5, 8.5, 9.5], "rotation": 270, "texture": "#0"},
				"west": {"uv": [6.75, 8.5, 8.5, 9.5], "rotation": 270, "texture": "#0"},
				"up": {"uv": [6.75, 8.5, 8.5, 9.5], "rotation": 270, "texture": "#0"},
				"down": {"uv": [6.75, 8.5, 8.5, 9.5], "rotation": 270, "texture": "#0"}
			}
		},
		{
			"from": [3.90091, 6.75724, -2.06096],
			"to": [4.7866, 9.25724, -0.92626],
			"rotation": {"angle": -22.5, "axis": "x", "origin": [5.05062, 8.18479, 0.54605]},
			"faces": {
				"north": {"uv": [6.75, 8.5, 8.5, 9.5], "texture": "#0"},
				"east": {"uv": [6.75, 8.5, 8.5, 9.5], "texture": "#0"},
				"south": {"uv": [6.75, 8.5, 8.5, 9.5], "texture": "#0"},
				"west": {"uv": [6.75, 8.5, 8.5, 9.5], "texture": "#0"},
				"up": {"uv": [6.75, 8.5, 8.5, 9.5], "texture": "#0"},
				"down": {"uv": [6.75, 8.5, 8.5, 9.5], "texture": "#0"}
			}
		},
		{
			"from": [4.28486, 8.10351, -3.65614],
			"to": [5.04614, 9.70797, -0.68317],
			"rotation": {"angle": 45, "axis": "x", "origin": [5.05062, 8.18479, 0.54605]},
			"faces": {
				"north": {"uv": [11.75, 7.75, 13, 8.25], "rotation": 270, "texture": "#0"},
				"east": {"uv": [11.75, 7.75, 13, 8.25], "rotation": 270, "texture": "#0"},
				"south": {"uv": [11.75, 7.75, 13, 8.25], "rotation": 270, "texture": "#0"},
				"west": {"uv": [11.75, 7.75, 13, 8.25], "rotation": 270, "texture": "#0"},
				"up": {"uv": [11.75, 7.75, 13, 8.25], "rotation": 270, "texture": "#0"},
				"down": {"uv": [11.75, 7.75, 13, 8.25], "rotation": 270, "texture": "#0"}
			}
		},
		{
			"from": [3.90734, 7.68438, 1.20545],
			"to": [5.42366, 10.8933, 4.2728],
			"rotation": {"angle": 22.5, "axis": "x", "origin": [5.05062, 8.18479, 0.54605]},
			"faces": {
				"north": {"uv": [6.75, 8.5, 8.5, 9.5], "rotation": 270, "texture": "#0"},
				"east": {"uv": [6.75, 8.5, 8.5, 9.5], "rotation": 270, "texture": "#0"},
				"south": {"uv": [6.75, 8.5, 8.5, 9.5], "rotation": 270, "texture": "#0"},
				"west": {"uv": [6.75, 8.5, 8.5, 9.5], "rotation": 270, "texture": "#0"},
				"up": {"uv": [6.75, 8.5, 8.5, 9.5], "rotation": 270, "texture": "#0"},
				"down": {"uv": [6.75, 8.5, 8.5, 9.5], "rotation": 270, "texture": "#0"}
			}
		},
		{
			"from": [3.71858, 2.07083, 1.09612],
			"to": [5.61242, 5.89322, 4.4938],
			"rotation": {"angle": -45, "axis": "x", "origin": [5.05062, 8.18479, 0.54605]},
			"faces": {
				"north": {"uv": [6.75, 8.5, 8.5, 9.5], "texture": "#0"},
				"east": {"uv": [6.75, 8.5, 8.5, 9.5], "texture": "#0"},
				"south": {"uv": [6.75, 8.5, 8.5, 9.5], "texture": "#0"},
				"west": {"uv": [6.75, 8.5, 8.5, 9.5], "texture": "#0"},
				"up": {"uv": [6.75, 8.5, 8.5, 9.5], "texture": "#0"},
				"down": {"uv": [6.75, 8.5, 8.5, 9.5], "texture": "#0"}
			}
		},
		{
			"from": [4.0961, 8.15628, -1.15405],
			"to": [5.2349, 10.70454, 2.00768],
			"rotation": {"angle": 22.5, "axis": "x", "origin": [5.05062, 8.18479, 0.54605]},
			"faces": {
				"north": {"uv": [11.5, 7.25, 13.25, 8.25], "rotation": 90, "texture": "#0"},
				"east": {"uv": [11.5, 7.25, 13.25, 8.25], "rotation": 270, "texture": "#0"},
				"south": {"uv": [11.5, 7.25, 13.25, 8.25], "rotation": 90, "texture": "#0"},
				"west": {"uv": [11.5, 7.25, 13.25, 8.25], "rotation": 90, "texture": "#0"},
				"up": {"uv": [11.5, 7.25, 13.25, 8.25], "rotation": 180, "texture": "#0"},
				"down": {"uv": [11.5, 7.25, 13.25, 8.25], "texture": "#0"}
			}
		},
		{
			"from": [8.48068, 7.0399, -2.06501],
			"to": [9.68383, 9.11363, 0.07785],
			"rotation": {"angle": -22.5, "axis": "x", "origin": [10.94938, 8.18479, 0.54605]},
			"faces": {
				"north": {"uv": [6.75, 8.5, 8.5, 9.5], "texture": "#0"},
				"east": {"uv": [6.75, 8.5, 8.5, 9.5], "texture": "#0"},
				"south": {"uv": [6.75, 8.5, 8.5, 9.5], "texture": "#0"},
				"west": {"uv": [6.75, 8.5, 8.5, 9.5], "texture": "#0"},
				"up": {"uv": [6.75, 8.5, 8.5, 9.5], "texture": "#0"},
				"down": {"uv": [6.75, 8.5, 8.5, 9.5], "texture": "#0"}
			}
		},
		{
			"from": [8.6394, 8.30621, -1.94468],
			"to": [9.5251, 10.22121, -0.80998],
			"rotation": {"angle": 0, "axis": "y", "origin": [10.94938, 8.18479, 0.54605]},
			"faces": {
				"north": {"uv": [6.75, 8.5, 8.5, 9.5], "texture": "#0"},
				"east": {"uv": [6.75, 8.5, 8.5, 9.5], "texture": "#0"},
				"south": {"uv": [6.75, 8.5, 8.5, 9.5], "texture": "#0"},
				"west": {"uv": [6.75, 8.5, 8.5, 9.5], "texture": "#0"},
				"up": {"uv": [6.75, 8.5, 8.5, 9.5], "texture": "#0"},
				"down": {"uv": [6.75, 8.5, 8.5, 9.5], "texture": "#0"}
			}
		},
		{
			"from": [11.05468, 4.87353, 0.41878],
			"to": [12.25782, 7.01638, 3.0775],
			"rotation": {"angle": 45, "axis": "x", "origin": [10.94938, 8.18479, 0.54605]},
			"faces": {
				"north": {"uv": [6.75, 8.5, 8.5, 9.5], "rotation": 90, "texture": "#0"},
				"east": {"uv": [6.75, 8.5, 8.5, 9.5], "rotation": 90, "texture": "#0"},
				"south": {"uv": [6.75, 8.5, 8.5, 9.5], "rotation": 90, "texture": "#0"},
				"west": {"uv": [6.75, 8.5, 8.5, 9.5], "rotation": 90, "texture": "#0"},
				"up": {"uv": [6.75, 8.5, 8.5, 9.5], "rotation": 90, "texture": "#0"},
				"down": {"uv": [6.75, 8.5, 8.5, 9.5], "rotation": 90, "texture": "#0"}
			}
		},
		{
			"from": [11.21341, 6.75724, -2.06096],
			"to": [12.0991, 9.25724, -0.92626],
			"rotation": {"angle": -22.5, "axis": "x", "origin": [10.94938, 8.18479, 0.54605]},
			"faces": {
				"north": {"uv": [6.75, 8.5, 8.5, 9.5], "texture": "#0"},
				"east": {"uv": [6.75, 8.5, 8.5, 9.5], "texture": "#0"},
				"south": {"uv": [6.75, 8.5, 8.5, 9.5], "texture": "#0"},
				"west": {"uv": [6.75, 8.5, 8.5, 9.5], "texture": "#0"},
				"up": {"uv": [6.75, 8.5, 8.5, 9.5], "texture": "#0"},
				"down": {"uv": [6.75, 8.5, 8.5, 9.5], "texture": "#0"}
			}
		},
		{
			"from": [10.95386, 8.10351, -3.65614],
			"to": [11.71514, 9.70797, -0.68317],
			"rotation": {"angle": 45, "axis": "x", "origin": [10.94938, 8.18479, 0.54605]},
			"faces": {
				"north": {"uv": [11.75, 7.75, 13, 8.25], "rotation": 90, "texture": "#0"},
				"east": {"uv": [11.75, 7.75, 13, 8.25], "rotation": 90, "texture": "#0"},
				"south": {"uv": [11.75, 7.75, 13, 8.25], "rotation": 90, "texture": "#0"},
				"west": {"uv": [11.75, 7.75, 13, 8.25], "rotation": 90, "texture": "#0"},
				"up": {"uv": [11.75, 7.75, 13, 8.25], "rotation": 90, "texture": "#0"},
				"down": {"uv": [11.75, 7.75, 13, 8.25], "rotation": 90, "texture": "#0"}
			}
		},
		{
			"from": [10.57634, 7.68438, 1.20545],
			"to": [12.09266, 10.8933, 4.2728],
			"rotation": {"angle": 22.5, "axis": "x", "origin": [10.94938, 8.18479, 0.54605]},
			"faces": {
				"north": {"uv": [6.75, 8.5, 8.5, 9.5], "rotation": 90, "texture": "#0"},
				"east": {"uv": [6.75, 8.5, 8.5, 9.5], "rotation": 90, "texture": "#0"},
				"south": {"uv": [6.75, 8.5, 8.5, 9.5], "rotation": 90, "texture": "#0"},
				"west": {"uv": [6.75, 8.5, 8.5, 9.5], "rotation": 90, "texture": "#0"},
				"up": {"uv": [6.75, 8.5, 8.5, 9.5], "rotation": 90, "texture": "#0"},
				"down": {"uv": [6.75, 8.5, 8.5, 9.5], "rotation": 90, "texture": "#0"}
			}
		},
		{
			"from": [10.38758, 2.07083, 1.09612],
			"to": [12.28142, 5.89322, 4.4938],
			"rotation": {"angle": -45, "axis": "x", "origin": [10.94938, 8.18479, 0.54605]},
			"faces": {
				"north": {"uv": [6.75, 8.5, 8.5, 9.5], "texture": "#0"},
				"east": {"uv": [6.75, 8.5, 8.5, 9.5], "texture": "#0"},
				"south": {"uv": [6.75, 8.5, 8.5, 9.5], "texture": "#0"},
				"west": {"uv": [6.75, 8.5, 8.5, 9.5], "texture": "#0"},
				"up": {"uv": [6.75, 8.5, 8.5, 9.5], "texture": "#0"},
				"down": {"uv": [6.75, 8.5, 8.5, 9.5], "texture": "#0"}
			}
		},
		{
			"from": [10.7651, 8.15628, -1.15405],
			"to": [11.9039, 10.70454, 2.00768],
			"rotation": {"angle": 22.5, "axis": "x", "origin": [10.94938, 8.18479, 0.54605]},
			"faces": {
				"north": {"uv": [11.5, 7.25, 13.25, 8.25], "rotation": 90, "texture": "#0"},
				"east": {"uv": [11.5, 7.25, 13.25, 8.25], "rotation": 270, "texture": "#0"},
				"south": {"uv": [11.5, 7.25, 13.25, 8.25], "rotation": 90, "texture": "#0"},
				"west": {"uv": [11.5, 7.25, 13.25, 8.25], "rotation": 90, "texture": "#0"},
				"up": {"uv": [11.5, 7.25, 13.25, 8.25], "rotation": 180, "texture": "#0"},
				"down": {"uv": [11.5, 7.25, 13.25, 8.25], "texture": "#0"}
			}
		},
		{
			"from": [7.24925, 7.36724, -0.1086],
			"to": [8.75075, 9.78037, 5.4684],
			"rotation": {"angle": 0, "axis": "y", "origin": [10.17718, 9.29774, 8.0424]},
			"faces": {
				"north": {"uv": [4.25, 4.5, 6, 5], "texture": "#0"},
				"east": {"uv": [4.25, 4.5, 6, 5], "texture": "#0"},
				"south": {"uv": [4.25, 4.5, 6, 5], "texture": "#0"},
				"west": {"uv": [4.25, 4.5, 6, 5], "texture": "#0"},
				"up": {"uv": [4.25, 4.5, 6, 5], "rotation": 90, "texture": "#0"},
				"down": {"uv": [4.25, 4.5, 6, 5], "texture": "#0"}
			}
		},
		{
			"from": [1.69175, 0.46668, 1.41971],
			"to": [14.30825, 4.20093, 4.51534],
			"rotation": {"angle": 22.5, "axis": "x", "origin": [8, 4.2838, 3.69877]},
			"faces": {
				"north": {"uv": [7.25, 8.5, 8.5, 9.5], "rotation": 180, "texture": "#0"},
				"east": {"uv": [7.25, 8.5, 8.5, 9.5], "rotation": 180, "texture": "#0"},
				"south": {"uv": [7.25, 8.5, 8.5, 9.5], "rotation": 180, "texture": "#0"},
				"west": {"uv": [7.25, 8.5, 8.5, 9.5], "rotation": 180, "texture": "#0"},
				"up": {"uv": [7.25, 8.5, 8.5, 9.5], "rotation": 180, "texture": "#0"},
				"down": {"uv": [7.25, 8.5, 8.5, 9.5], "rotation": 180, "texture": "#0"}
			}
		},
		{
			"from": [2.47175, 3.42995, 2.67914],
			"to": [13.52825, 6.9692, 5.18977],
			"rotation": {"angle": 45, "axis": "x", "origin": [8, 5.29708, 4.03195]},
			"faces": {
				"north": {"uv": [7.25, 8.5, 8.5, 9.5], "rotation": 180, "texture": "#0"},
				"east": {"uv": [7.25, 8.5, 8.5, 9.5], "rotation": 180, "texture": "#0"},
				"south": {"uv": [7.25, 8.5, 8.5, 9.5], "rotation": 180, "texture": "#0"},
				"west": {"uv": [7.25, 8.5, 8.5, 9.5], "rotation": 180, "texture": "#0"},
				"up": {"uv": [7.25, 8.5, 8.5, 9.5], "rotation": 180, "texture": "#0"},
				"down": {"uv": [7.25, 8.5, 8.5, 9.5], "rotation": 180, "texture": "#0"}
			}
		}
	],
	"display": {
		"head": {
			"translation": [0, 9.5, 13.5],
			"scale": [4, 4, 4]
		}
	},
	"groups": [
		{
			"name": "root",
			"origin": [8, 8, 8],
			"children": [
				{
					"name": "body",
					"origin": [8, 8, 8],
					"children": [
						{
							"name": "0",
							"origin": [8, 8, 8],
							"children": [0, 1, 2, 3, 4, 5, 6,
								{
									"name": "kazari",
									"origin": [8, 8, 8],
									"children": [
										{
											"name": "group",
											"origin": [6.3, 9.61571, -3.84117],
											"children": [7, 8]
										},
										{
											"name": "group",
											"origin": [6.3, 9.61571, -3.84117],
											"children": [9, 10]
										},
										{
											"name": "group",
											"origin": [6.312, 10.11373, -1.63561],
											"children": [11, 12, 13, 14]
										}
									]
								},
								{
									"name": "kazari",
									"origin": [8, 8, 8],
									"children": [
										{
											"name": "group",
											"origin": [6.3, 9.61571, -3.84117],
											"children": [15, 16]
										},
										{
											"name": "group",
											"origin": [6.3, 9.61571, -3.84117],
											"children": [17, 18]
										},
										{
											"name": "group",
											"origin": [6.312, 10.11373, -1.63561],
											"children": [19, 20, 21, 22]
										}
									]
								}, 23, 24, 25]
						}
					]
				}
			]
		}
	]
}