{
	"credit": "Made with Blockbench",
	"texture_size": [32, 32],
	"textures": {
		"0": "dyno/head",
		"particle": "dyno/head"
	},
	"elements": [
		{
			"from": [6.92678, 10.27443, 7.37472],
			"to": [9.07178, 10.66443, 12.73722],
			"rotation": {"angle": 0, "axis": "y", "origin": [7.99685, 9.56268, 7.83007]},
			"faces": {
				"north": {"uv": [1.5, 4.5, 2, 5], "texture": "#0"},
				"east": {"uv": [3.5, 0, 5, 0.5], "texture": "#0"},
				"south": {"uv": [0.5, 7.5, 1, 8], "texture": "#0"},
				"west": {"uv": [3.5, 0.5, 5, 1], "texture": "#0"},
				"up": {"uv": [13.25, 2.75, 11.5, 1.5], "rotation": 90, "texture": "#0"},
				"down": {"uv": [3, 3.5, 2.5, 5], "texture": "#0"}
			}
		},
		{
			"from": [5.90303, 9.29943, 6.39972],
			"to": [10.09553, 10.27443, 12.73722],
			"rotation": {"angle": 0, "axis": "y", "origin": [7.99685, 9.56268, 7.83007]},
			"faces": {
				"north": {"uv": [0, 4, 1, 4.5], "texture": "#0"},
				"east": {"uv": [3.5, 1, 5, 1.5], "texture": "#0"},
				"south": {"uv": [4.5, 4, 5.5, 4.5], "texture": "#0"},
				"west": {"uv": [3.5, 1.5, 5, 2], "texture": "#0"},
				"up": {"uv": [1, 1.5, 0, 0], "texture": "#0"},
				"down": {"uv": [2, 1, 1, 2.5], "texture": "#0"}
			}
		},
		{
			"from": [7.51178, 9.58026, 8.25995],
			"to": [8.48678, 10.55526, 10.20995],
			"rotation": {"angle": -22.5, "axis": "x", "origin": [7.99685, 9.56268, 7.83007]},
			"faces": {
				"north": {"uv": [1, 7.5, 1.5, 8], "texture": "#0"},
				"east": {"uv": [1.5, 7.5, 2, 8], "texture": "#0"},
				"south": {"uv": [2, 7.5, 2.5, 8], "texture": "#0"},
				"west": {"uv": [2.5, 7.5, 3, 8], "texture": "#0"},
				"up": {"uv": [3.5, 8, 3, 7.5], "texture": "#0"},
				"down": {"uv": [4, 7.5, 3.5, 8], "texture": "#0"}
			}
		},
		{
			"from": [7.51178, 8.61016, 10.60198],
			"to": [8.48678, 9.58516, 12.55198],
			"rotation": {"angle": -22.5, "axis": "x", "origin": [7.99685, 9.56268, 7.83007]},
			"faces": {
				"north": {"uv": [4, 7.5, 4.5, 8], "texture": "#0"},
				"east": {"uv": [4.5, 7.5, 5, 8], "texture": "#0"},
				"south": {"uv": [5, 7.5, 5.5, 8], "texture": "#0"},
				"west": {"uv": [5.5, 7.5, 6, 8], "texture": "#0"},
				"up": {"uv": [6.5, 8, 6, 7.5], "texture": "#0"},
				"down": {"uv": [7, 7.5, 6.5, 8], "texture": "#0"}
			}
		},
		{
			"from": [6.24428, 6.86193, 4.93722],
			"to": [9.75428, 9.68943, 6.39972],
			"rotation": {"angle": 0, "axis": "y", "origin": [7.99685, 9.56268, 7.83007]},
			"faces": {
				"north": {"uv": [0, 5, 1, 5.5], "texture": "#0"},
				"east": {"uv": [10.5, 8, 10, 9.25], "texture": "#0"},
				"south": {"uv": [1, 5, 2, 5.5], "texture": "#0"},
				"west": {"uv": [10, 8, 10.5, 9.25], "texture": "#0"},
				"up": {"uv": [3, 5.5, 2, 5], "texture": "#0"},
				"down": {"uv": [4, 5, 3, 5.5], "texture": "#0"}
			}
		},
		{
			"from": [5.75678, 6.86193, 6.39972],
			"to": [10.24178, 9.29943, 12.73722],
			"rotation": {"angle": 0, "axis": "y", "origin": [7.99685, 9.56268, 7.83007]},
			"faces": {
				"north": {"uv": [4, 5, 5, 5.5], "texture": "#0"},
				"east": {"uv": [3, 4, 4.5, 4.5], "texture": "#0"},
				"south": {"uv": [5, 5, 6, 5.5], "texture": "#0"},
				"west": {"uv": [4, 2, 5.5, 2.5], "texture": "#0"},
				"up": {"uv": [1, 3, 0, 1.5], "texture": "#0"},
				"down": {"uv": [3, 2, 2, 3.5], "texture": "#0"}
			}
		},
		{
			"from": [5.75678, 4.91193, 9.32472],
			"to": [10.24178, 6.86193, 12.73722],
			"rotation": {"angle": 0, "axis": "y", "origin": [7.99685, 9.56268, 7.83007]},
			"faces": {
				"north": {"uv": [5, 0, 6, 0.5], "texture": "#0"},
				"east": {"uv": [5, 0.5, 6, 1], "texture": "#0"},
				"south": {"uv": [5, 1, 6, 1.5], "texture": "#0"},
				"west": {"uv": [5, 1.5, 6, 2], "texture": "#0"},
				"up": {"uv": [2, 3.5, 1, 2.5], "texture": "#0"},
				"down": {"uv": [3.5, 0, 2.5, 1], "texture": "#0"}
			}
		},
		{
			"from": [5.95178, 5.88693, 10.88472],
			"to": [10.24178, 8.90943, 12.15222],
			"rotation": {"angle": 0, "axis": "y", "origin": [7.99685, 9.56268, 7.83007]},
			"faces": {
				"north": {"uv": [0, 3, 1, 4], "texture": "#0"},
				"east": {"uv": [0, 5.5, 0.5, 6.5], "texture": "#0"},
				"south": {"uv": [3, 3, 4, 4], "texture": "#0"},
				"west": {"uv": [0.5, 5.5, 1, 6.5], "texture": "#0"},
				"up": {"uv": [2, 6, 1, 5.5], "texture": "#0"},
				"down": {"uv": [3, 5.5, 2, 6], "texture": "#0"}
			}
		},
		{
			"from": [7.02428, 6.86193, 2.98722],
			"to": [8.97428, 9.49443, 4.93722],
			"rotation": {"angle": 0, "axis": "y", "origin": [7.99685, 9.56268, 7.83007]},
			"faces": {
				"north": {"uv": [7.5, 2, 8, 2.5], "texture": "#0"},
				"east": {"uv": [7.5, 2.5, 8, 3], "texture": "#0"},
				"south": {"uv": [7.5, 3, 8, 3.5], "texture": "#0"},
				"west": {"uv": [7.5, 3.5, 8, 4], "texture": "#0"},
				"up": {"uv": [8, 4.5, 7.5, 4], "texture": "#0"},
				"down": {"uv": [8, 6, 7.5, 6.5], "texture": "#0"}
			}
		},
		{
			"from": [7.21928, 4.89184, 3.41302],
			"to": [8.77928, 7.62184, 4.53427],
			"rotation": {"angle": 22.5, "axis": "x", "origin": [7.99685, 9.56268, 7.83007]},
			"faces": {
				"north": {"uv": [7.5, 6.5, 8, 7], "texture": "#0"},
				"east": {"uv": [0.5, 8, 1, 8.5], "texture": "#0"},
				"south": {"uv": [1, 8, 1.5, 8.5], "texture": "#0"},
				"west": {"uv": [1.5, 8, 2, 8.5], "texture": "#0"},
				"up": {"uv": [2.5, 8.5, 2, 8], "texture": "#0"},
				"down": {"uv": [3, 8, 2.5, 8.5], "texture": "#0"}
			}
		},
		{
			"from": [6.43928, 5.28682, 4.7676],
			"to": [7.12178, 7.38307, 6.1326],
			"rotation": {"angle": 22.5, "axis": "x", "origin": [7.99685, 9.56268, 7.83007]},
			"faces": {
				"north": {"uv": [3, 8, 3.5, 8.5], "texture": "#0"},
				"east": {"uv": [3.5, 8, 4, 8.5], "texture": "#0"},
				"south": {"uv": [4, 8, 4.5, 8.5], "texture": "#0"},
				"west": {"uv": [4.5, 8, 5, 8.5], "texture": "#0"},
				"up": {"uv": [5.5, 8.5, 5, 8], "texture": "#0"},
				"down": {"uv": [6, 8, 5.5, 8.5], "texture": "#0"}
			}
		},
		{
			"from": [8.87678, 5.28682, 4.7676],
			"to": [9.55928, 7.38307, 6.1326],
			"rotation": {"angle": 22.5, "axis": "x", "origin": [7.99685, 9.56268, 7.83007]},
			"faces": {
				"north": {"uv": [6, 8, 6.5, 8.5], "texture": "#0"},
				"east": {"uv": [6.5, 8, 7, 8.5], "texture": "#0"},
				"south": {"uv": [7, 8, 7.5, 8.5], "texture": "#0"},
				"west": {"uv": [7.5, 8, 8, 8.5], "texture": "#0"},
				"up": {"uv": [8.5, 8.5, 8, 8], "texture": "#0"},
				"down": {"uv": [8.5, 0, 8, 0.5], "texture": "#0"}
			}
		},
		{
			"from": [5.24491, 8.03193, 6.69222],
			"to": [10.75366, 8.90943, 10.88472],
			"rotation": {"angle": 0, "axis": "y", "origin": [8.02122, 9.56268, 7.83007]},
			"faces": {
				"north": {"uv": [4, 2.5, 5.5, 3], "texture": "#0"},
				"east": {"uv": [3, 5.5, 4, 6], "texture": "#0"},
				"south": {"uv": [4, 3, 5.5, 3.5], "texture": "#0"},
				"west": {"uv": [4, 5.5, 5, 6], "texture": "#0"},
				"up": {"uv": [2.5, 1, 1, 0], "texture": "#0"},
				"down": {"uv": [3.5, 1, 2, 2], "texture": "#0"}
			}
		},
		{
			"from": [5.85428, 7.83693, 4.15722],
			"to": [10.04678, 8.71443, 6.88722],
			"rotation": {"angle": 0, "axis": "y", "origin": [7.99685, 9.56268, 7.83007]},
			"faces": {
				"north": {"uv": [5, 5.5, 6, 6], "texture": "#0"},
				"east": {"uv": [8, 0.5, 8.5, 1], "texture": "#0"},
				"south": {"uv": [5.5, 2, 6.5, 2.5], "texture": "#0"},
				"west": {"uv": [8, 1, 8.5, 1.5], "texture": "#0"},
				"up": {"uv": [6.5, 3, 5.5, 2.5], "texture": "#0"},
				"down": {"uv": [6.5, 3, 5.5, 3.5], "texture": "#0"}
			}
		},
		{
			"from": [6.14678, 8.61676, 3.38554],
			"to": [7.31678, 10.46926, 8.16304],
			"rotation": {"angle": 22.5, "axis": "x", "origin": [7.99685, 9.56268, 7.83007]},
			"faces": {
				"north": {"uv": [8, 1.5, 8.5, 2], "texture": "#0"},
				"east": {"uv": [5.5, 3.5, 6.5, 4], "texture": "#0"},
				"south": {"uv": [8, 2, 8.5, 2.5], "texture": "#0"},
				"west": {"uv": [5.5, 4, 6.5, 4.5], "texture": "#0"},
				"up": {"uv": [1.5, 7, 1, 6], "texture": "#0"},
				"down": {"uv": [2, 6, 1.5, 7], "texture": "#0"}
			}
		},
		{
			"from": [6.34178, 10.18497, 1.7795],
			"to": [7.12178, 11.84247, 4.217],
			"rotation": {"angle": 0, "axis": "y", "origin": [7.99685, 9.56268, 7.83007]},
			"faces": {
				"north": {"uv": [8, 2.5, 8.5, 3], "texture": "#0"},
				"east": {"uv": [8, 3, 8.5, 3.5], "texture": "#0"},
				"south": {"uv": [8, 3.5, 8.5, 4], "texture": "#0"},
				"west": {"uv": [8, 4, 8.5, 4.5], "texture": "#0"},
				"up": {"uv": [8.5, 5, 8, 4.5], "texture": "#0"},
				"down": {"uv": [8.5, 5, 8, 5.5], "texture": "#0"}
			}
		},
		{
			"from": [6.43928, 7.97272, 0.90107],
			"to": [7.02428, 9.43522, 1.97357],
			"rotation": {"angle": 22.5, "axis": "x", "origin": [7.99685, 9.56268, 7.83007]},
			"faces": {
				"north": {"uv": [8, 5.5, 8.5, 6], "texture": "#0"},
				"east": {"uv": [8, 6, 8.5, 6.5], "texture": "#0"},
				"south": {"uv": [8, 6.5, 8.5, 7], "texture": "#0"},
				"west": {"uv": [8, 7, 8.5, 7.5], "texture": "#0"},
				"up": {"uv": [8.5, 8, 8, 7.5], "texture": "#0"},
				"down": {"uv": [0.5, 8.5, 0, 9], "texture": "#0"}
			}
		},
		{
			"from": [6.53678, 5.71104, 0.79407],
			"to": [6.92678, 6.58854, 2.41385],
			"rotation": {"angle": 45, "axis": "x", "origin": [7.99685, 9.56268, 7.83007]},
			"faces": {
				"north": {"uv": [0.5, 8.5, 1, 9], "texture": "#0"},
				"east": {"uv": [1, 8.5, 1.5, 9], "texture": "#0"},
				"south": {"uv": [1.5, 8.5, 2, 9], "texture": "#0"},
				"west": {"uv": [2, 8.5, 2.5, 9], "texture": "#0"},
				"up": {"uv": [3, 9, 2.5, 8.5], "texture": "#0"},
				"down": {"uv": [3.5, 8.5, 3, 9], "texture": "#0"}
			}
		},
		{
			"from": [6.53678, 12.23625, 5.90705],
			"to": [6.92678, 13.85603, 6.78455],
			"rotation": {"angle": 0, "axis": "y", "origin": [7.99685, 9.56268, 7.83007]},
			"faces": {
				"north": {"uv": [3.5, 8.5, 4, 9], "texture": "#0"},
				"east": {"uv": [4, 8.5, 4.5, 9], "texture": "#0"},
				"south": {"uv": [4.5, 8.5, 5, 9], "texture": "#0"},
				"west": {"uv": [5, 8.5, 5.5, 9], "texture": "#0"},
				"up": {"uv": [6, 9, 5.5, 8.5], "texture": "#0"},
				"down": {"uv": [6.5, 8.5, 6, 9], "texture": "#0"}
			}
		},
		{
			"from": [6.43928, 9.27302, 9.26713],
			"to": [7.02428, 12.0628, 10.33963],
			"rotation": {"angle": -22.5, "axis": "x", "origin": [7.99685, 9.56268, 7.83007]},
			"faces": {
				"north": {"uv": [6.5, 8.5, 7, 9], "texture": "#0"},
				"east": {"uv": [7, 8.5, 7.5, 9], "texture": "#0"},
				"south": {"uv": [7.5, 8.5, 8, 9], "texture": "#0"},
				"west": {"uv": [8, 8.5, 8.5, 9], "texture": "#0"},
				"up": {"uv": [9, 9, 8.5, 8.5], "texture": "#0"},
				"down": {"uv": [9, 0, 8.5, 0.5], "texture": "#0"}
			}
		},
		{
			"from": [6.53678, 11.80802, 9.41338],
			"to": [6.92678, 13.0378, 9.94963],
			"rotation": {"angle": -22.5, "axis": "x", "origin": [7.99685, 9.56268, 7.83007]},
			"faces": {
				"north": {"uv": [8.5, 0.5, 9, 1], "texture": "#0"},
				"east": {"uv": [8.5, 1, 9, 1.5], "texture": "#0"},
				"south": {"uv": [8.5, 1.5, 9, 2], "texture": "#0"},
				"west": {"uv": [8.5, 2, 9, 2.5], "texture": "#0"},
				"up": {"uv": [9, 3, 8.5, 2.5], "texture": "#0"},
				"down": {"uv": [9, 3, 8.5, 3.5], "texture": "#0"}
			}
		},
		{
			"from": [6.53678, 8.67604, 10.70839],
			"to": [6.92678, 11.27082, 11.58589],
			"rotation": {"angle": -22.5, "axis": "x", "origin": [7.99685, 9.56268, 7.83007]},
			"faces": {
				"north": {"uv": [8.5, 3.5, 9, 4], "texture": "#0"},
				"east": {"uv": [8.5, 4, 9, 4.5], "texture": "#0"},
				"south": {"uv": [8.5, 4.5, 9, 5], "texture": "#0"},
				"west": {"uv": [8.5, 5, 9, 5.5], "texture": "#0"},
				"up": {"uv": [9, 6, 8.5, 5.5], "texture": "#0"},
				"down": {"uv": [9, 6, 8.5, 6.5], "texture": "#0"}
			}
		},
		{
			"from": [6.43928, 12.14725, 6.97235],
			"to": [7.02428, 13.21975, 8.43485],
			"rotation": {"angle": -22.5, "axis": "x", "origin": [7.99685, 9.56268, 7.83007]},
			"faces": {
				"north": {"uv": [8.5, 6.5, 9, 7], "texture": "#0"},
				"east": {"uv": [8.5, 7, 9, 7.5], "texture": "#0"},
				"south": {"uv": [8.5, 7.5, 9, 8], "texture": "#0"},
				"west": {"uv": [8.5, 8, 9, 8.5], "texture": "#0"},
				"up": {"uv": [0.5, 9.5, 0, 9], "texture": "#0"},
				"down": {"uv": [1, 9, 0.5, 9.5], "texture": "#0"}
			}
		},
		{
			"from": [6.34178, 9.60936, 5.08258],
			"to": [7.12178, 11.26686, 8.49508],
			"rotation": {"angle": 45, "axis": "x", "origin": [7.99685, 9.56268, 7.83007]},
			"faces": {
				"north": {"uv": [1, 9, 1.5, 9.5], "texture": "#0"},
				"east": {"uv": [2, 6, 3, 6.5], "texture": "#0"},
				"south": {"uv": [1.5, 9, 2, 9.5], "texture": "#0"},
				"west": {"uv": [3, 6, 4, 6.5], "texture": "#0"},
				"up": {"uv": [4.5, 7, 4, 6], "texture": "#0"},
				"down": {"uv": [5, 6, 4.5, 7], "texture": "#0"}
			}
		},
		{
			"from": [5.26928, 7.28846, 9.89275],
			"to": [6.24428, 7.97096, 11.84275],
			"rotation": {"angle": -22.5, "axis": "x", "origin": [7.99685, 9.56268, 7.83007]},
			"faces": {
				"north": {"uv": [2, 9, 2.5, 9.5], "texture": "#0"},
				"east": {"uv": [2.5, 9, 3, 9.5], "texture": "#0"},
				"south": {"uv": [3, 9, 3.5, 9.5], "texture": "#0"},
				"west": {"uv": [3.5, 9, 4, 9.5], "texture": "#0"},
				"up": {"uv": [4.5, 9.5, 4, 9], "texture": "#0"},
				"down": {"uv": [5, 9, 4.5, 9.5], "texture": "#0"}
			}
		},
		{
			"from": [5.46428, 6.09921, 10.52289],
			"to": [6.04928, 6.58671, 12.08289],
			"rotation": {"angle": -45, "axis": "x", "origin": [7.99685, 9.56268, 7.83007]},
			"faces": {
				"north": {"uv": [5, 9, 5.5, 9.5], "texture": "#0"},
				"east": {"uv": [5.5, 9, 6, 9.5], "texture": "#0"},
				"south": {"uv": [6, 9, 6.5, 9.5], "texture": "#0"},
				"west": {"uv": [6.5, 9, 7, 9.5], "texture": "#0"},
				"up": {"uv": [7.5, 9.5, 7, 9], "texture": "#0"},
				"down": {"uv": [8, 9, 7.5, 9.5], "texture": "#0"}
			}
		},
		{
			"from": [5.36678, 6.27693, 9.95847],
			"to": [5.85428, 8.86068, 12.15222],
			"rotation": {"angle": 0, "axis": "y", "origin": [7.99685, 9.56268, 7.83007]},
			"faces": {
				"north": {"uv": [8, 9, 8.5, 9.5], "texture": "#0"},
				"east": {"uv": [8.5, 9, 9, 9.5], "texture": "#0"},
				"south": {"uv": [9, 9, 9.5, 9.5], "texture": "#0"},
				"west": {"uv": [9, 0, 9.5, 0.5], "texture": "#0"},
				"up": {"uv": [9.5, 1, 9, 0.5], "texture": "#0"},
				"down": {"uv": [9.5, 1, 9, 1.5], "texture": "#0"}
			}
		},
		{
			"from": [5.36678, 7.05693, 8.54472],
			"to": [5.65928, 8.86068, 9.95847],
			"rotation": {"angle": 0, "axis": "y", "origin": [7.99685, 9.56268, 7.83007]},
			"faces": {
				"north": {"uv": [9, 1.5, 9.5, 2], "texture": "#0"},
				"east": {"uv": [9, 2, 9.5, 2.5], "texture": "#0"},
				"south": {"uv": [9, 2.5, 9.5, 3], "texture": "#0"},
				"west": {"uv": [9, 3, 9.5, 3.5], "texture": "#0"},
				"up": {"uv": [9.5, 4, 9, 3.5], "texture": "#0"},
				"down": {"uv": [9.5, 4, 9, 4.5], "texture": "#0"}
			}
		},
		{
			"from": [5.07428, 7.33164, 9.68245],
			"to": [5.65928, 8.20914, 12.99745],
			"rotation": {"angle": 22.5, "axis": "x", "origin": [7.99685, 9.56268, 7.83007]},
			"faces": {
				"north": {"uv": [9, 4.5, 9.5, 5], "texture": "#0"},
				"east": {"uv": [5, 6, 6, 6.5], "texture": "#0"},
				"south": {"uv": [9, 5, 9.5, 5.5], "texture": "#0"},
				"west": {"uv": [6, 6, 7, 6.5], "texture": "#0"},
				"up": {"uv": [6.5, 1, 6, 0], "texture": "#0"},
				"down": {"uv": [6.5, 1, 6, 2], "texture": "#0"}
			}
		},
		{
			"from": [5.26928, 7.81914, 12.60745],
			"to": [5.65928, 8.20914, 14.16745],
			"rotation": {"angle": 22.5, "axis": "x", "origin": [7.99685, 9.56268, 7.83007]},
			"faces": {
				"north": {"uv": [9, 5.5, 9.5, 6], "texture": "#0"},
				"east": {"uv": [9, 6, 9.5, 6.5], "texture": "#0"},
				"south": {"uv": [9, 6.5, 9.5, 7], "texture": "#0"},
				"west": {"uv": [9, 7, 9.5, 7.5], "texture": "#0"},
				"up": {"uv": [9.5, 8, 9, 7.5], "texture": "#0"},
				"down": {"uv": [9.5, 8, 9, 8.5], "texture": "#0"}
			}
		},
		{
			"from": [5.12303, 8.23662, 8.61516],
			"to": [5.65928, 9.01662, 10.41891],
			"rotation": {"angle": 45, "axis": "x", "origin": [7.99685, 9.56268, 7.83007]},
			"faces": {
				"north": {"uv": [9, 8.5, 9.5, 9], "texture": "#0"},
				"east": {"uv": [0, 9.5, 0.5, 10], "texture": "#0"},
				"south": {"uv": [0.5, 9.5, 1, 10], "texture": "#0"},
				"west": {"uv": [1, 9.5, 1.5, 10], "texture": "#0"},
				"up": {"uv": [2, 10, 1.5, 9.5], "texture": "#0"},
				"down": {"uv": [2.5, 9.5, 2, 10], "texture": "#0"}
			}
		},
		{
			"from": [8.68178, 8.61676, 3.38554],
			"to": [9.85178, 10.46926, 8.16304],
			"rotation": {"angle": 22.5, "axis": "x", "origin": [7.99685, 9.56268, 7.83007]},
			"faces": {
				"north": {"uv": [2.5, 9.5, 3, 10], "texture": "#0"},
				"east": {"uv": [6, 4.5, 7, 5], "texture": "#0"},
				"south": {"uv": [3, 9.5, 3.5, 10], "texture": "#0"},
				"west": {"uv": [6, 5, 7, 5.5], "texture": "#0"},
				"up": {"uv": [0.5, 7.5, 0, 6.5], "texture": "#0"},
				"down": {"uv": [1, 6.5, 0.5, 7.5], "texture": "#0"}
			}
		},
		{
			"from": [8.87678, 10.18497, 1.7795],
			"to": [9.65678, 11.84247, 4.217],
			"rotation": {"angle": 0, "axis": "y", "origin": [7.99685, 9.56268, 7.83007]},
			"faces": {
				"north": {"uv": [3.5, 9.5, 4, 10], "texture": "#0"},
				"east": {"uv": [4, 9.5, 4.5, 10], "texture": "#0"},
				"south": {"uv": [4.5, 9.5, 5, 10], "texture": "#0"},
				"west": {"uv": [5, 9.5, 5.5, 10], "texture": "#0"},
				"up": {"uv": [6, 10, 5.5, 9.5], "texture": "#0"},
				"down": {"uv": [6.5, 9.5, 6, 10], "texture": "#0"}
			}
		},
		{
			"from": [8.97428, 7.97272, 0.90107],
			"to": [9.55928, 9.43522, 1.97357],
			"rotation": {"angle": 22.5, "axis": "x", "origin": [7.99685, 9.56268, 7.83007]},
			"faces": {
				"north": {"uv": [6.5, 9.5, 7, 10], "texture": "#0"},
				"east": {"uv": [7, 9.5, 7.5, 10], "texture": "#0"},
				"south": {"uv": [7.5, 9.5, 8, 10], "texture": "#0"},
				"west": {"uv": [8, 9.5, 8.5, 10], "texture": "#0"},
				"up": {"uv": [9, 10, 8.5, 9.5], "texture": "#0"},
				"down": {"uv": [9.5, 9.5, 9, 10], "texture": "#0"}
			}
		},
		{
			"from": [9.07178, 5.71104, 0.79407],
			"to": [9.46178, 6.58854, 2.41385],
			"rotation": {"angle": 45, "axis": "x", "origin": [7.99685, 9.56268, 7.83007]},
			"faces": {
				"north": {"uv": [9.5, 9.5, 10, 10], "texture": "#0"},
				"east": {"uv": [9.5, 0, 10, 0.5], "texture": "#0"},
				"south": {"uv": [9.5, 0.5, 10, 1], "texture": "#0"},
				"west": {"uv": [9.5, 1, 10, 1.5], "texture": "#0"},
				"up": {"uv": [10, 2, 9.5, 1.5], "texture": "#0"},
				"down": {"uv": [10, 2, 9.5, 2.5], "texture": "#0"}
			}
		},
		{
			"from": [9.07178, 12.23625, 5.90705],
			"to": [9.46178, 13.85603, 6.78455],
			"rotation": {"angle": 0, "axis": "y", "origin": [7.99685, 9.56268, 7.83007]},
			"faces": {
				"north": {"uv": [9.5, 2.5, 10, 3], "texture": "#0"},
				"east": {"uv": [9.5, 3, 10, 3.5], "texture": "#0"},
				"south": {"uv": [9.5, 3.5, 10, 4], "texture": "#0"},
				"west": {"uv": [9.5, 4, 10, 4.5], "texture": "#0"},
				"up": {"uv": [10, 5, 9.5, 4.5], "texture": "#0"},
				"down": {"uv": [10, 5, 9.5, 5.5], "texture": "#0"}
			}
		},
		{
			"from": [8.97428, 9.27302, 9.26713],
			"to": [9.55928, 12.0628, 10.33963],
			"rotation": {"angle": -22.5, "axis": "x", "origin": [7.99685, 9.56268, 7.83007]},
			"faces": {
				"north": {"uv": [9.5, 5.5, 10, 6], "texture": "#0"},
				"east": {"uv": [9.5, 6, 10, 6.5], "texture": "#0"},
				"south": {"uv": [9.5, 6.5, 10, 7], "texture": "#0"},
				"west": {"uv": [9.5, 7, 10, 7.5], "texture": "#0"},
				"up": {"uv": [10, 8, 9.5, 7.5], "texture": "#0"},
				"down": {"uv": [10, 8, 9.5, 8.5], "texture": "#0"}
			}
		},
		{
			"from": [9.07178, 11.80802, 9.41338],
			"to": [9.46178, 13.0378, 9.94963],
			"rotation": {"angle": -22.5, "axis": "x", "origin": [7.99685, 9.56268, 7.83007]},
			"faces": {
				"north": {"uv": [9.5, 8.5, 10, 9], "texture": "#0"},
				"east": {"uv": [9.5, 9, 10, 9.5], "texture": "#0"},
				"south": {"uv": [0, 10, 0.5, 10.5], "texture": "#0"},
				"west": {"uv": [0.5, 10, 1, 10.5], "texture": "#0"},
				"up": {"uv": [1.5, 10.5, 1, 10], "texture": "#0"},
				"down": {"uv": [2, 10, 1.5, 10.5], "texture": "#0"}
			}
		},
		{
			"from": [9.07178, 8.67604, 10.70839],
			"to": [9.46178, 11.27082, 11.58589],
			"rotation": {"angle": -22.5, "axis": "x", "origin": [7.99685, 9.56268, 7.83007]},
			"faces": {
				"north": {"uv": [2, 10, 2.5, 10.5], "texture": "#0"},
				"east": {"uv": [2.5, 10, 3, 10.5], "texture": "#0"},
				"south": {"uv": [3, 10, 3.5, 10.5], "texture": "#0"},
				"west": {"uv": [3.5, 10, 4, 10.5], "texture": "#0"},
				"up": {"uv": [4.5, 10.5, 4, 10], "texture": "#0"},
				"down": {"uv": [5, 10, 4.5, 10.5], "texture": "#0"}
			}
		},
		{
			"from": [8.97428, 12.14725, 6.97235],
			"to": [9.55928, 13.21975, 8.43485],
			"rotation": {"angle": -22.5, "axis": "x", "origin": [7.99685, 9.56268, 7.83007]},
			"faces": {
				"north": {"uv": [5, 10, 5.5, 10.5], "texture": "#0"},
				"east": {"uv": [5.5, 10, 6, 10.5], "texture": "#0"},
				"south": {"uv": [6, 10, 6.5, 10.5], "texture": "#0"},
				"west": {"uv": [6.5, 10, 7, 10.5], "texture": "#0"},
				"up": {"uv": [7.5, 10.5, 7, 10], "texture": "#0"},
				"down": {"uv": [8, 10, 7.5, 10.5], "texture": "#0"}
			}
		},
		{
			"from": [8.87678, 9.60936, 5.08258],
			"to": [9.65678, 11.26686, 8.49508],
			"rotation": {"angle": 45, "axis": "x", "origin": [7.99685, 9.56268, 7.83007]},
			"faces": {
				"north": {"uv": [8, 10, 8.5, 10.5], "texture": "#0"},
				"east": {"uv": [6, 5.5, 7, 6], "texture": "#0"},
				"south": {"uv": [8.5, 10, 9, 10.5], "texture": "#0"},
				"west": {"uv": [2, 6.5, 3, 7], "texture": "#0"},
				"up": {"uv": [3.5, 7.5, 3, 6.5], "texture": "#0"},
				"down": {"uv": [4, 6.5, 3.5, 7.5], "texture": "#0"}
			}
		},
		{
			"from": [9.75428, 7.28846, 9.89275],
			"to": [10.72928, 7.97096, 11.84275],
			"rotation": {"angle": -22.5, "axis": "x", "origin": [8.00172, 9.56268, 7.83007]},
			"faces": {
				"north": {"uv": [2.5, 9, 2, 9.5], "texture": "#0"},
				"east": {"uv": [4, 9, 3.5, 9.5], "texture": "#0"},
				"south": {"uv": [3.5, 9, 3, 9.5], "texture": "#0"},
				"west": {"uv": [3, 9, 2.5, 9.5], "texture": "#0"},
				"up": {"uv": [4, 9.5, 4.5, 9], "texture": "#0"},
				"down": {"uv": [4.5, 9, 5, 9.5], "texture": "#0"}
			}
		},
		{
			"from": [9.94928, 6.09921, 10.52289],
			"to": [10.53428, 6.58671, 12.08289],
			"rotation": {"angle": -45, "axis": "x", "origin": [8.00172, 9.56268, 7.83007]},
			"faces": {
				"north": {"uv": [5.5, 9, 5, 9.5], "texture": "#0"},
				"east": {"uv": [7, 9, 6.5, 9.5], "texture": "#0"},
				"south": {"uv": [6.5, 9, 6, 9.5], "texture": "#0"},
				"west": {"uv": [6, 9, 5.5, 9.5], "texture": "#0"},
				"up": {"uv": [7, 9.5, 7.5, 9], "texture": "#0"},
				"down": {"uv": [7.5, 9, 8, 9.5], "texture": "#0"}
			}
		},
		{
			"from": [10.14428, 6.27693, 9.95847],
			"to": [10.63178, 8.86068, 12.15222],
			"rotation": {"angle": 0, "axis": "y", "origin": [8.00172, 9.56268, 7.83007]},
			"faces": {
				"north": {"uv": [8.5, 9, 8, 9.5], "texture": "#0"},
				"east": {"uv": [9.5, 0, 9, 0.5], "texture": "#0"},
				"south": {"uv": [9.5, 9, 9, 9.5], "texture": "#0"},
				"west": {"uv": [9, 9, 8.5, 9.5], "texture": "#0"},
				"up": {"uv": [9, 1, 9.5, 0.5], "texture": "#0"},
				"down": {"uv": [9, 1, 9.5, 1.5], "texture": "#0"}
			}
		},
		{
			"from": [10.33928, 7.05693, 8.54472],
			"to": [10.63178, 8.86068, 9.95847],
			"rotation": {"angle": 0, "axis": "y", "origin": [8.00172, 9.56268, 7.83007]},
			"faces": {
				"north": {"uv": [9.5, 1.5, 9, 2], "texture": "#0"},
				"east": {"uv": [9.5, 3, 9, 3.5], "texture": "#0"},
				"south": {"uv": [9.5, 2.5, 9, 3], "texture": "#0"},
				"west": {"uv": [9.5, 2, 9, 2.5], "texture": "#0"},
				"up": {"uv": [9, 4, 9.5, 3.5], "texture": "#0"},
				"down": {"uv": [9, 4, 9.5, 4.5], "texture": "#0"}
			}
		},
		{
			"from": [10.33928, 7.33164, 9.68245],
			"to": [10.92428, 8.20914, 12.99745],
			"rotation": {"angle": 22.5, "axis": "x", "origin": [8.00172, 9.56268, 7.83007]},
			"faces": {
				"north": {"uv": [9.5, 4.5, 9, 5], "texture": "#0"},
				"east": {"uv": [7, 6, 6, 6.5], "texture": "#0"},
				"south": {"uv": [9.5, 5, 9, 5.5], "texture": "#0"},
				"west": {"uv": [6, 6, 5, 6.5], "texture": "#0"},
				"up": {"uv": [6, 1, 6.5, 0], "texture": "#0"},
				"down": {"uv": [6, 1, 6.5, 2], "texture": "#0"}
			}
		},
		{
			"from": [10.33928, 7.81914, 12.60745],
			"to": [10.72928, 8.20914, 14.16745],
			"rotation": {"angle": 22.5, "axis": "x", "origin": [8.00172, 9.56268, 7.83007]},
			"faces": {
				"north": {"uv": [9.5, 5.5, 9, 6], "texture": "#0"},
				"east": {"uv": [9.5, 7, 9, 7.5], "texture": "#0"},
				"south": {"uv": [9.5, 6.5, 9, 7], "texture": "#0"},
				"west": {"uv": [9.5, 6, 9, 6.5], "texture": "#0"},
				"up": {"uv": [9, 8, 9.5, 7.5], "texture": "#0"},
				"down": {"uv": [9, 8, 9.5, 8.5], "texture": "#0"}
			}
		},
		{
			"from": [10.33928, 8.23662, 8.61516],
			"to": [10.87553, 9.01662, 10.41891],
			"rotation": {"angle": 45, "axis": "x", "origin": [8.00172, 9.56268, 7.83007]},
			"faces": {
				"north": {"uv": [9.5, 8.5, 9, 9], "texture": "#0"},
				"east": {"uv": [1.5, 9.5, 1, 10], "texture": "#0"},
				"south": {"uv": [1, 9.5, 0.5, 10], "texture": "#0"},
				"west": {"uv": [0.5, 9.5, 0, 10], "texture": "#0"},
				"up": {"uv": [1.5, 10, 2, 9.5], "texture": "#0"},
				"down": {"uv": [2, 9.5, 2.5, 10], "texture": "#0"}
			}
		},
		{
			"from": [6.00053, 9.91822, 5.24119],
			"to": [9.99803, 10.21072, 6.70369],
			"rotation": {"angle": -22.5, "axis": "x", "origin": [7.99685, 9.56268, 7.83007]},
			"faces": {
				"north": {"uv": [6.5, 2, 7.5, 2.5], "texture": "#0"},
				"east": {"uv": [7.5, 10.5, 8, 11], "texture": "#0"},
				"south": {"uv": [6.5, 2.5, 7.5, 3], "texture": "#0"},
				"west": {"uv": [8, 10.5, 8.5, 11], "texture": "#0"},
				"up": {"uv": [7.5, 3.5, 6.5, 3], "texture": "#0"},
				"down": {"uv": [7.5, 3.5, 6.5, 4], "texture": "#0"}
			}
		},
		{
			"from": [6.01028, 8.42193, 5.52222],
			"to": [9.98828, 9.29943, 6.39972],
			"rotation": {"angle": 0, "axis": "y", "origin": [7.99685, 9.56268, 7.83007]},
			"faces": {
				"north": {"uv": [6.5, 4, 7.5, 4.5], "texture": "#0"},
				"east": {"uv": [8.5, 10.5, 9, 11], "texture": "#0"},
				"south": {"uv": [1, 7, 2, 7.5], "texture": "#0"},
				"west": {"uv": [9, 10.5, 9.5, 11], "texture": "#0"},
				"up": {"uv": [3, 7.5, 2, 7], "texture": "#0"},
				"down": {"uv": [5, 7, 4, 7.5], "texture": "#0"}
			}
		}
	],
	"display": {
		"head": {
			"translation": [0, -6.25, -10],
			"scale": [4, 4, 4]
		}
	},
	"groups": [
		{
			"name": "root",
			"origin": [8, 8, 8],
			"children": [
				{
					"name": "head",
					"origin": [8, 8, 8],
					"children": [
						{
							"name": "upper",
							"origin": [8, 8, 8],
							"children": [0, 1, 2, 3, 4, 5, 6, 7, 8, 9, 10, 11, 12, 13,
								{
									"name": "horne_l",
									"origin": [8, 8, 8],
									"children": [14, 15, 16, 17, 18, 19, 20, 21, 22, 23,
										{
											"name": "group",
											"origin": [6.7, 7.825, -11.125],
											"children": [24, 25, 26, 27, 28, 29, 30]
										}
									]
								},
								{
									"name": "horne_r",
									"origin": [8, 8, 8],
									"children": [31, 32, 33, 34, 35, 36, 37, 38, 39, 40,
										{
											"name": "group",
											"origin": [6.7, 7.825, -11.125],
											"children": [41, 42, 43, 44, 45, 46, 47]
										}
									]
								}, 48, 49]
						}
					]
				}
			]
		}
	]
}