{
	"credit": "Made with Blockbench",
	"texture_size": [32, 32],
	"textures": {
		"0": "dyno/head",
		"particle": "dyno/head"
	},
	"elements": [
		{
			"from": [5.56178, 4.90678, 7.87373],
			"to": [10.43678, 6.85678, 9.82373],
			"rotation": {"angle": 0, "axis": "y", "origin": [7.99928, 6.96945, 9.79753]},
			"faces": {
				"north": {"uv": [4, 3.5, 5.5, 4], "texture": "#0"},
				"east": {"uv": [9.5, 10.5, 10, 11], "texture": "#0"},
				"south": {"uv": [0, 4.5, 1.5, 5], "texture": "#0"},
				"west": {"uv": [10, 10.5, 10.5, 11], "texture": "#0"},
				"up": {"uv": [4.5, 5, 3, 4.5], "texture": "#0"},
				"down": {"uv": [6, 4.5, 4.5, 5], "texture": "#0"}
			}
		},
		{
			"from": [6.24428, 4.90678, 4.94873],
			"to": [9.75428, 6.85678, 7.87373],
			"rotation": {"angle": 0, "axis": "y", "origin": [7.99928, 6.96945, 9.79753]},
			"faces": {
				"north": {"uv": [5, 7, 6, 7.5], "texture": "#0"},
				"east": {"uv": [6, 7, 7, 7.5], "texture": "#0"},
				"south": {"uv": [7, 7, 8, 7.5], "texture": "#0"},
				"west": {"uv": [7, 0, 8, 0.5], "texture": "#0"},
				"up": {"uv": [4, 3, 3, 2], "texture": "#0"},
				"down": {"uv": [2, 3.5, 1, 4.5], "texture": "#0"}
			}
		},
		{
			"from": [6.53678, 5.39428, 2.99873],
			"to": [9.46178, 6.85678, 4.94873],
			"rotation": {"angle": 0, "axis": "y", "origin": [7.99928, 6.96945, 9.79753]},
			"faces": {
				"north": {"uv": [7, 0.5, 8, 1], "texture": "#0"},
				"east": {"uv": [10.5, 10.5, 11, 11], "texture": "#0"},
				"south": {"uv": [7, 1, 8, 1.5], "texture": "#0"},
				"west": {"uv": [10.5, 0, 11, 0.5], "texture": "#0"},
				"up": {"uv": [8, 2, 7, 1.5], "texture": "#0"},
				"down": {"uv": [8, 4.5, 7, 5], "texture": "#0"}
			}
		},
		{
			"from": [6.73178, 2.25444, 3.95795],
			"to": [7.51178, 3.91194, 4.73795],
			"rotation": {"angle": 22.5, "axis": "x", "origin": [7.99928, 6.96945, 9.79753]},
			"faces": {
				"north": {"uv": [3, 11, 3.5, 11.5], "texture": "#0"},
				"east": {"uv": [3.5, 11, 4, 11.5], "texture": "#0"},
				"south": {"uv": [4, 11, 4.5, 11.5], "texture": "#0"},
				"west": {"uv": [4.5, 11, 5, 11.5], "texture": "#0"},
				"up": {"uv": [5.5, 11.5, 5, 11], "texture": "#0"},
				"down": {"uv": [6, 11, 5.5, 11.5], "texture": "#0"}
			}
		},
		{
			"from": [8.48678, 2.25444, 3.95795],
			"to": [9.26678, 3.91194, 4.73795],
			"rotation": {"angle": 22.5, "axis": "x", "origin": [7.99928, 6.96945, 9.79753]},
			"faces": {
				"north": {"uv": [6, 11, 6.5, 11.5], "texture": "#0"},
				"east": {"uv": [6.5, 11, 7, 11.5], "texture": "#0"},
				"south": {"uv": [7, 11, 7.5, 11.5], "texture": "#0"},
				"west": {"uv": [7.5, 11, 8, 11.5], "texture": "#0"},
				"up": {"uv": [8.5, 11.5, 8, 11], "texture": "#0"},
				"down": {"uv": [9, 11, 8.5, 11.5], "texture": "#0"}
			}
		},
		{
			"from": [7.02428, 6.67853, 7.57628],
			"to": [8.97428, 7.36103, 10.98878],
			"rotation": {"angle": 0, "axis": "y", "origin": [7.99928, 6.96945, 9.79753]},
			"faces": {
				"north": {"uv": [10.5, 6.5, 11, 7], "texture": "#0"},
				"east": {"uv": [7, 5, 8, 5.5], "texture": "#0"},
				"south": {"uv": [10.5, 7, 11, 7.5], "texture": "#0"},
				"west": {"uv": [7, 5.5, 8, 6], "texture": "#0"},
				"up": {"uv": [7.5, 7, 7, 6], "texture": "#0"},
				"down": {"uv": [0.5, 7.5, 0, 8.5], "texture": "#0"}
			}
		},
		{
			"from": [7.21928, 5.83663, 6.38342],
			"to": [8.77928, 6.51913, 7.84592],
			"rotation": {"angle": 22.5, "axis": "x", "origin": [7.99928, 6.96945, 9.79753]},
			"faces": {
				"north": {"uv": [10.5, 7.5, 11, 8], "texture": "#0"},
				"east": {"uv": [10.5, 8, 11, 8.5], "texture": "#0"},
				"south": {"uv": [10.5, 8.5, 11, 9], "texture": "#0"},
				"west": {"uv": [10.5, 9, 11, 9.5], "texture": "#0"},
				"up": {"uv": [11, 10, 10.5, 9.5], "texture": "#0"},
				"down": {"uv": [11, 10, 10.5, 10.5], "texture": "#0"}
			}
		},
		{
			"from": [7.51178, 5.83663, 5.60342],
			"to": [8.48678, 6.51913, 6.38342],
			"rotation": {"angle": 22.5, "axis": "x", "origin": [7.99928, 6.96945, 9.79753]},
			"faces": {
				"north": {"uv": [0, 11, 0.5, 11.5], "texture": "#0"},
				"east": {"uv": [0.5, 11, 1, 11.5], "texture": "#0"},
				"south": {"uv": [1, 11, 1.5, 11.5], "texture": "#0"},
				"west": {"uv": [1.5, 11, 2, 11.5], "texture": "#0"},
				"up": {"uv": [2.5, 11.5, 2, 11], "texture": "#0"},
				"down": {"uv": [3, 11, 2.5, 11.5], "texture": "#0"}
			}
		},
		{
			"from": [9.94928, 6.20873, 8.37684],
			"to": [10.04678, 8.35373, 11.30184],
			"rotation": {"angle": 0, "axis": "y", "origin": [7.99928, 6.96945, 9.79753]},
			"faces": {
				"north": {"uv": [10.5, 3.5, 11, 4], "texture": "#0"},
				"east": {"uv": [10.5, 4, 11, 4.5], "texture": "#0"},
				"south": {"uv": [10.5, 4.5, 11, 5], "texture": "#0"},
				"west": {"uv": [10.5, 5, 11, 5.5], "texture": "#0"},
				"up": {"uv": [11, 6, 10.5, 5.5], "texture": "#0"},
				"down": {"uv": [11, 6, 10.5, 6.5], "texture": "#0"}
			}
		},
		{
			"from": [5.95178, 6.20873, 8.37684],
			"to": [6.04928, 8.74373, 11.30184],
			"rotation": {"angle": 0, "axis": "y", "origin": [7.99928, 6.96945, 9.79753]},
			"faces": {
				"north": {"uv": [10.5, 0.5, 11, 1], "texture": "#0"},
				"east": {"uv": [10.5, 1, 11, 1.5], "texture": "#0"},
				"south": {"uv": [10.5, 1.5, 11, 2], "texture": "#0"},
				"west": {"uv": [10.5, 2, 11, 2.5], "texture": "#0"},
				"up": {"uv": [11, 3, 10.5, 2.5], "texture": "#0"},
				"down": {"uv": [11, 3, 10.5, 3.5], "texture": "#0"}
			}
		},
		{
			"from": [6.70949, 3.90364, 5.36841],
			"to": [7.68449, 5.75614, 6.53841],
			"rotation": {"angle": -22.5, "axis": "z", "origin": [7.99928, 6.96945, 9.79753]},
			"faces": {
				"north": {"uv": [9, 11, 9.5, 11.5], "texture": "#0"},
				"east": {"uv": [9.5, 11, 10, 11.5], "texture": "#0"},
				"south": {"uv": [10, 11, 10.5, 11.5], "texture": "#0"},
				"west": {"uv": [10.5, 11, 11, 11.5], "texture": "#0"},
				"up": {"uv": [11.5, 11.5, 11, 11], "texture": "#0"},
				"down": {"uv": [11.5, 0, 11, 0.5], "texture": "#0"}
			}
		},
		{
			"from": [6.70949, 3.90364, 7.12341],
			"to": [7.68449, 5.75614, 9.07341],
			"rotation": {"angle": -22.5, "axis": "z", "origin": [7.99928, 6.96945, 9.79753]},
			"faces": {
				"north": {"uv": [11, 0.5, 11.5, 1], "texture": "#0"},
				"east": {"uv": [11, 1, 11.5, 1.5], "texture": "#0"},
				"south": {"uv": [11, 1.5, 11.5, 2], "texture": "#0"},
				"west": {"uv": [11, 2, 11.5, 2.5], "texture": "#0"},
				"up": {"uv": [11.5, 3, 11, 2.5], "texture": "#0"},
				"down": {"uv": [11.5, 3, 11, 3.5], "texture": "#0"}
			}
		},
		{
			"from": [6.16902, 3.67977, 8.87841],
			"to": [7.14402, 5.53227, 11.02341],
			"rotation": {"angle": -22.5, "axis": "z", "origin": [7.99928, 6.96945, 9.79753]},
			"faces": {
				"north": {"uv": [11, 3.5, 11.5, 4], "texture": "#0"},
				"east": {"uv": [11, 4, 11.5, 4.5], "texture": "#0"},
				"south": {"uv": [11, 4.5, 11.5, 5], "texture": "#0"},
				"west": {"uv": [11, 5, 11.5, 5.5], "texture": "#0"},
				"up": {"uv": [11.5, 6, 11, 5.5], "texture": "#0"},
				"down": {"uv": [11.5, 6, 11, 6.5], "texture": "#0"}
			}
		},
		{
			"from": [6.45279, 2.9962, 10.63341],
			"to": [7.42779, 5.3362, 11.80341],
			"rotation": {"angle": -45, "axis": "z", "origin": [7.41428, 6.96945, 9.60253]},
			"faces": {
				"north": {"uv": [11, 6.5, 11.5, 7], "texture": "#0"},
				"east": {"uv": [11, 7, 11.5, 7.5], "texture": "#0"},
				"south": {"uv": [11, 7.5, 11.5, 8], "texture": "#0"},
				"west": {"uv": [11, 8, 11.5, 8.5], "texture": "#0"},
				"up": {"uv": [11.5, 9, 11, 8.5], "texture": "#0"},
				"down": {"uv": [11.5, 9, 11, 9.5], "texture": "#0"}
			}
		},
		{
			"from": [8.31408, 3.90364, 5.36841],
			"to": [9.28908, 5.75614, 6.53841],
			"rotation": {"angle": 22.5, "axis": "z", "origin": [7.99928, 6.96945, 9.79753]},
			"faces": {
				"north": {"uv": [11, 9.5, 11.5, 10], "texture": "#0"},
				"east": {"uv": [11, 10, 11.5, 10.5], "texture": "#0"},
				"south": {"uv": [11, 10.5, 11.5, 11], "texture": "#0"},
				"west": {"uv": [0, 11.5, 0.5, 12], "texture": "#0"},
				"up": {"uv": [1, 12, 0.5, 11.5], "texture": "#0"},
				"down": {"uv": [1.5, 11.5, 1, 12], "texture": "#0"}
			}
		},
		{
			"from": [8.31408, 3.90364, 7.12341],
			"to": [9.28908, 5.75614, 9.07341],
			"rotation": {"angle": 22.5, "axis": "z", "origin": [7.99928, 6.96945, 9.79753]},
			"faces": {
				"north": {"uv": [1.5, 11.5, 2, 12], "texture": "#0"},
				"east": {"uv": [2, 11.5, 2.5, 12], "texture": "#0"},
				"south": {"uv": [2.5, 11.5, 3, 12], "texture": "#0"},
				"west": {"uv": [3, 11.5, 3.5, 12], "texture": "#0"},
				"up": {"uv": [4, 12, 3.5, 11.5], "texture": "#0"},
				"down": {"uv": [4.5, 11.5, 4, 12], "texture": "#0"}
			}
		},
		{
			"from": [8.85455, 3.67977, 8.87841],
			"to": [9.82955, 5.53227, 11.02341],
			"rotation": {"angle": 22.5, "axis": "z", "origin": [7.99928, 6.96945, 9.79753]},
			"faces": {
				"north": {"uv": [4.5, 11.5, 5, 12], "texture": "#0"},
				"east": {"uv": [5, 11.5, 5.5, 12], "texture": "#0"},
				"south": {"uv": [5.5, 11.5, 6, 12], "texture": "#0"},
				"west": {"uv": [6, 11.5, 6.5, 12], "texture": "#0"},
				"up": {"uv": [7, 12, 6.5, 11.5], "texture": "#0"},
				"down": {"uv": [7.5, 11.5, 7, 12], "texture": "#0"}
			}
		},
		{
			"from": [8.57078, 2.9962, 10.63341],
			"to": [9.54578, 5.3362, 11.80341],
			"rotation": {"angle": 45, "axis": "z", "origin": [8.58428, 6.96945, 9.60253]},
			"faces": {
				"north": {"uv": [7.5, 11.5, 8, 12], "texture": "#0"},
				"east": {"uv": [8, 11.5, 8.5, 12], "texture": "#0"},
				"south": {"uv": [8.5, 11.5, 9, 12], "texture": "#0"},
				"west": {"uv": [9, 11.5, 9.5, 12], "texture": "#0"},
				"up": {"uv": [10, 12, 9.5, 11.5], "texture": "#0"},
				"down": {"uv": [10.5, 11.5, 10, 12], "texture": "#0"}
			}
		}
	],
	"display": {
		"head": {
			"translation": [0, -7, -0.25],
			"scale": [4, 4, 4]
		}
	},
	"groups": [
		{
			"name": "root",
			"origin": [8, 8, 8],
			"children": [
				{
					"name": "head",
					"origin": [8, 8, 8],
					"children": [
						{
							"name": "lower",
							"origin": [8, 8, 8],
							"children": [0, 1, 2, 3, 4,
								{
									"name": "group",
									"origin": [8, 7.80513, -11.00753],
									"children": [5, 6, 7, 8, 9]
								},
								{
									"name": "group",
									"origin": [7.5, 8.00513, -11.00753],
									"children": [10, 11, 12, 13]
								},
								{
									"name": "group",
									"origin": [7.5, 8.00513, -11.00753],
									"children": [14, 15, 16, 17]
								}
							]
						}
					]
				}
			]
		}
	]
}