{
	"credit": "Made with Blockbench",
	"texture_size": [32, 32],
	"textures": {
		"0": "dyno/head",
		"particle": "dyno/head"
	},
	"elements": [
		{
			"from": [5.97566, 9.72205, 7.00254],
			"to": [10.10966, 20.4958, 10.78067],
			"rotation": {"angle": 0, "axis": "x", "origin": [7.95402, 15.01511, 7.80119]},
			"faces": {
				"north": {"uv": [13.25, 4, 16, 2.75], "rotation": 90, "texture": "#0"},
				"east": {"uv": [13.25, 3, 16, 1.75], "rotation": 90, "texture": "#0"},
				"south": {"uv": [13.25, 1.5, 16, 0.25], "rotation": 90, "texture": "#0"},
				"west": {"uv": [13.25, 3, 16, 1.75], "rotation": 90, "texture": "#0"},
				"up": {"uv": [14.5, 1.75, 13.25, 3], "rotation": 180, "texture": "#0"},
				"down": {"uv": [16, 2.5, 14.25, 3.75], "texture": "#0"}
			}
		},
		{
			"from": [6.46316, 8.74705, 7.19754],
			"to": [9.13466, 10.7458, 9.80567],
			"rotation": {"angle": 0, "axis": "x", "origin": [7.95402, 15.01511, 7.80119]},
			"faces": {
				"north": {"uv": [15, 3.25, 14, 3.75], "rotation": 180, "texture": "#0"},
				"east": {"uv": [15, 3.25, 14, 3.75], "rotation": 180, "texture": "#0"},
				"south": {"uv": [15, 3.25, 14, 3.75], "rotation": 180, "texture": "#0"},
				"west": {"uv": [15, 3.25, 14, 3.75], "rotation": 180, "texture": "#0"},
				"up": {"uv": [15, 3.25, 14, 3.75], "rotation": 180, "texture": "#0"},
				"down": {"uv": [15, 3.25, 14, 3.75], "rotation": 180, "texture": "#0"}
			}
		},
		{
			"from": [6.46316, 11.86705, 9.44004],
			"to": [9.13466, 19.5208, 11.75567],
			"rotation": {"angle": 0, "axis": "x", "origin": [7.95402, 15.01511, 7.80119]},
			"faces": {
				"north": {"uv": [13.5, 0, 14.75, 1.5], "texture": "#0"},
				"east": {"uv": [13.5, 0, 14.75, 1.5], "texture": "#0"},
				"south": {"uv": [13.5, 0, 14.75, 2.5], "texture": "#0"},
				"west": {"uv": [13.5, 0, 14.75, 1.5], "texture": "#0"},
				"up": {"uv": [13.5, 0, 14.75, 1.5], "texture": "#0"},
				"down": {"uv": [13.5, 0, 14.75, 1.5], "texture": "#0"}
			}
		},
		{
			"from": [6.17066, 11.37955, 5.05254],
			"to": [9.13466, 19.0333, 9.31817],
			"rotation": {"angle": 0, "axis": "x", "origin": [7.95402, 15.01511, 7.80119]},
			"faces": {
				"north": {"uv": [7.25, 10, 8.25, 8], "rotation": 180, "texture": "#0"},
				"east": {"uv": [7.25, 10, 8.25, 8], "rotation": 180, "texture": "#0"},
				"south": {"uv": [7.25, 10, 8.25, 8], "rotation": 180, "texture": "#0"},
				"west": {"uv": [7.25, 10, 8.25, 8], "rotation": 180, "texture": "#0"},
				"up": {"uv": [7.25, 10, 8.25, 8], "rotation": 180, "texture": "#0"},
				"down": {"uv": [7.25, 10, 8.25, 8], "rotation": 180, "texture": "#0"}
			}
		},
		{
			"from": [6.75566, 18.69205, 5.54004],
			"to": [9.32966, 20.9833, 9.31817],
			"rotation": {"angle": 0, "axis": "x", "origin": [7.95402, 15.01511, 7.80119]},
			"faces": {
				"north": {"uv": [7.25, 10, 8.25, 8], "rotation": 180, "texture": "#0"},
				"east": {"uv": [7.25, 10, 8.25, 8], "rotation": 180, "texture": "#0"},
				"south": {"uv": [7.25, 10, 8.25, 8], "rotation": 180, "texture": "#0"},
				"west": {"uv": [7.25, 10, 8.25, 8], "rotation": 180, "texture": "#0"},
				"up": {"uv": [7.25, 10, 8.25, 8], "rotation": 180, "texture": "#0"},
				"down": {"uv": [7.25, 10, 8.25, 8], "rotation": 180, "texture": "#0"}
			}
		},
		{
			"from": [7.53566, 18.90856, 3.97186],
			"to": [9.71966, 21.90668, 6.26311],
			"rotation": {"angle": 22.5, "axis": "x", "origin": [7.95402, 15.01511, 7.80119]},
			"faces": {
				"north": {"uv": [7.25, 10, 8.25, 8], "texture": "#0"},
				"east": {"uv": [8.25, 8, 7.25, 10], "rotation": 90, "texture": "#0"},
				"south": {"uv": [7.25, 10, 8.25, 8], "rotation": 180, "texture": "#0"},
				"west": {"uv": [8.25, 8, 7.25, 10], "rotation": 270, "texture": "#0"},
				"up": {"uv": [7.25, 10, 8.25, 8], "rotation": 180, "texture": "#0"},
				"down": {"uv": [7.25, 10, 8.25, 8], "texture": "#0"}
			}
		},
		{
			"from": [7.53566, 17.81503, 5.99657],
			"to": [9.52466, 20.13065, 7.89782],
			"rotation": {"angle": 0, "axis": "x", "origin": [7.95402, 15.01511, 7.80119]},
			"faces": {
				"north": {"uv": [7.25, 10, 8.25, 8], "rotation": 180, "texture": "#0"},
				"east": {"uv": [7.25, 10, 8.25, 8], "rotation": 180, "texture": "#0"},
				"south": {"uv": [7.25, 10, 8.25, 8], "rotation": 180, "texture": "#0"},
				"west": {"uv": [7.25, 10, 8.25, 8], "rotation": 180, "texture": "#0"},
				"up": {"uv": [7.25, 10, 8.25, 8], "rotation": 180, "texture": "#0"},
				"down": {"uv": [7.25, 10, 8.25, 8], "rotation": 180, "texture": "#0"}
			}
		},
		{
			"from": [7.92566, 21.24856, 4.45936],
			"to": [9.32966, 23.85668, 6.06811],
			"rotation": {"angle": 22.5, "axis": "x", "origin": [7.95402, 15.01511, 7.80119]},
			"faces": {
				"north": {"uv": [7.25, 10, 8.25, 8], "texture": "#0"},
				"east": {"uv": [8.25, 8, 7.25, 10], "rotation": 90, "texture": "#0"},
				"south": {"uv": [7.25, 10, 8.25, 8], "rotation": 180, "texture": "#0"},
				"west": {"uv": [8.25, 8, 7.25, 10], "rotation": 270, "texture": "#0"},
				"up": {"uv": [7.25, 10, 8.25, 8], "rotation": 180, "texture": "#0"},
				"down": {"uv": [7.25, 10, 8.25, 8], "texture": "#0"}
			}
		},
		{
			"from": [6.36566, 8.94205, 5.44254],
			"to": [8.54966, 13.1833, 7.17317],
			"rotation": {"angle": 0, "axis": "x", "origin": [7.95402, 15.01511, 7.80119]},
			"faces": {
				"north": {"uv": [7.25, 10, 8.25, 8], "rotation": 180, "texture": "#0"},
				"east": {"uv": [7.25, 10, 8.25, 8], "rotation": 180, "texture": "#0"},
				"south": {"uv": [7.25, 10, 8.25, 8], "rotation": 180, "texture": "#0"},
				"west": {"uv": [7.25, 10, 8.25, 8], "rotation": 180, "texture": "#0"},
				"up": {"uv": [7.25, 10, 8.25, 8], "rotation": 180, "texture": "#0"},
				"down": {"uv": [7.25, 10, 8.25, 8], "rotation": 180, "texture": "#0"}
			}
		},
		{
			"from": [6.56066, 8.44939, 3.45869],
			"to": [8.35466, 10.35064, 5.18931],
			"rotation": {"angle": -22.5, "axis": "x", "origin": [7.95402, 15.01511, 7.80119]},
			"faces": {
				"north": {"uv": [7.25, 10, 8.25, 8], "rotation": 180, "texture": "#0"},
				"east": {"uv": [7.25, 10, 8.25, 8], "rotation": 180, "texture": "#0"},
				"south": {"uv": [7.25, 10, 8.25, 8], "rotation": 180, "texture": "#0"},
				"west": {"uv": [7.25, 10, 8.25, 8], "rotation": 180, "texture": "#0"},
				"up": {"uv": [7.25, 10, 8.25, 8], "rotation": 180, "texture": "#0"},
				"down": {"uv": [7.25, 10, 8.25, 8], "rotation": 180, "texture": "#0"}
			}
		},
		{
			"from": [6.75566, 6.98689, 3.94619],
			"to": [8.15966, 8.59564, 4.99431],
			"rotation": {"angle": -22.5, "axis": "x", "origin": [7.95402, 15.01511, 7.80119]},
			"faces": {
				"north": {"uv": [7.25, 10, 8.25, 8], "rotation": 180, "texture": "#0"},
				"east": {"uv": [7.25, 10, 8.25, 8], "rotation": 180, "texture": "#0"},
				"south": {"uv": [7.25, 10, 8.25, 8], "rotation": 180, "texture": "#0"},
				"west": {"uv": [7.25, 10, 8.25, 8], "rotation": 180, "texture": "#0"},
				"up": {"uv": [7.25, 10, 8.25, 8], "rotation": 180, "texture": "#0"},
				"down": {"uv": [7.25, 10, 8.25, 8], "rotation": 180, "texture": "#0"}
			}
		}
	],
	"display": {
		"head": {
			"translation": [-0.25, -34.25, -2.5],
			"scale": [4, 4, 4]
		}
	},
	"groups": [
		{
			"name": "root",
			"origin": [8, 8, 8],
			"children": [
				{
					"name": "leg_l",
					"origin": [8, 8, 8],
					"children": [
						{
							"name": "0",
							"origin": [8, 8, 8],
							"children": [0, 1, 2, 3, 4, 5, 6, 7, 8, 9, 10]
						}
					]
				}
			]
		}
	]
}