{
	"credit": "Made with Blockbench",
	"texture_size": [32, 32],
	"textures": {
		"0": "dyno/head",
		"particle": "dyno/head"
	},
	"elements": [
		{
			"from": [6.57284, 3.85353, 8.11451],
			"to": [9.34184, 13.65228, 10.33263],
			"rotation": {"angle": 0, "axis": "x", "origin": [8.20109, 8.26541, 9.02857]},
			"faces": {
				"north": {"uv": [11.5, 6.25, 13.25, 6.75], "rotation": 180, "texture": "#0"},
				"east": {"uv": [11.5, 6.25, 13.25, 6.75], "rotation": 270, "texture": "#0"},
				"south": {"uv": [11.5, 6.25, 13.25, 6.75], "texture": "#0"},
				"west": {"uv": [11.5, 6.25, 13.25, 6.75], "rotation": 90, "texture": "#0"},
				"up": {"uv": [11.5, 6.25, 13.25, 6.75], "rotation": 180, "texture": "#0"},
				"down": {"uv": [11.5, 6.25, 13.25, 6.75], "texture": "#0"}
			}
		},
		{
			"from": [7.06034, 3.85353, 10.30826],
			"to": [8.85434, 10.72728, 10.82013],
			"rotation": {"angle": 0, "axis": "x", "origin": [8.20109, 8.26541, 9.02857]},
			"faces": {
				"north": {"uv": [14.5, 2.75, 13.5, 1.5], "rotation": 180, "texture": "#0"},
				"east": {"uv": [13.75, 2.75, 13.5, 1.5], "texture": "#0"},
				"south": {"uv": [14.5, 2.75, 13.5, 0], "texture": "#0"},
				"west": {"uv": [14.25, 2.75, 14, 1.5], "texture": "#0"},
				"up": {"uv": [14.5, 2.75, 13.5, 1.5], "rotation": 180, "texture": "#0"},
				"down": {"uv": [14.5, 2.75, 13.5, 1.5], "texture": "#0"}
			}
		}
	],
	"display": {
		"head": {
			"translation": [0, -22.5, -4.75],
			"scale": [4, 4, 4]
		}
	},
	"groups": [
		{
			"name": "root",
			"origin": [8, 8, 8],
			"children": [
				{
					"name": "leg_l",
					"origin": [8, 8, 8],
					"children": [
						{
							"name": "1",
							"origin": [8, 8, 8],
							"children": [0, 1]
						}
					]
				}
			]
		}
	]
}