{
	"credit": "Made with Blockbench",
	"texture_size": [32, 32],
	"textures": {
		"0": "dyno/head",
		"particle": "dyno/head"
	},
	"elements": [
		{
			"from": [5.89034, 9.72205, 7.00254],
			"to": [10.02434, 20.4958, 10.78067],
			"rotation": {"angle": 0, "axis": "x", "origin": [8.04598, 15.01511, 7.80119]},
			"faces": {
				"north": {"uv": [13.25, 2.75, 16, 4], "rotation": 90, "texture": "#0"},
				"east": {"uv": [13.25, 1.75, 16, 3], "rotation": 90, "texture": "#0"},
				"south": {"uv": [13.25, 0.25, 16, 1.5], "rotation": 90, "texture": "#0"},
				"west": {"uv": [13.25, 1.75, 16, 3], "rotation": 90, "texture": "#0"},
				"up": {"uv": [13.25, 1.75, 14.5, 3], "rotation": 180, "texture": "#0"},
				"down": {"uv": [14.25, 2.5, 16, 3.75], "texture": "#0"}
			}
		},
		{
			"from": [6.86534, 8.74705, 7.19754],
			"to": [9.53684, 10.7458, 9.80567],
			"rotation": {"angle": 0, "axis": "x", "origin": [8.04598, 15.01511, 7.80119]},
			"faces": {
				"north": {"uv": [14, 3.25, 15, 3.75], "rotation": 180, "texture": "#0"},
				"east": {"uv": [14, 3.25, 15, 3.75], "rotation": 180, "texture": "#0"},
				"south": {"uv": [14, 3.25, 15, 3.75], "rotation": 180, "texture": "#0"},
				"west": {"uv": [14, 3.25, 15, 3.75], "rotation": 180, "texture": "#0"},
				"up": {"uv": [14, 3.25, 15, 3.75], "rotation": 180, "texture": "#0"},
				"down": {"uv": [14, 3.25, 15, 3.75], "rotation": 180, "texture": "#0"}
			}
		},
		{
			"from": [6.86534, 11.86705, 9.44004],
			"to": [9.53684, 19.5208, 11.75567],
			"rotation": {"angle": 0, "axis": "x", "origin": [8.04598, 15.01511, 7.80119]},
			"faces": {
				"north": {"uv": [14.75, 0, 13.5, 1.5], "texture": "#0"},
				"east": {"uv": [14.75, 0, 13.5, 1.5], "texture": "#0"},
				"south": {"uv": [14.75, 0, 13.5, 2.5], "texture": "#0"},
				"west": {"uv": [14.75, 0, 13.5, 1.5], "texture": "#0"},
				"up": {"uv": [14.75, 0, 13.5, 1.5], "texture": "#0"},
				"down": {"uv": [14.75, 0, 13.5, 1.5], "texture": "#0"}
			}
		},
		{
			"from": [6.86534, 11.37955, 5.05254],
			"to": [9.82934, 19.0333, 9.31817],
			"rotation": {"angle": 0, "axis": "x", "origin": [8.04598, 15.01511, 7.80119]},
			"faces": {
				"north": {"uv": [8.25, 10, 7.25, 8], "rotation": 180, "texture": "#0"},
				"east": {"uv": [8.25, 10, 7.25, 8], "rotation": 180, "texture": "#0"},
				"south": {"uv": [8.25, 10, 7.25, 8], "rotation": 180, "texture": "#0"},
				"west": {"uv": [8.25, 10, 7.25, 8], "rotation": 180, "texture": "#0"},
				"up": {"uv": [8.25, 10, 7.25, 8], "rotation": 180, "texture": "#0"},
				"down": {"uv": [8.25, 10, 7.25, 8], "rotation": 180, "texture": "#0"}
			}
		},
		{
			"from": [6.67034, 18.69205, 5.54004],
			"to": [9.24434, 20.9833, 9.31817],
			"rotation": {"angle": 0, "axis": "x", "origin": [8.04598, 15.01511, 7.80119]},
			"faces": {
				"north": {"uv": [8.25, 10, 7.25, 8], "rotation": 180, "texture": "#0"},
				"east": {"uv": [8.25, 10, 7.25, 8], "rotation": 180, "texture": "#0"},
				"south": {"uv": [8.25, 10, 7.25, 8], "rotation": 180, "texture": "#0"},
				"west": {"uv": [8.25, 10, 7.25, 8], "rotation": 180, "texture": "#0"},
				"up": {"uv": [8.25, 10, 7.25, 8], "rotation": 180, "texture": "#0"},
				"down": {"uv": [8.25, 10, 7.25, 8], "rotation": 180, "texture": "#0"}
			}
		},
		{
			"from": [6.28034, 18.90856, 3.97186],
			"to": [8.46434, 21.90668, 6.26311],
			"rotation": {"angle": 22.5, "axis": "x", "origin": [8.04598, 15.01511, 7.80119]},
			"faces": {
				"north": {"uv": [8.25, 10, 7.25, 8], "texture": "#0"},
				"east": {"uv": [8.25, 10, 7.25, 8], "rotation": 270, "texture": "#0"},
				"south": {"uv": [8.25, 10, 7.25, 8], "rotation": 180, "texture": "#0"},
				"west": {"uv": [8.25, 10, 7.25, 8], "rotation": 90, "texture": "#0"},
				"up": {"uv": [8.25, 10, 7.25, 8], "rotation": 180, "texture": "#0"},
				"down": {"uv": [8.25, 10, 7.25, 8], "texture": "#0"}
			}
		},
		{
			"from": [6.47534, 17.81503, 5.99657],
			"to": [8.46434, 20.13065, 7.89782],
			"rotation": {"angle": 0, "axis": "x", "origin": [8.04598, 15.01511, 7.80119]},
			"faces": {
				"north": {"uv": [8.25, 10, 7.25, 8], "rotation": 180, "texture": "#0"},
				"east": {"uv": [8.25, 10, 7.25, 8], "rotation": 180, "texture": "#0"},
				"south": {"uv": [8.25, 10, 7.25, 8], "rotation": 180, "texture": "#0"},
				"west": {"uv": [8.25, 10, 7.25, 8], "rotation": 180, "texture": "#0"},
				"up": {"uv": [8.25, 10, 7.25, 8], "rotation": 180, "texture": "#0"},
				"down": {"uv": [8.25, 10, 7.25, 8], "rotation": 180, "texture": "#0"}
			}
		},
		{
			"from": [6.67034, 21.24856, 4.45936],
			"to": [8.07434, 23.85668, 6.06811],
			"rotation": {"angle": 22.5, "axis": "x", "origin": [8.04598, 15.01511, 7.80119]},
			"faces": {
				"north": {"uv": [8.25, 10, 7.25, 8], "texture": "#0"},
				"east": {"uv": [8.25, 10, 7.25, 8], "rotation": 270, "texture": "#0"},
				"south": {"uv": [8.25, 10, 7.25, 8], "rotation": 180, "texture": "#0"},
				"west": {"uv": [8.25, 10, 7.25, 8], "rotation": 90, "texture": "#0"},
				"up": {"uv": [8.25, 10, 7.25, 8], "rotation": 180, "texture": "#0"},
				"down": {"uv": [8.25, 10, 7.25, 8], "texture": "#0"}
			}
		},
		{
			"from": [7.45034, 8.94205, 5.44254],
			"to": [9.63434, 13.1833, 7.17317],
			"rotation": {"angle": 0, "axis": "x", "origin": [8.04598, 15.01511, 7.80119]},
			"faces": {
				"north": {"uv": [8.25, 10, 7.25, 8], "rotation": 180, "texture": "#0"},
				"east": {"uv": [8.25, 10, 7.25, 8], "rotation": 180, "texture": "#0"},
				"south": {"uv": [8.25, 10, 7.25, 8], "rotation": 180, "texture": "#0"},
				"west": {"uv": [8.25, 10, 7.25, 8], "rotation": 180, "texture": "#0"},
				"up": {"uv": [8.25, 10, 7.25, 8], "rotation": 180, "texture": "#0"},
				"down": {"uv": [8.25, 10, 7.25, 8], "rotation": 180, "texture": "#0"}
			}
		},
		{
			"from": [7.64534, 8.44939, 3.45869],
			"to": [9.43934, 10.35064, 5.18931],
			"rotation": {"angle": -22.5, "axis": "x", "origin": [8.04598, 15.01511, 7.80119]},
			"faces": {
				"north": {"uv": [8.25, 10, 7.25, 8], "rotation": 180, "texture": "#0"},
				"east": {"uv": [8.25, 10, 7.25, 8], "rotation": 180, "texture": "#0"},
				"south": {"uv": [8.25, 10, 7.25, 8], "rotation": 180, "texture": "#0"},
				"west": {"uv": [8.25, 10, 7.25, 8], "rotation": 180, "texture": "#0"},
				"up": {"uv": [8.25, 10, 7.25, 8], "rotation": 180, "texture": "#0"},
				"down": {"uv": [8.25, 10, 7.25, 8], "rotation": 180, "texture": "#0"}
			}
		},
		{
			"from": [7.84034, 6.98689, 3.94619],
			"to": [9.24434, 8.59564, 4.99431],
			"rotation": {"angle": -22.5, "axis": "x", "origin": [8.04598, 15.01511, 7.80119]},
			"faces": {
				"north": {"uv": [8.25, 10, 7.25, 8], "rotation": 180, "texture": "#0"},
				"east": {"uv": [8.25, 10, 7.25, 8], "rotation": 180, "texture": "#0"},
				"south": {"uv": [8.25, 10, 7.25, 8], "rotation": 180, "texture": "#0"},
				"west": {"uv": [8.25, 10, 7.25, 8], "rotation": 180, "texture": "#0"},
				"up": {"uv": [8.25, 10, 7.25, 8], "rotation": 180, "texture": "#0"},
				"down": {"uv": [8.25, 10, 7.25, 8], "rotation": 180, "texture": "#0"}
			}
		}
	],
	"display": {
		"head": {
			"translation": [0.25, -34.25, -2.5],
			"scale": [4, 4, 4]
		}
	},
	"groups": [
		{
			"name": "root",
			"origin": [8, 8, 8],
			"children": [
				{
					"name": "leg_l",
					"origin": [8, 8, 8],
					"children": [
						{
							"name": "0",
							"origin": [8, 8, 8],
							"children": [0, 1, 2, 3, 4, 5, 6, 7, 8, 9, 10]
						}
					]
				}
			]
		}
	]
}