{
	"credit": "Made with Blockbench",
	"texture_size": [32, 32],
	"textures": {
		"0": "dyno/head",
		"particle": "dyno/head"
	},
	"elements": [
		{
			"from": [6.08534, 2.27645, 6.35987],
			"to": [9.82934, 4.49457, 11.28362],
			"rotation": {"angle": 0, "axis": "y", "origin": [7.95734, 3.38551, 8.82174]},
			"faces": {
				"north": {"uv": [13.25, 2, 12, 2.75], "texture": "#0"},
				"east": {"uv": [13, 2, 11.75, 2.75], "texture": "#0"},
				"south": {"uv": [13, 2, 11.75, 2.75], "texture": "#0"},
				"west": {"uv": [13, 2, 11.75, 2.75], "texture": "#0"},
				"up": {"uv": [13.25, 6.5, 11.75, 7], "rotation": 90, "texture": "#0"},
				"down": {"uv": [13, 3, 11.75, 4.25], "texture": "#0"}
			}
		},
		{
			"from": [6.28034, 3.73895, 8.11487],
			"to": [9.63434, 5.95707, 13.72112],
			"rotation": {"angle": -22.5, "axis": "x", "origin": [7.95734, 4.84801, 11.99049]},
			"faces": {
				"north": {"uv": [13.25, 4.75, 11.5, 5.75], "texture": "#0"},
				"east": {"uv": [13.25, 4.75, 11.5, 5.75], "rotation": 180, "texture": "#0"},
				"south": {"uv": [13.25, 4.75, 11.5, 5.75], "rotation": 180, "texture": "#0"},
				"west": {"uv": [13.25, 4.75, 11.5, 5.75], "rotation": 180, "texture": "#0"},
				"up": {"uv": [13.25, 5.75, 11.5, 6.75], "texture": "#0"},
				"down": {"uv": [13.25, 3.75, 11.5, 4.5], "texture": "#0"}
			}
		},
		{
			"from": [6.76784, 4.22645, 12.98987],
			"to": [9.14684, 5.76207, 14.69612],
			"rotation": {"angle": -22.5, "axis": "x", "origin": [7.95734, 4.84801, 11.99049]},
			"faces": {
				"north": {"uv": [11.5, 5.75, 12.75, 6.75], "rotation": 180, "texture": "#0"},
				"east": {"uv": [11.5, 5.75, 12.75, 6.75], "rotation": 180, "texture": "#0"},
				"south": {"uv": [11.5, 5.75, 12.75, 6.75], "rotation": 180, "texture": "#0"},
				"west": {"uv": [12, 6, 13.25, 7], "rotation": 180, "texture": "#0"},
				"up": {"uv": [11.5, 5.75, 12.75, 6.75], "rotation": 180, "texture": "#0"},
				"down": {"uv": [11.5, 5.75, 12.75, 6.75], "rotation": 180, "texture": "#0"}
			}
		},
		{
			"from": [7.06034, 5.78645, 13.76987],
			"to": [7.87934, 6.73707, 15.47612],
			"rotation": {"angle": 22.5, "axis": "x", "origin": [7.76234, 6.21301, 12.77049]},
			"faces": {
				"north": {"uv": [11.5, 11.5, 10.5, 12], "texture": "#0"},
				"east": {"uv": [11.5, 11.5, 10.5, 12], "texture": "#0"},
				"south": {"uv": [11.5, 11.5, 10.5, 12], "texture": "#0"},
				"west": {"uv": [11.5, 11.5, 10.5, 12], "texture": "#0"},
				"up": {"uv": [11.5, 11.5, 10.5, 12], "rotation": 90, "texture": "#0"},
				"down": {"uv": [11.5, 11.5, 10.5, 12], "texture": "#0"}
			}
		},
		{
			"from": [7.20659, 5.98145, 15.32987],
			"to": [7.73309, 6.68832, 16.25612],
			"rotation": {"angle": 45, "axis": "x", "origin": [7.76234, 6.21301, 14.13549]},
			"faces": {
				"north": {"uv": [11.5, 11.5, 10.5, 12], "texture": "#0"},
				"east": {"uv": [11.5, 11.5, 10.5, 12], "texture": "#0"},
				"south": {"uv": [11.5, 11.5, 10.5, 12], "texture": "#0"},
				"west": {"uv": [11.5, 11.5, 10.5, 12], "texture": "#0"},
				"up": {"uv": [11.5, 11.5, 10.5, 12], "rotation": 90, "texture": "#0"},
				"down": {"uv": [11.5, 11.5, 10.5, 12], "texture": "#0"}
			}
		},
		{
			"from": [8.23034, 5.78645, 13.76987],
			"to": [9.04934, 6.73707, 15.47612],
			"rotation": {"angle": 22.5, "axis": "x", "origin": [8.93234, 6.21301, 12.77049]},
			"faces": {
				"north": {"uv": [11.5, 11.5, 10.5, 12], "texture": "#0"},
				"east": {"uv": [11.5, 11.5, 10.5, 12], "texture": "#0"},
				"south": {"uv": [11.5, 11.5, 10.5, 12], "texture": "#0"},
				"west": {"uv": [11.5, 11.5, 10.5, 12], "texture": "#0"},
				"up": {"uv": [11.5, 11.5, 10.5, 12], "rotation": 90, "texture": "#0"},
				"down": {"uv": [11.5, 11.5, 10.5, 12], "texture": "#0"}
			}
		},
		{
			"from": [8.37659, 5.98145, 15.32987],
			"to": [8.90309, 6.68832, 16.54862],
			"rotation": {"angle": 45, "axis": "x", "origin": [8.93234, 6.21301, 14.13549]},
			"faces": {
				"north": {"uv": [11.5, 11.5, 10.5, 12], "texture": "#0"},
				"east": {"uv": [11.5, 11.5, 10.5, 12], "texture": "#0"},
				"south": {"uv": [11.5, 11.5, 10.5, 12], "texture": "#0"},
				"west": {"uv": [11.5, 11.5, 10.5, 12], "texture": "#0"},
				"up": {"uv": [11.5, 11.5, 10.5, 12], "rotation": 90, "texture": "#0"},
				"down": {"uv": [11.5, 11.5, 10.5, 12], "texture": "#0"}
			}
		},
		{
			"from": [7.06034, 2.47145, 4.40987],
			"to": [8.85434, 4.78707, 7.87112],
			"rotation": {"angle": 0, "axis": "y", "origin": [7.95734, 3.38551, 6.87174]},
			"faces": {
				"north": {"uv": [13.25, 2, 12, 2.75], "texture": "#0"},
				"east": {"uv": [13, 2, 11.75, 2.75], "texture": "#0"},
				"south": {"uv": [13, 2, 11.75, 2.75], "texture": "#0"},
				"west": {"uv": [13, 2, 11.75, 2.75], "texture": "#0"},
				"up": {"uv": [13.25, 6.5, 11.75, 7], "rotation": 90, "texture": "#0"},
				"down": {"uv": [13, 3, 11.75, 4.25], "texture": "#0"}
			}
		},
		{
			"from": [7.40159, 2.95895, 1.43612],
			"to": [8.51309, 3.90957, 4.94612],
			"rotation": {"angle": -22.5, "axis": "x", "origin": [7.95734, 3.72676, 2.63049]},
			"faces": {
				"north": {"uv": [11.5, 11.5, 10.5, 12], "rotation": 90, "texture": "#0"},
				"east": {"uv": [11.5, 11.5, 10.5, 12], "texture": "#0"},
				"south": {"uv": [11.5, 11.5, 10.5, 12], "rotation": 90, "texture": "#0"},
				"west": {"uv": [11.5, 11.5, 10.5, 12], "rotation": 90, "texture": "#0"},
				"up": {"uv": [11.5, 11.5, 10.5, 12], "rotation": 90, "texture": "#0"},
				"down": {"uv": [11.5, 11.5, 10.5, 12], "rotation": 90, "texture": "#0"}
			}
		},
		{
			"from": [7.40159, 2.49671, 1.46962],
			"to": [8.51309, 3.44733, 5.02837],
			"rotation": {"angle": 0, "axis": "y", "origin": [7.95734, 2.97202, 3.10274]},
			"faces": {
				"north": {"uv": [11.5, 11.5, 10.5, 12], "texture": "#0"},
				"east": {"uv": [11.5, 11.5, 10.5, 12], "texture": "#0"},
				"south": {"uv": [11.5, 11.5, 10.5, 12], "texture": "#0"},
				"west": {"uv": [11.5, 11.5, 10.5, 12], "texture": "#0"},
				"up": {"uv": [11.5, 11.5, 10.5, 12], "rotation": 90, "texture": "#0"},
				"down": {"uv": [11.5, 11.5, 10.5, 12], "texture": "#0"}
			}
		},
		{
			"from": [7.40159, 3.08171, 3.02962],
			"to": [8.51309, 3.83733, 5.02837],
			"rotation": {"angle": 0, "axis": "y", "origin": [7.95734, 2.97202, 3.10274]},
			"faces": {
				"north": {"uv": [11.5, 11.5, 10.5, 12], "rotation": 180, "texture": "#0"},
				"east": {"uv": [11.5, 11.5, 10.5, 12], "texture": "#0"},
				"south": {"uv": [11.5, 11.5, 10.5, 12], "rotation": 180, "texture": "#0"},
				"west": {"uv": [11.5, 11.5, 10.5, 12], "rotation": 180, "texture": "#0"},
				"up": {"uv": [11.5, 11.5, 10.5, 12], "rotation": 90, "texture": "#0"},
				"down": {"uv": [11.5, 11.5, 10.5, 12], "rotation": 180, "texture": "#0"}
			}
		},
		{
			"from": [9.01034, 2.47145, 4.01987],
			"to": [10.80434, 4.78707, 7.48112],
			"rotation": {"angle": 0, "axis": "y", "origin": [9.90734, 3.38551, 6.48174]},
			"faces": {
				"north": {"uv": [13.25, 2, 12, 2.75], "texture": "#0"},
				"east": {"uv": [13, 2, 11.75, 2.75], "texture": "#0"},
				"south": {"uv": [13, 2, 11.75, 2.75], "texture": "#0"},
				"west": {"uv": [13, 2, 11.75, 2.75], "texture": "#0"},
				"up": {"uv": [13.25, 6.5, 11.75, 7], "rotation": 90, "texture": "#0"},
				"down": {"uv": [13, 3, 11.75, 4.25], "texture": "#0"}
			}
		},
		{
			"from": [9.35159, 2.95895, 1.04612],
			"to": [10.46309, 3.90957, 4.55612],
			"rotation": {"angle": -22.5, "axis": "x", "origin": [9.90734, 3.72676, 2.24049]},
			"faces": {
				"north": {"uv": [11.5, 11.5, 10.5, 12], "texture": "#0"},
				"east": {"uv": [11.5, 11.5, 10.5, 12], "texture": "#0"},
				"south": {"uv": [11.5, 11.5, 10.5, 12], "texture": "#0"},
				"west": {"uv": [11.5, 11.5, 10.5, 12], "texture": "#0"},
				"up": {"uv": [11.5, 11.5, 10.5, 12], "rotation": 90, "texture": "#0"},
				"down": {"uv": [11.5, 11.5, 10.5, 12], "texture": "#0"}
			}
		},
		{
			"from": [9.35159, 2.49671, 1.07962],
			"to": [10.46309, 3.44733, 4.63837],
			"rotation": {"angle": 0, "axis": "y", "origin": [9.90734, 2.97202, 2.71274]},
			"faces": {
				"north": {"uv": [11.5, 11.5, 10.5, 12], "texture": "#0"},
				"east": {"uv": [11.5, 11.5, 10.5, 12], "texture": "#0"},
				"south": {"uv": [11.5, 11.5, 10.5, 12], "texture": "#0"},
				"west": {"uv": [11.5, 11.5, 10.5, 12], "texture": "#0"},
				"up": {"uv": [11.5, 11.5, 10.5, 12], "rotation": 90, "texture": "#0"},
				"down": {"uv": [11.5, 11.5, 10.5, 12], "texture": "#0"}
			}
		},
		{
			"from": [9.35159, 3.08171, 2.63962],
			"to": [10.46309, 3.83733, 4.63837],
			"rotation": {"angle": 0, "axis": "y", "origin": [9.90734, 2.97202, 2.71274]},
			"faces": {
				"north": {"uv": [11.5, 11.5, 10.5, 12], "rotation": 180, "texture": "#0"},
				"east": {"uv": [11.5, 11.5, 10.5, 12], "texture": "#0"},
				"south": {"uv": [11.5, 11.5, 10.5, 12], "rotation": 180, "texture": "#0"},
				"west": {"uv": [11.5, 11.5, 10.5, 12], "rotation": 180, "texture": "#0"},
				"up": {"uv": [11.5, 11.5, 10.5, 12], "rotation": 90, "texture": "#0"},
				"down": {"uv": [11.5, 11.5, 10.5, 12], "rotation": 180, "texture": "#0"}
			}
		},
		{
			"from": [5.11034, 2.47145, 5.18987],
			"to": [6.90434, 4.78707, 8.65112],
			"rotation": {"angle": 0, "axis": "y", "origin": [6.00734, 3.38551, 7.65174]},
			"faces": {
				"north": {"uv": [13.25, 2, 12, 2.75], "texture": "#0"},
				"east": {"uv": [13, 2, 11.75, 2.75], "texture": "#0"},
				"south": {"uv": [13, 2, 11.75, 2.75], "texture": "#0"},
				"west": {"uv": [13, 2, 11.75, 2.75], "texture": "#0"},
				"up": {"uv": [13.25, 6.5, 11.75, 7], "rotation": 90, "texture": "#0"},
				"down": {"uv": [13, 3, 11.75, 4.25], "texture": "#0"}
			}
		},
		{
			"from": [5.45159, 2.95895, 2.21612],
			"to": [6.56309, 3.90957, 5.72612],
			"rotation": {"angle": -22.5, "axis": "x", "origin": [6.00734, 3.72676, 3.41049]},
			"faces": {
				"north": {"uv": [11.5, 11.5, 10.5, 12], "texture": "#0"},
				"east": {"uv": [11.5, 11.5, 10.5, 12], "texture": "#0"},
				"south": {"uv": [11.5, 11.5, 10.5, 12], "texture": "#0"},
				"west": {"uv": [11.5, 11.5, 10.5, 12], "texture": "#0"},
				"up": {"uv": [11.5, 11.5, 10.5, 12], "rotation": 90, "texture": "#0"},
				"down": {"uv": [11.5, 11.5, 10.5, 12], "texture": "#0"}
			}
		},
		{
			"from": [5.45159, 2.49671, 2.24962],
			"to": [6.56309, 3.44733, 5.80837],
			"rotation": {"angle": 0, "axis": "y", "origin": [6.00734, 2.97202, 3.88274]},
			"faces": {
				"north": {"uv": [11.5, 11.5, 10.5, 12], "texture": "#0"},
				"east": {"uv": [11.5, 11.5, 10.5, 12], "texture": "#0"},
				"south": {"uv": [11.5, 11.5, 10.5, 12], "texture": "#0"},
				"west": {"uv": [11.5, 11.5, 10.5, 12], "texture": "#0"},
				"up": {"uv": [11.5, 11.5, 10.5, 12], "rotation": 90, "texture": "#0"},
				"down": {"uv": [11.5, 11.5, 10.5, 12], "texture": "#0"}
			}
		},
		{
			"from": [5.45159, 3.08171, 3.80962],
			"to": [6.56309, 3.83733, 5.80837],
			"rotation": {"angle": 0, "axis": "y", "origin": [6.00734, 2.97202, 3.88274]},
			"faces": {
				"north": {"uv": [11.5, 11.5, 10.5, 12], "rotation": 180, "texture": "#0"},
				"east": {"uv": [11.5, 11.5, 10.5, 12], "texture": "#0"},
				"south": {"uv": [11.5, 11.5, 10.5, 12], "rotation": 180, "texture": "#0"},
				"west": {"uv": [11.5, 11.5, 10.5, 12], "rotation": 180, "texture": "#0"},
				"up": {"uv": [11.5, 11.5, 10.5, 12], "rotation": 90, "texture": "#0"},
				"down": {"uv": [11.5, 11.5, 10.5, 12], "rotation": 180, "texture": "#0"}
			}
		}
	],
	"display": {
		"head": {
			"translation": [0, 4.75, -17],
			"scale": [4, 4, 4]
		}
	},
	"groups": [
		{
			"name": "root",
			"origin": [8, 8, 8],
			"children": [
				{
					"name": "leg_l",
					"origin": [8, 8, 8],
					"children": [
						{
							"name": "2",
							"origin": [8, 8, 8],
							"children": [0, 1, 2, 3, 4, 5, 6,
								{
									"name": "group",
									"origin": [4.825, 0.56711, 4.46644],
									"children": [7, 8, 9, 10]
								},
								{
									"name": "group",
									"origin": [4.825, 0.56711, 4.46644],
									"children": [11, 12, 13, 14]
								},
								{
									"name": "group",
									"origin": [4.825, 0.56711, 4.46644],
									"children": [15, 16, 17, 18]
								}
							]
						}
					]
				}
			]
		}
	]
}