{
	"credit": "Made with Blockbench",
	"texture_size": [32, 32],
	"textures": {
		"0": "dyno/head",
		"particle": "dyno/head"
	},
	"elements": [
		{
			"from": [5.33825, 4.63896, 6.0725],
			"to": [10.66175, 8.58771, 10.265],
			"rotation": {"angle": 0, "axis": "y", "origin": [11.2175, 9.12396, 11.435]},
			"faces": {
				"north": {"uv": [11.5, 4.5, 13.25, 6.75], "texture": "#0"},
				"east": {"uv": [11.5, 3.75, 13.25, 6], "texture": "#0"},
				"south": {"uv": [11.5, 4.25, 13.25, 6.5], "texture": "#0"},
				"west": {"uv": [11.5, 4, 13.25, 6.25], "texture": "#0"},
				"up": {"uv": [11.5, 3.25, 13.25, 4.75], "texture": "#0"},
				"down": {"uv": [5.75, 7.75, 7.5, 10], "texture": "#0"}
			}
		},
		{
			"from": [5.0945, 7.80771, 5.8775],
			"to": [10.9055, 8.44146, 10.655],
			"rotation": {"angle": -22.5, "axis": "x", "origin": [8, 8.12458, 8.26625]},
			"faces": {
				"north": {"uv": [7, 8.75, 8.75, 9.25], "texture": "#0"},
				"east": {"uv": [7, 8.75, 8.75, 9.25], "texture": "#0"},
				"south": {"uv": [7, 8.75, 8.75, 9.25], "texture": "#0"},
				"west": {"uv": [7, 8.75, 8.75, 9.25], "texture": "#0"},
				"up": {"uv": [2.75, 8, 4.5, 10.25], "rotation": 90, "texture": "#0"},
				"down": {"uv": [7, 8.75, 8.75, 9.25], "texture": "#0"}
			}
		},
		{
			"from": [5.55275, 3.56646, 6.0725],
			"to": [10.44725, 4.63896, 10.265],
			"rotation": {"angle": 0, "axis": "y", "origin": [11.2175, 8.05146, 11.435]},
			"faces": {
				"north": {"uv": [16, 0, 13.25, 1.5], "texture": "#0"},
				"east": {"uv": [16, 0, 13.25, 1.5], "texture": "#0"},
				"south": {"uv": [16, 0, 13.25, 1.5], "texture": "#0"},
				"west": {"uv": [16, 0, 13.25, 1.5], "texture": "#0"},
				"up": {"uv": [16, 0, 13.25, 1.5], "texture": "#0"},
				"down": {"uv": [16, 0, 13.25, 1.5], "texture": "#0"}
			}
		},
		{
			"from": [5.8745, 8.58771, 6.0725],
			"to": [10.1255, 9.85521, 10.265],
			"rotation": {"angle": 0, "axis": "y", "origin": [11.2175, 10.73271, 11.435]},
			"faces": {
				"north": {"uv": [11.5, 0, 13.25, 1.5], "texture": "#0"},
				"east": {"uv": [11.5, 0, 13.25, 1.5], "texture": "#0"},
				"south": {"uv": [11.5, 0, 13.25, 1.5], "texture": "#0"},
				"west": {"uv": [11.5, 0, 13.25, 1.5], "texture": "#0"},
				"up": {"uv": [11.5, 1.25, 13.25, 3], "rotation": 90, "texture": "#0"},
				"down": {"uv": [11.5, 0, 13.25, 1.5], "texture": "#0"}
			}
		},
		{
			"from": [8.78, 9.78208, 6.02375],
			"to": [9.365, 10.75708, 10.11875],
			"rotation": {"angle": 0, "axis": "y", "origin": [5.075, 11.73208, 11.38625]},
			"faces": {
				"north": {"uv": [3.75, 9.5, 4.5, 9], "texture": "#0"},
				"east": {"uv": [3.75, 10, 4.5, 8.5], "rotation": 90, "texture": "#0"},
				"south": {"uv": [3.75, 10, 4.5, 8.5], "texture": "#0"},
				"west": {"uv": [3.75, 10, 4.5, 8.5], "rotation": 270, "texture": "#0"},
				"up": {"uv": [3.75, 10, 4.5, 8.5], "texture": "#0"},
				"down": {"uv": [3.75, 10, 4.5, 8.5], "texture": "#0"}
			}
		},
		{
			"from": [6.635, 9.78208, 6.02375],
			"to": [7.22, 10.75708, 10.11875],
			"rotation": {"angle": 0, "axis": "y", "origin": [10.925, 11.73208, 11.38625]},
			"faces": {
				"north": {"uv": [3.75, 9.5, 4.5, 9], "texture": "#0"},
				"east": {"uv": [3.75, 10, 4.5, 8.5], "rotation": 90, "texture": "#0"},
				"south": {"uv": [3.75, 10, 4.5, 8.5], "texture": "#0"},
				"west": {"uv": [3.75, 10, 4.5, 8.5], "rotation": 270, "texture": "#0"},
				"up": {"uv": [3.75, 10, 4.5, 8.5], "texture": "#0"},
				"down": {"uv": [3.75, 10, 4.5, 8.5], "texture": "#0"}
			}
		}
	],
	"display": {
		"head": {
			"translation": [0, -2.25, 4.25],
			"scale": [4, 4, 4]
		}
	},
	"groups": [
		{
			"name": "root",
			"origin": [8, 8, 8],
			"children": [
				{
					"name": "neck",
					"origin": [8, 8, 8],
					"children": [
						{
							"name": "2",
							"origin": [8, 8, 8],
							"children": [0, 1, 2, 3, 4, 5]
						}
					]
				}
			]
		}
	]
}