{
	"credit": "Made with Blockbench",
	"texture_size": [32, 32],
	"textures": {
		"0": "dyno/head",
		"particle": "dyno/head"
	},
	"elements": [
		{
			"from": [5.7575, 5.00458, 6.21875],
			"to": [10.2425, 8.41708, 9.24125],
			"rotation": {"angle": 0, "axis": "y", "origin": [10.925, 8.90458, 11.58125]},
			"faces": {
				"north": {"uv": [11.5, 4.5, 13.25, 6.75], "texture": "#0"},
				"east": {"uv": [11.5, 4.5, 13.25, 6.75], "texture": "#0"},
				"south": {"uv": [11.5, 4.25, 13.25, 6.5], "texture": "#0"},
				"west": {"uv": [11.5, 4.5, 13.25, 6.75], "texture": "#0"},
				"up": {"uv": [11.5, 3.25, 13.25, 4.75], "texture": "#0"},
				"down": {"uv": [5.75, 7.75, 7.5, 10], "texture": "#0"}
			}
		},
		{
			"from": [5.5625, 7.73458, 6.02375],
			"to": [10.4375, 8.22208, 9.43625],
			"rotation": {"angle": 0, "axis": "y", "origin": [10.925, 8.90458, 11.58125]},
			"faces": {
				"north": {"uv": [7, 8.75, 8.75, 9.25], "texture": "#0"},
				"east": {"uv": [7, 8.75, 8.75, 9.25], "texture": "#0"},
				"south": {"uv": [7, 8.75, 8.75, 9.25], "texture": "#0"},
				"west": {"uv": [7, 8.75, 8.75, 9.25], "texture": "#0"},
				"up": {"uv": [2.75, 8, 4.5, 10.25], "rotation": 90, "texture": "#0"},
				"down": {"uv": [7, 8.75, 8.75, 9.25], "texture": "#0"}
			}
		},
		{
			"from": [5.9525, 3.93208, 6.21875],
			"to": [10.0475, 5.00458, 9.24125],
			"rotation": {"angle": 0, "axis": "y", "origin": [10.925, 7.92958, 11.58125]},
			"faces": {
				"north": {"uv": [16, 0, 13.25, 1.5], "texture": "#0"},
				"east": {"uv": [16, 0, 13.25, 1.5], "texture": "#0"},
				"south": {"uv": [16, 0, 13.25, 1.5], "texture": "#0"},
				"west": {"uv": [16, 0, 13.25, 1.5], "texture": "#0"},
				"up": {"uv": [16, 0, 13.25, 1.5], "texture": "#0"},
				"down": {"uv": [16, 0, 13.25, 1.5], "texture": "#0"}
			}
		},
		{
			"from": [6.245, 8.41708, 6.21875],
			"to": [9.755, 9.39208, 9.24125],
			"rotation": {"angle": 0, "axis": "y", "origin": [10.925, 10.36708, 11.58125]},
			"faces": {
				"north": {"uv": [11.5, 0, 13.25, 1.5], "texture": "#0"},
				"east": {"uv": [11.5, 0, 13.25, 1.5], "texture": "#0"},
				"south": {"uv": [11.5, 0, 13.25, 1.5], "texture": "#0"},
				"west": {"uv": [11.5, 0, 13.25, 1.5], "texture": "#0"},
				"up": {"uv": [11.5, 1.25, 13.25, 3], "rotation": 90, "texture": "#0"},
				"down": {"uv": [11.5, 0, 13.25, 1.5], "texture": "#0"}
			}
		},
		{
			"from": [6.635, 9.39208, 6.21875],
			"to": [7.22, 10.36708, 9.14375],
			"rotation": {"angle": 0, "axis": "y", "origin": [10.925, 11.34208, 11.58125]},
			"faces": {
				"north": {"uv": [3.75, 9.5, 4.5, 9], "texture": "#0"},
				"east": {"uv": [3.75, 10, 4.5, 8.5], "rotation": 90, "texture": "#0"},
				"south": {"uv": [3.75, 10, 4.5, 8.5], "texture": "#0"},
				"west": {"uv": [3.75, 10, 4.5, 8.5], "rotation": 270, "texture": "#0"},
				"up": {"uv": [3.75, 10, 4.5, 8.5], "texture": "#0"},
				"down": {"uv": [3.75, 10, 4.5, 8.5], "texture": "#0"}
			}
		},
		{
			"from": [8.78, 9.39208, 6.21875],
			"to": [9.365, 10.36708, 9.14375],
			"rotation": {"angle": 0, "axis": "y", "origin": [5.075, 11.34208, 11.58125]},
			"faces": {
				"north": {"uv": [3.75, 9.5, 4.5, 9], "texture": "#0"},
				"east": {"uv": [3.75, 10, 4.5, 8.5], "rotation": 90, "texture": "#0"},
				"south": {"uv": [3.75, 10, 4.5, 8.5], "texture": "#0"},
				"west": {"uv": [3.75, 10, 4.5, 8.5], "rotation": 270, "texture": "#0"},
				"up": {"uv": [3.75, 10, 4.5, 8.5], "texture": "#0"},
				"down": {"uv": [3.75, 10, 4.5, 8.5], "texture": "#0"}
			}
		}
	],
	"display": {
		"head": {
			"translation": [0, -2.75, -1.5],
			"scale": [4, 4, 4]
		}
	},
	"groups": [
		{
			"name": "root",
			"origin": [8, 8, 8],
			"children": [
				{
					"name": "neck",
					"origin": [8, 8, 8],
					"children": [
						{
							"name": "0",
							"origin": [8, 8, 8],
							"children": [0, 1, 2, 3, 4, 5]
						}
					]
				}
			]
		}
	]
}