{
	"credit": "Made with Blockbench",
	"texture_size": [32, 32],
	"textures": {
		"0": "dyno/head",
		"particle": "dyno/head"
	},
	"elements": [
		{
			"from": [3.90207, 4.63451, -5.92516],
			"to": [12.09792, 10.66733, 5.20531],
			"rotation": {"angle": 0, "axis": "y", "origin": [9.95946, 11.19821, -9.89244]},
			"faces": {
				"north": {"uv": [12.75, 3, 11.5, 4.25], "texture": "#0"},
				"east": {"uv": [12.75, 3, 11.5, 4.25], "texture": "#0"},
				"south": {"uv": [12.75, 3, 11.5, 4.25], "texture": "#0"},
				"west": {"uv": [12.75, 3, 11.5, 4.25], "texture": "#0"},
				"up": {"uv": [12.75, 3, 11.5, 4.25], "texture": "#0"},
				"down": {"uv": [12.75, 3, 11.5, 4.25], "texture": "#0"}
			}
		},
		{
			"from": [5.21832, 10.42601, -5.92516],
			"to": [10.78167, 11.63258, 5.20531],
			"rotation": {"angle": 0, "axis": "y", "origin": [9.95946, 12.60221, -9.89244]},
			"faces": {
				"north": {"uv": [12.75, 3, 11.5, 4.25], "texture": "#0"},
				"east": {"uv": [13, 2.5, 11.75, 2.75], "texture": "#0"},
				"south": {"uv": [12.75, 3, 11.5, 4.25], "texture": "#0"},
				"west": {"uv": [12.75, 2.5, 11.5, 2.75], "texture": "#0"},
				"up": {"uv": [12.75, 1.75, 11.5, 2.5], "rotation": 90, "texture": "#0"},
				"down": {"uv": [12.75, 3, 11.5, 4.25], "texture": "#0"}
			}
		},
		{
			"from": [6.97332, 11.30351, -6.12016],
			"to": [9.02667, 12.07133, 5.28331],
			"rotation": {"angle": 0, "axis": "y", "origin": [9.95946, 12.60221, -9.89244]},
			"faces": {
				"north": {"uv": [11.5, 6, 12.25, 6.5], "rotation": 90, "texture": "#0"},
				"east": {"uv": [11.5, 6, 12.25, 6.5], "rotation": 90, "texture": "#0"},
				"south": {"uv": [11.5, 6, 12.25, 6.5], "rotation": 90, "texture": "#0"},
				"west": {"uv": [11.5, 6, 12.25, 6.5], "rotation": 90, "texture": "#0"},
				"up": {"uv": [11.5, 6, 12.25, 6.5], "rotation": 90, "texture": "#0"},
				"down": {"uv": [11.5, 6, 12.25, 6.5], "rotation": 90, "texture": "#0"}
			}
		},
		{
			"from": [4.7708, 2.85124, -5.90761],
			"to": [11.2292, 4.87583, -1.81944],
			"rotation": {"angle": 0, "axis": "y", "origin": [9.95946, 8.78509, -7.65481]},
			"faces": {
				"north": {"uv": [16, 0, 13.25, 1.5], "texture": "#0"},
				"east": {"uv": [16, 0, 13.25, 1.5], "texture": "#0"},
				"south": {"uv": [16, 0, 13.25, 1.5], "texture": "#0"},
				"west": {"uv": [16, 0, 13.25, 1.5], "texture": "#0"},
				"up": {"uv": [16, 0, 13.25, 1.5], "texture": "#0"},
				"down": {"uv": [16, 0, 13.25, 1.5], "texture": "#0"}
			}
		},
		{
			"from": [5.6483, 3.22174, -1.88086],
			"to": [10.3517, 4.87583, 2.12931],
			"rotation": {"angle": 0, "axis": "y", "origin": [9.95946, 8.78509, -3.70606]},
			"faces": {
				"north": {"uv": [16, 0, 13.25, 1.5], "texture": "#0"},
				"east": {"uv": [16, 0, 13.25, 1.5], "texture": "#0"},
				"south": {"uv": [16, 0, 13.25, 1.5], "texture": "#0"},
				"west": {"uv": [16, 0, 13.25, 1.5], "texture": "#0"},
				"up": {"uv": [16, 0, 13.25, 1.5], "texture": "#0"},
				"down": {"uv": [16, 0, 13.25, 1.5], "texture": "#0"}
			}
		},
		{
			"from": [5.8238, 3.22174, 2.11176],
			"to": [10.1762, 4.65645, 5.23956],
			"rotation": {"angle": 0, "axis": "y", "origin": [9.95946, 8.78509, 0.24269]},
			"faces": {
				"north": {"uv": [12.75, 3, 11.5, 4.25], "texture": "#0"},
				"east": {"uv": [12.75, 3, 11.5, 4.25], "texture": "#0"},
				"south": {"uv": [12.75, 3, 11.5, 4.25], "texture": "#0"},
				"west": {"uv": [12.75, 3, 11.5, 4.25], "texture": "#0"},
				"up": {"uv": [12.75, 3, 11.5, 4.25], "texture": "#0"},
				"down": {"uv": [12.75, 3, 11.5, 4.25], "texture": "#0"}
			}
		},
		{
			"from": [7.41208, 9.75552, -6.01425],
			"to": [8.58792, 13.59458, -4.12677],
			"rotation": {"angle": -45, "axis": "x", "origin": [8, 12.83785, -5.2014]},
			"faces": {
				"north": {"uv": [11.5, 6, 12.25, 6.5], "rotation": 90, "texture": "#0"},
				"east": {"uv": [11.5, 6, 12.25, 6.5], "rotation": 90, "texture": "#0"},
				"south": {"uv": [11.5, 6, 12.25, 6.5], "rotation": 90, "texture": "#0"},
				"west": {"uv": [11.5, 6, 12.25, 6.5], "rotation": 90, "texture": "#0"},
				"up": {"uv": [11.5, 6, 12.25, 6.5], "rotation": 90, "texture": "#0"},
				"down": {"uv": [11.5, 6, 12.25, 6.5], "rotation": 90, "texture": "#0"}
			}
		},
		{
			"from": [7.58757, 12.48811, -7.92789],
			"to": [8.41242, 13.49808, -4.79083],
			"rotation": {"angle": 22.5, "axis": "x", "origin": [8, 12.83785, -5.2014]},
			"faces": {
				"north": {"uv": [11.5, 6, 12.25, 6.5], "rotation": 90, "texture": "#0"},
				"east": {"uv": [11.5, 6, 12.25, 6.5], "rotation": 90, "texture": "#0"},
				"south": {"uv": [11.5, 6, 12.25, 6.5], "rotation": 90, "texture": "#0"},
				"west": {"uv": [11.5, 6, 12.25, 6.5], "rotation": 90, "texture": "#0"},
				"up": {"uv": [11.5, 6, 12.25, 6.5], "rotation": 90, "texture": "#0"},
				"down": {"uv": [11.5, 6, 12.25, 6.5], "rotation": 90, "texture": "#0"}
			}
		},
		{
			"from": [7.41208, 9.31677, -1.929],
			"to": [8.58792, 13.15583, -0.04152],
			"rotation": {"angle": -45, "axis": "x", "origin": [8, 12.3991, -1.11615]},
			"faces": {
				"north": {"uv": [11.5, 6, 12.25, 6.5], "rotation": 90, "texture": "#0"},
				"east": {"uv": [11.5, 6, 12.25, 6.5], "rotation": 90, "texture": "#0"},
				"south": {"uv": [11.5, 6, 12.25, 6.5], "rotation": 90, "texture": "#0"},
				"west": {"uv": [11.5, 6, 12.25, 6.5], "rotation": 90, "texture": "#0"},
				"up": {"uv": [11.5, 6, 12.25, 6.5], "rotation": 90, "texture": "#0"},
				"down": {"uv": [11.5, 6, 12.25, 6.5], "rotation": 90, "texture": "#0"}
			}
		},
		{
			"from": [7.58757, 12.04936, -3.84264],
			"to": [8.41242, 13.05933, -0.70558],
			"rotation": {"angle": 22.5, "axis": "x", "origin": [8, 12.3991, -1.11615]},
			"faces": {
				"north": {"uv": [11.5, 6, 12.25, 6.5], "rotation": 90, "texture": "#0"},
				"east": {"uv": [11.5, 6, 12.25, 6.5], "rotation": 90, "texture": "#0"},
				"south": {"uv": [11.5, 6, 12.25, 6.5], "rotation": 90, "texture": "#0"},
				"west": {"uv": [11.5, 6, 12.25, 6.5], "rotation": 90, "texture": "#0"},
				"up": {"uv": [11.5, 6, 12.25, 6.5], "rotation": 90, "texture": "#0"},
				"down": {"uv": [11.5, 6, 12.25, 6.5], "rotation": 90, "texture": "#0"}
			}
		},
		{
			"from": [7.41208, 9.75552, 1.10325],
			"to": [8.58792, 13.59458, 2.99073],
			"rotation": {"angle": -45, "axis": "x", "origin": [8, 12.83785, 1.9161]},
			"faces": {
				"north": {"uv": [11.5, 6, 12.25, 6.5], "rotation": 90, "texture": "#0"},
				"east": {"uv": [11.5, 6, 12.25, 6.5], "rotation": 90, "texture": "#0"},
				"south": {"uv": [11.5, 6, 12.25, 6.5], "rotation": 90, "texture": "#0"},
				"west": {"uv": [11.5, 6, 12.25, 6.5], "rotation": 90, "texture": "#0"},
				"up": {"uv": [11.5, 6, 12.25, 6.5], "rotation": 90, "texture": "#0"},
				"down": {"uv": [11.5, 6, 12.25, 6.5], "rotation": 90, "texture": "#0"}
			}
		},
		{
			"from": [7.58757, 12.48811, -0.81039],
			"to": [8.41242, 13.49808, 2.32667],
			"rotation": {"angle": 22.5, "axis": "x", "origin": [8, 12.83785, 1.9161]},
			"faces": {
				"north": {"uv": [11.5, 6, 12.25, 6.5], "rotation": 90, "texture": "#0"},
				"east": {"uv": [11.5, 6, 12.25, 6.5], "rotation": 90, "texture": "#0"},
				"south": {"uv": [11.5, 6, 12.25, 6.5], "rotation": 90, "texture": "#0"},
				"west": {"uv": [11.5, 6, 12.25, 6.5], "rotation": 90, "texture": "#0"},
				"up": {"uv": [11.5, 6, 12.25, 6.5], "rotation": 90, "texture": "#0"},
				"down": {"uv": [11.5, 6, 12.25, 6.5], "rotation": 90, "texture": "#0"}
			}
		},
		{
			"from": [7.14005, 2.78299, 1.76076],
			"to": [8.85995, 4.2177, 5.02506],
			"rotation": {"angle": 22.5, "axis": "x", "origin": [8, 3.93909, 3.56841]},
			"faces": {
				"north": {"uv": [11.5, 6, 12.25, 6.5], "rotation": 90, "texture": "#0"},
				"east": {"uv": [11.5, 6, 12.25, 6.5], "rotation": 90, "texture": "#0"},
				"south": {"uv": [11.5, 6, 12.25, 6.5], "rotation": 90, "texture": "#0"},
				"west": {"uv": [11.5, 6, 12.25, 6.5], "rotation": 90, "texture": "#0"},
				"up": {"uv": [11.5, 6, 12.25, 6.5], "rotation": 90, "texture": "#0"},
				"down": {"uv": [11.5, 6, 12.25, 6.5], "rotation": 90, "texture": "#0"}
			}
		}
	],
	"display": {
		"head": {
			"translation": [0, -5, 47.25],
			"scale": [4, 4, 4]
		}
	},
	"groups": [
		{
			"name": "root",
			"origin": [8, 8, 8],
			"children": [
				{
					"name": "tail",
					"origin": [8, 8, 8],
					"children": [
						{
							"name": "0",
							"origin": [8, 8, 8],
							"children": [0, 1, 2, 3, 4, 5,
								{
									"name": "group",
									"origin": [8, 11.24696, 10.81226],
									"children": [6, 7]
								},
								{
									"name": "group",
									"origin": [8, 11.24696, 10.81226],
									"children": [8, 9]
								},
								{
									"name": "group",
									"origin": [8, 11.24696, 10.81226],
									"children": [10, 11, 12]
								}
							]
						}
					]
				}
			]
		}
	]
}