{
	"credit": "Made with Blockbench",
	"texture_size": [32, 32],
	"textures": {
		"0": "dyno/head",
		"particle": "dyno/head"
	},
	"elements": [
		{
			"from": [4.34082, 4.89776, -5.85691],
			"to": [11.65917, 10.40408, 5.19069],
			"rotation": {"angle": 0, "axis": "y", "origin": [8, 9.22561, -0.57306]},
			"faces": {
				"north": {"uv": [12.75, 3, 11.5, 4.25], "texture": "#0"},
				"east": {"uv": [12.75, 3, 11.5, 4.25], "texture": "#0"},
				"south": {"uv": [12.75, 3, 11.5, 4.25], "texture": "#0"},
				"west": {"uv": [12.75, 3, 11.5, 4.25], "texture": "#0"},
				"up": {"uv": [12.75, 3, 11.5, 4.25], "texture": "#0"},
				"down": {"uv": [12.75, 3, 11.5, 4.25], "texture": "#0"}
			}
		},
		{
			"from": [6.09582, 3.58151, -5.85691],
			"to": [9.90417, 5.13908, 5.19069],
			"rotation": {"angle": 0, "axis": "y", "origin": [8, 9.22561, -0.57306]},
			"faces": {
				"north": {"uv": [12.75, 3, 11.5, 4.25], "texture": "#0"},
				"east": {"uv": [12.75, 3, 11.5, 4.25], "texture": "#0"},
				"south": {"uv": [12.75, 3, 11.5, 4.25], "texture": "#0"},
				"west": {"uv": [12.75, 3, 11.5, 4.25], "texture": "#0"},
				"up": {"uv": [12.75, 3, 11.5, 4.25], "texture": "#0"},
				"down": {"uv": [12.75, 3, 11.5, 4.25], "texture": "#0"}
			}
		},
		{
			"from": [5.65707, 9.72401, -5.85691],
			"to": [10.34292, 11.28158, 5.19069],
			"rotation": {"angle": 0, "axis": "y", "origin": [8, 9.22561, -0.57306]},
			"faces": {
				"north": {"uv": [12.75, 3, 11.5, 4.25], "texture": "#0"},
				"east": {"uv": [13, 2.5, 11.75, 2.75], "texture": "#0"},
				"south": {"uv": [12.75, 3, 11.5, 4.25], "texture": "#0"},
				"west": {"uv": [12.75, 2.5, 11.5, 2.75], "texture": "#0"},
				"up": {"uv": [12.75, 1.75, 11.5, 2.5], "rotation": 90, "texture": "#0"},
				"down": {"uv": [12.75, 3, 11.5, 4.25], "texture": "#0"}
			}
		},
		{
			"from": [7.06107, 11.30351, -5.85691],
			"to": [8.93892, 11.98358, 5.19069],
			"rotation": {"angle": 0, "axis": "y", "origin": [8, 9.22561, -0.57306]},
			"faces": {
				"north": {"uv": [6.75, 8.5, 8.25, 9.25], "texture": "#0"},
				"east": {"uv": [6.75, 8.5, 8.25, 9.25], "texture": "#0"},
				"south": {"uv": [6.75, 8.5, 8.25, 9.25], "texture": "#0"},
				"west": {"uv": [6.75, 8.5, 8.25, 9.25], "texture": "#0"},
				"up": {"uv": [6.75, 8.5, 8.25, 9.25], "texture": "#0"},
				"down": {"uv": [6.75, 8.5, 8.25, 9.25], "texture": "#0"}
			}
		},
		{
			"from": [7.41208, 12.10813, -2.04728],
			"to": [8.58792, 15.94719, -0.1598],
			"rotation": {"angle": -45, "axis": "x", "origin": [8, 9.22561, -0.37806]},
			"faces": {
				"north": {"uv": [6.75, 8.5, 8.25, 9.25], "rotation": 90, "texture": "#0"},
				"east": {"uv": [6.75, 8.5, 8.25, 9.25], "rotation": 90, "texture": "#0"},
				"south": {"uv": [6.75, 8.5, 8.25, 9.25], "rotation": 90, "texture": "#0"},
				"west": {"uv": [6.75, 8.5, 8.25, 9.25], "rotation": 90, "texture": "#0"},
				"up": {"uv": [6.75, 8.5, 8.25, 9.25], "rotation": 90, "texture": "#0"},
				"down": {"uv": [6.75, 8.5, 8.25, 9.25], "rotation": 90, "texture": "#0"}
			}
		},
		{
			"from": [7.58757, 10.36733, -8.94308],
			"to": [8.41242, 11.3773, -5.80602],
			"rotation": {"angle": 22.5, "axis": "x", "origin": [8, 9.22561, -0.37806]},
			"faces": {
				"north": {"uv": [6.75, 8.5, 8.25, 9.25], "rotation": 90, "texture": "#0"},
				"east": {"uv": [6.75, 8.5, 8.25, 9.25], "rotation": 90, "texture": "#0"},
				"south": {"uv": [6.75, 8.5, 8.25, 9.25], "rotation": 90, "texture": "#0"},
				"west": {"uv": [6.75, 8.5, 8.25, 9.25], "rotation": 90, "texture": "#0"},
				"up": {"uv": [6.75, 8.5, 8.25, 9.25], "rotation": 90, "texture": "#0"},
				"down": {"uv": [6.75, 8.5, 8.25, 9.25], "rotation": 90, "texture": "#0"}
			}
		},
		{
			"from": [7.41208, 6.64785, 3.023],
			"to": [8.58792, 10.48692, 4.91048],
			"rotation": {"angle": -45, "axis": "x", "origin": [8, 9.22561, -0.76806]},
			"faces": {
				"north": {"uv": [6.75, 8.5, 8.25, 9.25], "rotation": 90, "texture": "#0"},
				"east": {"uv": [6.75, 8.5, 8.25, 9.25], "rotation": 90, "texture": "#0"},
				"south": {"uv": [6.75, 8.5, 8.25, 9.25], "rotation": 90, "texture": "#0"},
				"west": {"uv": [6.75, 8.5, 8.25, 9.25], "rotation": 90, "texture": "#0"},
				"up": {"uv": [6.75, 8.5, 8.25, 9.25], "rotation": 90, "texture": "#0"},
				"down": {"uv": [6.75, 8.5, 8.25, 9.25], "rotation": 90, "texture": "#0"}
			}
		},
		{
			"from": [7.58757, 13.32241, -2.19889],
			"to": [8.41242, 14.33238, 0.93818],
			"rotation": {"angle": 22.5, "axis": "x", "origin": [8, 9.22561, -0.76806]},
			"faces": {
				"north": {"uv": [6.75, 8.5, 8.25, 9.25], "rotation": 90, "texture": "#0"},
				"east": {"uv": [6.75, 8.5, 8.25, 9.25], "rotation": 90, "texture": "#0"},
				"south": {"uv": [6.75, 8.5, 8.25, 9.25], "rotation": 90, "texture": "#0"},
				"west": {"uv": [6.75, 8.5, 8.25, 9.25], "rotation": 90, "texture": "#0"},
				"up": {"uv": [6.75, 8.5, 8.25, 9.25], "rotation": 90, "texture": "#0"},
				"down": {"uv": [6.75, 8.5, 8.25, 9.25], "rotation": 90, "texture": "#0"}
			}
		},
		{
			"from": [7.41208, 9.45327, 0.48786],
			"to": [8.58792, 11.97608, 2.37534],
			"rotation": {"angle": -45, "axis": "x", "origin": [8, 9.22561, -0.57306]},
			"faces": {
				"north": {"uv": [6.75, 8.5, 8.25, 9.25], "rotation": 90, "texture": "#0"},
				"east": {"uv": [6.75, 8.5, 8.25, 9.25], "rotation": 90, "texture": "#0"},
				"south": {"uv": [6.75, 8.5, 8.25, 9.25], "rotation": 90, "texture": "#0"},
				"west": {"uv": [6.75, 8.5, 8.25, 9.25], "rotation": 90, "texture": "#0"},
				"up": {"uv": [6.75, 8.5, 8.25, 9.25], "rotation": 90, "texture": "#0"},
				"down": {"uv": [6.75, 8.5, 8.25, 9.25], "rotation": 90, "texture": "#0"}
			}
		},
		{
			"from": [7.58757, 11.36997, -4.42448],
			"to": [8.41242, 12.37994, -1.28741],
			"rotation": {"angle": 22.5, "axis": "x", "origin": [8, 9.22561, -0.57306]},
			"faces": {
				"north": {"uv": [6.75, 8.5, 8.25, 9.25], "rotation": 90, "texture": "#0"},
				"east": {"uv": [6.75, 8.5, 8.25, 9.25], "rotation": 90, "texture": "#0"},
				"south": {"uv": [6.75, 8.5, 8.25, 9.25], "rotation": 90, "texture": "#0"},
				"west": {"uv": [6.75, 8.5, 8.25, 9.25], "rotation": 90, "texture": "#0"},
				"up": {"uv": [6.75, 8.5, 8.25, 9.25], "rotation": 90, "texture": "#0"},
				"down": {"uv": [6.75, 8.5, 8.25, 9.25], "rotation": 90, "texture": "#0"}
			}
		},
		{
			"from": [6.96455, 2.22562, -2.67476],
			"to": [9.03545, 3.66033, 0.94054],
			"rotation": {"angle": 22.5, "axis": "x", "origin": [8, 9.22561, -0.57306]},
			"faces": {
				"north": {"uv": [6.75, 8.5, 8.25, 9.25], "rotation": 90, "texture": "#0"},
				"east": {"uv": [6.75, 8.5, 8.25, 9.25], "rotation": 90, "texture": "#0"},
				"south": {"uv": [6.75, 8.5, 8.25, 9.25], "rotation": 90, "texture": "#0"},
				"west": {"uv": [6.75, 8.5, 8.25, 9.25], "rotation": 90, "texture": "#0"},
				"up": {"uv": [6.75, 8.5, 8.25, 9.25], "rotation": 90, "texture": "#0"},
				"down": {"uv": [6.75, 8.5, 8.25, 9.25], "rotation": 90, "texture": "#0"}
			}
		},
		{
			"from": [7.41208, 4.50806, 4.46362],
			"to": [8.58792, 6.32888, 6.39497],
			"rotation": {"angle": 22.5, "axis": "x", "origin": [8, 9.22561, -1.15806]},
			"faces": {
				"north": {"uv": [6.75, 8.5, 8.25, 9.25], "rotation": 90, "texture": "#0"},
				"east": {"uv": [6.75, 8.5, 8.25, 9.25], "rotation": 90, "texture": "#0"},
				"south": {"uv": [6.75, 8.5, 8.25, 9.25], "rotation": 90, "texture": "#0"},
				"west": {"uv": [6.75, 8.5, 8.25, 9.25], "rotation": 90, "texture": "#0"},
				"up": {"uv": [6.75, 8.5, 8.25, 9.25], "rotation": 90, "texture": "#0"},
				"down": {"uv": [6.75, 8.5, 8.25, 9.25], "rotation": 90, "texture": "#0"}
			}
		},
		{
			"from": [6.97332, 4.24481, 1.39237],
			"to": [9.02667, 5.80238, 4.63997],
			"rotation": {"angle": 22.5, "axis": "x", "origin": [8, 9.22561, -1.15806]},
			"faces": {
				"north": {"uv": [12.75, 3, 11.5, 4.25], "texture": "#0"},
				"east": {"uv": [12.75, 3, 11.5, 4.25], "texture": "#0"},
				"south": {"uv": [12.75, 3, 11.5, 4.25], "texture": "#0"},
				"west": {"uv": [12.75, 3, 11.5, 4.25], "texture": "#0"},
				"up": {"uv": [12.75, 3, 11.5, 4.25], "texture": "#0"},
				"down": {"uv": [12.75, 3, 11.5, 4.25], "texture": "#0"}
			}
		}
	],
	"display": {
		"head": {
			"translation": [0, -5, 48.75],
			"scale": [4, 4, 4]
		}
	},
	"groups": [
		{
			"name": "root",
			"origin": [8, 8, 8],
			"children": [
				{
					"name": "tail",
					"origin": [8, 8, 8],
					"children": [
						{
							"name": "1",
							"origin": [9.1165, 10.14321, 7.86952],
							"children": [0, 1, 2, 3,
								{
									"name": "group",
									"origin": [8, 11.24696, 10.81226],
									"children": [4, 5]
								},
								{
									"name": "group",
									"origin": [8, 11.24696, 10.81226],
									"children": [6, 7]
								},
								{
									"name": "group",
									"origin": [8, 11.24696, 10.81226],
									"children": [8, 9]
								}, 10, 11, 12]
						}
					]
				}
			]
		}
	]
}