{
	"credit": "Made with Blockbench",
	"texture_size": [32, 32],
	"textures": {
		"0": "dyno/head",
		"particle": "dyno/head"
	},
	"elements": [
		{
			"from": [7.06107, 10.95251, -5.92516],
			"to": [8.93892, 11.63258, 3.11394],
			"rotation": {"angle": 0, "axis": "y", "origin": [9.95946, 11.54921, -24.27369]},
			"faces": {
				"north": {"uv": [8, 8.25, 9.25, 8.75], "texture": "#0"},
				"east": {"uv": [8, 8.25, 9.25, 8.75], "texture": "#0"},
				"south": {"uv": [8, 8.25, 9.25, 8.75], "texture": "#0"},
				"west": {"uv": [8, 8.25, 9.25, 8.75], "texture": "#0"},
				"up": {"uv": [8, 8.25, 9.25, 8.75], "texture": "#0"},
				"down": {"uv": [8, 8.25, 9.25, 8.75], "texture": "#0"}
			}
		},
		{
			"from": [5.21832, 5.95076, -5.92516],
			"to": [10.78167, 10.22858, 3.15781],
			"rotation": {"angle": 0, "axis": "y", "origin": [9.95946, 11.19821, -33.48744]},
			"faces": {
				"north": {"uv": [12.75, 3, 11.5, 4.25], "texture": "#0"},
				"east": {"uv": [12.75, 3, 11.5, 4.25], "texture": "#0"},
				"south": {"uv": [12.75, 3, 11.5, 4.25], "texture": "#0"},
				"west": {"uv": [12.75, 3, 11.5, 4.25], "texture": "#0"},
				"up": {"uv": [12.75, 3, 11.5, 4.25], "texture": "#0"},
				"down": {"uv": [12.75, 3, 11.5, 4.25], "texture": "#0"}
			}
		},
		{
			"from": [6.53457, 4.63451, -5.92516],
			"to": [9.46542, 5.9727, 3.15781],
			"rotation": {"angle": 0, "axis": "y", "origin": [9.95946, 11.19821, -33.48744]},
			"faces": {
				"north": {"uv": [12.75, 3, 11.5, 4.25], "texture": "#0"},
				"east": {"uv": [12.75, 3, 11.5, 4.25], "texture": "#0"},
				"south": {"uv": [12.75, 3, 11.5, 4.25], "texture": "#0"},
				"west": {"uv": [12.75, 3, 11.5, 4.25], "texture": "#0"},
				"up": {"uv": [12.75, 3, 11.5, 4.25], "texture": "#0"},
				"down": {"uv": [12.75, 3, 11.5, 4.25], "texture": "#0"}
			}
		},
		{
			"from": [6.53457, 10.20664, -5.92516],
			"to": [9.46542, 11.10608, 3.15781],
			"rotation": {"angle": 0, "axis": "y", "origin": [9.95946, 12.07571, -33.48744]},
			"faces": {
				"north": {"uv": [12.75, 3, 11.5, 4.25], "texture": "#0"},
				"east": {"uv": [13, 2.5, 11.75, 2.75], "texture": "#0"},
				"south": {"uv": [12.75, 3, 11.5, 4.25], "texture": "#0"},
				"west": {"uv": [12.75, 2.5, 11.5, 2.75], "texture": "#0"},
				"up": {"uv": [12.75, 1.75, 11.5, 2.5], "rotation": 90, "texture": "#0"},
				"down": {"uv": [12.75, 3, 11.5, 4.25], "texture": "#0"}
			}
		},
		{
			"from": [7.41208, 10.01877, -5.07825],
			"to": [8.58792, 12.54158, -3.19077],
			"rotation": {"angle": -45, "axis": "x", "origin": [8, 11.78485, -4.2654]},
			"faces": {
				"north": {"uv": [8, 8.25, 9.25, 8.75], "texture": "#0"},
				"east": {"uv": [8, 8.25, 9.25, 8.75], "texture": "#0"},
				"south": {"uv": [8, 8.25, 9.25, 8.75], "texture": "#0"},
				"west": {"uv": [8, 8.25, 9.25, 8.75], "texture": "#0"},
				"up": {"uv": [8, 8.25, 9.25, 8.75], "texture": "#0"},
				"down": {"uv": [8, 8.25, 9.25, 8.75], "texture": "#0"}
			}
		},
		{
			"from": [7.58757, 11.43511, -6.99189],
			"to": [8.41242, 12.44508, -3.85483],
			"rotation": {"angle": 22.5, "axis": "x", "origin": [8, 11.78485, -4.2654]},
			"faces": {
				"north": {"uv": [8, 8.25, 9.25, 8.75], "rotation": 270, "texture": "#0"},
				"east": {"uv": [8, 8.25, 9.25, 8.75], "rotation": 270, "texture": "#0"},
				"south": {"uv": [8, 8.25, 9.25, 8.75], "rotation": 270, "texture": "#0"},
				"west": {"uv": [8, 8.25, 9.25, 8.75], "rotation": 270, "texture": "#0"},
				"up": {"uv": [8, 8.25, 9.25, 8.75], "rotation": 270, "texture": "#0"},
				"down": {"uv": [8, 8.25, 9.25, 8.75], "rotation": 270, "texture": "#0"}
			}
		},
		{
			"from": [7.41208, 9.31677, -2.27025],
			"to": [8.58792, 13.59458, -0.38277],
			"rotation": {"angle": -45, "axis": "x", "origin": [8, 12.83785, -1.4574]},
			"faces": {
				"north": {"uv": [8, 8.25, 9.25, 8.75], "texture": "#0"},
				"east": {"uv": [8, 8.25, 9.25, 8.75], "texture": "#0"},
				"south": {"uv": [8, 8.25, 9.25, 8.75], "texture": "#0"},
				"west": {"uv": [8, 8.25, 9.25, 8.75], "texture": "#0"},
				"up": {"uv": [8, 8.25, 9.25, 8.75], "texture": "#0"},
				"down": {"uv": [8, 8.25, 9.25, 8.75], "texture": "#0"}
			}
		},
		{
			"from": [7.58757, 12.48811, -4.18389],
			"to": [8.41242, 13.49808, -1.04683],
			"rotation": {"angle": 22.5, "axis": "x", "origin": [8, 12.83785, -1.4574]},
			"faces": {
				"north": {"uv": [8, 8.25, 9.25, 8.75], "rotation": 270, "texture": "#0"},
				"east": {"uv": [8, 8.25, 9.25, 8.75], "rotation": 270, "texture": "#0"},
				"south": {"uv": [8, 8.25, 9.25, 8.75], "rotation": 270, "texture": "#0"},
				"west": {"uv": [8, 8.25, 9.25, 8.75], "rotation": 270, "texture": "#0"},
				"up": {"uv": [8, 8.25, 9.25, 8.75], "rotation": 270, "texture": "#0"},
				"down": {"uv": [8, 8.25, 9.25, 8.75], "rotation": 270, "texture": "#0"}
			}
		},
		{
			"from": [6.97332, 2.79176, -6.18841],
			"to": [9.02667, 5.22683, -1.62456],
			"rotation": {"angle": 22.5, "axis": "x", "origin": [8, 4.44804, -3.24836]},
			"faces": {
				"north": {"uv": [12.75, 3, 11.5, 4.25], "texture": "#0"},
				"east": {"uv": [12.75, 3, 11.5, 4.25], "texture": "#0"},
				"south": {"uv": [12.75, 3, 11.5, 4.25], "texture": "#0"},
				"west": {"uv": [12.75, 3, 11.5, 4.25], "texture": "#0"},
				"up": {"uv": [12.75, 3, 11.5, 4.25], "texture": "#0"},
				"down": {"uv": [12.75, 3, 11.5, 4.25], "texture": "#0"}
			}
		},
		{
			"from": [7.23657, 4.59373, -2.43977],
			"to": [8.76342, 7.02879, 0.36908],
			"rotation": {"angle": -22.5, "axis": "x", "origin": [8, 5.06538, -0.5966]},
			"faces": {
				"north": {"uv": [8, 8.25, 9.25, 8.75], "texture": "#0"},
				"east": {"uv": [8, 8.25, 9.25, 8.75], "texture": "#0"},
				"south": {"uv": [8, 8.25, 9.25, 8.75], "texture": "#0"},
				"west": {"uv": [8, 8.25, 9.25, 8.75], "texture": "#0"},
				"up": {"uv": [8, 8.25, 9.25, 8.75], "texture": "#0"},
				"down": {"uv": [8, 8.25, 9.25, 8.75], "texture": "#0"}
			}
		},
		{
			"from": [7.41208, 4.19576, -2.23966],
			"to": [8.58792, 5.84108, 0.04269],
			"rotation": {"angle": 45, "axis": "x", "origin": [8, 4.71129, -3.68711]},
			"faces": {
				"north": {"uv": [8, 8.25, 9.25, 8.75], "texture": "#0"},
				"east": {"uv": [8, 8.25, 9.25, 8.75], "texture": "#0"},
				"south": {"uv": [8, 8.25, 9.25, 8.75], "texture": "#0"},
				"west": {"uv": [8, 8.25, 9.25, 8.75], "texture": "#0"},
				"up": {"uv": [8, 8.25, 9.25, 8.75], "texture": "#0"},
				"down": {"uv": [8, 8.25, 9.25, 8.75], "texture": "#0"}
			}
		},
		{
			"from": [7.58757, 2.27537, -1.02568],
			"to": [8.41242, 3.48194, 1.69542],
			"rotation": {"angle": 22.5, "axis": "x", "origin": [8, 3.09803, -1.63951]},
			"faces": {
				"north": {"uv": [8, 8.25, 9.25, 8.75], "texture": "#0"},
				"east": {"uv": [8, 8.25, 9.25, 8.75], "texture": "#0"},
				"south": {"uv": [8, 8.25, 9.25, 8.75], "texture": "#0"},
				"west": {"uv": [8, 8.25, 9.25, 8.75], "texture": "#0"},
				"up": {"uv": [8, 8.25, 9.25, 8.75], "texture": "#0"},
				"down": {"uv": [8, 8.25, 9.25, 8.75], "texture": "#0"}
			}
		}
	],
	"display": {
		"head": {
			"translation": [0, -5, 50.25],
			"scale": [4, 4, 4]
		}
	},
	"groups": [
		{
			"name": "root",
			"origin": [8, 8, 8],
			"children": [
				{
					"name": "tail",
					"origin": [8, 8, 8],
					"children": [
						{
							"name": "2",
							"origin": [8, 8, 8],
							"children": [0, 1, 2, 3,
								{
									"name": "group",
									"origin": [8, 11.24696, 10.81226],
									"children": [4, 5]
								},
								{
									"name": "group",
									"origin": [8, 11.24696, 10.81226],
									"children": [6, 7]
								}, 8, 9, 10, 11]
						}
					]
				}
			]
		}
	]
}