{
	"credit": "Made with Blockbench",
	"texture_size": [32, 32],
	"textures": {
		"0": "dyno/head",
		"particle": "dyno/head"
	},
	"elements": [
		{
			"from": [6.09582, 5.95076, -5.94466],
			"to": [9.90417, 9.78983, -0.24006],
			"rotation": {"angle": 0, "axis": "y", "origin": [9.95946, 11.19821, -33.50694]},
			"faces": {
				"north": {"uv": [11.5, 3, 12.5, 3.75], "rotation": 90, "texture": "#0"},
				"east": {"uv": [11.5, 2.25, 12.5, 3], "rotation": 270, "texture": "#0"},
				"south": {"uv": [11.5, 2.25, 12.5, 3], "rotation": 90, "texture": "#0"},
				"west": {"uv": [11.5, 2.25, 12.5, 3], "rotation": 90, "texture": "#0"},
				"up": {"uv": [11.5, 2.25, 12.5, 3], "rotation": 180, "texture": "#0"},
				"down": {"uv": [11.5, 2.25, 12.5, 3], "texture": "#0"}
			}
		},
		{
			"from": [6.09582, 7.26701, -0.24091],
			"to": [9.90417, 9.35108, 4.89331],
			"rotation": {"angle": 0, "axis": "y", "origin": [9.95946, 11.19821, -33.50694]},
			"faces": {
				"north": {"uv": [11.5, 2.25, 12.5, 2.5], "rotation": 90, "texture": "#0"},
				"east": {"uv": [11.5, 2, 12.5, 2.75], "rotation": 270, "texture": "#0"},
				"south": {"uv": [11.5, 2, 12.5, 2.25], "rotation": 90, "texture": "#0"},
				"west": {"uv": [11.5, 2, 12.5, 2.75], "rotation": 90, "texture": "#0"},
				"up": {"uv": [11.5, 2, 12.5, 2.75], "rotation": 180, "texture": "#0"},
				"down": {"uv": [11.5, 2, 12.5, 2.75], "texture": "#0"}
			}
		},
		{
			"from": [6.35872, 4.19576, -5.76916],
			"to": [9.64128, 9.96533, 7.52581],
			"rotation": {"angle": 0, "axis": "y", "origin": [10.19459, 11.19821, -22.97694]},
			"faces": {
				"north": {"uv": [11.5, 6, 13, 7], "texture": "#0"},
				"east": {"uv": [11.5, 6, 13, 7], "texture": "#0"},
				"south": {"uv": [11.5, 6, 13, 7], "texture": "#0"},
				"west": {"uv": [11.5, 6, 13, 7], "texture": "#0"},
				"up": {"uv": [11.5, 6, 13, 7], "texture": "#0"},
				"down": {"uv": [11.5, 6, 13, 7], "texture": "#0"}
			}
		},
		{
			"from": [6.25888, 6.38951, -0.99166],
			"to": [9.74112, 8.21033, 11.73781],
			"rotation": {"angle": 0, "axis": "y", "origin": [10.19459, 11.19821, -22.97694]},
			"faces": {
				"north": {"uv": [11.5, 6, 13, 7], "texture": "#0"},
				"east": {"uv": [11.5, 6, 13, 7], "texture": "#0"},
				"south": {"uv": [11.5, 6, 13, 7], "texture": "#0"},
				"west": {"uv": [11.5, 6, 13, 7], "texture": "#0"},
				"up": {"uv": [11.5, 6, 13, 7], "texture": "#0"},
				"down": {"uv": [11.5, 6, 13, 7], "texture": "#0"}
			}
		},
		{
			"from": [6.35872, 5.07326, 7.52496],
			"to": [9.64128, 9.96533, 13.66831],
			"rotation": {"angle": 0, "axis": "y", "origin": [10.19459, 11.19821, -18.58944]},
			"faces": {
				"north": {"uv": [11.5, 6, 13, 7], "texture": "#0"},
				"east": {"uv": [11.5, 6, 13, 7], "texture": "#0"},
				"south": {"uv": [11.5, 6, 13, 7], "texture": "#0"},
				"west": {"uv": [11.5, 6, 13, 7], "texture": "#0"},
				"up": {"uv": [11.5, 6, 13, 7], "texture": "#0"},
				"down": {"uv": [11.5, 6, 13, 7], "texture": "#0"}
			}
		},
		{
			"from": [6.85012, 5.95076, 13.62359],
			"to": [9.14988, 9.78983, 19.19656],
			"rotation": {"angle": 0, "axis": "y", "origin": [10.19459, 11.19821, -13.93869]},
			"faces": {
				"north": {"uv": [11.5, 6, 13, 7], "texture": "#0"},
				"east": {"uv": [11.5, 6, 13, 7], "texture": "#0"},
				"south": {"uv": [11.5, 6, 13, 7], "texture": "#0"},
				"west": {"uv": [11.5, 6, 13, 7], "texture": "#0"},
				"up": {"uv": [11.5, 6, 13, 7], "texture": "#0"},
				"down": {"uv": [11.5, 6, 13, 7], "texture": "#0"}
			}
		},
		{
			"from": [6.9484, 9.72401, -5.81304],
			"to": [9.0516, 10.66733, 4.89331],
			"rotation": {"angle": 0, "axis": "y", "origin": [10.19459, 11.19821, -22.97694]},
			"faces": {
				"north": {"uv": [11.5, 6, 13, 7], "texture": "#0"},
				"east": {"uv": [11.5, 6, 13, 7], "texture": "#0"},
				"south": {"uv": [11.5, 6, 13, 7], "texture": "#0"},
				"west": {"uv": [11.5, 6, 13, 7], "texture": "#0"},
				"up": {"uv": [11.5, 6, 13, 7], "texture": "#0"},
				"down": {"uv": [11.5, 6, 13, 7], "texture": "#0"}
			}
		},
		{
			"from": [7.34152, 8.59212, -5.86109],
			"to": [8.65848, 11.99244, -3.97362],
			"rotation": {"angle": -45, "axis": "x", "origin": [8, 11.98673, -5.13265]},
			"faces": {
				"north": {"uv": [11.5, 6, 13, 7], "texture": "#0"},
				"east": {"uv": [11.5, 6, 13, 7], "texture": "#0"},
				"south": {"uv": [11.5, 6, 13, 7], "texture": "#0"},
				"west": {"uv": [11.5, 6, 13, 7], "texture": "#0"},
				"up": {"uv": [11.5, 6, 13, 7], "texture": "#0"},
				"down": {"uv": [11.5, 6, 13, 7], "texture": "#0"}
			}
		},
		{
			"from": [7.53808, 11.58787, -7.06619],
			"to": [8.46192, 12.59785, -4.80663],
			"rotation": {"angle": 22.5, "axis": "x", "origin": [8, 11.81123, -5.13265]},
			"faces": {
				"north": {"uv": [12, 7.25, 12.5, 8.25], "rotation": 270, "texture": "#0"},
				"east": {"uv": [12, 7.25, 12.5, 8.25], "rotation": 270, "texture": "#0"},
				"south": {"uv": [12, 7.25, 12.5, 8.25], "rotation": 270, "texture": "#0"},
				"west": {"uv": [12, 7.25, 12.5, 8.25], "rotation": 270, "texture": "#0"},
				"up": {"uv": [12, 7.25, 12.5, 8.25], "rotation": 270, "texture": "#0"},
				"down": {"uv": [12, 7.25, 12.5, 8.25], "rotation": 270, "texture": "#0"}
			}
		},
		{
			"from": [7.34152, 7.89012, 11.68891],
			"to": [8.65848, 11.29044, 13.57638],
			"rotation": {"angle": -45, "axis": "x", "origin": [8, 11.28473, 12.41735]},
			"faces": {
				"north": {"uv": [11.5, 6, 13, 7], "texture": "#0"},
				"east": {"uv": [11.5, 6, 13, 7], "texture": "#0"},
				"south": {"uv": [11.5, 6, 13, 7], "texture": "#0"},
				"west": {"uv": [11.5, 6, 13, 7], "texture": "#0"},
				"up": {"uv": [11.5, 6, 13, 7], "texture": "#0"},
				"down": {"uv": [11.5, 6, 13, 7], "texture": "#0"}
			}
		},
		{
			"from": [7.53808, 9.29508, 13.38384],
			"to": [8.46192, 11.18255, 17.66165],
			"rotation": {"angle": 22.5, "axis": "x", "origin": [8, 10.23881, 13.76775]},
			"faces": {
				"north": {"uv": [11.5, 6, 13, 7], "rotation": 270, "texture": "#0"},
				"east": {"uv": [11.5, 6, 13, 7], "rotation": 270, "texture": "#0"},
				"south": {"uv": [11.5, 6, 13, 7], "rotation": 270, "texture": "#0"},
				"west": {"uv": [11.5, 6, 13, 7], "rotation": 270, "texture": "#0"},
				"up": {"uv": [11.5, 6, 13, 7], "rotation": 270, "texture": "#0"},
				"down": {"uv": [11.5, 6, 13, 7], "rotation": 270, "texture": "#0"}
			}
		},
		{
			"from": [7.53808, 10.88587, 10.48381],
			"to": [8.46192, 11.89585, 12.74337],
			"rotation": {"angle": 22.5, "axis": "x", "origin": [8, 11.10923, 12.41735]},
			"faces": {
				"north": {"uv": [12, 7.25, 12.5, 8.25], "rotation": 270, "texture": "#0"},
				"east": {"uv": [12, 7.25, 12.5, 8.25], "rotation": 270, "texture": "#0"},
				"south": {"uv": [12, 7.25, 12.5, 8.25], "rotation": 270, "texture": "#0"},
				"west": {"uv": [12, 7.25, 12.5, 8.25], "rotation": 270, "texture": "#0"},
				"up": {"uv": [12, 7.25, 12.5, 8.25], "rotation": 270, "texture": "#0"},
				"down": {"uv": [12, 7.25, 12.5, 8.25], "rotation": 270, "texture": "#0"}
			}
		},
		{
			"from": [7.34152, 7.97787, 5.54641],
			"to": [8.65848, 11.81694, 7.60938],
			"rotation": {"angle": -45, "axis": "x", "origin": [8, 11.81123, 6.45035]},
			"faces": {
				"north": {"uv": [11.5, 6, 13, 7], "texture": "#0"},
				"east": {"uv": [11.5, 6, 13, 7], "texture": "#0"},
				"south": {"uv": [11.5, 6, 13, 7], "texture": "#0"},
				"west": {"uv": [11.5, 6, 13, 7], "texture": "#0"},
				"up": {"uv": [11.5, 6, 13, 7], "texture": "#0"},
				"down": {"uv": [11.5, 6, 13, 7], "texture": "#0"}
			}
		},
		{
			"from": [7.53808, 9.82158, 7.41684],
			"to": [8.46192, 11.70905, 12.57215],
			"rotation": {"angle": 22.5, "axis": "x", "origin": [8, 10.76531, 7.80075]},
			"faces": {
				"north": {"uv": [11.5, 6, 13, 7], "rotation": 270, "texture": "#0"},
				"east": {"uv": [11.5, 6, 13, 7], "rotation": 270, "texture": "#0"},
				"south": {"uv": [11.5, 6, 13, 7], "rotation": 270, "texture": "#0"},
				"west": {"uv": [11.5, 6, 13, 7], "rotation": 270, "texture": "#0"},
				"up": {"uv": [11.5, 6, 13, 7], "rotation": 270, "texture": "#0"},
				"down": {"uv": [11.5, 6, 13, 7], "rotation": 270, "texture": "#0"}
			}
		},
		{
			"from": [7.53808, 10.69908, 0.39684],
			"to": [8.46192, 12.76205, 8.88665],
			"rotation": {"angle": 22.5, "axis": "x", "origin": [8, 11.64281, 1.13175]},
			"faces": {
				"north": {"uv": [11.5, 6, 13, 7], "rotation": 270, "texture": "#0"},
				"east": {"uv": [11.5, 6, 13, 7], "rotation": 270, "texture": "#0"},
				"south": {"uv": [11.5, 6, 13, 7], "rotation": 270, "texture": "#0"},
				"west": {"uv": [11.5, 6, 13, 7], "rotation": 270, "texture": "#0"},
				"up": {"uv": [11.5, 6, 13, 7], "rotation": 270, "texture": "#0"},
				"down": {"uv": [11.5, 6, 13, 7], "rotation": 270, "texture": "#0"}
			}
		},
		{
			"from": [7.53808, 11.40108, -4.51716],
			"to": [8.46192, 12.76205, 1.86665],
			"rotation": {"angle": 22.5, "axis": "x", "origin": [8, 11.64281, -4.83525]},
			"faces": {
				"north": {"uv": [11.5, 6, 13, 7], "rotation": 270, "texture": "#0"},
				"east": {"uv": [11.5, 6, 13, 7], "rotation": 270, "texture": "#0"},
				"south": {"uv": [11.5, 6, 13, 7], "rotation": 270, "texture": "#0"},
				"west": {"uv": [11.5, 6, 13, 7], "rotation": 270, "texture": "#0"},
				"up": {"uv": [11.5, 6, 13, 7], "rotation": 270, "texture": "#0"},
				"down": {"uv": [11.5, 6, 13, 7], "rotation": 270, "texture": "#0"}
			}
		},
		{
			"from": [7.53808, 11.23687, 4.51681],
			"to": [8.46192, 12.24685, 6.77637],
			"rotation": {"angle": 22.5, "axis": "x", "origin": [8, 11.63573, 6.45035]},
			"faces": {
				"north": {"uv": [12, 7.25, 12.5, 8.25], "rotation": 270, "texture": "#0"},
				"east": {"uv": [12, 7.25, 12.5, 8.25], "rotation": 270, "texture": "#0"},
				"south": {"uv": [12, 7.25, 12.5, 8.25], "rotation": 270, "texture": "#0"},
				"west": {"uv": [12, 7.25, 12.5, 8.25], "rotation": 270, "texture": "#0"},
				"up": {"uv": [12, 7.25, 12.5, 8.25], "rotation": 270, "texture": "#0"},
				"down": {"uv": [12, 7.25, 12.5, 8.25], "rotation": 270, "texture": "#0"}
			}
		},
		{
			"from": [7.34152, 8.71119, -1.03746],
			"to": [8.65848, 13.42775, 1.72752],
			"rotation": {"angle": -22.5, "axis": "x", "origin": [8, 13.36182, -0.30464]},
			"faces": {
				"north": {"uv": [11.5, 6, 13, 7], "texture": "#0"},
				"east": {"uv": [11.5, 6, 13, 7], "texture": "#0"},
				"south": {"uv": [11.5, 6, 13, 7], "texture": "#0"},
				"west": {"uv": [11.5, 6, 13, 7], "texture": "#0"},
				"up": {"uv": [11.5, 6, 13, 7], "texture": "#0"},
				"down": {"uv": [11.5, 6, 13, 7], "texture": "#0"}
			}
		},
		{
			"from": [7.53808, 12.89616, -1.81944],
			"to": [8.46192, 14.60814, 0.96663],
			"rotation": {"angle": 22.5, "axis": "x", "origin": [8, 13.36182, -0.30464]},
			"faces": {
				"north": {"uv": [11.5, 6, 13, 7], "rotation": 270, "texture": "#0"},
				"east": {"uv": [11.5, 6, 13, 7], "rotation": 270, "texture": "#0"},
				"south": {"uv": [11.5, 6, 13, 7], "rotation": 270, "texture": "#0"},
				"west": {"uv": [11.5, 6, 13, 7], "rotation": 270, "texture": "#0"},
				"up": {"uv": [11.5, 6, 13, 7], "rotation": 270, "texture": "#0"},
				"down": {"uv": [11.5, 6, 13, 7], "rotation": 270, "texture": "#0"}
			}
		},
		{
			"from": [7.73464, 12.7321, -3.71454],
			"to": [8.26536, 13.91758, -1.10398],
			"rotation": {"angle": 45, "axis": "x", "origin": [8, 13.36182, -0.30464]},
			"faces": {
				"north": {"uv": [12, 7.25, 12.5, 8.25], "rotation": 270, "texture": "#0"},
				"east": {"uv": [12, 7.25, 12.5, 8.25], "rotation": 270, "texture": "#0"},
				"south": {"uv": [12, 7.25, 12.5, 8.25], "rotation": 270, "texture": "#0"},
				"west": {"uv": [12, 7.25, 12.5, 8.25], "rotation": 270, "texture": "#0"},
				"up": {"uv": [12, 7.25, 12.5, 8.25], "rotation": 270, "texture": "#0"},
				"down": {"uv": [12, 7.25, 12.5, 8.25], "rotation": 270, "texture": "#0"}
			}
		},
		{
			"from": [7.14652, 7.53026, 21.65271],
			"to": [8.85348, 9.87758, 24.11056],
			"rotation": {"angle": 0, "axis": "y", "origin": [10.19459, 15.58571, 1.94406]},
			"faces": {
				"north": {"uv": [11.75, 7.25, 13.25, 8.25], "rotation": 270, "texture": "#0"},
				"east": {"uv": [11.75, 7.25, 13.25, 8.25], "rotation": 90, "texture": "#0"},
				"south": {"uv": [11.75, 7.25, 13.25, 8.25], "rotation": 270, "texture": "#0"},
				"west": {"uv": [11.75, 7.25, 13.25, 8.25], "rotation": 270, "texture": "#0"},
				"up": {"uv": [11.75, 7.25, 13.25, 8.25], "rotation": 270, "texture": "#0"},
				"down": {"uv": [11.75, 7.25, 13.25, 8.25], "rotation": 270, "texture": "#0"}
			}
		},
		{
			"from": [7.14652, 5.95076, 19.15184],
			"to": [8.85348, 10.40408, 21.65356],
			"rotation": {"angle": 0, "axis": "y", "origin": [10.19459, 15.58571, -0.51294]},
			"faces": {
				"north": {"uv": [11.75, 7.25, 13.25, 8.25], "rotation": 270, "texture": "#0"},
				"east": {"uv": [11.75, 7.25, 13.25, 8.25], "rotation": 90, "texture": "#0"},
				"south": {"uv": [11.75, 7.25, 13.25, 8.25], "rotation": 270, "texture": "#0"},
				"west": {"uv": [11.75, 7.25, 13.25, 8.25], "rotation": 270, "texture": "#0"},
				"up": {"uv": [11.75, 7.25, 13.25, 8.25], "rotation": 270, "texture": "#0"},
				"down": {"uv": [11.75, 7.25, 13.25, 8.25], "rotation": 270, "texture": "#0"}
			}
		},
		{
			"from": [7.53808, 8.95104, 17.71859],
			"to": [8.46192, 11.01402, 20.4169],
			"rotation": {"angle": 22.5, "axis": "x", "origin": [8, 10.20191, 19.06774]},
			"faces": {
				"north": {"uv": [11.5, 6, 13, 7], "rotation": 270, "texture": "#0"},
				"east": {"uv": [11.5, 6, 13, 7], "rotation": 270, "texture": "#0"},
				"south": {"uv": [11.5, 6, 13, 7], "rotation": 270, "texture": "#0"},
				"west": {"uv": [11.5, 6, 13, 7], "rotation": 270, "texture": "#0"},
				"up": {"uv": [11.5, 6, 13, 7], "rotation": 270, "texture": "#0"},
				"down": {"uv": [11.5, 6, 13, 7], "rotation": 270, "texture": "#0"}
			}
		},
		{
			"from": [7.14652, 4.81001, 13.62359],
			"to": [8.85348, 6.19208, 19.19656],
			"rotation": {"angle": 0, "axis": "y", "origin": [10.19459, 12.25121, -6.04119]},
			"faces": {
				"north": {"uv": [11.5, 7.25, 13, 8.25], "texture": "#0"},
				"east": {"uv": [11.5, 7.25, 13, 8.25], "texture": "#0"},
				"south": {"uv": [11.5, 7.25, 13, 8.25], "texture": "#0"},
				"west": {"uv": [11.5, 7.25, 13, 8.25], "texture": "#0"},
				"up": {"uv": [11.5, 7.25, 13, 8.25], "texture": "#0"},
				"down": {"uv": [11.5, 7.25, 13, 8.25], "texture": "#0"}
			}
		},
		{
			"from": [7.14652, 3.75701, 7.52496],
			"to": [8.85348, 5.13908, 13.66831],
			"rotation": {"angle": 0, "axis": "y", "origin": [10.19459, 11.19821, -11.56944]},
			"faces": {
				"north": {"uv": [11.5, 7.25, 13, 8.25], "texture": "#0"},
				"east": {"uv": [11.5, 7.25, 13, 8.25], "texture": "#0"},
				"south": {"uv": [11.5, 7.25, 13, 8.25], "texture": "#0"},
				"west": {"uv": [11.5, 7.25, 13, 8.25], "texture": "#0"},
				"up": {"uv": [11.5, 7.25, 13, 8.25], "texture": "#0"},
				"down": {"uv": [11.5, 7.25, 13, 8.25], "texture": "#0"}
			}
		},
		{
			"from": [7.14652, 2.87951, -3.57541],
			"to": [8.85348, 4.26158, 7.52581],
			"rotation": {"angle": 0, "axis": "y", "origin": [10.19459, 10.32071, -22.97694]},
			"faces": {
				"north": {"uv": [11.5, 7.25, 13, 8.25], "texture": "#0"},
				"east": {"uv": [11.5, 7.25, 13, 8.25], "texture": "#0"},
				"south": {"uv": [11.5, 7.25, 13, 8.25], "texture": "#0"},
				"west": {"uv": [11.5, 7.25, 13, 8.25], "texture": "#0"},
				"up": {"uv": [11.5, 7.25, 13, 8.25], "texture": "#0"},
				"down": {"uv": [11.5, 7.25, 13, 8.25], "texture": "#0"}
			}
		},
		{
			"from": [7.73464, 6.21401, 21.65271],
			"to": [8.26536, 7.5522, 24.11056],
			"rotation": {"angle": 0, "axis": "y", "origin": [10.19459, 14.26946, 1.94406]},
			"faces": {
				"north": {"uv": [12, 7.75, 12.75, 8.25], "texture": "#0"},
				"east": {"uv": [12, 7.75, 12.75, 8.25], "texture": "#0"},
				"south": {"uv": [12, 7.75, 12.75, 8.25], "texture": "#0"},
				"west": {"uv": [12, 7.75, 12.75, 8.25], "texture": "#0"},
				"up": {"uv": [12, 7.75, 12.75, 8.25], "texture": "#0"},
				"down": {"uv": [12, 7.75, 12.75, 8.25], "texture": "#0"}
			}
		},
		{
			"from": [7.73464, 7.53026, 24.10971],
			"to": [8.26536, 9.4827, 26.56756],
			"rotation": {"angle": 0, "axis": "y", "origin": [10.19459, 16.19996, 4.40106]},
			"faces": {
				"north": {"uv": [12, 7.75, 12.75, 8.25], "texture": "#0"},
				"east": {"uv": [12, 7.75, 12.75, 8.25], "texture": "#0"},
				"south": {"uv": [12, 7.75, 12.75, 8.25], "texture": "#0"},
				"west": {"uv": [12, 7.75, 12.75, 8.25], "texture": "#0"},
				"up": {"uv": [12, 7.75, 12.75, 8.25], "texture": "#0"},
				"down": {"uv": [12, 7.75, 12.75, 8.25], "texture": "#0"}
			}
		},
		{
			"from": [7.73464, 4.63451, 19.15184],
			"to": [8.26536, 5.9727, 21.65356],
			"rotation": {"angle": 0, "axis": "y", "origin": [10.19459, 14.26946, -0.51294]},
			"faces": {
				"north": {"uv": [12, 7.75, 12.75, 8.25], "texture": "#0"},
				"east": {"uv": [12, 7.75, 12.75, 8.25], "texture": "#0"},
				"south": {"uv": [12, 7.75, 12.75, 8.25], "texture": "#0"},
				"west": {"uv": [12, 7.75, 12.75, 8.25], "texture": "#0"},
				"up": {"uv": [12, 7.75, 12.75, 8.25], "texture": "#0"},
				"down": {"uv": [12, 7.75, 12.75, 8.25], "texture": "#0"}
			}
		},
		{
			"from": [7.73464, 3.49376, 13.62359],
			"to": [8.26536, 4.87583, 19.19656],
			"rotation": {"angle": 0, "axis": "y", "origin": [10.19459, 10.93496, -6.04119]},
			"faces": {
				"north": {"uv": [12, 7.75, 12.75, 8.25], "texture": "#0"},
				"east": {"uv": [12, 7.75, 12.75, 8.25], "texture": "#0"},
				"south": {"uv": [12, 7.75, 12.75, 8.25], "texture": "#0"},
				"west": {"uv": [12, 7.75, 12.75, 8.25], "texture": "#0"},
				"up": {"uv": [12, 7.75, 12.75, 8.25], "texture": "#0"},
				"down": {"uv": [12, 7.75, 12.75, 8.25], "texture": "#0"}
			}
		},
		{
			"from": [7.73464, 2.44076, 7.52496],
			"to": [8.26536, 3.82283, 13.66831],
			"rotation": {"angle": 0, "axis": "y", "origin": [10.19459, 9.88196, -11.56944]},
			"faces": {
				"north": {"uv": [12, 7.75, 12.75, 8.25], "texture": "#0"},
				"east": {"uv": [12, 7.75, 12.75, 8.25], "texture": "#0"},
				"south": {"uv": [12, 7.75, 12.75, 8.25], "texture": "#0"},
				"west": {"uv": [12, 7.75, 12.75, 8.25], "texture": "#0"},
				"up": {"uv": [12, 7.75, 12.75, 8.25], "texture": "#0"},
				"down": {"uv": [12, 7.75, 12.75, 8.25], "texture": "#0"}
			}
		},
		{
			"from": [7.73464, 2.05076, -3.57541],
			"to": [8.26536, 2.94533, 7.52581],
			"rotation": {"angle": 0, "axis": "y", "origin": [10.19459, 9.00446, -22.97694]},
			"faces": {
				"north": {"uv": [12, 7.75, 12.75, 8.25], "texture": "#0"},
				"east": {"uv": [12, 7.75, 12.75, 8.25], "texture": "#0"},
				"south": {"uv": [12, 7.75, 12.75, 8.25], "texture": "#0"},
				"west": {"uv": [12, 7.75, 12.75, 8.25], "texture": "#0"},
				"up": {"uv": [12, 7.75, 12.75, 8.25], "texture": "#0"},
				"down": {"uv": [12, 7.75, 12.75, 8.25], "texture": "#0"}
			}
		},
		{
			"from": [7.78378, 1.92968, -2.75233],
			"to": [8.21622, 5.08466, -1.37027],
			"rotation": {"angle": 22.5, "axis": "x", "origin": [8, 6.99279, -2.0613]},
			"faces": {
				"north": {"uv": [11.5, 6, 13, 7], "rotation": 270, "texture": "#0"},
				"east": {"uv": [11.5, 6, 13, 7], "rotation": 270, "texture": "#0"},
				"south": {"uv": [11.5, 6, 13, 7], "rotation": 270, "texture": "#0"},
				"west": {"uv": [11.5, 6, 13, 7], "rotation": 270, "texture": "#0"},
				"up": {"uv": [11.5, 6, 13, 7], "rotation": 270, "texture": "#0"},
				"down": {"uv": [11.5, 6, 13, 7], "rotation": 270, "texture": "#0"}
			}
		}
	],
	"display": {
		"head": {
			"translation": [0, -6.75, 50.25],
			"scale": [4, 4, 4]
		}
	},
	"groups": [
		{
			"name": "root",
			"origin": [8, 8, 8],
			"children": [
				{
					"name": "tail",
					"origin": [8, 8, 8],
					"children": [
						{
							"name": "3",
							"origin": [8, 8, 8],
							"children": [0, 1, 2, 3, 4, 5, 6,
								{
									"name": "group",
									"origin": [8, 11.24696, 10.81226],
									"children": [7, 8]
								},
								{
									"name": "group",
									"origin": [8, 11.24696, 10.81226],
									"children": [9, 10, 11]
								},
								{
									"name": "group",
									"origin": [8, 11.24696, 10.81226],
									"children": [12, 13, 14, 15, 16]
								},
								{
									"name": "group",
									"origin": [8, 11.24696, 10.81226],
									"children": [17, 18, 19]
								},
								{
									"name": "group",
									"origin": [9.1165, 21.64321, -5.03048],
									"children": [20, 21, 22, 23, 24, 25]
								},
								{
									"name": "group",
									"origin": [9.1165, 21.64321, -5.03048],
									"children": [26, 27, 28, 29, 30, 31, 32]
								}
							]
						}
					]
				}
			]
		}
	]
}