{
	"credit": "Made with Blockbench",
	"texture_size": [32, 32],
	"textures": {
		"1": "brachy/raging",
		"particle": "brachy/head"
	},
	"elements": [
		{
			"from": [5.00037, 4.7569, 8.31208],
			"to": [9.71963, 9.97452, 18.48409],
			"rotation": {"angle": 0, "axis": "y", "origin": [7.67481, 13.40039, 12.79753]},
			"faces": {
				"north": {"uv": [12.75, 3.75, 10.25, 4.75], "rotation": 180, "texture": "#1"},
				"east": {"uv": [12.75, 3.75, 10.25, 4.75], "rotation": 180, "texture": "#1"},
				"south": {"uv": [12.75, 3.75, 10.25, 4.75], "rotation": 180, "texture": "#1"},
				"west": {"uv": [12.75, 3.75, 10.25, 4.75], "rotation": 180, "texture": "#1"},
				"up": {"uv": [12.75, 3.75, 10.25, 4.75], "rotation": 180, "texture": "#1"},
				"down": {"uv": [12.75, 3.75, 10.25, 4.75], "rotation": 180, "texture": "#1"}
			}
		},
		{
			"from": [3.63311, 4.44694, 3.6398],
			"to": [10.80081, 11.18465, 12.35169],
			"rotation": {"angle": 0, "axis": "y", "origin": [7.62985, 13.9675, 13.52842]},
			"faces": {
				"north": {"uv": [13.5, 7, 15.75, 5], "rotation": 270, "texture": "#1"},
				"east": {"uv": [13.5, 9.25, 15.75, 6.75], "rotation": 270, "texture": "#1"},
				"south": {"uv": [8.25, 5.5, 10.5, 3], "rotation": 270, "texture": "#1"},
				"west": {"uv": [13.5, 9.25, 15.75, 6.75], "rotation": 90, "texture": "#1"},
				"up": {"uv": [16, 6.75, 13.5, 9], "texture": "#1"},
				"down": {"uv": [16, 6.75, 13.5, 9], "rotation": 180, "texture": "#1"}
			}
		},
		{
			"from": [4.03268, 3.4017, 0.31007],
			"to": [10.40124, 6.14374, 5.02629],
			"rotation": {"angle": 0, "axis": "y", "origin": [7.62985, 13.9675, 13.52842]},
			"faces": {
				"north": {"uv": [15.75, 8, 13.25, 9], "rotation": 180, "texture": "#1"},
				"east": {"uv": [15.75, 8, 13.25, 9], "rotation": 180, "texture": "#1"},
				"south": {"uv": [15.75, 8, 13.25, 9], "rotation": 180, "texture": "#1"},
				"west": {"uv": [15.75, 8, 13.25, 9], "rotation": 180, "texture": "#1"},
				"up": {"uv": [15.75, 8, 13.25, 9], "rotation": 180, "texture": "#1"},
				"down": {"uv": [15.75, 8, 13.25, 9], "rotation": 180, "texture": "#1"}
			}
		},
		{
			"from": [5.17928, 2.36976, 2.60327],
			"to": [9.25464, 4.42384, 6.74619],
			"rotation": {"angle": 0, "axis": "y", "origin": [7.62985, 13.9675, 13.52842]},
			"faces": {
				"north": {"uv": [16, 8.25, 13.5, 9.25], "texture": "#1"},
				"east": {"uv": [16, 8.25, 13.5, 9.25], "texture": "#1"},
				"south": {"uv": [16, 8.25, 13.5, 9.25], "texture": "#1"},
				"west": {"uv": [16, 8.25, 13.5, 9.25], "texture": "#1"},
				"up": {"uv": [16, 8.25, 13.5, 9.25], "texture": "#1"},
				"down": {"uv": [11, 10, 10, 10.75], "texture": "#1"}
			}
		},
		{
			"from": [5.28465, 11.18465, 4.46557],
			"to": [9.14927, 12.8362, 9.87438],
			"rotation": {"angle": 0, "axis": "y", "origin": [7.62985, 13.9675, 13.52842]},
			"faces": {
				"north": {"uv": [15.25, 7.25, 14, 8], "texture": "#1"},
				"east": {"uv": [13.5, 8.75, 15, 7.5], "rotation": 270, "texture": "#1"},
				"south": {"uv": [14.75, 7.5, 13.5, 9], "texture": "#1"},
				"west": {"uv": [13.5, 8.75, 15, 7.5], "rotation": 90, "texture": "#1"},
				"up": {"uv": [14.75, 7.5, 13.5, 9], "texture": "#1"},
				"down": {"uv": [14.75, 7.5, 13.5, 9], "texture": "#1"}
			}
		},
		{
			"from": [10.80081, 5.68501, 4.46557],
			"to": [12.45236, 8.70734, 9.87438],
			"rotation": {"angle": 0, "axis": "y", "origin": [7.62985, 13.9675, 13.52842]},
			"faces": {
				"north": {"uv": [13.5, 8.25, 15, 7.5], "rotation": 90, "texture": "#1"},
				"east": {"uv": [13.5, 8.25, 15, 7.5], "rotation": 90, "texture": "#1"},
				"south": {"uv": [13.5, 8.25, 15, 7.5], "rotation": 90, "texture": "#1"},
				"west": {"uv": [13.5, 8.25, 15, 7.5], "rotation": 90, "texture": "#1"},
				"up": {"uv": [13.5, 8.25, 15, 7.5], "rotation": 90, "texture": "#1"},
				"down": {"uv": [13.5, 8.25, 15, 7.5], "rotation": 90, "texture": "#1"}
			}
		},
		{
			"from": [3.59864, 5.41016, -2.97535],
			"to": [10.83528, 10.0477, 4.93213],
			"rotation": {"angle": 0, "axis": "y", "origin": [7.21696, 7.19617, 0.49773]},
			"faces": {
				"north": {"uv": [3.5, 16, 4.37048, 14.0853], "rotation": 90, "texture": "#1"},
				"east": {"uv": [3.5, 15.9147, 4.37048, 14], "rotation": 90, "texture": "#1"},
				"south": {"uv": [3.5, 16, 4.37048, 14.0853], "rotation": 90, "texture": "#1"},
				"west": {"uv": [3.5, 15.9147, 4.37048, 14], "rotation": 90, "texture": "#1"},
				"up": {"uv": [3.5, 15.9147, 4.37048, 14], "rotation": 90, "texture": "#1"},
				"down": {"uv": [3.5, 15.9147, 3.87048, 14], "rotation": 90, "texture": "#1"}
			}
		},
		{
			"from": [4.89819, 5.83051, -2.97535],
			"to": [9.53573, 11.34725, 4.93213],
			"rotation": {"angle": 0, "axis": "y", "origin": [7.71242, 15.32177, 16.25347]},
			"faces": {
				"north": {"uv": [5.4147, 14, 3.5, 15.57356], "rotation": 180, "texture": "#1"},
				"east": {"uv": [5.4147, 14, 3.5, 15.57356], "rotation": 180, "texture": "#1"},
				"south": {"uv": [5.4147, 14, 3.5, 15.57356], "rotation": 180, "texture": "#1"},
				"west": {"uv": [5.4147, 14, 3.5, 15.57356], "rotation": 180, "texture": "#1"},
				"up": {"uv": [5.4147, 14, 3.5, 15.57356], "rotation": 180, "texture": "#1"},
				"down": {"uv": [5.4147, 14, 3.5, 15.57356], "rotation": 180, "texture": "#1"}
			}
		},
		{
			"from": [4.89819, 4.11061, -1.25545],
			"to": [9.53573, 5.61425, 4.93213],
			"rotation": {"angle": 0, "axis": "y", "origin": [7.71242, 15.32177, 16.25347]},
			"faces": {
				"north": {"uv": [15.6647, 8.25, 14.25, 9.07356], "rotation": 180, "texture": "#1"},
				"east": {"uv": [15.6647, 8.25, 14.25, 9.07356], "rotation": 180, "texture": "#1"},
				"south": {"uv": [15.6647, 8.25, 14.25, 9.07356], "rotation": 180, "texture": "#1"},
				"west": {"uv": [15.6647, 8.25, 14.25, 9.07356], "rotation": 180, "texture": "#1"},
				"up": {"uv": [15.6647, 8.25, 14.25, 9.07356], "rotation": 180, "texture": "#1"},
				"down": {"uv": [15.6647, 8.25, 14.25, 9.07356], "rotation": 180, "texture": "#1"}
			}
		},
		{
			"from": [4.67875, 5.10154, -5.2108],
			"to": [9.75517, 10.35632, 4.93213],
			"rotation": {"angle": 0, "axis": "y", "origin": [7.71242, 15.32177, 16.25347]},
			"faces": {
				"north": {"uv": [5.8343, 14.0853, 3.5, 15.28686], "rotation": 180, "texture": "#1"},
				"east": {"uv": [5.8343, 14, 3.5, 15.20156], "rotation": 180, "texture": "#1"},
				"south": {"uv": [5.8343, 14.0853, 3.5, 15.28686], "rotation": 180, "texture": "#1"},
				"west": {"uv": [5.8343, 14, 3.5, 15.20156], "rotation": 180, "texture": "#1"},
				"up": {"uv": [5.8343, 14, 3.5, 15.20156], "rotation": 180, "texture": "#1"},
				"down": {"uv": [5.3343, 14, 3.5, 15.20156], "rotation": 180, "texture": "#1"}
			}
		},
		{
			"from": [6.9362, 5.12562, 5.29134],
			"to": [9.97504, 9.26673, 14.07159],
			"rotation": {"angle": 22.5, "axis": "y", "origin": [7.21696, 7.19617, 3.86688]},
			"faces": {
				"north": {"uv": [14.25, 7.5, 13.5, 9], "texture": "#1"},
				"east": {"uv": [13.5, 9, 14.25, 7.5], "rotation": 270, "texture": "#1"},
				"south": {"uv": [13.75, 8, 13.25, 8.75], "texture": "#1"},
				"west": {"uv": [13.5, 9, 14.25, 7.5], "rotation": 90, "texture": "#1"},
				"up": {"uv": [14.25, 7.5, 13.5, 9], "texture": "#1"},
				"down": {"uv": [14.25, 7.5, 13.5, 9], "rotation": 180, "texture": "#1"}
			}
		},
		{
			"from": [11.60992, 6.18047, 11.96587],
			"to": [13.32752, 8.21187, 18.0353],
			"rotation": {"angle": 0, "axis": "y", "origin": [7.21696, 7.19617, 3.86688]},
			"faces": {
				"north": {"uv": [13.5, 8, 13.25, 9], "rotation": 180, "texture": "#1"},
				"east": {"uv": [13.5, 8, 13.25, 9], "rotation": 180, "texture": "#1"},
				"south": {"uv": [13.5, 8, 13.25, 9], "rotation": 180, "texture": "#1"},
				"west": {"uv": [13.5, 8, 13.25, 9], "rotation": 180, "texture": "#1"},
				"up": {"uv": [13.5, 8, 13.25, 9], "rotation": 180, "texture": "#1"},
				"down": {"uv": [13.5, 8, 13.25, 9], "rotation": 180, "texture": "#1"}
			}
		},
		{
			"from": [6.293, 9.83951, 5.41328],
			"to": [9.86082, 12.87835, 13.94106],
			"rotation": {"angle": -45, "axis": "x", "origin": [8.36356, 10.82617, 8.53057]},
			"faces": {
				"north": {"uv": [13.5, 8.5, 16, 7], "rotation": 270, "texture": "#1"},
				"east": {"uv": [13.5, 8.5, 16, 7], "rotation": 270, "texture": "#1"},
				"south": {"uv": [13.5, 8.5, 16, 8], "rotation": 270, "texture": "#1"},
				"west": {"uv": [13.5, 8.5, 16, 7], "rotation": 90, "texture": "#1"},
				"up": {"uv": [15, 7, 13.5, 9], "texture": "#1"},
				"down": {"uv": [15, 7, 13.5, 8.75], "rotation": 180, "texture": "#1"}
			}
		},
		{
			"from": [7.34786, 10.07791, 11.72288],
			"to": [8.80596, 11.79551, 20.08551],
			"rotation": {"angle": -22.5, "axis": "x", "origin": [8.36356, 7.19617, 3.86688]},
			"faces": {
				"north": {"uv": [13.25, 9, 13.5, 8], "rotation": 270, "texture": "#1"},
				"east": {"uv": [13.25, 9, 13.5, 8], "rotation": 270, "texture": "#1"},
				"south": {"uv": [13.25, 9, 13.5, 8], "rotation": 270, "texture": "#1"},
				"west": {"uv": [13.25, 9, 13.5, 8], "rotation": 270, "texture": "#1"},
				"up": {"uv": [13.25, 9, 13.5, 8], "rotation": 270, "texture": "#1"},
				"down": {"uv": [13.25, 9, 13.5, 8], "rotation": 270, "texture": "#1"}
			}
		},
		{
			"from": [5.09819, 2.18447, 2.69592],
			"to": [6.53876, 3.51636, 8.74403],
			"rotation": {"angle": 22.5, "axis": "x", "origin": [6.48442, 2.54175, 7.99574]},
			"faces": {
				"north": {"uv": [13.5, 8, 13.25, 9], "rotation": 180, "texture": "#1"},
				"east": {"uv": [13.5, 8, 13.25, 9], "rotation": 180, "texture": "#1"},
				"south": {"uv": [13.5, 8, 13.25, 9], "rotation": 180, "texture": "#1"},
				"west": {"uv": [13.5, 8, 13.25, 9], "rotation": 180, "texture": "#1"},
				"up": {"uv": [13.5, 8, 13.25, 9], "rotation": 180, "texture": "#1"},
				"down": {"uv": [13.5, 8, 13.25, 9], "rotation": 180, "texture": "#1"}
			}
		},
		{
			"from": [7.49559, 2.18447, 2.69592],
			"to": [8.93617, 3.51636, 8.74403],
			"rotation": {"angle": 22.5, "axis": "x", "origin": [6.48442, 2.54175, 7.99574]},
			"faces": {
				"north": {"uv": [13.5, 8, 13.25, 9], "rotation": 180, "texture": "#1"},
				"east": {"uv": [13.5, 8, 13.25, 9], "rotation": 180, "texture": "#1"},
				"south": {"uv": [13.5, 8, 13.25, 9], "rotation": 180, "texture": "#1"},
				"west": {"uv": [13.5, 8, 13.25, 9], "rotation": 180, "texture": "#1"},
				"up": {"uv": [13.5, 8, 13.25, 9], "rotation": 180, "texture": "#1"},
				"down": {"uv": [13.5, 8, 13.25, 9], "rotation": 180, "texture": "#1"}
			}
		},
		{
			"from": [5.32751, 2.12714, 8.42892],
			"to": [6.30944, 3.00039, 12.18383],
			"rotation": {"angle": 0, "axis": "y", "origin": [6.48442, 2.54175, 7.99574]},
			"faces": {
				"north": {"uv": [13.5, 8, 13.25, 9], "rotation": 180, "texture": "#1"},
				"east": {"uv": [13.5, 8, 13.25, 9], "rotation": 180, "texture": "#1"},
				"south": {"uv": [13.5, 8, 13.25, 9], "rotation": 180, "texture": "#1"},
				"west": {"uv": [13.5, 8, 13.25, 9], "rotation": 180, "texture": "#1"},
				"up": {"uv": [13.5, 8, 13.25, 9], "rotation": 180, "texture": "#1"},
				"down": {"uv": [13.5, 8, 13.25, 9], "rotation": 180, "texture": "#1"}
			}
		},
		{
			"from": [7.72491, 2.12714, 8.42892],
			"to": [8.70685, 3.00039, 12.18383],
			"rotation": {"angle": 0, "axis": "y", "origin": [6.48442, 2.54175, 7.99574]},
			"faces": {
				"north": {"uv": [13.5, 8, 13.25, 9], "rotation": 180, "texture": "#1"},
				"east": {"uv": [13.5, 8, 13.25, 9], "rotation": 180, "texture": "#1"},
				"south": {"uv": [13.5, 8, 13.25, 9], "rotation": 180, "texture": "#1"},
				"west": {"uv": [13.5, 8, 13.25, 9], "rotation": 180, "texture": "#1"},
				"up": {"uv": [13.5, 8, 13.25, 9], "rotation": 180, "texture": "#1"},
				"down": {"uv": [13.5, 8, 13.25, 9], "rotation": 180, "texture": "#1"}
			}
		}
	],
	"display": {
		"head": {
			"translation": [2.25, -4.5, -32.5],
			"scale": [4, 4, 4]
		}
	},
	"groups": [
		{
			"name": "root_raging",
			"origin": [8, 8, 8],
			"color": 0,
			"children": [
				{
					"name": "arm_l",
					"origin": [8, 8, 8],
					"color": 0,
					"children": [
						{
							"name": "1",
							"origin": [8, 8, 8],
							"color": 0,
							"children": [
								0,
								1,
								2,
								3,
								4,
								5,
								6,
								7,
								8,
								9,
								{
									"name": "group",
									"origin": [5.5, 6.05811, -3.70612],
									"color": 0,
									"children": [10, 11]
								},
								{
									"name": "group",
									"origin": [5.5, 6.05811, -3.70612],
									"color": 0,
									"children": [12, 13]
								},
								14,
								15,
								16,
								17
							]
						}
					]
				}
			]
		}
	]
}