{
	"credit": "Made with Blockbench",
	"texture_size": [32, 32],
	"textures": {
		"1": "brachy/raging",
		"particle": "brachy/head"
	},
	"elements": [
		{
			"from": [4.27074, 4.32578, 5.65584],
			"to": [11.72932, 8.81026, 10.34416],
			"rotation": {"angle": 0, "axis": "y", "origin": [11.9957, -9.12766, 5.14624]},
			"faces": {
				"north": {"uv": [2.5, 7, 4.25, 8.5], "texture": "#1"},
				"east": {"uv": [2.5, 7, 4.25, 8.5], "texture": "#1"},
				"south": {"uv": [2.5, 7, 4.25, 8.5], "texture": "#1"},
				"west": {"uv": [2.5, 7, 4.25, 8.5], "texture": "#1"},
				"up": {"uv": [2.5, 7, 4.25, 8.5], "texture": "#1"},
				"down": {"uv": [2.5, 7, 4.25, 8.5], "texture": "#1"}
			}
		},
		{
			"from": [4.93668, 8.81026, 5.65584],
			"to": [11.06338, 10.49194, 10.34416],
			"rotation": {"angle": 0, "axis": "y", "origin": [11.9957, -9.12766, 5.14624]},
			"faces": {
				"north": {"uv": [13.5, 7.5, 15.25, 9], "texture": "#1"},
				"east": {"uv": [13.5, 8, 15.25, 9], "texture": "#1"},
				"south": {"uv": [13.5, 7.5, 15.25, 9], "texture": "#1"},
				"west": {"uv": [13.5, 8, 15.25, 9], "texture": "#1"},
				"up": {"uv": [13.75, 5.5, 15.5, 7], "texture": "#1"},
				"down": {"uv": [13.5, 7.5, 15.25, 9], "texture": "#1"}
			}
		},
		{
			"from": [6.26857, 10.49194, 5.65584],
			"to": [9.73149, 13.65146, 10.34416],
			"rotation": {"angle": 0, "axis": "y", "origin": [11.9957, -9.12766, 5.14624]},
			"faces": {
				"north": {"uv": [14, 5, 15.75, 6.5], "texture": "#1"},
				"east": {"uv": [14, 5, 15.75, 6.5], "texture": "#1"},
				"south": {"uv": [14, 5, 15.75, 6.5], "texture": "#1"},
				"west": {"uv": [14, 5, 15.75, 6.5], "texture": "#1"},
				"up": {"uv": [14, 5, 15.75, 6.5], "texture": "#1"},
				"down": {"uv": [14, 5, 15.75, 6.5], "texture": "#1"}
			}
		},
		{
			"from": [5.20306, 3.09255, 5.65584],
			"to": [10.797, 4.32578, 10.34416],
			"rotation": {"angle": 0, "axis": "y", "origin": [11.9957, -10.24878, 5.14624]},
			"faces": {
				"north": {"uv": [13.25, 0, 16, 1.5], "texture": "#1"},
				"east": {"uv": [13.25, 0, 16, 1.5], "texture": "#1"},
				"south": {"uv": [13.25, 0, 16, 1.5], "texture": "#1"},
				"west": {"uv": [13.25, 0, 16, 1.5], "texture": "#1"},
				"up": {"uv": [13.25, 0, 16, 1.5], "texture": "#1"},
				"down": {"uv": [13.25, 0, 16, 1.5], "texture": "#1"}
			}
		}
	],
	"display": {
		"head": {
			"translation": [0, -8.75, -5.5],
			"scale": [4, 4, 4]
		}
	},
	"groups": [
		{
			"name": "root_raging",
			"origin": [8, 8, 8],
			"color": 0,
			"children": [
				{
					"name": "neck",
					"origin": [8, 8, 8],
					"color": 0,
					"children": [
						{
							"name": "1",
							"origin": [8, 8, 8],
							"color": 0,
							"children": [0, 1, 2, 3]
						}
					]
				}
			]
		}
	]
}