{
	"credit": "Made with Blockbench",
	"texture_size": [32, 32],
	"textures": {
		"1": "brachy/raging",
		"particle": "brachy/head"
	},
	"elements": [
		{
			"from": [6.09996, 2.45859, 7.11274],
			"to": [9.92074, 12.05537, 11.4474],
			"rotation": {"angle": 0, "axis": "x", "origin": [8.01035, 7.51857, 9.96463]},
			"faces": {
				"north": {"uv": [2.5, 7, 3.75, 9], "rotation": 180, "texture": "#1"},
				"east": {"uv": [2.5, 7, 3.75, 9], "rotation": 270, "texture": "#1"},
				"south": {"uv": [2.5, 7, 3.75, 9], "texture": "#1"},
				"west": {"uv": [2.5, 7, 3.75, 9], "rotation": 90, "texture": "#1"},
				"up": {"uv": [2.5, 7, 3.75, 9], "rotation": 180, "texture": "#1"},
				"down": {"uv": [2.5, 7, 3.75, 9], "texture": "#1"}
			}
		},
		{
			"from": [5.5394, 7.50363, 6.55218],
			"to": [10.4813, 12.61593, 12.41564],
			"rotation": {"angle": 0, "axis": "x", "origin": [8.01035, 7.51857, 9.96463]},
			"faces": {
				"north": {"uv": [7.25, 9.75, 10, 11.75], "rotation": 180, "texture": "#1"},
				"east": {"uv": [13.25, 3, 16, 5], "rotation": 270, "texture": "#1"},
				"south": {"uv": [13.25, 0, 16, 1.5], "texture": "#1"},
				"west": {"uv": [13.25, 3, 16, 5], "rotation": 90, "texture": "#1"},
				"up": {"uv": [13.25, 3, 16, 5], "rotation": 180, "texture": "#1"},
				"down": {"uv": [13.25, 2.75, 16, 4.75], "texture": "#1"}
			}
		},
		{
			"from": [6.77263, 2.45859, 10.13977],
			"to": [9.24807, 8.01934, 12.12007],
			"rotation": {"angle": 0, "axis": "x", "origin": [8.01035, 7.51857, 9.96463]},
			"faces": {
				"north": {"uv": [13.25, 0, 16, 1.5], "rotation": 180, "texture": "#1"},
				"east": {"uv": [13.25, 0, 16, 1.5], "rotation": 270, "texture": "#1"},
				"south": {"uv": [13.25, 0, 16, 1.5], "texture": "#1"},
				"west": {"uv": [13.25, 0, 16, 1.5], "rotation": 90, "texture": "#1"},
				"up": {"uv": [13.25, 0, 16, 1.5], "rotation": 180, "texture": "#1"},
				"down": {"uv": [13.25, 0, 16, 1.5], "texture": "#1"}
			}
		}
	],
	"display": {
		"head": {
			"translation": [0, -17.75, -6],
			"scale": [4, 4, 4]
		}
	}
}