{
	"credit": "Made with Blockbench",
	"texture_size": [32, 32],
	"textures": {
		"1": "brachy/raging",
		"particle": "brachy/head"
	},
	"elements": [
		{
			"from": [5.8295, 3.04313, 1.17441],
			"to": [10.17047, 5.02547, 10.59182],
			"rotation": {"angle": 0, "axis": "y", "origin": [9.77853, 13.00825, -35.03084]},
			"faces": {
				"north": {"uv": [13.25, 0, 16, 1.5], "texture": "#1"},
				"east": {"uv": [13.25, 0, 16, 1.5], "texture": "#1"},
				"south": {"uv": [13.25, 0, 16, 1.5], "texture": "#1"},
				"west": {"uv": [13.25, 0, 16, 1.5], "texture": "#1"},
				"up": {"uv": [13.25, 0, 16, 1.5], "texture": "#1"},
				"down": {"uv": [13.25, 0, 16, 1.5], "texture": "#1"}
			}
		},
		{
			"from": [4.48415, 5.02547, 1.17441],
			"to": [11.51582, 11.12029, 10.59182],
			"rotation": {"angle": 0, "axis": "y", "origin": [9.77853, 13.00825, -35.03084]},
			"faces": {
				"north": {"uv": [7.25, 9.25, 9, 11.25], "texture": "#1"},
				"east": {"uv": [7.25, 9.25, 9, 11.25], "texture": "#1"},
				"south": {"uv": [7.25, 9.25, 9, 11.25], "texture": "#1"},
				"west": {"uv": [7.25, 9.25, 9, 11.25], "texture": "#1"},
				"up": {"uv": [7.25, 9.25, 9, 11.25], "texture": "#1"},
				"down": {"uv": [7.25, 9.25, 9, 11.25], "texture": "#1"}
			}
		},
		{
			"from": [5.8295, 11.12029, 1.17441],
			"to": [10.17047, 12.91408, 10.59182],
			"rotation": {"angle": 0, "axis": "y", "origin": [9.77853, 13.00825, -35.03084]},
			"faces": {
				"north": {"uv": [7.25, 9.25, 9, 11.25], "texture": "#1"},
				"east": {"uv": [7.25, 9.25, 9, 11.25], "texture": "#1"},
				"south": {"uv": [7.25, 9.25, 9, 11.25], "texture": "#1"},
				"west": {"uv": [7.25, 9.25, 9, 11.25], "texture": "#1"},
				"up": {"uv": [7.25, 9.25, 9, 11.25], "texture": "#1"},
				"down": {"uv": [7.25, 9.25, 9, 11.25], "texture": "#1"}
			}
		}
	],
	"display": {
		"head": {
			"translation": [0, -6.75, 21],
			"scale": [4, 4, 4]
		}
	},
	"groups": [
		{
			"name": "root_raging",
			"origin": [8, 8, 8],
			"color": 0,
			"children": [
				{
					"name": "tail",
					"origin": [8, 8, 8],
					"color": 0,
					"children": [
						{
							"name": "1",
							"origin": [8, 8, 8],
							"color": 0,
							"children": [0, 1, 2]
						}
					]
				}
			]
		}
	]
}