{
	"credit": "Made with Blockbench",
	"texture_size": [32, 32],
	"textures": {
		"1": "brachy/raging",
		"particle": "brachy/head"
	},
	"elements": [
		{
			"from": [5.15822, 8.14779, 6.39585],
			"to": [10.86248, 23.01384, 11.60905],
			"rotation": {"angle": 0, "axis": "x", "origin": [7.98793, 17.04859, 8.35676]},
			"faces": {
				"north": {"uv": [2.5, 7, 3.75, 9], "texture": "#1"},
				"east": {"uv": [2.5, 7, 3.75, 9], "texture": "#1"},
				"south": {"uv": [2.5, 7, 3.75, 9], "texture": "#1"},
				"west": {"uv": [2.5, 7, 3.75, 9], "texture": "#1"},
				"up": {"uv": [2.5, 7, 3.75, 9], "texture": "#1"},
				"down": {"uv": [2.5, 7, 3.75, 9], "texture": "#1"}
			}
		},
		{
			"from": [5.79522, 12.60679, 8.30685],
			"to": [10.22548, 22.37684, 14.15705],
			"rotation": {"angle": 0, "axis": "x", "origin": [7.98793, 17.04859, 8.35676]},
			"faces": {
				"north": {"uv": [2.5, 7, 3.75, 9], "texture": "#1"},
				"east": {"uv": [2.5, 7, 3.75, 9], "texture": "#1"},
				"south": {"uv": [2.5, 7, 3.75, 9], "texture": "#1"},
				"west": {"uv": [2.5, 7, 3.75, 9], "texture": "#1"},
				"up": {"uv": [2.5, 7, 3.75, 9], "texture": "#1"},
				"down": {"uv": [2.5, 7, 3.75, 9], "texture": "#1"}
			}
		},
		{
			"from": [6.50356, 6.80245, 6.66492],
			"to": [10.18981, 9.5604, 10.26371],
			"rotation": {"angle": 0, "axis": "x", "origin": [7.98793, 17.04859, 8.35676]},
			"faces": {
				"north": {"uv": [2.5, 7, 3.75, 9], "rotation": 180, "texture": "#1"},
				"east": {"uv": [2.5, 7, 3.75, 9], "rotation": 180, "texture": "#1"},
				"south": {"uv": [2.5, 7, 3.75, 9], "rotation": 180, "texture": "#1"},
				"west": {"uv": [2.5, 7, 3.75, 9], "rotation": 180, "texture": "#1"},
				"up": {"uv": [2.5, 7, 3.75, 9], "rotation": 180, "texture": "#1"},
				"down": {"uv": [2.5, 7, 3.75, 9], "rotation": 180, "texture": "#1"}
			}
		},
		{
			"from": [6.50356, 11.10755, 9.75921],
			"to": [10.18981, 21.6685, 12.9544],
			"rotation": {"angle": 0, "axis": "x", "origin": [7.98793, 17.04859, 8.35676]},
			"faces": {
				"north": {"uv": [13.25, 0, 16, 1.5], "texture": "#1"},
				"east": {"uv": [13.25, 0, 16, 1.5], "texture": "#1"},
				"south": {"uv": [13.25, 0, 16, 1.5], "texture": "#1"},
				"west": {"uv": [13.25, 0, 16, 1.5], "texture": "#1"},
				"up": {"uv": [13.25, 0, 16, 1.5], "texture": "#1"},
				"down": {"uv": [13.25, 0, 16, 1.5], "texture": "#1"}
			}
		},
		{
			"from": [5.38244, 10.43488, 3.70516],
			"to": [10.59341, 20.99583, 9.59104],
			"rotation": {"angle": 0, "axis": "x", "origin": [7.98793, 17.04859, 8.35676]},
			"faces": {
				"north": {"uv": [14, 7.5, 15.25, 9.5], "rotation": 180, "texture": "#1"},
				"east": {"uv": [14, 7.5, 15.25, 9.5], "rotation": 180, "texture": "#1"},
				"south": {"uv": [2.5, 7, 3.75, 9], "rotation": 180, "texture": "#1"},
				"west": {"uv": [14, 7.5, 15.25, 9.5], "rotation": 180, "texture": "#1"},
				"up": {"uv": [2.5, 7, 3.75, 9], "rotation": 180, "texture": "#1"},
				"down": {"uv": [2.5, 7, 3.75, 9], "rotation": 180, "texture": "#1"}
			}
		},
		{
			"from": [6.23449, 20.52496, 4.37783],
			"to": [9.7862, 23.68651, 9.59104],
			"rotation": {"angle": 0, "axis": "x", "origin": [7.98793, 17.04859, 8.35676]},
			"faces": {
				"north": {"uv": [2.5, 7, 3.75, 9], "rotation": 180, "texture": "#1"},
				"east": {"uv": [2.5, 7, 3.75, 9], "rotation": 180, "texture": "#1"},
				"south": {"uv": [2.5, 7, 3.75, 9], "rotation": 180, "texture": "#1"},
				"west": {"uv": [2.5, 7, 3.75, 9], "rotation": 180, "texture": "#1"},
				"up": {"uv": [2.5, 7, 3.75, 9], "rotation": 180, "texture": "#1"},
				"down": {"uv": [2.5, 7, 3.75, 9], "rotation": 180, "texture": "#1"}
			}
		},
		{
			"from": [5.96543, 19.3148, 5.00776],
			"to": [8.70993, 22.51, 7.63118],
			"rotation": {"angle": 0, "axis": "x", "origin": [7.98793, 17.04859, 8.35676]},
			"faces": {
				"north": {"uv": [2.5, 7, 3.75, 9], "rotation": 180, "texture": "#1"},
				"east": {"uv": [2.5, 7, 3.75, 9], "rotation": 180, "texture": "#1"},
				"south": {"uv": [2.5, 7, 3.75, 9], "rotation": 180, "texture": "#1"},
				"west": {"uv": [2.5, 7, 3.75, 9], "rotation": 180, "texture": "#1"},
				"up": {"uv": [2.5, 7, 3.75, 9], "rotation": 180, "texture": "#1"},
				"down": {"uv": [2.5, 7, 3.75, 9], "rotation": 180, "texture": "#1"}
			}
		},
		{
			"from": [6.79505, 21.65413, 3.05367],
			"to": [8.73235, 25.17649, 4.63649],
			"rotation": {"angle": 22.5, "axis": "x", "origin": [7.98793, 17.04859, 8.35676]},
			"faces": {
				"north": {"uv": [2.5, 7, 3.75, 9], "texture": "#1"},
				"east": {"uv": [2.5, 7, 3.75, 9], "rotation": 270, "texture": "#1"},
				"south": {"uv": [2.5, 7, 3.75, 9], "rotation": 180, "texture": "#1"},
				"west": {"uv": [2.5, 7, 3.75, 9], "rotation": 90, "texture": "#1"},
				"up": {"uv": [2.5, 7, 3.75, 9], "rotation": 180, "texture": "#1"},
				"down": {"uv": [2.5, 7, 3.75, 9], "texture": "#1"}
			}
		},
		{
			"from": [6.79505, 19.28698, 13.33363],
			"to": [8.73235, 22.80934, 14.91645],
			"rotation": {"angle": -22.5, "axis": "x", "origin": [7.98793, 17.04859, 8.35676]},
			"faces": {
				"north": {"uv": [2.5, 7, 3.75, 9], "rotation": 180, "texture": "#1"},
				"east": {"uv": [2.5, 7, 3.75, 9], "rotation": 180, "texture": "#1"},
				"south": {"uv": [2.5, 7, 3.75, 9], "rotation": 180, "texture": "#1"},
				"west": {"uv": [2.5, 7, 3.75, 9], "rotation": 180, "texture": "#1"},
				"up": {"uv": [2.5, 7, 3.75, 9], "rotation": 180, "texture": "#1"},
				"down": {"uv": [2.5, 7, 3.75, 9], "rotation": 180, "texture": "#1"}
			}
		},
		{
			"from": [6.79505, 22.16373, 5.39783],
			"to": [8.73235, 27.67353, 7.61765],
			"rotation": {"angle": 22.5, "axis": "x", "origin": [7.98793, 17.04859, 8.35676]},
			"faces": {
				"north": {"uv": [2.5, 7, 3.75, 9], "rotation": 180, "texture": "#1"},
				"east": {"uv": [2.5, 7, 3.75, 9], "rotation": 180, "texture": "#1"},
				"south": {"uv": [2.5, 7, 3.75, 9], "rotation": 180, "texture": "#1"},
				"west": {"uv": [2.5, 7, 3.75, 9], "rotation": 180, "texture": "#1"},
				"up": {"uv": [2.5, 7, 3.75, 9], "rotation": 180, "texture": "#1"},
				"down": {"uv": [2.5, 7, 3.75, 9], "rotation": 180, "texture": "#1"}
			}
		},
		{
			"from": [6.18965, 7.07152, 4.2433],
			"to": [10.32434, 12.92376, 6.63128],
			"rotation": {"angle": 0, "axis": "x", "origin": [7.98793, 17.04859, 8.35676]},
			"faces": {
				"north": {"uv": [13.25, 7.25, 14.25, 9.5], "rotation": 180, "texture": "#1"},
				"east": {"uv": [13.25, 7.25, 14.25, 9.5], "rotation": 180, "texture": "#1"},
				"south": {"uv": [13.25, 7.25, 14.25, 9.5], "rotation": 180, "texture": "#1"},
				"west": {"uv": [13.25, 7.25, 14.25, 9.5], "rotation": 180, "texture": "#1"},
				"up": {"uv": [13.25, 7.25, 14.25, 9.5], "rotation": 180, "texture": "#1"},
				"down": {"uv": [13.25, 7.25, 14.75, 8], "rotation": 180, "texture": "#1"}
			}
		},
		{
			"from": [7.01928, 4.93099, 0.96004],
			"to": [9.49471, 9.46541, 3.34803],
			"rotation": {"angle": -22.5, "axis": "x", "origin": [7.98793, 17.04859, 8.35676]},
			"faces": {
				"north": {"uv": [13.75, 7.5, 15, 8.25], "rotation": 180, "texture": "#1"},
				"east": {"uv": [13.75, 7.5, 15, 8.25], "rotation": 180, "texture": "#1"},
				"south": {"uv": [13.75, 7.5, 15, 8.25], "rotation": 180, "texture": "#1"},
				"west": {"uv": [13.75, 7.5, 15, 8.25], "rotation": 180, "texture": "#1"},
				"up": {"uv": [13.75, 7.5, 15, 8.25], "rotation": 180, "texture": "#1"},
				"down": {"uv": [13.75, 7.5, 15, 8.25], "rotation": 180, "texture": "#1"}
			}
		}
	],
	"display": {
		"head": {
			"translation": [0, -43, -4.25],
			"scale": [4, 4, 4]
		}
	},
	"groups": [
		{
			"name": "root_raging",
			"origin": [8, 8, 8],
			"color": 0,
			"children": [
				{
					"name": "leg_l",
					"origin": [8, 8, 8],
					"color": 5,
					"children": [
						{
							"name": "0",
							"origin": [8, 8, 8],
							"color": 5,
							"children": [0, 1, 2, 3, 4, 5, 6, 7, 8, 9, 10, 11]
						}
					]
				}
			]
		}
	]
}