{
	"credit": "Made with Blockbench",
	"texture_size": [32, 32],
	"textures": {
		"1": "brachy/raging",
		"particle": "brachy/head"
	},
	"elements": [
		{
			"from": [5.14828, -4.13573, 8.70166],
			"to": [10.83102, 0.6324, 16.17504],
			"rotation": {"angle": 0, "axis": "y", "origin": [7.98965, -2.45236, 12.43835]},
			"faces": {
				"north": {"uv": [1.75, 4.5, 0, 6.5], "texture": "#1"},
				"east": {"uv": [16, 2.5, 13.25, 4.5], "rotation": 180, "texture": "#1"},
				"south": {"uv": [16, 0, 13.25, 1.5], "texture": "#1"},
				"west": {"uv": [16, 2.5, 13.25, 4.5], "rotation": 180, "texture": "#1"},
				"up": {"uv": [1.75, 7.25, 0, 9.25], "texture": "#1"},
				"down": {"uv": [16, 0, 13.25, 1.5], "texture": "#1"}
			}
		},
		{
			"from": [5.44426, 0.15911, 11.42601],
			"to": [10.53504, 6.56631, 15.68453],
			"rotation": {"angle": 0, "axis": "y", "origin": [7.98965, -0.8555, 15.744]},
			"faces": {
				"north": {"uv": [7.25, 10.5, 9.5, 8.5], "rotation": 270, "texture": "#1"},
				"east": {"uv": [7.25, 10.5, 9.5, 8.5], "rotation": 270, "texture": "#1"},
				"south": {"uv": [7.25, 10.5, 9.5, 8.5], "rotation": 270, "texture": "#1"},
				"west": {"uv": [7.25, 10.5, 9.5, 8.5], "rotation": 270, "texture": "#1"},
				"up": {"uv": [7.25, 10.5, 9.5, 8.5], "rotation": 270, "texture": "#1"},
				"down": {"uv": [7.25, 10.5, 9.5, 8.5], "rotation": 270, "texture": "#1"}
			}
		},
		{
			"from": [6.62816, -3.83975, 4.50867],
			"to": [9.35114, -0.32504, 9.76224],
			"rotation": {"angle": 0, "axis": "y", "origin": [7.98965, -2.45236, 9.47859]},
			"faces": {
				"north": {"uv": [3.75, 7, 2.5, 9], "texture": "#1"},
				"east": {"uv": [3.75, 7, 2.5, 9], "texture": "#1"},
				"south": {"uv": [3.75, 7, 2.5, 9], "texture": "#1"},
				"west": {"uv": [3.75, 7, 2.5, 9], "texture": "#1"},
				"up": {"uv": [3.75, 7, 2.5, 9], "texture": "#1"},
				"down": {"uv": [3.75, 7, 2.5, 9], "texture": "#1"}
			}
		},
		{
			"from": [7.14612, -3.80141, 1.27912],
			"to": [8.83318, -2.35853, 5.44744],
			"rotation": {"angle": 0, "axis": "y", "origin": [7.98965, -3.07997, 3.75791]},
			"faces": {
				"north": {"uv": [3.75, 7, 2.5, 9], "texture": "#1"},
				"east": {"uv": [3.75, 7, 2.5, 9], "texture": "#1"},
				"south": {"uv": [3.75, 7, 2.5, 9], "texture": "#1"},
				"west": {"uv": [3.75, 7, 2.5, 9], "texture": "#1"},
				"up": {"uv": [3.75, 7, 2.5, 9], "texture": "#1"},
				"down": {"uv": [3.75, 7, 2.5, 9], "texture": "#1"}
			}
		},
		{
			"from": [7.39277, -2.35853, 2.41369],
			"to": [8.58654, -1.14996, 5.44744],
			"rotation": {"angle": 0, "axis": "y", "origin": [7.98965, -3.07997, 3.75791]},
			"faces": {
				"north": {"uv": [3.75, 7, 2.5, 9], "rotation": 180, "texture": "#1"},
				"east": {"uv": [3.75, 7, 2.5, 9], "rotation": 180, "texture": "#1"},
				"south": {"uv": [3.75, 7, 2.5, 9], "rotation": 180, "texture": "#1"},
				"west": {"uv": [3.75, 7, 2.5, 9], "rotation": 180, "texture": "#1"},
				"up": {"uv": [3.75, 7, 2.5, 9], "rotation": 180, "texture": "#1"},
				"down": {"uv": [3.75, 7, 2.5, 9], "rotation": 180, "texture": "#1"}
			}
		},
		{
			"from": [10.94448, -3.83975, 4.26202],
			"to": [13.66745, -0.32504, 9.51559],
			"rotation": {"angle": -22.5, "axis": "y", "origin": [7.98965, -2.30554, 4.80976]},
			"faces": {
				"north": {"uv": [3.75, 7, 2.5, 9], "texture": "#1"},
				"east": {"uv": [3.75, 7, 2.5, 9], "texture": "#1"},
				"south": {"uv": [3.75, 7, 2.5, 9], "texture": "#1"},
				"west": {"uv": [3.75, 7, 2.5, 9], "texture": "#1"},
				"up": {"uv": [3.75, 7, 2.5, 9], "texture": "#1"},
				"down": {"uv": [3.75, 7, 2.5, 9], "texture": "#1"}
			}
		},
		{
			"from": [11.46243, -3.80141, 1.03247],
			"to": [13.14949, -2.35853, 5.20079],
			"rotation": {"angle": -22.5, "axis": "y", "origin": [7.98965, -2.30554, 4.80976]},
			"faces": {
				"north": {"uv": [3.75, 7, 2.5, 9], "texture": "#1"},
				"east": {"uv": [3.75, 7, 2.5, 9], "texture": "#1"},
				"south": {"uv": [3.75, 7, 2.5, 9], "texture": "#1"},
				"west": {"uv": [3.75, 7, 2.5, 9], "texture": "#1"},
				"up": {"uv": [3.75, 7, 2.5, 9], "texture": "#1"},
				"down": {"uv": [3.75, 7, 2.5, 9], "texture": "#1"}
			}
		},
		{
			"from": [11.70908, -2.35853, 2.16704],
			"to": [12.90285, -1.14996, 5.20079],
			"rotation": {"angle": -22.5, "axis": "y", "origin": [7.98965, -2.30554, 4.80976]},
			"faces": {
				"north": {"uv": [3.75, 7, 2.5, 9], "rotation": 180, "texture": "#1"},
				"east": {"uv": [3.75, 7, 2.5, 9], "rotation": 180, "texture": "#1"},
				"south": {"uv": [3.75, 7, 2.5, 9], "rotation": 180, "texture": "#1"},
				"west": {"uv": [3.75, 7, 2.5, 9], "rotation": 180, "texture": "#1"},
				"up": {"uv": [3.75, 7, 2.5, 9], "rotation": 180, "texture": "#1"},
				"down": {"uv": [3.75, 7, 2.5, 9], "rotation": 180, "texture": "#1"}
			}
		},
		{
			"from": [2.31185, -3.83975, 4.26202],
			"to": [5.03483, -0.32504, 9.51559],
			"rotation": {"angle": 22.5, "axis": "y", "origin": [7.98965, -2.30554, 4.80976]},
			"faces": {
				"north": {"uv": [3.75, 7, 2.5, 9], "texture": "#1"},
				"east": {"uv": [3.75, 7, 2.5, 9], "texture": "#1"},
				"south": {"uv": [3.75, 7, 2.5, 9], "texture": "#1"},
				"west": {"uv": [3.75, 7, 2.5, 9], "texture": "#1"},
				"up": {"uv": [3.75, 7, 2.5, 9], "texture": "#1"},
				"down": {"uv": [3.75, 7, 2.5, 9], "texture": "#1"}
			}
		},
		{
			"from": [2.82981, -3.80141, 1.03247],
			"to": [4.51687, -2.35853, 5.20079],
			"rotation": {"angle": 22.5, "axis": "y", "origin": [7.98965, -2.30554, 4.80976]},
			"faces": {
				"north": {"uv": [3.75, 7, 2.5, 9], "texture": "#1"},
				"east": {"uv": [3.75, 7, 2.5, 9], "texture": "#1"},
				"south": {"uv": [3.75, 7, 2.5, 9], "texture": "#1"},
				"west": {"uv": [3.75, 7, 2.5, 9], "texture": "#1"},
				"up": {"uv": [3.75, 7, 2.5, 9], "texture": "#1"},
				"down": {"uv": [3.75, 7, 2.5, 9], "texture": "#1"}
			}
		},
		{
			"from": [3.07645, -2.35853, 2.16704],
			"to": [4.27022, -1.14996, 5.20079],
			"rotation": {"angle": 22.5, "axis": "y", "origin": [7.98965, -2.30554, 4.80976]},
			"faces": {
				"north": {"uv": [3.75, 7, 2.5, 9], "rotation": 180, "texture": "#1"},
				"east": {"uv": [3.75, 7, 2.5, 9], "rotation": 180, "texture": "#1"},
				"south": {"uv": [3.75, 7, 2.5, 9], "rotation": 180, "texture": "#1"},
				"west": {"uv": [3.75, 7, 2.5, 9], "rotation": 180, "texture": "#1"},
				"up": {"uv": [3.75, 7, 2.5, 9], "rotation": 180, "texture": "#1"},
				"down": {"uv": [3.75, 7, 2.5, 9], "rotation": 180, "texture": "#1"}
			}
		}
	],
	"display": {
		"head": {
			"translation": [0, 5.75, -22.5],
			"scale": [4, 4, 4]
		}
	}
}