{
	"credit": "Made with Blockbench",
	"texture_size": [32, 32],
	"textures": {
		"0": "dyno/head",
		"particle": "dyno/head"
	},
	"elements": [
		{
			"from": [6.07392, 4.45306, 10.97003],
			"to": [9.97517, 11.58642, 14.17791],
			"rotation": {"angle": 0, "axis": "y", "origin": [7.71774, 10.00614, 12.12053]},
			"faces": {
				"north": {"uv": [11.5, 12, 10.25, 13.5], "texture": "#0"},
				"east": {"uv": [10.5, 12, 11.5, 13.5], "rotation": 180, "texture": "#0"},
				"south": {"uv": [13.25, 6.25, 11.5, 6.75], "texture": "#0"},
				"west": {"uv": [11.5, 6.75, 13.25, 6.25], "rotation": 270, "texture": "#0"},
				"up": {"uv": [13.25, 6.25, 11.5, 6.75], "rotation": 180, "texture": "#0"},
				"down": {"uv": [13.25, 6.25, 11.5, 6.75], "texture": "#0"}
			}
		},
		{
			"from": [5.66832, 1.94803, 6.16152],
			"to": [10.38077, 4.73991, 12.35888],
			"rotation": {"angle": 0, "axis": "y", "origin": [8.02454, 3.34397, 9.2602]},
			"faces": {
				"north": {"uv": [12, 2, 13.25, 2.75], "texture": "#0"},
				"east": {"uv": [11.75, 2, 13, 2.75], "texture": "#0"},
				"south": {"uv": [11.75, 2, 13, 2.75], "texture": "#0"},
				"west": {"uv": [11.75, 2, 13, 2.75], "texture": "#0"},
				"up": {"uv": [13.25, 7, 11.75, 6.5], "rotation": 90, "texture": "#0"},
				"down": {"uv": [11.75, 3, 13, 4.25], "texture": "#0"}
			}
		},
		{
			"from": [5.91376, 3.78883, 8.37048],
			"to": [10.13533, 6.58071, 15.42688],
			"rotation": {"angle": -22.5, "axis": "x", "origin": [8.02454, 5.18477, 13.2486]},
			"faces": {
				"north": {"uv": [11.5, 4.75, 13.25, 5.75], "texture": "#0"},
				"east": {"uv": [11.5, 4.75, 13.25, 5.75], "rotation": 180, "texture": "#0"},
				"south": {"uv": [11.5, 4.75, 13.25, 5.75], "rotation": 180, "texture": "#0"},
				"west": {"uv": [11.5, 4.75, 13.25, 5.75], "rotation": 180, "texture": "#0"},
				"up": {"uv": [11.5, 5.75, 13.25, 6.75], "texture": "#0"},
				"down": {"uv": [11.5, 3.75, 13.25, 4.5], "texture": "#0"}
			}
		},
		{
			"from": [6.52736, 4.72295, 14.50659],
			"to": [9.52173, 6.65579, 16.65419],
			"rotation": {"angle": 0, "axis": "y", "origin": [7.92637, 4.82474, 16.66855]},
			"faces": {
				"north": {"uv": [12.75, 5.75, 11.5, 6.75], "rotation": 180, "texture": "#0"},
				"east": {"uv": [13.25, 6, 12, 7], "rotation": 180, "texture": "#0"},
				"south": {"uv": [12.75, 5.75, 11.5, 6.75], "rotation": 180, "texture": "#0"},
				"west": {"uv": [12.75, 5.75, 11.5, 6.75], "rotation": 180, "texture": "#0"},
				"up": {"uv": [12.75, 5.75, 11.5, 6.75], "rotation": 180, "texture": "#0"},
				"down": {"uv": [12.75, 5.75, 11.5, 6.75], "rotation": 180, "texture": "#0"}
			}
		},
		{
			"from": [8.12272, 4.31387, 15.27657],
			"to": [9.15357, 5.51039, 16.82417],
			"rotation": {"angle": 45, "axis": "x", "origin": [7.92637, 4.82474, 16.66855]},
			"faces": {
				"north": {"uv": [10.5, 11.5, 11.5, 12], "texture": "#0"},
				"east": {"uv": [10.5, 11.5, 11.5, 12], "texture": "#0"},
				"south": {"uv": [14.5, 0, 15.5, 1], "texture": "#0"},
				"west": {"uv": [10.5, 11.5, 11.5, 12], "texture": "#0"},
				"up": {"uv": [11.5, 12, 10.5, 11.5], "rotation": 90, "texture": "#0"},
				"down": {"uv": [10.5, 11.5, 11.5, 12], "texture": "#0"}
			}
		},
		{
			"from": [6.65008, 4.31387, 15.27657],
			"to": [7.68093, 5.51039, 17.42417],
			"rotation": {"angle": 45, "axis": "x", "origin": [7.92637, 4.82474, 16.66855]},
			"faces": {
				"north": {"uv": [10.5, 11.5, 11.5, 12], "texture": "#0"},
				"east": {"uv": [10.5, 11.5, 11.5, 12], "texture": "#0"},
				"south": {"uv": [10.5, 11.5, 11.5, 12], "texture": "#0"},
				"west": {"uv": [10.5, 11.5, 11.5, 12], "texture": "#0"},
				"up": {"uv": [11.5, 12, 10.5, 11.5], "rotation": 90, "texture": "#0"},
				"down": {"uv": [10.5, 11.5, 11.5, 12], "texture": "#0"}
			}
		},
		{
			"from": [6.83416, 3.03067, 16.60195],
			"to": [7.49685, 4.56467, 17.49167],
			"rotation": {"angle": -22.5, "axis": "x", "origin": [7.92637, 4.82474, 16.66855]},
			"faces": {
				"north": {"uv": [10.5, 11.5, 11.5, 12], "rotation": 180, "texture": "#0"},
				"east": {"uv": [11.5, 12, 10.5, 11.5], "rotation": 90, "texture": "#0"},
				"south": {"uv": [11.5, 12, 10.5, 11.5], "rotation": 90, "texture": "#0"},
				"west": {"uv": [11.5, 12, 10.5, 11.5], "rotation": 270, "texture": "#0"},
				"up": {"uv": [10.5, 11.5, 11.5, 12], "rotation": 180, "texture": "#0"},
				"down": {"uv": [10.5, 11.5, 11.5, 12], "texture": "#0"}
			}
		},
		{
			"from": [6.89552, 2.19347, 3.70712],
			"to": [9.15357, 5.10807, 8.06368],
			"rotation": {"angle": 0, "axis": "y", "origin": [8.02454, 3.34397, 6.8058]},
			"faces": {
				"north": {"uv": [12, 2, 13.25, 2.75], "texture": "#0"},
				"east": {"uv": [11.75, 2, 13, 2.75], "texture": "#0"},
				"south": {"uv": [11.75, 2, 13, 2.75], "texture": "#0"},
				"west": {"uv": [11.75, 2, 13, 2.75], "texture": "#0"},
				"up": {"uv": [13.25, 7, 11.75, 6.5], "rotation": 90, "texture": "#0"},
				"down": {"uv": [11.75, 3, 13, 4.25], "texture": "#0"}
			}
		},
		{
			"from": [7.32504, 2.80707, -0.03584],
			"to": [8.72405, 4.00359, 4.38208],
			"rotation": {"angle": -22.5, "axis": "x", "origin": [8.02454, 3.77349, 1.46748]},
			"faces": {
				"north": {"uv": [11.5, 12, 10.5, 11.5], "rotation": 90, "texture": "#0"},
				"east": {"uv": [11.5, 12, 10.5, 11.5], "rotation": 90, "texture": "#0"},
				"south": {"uv": [11.5, 12, 10.5, 11.5], "rotation": 90, "texture": "#0"},
				"west": {"uv": [10.5, 11.5, 11.5, 12], "texture": "#0"},
				"up": {"uv": [11.5, 12, 10.5, 11.5], "rotation": 90, "texture": "#0"},
				"down": {"uv": [11.5, 12, 10.5, 11.5], "rotation": 90, "texture": "#0"}
			}
		},
		{
			"from": [7.32504, 2.22526, 0.00632],
			"to": [8.72405, 3.42178, 4.4856],
			"rotation": {"angle": 0, "axis": "y", "origin": [8.02454, 2.82352, 2.06188]},
			"faces": {
				"north": {"uv": [10.5, 11.5, 11.5, 12], "texture": "#0"},
				"east": {"uv": [10.5, 11.5, 11.5, 12], "texture": "#0"},
				"south": {"uv": [10.5, 11.5, 11.5, 12], "texture": "#0"},
				"west": {"uv": [10.5, 11.5, 11.5, 12], "texture": "#0"},
				"up": {"uv": [11.5, 12, 10.5, 11.5], "rotation": 90, "texture": "#0"},
				"down": {"uv": [10.5, 11.5, 11.5, 12], "texture": "#0"}
			}
		},
		{
			"from": [7.32504, 2.96158, 1.96984],
			"to": [8.72405, 3.91266, 4.4856],
			"rotation": {"angle": 0, "axis": "y", "origin": [8.02454, 2.82352, 2.06188]},
			"faces": {
				"north": {"uv": [10.5, 11.5, 11.5, 12], "rotation": 180, "texture": "#0"},
				"east": {"uv": [10.5, 11.5, 11.5, 12], "rotation": 180, "texture": "#0"},
				"south": {"uv": [10.5, 11.5, 11.5, 12], "rotation": 180, "texture": "#0"},
				"west": {"uv": [10.5, 11.5, 11.5, 12], "texture": "#0"},
				"up": {"uv": [11.5, 12, 10.5, 11.5], "rotation": 90, "texture": "#0"},
				"down": {"uv": [10.5, 11.5, 11.5, 12], "rotation": 180, "texture": "#0"}
			}
		},
		{
			"from": [4.44112, 2.19347, 3.21624],
			"to": [6.69917, 5.10807, 7.5728],
			"rotation": {"angle": 0, "axis": "y", "origin": [5.57014, 3.34397, 6.31492]},
			"faces": {
				"north": {"uv": [12, 2, 13.25, 2.75], "texture": "#0"},
				"east": {"uv": [11.75, 2, 13, 2.75], "texture": "#0"},
				"south": {"uv": [11.75, 2, 13, 2.75], "texture": "#0"},
				"west": {"uv": [11.75, 2, 13, 2.75], "texture": "#0"},
				"up": {"uv": [13.25, 7, 11.75, 6.5], "rotation": 90, "texture": "#0"},
				"down": {"uv": [11.75, 3, 13, 4.25], "texture": "#0"}
			}
		},
		{
			"from": [4.87064, 2.80707, -0.52672],
			"to": [6.26965, 4.00359, 3.8912],
			"rotation": {"angle": -22.5, "axis": "x", "origin": [5.57014, 3.77349, 0.9766]},
			"faces": {
				"north": {"uv": [10.5, 11.5, 11.5, 12], "texture": "#0"},
				"east": {"uv": [10.5, 11.5, 11.5, 12], "texture": "#0"},
				"south": {"uv": [10.5, 11.5, 11.5, 12], "texture": "#0"},
				"west": {"uv": [10.5, 11.5, 11.5, 12], "texture": "#0"},
				"up": {"uv": [11.5, 12, 10.5, 11.5], "rotation": 90, "texture": "#0"},
				"down": {"uv": [10.5, 11.5, 11.5, 12], "texture": "#0"}
			}
		},
		{
			"from": [4.87064, 2.22526, -0.48456],
			"to": [6.26965, 3.42178, 3.99472],
			"rotation": {"angle": 0, "axis": "y", "origin": [5.57014, 2.82352, 1.571]},
			"faces": {
				"north": {"uv": [10.5, 11.5, 11.5, 12], "texture": "#0"},
				"east": {"uv": [10.5, 11.5, 11.5, 12], "texture": "#0"},
				"south": {"uv": [10.5, 11.5, 11.5, 12], "texture": "#0"},
				"west": {"uv": [10.5, 11.5, 11.5, 12], "texture": "#0"},
				"up": {"uv": [11.5, 12, 10.5, 11.5], "rotation": 90, "texture": "#0"},
				"down": {"uv": [10.5, 11.5, 11.5, 12], "texture": "#0"}
			}
		},
		{
			"from": [4.87064, 2.96158, 1.47896],
			"to": [6.26965, 3.91266, 3.99472],
			"rotation": {"angle": 0, "axis": "y", "origin": [5.57014, 2.82352, 1.571]},
			"faces": {
				"north": {"uv": [10.5, 11.5, 11.5, 12], "rotation": 180, "texture": "#0"},
				"east": {"uv": [10.5, 11.5, 11.5, 12], "rotation": 180, "texture": "#0"},
				"south": {"uv": [10.5, 11.5, 11.5, 12], "rotation": 180, "texture": "#0"},
				"west": {"uv": [10.5, 11.5, 11.5, 12], "texture": "#0"},
				"up": {"uv": [11.5, 12, 10.5, 11.5], "rotation": 90, "texture": "#0"},
				"down": {"uv": [10.5, 11.5, 11.5, 12], "rotation": 180, "texture": "#0"}
			}
		},
		{
			"from": [9.34992, 2.19347, 4.68888],
			"to": [11.60797, 5.10807, 9.04544],
			"rotation": {"angle": 0, "axis": "y", "origin": [10.47894, 3.34397, 7.78756]},
			"faces": {
				"north": {"uv": [12, 2, 13.25, 2.75], "texture": "#0"},
				"east": {"uv": [11.75, 2, 13, 2.75], "texture": "#0"},
				"south": {"uv": [11.75, 2, 13, 2.75], "texture": "#0"},
				"west": {"uv": [11.75, 2, 13, 2.75], "texture": "#0"},
				"up": {"uv": [13.25, 7, 11.75, 6.5], "rotation": 90, "texture": "#0"},
				"down": {"uv": [11.75, 3, 13, 4.25], "texture": "#0"}
			}
		},
		{
			"from": [9.77944, 2.80707, 2.94592],
			"to": [11.17845, 4.00359, 5.36384],
			"rotation": {"angle": -22.5, "axis": "x", "origin": [10.47894, 3.77349, 2.44924]},
			"faces": {
				"north": {"uv": [14.25, 0.5, 15.25, 1], "texture": "#0"},
				"east": {"uv": [10.5, 11.5, 11.5, 12], "texture": "#0"},
				"south": {"uv": [10.5, 11.5, 11.5, 12], "texture": "#0"},
				"west": {"uv": [10.5, 11.5, 11.5, 12], "texture": "#0"},
				"up": {"uv": [11.5, 12, 10.5, 11.5], "rotation": 90, "texture": "#0"},
				"down": {"uv": [10.5, 11.5, 11.5, 12], "texture": "#0"}
			}
		},
		{
			"from": [9.77944, 2.21158, 2.9516],
			"to": [11.17845, 3.91266, 5.46736],
			"rotation": {"angle": 0, "axis": "y", "origin": [10.47894, 2.82352, 3.04364]},
			"faces": {
				"north": {"uv": [14.25, 0.5, 15.25, 1], "rotation": 180, "texture": "#0"},
				"east": {"uv": [10.5, 11.5, 11.5, 12], "rotation": 180, "texture": "#0"},
				"south": {"uv": [10.5, 11.5, 11.5, 12], "rotation": 180, "texture": "#0"},
				"west": {"uv": [10.5, 11.5, 11.5, 12], "texture": "#0"},
				"up": {"uv": [11.5, 12, 10.5, 11.5], "rotation": 90, "texture": "#0"},
				"down": {"uv": [10.5, 11.5, 11.5, 12], "rotation": 180, "texture": "#0"}
			}
		}
	],
	"display": {
		"head": {
			"translation": [0, -15.75, -18.5],
			"scale": [4, 4, 4]
		}
	},
	"groups": [
		{
			"name": "2",
			"origin": [8, 8, 8],
			"color": 0,
			"children": [
				0,
				1,
				2,
				3,
				4,
				5,
				6,
				{
					"name": "group",
					"origin": [4.825, 0.56711, 4.46644],
					"color": 0,
					"children": [7, 8, 9, 10]
				},
				{
					"name": "group",
					"origin": [4.825, 0.56711, 4.46644],
					"color": 0,
					"children": [11, 12, 13, 14]
				},
				{
					"name": "group",
					"origin": [4.825, 0.56711, 4.46644],
					"color": 0,
					"children": [15, 16, 17]
				}
			]
		}
	]
}