{
	"credit": "Made with Blockbench",
	"texture_size": [32, 32],
	"textures": {
		"0": "dyno/head",
		"particle": "dyno/head"
	},
	"elements": [
		{
			"from": [5.12681, 6.31286, 6.84012],
			"to": [11.13065, 21.95966, 12.32712],
			"rotation": {"angle": 0, "axis": "x", "origin": [8, 14, 8]},
			"faces": {
				"north": {"uv": [13.25, 4, 16, 2.75], "rotation": 90, "texture": "#0"},
				"east": {"uv": [13.25, 3, 16, 1.75], "rotation": 90, "texture": "#0"},
				"south": {"uv": [13.25, 1.5, 16, 0.25], "rotation": 90, "texture": "#0"},
				"west": {"uv": [13.25, 3, 16, 1.75], "rotation": 90, "texture": "#0"},
				"up": {"uv": [14.5, 1.75, 13.25, 3], "rotation": 180, "texture": "#0"},
				"down": {"uv": [16, 2.5, 14.25, 3.75], "texture": "#0"}
			}
		},
		{
			"from": [5.83481, 4.89686, 7.12332],
			"to": [9.71465, 7.79966, 10.91112],
			"rotation": {"angle": 0, "axis": "x", "origin": [8, 14, 8]},
			"faces": {
				"north": {"uv": [15, 3.25, 14, 3.75], "rotation": 180, "texture": "#0"},
				"east": {"uv": [15, 3.25, 14, 3.75], "rotation": 180, "texture": "#0"},
				"south": {"uv": [15, 3.25, 14, 3.75], "rotation": 180, "texture": "#0"},
				"west": {"uv": [15, 3.25, 14, 3.75], "rotation": 180, "texture": "#0"},
				"up": {"uv": [15, 3.25, 14, 3.75], "rotation": 180, "texture": "#0"},
				"down": {"uv": [15, 3.25, 14, 3.75], "rotation": 180, "texture": "#0"}
			}
		},
		{
			"from": [5.83481, 9.42806, 10.38012],
			"to": [9.71465, 20.54366, 13.74312],
			"rotation": {"angle": 0, "axis": "x", "origin": [8, 14, 8]},
			"faces": {
				"north": {"uv": [13.5, 0, 14.75, 1.5], "texture": "#0"},
				"east": {"uv": [13.5, 0, 14.75, 1.5], "texture": "#0"},
				"south": {"uv": [13.5, 0, 14.75, 2.5], "texture": "#0"},
				"west": {"uv": [13.5, 0, 14.75, 1.5], "texture": "#0"},
				"up": {"uv": [13.5, 0, 14.75, 1.5], "texture": "#0"},
				"down": {"uv": [13.5, 0, 14.75, 1.5], "texture": "#0"}
			}
		},
		{
			"from": [5.41001, 8.72006, 4.00812],
			"to": [9.71465, 19.83566, 10.20312],
			"rotation": {"angle": 0, "axis": "x", "origin": [8, 14, 8]},
			"faces": {
				"north": {"uv": [7.25, 10, 8.25, 8], "rotation": 180, "texture": "#0"},
				"east": {"uv": [7.25, 10, 8.25, 8], "rotation": 180, "texture": "#0"},
				"south": {"uv": [7.25, 10, 8.25, 8], "rotation": 180, "texture": "#0"},
				"west": {"uv": [7.25, 10, 8.25, 8], "rotation": 180, "texture": "#0"},
				"up": {"uv": [7.25, 10, 8.25, 8], "rotation": 180, "texture": "#0"},
				"down": {"uv": [7.25, 10, 8.25, 8], "rotation": 180, "texture": "#0"}
			}
		},
		{
			"from": [6.25961, 19.34006, 4.71612],
			"to": [9.99785, 22.66766, 10.20312],
			"rotation": {"angle": 0, "axis": "x", "origin": [8, 14, 8]},
			"faces": {
				"north": {"uv": [7.25, 10, 8.25, 8], "rotation": 180, "texture": "#0"},
				"east": {"uv": [7.25, 10, 8.25, 8], "rotation": 180, "texture": "#0"},
				"south": {"uv": [7.25, 10, 8.25, 8], "rotation": 180, "texture": "#0"},
				"west": {"uv": [7.25, 10, 8.25, 8], "rotation": 180, "texture": "#0"},
				"up": {"uv": [7.25, 10, 8.25, 8], "rotation": 180, "texture": "#0"},
				"down": {"uv": [7.25, 10, 8.25, 8], "rotation": 180, "texture": "#0"}
			}
		},
		{
			"from": [7.39241, 19.65449, 2.43863],
			"to": [10.56425, 24.00869, 5.76623],
			"rotation": {"angle": 22.5, "axis": "x", "origin": [8, 14, 8]},
			"faces": {
				"north": {"uv": [7.25, 10, 8.25, 8], "texture": "#0"},
				"east": {"uv": [8.25, 8, 7.25, 10], "rotation": 90, "texture": "#0"},
				"south": {"uv": [7.25, 10, 8.25, 8], "rotation": 180, "texture": "#0"},
				"west": {"uv": [8.25, 8, 7.25, 10], "rotation": 270, "texture": "#0"},
				"up": {"uv": [7.25, 10, 8.25, 8], "rotation": 180, "texture": "#0"},
				"down": {"uv": [7.25, 10, 8.25, 8], "texture": "#0"}
			}
		},
		{
			"from": [7.39241, 18.06635, 5.37914],
			"to": [10.28105, 21.42935, 8.14034],
			"rotation": {"angle": 0, "axis": "x", "origin": [8, 14, 8]},
			"faces": {
				"north": {"uv": [7.25, 10, 8.25, 8], "rotation": 180, "texture": "#0"},
				"east": {"uv": [7.25, 10, 8.25, 8], "rotation": 180, "texture": "#0"},
				"south": {"uv": [7.25, 10, 8.25, 8], "rotation": 180, "texture": "#0"},
				"west": {"uv": [7.25, 10, 8.25, 8], "rotation": 180, "texture": "#0"},
				"up": {"uv": [7.25, 10, 8.25, 8], "rotation": 180, "texture": "#0"},
				"down": {"uv": [7.25, 10, 8.25, 8], "rotation": 180, "texture": "#0"}
			}
		},
		{
			"from": [7.95881, 23.05289, 3.14663],
			"to": [9.99785, 26.84069, 5.48303],
			"rotation": {"angle": 22.5, "axis": "x", "origin": [8, 14, 8]},
			"faces": {
				"north": {"uv": [7.25, 10, 8.25, 8], "texture": "#0"},
				"east": {"uv": [8.25, 8, 7.25, 10], "rotation": 90, "texture": "#0"},
				"south": {"uv": [7.25, 10, 8.25, 8], "rotation": 180, "texture": "#0"},
				"west": {"uv": [8.25, 8, 7.25, 10], "rotation": 270, "texture": "#0"},
				"up": {"uv": [7.25, 10, 8.25, 8], "rotation": 180, "texture": "#0"},
				"down": {"uv": [7.25, 10, 8.25, 8], "texture": "#0"}
			}
		},
		{
			"from": [5.69321, 5.18006, 4.57452],
			"to": [8.86505, 11.33966, 7.08792],
			"rotation": {"angle": 0, "axis": "x", "origin": [8, 14, 8]},
			"faces": {
				"north": {"uv": [7.25, 10, 8.25, 8], "rotation": 180, "texture": "#0"},
				"east": {"uv": [7.25, 10, 8.25, 8], "rotation": 180, "texture": "#0"},
				"south": {"uv": [7.25, 10, 8.25, 8], "rotation": 180, "texture": "#0"},
				"west": {"uv": [7.25, 10, 8.25, 8], "rotation": 180, "texture": "#0"},
				"up": {"uv": [7.25, 10, 8.25, 8], "rotation": 180, "texture": "#0"},
				"down": {"uv": [7.25, 10, 8.25, 8], "rotation": 180, "texture": "#0"}
			}
		},
		{
			"from": [5.97641, 4.46455, 1.69335],
			"to": [8.58185, 7.22575, 4.20675],
			"rotation": {"angle": -22.5, "axis": "x", "origin": [8, 14, 8]},
			"faces": {
				"north": {"uv": [7.25, 10, 8.25, 8], "rotation": 180, "texture": "#0"},
				"east": {"uv": [7.25, 10, 8.25, 8], "rotation": 180, "texture": "#0"},
				"south": {"uv": [7.25, 10, 8.25, 8], "rotation": 180, "texture": "#0"},
				"west": {"uv": [7.25, 10, 8.25, 8], "rotation": 180, "texture": "#0"},
				"up": {"uv": [7.25, 10, 8.25, 8], "rotation": 180, "texture": "#0"},
				"down": {"uv": [7.25, 10, 8.25, 8], "rotation": 180, "texture": "#0"}
			}
		},
		{
			"from": [6.25961, 2.34055, 2.40135],
			"to": [8.29865, 4.67695, 3.92355],
			"rotation": {"angle": -22.5, "axis": "x", "origin": [8, 14, 8]},
			"faces": {
				"north": {"uv": [7.25, 10, 8.25, 8], "rotation": 180, "texture": "#0"},
				"east": {"uv": [7.25, 10, 8.25, 8], "rotation": 180, "texture": "#0"},
				"south": {"uv": [7.25, 10, 8.25, 8], "rotation": 180, "texture": "#0"},
				"west": {"uv": [7.25, 10, 8.25, 8], "rotation": 180, "texture": "#0"},
				"up": {"uv": [7.25, 10, 8.25, 8], "rotation": 180, "texture": "#0"},
				"down": {"uv": [7.25, 10, 8.25, 8], "rotation": 180, "texture": "#0"}
			}
		}
	],
	"display": {
		"head": {
			"translation": [-0.75, -45, -2.5],
			"scale": [4, 4, 4]
		}
	},
	"groups": [
		{
			"name": "0",
			"origin": [8, 8, 8],
			"color": 0,
			"children": [0, 1, 2, 3, 4, 5, 6, 7, 8, 9, 10]
		}
	]
}