{
	"credit": "Made with Blockbench",
	"texture_size": [32, 32],
	"textures": {
		"0": "brachy/head",
		"particle": "brachy/head"
	},
	"elements": [
		{
			"from": [6.54731, 3.78885, 7.22365],
			"to": [9.46748, 11.12354, 10.53657],
			"rotation": {"angle": 0, "axis": "x", "origin": [8.00739, 7.65612, 9.40331]},
			"faces": {
				"north": {"uv": [4.5, 6.5, 6.25, 8.5], "rotation": 180, "texture": "#0"},
				"east": {"uv": [4.5, 6.5, 6.25, 8.5], "rotation": 270, "texture": "#0"},
				"south": {"uv": [4.5, 6.5, 6.25, 8.5], "texture": "#0"},
				"west": {"uv": [4.5, 6.5, 6.25, 8.5], "rotation": 90, "texture": "#0"},
				"up": {"uv": [4.5, 6.5, 6.25, 8.5], "rotation": 180, "texture": "#0"},
				"down": {"uv": [4.5, 6.5, 6.25, 8.5], "texture": "#0"}
			}
		},
		{
			"from": [6.11888, 7.6447, 6.79522],
			"to": [9.89591, 11.55197, 11.27658],
			"rotation": {"angle": 0, "axis": "x", "origin": [8.00739, 7.65612, 9.40331]},
			"faces": {
				"north": {"uv": [8.75, 7.25, 11.5, 9.25], "rotation": 180, "texture": "#0"},
				"east": {"uv": [13.25, 3, 16, 5], "rotation": 270, "texture": "#0"},
				"south": {"uv": [13.25, 0, 16, 1.5], "texture": "#0"},
				"west": {"uv": [13.25, 3, 16, 5], "rotation": 90, "texture": "#0"},
				"up": {"uv": [13.25, 3, 16, 5], "rotation": 180, "texture": "#0"},
				"down": {"uv": [13.25, 2.75, 16, 4.75], "texture": "#0"}
			}
		},
		{
			"from": [7.06142, 3.78885, 9.53716],
			"to": [8.95337, 8.03886, 11.05068],
			"rotation": {"angle": 0, "axis": "x", "origin": [8.00739, 7.65612, 9.40331]},
			"faces": {
				"north": {"uv": [13.25, 0, 16, 1.5], "rotation": 180, "texture": "#0"},
				"east": {"uv": [13.25, 0, 16, 1.5], "rotation": 270, "texture": "#0"},
				"south": {"uv": [13.25, 0, 16, 1.5], "texture": "#0"},
				"west": {"uv": [13.25, 0, 16, 1.5], "rotation": 90, "texture": "#0"},
				"up": {"uv": [13.25, 0, 16, 1.5], "rotation": 180, "texture": "#0"},
				"down": {"uv": [13.25, 0, 16, 1.5], "texture": "#0"}
			}
		}
	],
	"display": {
		"head": {
			"translation": [0, -15.25, -4.25],
			"scale": [4, 4, 4]
		}
	},
	"groups": [
		{
			"name": "root",
			"origin": [8, 8, 8],
			"color": 0,
			"children": [
				{
					"name": "leg_l",
					"origin": [8, 8, 8],
					"color": 5,
					"children": [
						{
							"name": "1",
							"origin": [8, 8, 8],
							"color": 5,
							"children": [0, 1, 2]
						}
					]
				}
			]
		}
	]
}