{
	"credit": "Made with Blockbench",
	"texture_size": [32, 32],
	"textures": {
		"0": "brachy/head",
		"particle": "brachy/head"
	},
	"elements": [
		{
			"from": [5.81164, 7.66053, 6.75613],
			"to": [10.17133, 19.02243, 10.74051],
			"rotation": {"angle": 0, "axis": "x", "origin": [8.00862, 14.46328, 8.25483]},
			"faces": {
				"north": {"uv": [6.25, 6.5, 4.5, 8.5], "texture": "#0"},
				"east": {"uv": [6.25, 6.5, 4.5, 8.5], "texture": "#0"},
				"south": {"uv": [6.25, 6.5, 4.5, 8.5], "texture": "#0"},
				"west": {"uv": [6.25, 6.5, 4.5, 8.5], "texture": "#0"},
				"up": {"uv": [6.25, 6.5, 4.5, 8.5], "texture": "#0"},
				"down": {"uv": [6.25, 6.5, 4.5, 8.5], "texture": "#0"}
			}
		},
		{
			"from": [6.29849, 11.06848, 8.21668],
			"to": [9.68448, 18.53558, 12.68791],
			"rotation": {"angle": 0, "axis": "x", "origin": [8.00862, 14.46328, 8.25483]},
			"faces": {
				"north": {"uv": [6.25, 6.5, 4.5, 8.5], "texture": "#0"},
				"east": {"uv": [6.25, 6.5, 4.5, 8.5], "texture": "#0"},
				"south": {"uv": [6.25, 6.5, 4.5, 8.5], "texture": "#0"},
				"west": {"uv": [6.25, 6.5, 4.5, 8.5], "texture": "#0"},
				"up": {"uv": [6.25, 6.5, 4.5, 8.5], "texture": "#0"},
				"down": {"uv": [6.25, 6.5, 4.5, 8.5], "texture": "#0"}
			}
		},
		{
			"from": [6.32576, 6.6323, 6.96178],
			"to": [9.1431, 8.74016, 9.71229],
			"rotation": {"angle": 0, "axis": "x", "origin": [8.00862, 14.46328, 8.25483]},
			"faces": {
				"north": {"uv": [6.25, 6.5, 4.5, 8.5], "rotation": 180, "texture": "#0"},
				"east": {"uv": [6.25, 6.5, 4.5, 8.5], "rotation": 180, "texture": "#0"},
				"south": {"uv": [6.25, 6.5, 4.5, 8.5], "rotation": 180, "texture": "#0"},
				"west": {"uv": [6.25, 6.5, 4.5, 8.5], "rotation": 180, "texture": "#0"},
				"up": {"uv": [6.25, 6.5, 4.5, 8.5], "rotation": 180, "texture": "#0"},
				"down": {"uv": [6.25, 6.5, 4.5, 8.5], "rotation": 180, "texture": "#0"}
			}
		},
		{
			"from": [6.32576, 9.92263, 9.3267],
			"to": [9.1431, 17.99421, 11.76874],
			"rotation": {"angle": 0, "axis": "x", "origin": [8.00862, 14.46328, 8.25483]},
			"faces": {
				"north": {"uv": [16, 0, 13.25, 1.5], "texture": "#0"},
				"east": {"uv": [16, 0, 13.25, 1.5], "texture": "#0"},
				"south": {"uv": [16, 0, 13.25, 1.5], "texture": "#0"},
				"west": {"uv": [16, 0, 13.25, 1.5], "texture": "#0"},
				"up": {"uv": [16, 0, 13.25, 1.5], "texture": "#0"},
				"down": {"uv": [16, 0, 13.25, 1.5], "texture": "#0"}
			}
		},
		{
			"from": [6.01729, 9.40851, 4.69968],
			"to": [9.99995, 17.48009, 9.19817],
			"rotation": {"angle": 0, "axis": "x", "origin": [8.00862, 14.46328, 8.25483]},
			"faces": {
				"north": {"uv": [6.25, 6.5, 4.5, 8.5], "rotation": 180, "texture": "#0"},
				"east": {"uv": [6.25, 6.5, 4.5, 8.5], "rotation": 180, "texture": "#0"},
				"south": {"uv": [6.25, 6.5, 4.5, 8.5], "rotation": 180, "texture": "#0"},
				"west": {"uv": [6.25, 6.5, 4.5, 8.5], "rotation": 180, "texture": "#0"},
				"up": {"uv": [6.25, 6.5, 4.5, 8.5], "rotation": 180, "texture": "#0"},
				"down": {"uv": [6.25, 6.5, 4.5, 8.5], "rotation": 180, "texture": "#0"}
			}
		},
		{
			"from": [6.63423, 17.12022, 5.21379],
			"to": [9.34875, 19.53655, 9.19817],
			"rotation": {"angle": 0, "axis": "x", "origin": [8.00862, 14.46328, 8.25483]},
			"faces": {
				"north": {"uv": [6.25, 6.5, 4.5, 8.5], "rotation": 180, "texture": "#0"},
				"east": {"uv": [6.25, 6.5, 4.5, 8.5], "rotation": 180, "texture": "#0"},
				"south": {"uv": [6.25, 6.5, 4.5, 8.5], "rotation": 180, "texture": "#0"},
				"west": {"uv": [6.25, 6.5, 4.5, 8.5], "rotation": 180, "texture": "#0"},
				"up": {"uv": [6.25, 6.5, 4.5, 8.5], "rotation": 180, "texture": "#0"},
				"down": {"uv": [6.25, 6.5, 4.5, 8.5], "rotation": 180, "texture": "#0"}
			}
		},
		{
			"from": [7.45681, 16.19531, 5.69524],
			"to": [9.5544, 18.63735, 7.70028],
			"rotation": {"angle": 0, "axis": "x", "origin": [8.00862, 14.46328, 8.25483]},
			"faces": {
				"north": {"uv": [6.25, 6.5, 4.5, 8.5], "rotation": 180, "texture": "#0"},
				"east": {"uv": [6.25, 6.5, 4.5, 8.5], "rotation": 180, "texture": "#0"},
				"south": {"uv": [6.25, 6.5, 4.5, 8.5], "rotation": 180, "texture": "#0"},
				"west": {"uv": [6.25, 6.5, 4.5, 8.5], "rotation": 180, "texture": "#0"},
				"up": {"uv": [6.25, 6.5, 4.5, 8.5], "rotation": 180, "texture": "#0"},
				"down": {"uv": [6.25, 6.5, 4.5, 8.5], "rotation": 180, "texture": "#0"}
			}
		},
		{
			"from": [7.43967, 17.98323, 4.20176],
			"to": [8.92032, 20.67532, 5.41148],
			"rotation": {"angle": 22.5, "axis": "x", "origin": [8.00862, 14.46328, 8.25483]},
			"faces": {
				"north": {"uv": [6.25, 6.5, 4.5, 8.5], "texture": "#0"},
				"east": {"uv": [4.5, 8.5, 6.25, 6.5], "rotation": 90, "texture": "#0"},
				"south": {"uv": [6.25, 6.5, 4.5, 8.5], "rotation": 180, "texture": "#0"},
				"west": {"uv": [4.5, 8.5, 6.25, 6.5], "rotation": 270, "texture": "#0"},
				"up": {"uv": [6.25, 6.5, 4.5, 8.5], "rotation": 180, "texture": "#0"},
				"down": {"uv": [6.25, 6.5, 4.5, 8.5], "texture": "#0"}
			}
		},
		{
			"from": [7.43967, 16.17405, 12.05858],
			"to": [8.92032, 18.86614, 13.2683],
			"rotation": {"angle": -22.5, "axis": "x", "origin": [8.00862, 14.46328, 8.25483]},
			"faces": {
				"north": {"uv": [6.25, 6.5, 4.5, 8.5], "texture": "#0"},
				"east": {"uv": [4.5, 8.5, 6.25, 6.5], "rotation": 90, "texture": "#0"},
				"south": {"uv": [6.25, 6.5, 4.5, 8.5], "rotation": 180, "texture": "#0"},
				"west": {"uv": [4.5, 8.5, 6.25, 6.5], "rotation": 270, "texture": "#0"},
				"up": {"uv": [6.25, 6.5, 4.5, 8.5], "rotation": 180, "texture": "#0"},
				"down": {"uv": [6.25, 6.5, 4.5, 8.5], "texture": "#0"}
			}
		},
		{
			"from": [7.43967, 18.37271, 5.99336],
			"to": [8.92032, 22.58377, 7.68993],
			"rotation": {"angle": 22.5, "axis": "x", "origin": [8.00862, 14.46328, 8.25483]},
			"faces": {
				"north": {"uv": [6.25, 6.5, 4.5, 8.5], "texture": "#0"},
				"east": {"uv": [4.5, 8.5, 6.25, 6.5], "rotation": 90, "texture": "#0"},
				"south": {"uv": [6.25, 6.5, 4.5, 8.5], "rotation": 180, "texture": "#0"},
				"west": {"uv": [4.5, 8.5, 6.25, 6.5], "rotation": 270, "texture": "#0"},
				"up": {"uv": [6.25, 6.5, 4.5, 8.5], "rotation": 180, "texture": "#0"},
				"down": {"uv": [6.25, 6.5, 4.5, 8.5], "texture": "#0"}
			}
		},
		{
			"from": [6.22294, 6.83795, 5.11097],
			"to": [9.38302, 11.31073, 6.93607],
			"rotation": {"angle": 0, "axis": "x", "origin": [8.00862, 14.46328, 8.25483]},
			"faces": {
				"north": {"uv": [6.25, 6.5, 4.5, 8.5], "rotation": 180, "texture": "#0"},
				"east": {"uv": [6.25, 6.5, 4.5, 8.5], "rotation": 180, "texture": "#0"},
				"south": {"uv": [6.25, 6.5, 4.5, 8.5], "rotation": 180, "texture": "#0"},
				"west": {"uv": [6.25, 6.5, 4.5, 8.5], "rotation": 180, "texture": "#0"},
				"up": {"uv": [6.25, 6.5, 4.5, 8.5], "rotation": 180, "texture": "#0"},
				"down": {"uv": [6.25, 6.5, 4.5, 8.5], "rotation": 180, "texture": "#0"}
			}
		},
		{
			"from": [6.85701, 5.20197, 2.60162],
			"to": [8.74895, 8.66756, 4.42672],
			"rotation": {"angle": -22.5, "axis": "x", "origin": [8.00862, 14.46328, 8.25483]},
			"faces": {
				"north": {"uv": [6.25, 6.5, 4.5, 8.5], "rotation": 180, "texture": "#0"},
				"east": {"uv": [6.25, 6.5, 4.5, 8.5], "rotation": 180, "texture": "#0"},
				"south": {"uv": [6.25, 6.5, 4.5, 8.5], "rotation": 180, "texture": "#0"},
				"west": {"uv": [6.25, 6.5, 4.5, 8.5], "rotation": 180, "texture": "#0"},
				"up": {"uv": [6.25, 6.5, 4.5, 8.5], "rotation": 180, "texture": "#0"},
				"down": {"uv": [6.25, 6.5, 4.5, 8.5], "rotation": 180, "texture": "#0"}
			}
		}
	],
	"display": {
		"head": {
			"translation": [0, -26.5, 0],
			"scale": [4, 4, 4]
		}
	},
	"groups": [
		{
			"name": "root",
			"origin": [8, 8, 8],
			"color": 0,
			"children": [
				{
					"name": "leg_l",
					"origin": [8, 8, 8],
					"color": 5,
					"children": [
						{
							"name": "0",
							"origin": [8, 8, 8],
							"color": 5,
							"children": [0, 1, 2, 3, 4, 5, 6, 7, 8, 9, 10, 11]
						}
					]
				}
			]
		}
	]
}