{
	"credit": "Made with Blockbench",
	"texture_size": [32, 32],
	"textures": {
		"0": "brachy/head",
		"particle": "brachy/head"
	},
	"elements": [
		{
			"from": [5.82099, -0.78817, 8.58251],
			"to": [10.16423, 2.85604, 14.29432],
			"rotation": {"angle": 0, "axis": "y", "origin": [7.99261, 0.49841, 11.43842]},
			"faces": {
				"north": {"uv": [6.25, 6.5, 4.5, 8.5], "texture": "#0"},
				"east": {"uv": [16, 2.5, 13.25, 4.5], "rotation": 180, "texture": "#0"},
				"south": {"uv": [16, 0, 13.25, 1.5], "texture": "#0"},
				"west": {"uv": [16, 2.5, 13.25, 4.5], "rotation": 180, "texture": "#0"},
				"up": {"uv": [6.25, 6.5, 4.5, 8.5], "texture": "#0"},
				"down": {"uv": [16, 0, 13.25, 1.5], "texture": "#0"}
			}
		},
		{
			"from": [6.0472, 2.49431, 10.6647],
			"to": [9.93801, 7.39125, 13.91943],
			"rotation": {"angle": 0, "axis": "y", "origin": [7.99261, 1.71886, 13.96488]},
			"faces": {
				"north": {"uv": [9.25, 10, 12, 8], "rotation": 270, "texture": "#0"},
				"east": {"uv": [9.25, 10, 12, 8], "rotation": 270, "texture": "#0"},
				"south": {"uv": [9.25, 10, 12, 8], "rotation": 270, "texture": "#0"},
				"west": {"uv": [9.25, 10, 12, 8], "rotation": 270, "texture": "#0"},
				"up": {"uv": [9.25, 10, 12, 8], "rotation": 270, "texture": "#0"},
				"down": {"uv": [9.25, 10, 12, 8], "rotation": 270, "texture": "#0"}
			}
		},
		{
			"from": [6.95205, -0.56195, 5.37787],
			"to": [9.03317, 2.12428, 9.3931],
			"rotation": {"angle": 0, "axis": "y", "origin": [7.99261, 0.49841, 9.17632]},
			"faces": {
				"north": {"uv": [6.25, 6.5, 4.5, 8.5], "texture": "#0"},
				"east": {"uv": [6.25, 6.5, 4.5, 8.5], "texture": "#0"},
				"south": {"uv": [6.25, 6.5, 4.5, 8.5], "texture": "#0"},
				"west": {"uv": [6.25, 6.5, 4.5, 8.5], "texture": "#0"},
				"up": {"uv": [6.25, 6.5, 4.5, 8.5], "texture": "#0"},
				"down": {"uv": [6.25, 6.5, 4.5, 8.5], "texture": "#0"}
			}
		},
		{
			"from": [7.34791, -0.53266, 2.90958],
			"to": [8.63731, 0.57012, 6.09536],
			"rotation": {"angle": 0, "axis": "y", "origin": [7.99261, 0.01874, 4.80409]},
			"faces": {
				"north": {"uv": [6.25, 6.5, 4.5, 8.5], "texture": "#0"},
				"east": {"uv": [6.25, 6.5, 4.5, 8.5], "texture": "#0"},
				"south": {"uv": [6.25, 6.5, 4.5, 8.5], "texture": "#0"},
				"west": {"uv": [6.25, 6.5, 4.5, 8.5], "texture": "#0"},
				"up": {"uv": [6.25, 6.5, 4.5, 8.5], "texture": "#0"},
				"down": {"uv": [6.25, 6.5, 4.5, 8.5], "texture": "#0"}
			}
		},
		{
			"from": [7.53642, 0.57012, 3.77671],
			"to": [8.44879, 1.49381, 6.09536],
			"rotation": {"angle": 0, "axis": "y", "origin": [7.99261, 0.01874, 4.80409]},
			"faces": {
				"north": {"uv": [6.25, 6.5, 4.5, 8.5], "rotation": 180, "texture": "#0"},
				"east": {"uv": [6.25, 6.5, 4.5, 8.5], "rotation": 180, "texture": "#0"},
				"south": {"uv": [6.25, 6.5, 4.5, 8.5], "rotation": 180, "texture": "#0"},
				"west": {"uv": [6.25, 6.5, 4.5, 8.5], "rotation": 180, "texture": "#0"},
				"up": {"uv": [6.25, 6.5, 4.5, 8.5], "rotation": 180, "texture": "#0"},
				"down": {"uv": [6.25, 6.5, 4.5, 8.5], "rotation": 180, "texture": "#0"}
			}
		},
		{
			"from": [10.25094, -0.56195, 5.18937],
			"to": [12.33207, 2.12428, 9.20459],
			"rotation": {"angle": -22.5, "axis": "y", "origin": [7.99261, 0.61062, 5.608]},
			"faces": {
				"north": {"uv": [6.25, 6.5, 4.5, 8.5], "texture": "#0"},
				"east": {"uv": [6.25, 6.5, 4.5, 8.5], "texture": "#0"},
				"south": {"uv": [6.25, 6.5, 4.5, 8.5], "texture": "#0"},
				"west": {"uv": [6.25, 6.5, 4.5, 8.5], "texture": "#0"},
				"up": {"uv": [6.25, 6.5, 4.5, 8.5], "texture": "#0"},
				"down": {"uv": [6.25, 6.5, 4.5, 8.5], "texture": "#0"}
			}
		},
		{
			"from": [10.64681, -0.53266, 2.72106],
			"to": [11.9362, 0.57012, 5.90686],
			"rotation": {"angle": -22.5, "axis": "y", "origin": [7.99261, 0.61062, 5.608]},
			"faces": {
				"north": {"uv": [6.25, 6.5, 4.5, 8.5], "texture": "#0"},
				"east": {"uv": [6.25, 6.5, 4.5, 8.5], "texture": "#0"},
				"south": {"uv": [6.25, 6.5, 4.5, 8.5], "texture": "#0"},
				"west": {"uv": [6.25, 6.5, 4.5, 8.5], "texture": "#0"},
				"up": {"uv": [6.25, 6.5, 4.5, 8.5], "texture": "#0"},
				"down": {"uv": [6.25, 6.5, 4.5, 8.5], "texture": "#0"}
			}
		},
		{
			"from": [10.83531, 0.57012, 3.5882],
			"to": [11.74769, 1.49381, 5.90686],
			"rotation": {"angle": -22.5, "axis": "y", "origin": [7.99261, 0.61062, 5.608]},
			"faces": {
				"north": {"uv": [6.25, 6.5, 4.5, 8.5], "rotation": 180, "texture": "#0"},
				"east": {"uv": [6.25, 6.5, 4.5, 8.5], "rotation": 180, "texture": "#0"},
				"south": {"uv": [6.25, 6.5, 4.5, 8.5], "rotation": 180, "texture": "#0"},
				"west": {"uv": [6.25, 6.5, 4.5, 8.5], "rotation": 180, "texture": "#0"},
				"up": {"uv": [6.25, 6.5, 4.5, 8.5], "rotation": 180, "texture": "#0"},
				"down": {"uv": [6.25, 6.5, 4.5, 8.5], "rotation": 180, "texture": "#0"}
			}
		},
		{
			"from": [3.65315, -0.56195, 5.18937],
			"to": [5.73428, 2.12428, 9.20459],
			"rotation": {"angle": 22.5, "axis": "y", "origin": [7.99261, 0.61062, 5.608]},
			"faces": {
				"north": {"uv": [6.25, 6.5, 4.5, 8.5], "texture": "#0"},
				"east": {"uv": [6.25, 6.5, 4.5, 8.5], "texture": "#0"},
				"south": {"uv": [6.25, 6.5, 4.5, 8.5], "texture": "#0"},
				"west": {"uv": [6.25, 6.5, 4.5, 8.5], "texture": "#0"},
				"up": {"uv": [6.25, 6.5, 4.5, 8.5], "texture": "#0"},
				"down": {"uv": [6.25, 6.5, 4.5, 8.5], "texture": "#0"}
			}
		},
		{
			"from": [4.04902, -0.53266, 2.72106],
			"to": [5.33841, 0.57012, 5.90686],
			"rotation": {"angle": 22.5, "axis": "y", "origin": [7.99261, 0.61062, 5.608]},
			"faces": {
				"north": {"uv": [6.25, 6.5, 4.5, 8.5], "texture": "#0"},
				"east": {"uv": [6.25, 6.5, 4.5, 8.5], "texture": "#0"},
				"south": {"uv": [6.25, 6.5, 4.5, 8.5], "texture": "#0"},
				"west": {"uv": [6.25, 6.5, 4.5, 8.5], "texture": "#0"},
				"up": {"uv": [6.25, 6.5, 4.5, 8.5], "texture": "#0"},
				"down": {"uv": [6.25, 6.5, 4.5, 8.5], "texture": "#0"}
			}
		},
		{
			"from": [4.23752, 0.57012, 3.5882],
			"to": [5.1499, 1.49381, 5.90686],
			"rotation": {"angle": 22.5, "axis": "y", "origin": [7.99261, 0.61062, 5.608]},
			"faces": {
				"north": {"uv": [6.25, 6.5, 4.5, 8.5], "rotation": 180, "texture": "#0"},
				"east": {"uv": [6.25, 6.5, 4.5, 8.5], "rotation": 180, "texture": "#0"},
				"south": {"uv": [6.25, 6.5, 4.5, 8.5], "rotation": 180, "texture": "#0"},
				"west": {"uv": [6.25, 6.5, 4.5, 8.5], "rotation": 180, "texture": "#0"},
				"up": {"uv": [6.25, 6.5, 4.5, 8.5], "rotation": 180, "texture": "#0"},
				"down": {"uv": [6.25, 6.5, 4.5, 8.5], "rotation": 180, "texture": "#0"}
			}
		}
	],
	"display": {
		"head": {
			"translation": [0, 1.25, -16.75],
			"scale": [4, 4, 4]
		}
	},
	"groups": [
		{
			"name": "root",
			"origin": [8, 8, 8],
			"color": 0,
			"children": [
				{
					"name": "leg_l",
					"origin": [8, 8, 8],
					"color": 5,
					"children": [
						{
							"name": "2",
							"origin": [8, 8, 8],
							"color": 5,
							"children": [
								0,
								1,
								{
									"name": "group",
									"origin": [4.825, 0.56711, 4.46644],
									"color": 5,
									"children": [2, 3, 4]
								},
								{
									"name": "group",
									"origin": [4.825, 0.56711, 4.46644],
									"color": 5,
									"children": [5, 6, 7]
								},
								{
									"name": "group",
									"origin": [4.825, 0.56711, 4.46644],
									"color": 5,
									"children": [8, 9, 10]
								}
							]
						}
					]
				}
			]
		}
	]
}