{
	"credit": "Made with Blockbench",
	"texture_size": [32, 32],
	"textures": {
		"0": "brachy/head",
		"particle": "brachy/head"
	},
	"elements": [
		{
			"from": [6.53252, 3.78885, 7.22365],
			"to": [9.45269, 11.12354, 10.53657],
			"rotation": {"angle": 0, "axis": "x", "origin": [7.99261, 7.65612, 9.40331]},
			"faces": {
				"north": {"uv": [6.25, 6.5, 4.5, 8.5], "rotation": 180, "texture": "#0"},
				"east": {"uv": [4.5, 8.5, 6.25, 6.5], "rotation": 90, "texture": "#0"},
				"south": {"uv": [6.25, 6.5, 4.5, 8.5], "texture": "#0"},
				"west": {"uv": [4.5, 8.5, 6.25, 6.5], "rotation": 270, "texture": "#0"},
				"up": {"uv": [6.25, 6.5, 4.5, 8.5], "rotation": 180, "texture": "#0"},
				"down": {"uv": [6.25, 6.5, 4.5, 8.5], "texture": "#0"}
			}
		},
		{
			"from": [6.10409, 7.6447, 6.79522],
			"to": [9.88112, 11.55197, 11.27658],
			"rotation": {"angle": 0, "axis": "x", "origin": [7.99261, 7.65612, 9.40331]},
			"faces": {
				"north": {"uv": [11.5, 7.25, 8.75, 9.25], "rotation": 180, "texture": "#0"},
				"east": {"uv": [13.25, 5, 16, 3], "rotation": 90, "texture": "#0"},
				"south": {"uv": [16, 0, 13.25, 1.5], "texture": "#0"},
				"west": {"uv": [13.25, 5, 16, 3], "rotation": 270, "texture": "#0"},
				"up": {"uv": [16, 3, 13.25, 5], "rotation": 180, "texture": "#0"},
				"down": {"uv": [16, 2.75, 13.25, 4.75], "texture": "#0"}
			}
		},
		{
			"from": [7.04663, 3.78885, 9.53716],
			"to": [8.93858, 8.03886, 11.05068],
			"rotation": {"angle": 0, "axis": "x", "origin": [7.99261, 7.65612, 9.40331]},
			"faces": {
				"north": {"uv": [16, 0, 13.25, 1.5], "rotation": 180, "texture": "#0"},
				"east": {"uv": [13.25, 1.5, 16, 0], "rotation": 90, "texture": "#0"},
				"south": {"uv": [16, 0, 13.25, 1.5], "texture": "#0"},
				"west": {"uv": [13.25, 1.5, 16, 0], "rotation": 270, "texture": "#0"},
				"up": {"uv": [16, 0, 13.25, 1.5], "rotation": 180, "texture": "#0"},
				"down": {"uv": [16, 0, 13.25, 1.5], "texture": "#0"}
			}
		}
	],
	"display": {
		"head": {
			"translation": [0, -15.25, -4.25],
			"scale": [4, 4, 4]
		}
	},
	"groups": [
		{
			"name": "root",
			"origin": [8, 8, 8],
			"color": 0,
			"children": [
				{
					"name": "leg_l",
					"origin": [8, 8, 8],
					"color": 5,
					"children": [
						{
							"name": "1",
							"origin": [8, 8, 8],
							"color": 5,
							"children": [0, 1, 2]
						}
					]
				}
			]
		}
	]
}