{
	"credit": "Made with Blockbench",
	"texture_size": [32, 32],
	"textures": {
		"0": "ruko/head",
		"particle": "ruko/head"
	},
	"elements": [
		{
			"from": [5.66073, 3.94131, 5.60854],
			"to": [9.76243, 6.48145, 10.60553],
			"rotation": {"angle": 0, "axis": "y", "origin": [24.54519, 3.04602, -22.562]},
			"faces": {
				"north": {"uv": [0, 2.6228, 0.69784, 1.25], "rotation": 90, "texture": "#0"},
				"east": {"uv": [0, 2.6228, 0.69784, 1.25], "rotation": 90, "texture": "#0"},
				"south": {"uv": [0, 2.6228, 0.69784, 1.25], "rotation": 90, "texture": "#0"},
				"west": {"uv": [0, 2.6228, 0.69784, 1.25], "rotation": 90, "texture": "#0"},
				"up": {"uv": [2.3728, 4.125, 1.5, 5.57284], "rotation": 180, "texture": "#0"},
				"down": {"uv": [0, 2.6228, 0.69784, 1.25], "rotation": 90, "texture": "#0"}
			}
		},
		{
			"from": [6.18125, 3.94131, 10.60553],
			"to": [9.24191, 6.48145, 11.64657],
			"rotation": {"angle": 0, "axis": "y", "origin": [24.54519, 3.04602, -22.562]},
			"faces": {
				"north": {"uv": [0, 1.536, 0.69784, 1.25], "rotation": 90, "texture": "#0"},
				"east": {"uv": [0, 1.536, 0.69784, 1.25], "rotation": 90, "texture": "#0"},
				"south": {"uv": [0, 1.536, 0.69784, 1.25], "rotation": 90, "texture": "#0"},
				"west": {"uv": [0, 1.536, 0.69784, 1.25], "rotation": 90, "texture": "#0"},
				"up": {"uv": [2.286, 4.125, 1.625, 4.57284], "texture": "#0"},
				"down": {"uv": [0, 1.536, 0.69784, 1.25], "rotation": 90, "texture": "#0"}
			}
		},
		{
			"from": [7.0025, 4.11143, 4.30003],
			"to": [8.42065, 6.05009, 6.21555],
			"rotation": {"angle": 0, "axis": "y", "origin": [7.71158, 4.79218, 4.13863]},
			"faces": {
				"north": {"uv": [6.125, 3.7646, 6.65124, 3.375], "rotation": 90, "texture": "#0"},
				"east": {"uv": [6.125, 3.7646, 6.65124, 3.375], "rotation": 90, "texture": "#0"},
				"south": {"uv": [6.125, 3.7646, 6.65124, 3.375], "rotation": 90, "texture": "#0"},
				"west": {"uv": [6.125, 3.7646, 6.65124, 3.375], "rotation": 90, "texture": "#0"},
				"up": {"uv": [2.3896, 4.375, 2, 4.90124], "rotation": 180, "texture": "#0"},
				"down": {"uv": [6.125, 3.7646, 6.65124, 3.375], "rotation": 90, "texture": "#0"}
			}
		},
		{
			"from": [7.19159, 4.29567, 3.24872],
			"to": [8.23156, 5.54385, 5.16423],
			"rotation": {"angle": -45, "axis": "x", "origin": [7.71158, 4.79218, 4.13863]},
			"faces": {
				"north": {"uv": [2.66071, 13, 2.375, 13.84291], "texture": "#0"},
				"east": {"uv": [2.66071, 13, 2.375, 13.84291], "texture": "#0"},
				"south": {"uv": [2.66071, 13, 2.375, 13.84291], "texture": "#0"},
				"west": {"uv": [2.66071, 13, 2.375, 13.84291], "texture": "#0"},
				"up": {"uv": [2.66071, 13, 2.375, 13.84291], "texture": "#0"},
				"down": {"uv": [2.66071, 13, 2.375, 13.84291], "texture": "#0"}
			}
		},
		{
			"from": [7.33484, 3.03923, 3.17808],
			"to": [8.08832, 4.37176, 3.93156],
			"rotation": {"angle": 22.5, "axis": "x", "origin": [7.71158, 4.79218, 4.13863]},
			"faces": {
				"north": {"uv": [2, 13.832, 2.36608, 13], "rotation": 270, "texture": "#0"},
				"east": {"uv": [2, 13.832, 2.36608, 13], "rotation": 270, "texture": "#0"},
				"south": {"uv": [2, 13.832, 2.36608, 13], "rotation": 270, "texture": "#0"},
				"west": {"uv": [2, 13.832, 2.36608, 13], "rotation": 270, "texture": "#0"},
				"up": {"uv": [2, 13.832, 2.36608, 13], "rotation": 270, "texture": "#0"},
				"down": {"uv": [2, 13.832, 2.36608, 13], "rotation": 270, "texture": "#0"}
			}
		},
		{
			"from": [9.06629, 3.03923, 4.21912],
			"to": [9.81977, 4.37176, 4.9726],
			"rotation": {"angle": 22.5, "axis": "x", "origin": [7.71158, 4.79218, 5.17967]},
			"faces": {
				"north": {"uv": [2, 13.832, 2.36608, 13], "rotation": 270, "texture": "#0"},
				"east": {"uv": [2, 13.832, 2.36608, 13], "rotation": 270, "texture": "#0"},
				"south": {"uv": [2, 13.832, 2.36608, 13], "rotation": 270, "texture": "#0"},
				"west": {"uv": [2, 13.832, 2.36608, 13], "rotation": 270, "texture": "#0"},
				"up": {"uv": [2, 13.832, 2.36608, 13], "rotation": 270, "texture": "#0"},
				"down": {"uv": [2, 13.832, 2.36608, 13], "rotation": 270, "texture": "#0"}
			}
		},
		{
			"from": [5.60338, 3.03923, 3.17808],
			"to": [6.35686, 4.37176, 3.93156],
			"rotation": {"angle": 22.5, "axis": "x", "origin": [7.71158, 4.79218, 4.13863]},
			"faces": {
				"north": {"uv": [2, 13.832, 2.36608, 13], "rotation": 270, "texture": "#0"},
				"east": {"uv": [2, 13.832, 2.36608, 13], "rotation": 270, "texture": "#0"},
				"south": {"uv": [2, 13.832, 2.36608, 13], "rotation": 270, "texture": "#0"},
				"west": {"uv": [2, 13.832, 2.36608, 13], "rotation": 270, "texture": "#0"},
				"up": {"uv": [2, 13.832, 2.36608, 13], "rotation": 270, "texture": "#0"},
				"down": {"uv": [2, 13.832, 2.36608, 13], "rotation": 270, "texture": "#0"}
			}
		},
		{
			"from": [8.7268, 4.11143, 5.34107],
			"to": [10.14495, 6.05009, 7.25659],
			"rotation": {"angle": 0, "axis": "y", "origin": [7.71158, 4.79218, 5.17967]},
			"faces": {
				"north": {"uv": [0, 1.77624, 0.5326, 1.25], "rotation": 90, "texture": "#0"},
				"east": {"uv": [0, 1.77624, 0.5326, 1.25], "rotation": 90, "texture": "#0"},
				"south": {"uv": [0, 1.77624, 0.5326, 1.25], "rotation": 90, "texture": "#0"},
				"west": {"uv": [0, 1.77624, 0.5326, 1.25], "rotation": 90, "texture": "#0"},
				"up": {"uv": [1.875, 4.375, 1.5, 4.9076], "rotation": 180, "texture": "#0"},
				"down": {"uv": [0, 1.77624, 0.5326, 1.25], "rotation": 90, "texture": "#0"}
			}
		},
		{
			"from": [8.91589, 4.29567, 4.28976],
			"to": [9.95586, 5.54385, 6.20527],
			"rotation": {"angle": -45, "axis": "x", "origin": [7.71158, 4.79218, 5.17967]},
			"faces": {
				"north": {"uv": [2.66071, 13, 2.375, 13.84291], "texture": "#0"},
				"east": {"uv": [2.66071, 13, 2.375, 13.84291], "texture": "#0"},
				"south": {"uv": [2.66071, 13, 2.375, 13.84291], "texture": "#0"},
				"west": {"uv": [2.66071, 13, 2.375, 13.84291], "texture": "#0"},
				"up": {"uv": [2.66071, 13, 2.375, 13.84291], "texture": "#0"},
				"down": {"uv": [2.66071, 13, 2.375, 13.84291], "texture": "#0"}
			}
		},
		{
			"from": [5.27821, 4.11143, 4.30003],
			"to": [6.69635, 6.05009, 6.21555],
			"rotation": {"angle": 0, "axis": "y", "origin": [7.71158, 4.79218, 4.13863]},
			"faces": {
				"north": {"uv": [6.125, 3.7646, 6.65124, 3.375], "rotation": 90, "texture": "#0"},
				"east": {"uv": [6.125, 3.7646, 6.65124, 3.375], "rotation": 90, "texture": "#0"},
				"south": {"uv": [6.125, 3.7646, 6.65124, 3.375], "rotation": 90, "texture": "#0"},
				"west": {"uv": [6.125, 3.7646, 6.65124, 3.375], "rotation": 90, "texture": "#0"},
				"up": {"uv": [1.875, 4.375, 1.5, 4.90124], "rotation": 180, "texture": "#0"},
				"down": {"uv": [6.125, 3.7646, 6.65124, 3.375], "rotation": 90, "texture": "#0"}
			}
		},
		{
			"from": [5.46729, 4.29567, 3.24872],
			"to": [6.50727, 5.54385, 5.16423],
			"rotation": {"angle": -45, "axis": "x", "origin": [7.71158, 4.79218, 4.13863]},
			"faces": {
				"north": {"uv": [2.66071, 13, 2.375, 13.84291], "texture": "#0"},
				"east": {"uv": [2.66071, 13, 2.375, 13.84291], "texture": "#0"},
				"south": {"uv": [2.66071, 13, 2.375, 13.84291], "texture": "#0"},
				"west": {"uv": [2.66071, 13, 2.375, 13.84291], "texture": "#0"},
				"up": {"uv": [2.66071, 13, 2.375, 13.84291], "texture": "#0"},
				"down": {"uv": [2.66071, 13, 2.375, 13.84291], "texture": "#0"}
			}
		}
	],
	"display": {
		"head": {
			"translation": [1.25, 4, -7],
			"scale": [4, 4, 4]
		}
	},
	"groups": [
		{
			"name": "root",
			"origin": [8, 8, 8],
			"color": 0,
			"children": [
				{
					"name": "arm_l",
					"origin": [8, 8, 8],
					"color": 0,
					"children": [
						{
							"name": "2",
							"origin": [8, 8, 8],
							"color": 0,
							"children": [0, 1, 2, 3, 4, 5, 6, 7, 8, 9, 10]
						}
					]
				}
			]
		}
	]
}