{
	"credit": "Made with Blockbench",
	"texture_size": [32, 32],
	"textures": {
		"0": "ruko/head",
		"particle": "ruko/head"
	},
	"elements": [
		{
			"from": [5.59827, 8.89991, 2.58103],
			"to": [9.97063, 15.61935, 7.23732],
			"rotation": {"angle": -45, "axis": "x", "origin": [7.75322, 16.00681, -0.36773]},
			"faces": {
				"north": {"uv": [1.2792, 1.25, 0, 3.096], "texture": "#0"},
				"east": {"uv": [1.2792, 1.25, 0, 3.096], "texture": "#0"},
				"south": {"uv": [1.2792, 1.25, 0, 3.096], "texture": "#0"},
				"west": {"uv": [1.2792, 1.25, 0, 3.096], "texture": "#0"},
				"up": {"uv": [1.2792, 1.25, 0, 3.096], "texture": "#0"},
				"down": {"uv": [1.2792, 1.25, 0, 3.096], "texture": "#0"}
			}
		},
		{
			"from": [6.28346, 14.63237, 4.965],
			"to": [9.28544, 18.05834, 11.91158],
			"rotation": {"angle": 22.5, "axis": "x", "origin": [7.78445, 9.5786, 3.65897]},
			"faces": {
				"north": {"uv": [0, 3.1584, 0.9412, 1.25], "rotation": 270, "texture": "#0"},
				"east": {"uv": [0, 3.1584, 0.9412, 1.25], "rotation": 270, "texture": "#0"},
				"south": {"uv": [0, 3.1584, 0.9412, 1.25], "rotation": 270, "texture": "#0"},
				"west": {"uv": [0, 3.1584, 0.9412, 1.25], "rotation": 270, "texture": "#0"},
				"up": {"uv": [0, 3.1584, 0.9412, 1.25], "rotation": 270, "texture": "#0"},
				"down": {"uv": [0, 3.1584, 0.9412, 1.25], "rotation": 270, "texture": "#0"}
			}
		}
	],
	"display": {
		"head": {
			"translation": [0.75, -43.5, 8],
			"scale": [4, 4, 4]
		}
	},
	"groups": [
		{
			"name": "root",
			"origin": [8, 8, 8],
			"color": 0,
			"children": [
				{
					"name": "arm_l",
					"origin": [8, 8, 8],
					"color": 0,
					"children": [
						{
							"name": "0",
							"origin": [8, 8, 8],
							"color": 0,
							"children": [0, 1]
						}
					]
				}
			]
		}
	]
}