{
	"credit": "Made with Blockbench",
	"texture_size": [32, 32],
	"textures": {
		"0": "ruko/head",
		"particle": "ruko/head"
	},
	"elements": [
		{
			"from": [6.23757, 3.94131, 5.60854],
			"to": [10.33927, 6.48145, 10.60553],
			"rotation": {"angle": 0, "axis": "y", "origin": [-8.54519, 3.04602, -22.562]},
			"faces": {
				"north": {"uv": [0, 1.25, 0.69784, 2.6228], "rotation": 90, "texture": "#0"},
				"east": {"uv": [0, 1.25, 0.69784, 2.6228], "rotation": 90, "texture": "#0"},
				"south": {"uv": [0, 1.25, 0.69784, 2.6228], "rotation": 90, "texture": "#0"},
				"west": {"uv": [0, 1.25, 0.69784, 2.6228], "rotation": 90, "texture": "#0"},
				"up": {"uv": [1.5, 4.125, 2.3728, 5.57284], "rotation": 180, "texture": "#0"},
				"down": {"uv": [0, 1.25, 0.69784, 2.6228], "rotation": 90, "texture": "#0"}
			}
		},
		{
			"from": [6.75809, 3.94131, 10.60553],
			"to": [9.81875, 6.48145, 11.64657],
			"rotation": {"angle": 0, "axis": "y", "origin": [-8.54519, 3.04602, -22.562]},
			"faces": {
				"north": {"uv": [0, 1.25, 0.69784, 1.536], "rotation": 90, "texture": "#0"},
				"east": {"uv": [0, 1.25, 0.69784, 1.536], "rotation": 90, "texture": "#0"},
				"south": {"uv": [0, 1.25, 0.69784, 1.536], "rotation": 90, "texture": "#0"},
				"west": {"uv": [0, 1.25, 0.69784, 1.536], "rotation": 90, "texture": "#0"},
				"up": {"uv": [1.625, 4.125, 2.286, 4.57284], "texture": "#0"},
				"down": {"uv": [0, 1.25, 0.69784, 1.536], "rotation": 90, "texture": "#0"}
			}
		},
		{
			"from": [7.57935, 4.11143, 4.30003],
			"to": [8.9975, 6.05009, 6.21555],
			"rotation": {"angle": 0, "axis": "y", "origin": [8.28842, 4.79218, 4.13863]},
			"faces": {
				"north": {"uv": [6.125, 3.375, 6.65124, 3.7646], "rotation": 90, "texture": "#0"},
				"east": {"uv": [6.125, 3.375, 6.65124, 3.7646], "rotation": 90, "texture": "#0"},
				"south": {"uv": [6.125, 3.375, 6.65124, 3.7646], "rotation": 90, "texture": "#0"},
				"west": {"uv": [6.125, 3.375, 6.65124, 3.7646], "rotation": 90, "texture": "#0"},
				"up": {"uv": [2, 4.375, 2.3896, 4.90124], "rotation": 180, "texture": "#0"},
				"down": {"uv": [6.125, 3.375, 6.65124, 3.7646], "rotation": 90, "texture": "#0"}
			}
		},
		{
			"from": [7.76844, 4.29567, 3.24872],
			"to": [8.80841, 5.54385, 5.16423],
			"rotation": {"angle": -45, "axis": "x", "origin": [8.28842, 4.79218, 4.13863]},
			"faces": {
				"north": {"uv": [2.375, 13, 2.66071, 13.84291], "texture": "#0"},
				"east": {"uv": [2.375, 13, 2.66071, 13.84291], "texture": "#0"},
				"south": {"uv": [2.375, 13, 2.66071, 13.84291], "texture": "#0"},
				"west": {"uv": [2.375, 13, 2.66071, 13.84291], "texture": "#0"},
				"up": {"uv": [2.375, 13, 2.66071, 13.84291], "texture": "#0"},
				"down": {"uv": [2.375, 13, 2.66071, 13.84291], "texture": "#0"}
			}
		},
		{
			"from": [7.91168, 3.03923, 3.17808],
			"to": [8.66516, 4.37176, 3.93156],
			"rotation": {"angle": 22.5, "axis": "x", "origin": [8.28842, 4.79218, 4.13863]},
			"faces": {
				"north": {"uv": [2, 13, 2.36608, 13.832], "rotation": 270, "texture": "#0"},
				"east": {"uv": [2, 13, 2.36608, 13.832], "rotation": 270, "texture": "#0"},
				"south": {"uv": [2, 13, 2.36608, 13.832], "rotation": 270, "texture": "#0"},
				"west": {"uv": [2, 13, 2.36608, 13.832], "rotation": 270, "texture": "#0"},
				"up": {"uv": [2, 13, 2.36608, 13.832], "rotation": 270, "texture": "#0"},
				"down": {"uv": [2, 13, 2.36608, 13.832], "rotation": 270, "texture": "#0"}
			}
		},
		{
			"from": [6.18023, 3.03923, 4.21912],
			"to": [6.93371, 4.37176, 4.9726],
			"rotation": {"angle": 22.5, "axis": "x", "origin": [8.28842, 4.79218, 5.17967]},
			"faces": {
				"north": {"uv": [2, 13, 2.36608, 13.832], "rotation": 270, "texture": "#0"},
				"east": {"uv": [2, 13, 2.36608, 13.832], "rotation": 270, "texture": "#0"},
				"south": {"uv": [2, 13, 2.36608, 13.832], "rotation": 270, "texture": "#0"},
				"west": {"uv": [2, 13, 2.36608, 13.832], "rotation": 270, "texture": "#0"},
				"up": {"uv": [2, 13, 2.36608, 13.832], "rotation": 270, "texture": "#0"},
				"down": {"uv": [2, 13, 2.36608, 13.832], "rotation": 270, "texture": "#0"}
			}
		},
		{
			"from": [9.64314, 3.03923, 3.17808],
			"to": [10.39662, 4.37176, 3.93156],
			"rotation": {"angle": 22.5, "axis": "x", "origin": [8.28842, 4.79218, 4.13863]},
			"faces": {
				"north": {"uv": [2, 13, 2.36608, 13.832], "rotation": 270, "texture": "#0"},
				"east": {"uv": [2, 13, 2.36608, 13.832], "rotation": 270, "texture": "#0"},
				"south": {"uv": [2, 13, 2.36608, 13.832], "rotation": 270, "texture": "#0"},
				"west": {"uv": [2, 13, 2.36608, 13.832], "rotation": 270, "texture": "#0"},
				"up": {"uv": [2, 13, 2.36608, 13.832], "rotation": 270, "texture": "#0"},
				"down": {"uv": [2, 13, 2.36608, 13.832], "rotation": 270, "texture": "#0"}
			}
		},
		{
			"from": [5.85505, 4.11143, 5.34107],
			"to": [7.2732, 6.05009, 7.25659],
			"rotation": {"angle": 0, "axis": "y", "origin": [8.28842, 4.79218, 5.17967]},
			"faces": {
				"north": {"uv": [0, 1.25, 0.5326, 1.77624], "rotation": 90, "texture": "#0"},
				"east": {"uv": [0, 1.25, 0.5326, 1.77624], "rotation": 90, "texture": "#0"},
				"south": {"uv": [0, 1.25, 0.5326, 1.77624], "rotation": 90, "texture": "#0"},
				"west": {"uv": [0, 1.25, 0.5326, 1.77624], "rotation": 90, "texture": "#0"},
				"up": {"uv": [1.5, 4.375, 1.875, 4.9076], "rotation": 180, "texture": "#0"},
				"down": {"uv": [0, 1.25, 0.5326, 1.77624], "rotation": 90, "texture": "#0"}
			}
		},
		{
			"from": [6.04414, 4.29567, 4.28976],
			"to": [7.08411, 5.54385, 6.20527],
			"rotation": {"angle": -45, "axis": "x", "origin": [8.28842, 4.79218, 5.17967]},
			"faces": {
				"north": {"uv": [2.375, 13, 2.66071, 13.84291], "texture": "#0"},
				"east": {"uv": [2.375, 13, 2.66071, 13.84291], "texture": "#0"},
				"south": {"uv": [2.375, 13, 2.66071, 13.84291], "texture": "#0"},
				"west": {"uv": [2.375, 13, 2.66071, 13.84291], "texture": "#0"},
				"up": {"uv": [2.375, 13, 2.66071, 13.84291], "texture": "#0"},
				"down": {"uv": [2.375, 13, 2.66071, 13.84291], "texture": "#0"}
			}
		},
		{
			"from": [9.30365, 4.11143, 4.30003],
			"to": [10.72179, 6.05009, 6.21555],
			"rotation": {"angle": 0, "axis": "y", "origin": [8.28842, 4.79218, 4.13863]},
			"faces": {
				"north": {"uv": [6.125, 3.375, 6.65124, 3.7646], "rotation": 90, "texture": "#0"},
				"east": {"uv": [6.125, 3.375, 6.65124, 3.7646], "rotation": 90, "texture": "#0"},
				"south": {"uv": [6.125, 3.375, 6.65124, 3.7646], "rotation": 90, "texture": "#0"},
				"west": {"uv": [6.125, 3.375, 6.65124, 3.7646], "rotation": 90, "texture": "#0"},
				"up": {"uv": [1.5, 4.375, 1.875, 4.90124], "rotation": 180, "texture": "#0"},
				"down": {"uv": [6.125, 3.375, 6.65124, 3.7646], "rotation": 90, "texture": "#0"}
			}
		},
		{
			"from": [9.49273, 4.29567, 3.24872],
			"to": [10.53271, 5.54385, 5.16423],
			"rotation": {"angle": -45, "axis": "x", "origin": [8.28842, 4.79218, 4.13863]},
			"faces": {
				"north": {"uv": [2.375, 13, 2.66071, 13.84291], "texture": "#0"},
				"east": {"uv": [2.375, 13, 2.66071, 13.84291], "texture": "#0"},
				"south": {"uv": [2.375, 13, 2.66071, 13.84291], "texture": "#0"},
				"west": {"uv": [2.375, 13, 2.66071, 13.84291], "texture": "#0"},
				"up": {"uv": [2.375, 13, 2.66071, 13.84291], "texture": "#0"},
				"down": {"uv": [2.375, 13, 2.66071, 13.84291], "texture": "#0"}
			}
		}
	],
	"display": {
		"head": {
			"translation": [-1.25, 4, -7],
			"scale": [4, 4, 4]
		}
	},
	"groups": [
		{
			"name": "root",
			"origin": [8, 8, 8],
			"color": 0,
			"children": [
				{
					"name": "arm_l",
					"origin": [8, 8, 8],
					"color": 0,
					"children": [
						{
							"name": "2",
							"origin": [8, 8, 8],
							"color": 0,
							"children": [0, 1, 2, 3, 4, 5, 6, 7, 8, 9, 10]
						}
					]
				}
			]
		}
	]
}