{
	"credit": "Made with Blockbench",
	"texture_size": [32, 32],
	"textures": {
		"0": "ruko/head",
		"particle": "ruko/head"
	},
	"elements": [
		{
			"from": [4.87231, 8.4424, 0.9863],
			"to": [11.60089, 13.40457, 10.01806],
			"rotation": {"angle": 0, "axis": "y", "origin": [12.61722, 9.74722, -18.72418]},
			"faces": {
				"north": {"uv": [0.125, 0, 1.625, 0.875], "texture": "#0"},
				"east": {"uv": [0.125, 0, 1.625, 0.875], "texture": "#0"},
				"south": {"uv": [0.125, 0, 1.625, 0.875], "texture": "#0"},
				"west": {"uv": [0.125, 0, 1.625, 0.875], "texture": "#0"},
				"up": {"uv": [0.125, 0, 1, 0.875], "rotation": 90, "texture": "#0"},
				"down": {"uv": [0.125, 0, 1.625, 0.875], "texture": "#0"}
			}
		},
		{
			"from": [3.92591, 5.13, -5.6385],
			"to": [12.07409, 10.09217, 10.01806],
			"rotation": {"angle": 0, "axis": "y", "origin": [12.61722, 9.74722, -18.72418]},
			"faces": {
				"north": {"uv": [0.125, 0, 1.625, 0.875], "texture": "#0"},
				"east": {"uv": [0.125, 0, 1.625, 0.875], "texture": "#0"},
				"south": {"uv": [0.125, 0, 1.625, 0.875], "texture": "#0"},
				"west": {"uv": [0.125, 0, 1.625, 0.875], "texture": "#0"},
				"up": {"uv": [0.125, 0, 1.625, 0.875], "texture": "#0"},
				"down": {"uv": [0.125, 0, 1.625, 0.875], "texture": "#0"}
			}
		},
		{
			"from": [2.97951, 4.60584, -3.7457],
			"to": [13.02049, 12.45817, 1.97366],
			"rotation": {"angle": 0, "axis": "y", "origin": [12.61722, 9.74722, -18.72418]},
			"faces": {
				"north": {"uv": [1.625, 0, 0.125, 0.875], "texture": "#0"},
				"east": {"uv": [1.625, 0, 0.125, 0.875], "texture": "#0"},
				"south": {"uv": [1.625, 0, 0.125, 0.875], "texture": "#0"},
				"west": {"uv": [1.625, 0, 0.125, 0.875], "texture": "#0"},
				"up": {"uv": [1.625, 0, 0.125, 0.875], "texture": "#0"},
				"down": {"uv": [1.625, 0, 0.125, 0.875], "texture": "#0"}
			}
		},
		{
			"from": [2.97951, 0.96584, -3.7457],
			"to": [13.02049, 4.60584, 1.97366],
			"rotation": {"angle": 0, "axis": "y", "origin": [12.61722, 9.74722, -18.72418]},
			"faces": {
				"north": {"uv": [1.125, 13.25, 2, 14.75], "texture": "#0"},
				"east": {"uv": [0, 13, 0.875, 14.5], "rotation": 270, "texture": "#0"},
				"south": {"uv": [1.125, 13, 2, 14.875], "texture": "#0"},
				"west": {"uv": [0.125, 13, 1, 14.5], "rotation": 90, "texture": "#0"},
				"up": {"uv": [0, 13, 0.875, 16], "texture": "#0"},
				"down": {"uv": [0, 14.5, 0.875, 16], "texture": "#0"}
			}
		},
		{
			"from": [3.92591, 4.27824, -7.5313],
			"to": [12.07409, 11.98497, -1.81194],
			"rotation": {"angle": 0, "axis": "y", "origin": [12.61722, 9.74722, -18.72418]},
			"faces": {
				"north": {"uv": [7.625, 8.75, 8.5, 9.625], "texture": "#0"},
				"east": {"uv": [0.125, 0, 1.625, 0.875], "texture": "#0"},
				"south": {"uv": [0.125, 0, 1.625, 0.875], "texture": "#0"},
				"west": {"uv": [0.125, 0, 1.625, 0.875], "texture": "#0"},
				"up": {"uv": [0.125, 0, 1.625, 0.875], "texture": "#0"},
				"down": {"uv": [0.125, 0, 1.625, 0.875], "texture": "#0"}
			}
		},
		{
			"from": [4.39911, 11.03857, -3.93498],
			"to": [11.60089, 14.35097, 1.02726],
			"rotation": {"angle": 0, "axis": "y", "origin": [12.61722, 9.74722, -18.72418]},
			"faces": {
				"north": {"uv": [0.125, 0, 1.625, 0.875], "texture": "#0"},
				"east": {"uv": [0.125, 0, 1.625, 0.875], "texture": "#0"},
				"south": {"uv": [0.125, 0, 1.625, 0.875], "texture": "#0"},
				"west": {"uv": [0.125, 0, 1.625, 0.875], "texture": "#0"},
				"up": {"uv": [0.125, 0, 1, 0.875], "rotation": 90, "texture": "#0"},
				"down": {"uv": [0.125, 0, 1.625, 0.875], "texture": "#0"}
			}
		},
		{
			"from": [4.87231, 10.84929, -7.24738],
			"to": [10.65449, 12.74209, -2.61002],
			"rotation": {"angle": -22.5, "axis": "x", "origin": [8, 12.22157, -5.35458]},
			"faces": {
				"north": {"uv": [0.125, 0, 1.625, 0.875], "texture": "#0"},
				"east": {"uv": [0.125, 0, 1.625, 0.875], "texture": "#0"},
				"south": {"uv": [0.125, 0, 1.625, 0.875], "texture": "#0"},
				"west": {"uv": [0.125, 0, 1.625, 0.875], "texture": "#0"},
				"up": {"uv": [0.125, 0, 1, 0.875], "rotation": 90, "texture": "#0"},
				"down": {"uv": [0.125, 0, 1.625, 0.875], "texture": "#0"}
			}
		},
		{
			"from": [4.20983, 1.06048, -5.6385],
			"to": [11.79017, 4.27824, -3.70474],
			"rotation": {"angle": 0, "axis": "y", "origin": [12.61722, 9.74722, -18.72418]},
			"faces": {
				"north": {"uv": [1.125, 13.25, 2, 14.75], "texture": "#0"},
				"east": {"uv": [0, 13, 0.875, 13.875], "rotation": 270, "texture": "#0"},
				"south": {"uv": [1.125, 13, 2, 14.875], "texture": "#0"},
				"west": {"uv": [0.125, 13, 1, 13.875], "rotation": 90, "texture": "#0"},
				"up": {"uv": [0, 13, 0.875, 16], "texture": "#0"},
				"down": {"uv": [0, 13, 0.875, 13.875], "texture": "#0"}
			}
		},
		{
			"from": [5.62943, 2.00688, -7.0581],
			"to": [10.37057, 4.27824, -5.59754],
			"rotation": {"angle": 0, "axis": "y", "origin": [12.61722, 9.74722, -18.72418]},
			"faces": {
				"north": {"uv": [1.125, 13.25, 2, 14.75], "texture": "#0"},
				"east": {"uv": [0, 13, 0.875, 13.875], "rotation": 270, "texture": "#0"},
				"south": {"uv": [1.125, 13, 2, 14.875], "texture": "#0"},
				"west": {"uv": [0.125, 13, 1, 13.875], "rotation": 90, "texture": "#0"},
				"up": {"uv": [0, 13, 0.875, 16], "texture": "#0"},
				"down": {"uv": [0, 13, 0.875, 13.875], "texture": "#0"}
			}
		},
		{
			"from": [2.03311, 4.6568, -5.6385],
			"to": [13.96689, 11.03857, 0.08086],
			"rotation": {"angle": 0, "axis": "y", "origin": [12.61722, 9.74722, -18.72418]},
			"faces": {
				"north": {"uv": [0.125, 0, 1.625, 0.875], "texture": "#0"},
				"east": {"uv": [0.125, 0, 1.625, 0.875], "texture": "#0"},
				"south": {"uv": [0.125, 0, 1.625, 0.875], "texture": "#0"},
				"west": {"uv": [0.125, 0, 1.625, 0.875], "texture": "#0"},
				"up": {"uv": [0.125, 0, 1.625, 0.875], "texture": "#0"},
				"down": {"uv": [0.125, 0, 1.625, 0.875], "texture": "#0"}
			}
		},
		{
			"from": [4.39911, 2.72096, -0.52916],
			"to": [11.60089, 7.20993, 7.93476],
			"rotation": {"angle": -22.5, "axis": "x", "origin": [8, 4.96544, 3.7028]},
			"faces": {
				"north": {"uv": [1.125, 13.25, 2, 14.75], "texture": "#0"},
				"east": {"uv": [0, 13, 0.875, 16], "rotation": 270, "texture": "#0"},
				"south": {"uv": [1.125, 13, 2, 14.875], "texture": "#0"},
				"west": {"uv": [0.125, 13, 1, 16], "rotation": 90, "texture": "#0"},
				"up": {"uv": [0, 13, 0.875, 16], "texture": "#0"},
				"down": {"uv": [0, 13, 0.875, 16], "texture": "#0"}
			}
		}
	],
	"display": {
		"head": {
			"translation": [0, -11.5, -2.25],
			"scale": [4, 4, 4]
		}
	},
	"groups": [
		{
			"name": "root",
			"origin": [8, 8, 8],
			"color": 0,
			"children": [
				{
					"name": "body",
					"origin": [8, 8, 8],
					"color": 0,
					"children": [
						{
							"name": "0",
							"origin": [8, 8, 8],
							"color": 0,
							"children": [0, 1, 2, 3, 4, 5, 6, 7, 8, 9, 10]
						}
					]
				}
			]
		}
	]
}