{
	"credit": "Made with Blockbench",
	"texture_size": [32, 32],
	"textures": {
		"0": "ruko/head",
		"particle": "ruko/head"
	},
	"elements": [
		{
			"from": [3.00071, 6.5496, 8.14495],
			"to": [12.99929, 11.98497, 17.31942],
			"rotation": {"angle": 0, "axis": "y", "origin": [12.61722, 9.74722, -17.30458]},
			"faces": {
				"north": {"uv": [0, 0.125, 1.5, 0.75], "texture": "#0"},
				"east": {"uv": [0, 0.125, 1.5, 0.75], "texture": "#0"},
				"south": {"uv": [0, 0.125, 1.5, 0.75], "texture": "#0"},
				"west": {"uv": [0, 0.125, 1.5, 0.75], "texture": "#0"},
				"up": {"uv": [0, 0.125, 1.5, 0.75], "texture": "#0"},
				"down": {"uv": [0, 0.125, 1.5, 0.75], "texture": "#0"}
			}
		},
		{
			"from": [4.42031, 11.98497, 8.14495],
			"to": [11.57969, 14.35097, 17.31942],
			"rotation": {"angle": 0, "axis": "y", "origin": [12.61722, 9.74722, -17.30458]},
			"faces": {
				"north": {"uv": [0, 0.125, 1.5, 0.75], "texture": "#0"},
				"east": {"uv": [0, 0.125, 1.5, 0.75], "texture": "#0"},
				"south": {"uv": [0, 0.125, 1.5, 0.75], "texture": "#0"},
				"west": {"uv": [0, 0.125, 1.5, 0.75], "texture": "#0"},
				"up": {"uv": [0, 0, 0.625, 0.875], "rotation": 90, "texture": "#0"},
				"down": {"uv": [0, 0.125, 1.5, 0.75], "texture": "#0"}
			}
		},
		{
			"from": [3.89032, 7.0228, 16.72879],
			"to": [12.10968, 11.98497, 23.37638],
			"rotation": {"angle": 0, "axis": "y", "origin": [12.61722, 10.69362, -13.14042]},
			"faces": {
				"north": {"uv": [0, 0.125, 1.5, 0.75], "texture": "#0"},
				"east": {"uv": [0, 0.125, 1.5, 0.75], "texture": "#0"},
				"south": {"uv": [0, 0.125, 1.5, 0.75], "texture": "#0"},
				"west": {"uv": [0, 0.125, 1.5, 0.75], "texture": "#0"},
				"up": {"uv": [0, 0, 0.625, 0.875], "rotation": 90, "texture": "#0"},
				"down": {"uv": [0, 0.125, 1.5, 0.75], "texture": "#0"}
			}
		},
		{
			"from": [4.83672, 10.8084, 15.30919],
			"to": [11.16328, 12.45817, 20.06398],
			"rotation": {"angle": 22.5, "axis": "x", "origin": [8, 9.03068, 19.34279]},
			"faces": {
				"north": {"uv": [0, 0.125, 1.5, 0.75], "texture": "#0"},
				"east": {"uv": [0, 0.125, 1.5, 0.75], "texture": "#0"},
				"south": {"uv": [0, 0.125, 1.5, 0.75], "texture": "#0"},
				"west": {"uv": [0, 0.125, 1.5, 0.75], "texture": "#0"},
				"up": {"uv": [0, 0, 0.625, 0.875], "rotation": 90, "texture": "#0"},
				"down": {"uv": [0, 0.125, 1.5, 0.75], "texture": "#0"}
			}
		},
		{
			"from": [4.69544, 2.68693, 8.14495],
			"to": [11.30456, 6.5496, 16.7989],
			"rotation": {"angle": 0, "axis": "y", "origin": [12.61722, 9.74722, -17.30458]},
			"faces": {
				"north": {"uv": [1.125, 13.25, 2, 14.75], "texture": "#0"},
				"east": {"uv": [0, 13, 0.875, 16], "rotation": 270, "texture": "#0"},
				"south": {"uv": [1.125, 13, 2, 14.875], "texture": "#0"},
				"west": {"uv": [0.125, 13, 1, 16], "rotation": 90, "texture": "#0"},
				"up": {"uv": [0, 13, 0.875, 16], "texture": "#0"},
				"down": {"uv": [0, 13, 0.875, 16], "texture": "#0"}
			}
		},
		{
			"from": [5.73648, 4.39045, 16.78558],
			"to": [10.26352, 7.0228, 23.37638],
			"rotation": {"angle": 0, "axis": "y", "origin": [12.61722, 10.69362, -8.66395]},
			"faces": {
				"north": {"uv": [1.125, 13.25, 2, 14.75], "texture": "#0"},
				"east": {"uv": [0, 13, 0.875, 16], "rotation": 270, "texture": "#0"},
				"south": {"uv": [1.125, 13, 2, 14.875], "texture": "#0"},
				"west": {"uv": [0.125, 13, 1, 16], "rotation": 90, "texture": "#0"},
				"up": {"uv": [0, 13, 0.875, 16], "texture": "#0"},
				"down": {"uv": [0, 13, 0.875, 16], "texture": "#0"}
			}
		},
		{
			"from": [5.14838, 6.06624, 23.15765],
			"to": [10.85162, 10.14712, 28.97612],
			"rotation": {"angle": 0, "axis": "y", "origin": [12.19747, -1.94484, -17.75333]},
			"faces": {
				"north": {"uv": [0, 0.125, 1.5, 0.75], "texture": "#0"},
				"east": {"uv": [0, 0.125, 1.5, 0.75], "texture": "#0"},
				"south": {"uv": [0, 3.25, 1.5, 3.875], "texture": "#0"},
				"west": {"uv": [0, 0.125, 1.5, 0.75], "texture": "#0"},
				"up": {"uv": [0, 0.125, 1.5, 0.75], "texture": "#0"},
				"down": {"uv": [0, 0.125, 1.5, 0.75], "texture": "#0"}
			}
		},
		{
			"from": [5.77301, 10.0222, 23.15765],
			"to": [10.22699, 11.70868, 28.97612],
			"rotation": {"angle": 0, "axis": "y", "origin": [12.19747, -1.94484, -17.75333]},
			"faces": {
				"north": {"uv": [0, 0.125, 1.5, 0.75], "texture": "#0"},
				"east": {"uv": [0, 0.125, 1.5, 0.75], "texture": "#0"},
				"south": {"uv": [0, 3.25, 1.5, 3.875], "texture": "#0"},
				"west": {"uv": [0, 0.125, 1.5, 0.75], "texture": "#0"},
				"up": {"uv": [0, 0, 0.625, 0.875], "rotation": 90, "texture": "#0"},
				"down": {"uv": [0, 0.125, 1.5, 0.75], "texture": "#0"}
			}
		},
		{
			"from": [6.08532, 4.66084, 23.15765],
			"to": [9.91468, 6.13912, 28.97612],
			"rotation": {"angle": 0, "axis": "y", "origin": [12.19747, -1.94484, -17.75333]},
			"faces": {
				"north": {"uv": [1.125, 13.25, 2, 14.75], "texture": "#0"},
				"east": {"uv": [0, 13, 0.875, 16], "rotation": 270, "texture": "#0"},
				"south": {"uv": [1.125, 13, 2, 14.875], "texture": "#0"},
				"west": {"uv": [0.125, 13, 1, 16], "rotation": 90, "texture": "#0"},
				"up": {"uv": [0, 13, 0.875, 16], "texture": "#0"},
				"down": {"uv": [0, 13, 0.875, 16], "texture": "#0"}
			}
		}
	],
	"display": {
		"head": {
			"translation": [0, -9.5, -28.5],
			"scale": [4, 4, 4]
		}
	},
	"groups": [
		{
			"name": "root",
			"origin": [8, 8, 8],
			"color": 0,
			"children": [
				{
					"name": "body",
					"origin": [8, 8, 8],
					"color": 0,
					"children": [
						{
							"name": "1",
							"origin": [9.8, 10.53615, -0.43345],
							"color": 0,
							"children": [
								0,
								1,
								2,
								3,
								4,
								5,
								{
									"name": "group",
									"origin": [8, 8, 8],
									"color": 0,
									"children": [6, 7, 8]
								}
							]
						}
					]
				}
			]
		}
	]
}