{
	"credit": "Made with Blockbench",
	"texture_size": [32, 32],
	"textures": {
		"0": "ruko/head",
		"particle": "ruko/head"
	},
	"elements": [
		{
			"from": [5.52253, 2.91162, 4.66082],
			"to": [10.47748, 4.8936, 7.63379],
			"rotation": {"angle": 0, "axis": "y", "origin": [8, 5.72944, 6.88838]},
			"faces": {
				"north": {"uv": [0, 14.875, 1.125, 16], "texture": "#0"},
				"east": {"uv": [0, 13, 1.125, 14.875], "rotation": 270, "texture": "#0"},
				"south": {"uv": [0, 14.875, 1.125, 16], "texture": "#0"},
				"west": {"uv": [0, 13, 1.125, 14.75], "rotation": 90, "texture": "#0"},
				"up": {"uv": [1.125, 15.125, 2, 16], "texture": "#0"},
				"down": {"uv": [0, 13, 1.125, 14.875], "texture": "#0"}
			}
		},
		{
			"from": [6.21622, 2.91162, 2.67884],
			"to": [9.78378, 4.8936, 4.66082],
			"rotation": {"angle": 0, "axis": "y", "origin": [8, 5.72944, 6.88838]},
			"faces": {
				"north": {"uv": [0, 14.875, 1.125, 16], "texture": "#0"},
				"east": {"uv": [0, 13, 1.125, 14.875], "rotation": 270, "texture": "#0"},
				"south": {"uv": [0, 14.875, 1.125, 16], "texture": "#0"},
				"west": {"uv": [0, 13, 1.125, 14.75], "rotation": 90, "texture": "#0"},
				"up": {"uv": [1.125, 15.125, 2, 16], "texture": "#0"},
				"down": {"uv": [0, 13, 1.125, 14.875], "texture": "#0"}
			}
		},
		{
			"from": [6.51352, 3.40711, 0.69686],
			"to": [9.48649, 4.8936, 2.67884],
			"rotation": {"angle": 0, "axis": "y", "origin": [8, 5.72944, 6.88838]},
			"faces": {
				"north": {"uv": [0, 14.875, 1.125, 16], "texture": "#0"},
				"east": {"uv": [0, 13, 1.125, 14.875], "rotation": 270, "texture": "#0"},
				"south": {"uv": [0, 14.875, 1.125, 16], "texture": "#0"},
				"west": {"uv": [0, 13, 1.125, 14.75], "rotation": 90, "texture": "#0"},
				"up": {"uv": [1.125, 14.875, 2, 16], "texture": "#0"},
				"down": {"uv": [0, 13, 1.125, 14.875], "texture": "#0"}
			}
		},
		{
			"from": [9.48649, 3.26435, 4.24193],
			"to": [9.48649, 7.22831, 7.7104],
			"rotation": {"angle": 22.5, "axis": "x", "origin": [8, 5.72944, 6.88838]},
			"faces": {
				"north": {"uv": [1.25, 15.125, 1.875, 16], "texture": "#0"},
				"east": {"uv": [1.25, 15.125, 1.875, 16], "texture": "#0"},
				"south": {"uv": [1.25, 15.125, 1.875, 16], "texture": "#0"},
				"west": {"uv": [1.25, 15.125, 1.875, 16], "texture": "#0"},
				"up": {"uv": [1.25, 15.125, 1.875, 16], "texture": "#0"},
				"down": {"uv": [1.25, 15.125, 1.875, 16], "texture": "#0"}
			}
		},
		{
			"from": [6.51352, 3.26435, 4.24193],
			"to": [6.51352, 7.22831, 7.7104],
			"rotation": {"angle": 22.5, "axis": "x", "origin": [8, 5.72944, 6.88838]},
			"faces": {
				"north": {"uv": [1.25, 15.125, 1.875, 16], "texture": "#0"},
				"east": {"uv": [1.25, 15.125, 1.875, 16], "texture": "#0"},
				"south": {"uv": [1.25, 15.125, 1.875, 16], "texture": "#0"},
				"west": {"uv": [1.25, 15.125, 1.875, 16], "texture": "#0"},
				"up": {"uv": [1.25, 15.125, 1.875, 16], "texture": "#0"},
				"down": {"uv": [1.25, 15.125, 1.875, 16], "texture": "#0"}
			}
		},
		{
			"from": [10.08108, 3.73032, 6.24276],
			"to": [10.77477, 4.77086, 7.977],
			"rotation": {"angle": 22.5, "axis": "x", "origin": [8, 5.72944, 6.88838]},
			"faces": {
				"north": {"uv": [1.125, 13, 2, 14.875], "texture": "#0"},
				"east": {"uv": [1.125, 13, 2, 14.875], "texture": "#0"},
				"south": {"uv": [1.125, 13, 2, 14.875], "texture": "#0"},
				"west": {"uv": [1.125, 13, 2, 14.875], "texture": "#0"},
				"up": {"uv": [1.125, 13, 2, 14.875], "texture": "#0"},
				"down": {"uv": [1.125, 13, 2, 14.875], "texture": "#0"}
			}
		},
		{
			"from": [10.08108, 3.46083, 6.94824],
			"to": [10.82433, 4.60047, 9.02932],
			"rotation": {"angle": 0, "axis": "y", "origin": [8, 5.72944, 6.88838]},
			"faces": {
				"north": {"uv": [1.125, 13, 2, 14.875], "texture": "#0"},
				"east": {"uv": [1.125, 13, 2, 14.875], "texture": "#0"},
				"south": {"uv": [1.125, 13, 2, 14.875], "texture": "#0"},
				"west": {"uv": [1.125, 13, 2, 14.875], "texture": "#0"},
				"up": {"uv": [1.125, 13, 2, 14.875], "texture": "#0"},
				"down": {"uv": [1.125, 13, 2, 14.875], "texture": "#0"}
			}
		},
		{
			"from": [10.08108, 3.6659, 5.97145],
			"to": [10.67567, 4.50824, 7.06153],
			"rotation": {"angle": 45, "axis": "x", "origin": [8, 5.72944, 6.88838]},
			"faces": {
				"north": {"uv": [1.125, 13, 2, 14.875], "texture": "#0"},
				"east": {"uv": [1.125, 13, 2, 14.875], "texture": "#0"},
				"south": {"uv": [1.125, 13, 2, 14.875], "texture": "#0"},
				"west": {"uv": [1.125, 13, 2, 14.875], "texture": "#0"},
				"up": {"uv": [1.125, 13, 2, 14.875], "texture": "#0"},
				"down": {"uv": [1.125, 13, 2, 14.875], "texture": "#0"}
			}
		},
		{
			"from": [9.73423, 2.72446, 5.42641],
			"to": [10.32883, 3.51725, 7.60658],
			"rotation": {"angle": 45, "axis": "x", "origin": [8, 5.72944, 6.88838]},
			"faces": {
				"north": {"uv": [1.125, 13, 2, 14.875], "texture": "#0"},
				"east": {"uv": [1.125, 13, 2, 14.875], "texture": "#0"},
				"south": {"uv": [1.125, 13, 2, 14.875], "texture": "#0"},
				"west": {"uv": [1.125, 13, 2, 14.875], "texture": "#0"},
				"up": {"uv": [1.125, 13, 2, 14.875], "texture": "#0"},
				"down": {"uv": [1.125, 13, 2, 14.875], "texture": "#0"}
			}
		},
		{
			"from": [9.43693, 1.93167, 4.63361],
			"to": [10.03153, 2.72446, 6.07054],
			"rotation": {"angle": 45, "axis": "x", "origin": [8, 5.72944, 6.88838]},
			"faces": {
				"north": {"uv": [1.125, 13, 2, 14.875], "texture": "#0"},
				"east": {"uv": [1.125, 13, 2, 14.875], "texture": "#0"},
				"south": {"uv": [1.125, 13, 2, 14.875], "texture": "#0"},
				"west": {"uv": [1.125, 13, 2, 14.875], "texture": "#0"},
				"up": {"uv": [1.125, 13, 2, 14.875], "texture": "#0"},
				"down": {"uv": [1.125, 13, 2, 14.875], "texture": "#0"}
			}
		},
		{
			"from": [5.22523, 3.73032, 6.24276],
			"to": [5.91892, 4.77086, 7.977],
			"rotation": {"angle": 22.5, "axis": "x", "origin": [8, 5.72944, 6.88838]},
			"faces": {
				"north": {"uv": [1.125, 13, 2, 14.875], "texture": "#0"},
				"east": {"uv": [1.125, 13, 2, 14.875], "texture": "#0"},
				"south": {"uv": [1.125, 13, 2, 14.875], "texture": "#0"},
				"west": {"uv": [1.125, 13, 2, 14.875], "texture": "#0"},
				"up": {"uv": [1.125, 13, 2, 14.875], "texture": "#0"},
				"down": {"uv": [1.125, 13, 2, 14.875], "texture": "#0"}
			}
		},
		{
			"from": [5.17568, 3.46083, 6.94824],
			"to": [5.91892, 4.60047, 9.02932],
			"rotation": {"angle": 0, "axis": "y", "origin": [8, 5.72944, 6.88838]},
			"faces": {
				"north": {"uv": [1.125, 13, 2, 14.875], "texture": "#0"},
				"east": {"uv": [1.125, 13, 2, 14.875], "texture": "#0"},
				"south": {"uv": [1.125, 13, 2, 14.875], "texture": "#0"},
				"west": {"uv": [1.125, 13, 2, 14.875], "texture": "#0"},
				"up": {"uv": [1.125, 13, 2, 14.875], "texture": "#0"},
				"down": {"uv": [1.125, 13, 2, 14.875], "texture": "#0"}
			}
		},
		{
			"from": [5.32433, 3.6659, 5.97145],
			"to": [5.91892, 4.50824, 7.06153],
			"rotation": {"angle": 45, "axis": "x", "origin": [8, 5.72944, 6.88838]},
			"faces": {
				"north": {"uv": [1.125, 13, 2, 14.875], "texture": "#0"},
				"east": {"uv": [1.125, 13, 2, 14.875], "texture": "#0"},
				"south": {"uv": [1.125, 13, 2, 14.875], "texture": "#0"},
				"west": {"uv": [1.125, 13, 2, 14.875], "texture": "#0"},
				"up": {"uv": [1.125, 13, 2, 14.875], "texture": "#0"},
				"down": {"uv": [1.125, 13, 2, 14.875], "texture": "#0"}
			}
		},
		{
			"from": [5.67118, 2.72446, 5.42641],
			"to": [6.26576, 3.51725, 7.60658],
			"rotation": {"angle": 45, "axis": "x", "origin": [8, 5.72944, 6.88838]},
			"faces": {
				"north": {"uv": [1.125, 13, 2, 14.875], "texture": "#0"},
				"east": {"uv": [1.125, 13, 2, 14.875], "texture": "#0"},
				"south": {"uv": [1.125, 13, 2, 14.875], "texture": "#0"},
				"west": {"uv": [1.125, 13, 2, 14.875], "texture": "#0"},
				"up": {"uv": [1.125, 13, 2, 14.875], "texture": "#0"},
				"down": {"uv": [1.125, 13, 2, 14.875], "texture": "#0"}
			}
		},
		{
			"from": [5.96848, 1.93167, 4.63361],
			"to": [6.56307, 2.72446, 6.07054],
			"rotation": {"angle": 45, "axis": "x", "origin": [8, 5.72944, 6.88838]},
			"faces": {
				"north": {"uv": [1.125, 13, 2, 14.875], "texture": "#0"},
				"east": {"uv": [1.125, 13, 2, 14.875], "texture": "#0"},
				"south": {"uv": [1.125, 13, 2, 14.875], "texture": "#0"},
				"west": {"uv": [1.125, 13, 2, 14.875], "texture": "#0"},
				"up": {"uv": [1.125, 13, 2, 14.875], "texture": "#0"},
				"down": {"uv": [1.125, 13, 2, 14.875], "texture": "#0"}
			}
		}
	],
	"display": {
		"head": {
			"translation": [0, 3.5, 0.75],
			"scale": [4, 4, 4]
		}
	},
	"groups": [
		{
			"name": "root",
			"origin": [8, 8, 8],
			"color": 0,
			"children": [
				{
					"name": "head",
					"origin": [8, 8, 8],
					"color": 0,
					"children": [
						{
							"name": "lower",
							"origin": [8, 8, 8],
							"color": 0,
							"children": [
								0,
								1,
								2,
								3,
								4,
								{
									"name": "group",
									"origin": [8, 7.39736, -12.1441],
									"color": 0,
									"children": [5, 6, 7, 8, 9]
								},
								{
									"name": "group",
									"origin": [8, 7.39736, -12.1441],
									"color": 0,
									"children": [10, 11, 12, 13, 14]
								}
							]
						}
					]
				}
			]
		}
	]
}