{
	"credit": "Made with Blockbench",
	"texture_size": [32, 32],
	"textures": {
		"0": "ruko/head",
		"particle": "ruko/head"
	},
	"elements": [
		{
			"from": [5.9291, 12.35448, 4.54902],
			"to": [8.93108, 15.30725, 12.9152],
			"rotation": {"angle": 22.5, "axis": "x", "origin": [7.43009, 14.77727, 8.73211]},
			"faces": {
				"north": {"uv": [0.125, 2.25, 0.75, 0.75], "rotation": 270, "texture": "#0"},
				"east": {"uv": [0.125, 2.25, 0.5, 0.75], "rotation": 270, "texture": "#0"},
				"south": {"uv": [0.125, 2.25, 0.75, 0.75], "rotation": 270, "texture": "#0"},
				"west": {"uv": [0.125, 2.25, 0.75, 0.75], "rotation": 270, "texture": "#0"},
				"up": {"uv": [0.125, 2.25, 0.75, 0.75], "rotation": 270, "texture": "#0"},
				"down": {"uv": [0.125, 2.25, 0.75, 0.75], "rotation": 270, "texture": "#0"}
			}
		}
	],
	"display": {
		"head": {
			"translation": [2.25, -35.75, 9.25],
			"scale": [4, 4, 4]
		}
	},
	"groups": [
		{
			"name": "root",
			"origin": [8, 8, 8],
			"color": 0,
			"children": [
				{
					"name": "leg_l",
					"origin": [8, 8, 8],
					"color": 0,
					"children": [
						{
							"name": "1",
							"origin": [8, 8, 8],
							"color": 0,
							"children": [0]
						}
					]
				}
			]
		}
	]
}