{
	"credit": "Made with Blockbench",
	"texture_size": [32, 32],
	"textures": {
		"0": "ruko/head",
		"particle": "ruko/head"
	},
	"elements": [
		{
			"from": [5.03309, 24.50898, 4.26164],
			"to": [9.15561, 25.64466, 7.69707],
			"rotation": {"angle": 22.5, "axis": "x", "origin": [7.40354, 17.79844, 1.1221]},
			"faces": {
				"north": {"uv": [1, 1.875, 0, 3.125], "texture": "#0"},
				"east": {"uv": [1, 1.875, 0, 3.125], "texture": "#0"},
				"south": {"uv": [1, 1.875, 0, 3.125], "texture": "#0"},
				"west": {"uv": [1, 1.875, 0, 3.125], "texture": "#0"},
				"up": {"uv": [1, 1.875, 0, 3.125], "texture": "#0"},
				"down": {"uv": [1, 1.875, 0, 3.125], "texture": "#0"}
			}
		},
		{
			"from": [5.03309, 16.2753, 3.74112],
			"to": [9.8427, 24.50898, 8.55073],
			"rotation": {"angle": 22.5, "axis": "x", "origin": [7.40354, 17.79844, 1.1221]},
			"faces": {
				"north": {"uv": [1, 0.5, 0, 1.75], "texture": "#0"},
				"east": {"uv": [0.75, 0.5, 0, 1.75], "texture": "#0"},
				"south": {"uv": [1, 0.5, 0, 1.75], "texture": "#0"},
				"west": {"uv": [1, 0.5, 0, 1.75], "texture": "#0"},
				"up": {"uv": [1, 0.5, 0, 1.75], "texture": "#0"},
				"down": {"uv": [1, 0.5, 0, 1.75], "texture": "#0"}
			}
		},
		{
			"from": [5.40787, 14.8557, 4.26164],
			"to": [9.46793, 16.7485, 7.69707],
			"rotation": {"angle": 22.5, "axis": "x", "origin": [7.40354, 17.79844, 1.1221]},
			"faces": {
				"north": {"uv": [1, 0.625, 0, 1.875], "texture": "#0"},
				"east": {"uv": [1, 0.625, 0, 1.875], "texture": "#0"},
				"south": {"uv": [1, 0.625, 0, 1.875], "texture": "#0"},
				"west": {"uv": [1, 0.625, 0, 1.875], "texture": "#0"},
				"up": {"uv": [1, 0.625, 0, 1.875], "texture": "#0"},
				"down": {"uv": [1, 0.625, 0, 1.875], "texture": "#0"}
			}
		},
		{
			"from": [5.72018, 18.6413, 2.36695],
			"to": [9.15561, 23.08938, 4.26164],
			"rotation": {"angle": 22.5, "axis": "x", "origin": [7.40354, 17.79844, 1.1221]},
			"faces": {
				"north": {"uv": [1, 1.875, 0, 3.125], "texture": "#0"},
				"east": {"uv": [1, 1.875, 0, 3.125], "texture": "#0"},
				"south": {"uv": [1, 1.875, 0, 3.125], "texture": "#0"},
				"west": {"uv": [1, 1.875, 0, 3.125], "texture": "#0"},
				"up": {"uv": [1, 1.875, 0, 3.125], "texture": "#0"},
				"down": {"uv": [1, 1.875, 0, 3.125], "texture": "#0"}
			}
		}
	],
	"display": {
		"head": {
			"translation": [2.25, -47.75, 4.75],
			"scale": [4, 4, 4]
		}
	},
	"groups": [
		{
			"name": "root",
			"origin": [8, 8, 8],
			"color": 0,
			"children": [
				{
					"name": "leg_l",
					"origin": [8, 8, 8],
					"color": 0,
					"children": [
						{
							"name": "0",
							"origin": [8, 8, 8],
							"color": 0,
							"children": [0, 1, 2, 3]
						}
					]
				}
			]
		}
	]
}