{
	"credit": "Made with Blockbench",
	"texture_size": [32, 32],
	"textures": {
		"0": "ruko/head",
		"particle": "ruko/head"
	},
	"elements": [
		{
			"from": [6.26576, 9.30627, 11.62801],
			"to": [9.73034, 11.26722, 21.58035],
			"rotation": {"angle": 0, "axis": "y", "origin": [7.99805, 7.77311, 14.94798]},
			"faces": {
				"north": {"uv": [2.875, 5.125, 3.75, 6], "texture": "#0"},
				"east": {"uv": [1.75, 0, 0, 0.875], "texture": "#0"},
				"south": {"uv": [2.875, 5.125, 3.75, 6], "texture": "#0"},
				"west": {"uv": [0, 0, 1.75, 0.875], "texture": "#0"},
				"up": {"uv": [0, 0, 1.75, 0.875], "rotation": 90, "texture": "#0"},
				"down": {"uv": [2.875, 5.125, 3.75, 6], "texture": "#0"}
			}
		},
		{
			"from": [5.6752, 5.19133, 11.62801],
			"to": [10.32089, 9.30627, 21.58035],
			"rotation": {"angle": 0, "axis": "y", "origin": [7.99805, 7.77311, 14.94798]},
			"faces": {
				"north": {"uv": [2.875, 5.125, 3.75, 6], "texture": "#0"},
				"east": {"uv": [1.75, 0, 0, 0.875], "texture": "#0"},
				"south": {"uv": [2.875, 5.125, 3.75, 6], "texture": "#0"},
				"west": {"uv": [0, 0, 1.75, 0.875], "texture": "#0"},
				"up": {"uv": [0, 0, 1.75, 0.875], "rotation": 90, "texture": "#0"},
				"down": {"uv": [2.875, 5.125, 3.75, 6], "texture": "#0"}
			}
		},
		{
			"from": [6.46261, 3.53702, 11.62801],
			"to": [9.53349, 5.19133, 21.58035],
			"rotation": {"angle": 0, "axis": "y", "origin": [7.99805, 7.77311, 14.94798]},
			"faces": {
				"north": {"uv": [1, 13.625, 2, 14.75], "rotation": 180, "texture": "#0"},
				"east": {"uv": [0, 13, 1, 16], "rotation": 90, "texture": "#0"},
				"south": {"uv": [1, 13.625, 2, 14.875], "rotation": 180, "texture": "#0"},
				"west": {"uv": [0, 13, 1, 16], "rotation": 270, "texture": "#0"},
				"up": {"uv": [0, 13, 1, 16], "rotation": 180, "texture": "#0"},
				"down": {"uv": [0, 13, 1, 16], "rotation": 180, "texture": "#0"}
			}
		}
	],
	"display": {
		"head": {
			"translation": [0, -5.25, -50.25],
			"scale": [4, 4, 4]
		}
	},
	"groups": [
		{
			"name": "root",
			"origin": [8, 8, 8],
			"color": 0,
			"children": [
				{
					"name": "neck",
					"origin": [8, 8, 8],
					"color": 0,
					"children": [
						{
							"name": "2",
							"origin": [9.5, 10.5, -1.5],
							"color": 0,
							"children": [0, 1, 2]
						}
					]
				}
			]
		}
	]
}