{
	"credit": "Made with Blockbench",
	"texture_size": [32, 32],
	"textures": {
		"0": "ruko/head",
		"particle": "ruko/head"
	},
	"elements": [
		{
			"from": [6.52166, 9.24003, -0.01649],
			"to": [9.47443, 10.75427, 8.51625],
			"rotation": {"angle": 0, "axis": "y", "origin": [7.99805, 10.36907, 4.70062]},
			"faces": {
				"north": {"uv": [2.875, 5.125, 3.75, 6], "texture": "#0"},
				"east": {"uv": [1.75, 0, 0, 0.875], "texture": "#0"},
				"south": {"uv": [2.875, 5.125, 3.75, 6], "texture": "#0"},
				"west": {"uv": [0, 0, 1.75, 0.875], "texture": "#0"},
				"up": {"uv": [0, 0, 1.75, 0.875], "rotation": 90, "texture": "#0"},
				"down": {"uv": [2.875, 5.125, 3.75, 6], "texture": "#0"}
			}
		},
		{
			"from": [5.95382, 5.92763, -0.96289],
			"to": [10.04227, 9.24003, 8.51625],
			"rotation": {"angle": 0, "axis": "y", "origin": [7.99805, 10.36907, 4.70062]},
			"faces": {
				"north": {"uv": [2.875, 5.125, 3.75, 6], "texture": "#0"},
				"east": {"uv": [1.75, 0, 0, 0.875], "texture": "#0"},
				"south": {"uv": [2.875, 5.125, 3.75, 6], "texture": "#0"},
				"west": {"uv": [0, 0, 1.75, 0.875], "texture": "#0"},
				"up": {"uv": [0, 0, 1.75, 0.875], "rotation": 90, "texture": "#0"},
				"down": {"uv": [2.875, 5.125, 3.75, 6], "texture": "#0"}
			}
		},
		{
			"from": [6.52166, 4.79195, -0.01649],
			"to": [9.47443, 5.92763, 8.51625],
			"rotation": {"angle": 0, "axis": "y", "origin": [7.99805, 10.36907, 4.70062]},
			"faces": {
				"north": {"uv": [1, 13.625, 2, 14.75], "rotation": 180, "texture": "#0"},
				"east": {"uv": [0, 13, 1, 16], "rotation": 90, "texture": "#0"},
				"south": {"uv": [1, 13.625, 2, 14.875], "rotation": 180, "texture": "#0"},
				"west": {"uv": [0, 13, 1, 16], "rotation": 270, "texture": "#0"},
				"up": {"uv": [0, 13, 1, 16], "rotation": 180, "texture": "#0"},
				"down": {"uv": [0, 13, 1, 16], "rotation": 180, "texture": "#0"}
			}
		},
		{
			"from": [3.60966, 8.33003, 3.16851],
			"to": [4.19643, 8.75227, 5.78625],
			"rotation": {"angle": -45, "axis": "y", "origin": [7.99805, 9.81515, 5.61488]},
			"faces": {
				"north": {"uv": [10.125, 12, 10.75, 12.5], "rotation": 180, "texture": "#0"},
				"east": {"uv": [10.125, 12, 10.625, 12.375], "rotation": 270, "texture": "#0"},
				"south": {"uv": [9.375, 10.5, 10.125, 11], "rotation": 180, "texture": "#0"},
				"west": {"uv": [10.125, 12, 10.625, 12.5], "rotation": 90, "texture": "#0"},
				"up": {"uv": [10.125, 12, 10.75, 12.5], "rotation": 180, "texture": "#0"},
				"down": {"uv": [10.125, 12, 10.75, 12.5], "rotation": 180, "texture": "#0"}
			}
		},
		{
			"from": [4.88366, 8.33003, 3.71451],
			"to": [5.47043, 8.75227, 7.15125],
			"rotation": {"angle": -45, "axis": "y", "origin": [7.99805, 9.81515, 5.61488]},
			"faces": {
				"north": {"uv": [10.125, 12, 10.75, 12.5], "rotation": 180, "texture": "#0"},
				"east": {"uv": [10.125, 12, 10.625, 12.375], "rotation": 270, "texture": "#0"},
				"south": {"uv": [9.375, 10.5, 10.125, 11], "rotation": 180, "texture": "#0"},
				"west": {"uv": [10.125, 12, 10.625, 12.5], "rotation": 90, "texture": "#0"},
				"up": {"uv": [10.125, 12, 10.75, 12.5], "rotation": 180, "texture": "#0"},
				"down": {"uv": [10.125, 12, 10.75, 12.5], "rotation": 180, "texture": "#0"}
			}
		},
		{
			"from": [6.15766, 8.33003, 4.44251],
			"to": [6.74443, 8.75227, 8.51625],
			"rotation": {"angle": -45, "axis": "y", "origin": [7.99805, 9.81515, 5.61488]},
			"faces": {
				"north": {"uv": [10.125, 12, 10.75, 12.5], "rotation": 180, "texture": "#0"},
				"east": {"uv": [10.125, 12, 10.625, 12.375], "rotation": 270, "texture": "#0"},
				"south": {"uv": [9.375, 10.5, 10.125, 11], "rotation": 180, "texture": "#0"},
				"west": {"uv": [10.125, 12, 10.625, 12.5], "rotation": 90, "texture": "#0"},
				"up": {"uv": [10.125, 12, 10.75, 12.5], "rotation": 180, "texture": "#0"},
				"down": {"uv": [10.125, 12, 10.75, 12.5], "rotation": 180, "texture": "#0"}
			}
		},
		{
			"from": [11.8065, 8.33003, 3.16851],
			"to": [12.39327, 8.75227, 5.78625],
			"rotation": {"angle": 45, "axis": "y", "origin": [8.00488, 9.81515, 5.61488]},
			"faces": {
				"north": {"uv": [10.75, 12, 10.125, 12.5], "rotation": 180, "texture": "#0"},
				"east": {"uv": [10.125, 12.375, 10.625, 12], "rotation": 90, "texture": "#0"},
				"south": {"uv": [10.125, 10.5, 9.375, 11], "rotation": 180, "texture": "#0"},
				"west": {"uv": [10.125, 12.5, 10.625, 12], "rotation": 270, "texture": "#0"},
				"up": {"uv": [10.75, 12, 10.125, 12.5], "rotation": 180, "texture": "#0"},
				"down": {"uv": [10.75, 12, 10.125, 12.5], "texture": "#0"}
			}
		},
		{
			"from": [10.5325, 8.33003, 3.71451],
			"to": [11.11927, 8.75227, 7.15125],
			"rotation": {"angle": 45, "axis": "y", "origin": [8.00488, 9.81515, 5.61488]},
			"faces": {
				"north": {"uv": [10.75, 12, 10.125, 12.5], "rotation": 180, "texture": "#0"},
				"east": {"uv": [10.125, 12.375, 10.625, 12], "rotation": 90, "texture": "#0"},
				"south": {"uv": [10.125, 10.5, 9.375, 11], "rotation": 180, "texture": "#0"},
				"west": {"uv": [10.125, 12.5, 10.625, 12], "rotation": 270, "texture": "#0"},
				"up": {"uv": [10.75, 12, 10.125, 12.5], "rotation": 180, "texture": "#0"},
				"down": {"uv": [10.75, 12, 10.125, 12.5], "texture": "#0"}
			}
		},
		{
			"from": [9.2585, 8.33003, 4.44251],
			"to": [9.84527, 8.75227, 8.51625],
			"rotation": {"angle": 45, "axis": "y", "origin": [8.00488, 9.81515, 5.61488]},
			"faces": {
				"north": {"uv": [10.75, 12, 10.125, 12.5], "rotation": 180, "texture": "#0"},
				"east": {"uv": [10.125, 12.375, 10.625, 12], "rotation": 90, "texture": "#0"},
				"south": {"uv": [10.125, 10.5, 9.375, 11], "rotation": 180, "texture": "#0"},
				"west": {"uv": [10.125, 12.5, 10.625, 12], "rotation": 270, "texture": "#0"},
				"up": {"uv": [10.75, 12, 10.125, 12.5], "rotation": 180, "texture": "#0"},
				"down": {"uv": [10.75, 12, 10.125, 12.5], "texture": "#0"}
			}
		}
	],
	"display": {
		"head": {
			"translation": [0, -6, 1.75],
			"scale": [4, 4, 4]
		}
	},
	"groups": [
		{
			"name": "root",
			"origin": [8, 8, 8],
			"color": 0,
			"children": [
				{
					"name": "neck",
					"origin": [8, 8, 8],
					"color": 0,
					"children": [
						{
							"name": "0",
							"origin": [9.5, 10.5, -1.5],
							"color": 0,
							"children": [
								0,
								1,
								2,
								{
									"name": "group",
									"origin": [7.99812, 9.63889, -7.99487],
									"color": 0,
									"children": [3, 4, 5]
								},
								{
									"name": "group",
									"origin": [7.99812, 9.63889, -7.99487],
									"color": 0,
									"children": [6, 7, 8]
								}
							]
						}
					]
				}
			]
		}
	]
}