{
	"credit": "Made with Blockbench",
	"textures": {
		"0": "ruko/ruko_stone",
		"particle": "ruko/ruko_stone"
	},
	"elements": [
		{
			"from": [4.19034, -1.67409, 4.25916],
			"to": [13.02534, 8.16091, 12.62916],
			"rotation": {"angle": 0, "axis": "x", "origin": [8.37534, 3.74341, 7.74666]},
			"faces": {
				"north": {"uv": [0, 0, 15.37, 14.835], "texture": "#0"},
				"east": {"uv": [0, 0, 15.37, 14.835], "texture": "#0"},
				"south": {"uv": [0, 0, 15.37, 14.835], "texture": "#0"},
				"west": {"uv": [0, 0, 15.37, 14.835], "texture": "#0"},
				"up": {"uv": [0, 0, 15.37, 14.835], "texture": "#0"},
				"down": {"uv": [0, 0, 15.37, 14.835], "texture": "#0"}
			}
		},
		{
			"from": [6.05034, -0.20909, 2.86416],
			"to": [14.42034, 4.90591, 8.90916],
			"rotation": {"angle": 0, "axis": "x", "origin": [8.37534, 3.74341, 7.74666]},
			"faces": {
				"north": {"uv": [0, 0, 13.045, 11.115], "texture": "#0"},
				"east": {"uv": [0, 0, 13.045, 11.115], "texture": "#0"},
				"south": {"uv": [0, 0, 13.045, 11.115], "texture": "#0"},
				"west": {"uv": [0, 0, 13.045, 11.115], "texture": "#0"},
				"up": {"uv": [0, 0, 13.045, 11.115], "texture": "#0"},
				"down": {"uv": [0, 0, 13.045, 11.115], "texture": "#0"}
			}
		},
		{
			"from": [2.79534, -0.20909, 7.04916],
			"to": [10.70034, 6.76591, 14.02416],
			"rotation": {"angle": 0, "axis": "x", "origin": [8.37534, 3.74341, 7.74666]},
			"faces": {
				"north": {"uv": [0, 0, 13.975, 12.975], "texture": "#0"},
				"east": {"uv": [0, 0, 13.975, 12.975], "texture": "#0"},
				"south": {"uv": [0, 0, 13.975, 12.975], "texture": "#0"},
				"west": {"uv": [0, 0, 13.975, 12.975], "texture": "#0"},
				"up": {"uv": [0, 0, 13.975, 12.975], "texture": "#0"},
				"down": {"uv": [0, 0, 13.975, 12.975], "texture": "#0"}
			}
		},
		{
			"from": [4.77816, -4.35742, 4.98555],
			"to": [11.84616, 0.36258, 12.61155],
			"rotation": {"angle": 0, "axis": "y", "origin": [8.99816, -1.03242, 8.85655]},
			"faces": {
				"north": {"uv": [0, 0, 14.626, 9.72], "texture": "#0"},
				"east": {"uv": [0, 0, 14.626, 9.72], "texture": "#0"},
				"south": {"uv": [0, 0, 14.626, 9.72], "texture": "#0"},
				"west": {"uv": [0, 0, 14.626, 9.72], "texture": "#0"},
				"up": {"uv": [0, 0, 14.626, 9.72], "texture": "#0"},
				"down": {"uv": [0, 0, 14.626, 9.72], "texture": "#0"}
			}
		}
	],
	"display": {
		"head": {
			"rotation": [31, -50, 52],
			"translation": [-7.75, 6.25, -3.75],
			"scale": [4, 4, 4]
		}
	},
	"groups": [
		{
			"name": "root",
			"origin": [8.5, 2.92178, 8.12045],
			"color": 0,
			"children": [0, 1, 2, 3]
		}
	]
}