{
	"credit": "Made with Blockbench",
	"textures": {
		"2": "ruko/head",
		"particle": "ruko/head"
	},
	"elements": [
		{
			"from": [7.5, -10.25, 7.4],
			"to": [8.5, -3.5, 8.6],
			"rotation": {"angle": 0, "axis": "y", "origin": [0, -7.75, 0]},
			"faces": {
				"north": {"uv": [9.5, 3, 10, 3.125], "texture": "#2"},
				"east": {"uv": [9.5, 3, 10, 3.125], "texture": "#2"},
				"south": {"uv": [9.5, 3, 10, 3.125], "texture": "#2"},
				"west": {"uv": [9.5, 3, 10, 3.125], "texture": "#2"},
				"up": {"uv": [9.5, 3, 10, 3.125], "texture": "#2"},
				"down": {"uv": [9.5, 3, 10, 3.125], "texture": "#2"}
			}
		},
		{
			"from": [7.25, -11.25, 7.15],
			"to": [8.75, -9.5, 8.85],
			"rotation": {"angle": 0, "axis": "y", "origin": [0, -7.75, 0]},
			"faces": {
				"north": {"uv": [5.375, 2.75, 5.875, 3.25], "texture": "#2"},
				"east": {"uv": [5.375, 2.75, 5.875, 3.25], "texture": "#2"},
				"south": {"uv": [5.375, 2.75, 5.875, 3.25], "texture": "#2"},
				"west": {"uv": [5.375, 2.75, 5.875, 3.25], "texture": "#2"},
				"up": {"uv": [5.375, 2.75, 5.875, 3.25], "texture": "#2"},
				"down": {"uv": [5.375, 2.75, 5.875, 3.25], "texture": "#2"}
			}
		},
		{
			"from": [7.6, -12.15, 8.15],
			"to": [8.4, -10.15, 8.85],
			"rotation": {"angle": -45, "axis": "x", "origin": [8, -10.375, 8]},
			"faces": {
				"north": {"uv": [4.75, 12.5, 5, 12.875], "texture": "#2"},
				"east": {"uv": [4.75, 12.5, 5, 12.875], "texture": "#2"},
				"south": {"uv": [4.75, 12.5, 5, 12.875], "texture": "#2"},
				"west": {"uv": [4.75, 12.5, 5, 12.875], "texture": "#2"},
				"up": {"uv": [4.75, 12.5, 5, 12.875], "texture": "#2"},
				"down": {"uv": [4.75, 12.5, 5, 12.875], "texture": "#2"}
			}
		},
		{
			"from": [7.6, -12.15, 7.15],
			"to": [8.4, -10.15, 7.85],
			"rotation": {"angle": 45, "axis": "x", "origin": [8, -10.375, 8]},
			"faces": {
				"north": {"uv": [4.75, 12.5, 5, 12.875], "texture": "#2"},
				"east": {"uv": [4.75, 12.5, 5, 12.875], "texture": "#2"},
				"south": {"uv": [4.75, 12.5, 5, 12.875], "texture": "#2"},
				"west": {"uv": [4.75, 12.5, 5, 12.875], "texture": "#2"},
				"up": {"uv": [4.75, 12.5, 5, 12.875], "texture": "#2"},
				"down": {"uv": [4.75, 12.5, 5, 12.875], "texture": "#2"}
			}
		},
		{
			"from": [6.75, -4.5, 6.9],
			"to": [9.25, -3, 9.1],
			"rotation": {"angle": 0, "axis": "y", "origin": [0, -7.75, 0]},
			"faces": {
				"north": {"uv": [9.5, 3, 10, 3.125], "texture": "#2"},
				"east": {"uv": [9.5, 3, 10, 3.125], "texture": "#2"},
				"south": {"uv": [9.5, 3, 10, 3.125], "texture": "#2"},
				"west": {"uv": [9.5, 3, 10, 3.125], "texture": "#2"},
				"up": {"uv": [9.5, 3, 10, 3.125], "texture": "#2"},
				"down": {"uv": [9.5, 3, 10, 3.125], "texture": "#2"}
			}
		},
		{
			"from": [6, -3.61709, 7.35025],
			"to": [10, -0.99709, 8.64225],
			"rotation": {"angle": 0, "axis": "y", "origin": [0, -9.06709, 1.91625]},
			"faces": {
				"north": {"uv": [9.5, 3, 10, 3.125], "texture": "#2"},
				"east": {"uv": [9.5, 3, 10, 3.125], "texture": "#2"},
				"south": {"uv": [9.5, 3, 10, 3.125], "texture": "#2"},
				"west": {"uv": [9.5, 3, 10, 3.125], "texture": "#2"},
				"up": {"uv": [9.5, 3, 10, 3.125], "texture": "#2"},
				"down": {"uv": [9.5, 3, 10, 3.125], "texture": "#2"}
			}
		},
		{
			"from": [6.25, -0.99709, 6.97025],
			"to": [9.75, 2.09291, 9.02225],
			"rotation": {"angle": 0, "axis": "y", "origin": [0, -9.06709, 1.91625]},
			"faces": {
				"north": {"uv": [9.5, 3, 10, 3.125], "texture": "#2"},
				"east": {"uv": [9.5, 3, 10, 3.125], "texture": "#2"},
				"south": {"uv": [9.5, 3, 10, 3.125], "texture": "#2"},
				"west": {"uv": [9.5, 3, 10, 3.125], "texture": "#2"},
				"up": {"uv": [9.5, 3, 10, 3.125], "texture": "#2"},
				"down": {"uv": [9.5, 3, 10, 3.125], "texture": "#2"}
			}
		},
		{
			"from": [6.65, 2.09291, 7.574],
			"to": [9.35, 3.85291, 8.426],
			"rotation": {"angle": 0, "axis": "y", "origin": [0, -9.06709, 1.89]},
			"faces": {
				"north": {"uv": [9.5, 3, 10, 3.125], "texture": "#2"},
				"east": {"uv": [9.5, 3, 10, 3.125], "texture": "#2"},
				"south": {"uv": [9.5, 3, 10, 3.125], "texture": "#2"},
				"west": {"uv": [9.5, 3, 10, 3.125], "texture": "#2"},
				"up": {"uv": [9.5, 3, 10, 3.125], "texture": "#2"},
				"down": {"uv": [9.5, 3, 10, 3.125], "texture": "#2"}
			}
		},
		{
			"from": [6.75, -0.10509, 4.13542],
			"to": [9.25, 1.94691, 7.93542],
			"rotation": {"angle": -22.5, "axis": "x", "origin": [8, 0.92091, 5.27542]},
			"faces": {
				"north": {"uv": [0, 1.5, 0.75, 2.125], "rotation": 180, "texture": "#2"},
				"east": {"uv": [0, 1.5, 0.75, 2.125], "rotation": 180, "texture": "#2"},
				"south": {"uv": [0, 1.5, 0.75, 2.125], "rotation": 180, "texture": "#2"},
				"west": {"uv": [0, 1.5, 0.75, 2.125], "rotation": 180, "texture": "#2"},
				"up": {"uv": [0, 1.5, 0.75, 2.125], "rotation": 180, "texture": "#2"},
				"down": {"uv": [0, 1.5, 0.75, 2.125], "rotation": 180, "texture": "#2"}
			}
		},
		{
			"from": [7, -2.49909, 4.05942],
			"to": [9, 0.35091, 5.73142],
			"rotation": {"angle": 45, "axis": "x", "origin": [8, 0.92091, 5.27542]},
			"faces": {
				"north": {"uv": [0, 1.5, 0.75, 2.125], "texture": "#2"},
				"east": {"uv": [0, 1.5, 0.75, 2.125], "rotation": 270, "texture": "#2"},
				"south": {"uv": [0, 1.5, 0.75, 2.125], "rotation": 180, "texture": "#2"},
				"west": {"uv": [0, 1.5, 0.75, 2.125], "rotation": 90, "texture": "#2"},
				"up": {"uv": [0, 1.5, 0.75, 2.125], "rotation": 180, "texture": "#2"},
				"down": {"uv": [0, 1.5, 0.75, 2.125], "texture": "#2"}
			}
		},
		{
			"from": [6.5, -0.87809, 4.29125],
			"to": [9.5, 1.17391, 8.09125],
			"rotation": {"angle": -22.5, "axis": "x", "origin": [8, 0.14791, 8.37625]},
			"faces": {
				"north": {"uv": [0, 1.5, 0.75, 2.125], "rotation": 180, "texture": "#2"},
				"east": {"uv": [0, 1.5, 0.75, 2.125], "rotation": 180, "texture": "#2"},
				"south": {"uv": [0, 1.5, 0.75, 2.125], "rotation": 180, "texture": "#2"},
				"west": {"uv": [0, 1.5, 0.75, 2.125], "rotation": 180, "texture": "#2"},
				"up": {"uv": [0, 1.5, 0.75, 2.125], "rotation": 180, "texture": "#2"},
				"down": {"uv": [0, 1.5, 0.75, 2.125], "rotation": 180, "texture": "#2"}
			}
		},
		{
			"from": [6.75, -5.39909, 4.43942],
			"to": [9.25, -1.54909, 6.11142],
			"rotation": {"angle": 45, "axis": "x", "origin": [8, -0.97909, 5.65542]},
			"faces": {
				"north": {"uv": [0, 1.5, 0.75, 2.125], "texture": "#2"},
				"east": {"uv": [0, 1.5, 0.75, 2.125], "rotation": 270, "texture": "#2"},
				"south": {"uv": [0, 1.5, 0.75, 2.125], "rotation": 180, "texture": "#2"},
				"west": {"uv": [0, 1.5, 0.75, 2.125], "rotation": 90, "texture": "#2"},
				"up": {"uv": [0, 1.5, 0.75, 2.125], "rotation": 180, "texture": "#2"},
				"down": {"uv": [0, 1.5, 0.75, 2.125], "texture": "#2"}
			}
		},
		{
			"from": [6.25, -2.96809, 4.10125],
			"to": [9.75, -0.91609, 7.90125],
			"rotation": {"angle": -22.5, "axis": "x", "origin": [8, -1.94209, 8.18625]},
			"faces": {
				"north": {"uv": [0, 1.5, 0.75, 2.125], "rotation": 180, "texture": "#2"},
				"east": {"uv": [0, 1.5, 0.75, 2.125], "rotation": 180, "texture": "#2"},
				"south": {"uv": [0, 1.5, 0.75, 2.125], "rotation": 180, "texture": "#2"},
				"west": {"uv": [0, 1.5, 0.75, 2.125], "rotation": 180, "texture": "#2"},
				"up": {"uv": [0, 1.5, 0.75, 2.125], "rotation": 180, "texture": "#2"},
				"down": {"uv": [0, 1.5, 0.75, 2.125], "rotation": 180, "texture": "#2"}
			}
		},
		{
			"from": [6.5, -7.48909, 4.24942],
			"to": [9.5, -3.63909, 5.92142],
			"rotation": {"angle": 45, "axis": "x", "origin": [8, -3.06909, 5.46542]},
			"faces": {
				"north": {"uv": [0, 1.5, 0.75, 2.125], "texture": "#2"},
				"east": {"uv": [0, 1.5, 0.75, 2.125], "rotation": 270, "texture": "#2"},
				"south": {"uv": [0, 1.5, 0.75, 2.125], "rotation": 180, "texture": "#2"},
				"west": {"uv": [0, 1.5, 0.75, 2.125], "rotation": 90, "texture": "#2"},
				"up": {"uv": [0, 1.5, 0.75, 2.125], "rotation": 180, "texture": "#2"},
				"down": {"uv": [0, 1.5, 0.75, 2.125], "texture": "#2"}
			}
		},
		{
			"from": [6.75, -0.10509, 8.06458],
			"to": [9.25, 1.94691, 11.86458],
			"rotation": {"angle": 22.5, "axis": "x", "origin": [8, 0.92091, 10.72458]},
			"faces": {
				"north": {"uv": [0.75, 1.5, 0, 2.125], "rotation": 180, "texture": "#2"},
				"east": {"uv": [0.75, 1.5, 0, 2.125], "rotation": 180, "texture": "#2"},
				"south": {"uv": [0.75, 1.5, 0, 2.125], "rotation": 180, "texture": "#2"},
				"west": {"uv": [0.75, 1.5, 0, 2.125], "rotation": 180, "texture": "#2"},
				"up": {"uv": [0, 2.125, 0.75, 1.5], "rotation": 180, "texture": "#2"},
				"down": {"uv": [0, 2.125, 0.75, 1.5], "rotation": 180, "texture": "#2"}
			}
		},
		{
			"from": [7, -2.49909, 10.26858],
			"to": [9, 0.35091, 11.94058],
			"rotation": {"angle": -45, "axis": "x", "origin": [8, 0.92091, 10.72458]},
			"faces": {
				"north": {"uv": [0.75, 1.5, 0, 2.125], "rotation": 180, "texture": "#2"},
				"east": {"uv": [0, 2.125, 0.75, 1.5], "rotation": 270, "texture": "#2"},
				"south": {"uv": [0.75, 1.5, 0, 2.125], "texture": "#2"},
				"west": {"uv": [0, 2.125, 0.75, 1.5], "rotation": 90, "texture": "#2"},
				"up": {"uv": [0, 2.125, 0.75, 1.5], "rotation": 180, "texture": "#2"},
				"down": {"uv": [0, 2.125, 0.75, 1.5], "texture": "#2"}
			}
		},
		{
			"from": [6.5, -0.87809, 7.90875],
			"to": [9.5, 1.17391, 11.70875],
			"rotation": {"angle": 22.5, "axis": "x", "origin": [8, 0.14791, 7.62375]},
			"faces": {
				"north": {"uv": [0.75, 1.5, 0, 2.125], "rotation": 180, "texture": "#2"},
				"east": {"uv": [0.75, 1.5, 0, 2.125], "rotation": 180, "texture": "#2"},
				"south": {"uv": [0.75, 1.5, 0, 2.125], "rotation": 180, "texture": "#2"},
				"west": {"uv": [0.75, 1.5, 0, 2.125], "rotation": 180, "texture": "#2"},
				"up": {"uv": [0, 2.125, 0.75, 1.5], "rotation": 180, "texture": "#2"},
				"down": {"uv": [0, 2.125, 0.75, 1.5], "rotation": 180, "texture": "#2"}
			}
		},
		{
			"from": [6.75, -5.39909, 9.88858],
			"to": [9.25, -1.54909, 11.56058],
			"rotation": {"angle": -45, "axis": "x", "origin": [8, -0.97909, 10.34458]},
			"faces": {
				"north": {"uv": [0.75, 1.5, 0, 2.125], "rotation": 180, "texture": "#2"},
				"east": {"uv": [0, 2.125, 0.75, 1.5], "rotation": 270, "texture": "#2"},
				"south": {"uv": [0.75, 1.5, 0, 2.125], "texture": "#2"},
				"west": {"uv": [0, 2.125, 0.75, 1.5], "rotation": 90, "texture": "#2"},
				"up": {"uv": [0, 2.125, 0.75, 1.5], "rotation": 180, "texture": "#2"},
				"down": {"uv": [0, 2.125, 0.75, 1.5], "texture": "#2"}
			}
		},
		{
			"from": [6.25, -2.96809, 8.09875],
			"to": [9.75, -0.91609, 11.89875],
			"rotation": {"angle": 22.5, "axis": "x", "origin": [8, -1.94209, 7.81375]},
			"faces": {
				"north": {"uv": [0.75, 1.5, 0, 2.125], "rotation": 180, "texture": "#2"},
				"east": {"uv": [0.75, 1.5, 0, 2.125], "rotation": 180, "texture": "#2"},
				"south": {"uv": [0.75, 1.5, 0, 2.125], "rotation": 180, "texture": "#2"},
				"west": {"uv": [0.75, 1.5, 0, 2.125], "rotation": 180, "texture": "#2"},
				"up": {"uv": [0, 2.125, 0.75, 1.5], "rotation": 180, "texture": "#2"},
				"down": {"uv": [0, 2.125, 0.75, 1.5], "rotation": 180, "texture": "#2"}
			}
		},
		{
			"from": [6.5, -7.48909, 10.07858],
			"to": [9.5, -3.63909, 11.75058],
			"rotation": {"angle": -45, "axis": "x", "origin": [8, -3.06909, 10.53458]},
			"faces": {
				"north": {"uv": [0.75, 1.5, 0, 2.125], "rotation": 180, "texture": "#2"},
				"east": {"uv": [0, 2.125, 0.75, 1.5], "rotation": 270, "texture": "#2"},
				"south": {"uv": [0.75, 1.5, 0, 2.125], "texture": "#2"},
				"west": {"uv": [0, 2.125, 0.75, 1.5], "rotation": 90, "texture": "#2"},
				"up": {"uv": [0, 2.125, 0.75, 1.5], "rotation": 180, "texture": "#2"},
				"down": {"uv": [0, 2.125, 0.75, 1.5], "texture": "#2"}
			}
		},
		{
			"from": [6.9, 1.18575, 9.62243],
			"to": [9.1, 3.73775, 12.42243],
			"rotation": {"angle": -45, "axis": "x", "origin": [8, 1.21175, 10.02243]},
			"faces": {
				"north": {"uv": [0.75, 1.5, 0, 2.125], "rotation": 180, "texture": "#2"},
				"east": {"uv": [0.75, 1.5, 0, 2.125], "rotation": 180, "texture": "#2"},
				"south": {"uv": [0.75, 1.5, 0, 2.125], "rotation": 180, "texture": "#2"},
				"west": {"uv": [0.75, 1.5, 0, 2.125], "rotation": 180, "texture": "#2"},
				"up": {"uv": [0, 2.125, 0.75, 1.5], "rotation": 180, "texture": "#2"},
				"down": {"uv": [0, 2.125, 0.75, 1.5], "rotation": 180, "texture": "#2"}
			}
		},
		{
			"from": [7.15, 2.10984, 8.37676],
			"to": [8.85, 6.40984, 10.92876],
			"rotation": {"angle": 22.5, "axis": "x", "origin": [8, 3.50984, 10.55276]},
			"faces": {
				"north": {"uv": [0, 2.125, 0.75, 1.5], "texture": "#2"},
				"east": {"uv": [0.75, 1.5, 0, 2.125], "rotation": 270, "texture": "#2"},
				"south": {"uv": [0, 2.125, 0.75, 1.5], "rotation": 180, "texture": "#2"},
				"west": {"uv": [0.75, 1.5, 0, 2.125], "rotation": 90, "texture": "#2"},
				"up": {"uv": [0.75, 1.5, 0, 2.125], "rotation": 180, "texture": "#2"},
				"down": {"uv": [0.75, 1.5, 0, 2.125], "texture": "#2"}
			}
		},
		{
			"from": [7.15, 2.10984, 5.07124],
			"to": [8.85, 6.40984, 7.62324],
			"rotation": {"angle": -22.5, "axis": "x", "origin": [8, 3.50984, 5.44724]},
			"faces": {
				"north": {"uv": [0.75, 2.125, 0, 1.5], "rotation": 180, "texture": "#2"},
				"east": {"uv": [0.75, 2.125, 0, 1.5], "rotation": 270, "texture": "#2"},
				"south": {"uv": [0.75, 2.125, 0, 1.5], "texture": "#2"},
				"west": {"uv": [0.75, 2.125, 0, 1.5], "rotation": 90, "texture": "#2"},
				"up": {"uv": [0.75, 2.125, 0, 1.5], "rotation": 180, "texture": "#2"},
				"down": {"uv": [0.75, 2.125, 0, 1.5], "texture": "#2"}
			}
		},
		{
			"from": [6.9, 1.18575, 3.57757],
			"to": [9.1, 3.73775, 6.37757],
			"rotation": {"angle": 45, "axis": "x", "origin": [8, 1.21175, 5.97757]},
			"faces": {
				"north": {"uv": [0, 1.5, 0.75, 2.125], "rotation": 180, "texture": "#2"},
				"east": {"uv": [0, 1.5, 0.75, 2.125], "rotation": 180, "texture": "#2"},
				"south": {"uv": [0, 1.5, 0.75, 2.125], "rotation": 180, "texture": "#2"},
				"west": {"uv": [0, 1.5, 0.75, 2.125], "rotation": 180, "texture": "#2"},
				"up": {"uv": [0, 1.5, 0.75, 2.125], "rotation": 180, "texture": "#2"},
				"down": {"uv": [0, 1.5, 0.75, 2.125], "rotation": 180, "texture": "#2"}
			}
		},
		{
			"from": [7, 0, 6.13214],
			"to": [9, 12.75, 7.58214],
			"rotation": {"angle": 0, "axis": "y", "origin": [0, -10.5, -0.01786]},
			"faces": {
				"north": {"uv": [0.125, 1.75, 1, 2.875], "rotation": 270, "texture": "#2"},
				"east": {"uv": [0.125, 1.75, 1, 2.875], "rotation": 270, "texture": "#2"},
				"south": {"uv": [0.125, 1.75, 1, 2.875], "rotation": 270, "texture": "#2"},
				"west": {"uv": [0.125, 1.75, 1, 2.875], "rotation": 270, "texture": "#2"},
				"up": {"uv": [0.125, 1.75, 1, 2.875], "rotation": 270, "texture": "#2"},
				"down": {"uv": [0.125, 1.75, 1, 2.875], "rotation": 270, "texture": "#2"}
			}
		},
		{
			"from": [7, 12.7, 5.63214],
			"to": [9, 18.95, 7.58214],
			"rotation": {"angle": 0, "axis": "y", "origin": [8, 12.625, 7.98214]},
			"faces": {
				"north": {"uv": [0.125, 1.75, 1, 2.875], "rotation": 270, "texture": "#2"},
				"east": {"uv": [0.125, 1.75, 1, 2.875], "rotation": 270, "texture": "#2"},
				"south": {"uv": [0.125, 1.75, 1, 2.875], "rotation": 270, "texture": "#2"},
				"west": {"uv": [0.125, 1.75, 1, 2.875], "rotation": 270, "texture": "#2"},
				"up": {"uv": [0.125, 1.75, 1, 2.875], "rotation": 270, "texture": "#2"},
				"down": {"uv": [0.125, 1.75, 1, 2.875], "rotation": 270, "texture": "#2"}
			}
		},
		{
			"from": [7, 18.95, 6.13214],
			"to": [9, 24.2, 7.83214],
			"rotation": {"angle": 0, "axis": "y", "origin": [8, 12.625, 7.98214]},
			"faces": {
				"north": {"uv": [0.125, 1.75, 1, 2.875], "rotation": 90, "texture": "#2"},
				"east": {"uv": [0.125, 1.75, 1, 2.875], "rotation": 90, "texture": "#2"},
				"south": {"uv": [0.125, 1.75, 1, 2.875], "rotation": 90, "texture": "#2"},
				"west": {"uv": [0.125, 1.75, 1, 2.875], "rotation": 90, "texture": "#2"},
				"up": {"uv": [0.125, 1.75, 1, 2.875], "rotation": 90, "texture": "#2"},
				"down": {"uv": [0.125, 1.75, 1, 2.875], "rotation": 90, "texture": "#2"}
			}
		},
		{
			"from": [7, 0, 8.38214],
			"to": [9, 12.75, 9.83214],
			"rotation": {"angle": 0, "axis": "y", "origin": [0, -10.5, 15.98214]},
			"faces": {
				"north": {"uv": [0.125, 2.875, 1, 1.75], "rotation": 270, "texture": "#2"},
				"east": {"uv": [0.125, 2.875, 1, 1.75], "rotation": 270, "texture": "#2"},
				"south": {"uv": [0.125, 2.875, 1, 1.75], "rotation": 270, "texture": "#2"},
				"west": {"uv": [0.125, 2.875, 1, 1.75], "rotation": 270, "texture": "#2"},
				"up": {"uv": [1, 1.75, 0.125, 2.875], "rotation": 270, "texture": "#2"},
				"down": {"uv": [1, 1.75, 0.125, 2.875], "rotation": 270, "texture": "#2"}
			}
		},
		{
			"from": [7, 12.7, 8.38214],
			"to": [9, 18.95, 10.33214],
			"rotation": {"angle": 0, "axis": "y", "origin": [8, 12.625, 7.98214]},
			"faces": {
				"north": {"uv": [0.125, 2.875, 1, 1.75], "rotation": 270, "texture": "#2"},
				"east": {"uv": [0.125, 2.875, 1, 1.75], "rotation": 270, "texture": "#2"},
				"south": {"uv": [0.125, 2.875, 1, 1.75], "rotation": 270, "texture": "#2"},
				"west": {"uv": [0.125, 2.875, 1, 1.75], "rotation": 270, "texture": "#2"},
				"up": {"uv": [1, 1.75, 0.125, 2.875], "rotation": 270, "texture": "#2"},
				"down": {"uv": [1, 1.75, 0.125, 2.875], "rotation": 270, "texture": "#2"}
			}
		},
		{
			"from": [7, 18.95, 8.13214],
			"to": [9, 24.2, 9.83214],
			"rotation": {"angle": 0, "axis": "y", "origin": [8, 12.625, 7.98214]},
			"faces": {
				"north": {"uv": [0.125, 2.875, 1, 1.75], "rotation": 90, "texture": "#2"},
				"east": {"uv": [0.125, 2.875, 1, 1.75], "rotation": 90, "texture": "#2"},
				"south": {"uv": [0.125, 2.875, 1, 1.75], "rotation": 90, "texture": "#2"},
				"west": {"uv": [0.125, 2.875, 1, 1.75], "rotation": 90, "texture": "#2"},
				"up": {"uv": [1, 1.75, 0.125, 2.875], "rotation": 90, "texture": "#2"},
				"down": {"uv": [1, 1.75, 0.125, 2.875], "rotation": 90, "texture": "#2"}
			}
		},
		{
			"from": [7, 24.2, 7.13214],
			"to": [9, 27.45, 9.08214],
			"rotation": {"angle": 0, "axis": "y", "origin": [8, 12.625, 7.98214]},
			"faces": {
				"north": {"uv": [0.125, 1.75, 1, 2.875], "rotation": 90, "texture": "#2"},
				"east": {"uv": [0.125, 1.75, 1, 2.875], "rotation": 90, "texture": "#2"},
				"south": {"uv": [0.125, 1.75, 1, 2.875], "rotation": 90, "texture": "#2"},
				"west": {"uv": [0.125, 1.75, 1, 2.875], "rotation": 90, "texture": "#2"},
				"up": {"uv": [0.125, 1.75, 1, 2.875], "rotation": 90, "texture": "#2"},
				"down": {"uv": [0.125, 1.75, 1, 2.875], "rotation": 90, "texture": "#2"}
			}
		},
		{
			"from": [7.5, 4.5, 5.105],
			"to": [8.5, 9.25, 10.805],
			"rotation": {"angle": 0, "axis": "y", "origin": [0, -10.5, -0.045]},
			"faces": {
				"north": {"uv": [2.625, 13, 2.75, 13.5], "rotation": 270, "texture": "#2"},
				"east": {"uv": [2.625, 13, 2.75, 13.5], "rotation": 270, "texture": "#2"},
				"south": {"uv": [2.625, 13, 2.75, 13.5], "rotation": 270, "texture": "#2"},
				"west": {"uv": [2.625, 13, 2.75, 13.5], "rotation": 270, "texture": "#2"},
				"up": {"uv": [2.625, 13, 2.75, 13.5], "rotation": 270, "texture": "#2"},
				"down": {"uv": [2.625, 13, 2.75, 13.5], "rotation": 270, "texture": "#2"}
			}
		},
		{
			"from": [7.5, 9.25, 4.855],
			"to": [8.5, 19.25, 11.055],
			"rotation": {"angle": 0, "axis": "y", "origin": [0, -10.5, -0.045]},
			"faces": {
				"north": {"uv": [2.625, 13, 2.75, 13.5], "rotation": 270, "texture": "#2"},
				"east": {"uv": [2.625, 13, 2.75, 13.5], "rotation": 270, "texture": "#2"},
				"south": {"uv": [2.625, 13, 2.75, 13.5], "rotation": 270, "texture": "#2"},
				"west": {"uv": [2.625, 13, 2.75, 13.5], "rotation": 270, "texture": "#2"},
				"up": {"uv": [2.625, 13, 2.75, 13.5], "rotation": 270, "texture": "#2"},
				"down": {"uv": [2.625, 13, 2.75, 13.5], "rotation": 270, "texture": "#2"}
			}
		},
		{
			"from": [7.3, -0.25, 7.205],
			"to": [8.7, 24.5, 8.905],
			"rotation": {"angle": 0, "axis": "y", "origin": [0, -10.5, -0.045]},
			"faces": {
				"north": {"uv": [4, 0.625, 6.5, 0.75], "rotation": 90, "texture": "#2"},
				"east": {"uv": [4, 0.625, 6.5, 0.75], "rotation": 90, "texture": "#2"},
				"south": {"uv": [4, 0.625, 6.5, 0.75], "rotation": 90, "texture": "#2"},
				"west": {"uv": [4, 0.625, 6.5, 0.75], "rotation": 90, "texture": "#2"},
				"up": {"uv": [4, 0.625, 6.5, 0.75], "rotation": 90, "texture": "#2"},
				"down": {"uv": [4, 0.625, 6.5, 0.75], "rotation": 90, "texture": "#2"}
			}
		},
		{
			"from": [7.5, 19.25, 5.355],
			"to": [8.5, 24.35, 10.555],
			"rotation": {"angle": 0, "axis": "y", "origin": [0, -10.5, -0.045]},
			"faces": {
				"north": {"uv": [2.625, 13, 2.75, 13.5], "rotation": 270, "texture": "#2"},
				"east": {"uv": [2.625, 13, 2.75, 13.5], "rotation": 270, "texture": "#2"},
				"south": {"uv": [2.625, 13, 2.75, 13.5], "rotation": 270, "texture": "#2"},
				"west": {"uv": [2.625, 13, 2.75, 13.5], "rotation": 270, "texture": "#2"},
				"up": {"uv": [2.625, 13, 2.75, 13.5], "rotation": 270, "texture": "#2"},
				"down": {"uv": [2.625, 13, 2.75, 13.5], "rotation": 270, "texture": "#2"}
			}
		},
		{
			"from": [7.5, 24.35, 6.355],
			"to": [8.5, 27.75, 9.805],
			"rotation": {"angle": 0, "axis": "y", "origin": [0, -10.5, -0.045]},
			"faces": {
				"north": {"uv": [2.625, 13, 2.75, 13.5], "rotation": 270, "texture": "#2"},
				"east": {"uv": [2.625, 13, 2.75, 13.5], "rotation": 270, "texture": "#2"},
				"south": {"uv": [2.625, 13, 2.75, 13.5], "rotation": 270, "texture": "#2"},
				"west": {"uv": [2.625, 13, 2.75, 13.5], "rotation": 270, "texture": "#2"},
				"up": {"uv": [2.625, 13, 2.75, 13.5], "rotation": 270, "texture": "#2"},
				"down": {"uv": [2.625, 13, 2.75, 13.5], "rotation": 270, "texture": "#2"}
			}
		},
		{
			"from": [7.5, 27.75, 7.4],
			"to": [8.5, 29.75, 8.85],
			"rotation": {"angle": 0, "axis": "y", "origin": [0, -10.5, 0]},
			"faces": {
				"north": {"uv": [2.625, 13, 2.75, 13.5], "rotation": 270, "texture": "#2"},
				"east": {"uv": [2.625, 13, 2.75, 13.5], "rotation": 270, "texture": "#2"},
				"south": {"uv": [2.625, 13, 2.75, 13.5], "rotation": 270, "texture": "#2"},
				"west": {"uv": [2.625, 13, 2.75, 13.5], "rotation": 270, "texture": "#2"},
				"up": {"uv": [2.625, 13, 2.75, 13.5], "rotation": 270, "texture": "#2"},
				"down": {"uv": [2.625, 13, 2.75, 13.5], "rotation": 270, "texture": "#2"}
			}
		},
		{
			"from": [7.75, 8.75, 4.355],
			"to": [8.25, 19.5, 11.555],
			"rotation": {"angle": 0, "axis": "y", "origin": [0, -10.5, -0.045]},
			"faces": {
				"north": {"uv": [2.625, 13, 2.75, 13.5], "rotation": 270, "texture": "#2"},
				"east": {"uv": [2.625, 13, 2.75, 13.5], "rotation": 270, "texture": "#2"},
				"south": {"uv": [2.625, 13, 2.75, 13.5], "rotation": 270, "texture": "#2"},
				"west": {"uv": [2.625, 13, 2.75, 13.5], "rotation": 270, "texture": "#2"},
				"up": {"uv": [2.625, 13, 2.75, 13.5], "rotation": 270, "texture": "#2"},
				"down": {"uv": [2.625, 13, 2.75, 13.5], "rotation": 270, "texture": "#2"}
			}
		},
		{
			"from": [7.75, 4.75, 4.605],
			"to": [8.25, 8.75, 11.305],
			"rotation": {"angle": 0, "axis": "y", "origin": [0, -10.5, -0.045]},
			"faces": {
				"north": {"uv": [2.625, 13, 2.75, 13.5], "rotation": 270, "texture": "#2"},
				"east": {"uv": [2.625, 13, 2.75, 13.5], "rotation": 270, "texture": "#2"},
				"south": {"uv": [2.625, 13, 2.75, 13.5], "rotation": 270, "texture": "#2"},
				"west": {"uv": [2.625, 13, 2.75, 13.5], "rotation": 270, "texture": "#2"},
				"up": {"uv": [2.625, 13, 2.75, 13.5], "rotation": 270, "texture": "#2"},
				"down": {"uv": [2.625, 13, 2.75, 13.5], "rotation": 270, "texture": "#2"}
			}
		},
		{
			"from": [7.75, 19.5, 4.855],
			"to": [8.25, 24.75, 11.055],
			"rotation": {"angle": 0, "axis": "y", "origin": [0, -10.5, -0.045]},
			"faces": {
				"north": {"uv": [2.625, 13, 2.75, 13.5], "rotation": 270, "texture": "#2"},
				"east": {"uv": [2.625, 13, 2.75, 13.5], "rotation": 270, "texture": "#2"},
				"south": {"uv": [2.625, 13, 2.75, 13.5], "rotation": 270, "texture": "#2"},
				"west": {"uv": [2.625, 13, 2.75, 13.5], "rotation": 270, "texture": "#2"},
				"up": {"uv": [2.625, 13, 2.75, 13.5], "rotation": 270, "texture": "#2"},
				"down": {"uv": [2.625, 13, 2.75, 13.5], "rotation": 270, "texture": "#2"}
			}
		},
		{
			"from": [7.75, 24.75, 5.855],
			"to": [8.25, 28, 10.305],
			"rotation": {"angle": 0, "axis": "y", "origin": [0, -10.5, -0.045]},
			"faces": {
				"north": {"uv": [2.625, 13, 2.75, 13.5], "rotation": 270, "texture": "#2"},
				"east": {"uv": [2.625, 13, 2.75, 13.5], "rotation": 270, "texture": "#2"},
				"south": {"uv": [2.625, 13, 2.75, 13.5], "rotation": 270, "texture": "#2"},
				"west": {"uv": [2.625, 13, 2.75, 13.5], "rotation": 270, "texture": "#2"},
				"up": {"uv": [2.625, 13, 2.75, 13.5], "rotation": 270, "texture": "#2"},
				"down": {"uv": [2.625, 13, 2.75, 13.5], "rotation": 270, "texture": "#2"}
			}
		},
		{
			"from": [7.75, 28, 6.9],
			"to": [8.25, 30, 9.35],
			"rotation": {"angle": 0, "axis": "y", "origin": [0, -10.5, 0]},
			"faces": {
				"north": {"uv": [2.625, 13, 2.75, 13.5], "rotation": 270, "texture": "#2"},
				"east": {"uv": [2.625, 13, 2.75, 13.5], "rotation": 270, "texture": "#2"},
				"south": {"uv": [2.625, 13, 2.75, 13.5], "rotation": 270, "texture": "#2"},
				"west": {"uv": [2.625, 13, 2.75, 13.5], "rotation": 270, "texture": "#2"},
				"up": {"uv": [2.625, 13, 2.75, 13.5], "rotation": 270, "texture": "#2"},
				"down": {"uv": [2.625, 13, 2.75, 13.5], "rotation": 270, "texture": "#2"}
			}
		},
		{
			"from": [7.75, 30, 7.4],
			"to": [8.25, 32, 8.85],
			"rotation": {"angle": 0, "axis": "y", "origin": [0, -10.5, 0]},
			"faces": {
				"north": {"uv": [2.625, 13, 2.75, 13.5], "rotation": 270, "texture": "#2"},
				"east": {"uv": [2.625, 13, 2.75, 13.5], "rotation": 270, "texture": "#2"},
				"south": {"uv": [2.625, 13, 2.75, 13.5], "rotation": 270, "texture": "#2"},
				"west": {"uv": [2.625, 13, 2.75, 13.5], "rotation": 270, "texture": "#2"},
				"up": {"uv": [2.625, 13, 2.75, 13.5], "rotation": 270, "texture": "#2"},
				"down": {"uv": [2.625, 13, 2.75, 13.5], "rotation": 270, "texture": "#2"}
			}
		}
	],
	"display": {
		"thirdperson_righthand": {
			"rotation": [-22, -55, 92],
			"translation": [-3.5, -5.5, 8.5]
		},
		"thirdperson_lefthand": {
			"rotation": [-22, -55, 92],
			"translation": [-3.5, -5.5, 8.5]
		},
		"firstperson_righthand": {
			"scale": [0, 0, 0]
		},
		"firstperson_lefthand": {
			"scale": [0, 0, 0]
		},
		"ground": {
			"rotation": [-45, 0, 0],
			"translation": [0, 8.75, 0]
		},
		"gui": {
			"rotation": [90, 45, -90],
			"translation": [-1.25, -1.5, 0],
			"scale": [0.5, 0.5, 0.5]
		},
		"fixed": {
			"rotation": [90, -45, 90],
			"translation": [1.25, -1.75, -0.5],
			"scale": [0.6, 0.6, 0.6]
		}
	},
	"groups": [
		{
			"name": "off",
			"origin": [8, 8, 8],
			"color": 0,
			"children": [
				0,
				1,
				2,
				3,
				4,
				5,
				6,
				7,
				{
					"name": "group",
					"origin": [8, 8, 8],
					"color": 0,
					"children": [8, 9, 10, 11, 12, 13]
				},
				{
					"name": "group",
					"origin": [8, 8, 8],
					"color": 0,
					"children": [14, 15, 16, 17, 18, 19]
				},
				{
					"name": "group",
					"origin": [8, 8, 8],
					"color": 0,
					"children": [
						20,
						21,
						22,
						23,
						{
							"name": "group",
							"origin": [8, 14.625, 8],
							"color": 0,
							"children": [24, 25, 26, 27, 28, 29, 30]
						},
						31,
						32,
						33,
						34,
						35,
						36,
						37,
						38,
						39,
						40,
						41,
						42
					]
				}
			]
		}
	]
}