{
	"credit": "Made with Blockbench",
	"texture_size": [32, 32],
	"textures": {
		"0": "ruko/head",
		"particle": "ruko/head"
	},
	"elements": [
		{
			"from": [5.98658, 5.98914, -1.16068],
			"to": [10.01825, 9.04658, 3.37246],
			"rotation": {"angle": 0, "axis": "y", "origin": [10.96964, -15.65002, -14.89738]},
			"faces": {
				"north": {"uv": [2.875, 5.25, 3.625, 5.875], "texture": "#0"},
				"east": {"uv": [3.75, 7.75, 3, 8.375], "texture": "#0"},
				"south": {"uv": [2.875, 5.25, 3.625, 5.875], "texture": "#0"},
				"west": {"uv": [3, 7.75, 3.75, 8.375], "texture": "#0"},
				"up": {"uv": [3, 7.75, 3.75, 8.5], "rotation": 90, "texture": "#0"},
				"down": {"uv": [3, 7.75, 3.75, 8.375], "rotation": 270, "texture": "#0"}
			}
		},
		{
			"from": [6.42813, 8.95827, -1.16068],
			"to": [9.57669, 10.15046, 3.37246],
			"rotation": {"angle": 0, "axis": "y", "origin": [10.96964, -15.65002, -14.89738]},
			"faces": {
				"north": {"uv": [2.875, 5.25, 3.625, 5.875], "texture": "#0"},
				"east": {"uv": [3.75, 7.75, 3, 8.375], "texture": "#0"},
				"south": {"uv": [2.875, 5.25, 3.625, 5.875], "texture": "#0"},
				"west": {"uv": [3, 7.75, 3.75, 8.375], "texture": "#0"},
				"up": {"uv": [3, 7.75, 3.75, 8.5], "rotation": 90, "texture": "#0"},
				"down": {"uv": [3, 7.75, 3.75, 8.375], "rotation": 270, "texture": "#0"}
			}
		},
		{
			"from": [6.64891, 4.99565, -1.16068],
			"to": [9.35592, 6.04066, 3.37246],
			"rotation": {"angle": 0, "axis": "y", "origin": [10.96964, -15.65002, -14.89738]},
			"faces": {
				"north": {"uv": [0, 14.375, 1.125, 16], "texture": "#0"},
				"east": {"uv": [0, 14.375, 1.125, 16], "texture": "#0"},
				"south": {"uv": [0, 14.375, 1.125, 16], "texture": "#0"},
				"west": {"uv": [0, 14.375, 1.125, 16], "texture": "#0"},
				"up": {"uv": [0, 14.375, 1.125, 16], "texture": "#0"},
				"down": {"uv": [0, 14.375, 1.125, 16], "texture": "#0"}
			}
		},
		{
			"from": [5.25756, 8.75962, 0.89568],
			"to": [7.13132, 9.26439, 1.44816],
			"rotation": {"angle": 22.5, "axis": "y", "origin": [3.75564, 9.15942, 1.24563]},
			"faces": {
				"north": {"uv": [5.375, 4.625, 6.375, 5], "rotation": 90, "texture": "#0"},
				"east": {"uv": [5.375, 4.625, 6.375, 5], "rotation": 90, "texture": "#0"},
				"south": {"uv": [5.375, 4.625, 6.375, 5], "rotation": 90, "texture": "#0"},
				"west": {"uv": [5.375, 4.625, 6.375, 5], "rotation": 90, "texture": "#0"},
				"up": {"uv": [5.375, 4.625, 6.375, 5], "rotation": 90, "texture": "#0"},
				"down": {"uv": [5.375, 4.625, 6.375, 5], "rotation": 90, "texture": "#0"}
			}
		},
		{
			"from": [8.86215, 8.75962, 0.89568],
			"to": [10.73591, 9.26439, 1.44816],
			"rotation": {"angle": -22.5, "axis": "y", "origin": [12.23783, 9.15942, 1.24563]},
			"faces": {
				"north": {"uv": [5.375, 5, 6.375, 4.625], "rotation": 90, "texture": "#0"},
				"east": {"uv": [5.375, 5, 6.375, 4.625], "rotation": 90, "texture": "#0"},
				"south": {"uv": [5.375, 5, 6.375, 4.625], "rotation": 90, "texture": "#0"},
				"west": {"uv": [5.375, 5, 6.375, 4.625], "rotation": 90, "texture": "#0"},
				"up": {"uv": [5.375, 5, 6.375, 4.625], "rotation": 90, "texture": "#0"},
				"down": {"uv": [5.375, 5, 6.375, 4.625], "rotation": 90, "texture": "#0"}
			}
		},
		{
			"from": [6.19184, 6.11652, 3.24092],
			"to": [9.82034, 8.95906, 7.2261],
			"rotation": {"angle": 0, "axis": "y", "origin": [10.6766, -15.81937, -7.00217]},
			"faces": {
				"north": {"uv": [2.875, 5.25, 3.625, 5.875], "texture": "#0"},
				"east": {"uv": [3.75, 7.75, 3, 8.375], "texture": "#0"},
				"south": {"uv": [2.875, 5.25, 3.625, 5.875], "texture": "#0"},
				"west": {"uv": [3, 7.75, 3.75, 8.375], "texture": "#0"},
				"up": {"uv": [3, 7.75, 3.75, 8.5], "rotation": 90, "texture": "#0"},
				"down": {"uv": [3, 7.75, 3.75, 8.375], "rotation": 270, "texture": "#0"}
			}
		},
		{
			"from": [6.58924, 8.87958, 3.24092],
			"to": [9.42294, 9.95256, 7.2261],
			"rotation": {"angle": 0, "axis": "y", "origin": [10.6766, -15.81937, -7.00217]},
			"faces": {
				"north": {"uv": [2.875, 5.25, 3.625, 5.875], "texture": "#0"},
				"east": {"uv": [3.75, 7.75, 3, 8.375], "texture": "#0"},
				"south": {"uv": [2.875, 5.25, 3.625, 5.875], "texture": "#0"},
				"west": {"uv": [3, 7.75, 3.75, 8.375], "texture": "#0"},
				"up": {"uv": [3, 7.75, 3.75, 8.5], "rotation": 90, "texture": "#0"},
				"down": {"uv": [3, 7.75, 3.75, 8.375], "rotation": 270, "texture": "#0"}
			}
		},
		{
			"from": [6.78794, 5.22238, 3.24092],
			"to": [9.22425, 6.16288, 7.2261],
			"rotation": {"angle": 0, "axis": "y", "origin": [10.6766, -15.81937, -7.00217]},
			"faces": {
				"north": {"uv": [0, 14.375, 1.125, 16], "texture": "#0"},
				"east": {"uv": [0, 14.375, 1.125, 16], "texture": "#0"},
				"south": {"uv": [0, 14.375, 1.125, 16], "texture": "#0"},
				"west": {"uv": [0, 14.375, 1.125, 16], "texture": "#0"},
				"up": {"uv": [0, 14.375, 1.125, 16], "texture": "#0"},
				"down": {"uv": [0, 14.375, 1.125, 16], "texture": "#0"}
			}
		},
		{
			"from": [5.25756, 8.66862, 5.44568],
			"to": [7.13132, 9.17339, 5.99816],
			"rotation": {"angle": 22.5, "axis": "y", "origin": [3.75564, 9.06842, 5.79563]},
			"faces": {
				"north": {"uv": [5.375, 4.625, 6.375, 5], "rotation": 90, "texture": "#0"},
				"east": {"uv": [5.375, 4.625, 6.375, 5], "rotation": 90, "texture": "#0"},
				"south": {"uv": [5.375, 4.625, 6.375, 5], "rotation": 90, "texture": "#0"},
				"west": {"uv": [5.375, 4.625, 6.375, 5], "rotation": 90, "texture": "#0"},
				"up": {"uv": [5.375, 4.625, 6.375, 5], "rotation": 90, "texture": "#0"},
				"down": {"uv": [5.375, 4.625, 6.375, 5], "rotation": 90, "texture": "#0"}
			}
		},
		{
			"from": [8.86215, 8.66862, 5.44568],
			"to": [10.73591, 9.17339, 5.99816],
			"rotation": {"angle": -22.5, "axis": "y", "origin": [12.23783, 9.06842, 5.79563]},
			"faces": {
				"north": {"uv": [5.375, 5, 6.375, 4.625], "rotation": 90, "texture": "#0"},
				"east": {"uv": [5.375, 5, 6.375, 4.625], "rotation": 90, "texture": "#0"},
				"south": {"uv": [5.375, 5, 6.375, 4.625], "rotation": 90, "texture": "#0"},
				"west": {"uv": [5.375, 5, 6.375, 4.625], "rotation": 90, "texture": "#0"},
				"up": {"uv": [5.375, 5, 6.375, 4.625], "rotation": 90, "texture": "#0"},
				"down": {"uv": [5.375, 5, 6.375, 4.625], "rotation": 90, "texture": "#0"}
			}
		},
		{
			"from": [6.73092, 8.74651, 7.07384],
			"to": [9.28126, 9.71218, 11.05902],
			"rotation": {"angle": 0, "axis": "y", "origin": [10.40955, -15.94319, -7.00217]},
			"faces": {
				"north": {"uv": [2.875, 5.25, 3.625, 5.875], "texture": "#0"},
				"east": {"uv": [3.75, 7.75, 3, 8.375], "texture": "#0"},
				"south": {"uv": [2.875, 5.25, 3.625, 5.875], "texture": "#0"},
				"west": {"uv": [3, 7.75, 3.75, 8.375], "texture": "#0"},
				"up": {"uv": [3, 7.75, 3.75, 8.5], "rotation": 90, "texture": "#0"},
				"down": {"uv": [3, 7.75, 3.75, 8.375], "rotation": 270, "texture": "#0"}
			}
		},
		{
			"from": [6.37327, 6.25975, 7.07384],
			"to": [9.63892, 8.81804, 11.05902],
			"rotation": {"angle": 0, "axis": "y", "origin": [10.40955, -15.94319, -7.00217]},
			"faces": {
				"north": {"uv": [2.875, 5.25, 3.625, 5.875], "texture": "#0"},
				"east": {"uv": [3.75, 7.75, 3, 8.375], "texture": "#0"},
				"south": {"uv": [2.875, 5.25, 3.625, 5.875], "texture": "#0"},
				"west": {"uv": [3, 7.75, 3.75, 8.375], "texture": "#0"},
				"up": {"uv": [3, 7.75, 3.75, 8.5], "rotation": 90, "texture": "#0"},
				"down": {"uv": [3, 7.75, 3.75, 8.375], "rotation": 270, "texture": "#0"}
			}
		},
		{
			"from": [6.90975, 5.45502, 7.07384],
			"to": [9.10243, 6.30148, 11.05902],
			"rotation": {"angle": 0, "axis": "y", "origin": [10.40955, -15.94319, -7.00217]},
			"faces": {
				"north": {"uv": [0, 14.375, 1.125, 16], "texture": "#0"},
				"east": {"uv": [0, 14.375, 1.125, 16], "texture": "#0"},
				"south": {"uv": [0, 14.375, 1.125, 16], "texture": "#0"},
				"west": {"uv": [0, 14.375, 1.125, 16], "texture": "#0"},
				"up": {"uv": [0, 14.375, 1.125, 16], "texture": "#0"},
				"down": {"uv": [0, 14.375, 1.125, 16], "texture": "#0"}
			}
		},
		{
			"from": [5.25756, 8.62312, 9.54068],
			"to": [7.13132, 9.12789, 10.09316],
			"rotation": {"angle": 22.5, "axis": "y", "origin": [3.75564, 9.02292, 9.89063]},
			"faces": {
				"north": {"uv": [5.375, 4.625, 6.375, 5], "rotation": 90, "texture": "#0"},
				"east": {"uv": [5.375, 4.625, 6.375, 5], "rotation": 90, "texture": "#0"},
				"south": {"uv": [5.375, 4.625, 6.375, 5], "rotation": 90, "texture": "#0"},
				"west": {"uv": [5.375, 4.625, 6.375, 5], "rotation": 90, "texture": "#0"},
				"up": {"uv": [5.375, 4.625, 6.375, 5], "rotation": 90, "texture": "#0"},
				"down": {"uv": [5.375, 4.625, 6.375, 5], "rotation": 90, "texture": "#0"}
			}
		},
		{
			"from": [8.86215, 8.62312, 9.54068],
			"to": [10.73591, 9.12789, 10.09316],
			"rotation": {"angle": -22.5, "axis": "y", "origin": [12.23783, 9.02292, 9.89063]},
			"faces": {
				"north": {"uv": [5.375, 5, 6.375, 4.625], "rotation": 90, "texture": "#0"},
				"east": {"uv": [5.375, 5, 6.375, 4.625], "rotation": 90, "texture": "#0"},
				"south": {"uv": [5.375, 5, 6.375, 4.625], "rotation": 90, "texture": "#0"},
				"west": {"uv": [5.375, 5, 6.375, 4.625], "rotation": 90, "texture": "#0"},
				"up": {"uv": [5.375, 5, 6.375, 4.625], "rotation": 90, "texture": "#0"},
				"down": {"uv": [5.375, 5, 6.375, 4.625], "rotation": 90, "texture": "#0"}
			}
		}
	],
	"display": {
		"head": {
			"translation": [0, -5.5, 32.75],
			"scale": [4, 4, 4]
		}
	},
	"groups": [
		{
			"name": "root",
			"origin": [8, 8, 8],
			"color": 0,
			"children": [
				{
					"name": "tail",
					"origin": [8, 8, 8],
					"color": 0,
					"children": [
						{
							"name": "1",
							"origin": [8, 8, 8],
							"color": 0,
							"children": [
								{
									"name": "group",
									"origin": [8, 8, 8],
									"color": 0,
									"children": [
										0,
										1,
										2,
										{
											"name": "group",
											"origin": [5.12312, 16.96599, 4.04483],
											"color": 0,
											"children": [3, 4]
										}
									]
								},
								{
									"name": "group",
									"origin": [9.47644, 6.748, 6.89163],
									"color": 0,
									"children": [
										5,
										6,
										7,
										{
											"name": "group",
											"origin": [5.12312, 16.96599, 4.04483],
											"color": 0,
											"children": [8, 9]
										}
									]
								},
								{
									"name": "group",
									"origin": [8, 8, 8],
									"color": 0,
									"children": [
										10,
										11,
										12,
										{
											"name": "group",
											"origin": [5.12312, 16.96599, 4.04483],
											"color": 0,
											"children": [13, 14]
										}
									]
								}
							]
						}
					]
				}
			]
		}
	]
}