{
	"credit": "Made with Blockbench",
	"texture_size": [32, 32],
	"textures": {
		"0": "ruko/head",
		"particle": "ruko/head"
	},
	"elements": [
		{
			"from": [5.40094, 5.6501, -1.25547],
			"to": [10.5857, 9.35999, 4.563],
			"rotation": {"angle": 0, "axis": "y", "origin": [11.8092, -15.14042, -17.56005]},
			"faces": {
				"north": {"uv": [2.875, 5.25, 3.625, 5.875], "texture": "#0"},
				"east": {"uv": [3.75, 7.75, 3, 8.375], "texture": "#0"},
				"south": {"uv": [2.875, 5.25, 3.625, 5.875], "texture": "#0"},
				"west": {"uv": [3, 7.75, 3.75, 8.375], "texture": "#0"},
				"up": {"uv": [3, 7.75, 3.75, 8.5], "rotation": 90, "texture": "#0"},
				"down": {"uv": [3, 7.75, 3.75, 8.375], "rotation": 270, "texture": "#0"}
			}
		},
		{
			"from": [5.96878, 9.24642, -1.25547],
			"to": [10.01786, 10.77959, 4.563],
			"rotation": {"angle": 0, "axis": "y", "origin": [11.8092, -15.14042, -17.56005]},
			"faces": {
				"north": {"uv": [2.875, 5.25, 3.625, 5.875], "texture": "#0"},
				"east": {"uv": [3.75, 7.75, 3, 8.375], "texture": "#0"},
				"south": {"uv": [2.875, 5.25, 3.625, 5.875], "texture": "#0"},
				"west": {"uv": [3, 7.75, 3.75, 8.375], "texture": "#0"},
				"up": {"uv": [3, 7.75, 3.75, 8.5], "rotation": 90, "texture": "#0"},
				"down": {"uv": [3, 7.75, 3.75, 8.375], "rotation": 270, "texture": "#0"}
			}
		},
		{
			"from": [6.2527, 4.37246, -1.25547],
			"to": [9.73394, 5.71635, 4.563],
			"rotation": {"angle": 0, "axis": "y", "origin": [11.8092, -15.14042, -17.56005]},
			"faces": {
				"north": {"uv": [0, 14.375, 1.125, 16], "texture": "#0"},
				"east": {"uv": [0, 14.375, 1.125, 16], "texture": "#0"},
				"south": {"uv": [0, 14.375, 1.125, 16], "texture": "#0"},
				"west": {"uv": [0, 14.375, 1.125, 16], "texture": "#0"},
				"up": {"uv": [0, 14.375, 1.125, 16], "texture": "#0"},
				"down": {"uv": [0, 14.375, 1.125, 16], "texture": "#0"}
			}
		},
		{
			"from": [3.03658, 9.06442, 1.22172],
			"to": [7.49005, 9.68759, 1.9038],
			"rotation": {"angle": 22.5, "axis": "y", "origin": [2.76082, 9.558, 1.65376]},
			"faces": {
				"north": {"uv": [5.375, 4.625, 6.375, 5], "rotation": 90, "texture": "#0"},
				"east": {"uv": [5.375, 4.625, 6.375, 5], "rotation": 90, "texture": "#0"},
				"south": {"uv": [5.375, 4.625, 6.375, 5], "rotation": 90, "texture": "#0"},
				"west": {"uv": [5.375, 4.625, 6.375, 5], "rotation": 90, "texture": "#0"},
				"up": {"uv": [5.375, 4.625, 6.375, 5], "rotation": 90, "texture": "#0"},
				"down": {"uv": [5.375, 4.625, 6.375, 5], "rotation": 90, "texture": "#0"}
			}
		},
		{
			"from": [8.50342, 9.06442, 1.22172],
			"to": [12.95689, 9.68759, 1.9038],
			"rotation": {"angle": -22.5, "axis": "y", "origin": [13.23265, 9.558, 1.65376]},
			"faces": {
				"north": {"uv": [5.375, 5, 6.375, 4.625], "rotation": 90, "texture": "#0"},
				"east": {"uv": [5.375, 5, 6.375, 4.625], "rotation": 90, "texture": "#0"},
				"south": {"uv": [5.375, 5, 6.375, 4.625], "rotation": 90, "texture": "#0"},
				"west": {"uv": [5.375, 5, 6.375, 4.625], "rotation": 90, "texture": "#0"},
				"up": {"uv": [5.375, 5, 6.375, 4.625], "rotation": 90, "texture": "#0"},
				"down": {"uv": [5.375, 5, 6.375, 4.625], "rotation": 90, "texture": "#0"}
			}
		},
		{
			"from": [5.66491, 5.8139, 4.4006],
			"to": [10.33119, 9.24744, 9.54258],
			"rotation": {"angle": 0, "axis": "y", "origin": [11.43235, -15.3582, -7.81288]},
			"faces": {
				"north": {"uv": [2.875, 5.25, 3.625, 5.875], "texture": "#0"},
				"east": {"uv": [3.75, 7.75, 3, 8.375], "texture": "#0"},
				"south": {"uv": [2.875, 5.25, 3.625, 5.875], "texture": "#0"},
				"west": {"uv": [3, 7.75, 3.75, 8.375], "texture": "#0"},
				"up": {"uv": [3, 7.75, 3.75, 8.5], "rotation": 90, "texture": "#0"},
				"down": {"uv": [3, 7.75, 3.75, 8.375], "rotation": 270, "texture": "#0"}
			}
		},
		{
			"from": [6.17597, 9.14523, 4.4006],
			"to": [9.82014, 10.52508, 9.54258],
			"rotation": {"angle": 0, "axis": "y", "origin": [11.43235, -15.3582, -7.81288]},
			"faces": {
				"north": {"uv": [2.875, 5.25, 3.625, 5.875], "texture": "#0"},
				"east": {"uv": [3.75, 7.75, 3, 8.375], "texture": "#0"},
				"south": {"uv": [2.875, 5.25, 3.625, 5.875], "texture": "#0"},
				"west": {"uv": [3, 7.75, 3.75, 8.375], "texture": "#0"},
				"up": {"uv": [3, 7.75, 3.75, 8.5], "rotation": 90, "texture": "#0"},
				"down": {"uv": [3, 7.75, 3.75, 8.375], "rotation": 270, "texture": "#0"}
			}
		},
		{
			"from": [6.43149, 4.66403, 4.4006],
			"to": [9.56461, 5.87353, 9.54258],
			"rotation": {"angle": 0, "axis": "y", "origin": [11.43235, -15.3582, -7.81288]},
			"faces": {
				"north": {"uv": [0, 14.375, 1.125, 16], "texture": "#0"},
				"east": {"uv": [0, 14.375, 1.125, 16], "texture": "#0"},
				"south": {"uv": [0, 14.375, 1.125, 16], "texture": "#0"},
				"west": {"uv": [0, 14.375, 1.125, 16], "texture": "#0"},
				"up": {"uv": [0, 14.375, 1.125, 16], "texture": "#0"},
				"down": {"uv": [0, 14.375, 1.125, 16], "texture": "#0"}
			}
		},
		{
			"from": [3.9421, 8.91358, 6.57357],
			"to": [7.54072, 9.47443, 7.18744],
			"rotation": {"angle": 22.5, "axis": "y", "origin": [3.28441, 9.3578, 6.9624]},
			"faces": {
				"north": {"uv": [5.375, 4.625, 6.375, 5], "rotation": 90, "texture": "#0"},
				"east": {"uv": [5.375, 4.625, 6.375, 5], "rotation": 90, "texture": "#0"},
				"south": {"uv": [5.375, 4.625, 6.375, 5], "rotation": 90, "texture": "#0"},
				"west": {"uv": [5.375, 4.625, 6.375, 5], "rotation": 90, "texture": "#0"},
				"up": {"uv": [5.375, 4.625, 6.375, 5], "rotation": 90, "texture": "#0"},
				"down": {"uv": [5.375, 4.625, 6.375, 5], "rotation": 90, "texture": "#0"}
			}
		},
		{
			"from": [8.45275, 8.91358, 6.57357],
			"to": [12.05137, 9.47443, 7.18744],
			"rotation": {"angle": -22.5, "axis": "y", "origin": [12.70906, 9.3578, 6.9624]},
			"faces": {
				"north": {"uv": [5.375, 5, 6.375, 4.625], "rotation": 90, "texture": "#0"},
				"east": {"uv": [5.375, 5, 6.375, 4.625], "rotation": 90, "texture": "#0"},
				"south": {"uv": [5.375, 5, 6.375, 4.625], "rotation": 90, "texture": "#0"},
				"west": {"uv": [5.375, 5, 6.375, 4.625], "rotation": 90, "texture": "#0"},
				"up": {"uv": [5.375, 5, 6.375, 4.625], "rotation": 90, "texture": "#0"},
				"down": {"uv": [5.375, 5, 6.375, 4.625], "rotation": 90, "texture": "#0"}
			}
		},
		{
			"from": [5.8049, 5.91776, 9.51116],
			"to": [10.1912, 9.14529, 14.65314],
			"rotation": {"angle": 0, "axis": "y", "origin": [11.22629, -15.4604, -7.81288]},
			"faces": {
				"north": {"uv": [2.875, 5.25, 3.625, 5.875], "texture": "#0"},
				"east": {"uv": [3.75, 7.75, 3, 8.375], "texture": "#0"},
				"south": {"uv": [2.875, 5.25, 3.625, 5.875], "texture": "#0"},
				"west": {"uv": [3, 7.75, 3.75, 8.375], "texture": "#0"},
				"up": {"uv": [3, 7.75, 3.75, 8.5], "rotation": 90, "texture": "#0"},
				"down": {"uv": [3, 7.75, 3.75, 8.375], "rotation": 270, "texture": "#0"}
			}
		},
		{
			"from": [6.28529, 9.04921, 9.51116],
			"to": [9.71081, 10.34627, 14.65314],
			"rotation": {"angle": 0, "axis": "y", "origin": [11.22629, -15.4604, -7.81288]},
			"faces": {
				"north": {"uv": [2.875, 5.25, 3.625, 5.875], "texture": "#0"},
				"east": {"uv": [3.75, 7.75, 3, 8.375], "texture": "#0"},
				"south": {"uv": [2.875, 5.25, 3.625, 5.875], "texture": "#0"},
				"west": {"uv": [3, 7.75, 3.75, 8.375], "texture": "#0"},
				"up": {"uv": [3, 7.75, 3.75, 8.5], "rotation": 90, "texture": "#0"},
				"down": {"uv": [3, 7.75, 3.75, 8.375], "rotation": 270, "texture": "#0"}
			}
		},
		{
			"from": [6.52549, 4.83688, 9.51116],
			"to": [9.47061, 5.97381, 14.65314],
			"rotation": {"angle": 0, "axis": "y", "origin": [11.22629, -15.4604, -7.81288]},
			"faces": {
				"north": {"uv": [0, 14.375, 1.125, 16], "texture": "#0"},
				"east": {"uv": [0, 14.375, 1.125, 16], "texture": "#0"},
				"south": {"uv": [0, 14.375, 1.125, 16], "texture": "#0"},
				"west": {"uv": [0, 14.375, 1.125, 16], "texture": "#0"},
				"up": {"uv": [0, 14.375, 1.125, 16], "texture": "#0"},
				"down": {"uv": [0, 14.375, 1.125, 16], "texture": "#0"}
			}
		},
		{
			"from": [4.80256, 8.94162, 11.64068],
			"to": [7.13132, 9.44639, 12.19316],
			"rotation": {"angle": 22.5, "axis": "y", "origin": [3.75564, 9.34142, 11.99063]},
			"faces": {
				"north": {"uv": [5.375, 4.625, 6.375, 5], "rotation": 90, "texture": "#0"},
				"east": {"uv": [5.375, 4.625, 6.375, 5], "rotation": 90, "texture": "#0"},
				"south": {"uv": [5.375, 4.625, 6.375, 5], "rotation": 90, "texture": "#0"},
				"west": {"uv": [5.375, 4.625, 6.375, 5], "rotation": 90, "texture": "#0"},
				"up": {"uv": [5.375, 4.625, 6.375, 5], "rotation": 90, "texture": "#0"},
				"down": {"uv": [5.375, 4.625, 6.375, 5], "rotation": 90, "texture": "#0"}
			}
		},
		{
			"from": [8.86215, 8.94162, 11.64068],
			"to": [11.19091, 9.44639, 12.19316],
			"rotation": {"angle": -22.5, "axis": "y", "origin": [12.23783, 9.34142, 11.99063]},
			"faces": {
				"north": {"uv": [5.375, 5, 6.375, 4.625], "rotation": 90, "texture": "#0"},
				"east": {"uv": [5.375, 5, 6.375, 4.625], "rotation": 90, "texture": "#0"},
				"south": {"uv": [5.375, 5, 6.375, 4.625], "rotation": 90, "texture": "#0"},
				"west": {"uv": [5.375, 5, 6.375, 4.625], "rotation": 90, "texture": "#0"},
				"up": {"uv": [5.375, 5, 6.375, 4.625], "rotation": 90, "texture": "#0"},
				"down": {"uv": [5.375, 5, 6.375, 4.625], "rotation": 90, "texture": "#0"}
			}
		}
	],
	"display": {
		"head": {
			"translation": [0, -5, 32.5],
			"scale": [4, 4, 4]
		}
	},
	"groups": [
		{
			"name": "root",
			"origin": [8, 8, 8],
			"color": 0,
			"children": [
				{
					"name": "tail",
					"origin": [8, 8, 8],
					"color": 0,
					"children": [
						{
							"name": "0",
							"origin": [8, 8, 8],
							"color": 0,
							"children": [
								{
									"name": "group",
									"origin": [8, 8, 8],
									"color": 0,
									"children": [
										0,
										1,
										2,
										{
											"name": "group",
											"origin": [5.12312, 16.96599, 4.04483],
											"color": 0,
											"children": [3, 4]
										}
									]
								},
								{
									"name": "group",
									"origin": [8, 8, 8],
									"color": 0,
									"children": [
										5,
										6,
										7,
										{
											"name": "group",
											"origin": [5.12312, 16.96599, 4.04483],
											"color": 0,
											"children": [8, 9]
										}
									]
								},
								{
									"name": "group",
									"origin": [8, 8, 8],
									"color": 0,
									"children": [
										10,
										11,
										12,
										{
											"name": "group",
											"origin": [5.12312, 16.96599, 4.04483],
											"color": 0,
											"children": [13, 14]
										}
									]
								}
							]
						}
					]
				}
			]
		}
	]
}