{
	"credit": "Made with Blockbench",
	"texture_size": [32, 32],
	"textures": {
		"0": "ruko/head",
		"particle": "ruko/head"
	},
	"elements": [
		{
			"from": [6.54939, 6.40021, -1.29676],
			"to": [9.45219, 8.60156, 3.23638],
			"rotation": {"angle": 0, "axis": "y", "origin": [10.1372, -15.31267, -27.14738]},
			"faces": {
				"north": {"uv": [2.875, 5.25, 3.625, 5.875], "texture": "#0"},
				"east": {"uv": [3.75, 7.75, 3, 8.375], "texture": "#0"},
				"south": {"uv": [2.875, 5.25, 3.625, 5.875], "texture": "#0"},
				"west": {"uv": [3, 7.75, 3.75, 8.375], "texture": "#0"},
				"up": {"uv": [3, 7.75, 3.75, 8.5], "rotation": 90, "texture": "#0"},
				"down": {"uv": [3, 7.75, 3.75, 8.375], "rotation": 270, "texture": "#0"}
			}
		},
		{
			"from": [6.86731, 8.53797, -1.29676],
			"to": [9.13427, 9.39635, 3.23638],
			"rotation": {"angle": 0, "axis": "y", "origin": [10.1372, -15.31267, -27.14738]},
			"faces": {
				"north": {"uv": [2.875, 5.25, 3.625, 5.875], "texture": "#0"},
				"east": {"uv": [3.75, 7.75, 3, 8.375], "texture": "#0"},
				"south": {"uv": [2.875, 5.25, 3.625, 5.875], "texture": "#0"},
				"west": {"uv": [3, 7.75, 3.75, 8.375], "texture": "#0"},
				"up": {"uv": [3, 7.75, 3.75, 8.5], "rotation": 90, "texture": "#0"},
				"down": {"uv": [3, 7.75, 3.75, 8.375], "rotation": 270, "texture": "#0"}
			}
		},
		{
			"from": [7.02627, 5.68489, -1.29676],
			"to": [8.97531, 6.4373, 3.23638],
			"rotation": {"angle": 0, "axis": "y", "origin": [10.1372, -15.31267, -27.14738]},
			"faces": {
				"north": {"uv": [0, 14.375, 1.125, 16], "texture": "#0"},
				"east": {"uv": [0, 14.375, 1.125, 16], "texture": "#0"},
				"south": {"uv": [0, 14.375, 1.125, 16], "texture": "#0"},
				"west": {"uv": [0, 14.375, 1.125, 16], "texture": "#0"},
				"up": {"uv": [0, 14.375, 1.125, 16], "texture": "#0"},
				"down": {"uv": [0, 14.375, 1.125, 16], "texture": "#0"}
			}
		},
		{
			"from": [5.43956, 8.44112, 1.84068],
			"to": [7.31332, 8.94589, 2.39316],
			"rotation": {"angle": 22.5, "axis": "y", "origin": [3.75564, 8.84092, 2.19063]},
			"faces": {
				"north": {"uv": [5.375, 4.625, 6.375, 5], "rotation": 90, "texture": "#0"},
				"east": {"uv": [5.375, 4.625, 6.375, 5], "rotation": 90, "texture": "#0"},
				"south": {"uv": [5.375, 4.625, 6.375, 5], "rotation": 90, "texture": "#0"},
				"west": {"uv": [5.375, 4.625, 6.375, 5], "rotation": 90, "texture": "#0"},
				"up": {"uv": [5.375, 4.625, 6.375, 5], "rotation": 90, "texture": "#0"},
				"down": {"uv": [5.375, 4.625, 6.375, 5], "rotation": 90, "texture": "#0"}
			}
		},
		{
			"from": [8.68015, 8.44112, 1.84068],
			"to": [10.55391, 8.94589, 2.39316],
			"rotation": {"angle": -22.5, "axis": "y", "origin": [12.23783, 8.84092, 2.19063]},
			"faces": {
				"north": {"uv": [5.375, 5, 6.375, 4.625], "rotation": 90, "texture": "#0"},
				"east": {"uv": [5.375, 5, 6.375, 4.625], "rotation": 90, "texture": "#0"},
				"south": {"uv": [5.375, 5, 6.375, 4.625], "rotation": 90, "texture": "#0"},
				"west": {"uv": [5.375, 5, 6.375, 4.625], "rotation": 90, "texture": "#0"},
				"up": {"uv": [5.375, 5, 6.375, 4.625], "rotation": 90, "texture": "#0"},
				"down": {"uv": [5.375, 5, 6.375, 4.625], "rotation": 90, "texture": "#0"}
			}
		},
		{
			"from": [6.69718, 6.49192, 3.10484],
			"to": [9.3097, 8.53855, 7.09002],
			"rotation": {"angle": 0, "axis": "y", "origin": [9.9262, -15.4346, -19.25217]},
			"faces": {
				"north": {"uv": [2.875, 5.25, 3.625, 5.875], "texture": "#0"},
				"east": {"uv": [3.75, 7.75, 3, 8.375], "texture": "#0"},
				"south": {"uv": [2.875, 5.25, 3.625, 5.875], "texture": "#0"},
				"west": {"uv": [3, 7.75, 3.75, 8.375], "texture": "#0"},
				"up": {"uv": [3, 7.75, 3.75, 8.5], "rotation": 90, "texture": "#0"},
				"down": {"uv": [3, 7.75, 3.75, 8.375], "rotation": 270, "texture": "#0"}
			}
		},
		{
			"from": [6.9833, 8.48132, 3.10484],
			"to": [9.02357, 9.25386, 7.09002],
			"rotation": {"angle": 0, "axis": "y", "origin": [9.9262, -15.4346, -19.25217]},
			"faces": {
				"north": {"uv": [2.875, 5.25, 3.625, 5.875], "texture": "#0"},
				"east": {"uv": [3.75, 7.75, 3, 8.375], "texture": "#0"},
				"south": {"uv": [2.875, 5.25, 3.625, 5.875], "texture": "#0"},
				"west": {"uv": [3, 7.75, 3.75, 8.375], "texture": "#0"},
				"up": {"uv": [3, 7.75, 3.75, 8.5], "rotation": 90, "texture": "#0"},
				"down": {"uv": [3, 7.75, 3.75, 8.375], "rotation": 270, "texture": "#0"}
			}
		},
		{
			"from": [7.12637, 5.84813, 3.10484],
			"to": [8.88051, 6.5253, 7.09002],
			"rotation": {"angle": 0, "axis": "y", "origin": [9.9262, -15.4346, -19.25217]},
			"faces": {
				"north": {"uv": [0, 14.375, 1.125, 16], "texture": "#0"},
				"east": {"uv": [0, 14.375, 1.125, 16], "texture": "#0"},
				"south": {"uv": [0, 14.375, 1.125, 16], "texture": "#0"},
				"west": {"uv": [0, 14.375, 1.125, 16], "texture": "#0"},
				"up": {"uv": [0, 14.375, 1.125, 16], "texture": "#0"},
				"down": {"uv": [0, 14.375, 1.125, 16], "texture": "#0"}
			}
		},
		{
			"from": [5.80356, 8.25912, 5.93568],
			"to": [7.67732, 8.76389, 6.48816],
			"rotation": {"angle": 22.5, "axis": "y", "origin": [3.75564, 8.65892, 6.28563]},
			"faces": {
				"north": {"uv": [5.375, 4.625, 6.375, 5], "rotation": 90, "texture": "#0"},
				"east": {"uv": [5.375, 4.625, 6.375, 5], "rotation": 90, "texture": "#0"},
				"south": {"uv": [5.375, 4.625, 6.375, 5], "rotation": 90, "texture": "#0"},
				"west": {"uv": [5.375, 4.625, 6.375, 5], "rotation": 90, "texture": "#0"},
				"up": {"uv": [5.375, 4.625, 6.375, 5], "rotation": 90, "texture": "#0"},
				"down": {"uv": [5.375, 4.625, 6.375, 5], "rotation": 90, "texture": "#0"}
			}
		},
		{
			"from": [8.31615, 8.25912, 5.93568],
			"to": [10.18991, 8.76389, 6.48816],
			"rotation": {"angle": -22.5, "axis": "y", "origin": [12.23783, 8.65892, 6.28563]},
			"faces": {
				"north": {"uv": [5.375, 5, 6.375, 4.625], "rotation": 90, "texture": "#0"},
				"east": {"uv": [5.375, 5, 6.375, 4.625], "rotation": 90, "texture": "#0"},
				"south": {"uv": [5.375, 5, 6.375, 4.625], "rotation": 90, "texture": "#0"},
				"west": {"uv": [5.375, 5, 6.375, 4.625], "rotation": 90, "texture": "#0"},
				"up": {"uv": [5.375, 5, 6.375, 4.625], "rotation": 90, "texture": "#0"},
				"down": {"uv": [5.375, 5, 6.375, 4.625], "rotation": 90, "texture": "#0"}
			}
		},
		{
			"from": [7.08532, 8.38551, 6.93776],
			"to": [8.92156, 9.08079, 10.92294],
			"rotation": {"angle": 0, "axis": "y", "origin": [9.73393, -15.52375, -19.25217]},
			"faces": {
				"north": {"uv": [2.875, 5.25, 3.625, 5.875], "texture": "#0"},
				"east": {"uv": [3.75, 7.75, 3, 8.375], "texture": "#0"},
				"south": {"uv": [2.875, 5.25, 3.625, 5.875], "texture": "#0"},
				"west": {"uv": [3, 7.75, 3.75, 8.375], "texture": "#0"},
				"up": {"uv": [3, 7.75, 3.75, 8.5], "rotation": 90, "texture": "#0"},
				"down": {"uv": [3, 7.75, 3.75, 8.375], "rotation": 270, "texture": "#0"}
			}
		},
		{
			"from": [6.8278, 6.59504, 6.93776],
			"to": [9.17907, 8.43701, 10.92294],
			"rotation": {"angle": 0, "axis": "y", "origin": [9.73393, -15.52375, -19.25217]},
			"faces": {
				"north": {"uv": [3.625, 5.75, 2.875, 5.25], "texture": "#0"},
				"east": {"uv": [3.75, 8.25, 3, 7.75], "texture": "#0"},
				"south": {"uv": [3.625, 5.75, 2.875, 5.25], "texture": "#0"},
				"west": {"uv": [3, 8.25, 3.75, 7.75], "texture": "#0"},
				"up": {"uv": [3.75, 8.25, 3, 7.75], "texture": "#0"},
				"down": {"uv": [3.75, 8.25, 3, 7.75], "texture": "#0"}
			}
		},
		{
			"from": [7.21407, 6.01564, 6.93776],
			"to": [8.7928, 6.62508, 10.92294],
			"rotation": {"angle": 0, "axis": "y", "origin": [9.73393, -15.52375, -19.25217]},
			"faces": {
				"north": {"uv": [0, 14.375, 1.125, 16], "texture": "#0"},
				"east": {"uv": [0, 14.375, 1.125, 16], "texture": "#0"},
				"south": {"uv": [0, 14.375, 1.125, 16], "texture": "#0"},
				"west": {"uv": [0, 14.375, 1.125, 16], "texture": "#0"},
				"up": {"uv": [0, 14.375, 1.125, 16], "texture": "#0"},
				"down": {"uv": [0, 14.375, 1.125, 16], "texture": "#0"}
			}
		},
		{
			"from": [7.301, 6.59504, 9.77696],
			"to": [8.70587, 8.43701, 12.45174],
			"rotation": {"angle": 0, "axis": "y", "origin": [9.73393, -15.52375, -19.25217]},
			"faces": {
				"north": {"uv": [4, 8.75, 4.75, 9.5], "rotation": 90, "texture": "#0"},
				"east": {"uv": [4, 8.75, 4.75, 9.5], "rotation": 90, "texture": "#0"},
				"south": {"uv": [4, 8.75, 4.75, 9.5], "rotation": 90, "texture": "#0"},
				"west": {"uv": [4, 8.75, 4.75, 9.5], "rotation": 90, "texture": "#0"},
				"up": {"uv": [4, 8.75, 4.75, 9.5], "rotation": 90, "texture": "#0"},
				"down": {"uv": [4, 8.75, 4.75, 9.5], "rotation": 90, "texture": "#0"}
			}
		},
		{
			"from": [7.39973, 6.67954, 13.35049],
			"to": [8.60714, 8.39398, 16.13656],
			"rotation": {"angle": 0, "axis": "y", "origin": [10.01081, -19.18938, -24.38736]},
			"faces": {
				"north": {"uv": [4.125, 0, 5, 0.5], "rotation": 180, "texture": "#0"},
				"east": {"uv": [4.125, 0, 5, 0.5], "rotation": 180, "texture": "#0"},
				"south": {"uv": [4.125, 0, 5, 0.5], "rotation": 180, "texture": "#0"},
				"west": {"uv": [4.125, 0, 5, 0.5], "rotation": 180, "texture": "#0"},
				"up": {"uv": [4.125, 0, 5, 0.5], "rotation": 180, "texture": "#0"},
				"down": {"uv": [4.125, 0, 5, 0.5], "rotation": 180, "texture": "#0"}
			}
		},
		{
			"from": [7.61085, 6.89066, 16.13656],
			"to": [8.39602, 8.18286, 19.30336],
			"rotation": {"angle": 0, "axis": "y", "origin": [10.01081, -19.18938, -24.38736]},
			"faces": {
				"north": {"uv": [4.125, 0, 5, 0.5], "rotation": 180, "texture": "#0"},
				"east": {"uv": [4.125, 0, 5, 0.5], "rotation": 180, "texture": "#0"},
				"south": {"uv": [4.125, 0, 5, 0.5], "rotation": 180, "texture": "#0"},
				"west": {"uv": [4.125, 0, 5, 0.5], "rotation": 180, "texture": "#0"},
				"up": {"uv": [4.125, 0, 5, 0.5], "rotation": 180, "texture": "#0"},
				"down": {"uv": [4.125, 0, 5, 0.5], "rotation": 180, "texture": "#0"}
			}
		},
		{
			"from": [7.50529, 6.7851, 12.29489],
			"to": [8.50158, 8.39398, 13.35049],
			"rotation": {"angle": 0, "axis": "y", "origin": [10.01081, -19.18938, -24.38736]},
			"faces": {
				"north": {"uv": [4.125, 0, 5, 0.5], "rotation": 180, "texture": "#0"},
				"east": {"uv": [4.125, 0, 5, 0.5], "rotation": 180, "texture": "#0"},
				"south": {"uv": [4.125, 0, 5, 0.5], "rotation": 180, "texture": "#0"},
				"west": {"uv": [4.125, 0, 5, 0.5], "rotation": 180, "texture": "#0"},
				"up": {"uv": [4.125, 0, 5, 0.5], "rotation": 180, "texture": "#0"},
				"down": {"uv": [4.125, 0, 5, 0.5], "rotation": 180, "texture": "#0"}
			}
		},
		{
			"from": [7.61085, 6.2573, 12.61157],
			"to": [8.39602, 7.44394, 15.92544],
			"rotation": {"angle": 22.5, "axis": "x", "origin": [8.00344, 7.53676, 14.21572]},
			"faces": {
				"north": {"uv": [4.125, 0, 5, 0.5], "rotation": 180, "texture": "#0"},
				"east": {"uv": [4.125, 0, 5, 0.5], "rotation": 180, "texture": "#0"},
				"south": {"uv": [4.125, 0, 5, 0.5], "rotation": 180, "texture": "#0"},
				"west": {"uv": [4.125, 0, 5, 0.5], "rotation": 180, "texture": "#0"},
				"up": {"uv": [4.125, 0, 5, 0.5], "rotation": 180, "texture": "#0"},
				"down": {"uv": [4.125, 0, 5, 0.5], "rotation": 180, "texture": "#0"}
			}
		}
	],
	"display": {
		"head": {
			"translation": [0, -5.75, 33],
			"scale": [4, 4, 4]
		}
	},
	"groups": [
		{
			"name": "root",
			"origin": [8, 8, 8],
			"color": 0,
			"children": [
				{
					"name": "tail",
					"origin": [8, 8, 8],
					"color": 0,
					"children": [
						{
							"name": "2",
							"origin": [8, 8, 8],
							"color": 0,
							"children": [
								{
									"name": "group",
									"origin": [8, 8, 8],
									"color": 0,
									"children": [
										0,
										1,
										2,
										{
											"name": "group",
											"origin": [5.12312, 16.96599, 4.04483],
											"color": 0,
											"children": [3, 4]
										}
									]
								},
								{
									"name": "group",
									"origin": [9.47644, 6.748, 6.89163],
									"color": 0,
									"children": [
										5,
										6,
										7,
										{
											"name": "group",
											"origin": [5.12312, 16.96599, 4.04483],
											"color": 0,
											"children": [8, 9]
										}
									]
								},
								{
									"name": "group",
									"origin": [8, 8, 8],
									"color": 0,
									"children": [10, 11, 12]
								},
								13,
								14,
								15,
								16,
								17
							]
						}
					]
				}
			]
		}
	]
}