{
	"credit": "Made with Blockbench",
	"texture_size": [32, 32],
	"textures": {
		"0": "dyno/head",
		"particle": "dyno/head"
	},
	"elements": [
		{
			"from": [7.06508, 8.85248, 6.62566],
			"to": [8.76158, 10.63673, 11.28128],
			"rotation": {"angle": -22.5, "axis": "x", "origin": [7.66958, 10.2321, 9.14847]},
			"faces": {
				"north": {"uv": [11.75, 6, 12.75, 6.5], "rotation": 180, "texture": "#0"},
				"east": {"uv": [11.75, 6, 12.75, 6.5], "rotation": 180, "texture": "#0"},
				"south": {"uv": [11.75, 6, 12.75, 6.5], "rotation": 180, "texture": "#0"},
				"west": {"uv": [11.75, 6, 12.75, 6.5], "rotation": 180, "texture": "#0"},
				"up": {"uv": [11.75, 6, 12.75, 6.5], "rotation": 180, "texture": "#0"},
				"down": {"uv": [11.75, 6, 12.75, 6.5], "rotation": 180, "texture": "#0"}
			}
		},
		{
			"from": [6.67508, 8.45178, 6.41024],
			"to": [9.15158, 10.0849, 9.46199],
			"rotation": {"angle": 22.5, "axis": "x", "origin": [7.91333, 9.70709, 5.64487]},
			"faces": {
				"north": {"uv": [11.5, 6, 12.5, 6.75], "texture": "#0"},
				"east": {"uv": [11.5, 6, 12.5, 6.75], "texture": "#0"},
				"south": {"uv": [11.5, 6, 12.5, 6.75], "texture": "#0"},
				"west": {"uv": [11.5, 6, 12.5, 6.75], "texture": "#0"},
				"up": {"uv": [11.5, 6, 12.5, 6.75], "texture": "#0"},
				"down": {"uv": [11.5, 6, 12.5, 6.75], "texture": "#0"}
			}
		},
		{
			"from": [8.04008, 6.25948, 6.06471],
			"to": [8.95658, 8.38011, 7.06896],
			"rotation": {"angle": 0, "axis": "y", "origin": [7.96208, 6.68483, 6.68541]},
			"faces": {
				"north": {"uv": [11.5, 6, 12.5, 6.75], "texture": "#0"},
				"east": {"uv": [11.5, 6, 12.5, 6.75], "texture": "#0"},
				"south": {"uv": [11.5, 6, 12.5, 6.75], "texture": "#0"},
				"west": {"uv": [11.5, 6, 12.5, 6.75], "texture": "#0"},
				"up": {"uv": [11.5, 6, 12.5, 6.75], "texture": "#0"},
				"down": {"uv": [11.5, 6, 12.5, 6.75], "texture": "#0"}
			}
		},
		{
			"from": [8.23508, 6.10912, 6.67091],
			"to": [8.76158, 6.62587, 7.81653],
			"rotation": {"angle": 45, "axis": "x", "origin": [7.96208, 6.68483, 6.68541]},
			"faces": {
				"north": {"uv": [10.5, 11.5, 11.5, 12], "rotation": 270, "texture": "#0"},
				"east": {"uv": [10.5, 11.5, 11.5, 12], "rotation": 270, "texture": "#0"},
				"south": {"uv": [10.5, 11.5, 11.5, 12], "rotation": 270, "texture": "#0"},
				"west": {"uv": [10.5, 11.5, 11.5, 12], "rotation": 270, "texture": "#0"},
				"up": {"uv": [10.5, 11.5, 11.5, 12], "rotation": 270, "texture": "#0"},
				"down": {"uv": [10.5, 11.5, 11.5, 12], "rotation": 270, "texture": "#0"}
			}
		},
		{
			"from": [7.16258, 6.28928, 6.59629],
			"to": [7.68908, 6.80603, 7.74191],
			"rotation": {"angle": 45, "axis": "x", "origin": [7.96208, 6.68483, 6.68541]},
			"faces": {
				"north": {"uv": [10.5, 11.5, 11.5, 12], "rotation": 270, "texture": "#0"},
				"east": {"uv": [10.5, 11.5, 11.5, 12], "rotation": 270, "texture": "#0"},
				"south": {"uv": [10.5, 11.5, 11.5, 12], "rotation": 270, "texture": "#0"},
				"west": {"uv": [10.5, 11.5, 11.5, 12], "rotation": 270, "texture": "#0"},
				"up": {"uv": [10.5, 11.5, 11.5, 12], "rotation": 270, "texture": "#0"},
				"down": {"uv": [10.5, 11.5, 11.5, 12], "rotation": 270, "texture": "#0"}
			}
		},
		{
			"from": [7.94258, 5.62833, 8.82485],
			"to": [8.46908, 6.77396, 9.3416],
			"rotation": {"angle": 45, "axis": "x", "origin": [8.74208, 6.68483, 9.22041]},
			"faces": {
				"north": {"uv": [10.5, 11.5, 11.5, 12], "texture": "#0"},
				"east": {"uv": [10.5, 11.5, 11.5, 12], "texture": "#0"},
				"south": {"uv": [10.5, 11.5, 11.5, 12], "texture": "#0"},
				"west": {"uv": [10.5, 11.5, 11.5, 12], "texture": "#0"},
				"up": {"uv": [10.5, 11.5, 11.5, 12], "texture": "#0"},
				"down": {"uv": [10.5, 11.5, 11.5, 12], "texture": "#0"}
			}
		},
		{
			"from": [7.06508, 6.45448, 6.25971],
			"to": [7.78658, 8.38011, 7.06896],
			"rotation": {"angle": 0, "axis": "y", "origin": [7.96208, 6.68483, 6.68541]},
			"faces": {
				"north": {"uv": [11.5, 6, 12.5, 6.75], "texture": "#0"},
				"east": {"uv": [11.5, 6, 12.5, 6.75], "texture": "#0"},
				"south": {"uv": [11.5, 6, 12.5, 6.75], "texture": "#0"},
				"west": {"uv": [11.5, 6, 12.5, 6.75], "texture": "#0"},
				"up": {"uv": [11.5, 6, 12.5, 6.75], "texture": "#0"},
				"down": {"uv": [11.5, 6, 12.5, 6.75], "texture": "#0"}
			}
		},
		{
			"from": [7.84508, 6.45448, 8.79471],
			"to": [8.56658, 8.38011, 9.60396],
			"rotation": {"angle": -22.5, "axis": "x", "origin": [8.74208, 6.68483, 9.22041]},
			"faces": {
				"north": {"uv": [11.5, 6, 12.5, 6.75], "texture": "#0"},
				"east": {"uv": [11.5, 6, 12.5, 6.75], "texture": "#0"},
				"south": {"uv": [11.5, 6, 12.5, 6.75], "texture": "#0"},
				"west": {"uv": [11.5, 6, 12.5, 6.75], "texture": "#0"},
				"up": {"uv": [11.5, 6, 12.5, 6.75], "texture": "#0"},
				"down": {"uv": [11.5, 6, 12.5, 6.75], "texture": "#0"}
			}
		}
	],
	"display": {
		"head": {
			"translation": [0.5, -15.75, -8.5],
			"scale": [4, 4, 4]
		}
	},
	"groups": [
		{
			"name": "root",
			"origin": [8, 8, 8],
			"children": [
				{
					"name": "arm_l",
					"origin": [8, 8, 8],
					"children": [
						{
							"name": "1",
							"origin": [8, 8, 8],
							"children": [0]
						},
						{
							"name": "2",
							"origin": [8, 8, 8],
							"children": [1, 2, 3, 4, 5, 6, 7]
						}
					]
				}
			]
		}
	]
}