{
	"credit": "Made with Blockbench",
	"texture_size": [32, 32],
	"textures": {
		"0": "dyno/head",
		"particle": "dyno/head"
	},
	"elements": [
		{
			"from": [6.87098, 2.55372, 10.52156],
			"to": [9.12902, 11.20548, 11.16584],
			"rotation": {"angle": 0, "axis": "x", "origin": [8.3068, 13.1068, 6.91086]},
			"faces": {
				"north": {"uv": [14.5, 2.75, 13.5, 1.5], "rotation": 180, "texture": "#0"},
				"east": {"uv": [13.75, 2.75, 13.5, 1.5], "texture": "#0"},
				"south": {"uv": [14.5, 2.75, 13.5, 0], "texture": "#0"},
				"west": {"uv": [14.25, 2.75, 14, 1.5], "texture": "#0"},
				"up": {"uv": [14.5, 2.75, 13.5, 1.5], "rotation": 180, "texture": "#0"},
				"down": {"uv": [14.5, 2.75, 13.5, 1.5], "texture": "#0"}
			}
		},
		{
			"from": [6.25738, 2.55372, 7.76036],
			"to": [9.74262, 14.88708, 10.55224],
			"rotation": {"angle": 0, "axis": "x", "origin": [8.3068, 13.1068, 6.91086]},
			"faces": {
				"north": {"uv": [11.5, 6.25, 13.25, 6.75], "rotation": 180, "texture": "#0"},
				"east": {"uv": [11.5, 6.25, 13.25, 6.75], "rotation": 270, "texture": "#0"},
				"south": {"uv": [11.5, 6.25, 13.25, 6.75], "texture": "#0"},
				"west": {"uv": [11.5, 6.25, 13.25, 6.75], "rotation": 90, "texture": "#0"},
				"up": {"uv": [11.5, 6.25, 13.25, 6.75], "rotation": 180, "texture": "#0"},
				"down": {"uv": [11.5, 6.25, 13.25, 6.75], "texture": "#0"}
			}
		}
	],
	"display": {
		"head": {
			"translation": [0, -26.5, -4.75],
			"scale": [4, 4, 4]
		}
	},
	"groups": [
		{
			"name": "1",
			"origin": [8, 8, 8],
			"color": 0,
			"children": [0, 1]
		}
	]
}