{
	"credit": "Made with Blockbench",
	"texture_size": [32, 32],
	"textures": {
		"0": "dyno/head",
		"particle": "dyno/head"
	},
	"elements": [
		{
			"from": [5.296, 4.6525, 6.08275],
			"to": [10.704, 8.8125, 9.30675],
			"rotation": {"angle": 0, "axis": "y", "origin": [11.12, 9.3325, 8.80275]},
			"faces": {
				"north": {"uv": [11.5, 4.5, 13.25, 6.75], "texture": "#0"},
				"east": {"uv": [11.5, 4.5, 13.25, 6.75], "texture": "#0"},
				"south": {"uv": [11.5, 4.25, 13.25, 6.5], "texture": "#0"},
				"west": {"uv": [11.5, 4.5, 13.25, 6.75], "texture": "#0"},
				"up": {"uv": [11.5, 3.25, 13.25, 4.75], "texture": "#0"},
				"down": {"uv": [5.75, 7.75, 7.5, 10], "texture": "#0"}
			}
		},
		{
			"from": [5.088, 7.5645, 5.87475],
			"to": [10.912, 8.6045, 9.51475],
			"rotation": {"angle": 0, "axis": "y", "origin": [11.12, 9.3325, 8.80275]},
			"faces": {
				"north": {"uv": [7, 8.75, 8.75, 9.25], "texture": "#0"},
				"east": {"uv": [7, 8.75, 8.75, 9.25], "texture": "#0"},
				"south": {"uv": [7, 8.75, 8.75, 9.25], "texture": "#0"},
				"west": {"uv": [7, 8.75, 8.75, 9.25], "texture": "#0"},
				"up": {"uv": [2.75, 8, 4.5, 10.25], "rotation": 90, "texture": "#0"},
				"down": {"uv": [7, 8.75, 8.75, 9.25], "texture": "#0"}
			}
		},
		{
			"from": [5.504, 2.4685, 6.08275],
			"to": [10.496, 5.1725, 9.30675],
			"rotation": {"angle": 0, "axis": "y", "origin": [11.12, 8.2925, 8.80275]},
			"faces": {
				"north": {"uv": [16, 6.5, 13.25, 8], "texture": "#0"},
				"east": {"uv": [16, 5, 13.25, 6.5], "rotation": 180, "texture": "#0"},
				"south": {"uv": [16, 6.5, 13.25, 8], "texture": "#0"},
				"west": {"uv": [16, 5, 13.25, 6.5], "rotation": 180, "texture": "#0"},
				"up": {"uv": [16, 0, 13.25, 1.5], "texture": "#0"},
				"down": {"uv": [16, 8.5, 13.25, 10], "texture": "#0"}
			}
		},
		{
			"from": [5.816, 8.2925, 6.08275],
			"to": [10.184, 9.8525, 9.30675],
			"rotation": {"angle": 0, "axis": "y", "origin": [11.12, 10.8925, 8.80275]},
			"faces": {
				"north": {"uv": [11.5, 0, 13.25, 1.5], "texture": "#0"},
				"east": {"uv": [11.5, 0, 13.25, 1.5], "texture": "#0"},
				"south": {"uv": [11.5, 0, 13.25, 1.5], "texture": "#0"},
				"west": {"uv": [11.5, 0, 13.25, 1.5], "texture": "#0"},
				"up": {"uv": [11.5, 1.25, 13.25, 3], "rotation": 90, "texture": "#0"},
				"down": {"uv": [11.5, 0, 13.25, 1.5], "texture": "#0"}
			}
		},
		{
			"from": [6.544, 9.3325, 6.08275],
			"to": [7.168, 10.8925, 9.20275],
			"rotation": {"angle": 0, "axis": "y", "origin": [11.12, 11.9325, 8.80275]},
			"faces": {
				"north": {"uv": [3.75, 9.5, 4.5, 9], "texture": "#0"},
				"east": {"uv": [3.75, 10, 4.5, 8.5], "rotation": 90, "texture": "#0"},
				"south": {"uv": [3.75, 10, 4.5, 8.5], "texture": "#0"},
				"west": {"uv": [3.75, 10, 4.5, 8.5], "rotation": 270, "texture": "#0"},
				"up": {"uv": [3.75, 10, 4.5, 8.5], "texture": "#0"},
				"down": {"uv": [3.75, 10, 4.5, 8.5], "texture": "#0"}
			}
		},
		{
			"from": [8.832, 9.3325, 6.08275],
			"to": [9.456, 10.8925, 9.20275],
			"rotation": {"angle": 0, "axis": "y", "origin": [4.88, 11.9325, 8.80275]},
			"faces": {
				"north": {"uv": [3.75, 9.5, 4.5, 9], "texture": "#0"},
				"east": {"uv": [3.75, 10, 4.5, 8.5], "rotation": 90, "texture": "#0"},
				"south": {"uv": [3.75, 10, 4.5, 8.5], "texture": "#0"},
				"west": {"uv": [3.75, 10, 4.5, 8.5], "rotation": 270, "texture": "#0"},
				"up": {"uv": [3.75, 10, 4.5, 8.5], "texture": "#0"},
				"down": {"uv": [3.75, 10, 4.5, 8.5], "texture": "#0"}
			}
		}
	],
	"display": {
		"head": {
			"translation": [0, -2.25, 1.25],
			"scale": [4, 4, 4]
		}
	},
	"groups": [
		{
			"name": "neck",
			"origin": [8, 8, 8],
			"color": 0,
			"children": [
				{
					"name": "0",
					"origin": [8, 8, 8],
					"color": 0,
					"children": [0, 1, 2, 3, 4, 5]
				}
			]
		}
	]
}