{
	"credit": "Made with Blockbench",
	"texture_size": [32, 32],
	"textures": {
		"0": "dyno/head",
		"particle": "dyno/head"
	},
	"elements": [
		{
			"from": [4.52266, 4.98234, -11.01881],
			"to": [11.47734, 9.89634, -3.71692],
			"rotation": {"angle": 0, "axis": "y", "origin": [10.50811, 11.69908, -46.29852]},
			"faces": {
				"north": {"uv": [8.25, 6.25, 9.25, 7], "rotation": 90, "texture": "#0"},
				"east": {"uv": [8.25, 6.25, 9.25, 7], "rotation": 90, "texture": "#0"},
				"south": {"uv": [8.25, 6.25, 9.25, 7], "rotation": 90, "texture": "#0"},
				"west": {"uv": [8.25, 6.25, 9.25, 7], "rotation": 90, "texture": "#0"},
				"up": {"uv": [8.25, 6.25, 9.25, 7], "rotation": 90, "texture": "#0"},
				"down": {"uv": [8.25, 6.25, 9.25, 7], "rotation": 90, "texture": "#0"}
			}
		},
		{
			"from": [4.00266, 6.66714, -3.71801],
			"to": [11.99734, 9.33474, 2.8538],
			"rotation": {"angle": 0, "axis": "y", "origin": [10.50811, 11.69908, -46.29852]},
			"faces": {
				"north": {"uv": [8.25, 6.25, 9.25, 7], "rotation": 90, "texture": "#0"},
				"east": {"uv": [8.25, 6.25, 9.25, 7], "rotation": 90, "texture": "#0"},
				"south": {"uv": [8.25, 6.25, 9.25, 7], "rotation": 90, "texture": "#0"},
				"west": {"uv": [8.25, 6.25, 9.25, 7], "rotation": 90, "texture": "#0"},
				"up": {"uv": [8.25, 6.25, 9.25, 7], "rotation": 90, "texture": "#0"},
				"down": {"uv": [8.25, 6.25, 9.25, 7], "rotation": 90, "texture": "#0"}
			}
		},
		{
			"from": [4.85917, 2.73594, -10.79417],
			"to": [11.14083, 10.12098, 6.2234],
			"rotation": {"angle": 0, "axis": "y", "origin": [10.80908, 11.69908, -32.82012]},
			"faces": {
				"north": {"uv": [11.5, 6, 13, 7], "texture": "#0"},
				"east": {"uv": [11.5, 6, 13, 7], "texture": "#0"},
				"south": {"uv": [11.5, 6, 13, 7], "texture": "#0"},
				"west": {"uv": [11.5, 6, 13, 7], "texture": "#0"},
				"up": {"uv": [11.5, 6, 13, 7], "texture": "#0"},
				"down": {"uv": [11.5, 6, 13, 7], "texture": "#0"}
			}
		},
		{
			"from": [4.21137, 5.54394, -4.67897],
			"to": [11.78863, 7.87458, 11.61476],
			"rotation": {"angle": 0, "axis": "y", "origin": [10.80908, 11.69908, -32.82012]},
			"faces": {
				"north": {"uv": [11.5, 6, 13, 7], "texture": "#0"},
				"east": {"uv": [11.5, 6, 13, 7], "texture": "#0"},
				"south": {"uv": [11.5, 6, 13, 7], "texture": "#0"},
				"west": {"uv": [11.5, 6, 13, 7], "texture": "#0"},
				"up": {"uv": [11.5, 6, 13, 7], "texture": "#0"},
				"down": {"uv": [11.5, 6, 13, 7], "texture": "#0"}
			}
		},
		{
			"from": [4.85917, 3.85914, 6.22231],
			"to": [11.14083, 10.12098, 14.0858],
			"rotation": {"angle": 0, "axis": "y", "origin": [10.80908, 11.69908, -27.20412]},
			"faces": {
				"north": {"uv": [11.5, 6, 13, 7], "texture": "#0"},
				"east": {"uv": [11.5, 6, 13, 7], "texture": "#0"},
				"south": {"uv": [11.5, 6, 13, 7], "texture": "#0"},
				"west": {"uv": [11.5, 6, 13, 7], "texture": "#0"},
				"up": {"uv": [11.5, 6, 13, 7], "texture": "#0"},
				"down": {"uv": [11.5, 6, 13, 7], "texture": "#0"}
			}
		},
		{
			"from": [5.48816, 4.98234, 14.02855],
			"to": [10.51184, 9.89634, 21.16196],
			"rotation": {"angle": 0, "axis": "y", "origin": [10.80908, 11.69908, -21.25116]},
			"faces": {
				"north": {"uv": [11.5, 6, 13, 7], "texture": "#0"},
				"east": {"uv": [11.5, 6, 13, 7], "texture": "#0"},
				"south": {"uv": [11.5, 6, 13, 7], "texture": "#0"},
				"west": {"uv": [11.5, 6, 13, 7], "texture": "#0"},
				"up": {"uv": [11.5, 6, 13, 7], "texture": "#0"},
				"down": {"uv": [11.5, 6, 13, 7], "texture": "#0"}
			}
		},
		{
			"from": [6.65396, 9.8121, -10.85033],
			"to": [9.34604, 11.01954, 2.8538],
			"rotation": {"angle": 0, "axis": "y", "origin": [10.80908, 11.69908, -32.82012]},
			"faces": {
				"north": {"uv": [11.5, 6, 13, 7], "texture": "#0"},
				"east": {"uv": [11.5, 6, 13, 7], "texture": "#0"},
				"south": {"uv": [11.5, 6, 13, 7], "texture": "#0"},
				"west": {"uv": [11.5, 6, 13, 7], "texture": "#0"},
				"up": {"uv": [11.5, 6, 13, 7], "texture": "#0"},
				"down": {"uv": [11.5, 6, 13, 7], "texture": "#0"}
			}
		},
		{
			"from": [6.63715, 8.36328, -10.91184],
			"to": [9.36285, 12.71568, -8.49587],
			"rotation": {"angle": -45, "axis": "x", "origin": [8, 12.70838, -9.97944]},
			"faces": {
				"north": {"uv": [11.5, 6, 13, 7], "texture": "#0"},
				"east": {"uv": [11.5, 6, 13, 7], "texture": "#0"},
				"south": {"uv": [11.5, 6, 13, 7], "texture": "#0"},
				"west": {"uv": [11.5, 6, 13, 7], "texture": "#0"},
				"up": {"uv": [11.5, 6, 13, 7], "texture": "#0"},
				"down": {"uv": [11.5, 6, 13, 7], "texture": "#0"}
			}
		},
		{
			"from": [7.40875, 12.19784, -12.45437],
			"to": [8.59125, 13.49061, -9.56213],
			"rotation": {"angle": 22.5, "axis": "x", "origin": [8, 12.48374, -9.97944]},
			"faces": {
				"north": {"uv": [12, 7.25, 12.5, 8.25], "rotation": 270, "texture": "#0"},
				"east": {"uv": [12, 7.25, 12.5, 8.25], "rotation": 270, "texture": "#0"},
				"south": {"uv": [12, 7.25, 12.5, 8.25], "rotation": 270, "texture": "#0"},
				"west": {"uv": [12, 7.25, 12.5, 8.25], "rotation": 270, "texture": "#0"},
				"up": {"uv": [12, 7.25, 12.5, 8.25], "rotation": 270, "texture": "#0"},
				"down": {"uv": [12, 7.25, 12.5, 8.25], "rotation": 270, "texture": "#0"}
			}
		},
		{
			"from": [6.63715, 6.42472, 12.59216],
			"to": [9.36285, 12.33712, 15.00813],
			"rotation": {"angle": -45, "axis": "x", "origin": [8, 12.32982, 13.52456]},
			"faces": {
				"north": {"uv": [11.5, 6, 13, 7], "texture": "#0"},
				"east": {"uv": [11.5, 6, 13, 7], "texture": "#0"},
				"south": {"uv": [11.5, 6, 13, 7], "texture": "#0"},
				"west": {"uv": [11.5, 6, 13, 7], "texture": "#0"},
				"up": {"uv": [11.5, 6, 13, 7], "texture": "#0"},
				"down": {"uv": [11.5, 6, 13, 7], "texture": "#0"}
			}
		},
		{
			"from": [6.88875, 9.26306, 13.72167],
			"to": [9.11125, 11.67903, 19.19727],
			"rotation": {"angle": 22.5, "axis": "x", "origin": [8, 10.47105, 14.21307]},
			"faces": {
				"north": {"uv": [11.5, 6, 13, 7], "rotation": 270, "texture": "#0"},
				"east": {"uv": [11.5, 6, 13, 7], "rotation": 270, "texture": "#0"},
				"south": {"uv": [11.5, 6, 13, 7], "rotation": 270, "texture": "#0"},
				"west": {"uv": [11.5, 6, 13, 7], "rotation": 270, "texture": "#0"},
				"up": {"uv": [11.5, 6, 13, 7], "rotation": 270, "texture": "#0"},
				"down": {"uv": [11.5, 6, 13, 7], "rotation": 270, "texture": "#0"}
			}
		},
		{
			"from": [7.40875, 11.81928, 11.04963],
			"to": [8.59125, 13.11205, 13.94187],
			"rotation": {"angle": 22.5, "axis": "x", "origin": [8, 12.10518, 13.52456]},
			"faces": {
				"north": {"uv": [12, 7.25, 12.5, 8.25], "rotation": 270, "texture": "#0"},
				"east": {"uv": [12, 7.25, 12.5, 8.25], "rotation": 270, "texture": "#0"},
				"south": {"uv": [12, 7.25, 12.5, 8.25], "rotation": 270, "texture": "#0"},
				"west": {"uv": [12, 7.25, 12.5, 8.25], "rotation": 270, "texture": "#0"},
				"up": {"uv": [12, 7.25, 12.5, 8.25], "rotation": 270, "texture": "#0"},
				"down": {"uv": [12, 7.25, 12.5, 8.25], "rotation": 270, "texture": "#0"}
			}
		},
		{
			"from": [6.63715, 7.57704, 3.68976],
			"to": [9.36285, 13.01104, 6.85037],
			"rotation": {"angle": -45, "axis": "x", "origin": [8, 12.48374, 4.8468]},
			"faces": {
				"north": {"uv": [11.5, 6, 13, 7], "texture": "#0"},
				"east": {"uv": [11.5, 6, 13, 7], "texture": "#0"},
				"south": {"uv": [11.5, 6, 13, 7], "texture": "#0"},
				"west": {"uv": [11.5, 6, 13, 7], "texture": "#0"},
				"up": {"uv": [11.5, 6, 13, 7], "texture": "#0"},
				"down": {"uv": [11.5, 6, 13, 7], "texture": "#0"}
			}
		},
		{
			"from": [6.88875, 9.93698, 6.08391],
			"to": [9.11125, 13.39295, 14.76271],
			"rotation": {"angle": 22.5, "axis": "x", "origin": [8, 11.14497, 6.57531]},
			"faces": {
				"north": {"uv": [11.5, 6, 13, 7], "rotation": 270, "texture": "#0"},
				"east": {"uv": [11.5, 6, 13, 7], "rotation": 270, "texture": "#0"},
				"south": {"uv": [11.5, 6, 13, 7], "rotation": 270, "texture": "#0"},
				"west": {"uv": [11.5, 6, 13, 7], "rotation": 270, "texture": "#0"},
				"up": {"uv": [11.5, 6, 13, 7], "rotation": 270, "texture": "#0"},
				"down": {"uv": [11.5, 6, 13, 7], "rotation": 270, "texture": "#0"}
			}
		},
		{
			"from": [6.88875, 11.06018, -2.90169],
			"to": [9.11125, 13.70079, 7.96527],
			"rotation": {"angle": 22.5, "axis": "x", "origin": [8, 12.26817, -1.96101]},
			"faces": {
				"north": {"uv": [11.5, 6, 13, 7], "rotation": 270, "texture": "#0"},
				"east": {"uv": [11.5, 6, 13, 7], "rotation": 270, "texture": "#0"},
				"south": {"uv": [11.5, 6, 13, 7], "rotation": 270, "texture": "#0"},
				"west": {"uv": [11.5, 6, 13, 7], "rotation": 270, "texture": "#0"},
				"up": {"uv": [11.5, 6, 13, 7], "rotation": 270, "texture": "#0"},
				"down": {"uv": [11.5, 6, 13, 7], "rotation": 270, "texture": "#0"}
			}
		},
		{
			"from": [6.88875, 11.95874, -9.19161],
			"to": [9.11125, 13.70079, -1.02033],
			"rotation": {"angle": 22.5, "axis": "x", "origin": [8, 12.26817, -9.59877]},
			"faces": {
				"north": {"uv": [11.5, 6, 13, 7], "rotation": 270, "texture": "#0"},
				"east": {"uv": [11.5, 6, 13, 7], "rotation": 270, "texture": "#0"},
				"south": {"uv": [11.5, 6, 13, 7], "rotation": 270, "texture": "#0"},
				"west": {"uv": [11.5, 6, 13, 7], "rotation": 270, "texture": "#0"},
				"up": {"uv": [11.5, 6, 13, 7], "rotation": 270, "texture": "#0"},
				"down": {"uv": [11.5, 6, 13, 7], "rotation": 270, "texture": "#0"}
			}
		},
		{
			"from": [7.40875, 11.74856, 1.85187],
			"to": [8.59125, 13.56133, 5.26411],
			"rotation": {"angle": 22.5, "axis": "x", "origin": [8, 12.2591, 4.8468]},
			"faces": {
				"north": {"uv": [12, 7.25, 12.5, 8.25], "rotation": 270, "texture": "#0"},
				"east": {"uv": [12, 7.25, 12.5, 8.25], "rotation": 270, "texture": "#0"},
				"south": {"uv": [12, 7.25, 12.5, 8.25], "rotation": 270, "texture": "#0"},
				"west": {"uv": [12, 7.25, 12.5, 8.25], "rotation": 270, "texture": "#0"},
				"up": {"uv": [12, 7.25, 12.5, 8.25], "rotation": 270, "texture": "#0"},
				"down": {"uv": [12, 7.25, 12.5, 8.25], "rotation": 270, "texture": "#0"}
			}
		},
		{
			"from": [6.63715, 8.51568, -4.73759],
			"to": [9.36285, 14.55288, -1.19843],
			"rotation": {"angle": -22.5, "axis": "x", "origin": [8, 14.4685, -3.79959]},
			"faces": {
				"north": {"uv": [11.5, 6, 13, 7], "texture": "#0"},
				"east": {"uv": [11.5, 6, 13, 7], "texture": "#0"},
				"south": {"uv": [11.5, 6, 13, 7], "texture": "#0"},
				"west": {"uv": [11.5, 6, 13, 7], "texture": "#0"},
				"up": {"uv": [11.5, 6, 13, 7], "texture": "#0"},
				"down": {"uv": [11.5, 6, 13, 7], "texture": "#0"}
			}
		},
		{
			"from": [7.40875, 13.87245, -5.73853],
			"to": [8.59125, 16.06378, -2.17237],
			"rotation": {"angle": 22.5, "axis": "x", "origin": [8, 14.4685, -3.79959]},
			"faces": {
				"north": {"uv": [11.5, 6, 13, 7], "rotation": 270, "texture": "#0"},
				"east": {"uv": [11.5, 6, 13, 7], "rotation": 270, "texture": "#0"},
				"south": {"uv": [11.5, 6, 13, 7], "rotation": 270, "texture": "#0"},
				"west": {"uv": [11.5, 6, 13, 7], "rotation": 270, "texture": "#0"},
				"up": {"uv": [11.5, 6, 13, 7], "rotation": 270, "texture": "#0"},
				"down": {"uv": [11.5, 6, 13, 7], "rotation": 270, "texture": "#0"}
			}
		},
		{
			"from": [7.66034, 13.66246, -8.16426],
			"to": [8.33966, 15.17986, -4.82274],
			"rotation": {"angle": 45, "axis": "x", "origin": [8, 14.4685, -3.79959]},
			"faces": {
				"north": {"uv": [12, 7.25, 12.5, 8.25], "rotation": 270, "texture": "#0"},
				"east": {"uv": [12, 7.25, 12.5, 8.25], "rotation": 270, "texture": "#0"},
				"south": {"uv": [12, 7.25, 12.5, 8.25], "rotation": 270, "texture": "#0"},
				"west": {"uv": [12, 7.25, 12.5, 8.25], "rotation": 270, "texture": "#0"},
				"up": {"uv": [12, 7.25, 12.5, 8.25], "rotation": 270, "texture": "#0"},
				"down": {"uv": [12, 7.25, 12.5, 8.25], "rotation": 270, "texture": "#0"}
			}
		},
		{
			"from": [6.69955, 7.0041, 24.30583],
			"to": [9.30045, 10.00866, 27.45188],
			"rotation": {"angle": 0, "axis": "y", "origin": [10.80908, 17.31508, -0.92124]},
			"faces": {
				"north": {"uv": [11.75, 7.25, 13.25, 8.25], "rotation": 270, "texture": "#0"},
				"east": {"uv": [11.75, 7.25, 13.25, 8.25], "rotation": 90, "texture": "#0"},
				"south": {"uv": [11.75, 7.25, 13.25, 8.25], "rotation": 270, "texture": "#0"},
				"west": {"uv": [11.75, 7.25, 13.25, 8.25], "rotation": 270, "texture": "#0"},
				"up": {"uv": [11.75, 7.25, 13.25, 8.25], "rotation": 270, "texture": "#0"},
				"down": {"uv": [11.75, 7.25, 13.25, 8.25], "rotation": 270, "texture": "#0"}
			}
		},
		{
			"from": [6.17955, 3.94234, 21.10471],
			"to": [9.82045, 10.68258, 24.30692],
			"rotation": {"angle": 0, "axis": "y", "origin": [10.80908, 17.31508, -4.0662]},
			"faces": {
				"north": {"uv": [11.75, 7.25, 13.25, 8.25], "rotation": 270, "texture": "#0"},
				"east": {"uv": [11.75, 7.25, 13.25, 8.25], "rotation": 90, "texture": "#0"},
				"south": {"uv": [11.75, 7.25, 13.25, 8.25], "rotation": 270, "texture": "#0"},
				"west": {"uv": [11.75, 7.25, 13.25, 8.25], "rotation": 270, "texture": "#0"},
				"up": {"uv": [11.75, 7.25, 13.25, 8.25], "rotation": 270, "texture": "#0"},
				"down": {"uv": [11.75, 7.25, 13.25, 8.25], "rotation": 270, "texture": "#0"}
			}
		},
		{
			"from": [6.88875, 8.8227, 19.27014],
			"to": [9.11125, 11.46331, 22.72398],
			"rotation": {"angle": 22.5, "axis": "x", "origin": [8, 10.4238, 20.99706]},
			"faces": {
				"north": {"uv": [11.5, 6, 13, 7], "rotation": 270, "texture": "#0"},
				"east": {"uv": [11.5, 6, 13, 7], "rotation": 270, "texture": "#0"},
				"south": {"uv": [11.5, 6, 13, 7], "rotation": 270, "texture": "#0"},
				"west": {"uv": [11.5, 6, 13, 7], "rotation": 270, "texture": "#0"},
				"up": {"uv": [11.5, 6, 13, 7], "rotation": 270, "texture": "#0"},
				"down": {"uv": [11.5, 6, 13, 7], "rotation": 270, "texture": "#0"}
			}
		},
		{
			"from": [6.38755, 2.48218, 14.02855],
			"to": [9.61245, 5.29122, 21.16196],
			"rotation": {"angle": 0, "axis": "y", "origin": [10.80908, 13.04692, -11.14236]},
			"faces": {
				"north": {"uv": [11.5, 7.25, 13, 8.25], "texture": "#0"},
				"east": {"uv": [11.5, 7.25, 13, 8.25], "texture": "#0"},
				"south": {"uv": [11.5, 7.25, 13, 8.25], "texture": "#0"},
				"west": {"uv": [11.5, 7.25, 13, 8.25], "texture": "#0"},
				"up": {"uv": [11.5, 7.25, 13, 8.25], "texture": "#0"},
				"down": {"uv": [11.5, 7.25, 13, 8.25], "texture": "#0"}
			}
		},
		{
			"from": [6.38755, 1.13434, 6.22231],
			"to": [9.61245, 3.94338, 14.0858],
			"rotation": {"angle": 0, "axis": "y", "origin": [10.80908, 11.69908, -18.21852]},
			"faces": {
				"north": {"uv": [11.5, 7.25, 13, 8.25], "texture": "#0"},
				"east": {"uv": [11.5, 7.25, 13, 8.25], "texture": "#0"},
				"south": {"uv": [11.5, 7.25, 13, 8.25], "texture": "#0"},
				"west": {"uv": [11.5, 7.25, 13, 8.25], "texture": "#0"},
				"up": {"uv": [11.5, 7.25, 13, 8.25], "texture": "#0"},
				"down": {"uv": [11.5, 7.25, 13, 8.25], "texture": "#0"}
			}
		},
		{
			"from": [6.38755, 0.01114, -7.98617],
			"to": [9.61245, 2.82018, 6.2234],
			"rotation": {"angle": 0, "axis": "y", "origin": [10.80908, 10.57588, -32.82012]},
			"faces": {
				"north": {"uv": [11.5, 7.25, 13, 8.25], "texture": "#0"},
				"east": {"uv": [11.5, 7.25, 13, 8.25], "texture": "#0"},
				"south": {"uv": [11.5, 7.25, 13, 8.25], "texture": "#0"},
				"west": {"uv": [11.5, 7.25, 13, 8.25], "texture": "#0"},
				"up": {"uv": [11.5, 7.25, 13, 8.25], "texture": "#0"},
				"down": {"uv": [11.5, 7.25, 13, 8.25], "texture": "#0"}
			}
		},
		{
			"from": [7.03634, 3.7593, 24.30583],
			"to": [8.96366, 7.03218, 27.45188],
			"rotation": {"angle": 0, "axis": "y", "origin": [10.80908, 15.63028, -0.92124]},
			"faces": {
				"north": {"uv": [12, 7.75, 12.75, 8.25], "texture": "#0"},
				"east": {"uv": [12, 7.75, 12.75, 8.25], "texture": "#0"},
				"south": {"uv": [12, 7.75, 12.75, 8.25], "texture": "#0"},
				"west": {"uv": [12, 7.75, 12.75, 8.25], "texture": "#0"},
				"up": {"uv": [12, 7.75, 12.75, 8.25], "texture": "#0"},
				"down": {"uv": [12, 7.75, 12.75, 8.25], "texture": "#0"}
			}
		},
		{
			"from": [7.24434, 5.0281, 25.78679],
			"to": [8.75566, 10.12722, 29.17284],
			"rotation": {"angle": -22.5, "axis": "x", "origin": [8, 8.35766, 28.39981]},
			"faces": {
				"north": {"uv": [12, 7.75, 12.75, 8.25], "texture": "#0"},
				"east": {"uv": [12, 7.75, 12.75, 8.25], "texture": "#0"},
				"south": {"uv": [12, 7.75, 12.75, 8.25], "texture": "#0"},
				"west": {"uv": [12, 7.75, 12.75, 8.25], "texture": "#0"},
				"up": {"uv": [12, 7.75, 12.75, 8.25], "texture": "#0"},
				"down": {"uv": [12, 7.75, 12.75, 8.25], "texture": "#0"}
			}
		},
		{
			"from": [7.24434, 7.1081, 29.17284],
			"to": [8.75566, 10.12722, 30.85284],
			"rotation": {"angle": -22.5, "axis": "x", "origin": [8, 8.35766, 28.39981]},
			"faces": {
				"north": {"uv": [12, 7.75, 12.75, 8.25], "texture": "#0"},
				"east": {"uv": [12, 7.75, 12.75, 8.25], "texture": "#0"},
				"south": {"uv": [12, 7.75, 12.75, 8.25], "texture": "#0"},
				"west": {"uv": [12, 7.75, 12.75, 8.25], "texture": "#0"},
				"up": {"uv": [12, 7.75, 12.75, 8.25], "texture": "#0"},
				"down": {"uv": [12, 7.75, 12.75, 8.25], "texture": "#0"}
			}
		},
		{
			"from": [7.03634, 1.73754, 21.10471],
			"to": [8.96366, 3.97042, 24.30692],
			"rotation": {"angle": 0, "axis": "y", "origin": [10.80908, 15.63028, -4.0662]},
			"faces": {
				"north": {"uv": [12, 7.75, 12.75, 8.25], "texture": "#0"},
				"east": {"uv": [12, 7.75, 12.75, 8.25], "texture": "#0"},
				"south": {"uv": [12, 7.75, 12.75, 8.25], "texture": "#0"},
				"west": {"uv": [12, 7.75, 12.75, 8.25], "texture": "#0"},
				"up": {"uv": [12, 7.75, 12.75, 8.25], "texture": "#0"},
				"down": {"uv": [12, 7.75, 12.75, 8.25], "texture": "#0"}
			}
		},
		{
			"from": [7.03634, 0.79738, 14.02855],
			"to": [8.96366, 2.56642, 21.16196],
			"rotation": {"angle": 0, "axis": "y", "origin": [10.80908, 10.32212, -11.14236]},
			"faces": {
				"north": {"uv": [12, 7.75, 12.75, 8.25], "texture": "#0"},
				"east": {"uv": [12, 7.75, 12.75, 8.25], "texture": "#0"},
				"south": {"uv": [12, 7.75, 12.75, 8.25], "texture": "#0"},
				"west": {"uv": [12, 7.75, 12.75, 8.25], "texture": "#0"},
				"up": {"uv": [12, 7.75, 12.75, 8.25], "texture": "#0"},
				"down": {"uv": [12, 7.75, 12.75, 8.25], "texture": "#0"}
			}
		},
		{
			"from": [7.03634, -0.55046, 6.22231],
			"to": [8.96366, 1.21858, 14.0858],
			"rotation": {"angle": 0, "axis": "y", "origin": [10.80908, 8.97428, -18.21852]},
			"faces": {
				"north": {"uv": [12, 7.75, 12.75, 8.25], "texture": "#0"},
				"east": {"uv": [12, 7.75, 12.75, 8.25], "texture": "#0"},
				"south": {"uv": [12, 7.75, 12.75, 8.25], "texture": "#0"},
				"west": {"uv": [12, 7.75, 12.75, 8.25], "texture": "#0"},
				"up": {"uv": [12, 7.75, 12.75, 8.25], "texture": "#0"},
				"down": {"uv": [12, 7.75, 12.75, 8.25], "texture": "#0"}
			}
		},
		{
			"from": [7.03634, -2.08966, -7.98617],
			"to": [8.96366, 0.09538, 6.2234],
			"rotation": {"angle": 0, "axis": "y", "origin": [10.80908, 7.85108, -32.82012]},
			"faces": {
				"north": {"uv": [12, 7.75, 12.75, 8.25], "texture": "#0"},
				"east": {"uv": [12, 7.75, 12.75, 8.25], "texture": "#0"},
				"south": {"uv": [12, 7.75, 12.75, 8.25], "texture": "#0"},
				"west": {"uv": [12, 7.75, 12.75, 8.25], "texture": "#0"},
				"up": {"uv": [12, 7.75, 12.75, 8.25], "texture": "#0"},
				"down": {"uv": [12, 7.75, 12.75, 8.25], "texture": "#0"}
			}
		},
		{
			"from": [7.20324, -1.20464, -6.93263],
			"to": [8.79676, 3.87373, -4.33159],
			"rotation": {"angle": 22.5, "axis": "x", "origin": [8, 6.31614, -6.04811]},
			"faces": {
				"north": {"uv": [11.5, 6, 13, 7], "rotation": 270, "texture": "#0"},
				"east": {"uv": [11.5, 6, 13, 7], "rotation": 270, "texture": "#0"},
				"south": {"uv": [11.5, 6, 13, 7], "rotation": 270, "texture": "#0"},
				"west": {"uv": [11.5, 6, 13, 7], "rotation": 270, "texture": "#0"},
				"up": {"uv": [11.5, 6, 13, 7], "rotation": 270, "texture": "#0"},
				"down": {"uv": [11.5, 6, 13, 7], "rotation": 270, "texture": "#0"}
			}
		}
	],
	"display": {
		"head": {
			"translation": [0, -4.75, 66.25],
			"scale": [4, 4, 4]
		}
	},
	"groups": [
		{
			"name": "3",
			"origin": [8, 8, 8],
			"color": 0,
			"children": [
				0,
				1,
				2,
				3,
				4,
				5,
				6,
				{
					"name": "group",
					"origin": [8, 11.24696, 10.81226],
					"color": 0,
					"children": [7, 8]
				},
				{
					"name": "group",
					"origin": [8, 11.24696, 10.81226],
					"color": 0,
					"children": [9, 10, 11]
				},
				{
					"name": "group",
					"origin": [8, 11.24696, 10.81226],
					"color": 0,
					"children": [12, 13, 14, 15, 16]
				},
				{
					"name": "group",
					"origin": [8, 11.24696, 10.81226],
					"color": 0,
					"children": [17, 18, 19]
				},
				{
					"name": "group",
					"origin": [9.1165, 21.64321, -5.03048],
					"color": 0,
					"children": [20, 21, 22, 23, 24, 25]
				},
				{
					"name": "group",
					"origin": [9.1165, 21.64321, -5.03048],
					"color": 0,
					"children": [26, 27, 28, 29, 30, 31, 32, 33]
				}
			]
		}
	]
}