{
	"credit": "Made with Blockbench",
	"texture_size": [32, 32],
	"textures": {
		"0": "reus/head",
		"particle": "reus/head"
	},
	"elements": [
		{
			"from": [5.05059, 4.61142, -1.87072],
			"to": [10.94941, 8.49222, 2.2556],
			"rotation": {"angle": 0, "axis": "y", "origin": [11.99168, 8.6031, -14.81992]},
			"faces": {
				"north": {"uv": [2, 9.25, 3, 10.5], "texture": "#0"},
				"east": {"uv": [2, 9.25, 3, 10.5], "texture": "#0"},
				"south": {"uv": [2, 9.25, 3, 10.5], "texture": "#0"},
				"west": {"uv": [2, 9.25, 3, 10.5], "texture": "#0"},
				"up": {"uv": [2, 9.5, 3, 10.5], "texture": "#0"},
				"down": {"uv": [2, 9.25, 3, 10.5], "texture": "#0"}
			}
		},
		{
			"from": [6.65439, 8.49222, -1.07872],
			"to": [9.34561, 9.66042, -0.0412],
			"rotation": {"angle": 0, "axis": "y", "origin": [11.99168, 8.6031, -14.81992]},
			"faces": {
				"north": {"uv": [2, 9.25, 3, 10.5], "texture": "#0"},
				"east": {"uv": [2, 9.25, 3, 10.5], "texture": "#0"},
				"south": {"uv": [2, 9.25, 3, 10.5], "texture": "#0"},
				"west": {"uv": [0, 11, 1.5, 11.75], "texture": "#0"},
				"up": {"uv": [2, 9.5, 3, 10.5], "texture": "#0"},
				"down": {"uv": [2, 9.25, 3, 10.5], "texture": "#0"}
			}
		},
		{
			"from": [6.15939, 8.49222, -0.08872],
			"to": [9.84061, 10.15542, 6.6908],
			"rotation": {"angle": 0, "axis": "y", "origin": [11.99168, 8.6031, -14.81992]},
			"faces": {
				"north": {"uv": [2, 9.25, 3, 10.5], "texture": "#0"},
				"east": {"uv": [2, 9.25, 3, 10.5], "texture": "#0"},
				"south": {"uv": [2, 9.25, 3, 10.5], "texture": "#0"},
				"west": {"uv": [0, 11, 1.5, 11.75], "texture": "#0"},
				"up": {"uv": [2, 9.5, 3, 10.5], "texture": "#0"},
				"down": {"uv": [2, 9.25, 3, 10.5], "texture": "#0"}
			}
		},
		{
			"from": [4.49619, 4.61142, 2.2556],
			"to": [11.50381, 8.49222, 6.6908],
			"rotation": {"angle": 0, "axis": "y", "origin": [11.99168, 8.6031, -14.81992]},
			"faces": {
				"north": {"uv": [2, 9.25, 3, 10.5], "texture": "#0"},
				"east": {"uv": [2, 9.25, 3, 10.5], "texture": "#0"},
				"south": {"uv": [2, 9.25, 3, 10.5], "texture": "#0"},
				"west": {"uv": [2, 9.25, 3, 10.5], "texture": "#0"},
				"up": {"uv": [2, 9.5, 3, 10.5], "texture": "#0"},
				"down": {"uv": [2, 9.25, 3, 10.5], "texture": "#0"}
			}
		},
		{
			"from": [6.27027, 2.72646, -1.87072],
			"to": [9.72973, 4.61142, 2.36648],
			"rotation": {"angle": 0, "axis": "y", "origin": [11.99168, 8.6031, -14.81992]},
			"faces": {
				"north": {"uv": [0, 1.5, 1.5, 3], "texture": "#0"},
				"east": {"uv": [0, 1.5, 1.5, 3], "texture": "#0"},
				"south": {"uv": [0, 1.5, 1.5, 3], "texture": "#0"},
				"west": {"uv": [0, 1.5, 1.5, 3], "texture": "#0"},
				"up": {"uv": [0, 1.5, 1.5, 3], "texture": "#0"},
				"down": {"uv": [0, 1.5, 1.5, 3], "texture": "#0"}
			}
		},
		{
			"from": [5.71587, 2.17206, 2.2556],
			"to": [10.28413, 4.61142, 6.80168],
			"rotation": {"angle": 0, "axis": "y", "origin": [11.99168, 8.6031, -14.81992]},
			"faces": {
				"north": {"uv": [0, 1.5, 1.5, 3], "texture": "#0"},
				"east": {"uv": [0, 1.5, 1.5, 3], "texture": "#0"},
				"south": {"uv": [0, 1.5, 1.5, 3], "texture": "#0"},
				"west": {"uv": [0, 1.5, 1.5, 3], "texture": "#0"},
				"up": {"uv": [0, 1.5, 1.5, 3], "texture": "#0"},
				"down": {"uv": [0, 1.5, 1.5, 3], "texture": "#0"}
			}
		},
		{
			"from": [7.60083, 2.17206, 1.54597],
			"to": [8.39917, 2.83734, 3.54181],
			"rotation": {"angle": -45, "axis": "x", "origin": [8, 8.6031, -8.16712]},
			"faces": {
				"north": {"uv": [1, 3.5, 1.5, 4.25], "texture": "#0"},
				"east": {"uv": [1, 3.5, 1.5, 4.25], "texture": "#0"},
				"south": {"uv": [1, 3.5, 1.5, 4.25], "texture": "#0"},
				"west": {"uv": [1, 3.5, 1.5, 4.25], "texture": "#0"},
				"up": {"uv": [1, 3.5, 1.5, 4.25], "texture": "#0"},
				"down": {"uv": [1, 3.5, 1.5, 4.25], "texture": "#0"}
			}
		},
		{
			"from": [6.93555, 2.17206, -1.11515],
			"to": [9.06445, 3.50262, 1.54597],
			"rotation": {"angle": -45, "axis": "x", "origin": [8, 8.6031, -8.16712]},
			"faces": {
				"north": {"uv": [2.25, 7.25, 2.75, 8], "texture": "#0"},
				"east": {"uv": [2.25, 7.25, 2.75, 8], "rotation": 270, "texture": "#0"},
				"south": {"uv": [0, 7, 0.5, 7.25], "texture": "#0"},
				"west": {"uv": [2.25, 7.25, 2.75, 8], "rotation": 90, "texture": "#0"},
				"up": {"uv": [2.25, 7.25, 2.75, 8], "rotation": 180, "texture": "#0"},
				"down": {"uv": [2.25, 7.25, 2.75, 8], "texture": "#0"}
			}
		},
		{
			"from": [7.60083, -0.2673, 3.76357],
			"to": [8.39917, 0.39798, 5.75941],
			"rotation": {"angle": -45, "axis": "x", "origin": [8, 8.6031, -8.16712]},
			"faces": {
				"north": {"uv": [1, 3.5, 1.5, 4.25], "texture": "#0"},
				"east": {"uv": [1, 3.5, 1.5, 4.25], "texture": "#0"},
				"south": {"uv": [1, 3.5, 1.5, 4.25], "texture": "#0"},
				"west": {"uv": [1, 3.5, 1.5, 4.25], "texture": "#0"},
				"up": {"uv": [1, 3.5, 1.5, 4.25], "texture": "#0"},
				"down": {"uv": [1, 3.5, 1.5, 4.25], "texture": "#0"}
			}
		},
		{
			"from": [6.93555, -0.2673, 1.10245],
			"to": [9.06445, 1.06326, 3.76357],
			"rotation": {"angle": -45, "axis": "x", "origin": [8, 8.6031, -8.16712]},
			"faces": {
				"north": {"uv": [2.25, 7.25, 2.75, 8], "texture": "#0"},
				"east": {"uv": [2.25, 7.25, 2.75, 8], "rotation": 270, "texture": "#0"},
				"south": {"uv": [0, 7, 0.5, 7.25], "texture": "#0"},
				"west": {"uv": [2.25, 7.25, 2.75, 8], "rotation": 90, "texture": "#0"},
				"up": {"uv": [2.25, 7.25, 2.75, 8], "rotation": 180, "texture": "#0"},
				"down": {"uv": [2.25, 7.25, 2.75, 8], "texture": "#0"}
			}
		}
	],
	"display": {
		"head": {
			"translation": [0, 0, 13.75],
			"scale": [4, 4, 4]
		}
	},
	"groups": [
		{
			"name": "root",
			"origin": [8, 8, 8],
			"children": [
				{
					"name": "body",
					"origin": [8, 8, 8],
					"children": [
						{
							"name": "group",
							"origin": [8, 8, 8],
							"children": [0, 1, 2, 3, 4, 5, 6, 7, 8, 9]
						}
					]
				}
			]
		}
	]
}