{
	"credit": "Made with Blockbench",
	"texture_size": [32, 32],
	"textures": {
		"0": "reus/head",
		"particle": "reus/head"
	},
	"elements": [
		{
			"from": [4.49619, 4.61142, 6.6908],
			"to": [11.50381, 8.49222, 14.62232],
			"rotation": {"angle": 0, "axis": "y", "origin": [11.99168, 8.6031, -14.81992]},
			"faces": {
				"north": {"uv": [2, 9.25, 3, 10.5], "texture": "#0"},
				"east": {"uv": [2, 9.25, 3, 10.5], "texture": "#0"},
				"south": {"uv": [2, 9.25, 3, 10.5], "texture": "#0"},
				"west": {"uv": [2, 9.25, 3, 10.5], "texture": "#0"},
				"up": {"uv": [2, 9.5, 3, 10.5], "texture": "#0"},
				"down": {"uv": [2, 9.25, 3, 10.5], "texture": "#0"}
			}
		},
		{
			"from": [4.85619, 4.61142, 14.5208],
			"to": [11.14381, 8.49222, 18.22232],
			"rotation": {"angle": 0, "axis": "y", "origin": [11.99168, 8.6031, -11.21992]},
			"faces": {
				"north": {"uv": [2, 9.25, 3, 10.5], "texture": "#0"},
				"east": {"uv": [2, 9.25, 3, 10.5], "texture": "#0"},
				"south": {"uv": [2, 9.25, 3, 10.5], "texture": "#0"},
				"west": {"uv": [2, 9.25, 3, 10.5], "texture": "#0"},
				"up": {"uv": [2, 9.5, 3, 10.5], "texture": "#0"},
				"down": {"uv": [2, 9.25, 3, 10.5], "texture": "#0"}
			}
		},
		{
			"from": [6.15939, 8.49222, 6.6908],
			"to": [9.84061, 10.15542, 15.45032],
			"rotation": {"angle": 0, "axis": "y", "origin": [11.99168, 8.6031, -14.81992]},
			"faces": {
				"north": {"uv": [2, 9.25, 3, 10.5], "texture": "#0"},
				"east": {"uv": [2, 9.25, 3, 10.5], "texture": "#0"},
				"south": {"uv": [2, 9.25, 3, 10.5], "texture": "#0"},
				"west": {"uv": [0, 11, 1.5, 11.75], "texture": "#0"},
				"up": {"uv": [2, 9.5, 3, 10.5], "texture": "#0"},
				"down": {"uv": [2, 9.25, 3, 10.5], "texture": "#0"}
			}
		},
		{
			"from": [5.71587, 2.17206, 6.6908],
			"to": [10.28413, 4.61142, 18.22232],
			"rotation": {"angle": 0, "axis": "y", "origin": [11.99168, 8.6031, -14.81992]},
			"faces": {
				"north": {"uv": [0, 1.5, 1.5, 3], "texture": "#0"},
				"east": {"uv": [0, 1.5, 1.5, 3], "texture": "#0"},
				"south": {"uv": [0, 1.5, 1.5, 3], "texture": "#0"},
				"west": {"uv": [0, 1.5, 1.5, 3], "texture": "#0"},
				"up": {"uv": [0, 1.5, 1.5, 3], "texture": "#0"},
				"down": {"uv": [0, 1.5, 1.5, 3], "texture": "#0"}
			}
		},
		{
			"from": [7.60083, -2.92842, 6.20293],
			"to": [8.39917, -2.26314, 8.19877],
			"rotation": {"angle": -45, "axis": "x", "origin": [8, 8.6031, -8.16712]},
			"faces": {
				"north": {"uv": [1, 3.5, 1.5, 4.25], "texture": "#0"},
				"east": {"uv": [1, 3.5, 1.5, 4.25], "texture": "#0"},
				"south": {"uv": [1, 3.5, 1.5, 4.25], "texture": "#0"},
				"west": {"uv": [1, 3.5, 1.5, 4.25], "texture": "#0"},
				"up": {"uv": [1, 3.5, 1.5, 4.25], "texture": "#0"},
				"down": {"uv": [1, 3.5, 1.5, 4.25], "texture": "#0"}
			}
		},
		{
			"from": [6.93555, -5.14602, 5.20501],
			"to": [9.06445, -3.81546, 7.86613],
			"rotation": {"angle": -45, "axis": "x", "origin": [8, 8.6031, -8.16712]},
			"faces": {
				"north": {"uv": [2.25, 7.25, 2.75, 8], "texture": "#0"},
				"east": {"uv": [2.25, 7.25, 2.75, 8], "rotation": 270, "texture": "#0"},
				"south": {"uv": [0, 7, 0.5, 7.25], "texture": "#0"},
				"west": {"uv": [2.25, 7.25, 2.75, 8], "rotation": 90, "texture": "#0"},
				"up": {"uv": [2.25, 7.25, 2.75, 8], "rotation": 180, "texture": "#0"},
				"down": {"uv": [2.25, 7.25, 2.75, 8], "texture": "#0"}
			}
		},
		{
			"from": [7.60083, -5.14602, 7.86613],
			"to": [8.39917, -4.48074, 9.86197],
			"rotation": {"angle": -45, "axis": "x", "origin": [8, 8.6031, -8.16712]},
			"faces": {
				"north": {"uv": [1, 3.5, 1.5, 4.25], "texture": "#0"},
				"east": {"uv": [1, 3.5, 1.5, 4.25], "texture": "#0"},
				"south": {"uv": [1, 3.5, 1.5, 4.25], "texture": "#0"},
				"west": {"uv": [1, 3.5, 1.5, 4.25], "texture": "#0"},
				"up": {"uv": [1, 3.5, 1.5, 4.25], "texture": "#0"},
				"down": {"uv": [1, 3.5, 1.5, 4.25], "texture": "#0"}
			}
		},
		{
			"from": [7.60083, -8.47242, 10.08373],
			"to": [8.39917, -7.80714, 12.07957],
			"rotation": {"angle": -45, "axis": "x", "origin": [8, 8.6031, -8.16712]},
			"faces": {
				"north": {"uv": [1, 3.5, 1.5, 4.25], "texture": "#0"},
				"east": {"uv": [1, 3.5, 1.5, 4.25], "texture": "#0"},
				"south": {"uv": [1, 3.5, 1.5, 4.25], "texture": "#0"},
				"west": {"uv": [1, 3.5, 1.5, 4.25], "texture": "#0"},
				"up": {"uv": [1, 3.5, 1.5, 4.25], "texture": "#0"},
				"down": {"uv": [1, 3.5, 1.5, 4.25], "texture": "#0"}
			}
		},
		{
			"from": [6.93555, -8.65062, 7.42261],
			"to": [9.06445, -7.14186, 10.08373],
			"rotation": {"angle": -45, "axis": "x", "origin": [8, 8.6031, -8.16712]},
			"faces": {
				"north": {"uv": [2.25, 7.25, 2.75, 8], "texture": "#0"},
				"east": {"uv": [2.25, 7.25, 2.75, 8], "rotation": 270, "texture": "#0"},
				"south": {"uv": [0, 7, 0.5, 7.25], "texture": "#0"},
				"west": {"uv": [2.25, 7.25, 2.75, 8], "rotation": 90, "texture": "#0"},
				"up": {"uv": [2.25, 7.25, 2.75, 8], "rotation": 180, "texture": "#0"},
				"down": {"uv": [2.25, 7.25, 2.75, 8], "texture": "#0"}
			}
		},
		{
			"from": [6.93555, -2.92842, 3.54181],
			"to": [9.06445, -1.59786, 6.20293],
			"rotation": {"angle": -45, "axis": "x", "origin": [8, 8.6031, -8.16712]},
			"faces": {
				"north": {"uv": [2.25, 7.25, 2.75, 8], "texture": "#0"},
				"east": {"uv": [2.25, 7.25, 2.75, 8], "rotation": 270, "texture": "#0"},
				"south": {"uv": [0, 7, 0.5, 7.25], "texture": "#0"},
				"west": {"uv": [2.25, 7.25, 2.75, 8], "rotation": 90, "texture": "#0"},
				"up": {"uv": [2.25, 7.25, 2.75, 8], "rotation": 180, "texture": "#0"},
				"down": {"uv": [2.25, 7.25, 2.75, 8], "texture": "#0"}
			}
		}
	],
	"display": {
		"head": {
			"translation": [0, 0, -17.75],
			"scale": [4, 4, 4]
		}
	},
	"groups": [
		{
			"name": "root",
			"origin": [8, 8, 8],
			"children": [
				{
					"name": "body",
					"origin": [8, 8, 8],
					"children": [
						{
							"name": "group",
							"origin": [9.8, 10.53615, -0.43345],
							"children": [0, 1, 2, 3, 4, 5, 6, 7, 8, 9]
						}
					]
				}
			]
		}
	]
}