{
	"credit": "Made with Blockbench",
	"texture_size": [32, 32],
	"textures": {
		"0": "reus/head",
		"particle": "reus/head"
	},
	"elements": [
		{
			"from": [6.66214, 18.02935, 7.2111],
			"to": [9.90214, 19.10935, 9.9111],
			"rotation": {"angle": 22.5, "axis": "x", "origin": [8.03914, 13.44782, 6.78911]},
			"faces": {
				"north": {"uv": [8.5, 1.75, 9.5, 3], "texture": "#0"},
				"east": {"uv": [8.5, 1.75, 9.5, 3], "texture": "#0"},
				"south": {"uv": [8.5, 1.75, 9.5, 3], "texture": "#0"},
				"west": {"uv": [8.5, 1.75, 9.5, 3], "texture": "#0"},
				"up": {"uv": [8.5, 1.75, 9.5, 3], "texture": "#0"},
				"down": {"uv": [8.5, 1.75, 9.5, 3], "texture": "#0"}
			}
		},
		{
			"from": [6.12214, 11.54935, 7.2111],
			"to": [9.90214, 18.02935, 10.9911],
			"rotation": {"angle": 22.5, "axis": "x", "origin": [8.03914, 13.44782, 6.78911]},
			"faces": {
				"north": {"uv": [8.5, 1.75, 9.5, 3], "texture": "#0"},
				"east": {"uv": [8.5, 1.75, 9.5, 3], "texture": "#0"},
				"south": {"uv": [8.5, 1.75, 9.5, 3], "texture": "#0"},
				"west": {"uv": [8.5, 1.75, 9.5, 3], "texture": "#0"},
				"up": {"uv": [8.5, 1.75, 9.5, 3], "texture": "#0"},
				"down": {"uv": [8.5, 1.75, 9.5, 3], "texture": "#0"}
			}
		},
		{
			"from": [6.66214, 8.84935, 7.2111],
			"to": [9.36214, 11.54935, 9.9111],
			"rotation": {"angle": 22.5, "axis": "x", "origin": [8.03914, 13.44782, 6.78911]},
			"faces": {
				"north": {"uv": [8.5, 1.75, 9.5, 3], "texture": "#0"},
				"east": {"uv": [8.5, 1.75, 9.5, 3], "texture": "#0"},
				"south": {"uv": [8.5, 1.75, 9.5, 3], "texture": "#0"},
				"west": {"uv": [8.5, 1.75, 9.5, 3], "texture": "#0"},
				"up": {"uv": [8.5, 1.75, 9.5, 3], "texture": "#0"},
				"down": {"uv": [8.5, 1.75, 9.5, 3], "texture": "#0"}
			}
		},
		{
			"from": [6.66214, 11.54935, 6.1311],
			"to": [9.36214, 18.02935, 7.2111],
			"rotation": {"angle": 22.5, "axis": "x", "origin": [8.03914, 13.44782, 6.78911]},
			"faces": {
				"north": {"uv": [8.5, 1.75, 9.5, 3], "texture": "#0"},
				"east": {"uv": [8.5, 1.75, 9.5, 3], "texture": "#0"},
				"south": {"uv": [8.5, 1.75, 9.5, 3], "texture": "#0"},
				"west": {"uv": [8.5, 1.75, 9.5, 3], "texture": "#0"},
				"up": {"uv": [8.5, 1.75, 9.5, 3], "texture": "#0"},
				"down": {"uv": [8.5, 1.75, 9.5, 3], "texture": "#0"}
			}
		},
		{
			"from": [7.20214, 8.30935, 6.1311],
			"to": [8.82214, 11.54935, 7.2111],
			"rotation": {"angle": 22.5, "axis": "x", "origin": [8.03914, 13.44782, 6.78911]},
			"faces": {
				"north": {"uv": [8.5, 1.75, 9.5, 3], "texture": "#0"},
				"east": {"uv": [8.5, 1.75, 9.5, 3], "texture": "#0"},
				"south": {"uv": [8.5, 1.75, 9.5, 3], "texture": "#0"},
				"west": {"uv": [8.5, 1.75, 9.5, 3], "texture": "#0"},
				"up": {"uv": [8.5, 1.75, 9.5, 3], "texture": "#0"},
				"down": {"uv": [8.5, 1.75, 9.5, 3], "texture": "#0"}
			}
		},
		{
			"from": [7.52614, 6.14935, 6.3471],
			"to": [8.49814, 8.30935, 7.2111],
			"rotation": {"angle": 22.5, "axis": "x", "origin": [8.03914, 13.44782, 6.78911]},
			"faces": {
				"north": {"uv": [8.5, 1.75, 9.5, 3], "texture": "#0"},
				"east": {"uv": [8.5, 1.75, 9.5, 3], "texture": "#0"},
				"south": {"uv": [8.5, 1.75, 9.5, 3], "texture": "#0"},
				"west": {"uv": [8.5, 1.75, 9.5, 3], "texture": "#0"},
				"up": {"uv": [8.5, 1.75, 9.5, 3], "texture": "#0"},
				"down": {"uv": [8.5, 1.75, 9.5, 3], "texture": "#0"}
			}
		},
		{
			"from": [7.41814, 12.65538, 5.30924],
			"to": [8.60614, 14.81538, 6.49724],
			"rotation": {"angle": -22.5, "axis": "x", "origin": [8.03914, 13.44782, 6.78911]},
			"faces": {
				"north": {"uv": [8.5, 1.75, 9.5, 3], "texture": "#0"},
				"east": {"uv": [8.5, 1.75, 9.5, 3], "texture": "#0"},
				"south": {"uv": [8.5, 1.75, 9.5, 3], "texture": "#0"},
				"west": {"uv": [8.5, 1.75, 9.5, 3], "texture": "#0"},
				"up": {"uv": [8.5, 1.75, 9.5, 3], "texture": "#0"},
				"down": {"uv": [8.5, 1.75, 9.5, 3], "texture": "#0"}
			}
		},
		{
			"from": [7.74214, 14.27538, 5.63324],
			"to": [8.28214, 16.43538, 6.17324],
			"rotation": {"angle": -22.5, "axis": "x", "origin": [8.03914, 13.44782, 6.78911]},
			"faces": {
				"north": {"uv": [7.5, 4.5, 7.75, 5], "texture": "#0"},
				"east": {"uv": [7.5, 4.5, 7.75, 5], "texture": "#0"},
				"south": {"uv": [7.5, 4.5, 7.75, 5], "texture": "#0"},
				"west": {"uv": [7.5, 4.5, 7.75, 5], "texture": "#0"},
				"up": {"uv": [7.5, 4.5, 7.75, 5], "texture": "#0"},
				"down": {"uv": [7.5, 4.5, 7.75, 5], "texture": "#0"}
			}
		},
		{
			"from": [7.41814, 14.27538, 6.92924],
			"to": [8.60614, 16.43538, 8.11724],
			"rotation": {"angle": -22.5, "axis": "x", "origin": [8.03914, 13.44782, 6.78911]},
			"faces": {
				"north": {"uv": [8.5, 1.75, 9.5, 3], "texture": "#0"},
				"east": {"uv": [8.5, 1.75, 9.5, 3], "texture": "#0"},
				"south": {"uv": [8.5, 1.75, 9.5, 3], "texture": "#0"},
				"west": {"uv": [8.5, 1.75, 9.5, 3], "texture": "#0"},
				"up": {"uv": [8.5, 1.75, 9.5, 3], "texture": "#0"},
				"down": {"uv": [8.5, 1.75, 9.5, 3], "texture": "#0"}
			}
		},
		{
			"from": [7.74214, 15.89538, 7.25324],
			"to": [8.28214, 18.05538, 7.79324],
			"rotation": {"angle": -22.5, "axis": "x", "origin": [8.03914, 13.44782, 6.78911]},
			"faces": {
				"north": {"uv": [7.5, 4.5, 7.75, 5], "texture": "#0"},
				"east": {"uv": [7.5, 4.5, 7.75, 5], "texture": "#0"},
				"south": {"uv": [7.5, 4.5, 7.75, 5], "texture": "#0"},
				"west": {"uv": [7.5, 4.5, 7.75, 5], "texture": "#0"},
				"up": {"uv": [7.5, 4.5, 7.75, 5], "texture": "#0"},
				"down": {"uv": [7.5, 4.5, 7.75, 5], "texture": "#0"}
			}
		}
	],
	"display": {
		"head": {
			"translation": [0, -32.25, -5.5],
			"scale": [4, 4, 4]
		}
	},
	"groups": [
		{
			"name": "root",
			"origin": [8, 8, 8],
			"children": [
				{
					"name": "leg_l",
					"origin": [8, 8, 8],
					"children": [
						{
							"name": "0",
							"origin": [8, 8, 8],
							"children": [0, 1, 2, 3, 4, 5,
								{
									"name": "group",
									"origin": [0, 0, 0],
									"children": [6, 7]
								},
								{
									"name": "group",
									"origin": [0, 0, 0],
									"children": [8, 9]
								}
							]
						}
					]
				}
			]
		}
	]
}