{
	"credit": "Made with Blockbench",
	"texture_size": [32, 32],
	"textures": {
		"0": "reus/head",
		"particle": "reus/head"
	},
	"elements": [
		{
			"from": [6.85386, 5.12335, 3.8091],
			"to": [9.12186, 7.39135, 11.3691],
			"rotation": {"angle": 45, "axis": "x", "origin": [7.98786, 4.09735, 9.2091]},
			"faces": {
				"north": {"uv": [3, 10, 1.5, 10.5], "rotation": 180, "texture": "#0"},
				"east": {"uv": [3, 10, 1.5, 11.25], "rotation": 180, "texture": "#0"},
				"south": {"uv": [3, 9.5, 1.5, 10.25], "texture": "#0"},
				"west": {"uv": [3, 10, 1.5, 11.25], "rotation": 180, "texture": "#0"},
				"up": {"uv": [3, 10.5, 1.5, 11.75], "rotation": 180, "texture": "#0"},
				"down": {"uv": [3, 9.5, 1.5, 10.5], "texture": "#0"}
			}
		}
	],
	"display": {
		"head": {
			"rotation": [45, 0, 0],
			"translation": [0, -10.75, -1],
			"scale": [4, 4, 4]
		}
	},
	"groups": [
		{
			"name": "root",
			"origin": [8, 8, 8],
			"children": [
				{
					"name": "leg_l",
					"origin": [8, 8, 8],
					"children": [
						{
							"name": "1",
							"origin": [8, 8, 8],
							"children": [0]
						}
					]
				}
			]
		}
	]
}