{
	"credit": "Made with Blockbench",
	"texture_size": [32, 32],
	"textures": {
		"0": "reus/head",
		"particle": "reus/head"
	},
	"elements": [
		{
			"from": [6.66214, 3.55735, 9.4791],
			"to": [9.36214, 5.71735, 14.8791],
			"rotation": {"angle": -22.5, "axis": "x", "origin": [8.01214, 3.95359, 15.11371]},
			"faces": {
				"north": {"uv": [1.5, 9.75, 3, 11], "texture": "#0"},
				"east": {"uv": [1.5, 9.75, 3, 11], "texture": "#0"},
				"south": {"uv": [1.5, 9.75, 3, 11], "texture": "#0"},
				"west": {"uv": [1.5, 9.75, 3, 11], "texture": "#0"},
				"up": {"uv": [1.5, 9.75, 3, 10.5], "texture": "#0"},
				"down": {"uv": [1.5, 10.5, 3, 11.75], "texture": "#0"}
			}
		},
		{
			"from": [5.58214, 1.39735, 7.3191],
			"to": [10.44214, 3.55735, 10.0191],
			"rotation": {"angle": 0, "axis": "y", "origin": [-5.21786, 0.85735, -14.8209]},
			"faces": {
				"north": {"uv": [1.5, 9.75, 3, 11], "texture": "#0"},
				"east": {"uv": [1.5, 9.75, 3, 11], "texture": "#0"},
				"south": {"uv": [1.5, 9.75, 3, 11], "texture": "#0"},
				"west": {"uv": [1.5, 9.75, 3, 11], "texture": "#0"},
				"up": {"uv": [1.5, 9.75, 3, 10.5], "texture": "#0"},
				"down": {"uv": [1.5, 10.5, 3, 11.75], "texture": "#0"}
			}
		},
		{
			"from": [7.20214, 0.85735, 5.6991],
			"to": [8.82214, 2.47735, 8.3991],
			"rotation": {"angle": -22.5, "axis": "x", "origin": [8.01214, 2.09935, 5.6991]},
			"faces": {
				"north": {"uv": [1.5, 9.75, 3, 11], "texture": "#0"},
				"east": {"uv": [1.5, 9.75, 3, 11], "texture": "#0"},
				"south": {"uv": [1.5, 9.75, 3, 11], "texture": "#0"},
				"west": {"uv": [1.5, 9.75, 3, 11], "texture": "#0"},
				"up": {"uv": [1.5, 9.75, 3, 10.5], "texture": "#0"},
				"down": {"uv": [1.5, 10.5, 3, 11.75], "texture": "#0"}
			}
		},
		{
			"from": [7.41814, 0.85735, 2.9991],
			"to": [8.60614, 2.04535, 5.6991],
			"rotation": {"angle": -45, "axis": "x", "origin": [8.01214, 2.09935, 5.6991]},
			"faces": {
				"north": {"uv": [9.25, 8, 10, 8.75], "texture": "#0"},
				"east": {"uv": [9.25, 8, 10, 8.75], "texture": "#0"},
				"south": {"uv": [9.25, 8, 10, 8.75], "texture": "#0"},
				"west": {"uv": [9.25, 8, 10, 8.75], "texture": "#0"},
				"up": {"uv": [9.25, 8, 10, 8.75], "texture": "#0"},
				"down": {"uv": [9.25, 8, 10, 8.75], "texture": "#0"}
			}
		},
		{
			"from": [5.04214, 0.85735, 5.6991],
			"to": [6.66214, 2.47735, 8.3991],
			"rotation": {"angle": -22.5, "axis": "x", "origin": [8.01214, 2.09935, 5.6991]},
			"faces": {
				"north": {"uv": [1.5, 9.75, 3, 11], "texture": "#0"},
				"east": {"uv": [1.5, 9.75, 3, 11], "texture": "#0"},
				"south": {"uv": [1.5, 9.75, 3, 11], "texture": "#0"},
				"west": {"uv": [1.5, 9.75, 3, 11], "texture": "#0"},
				"up": {"uv": [1.5, 9.75, 3, 10.5], "texture": "#0"},
				"down": {"uv": [1.5, 10.5, 3, 11.75], "texture": "#0"}
			}
		},
		{
			"from": [5.25814, 0.85735, 2.9991],
			"to": [6.44614, 2.04535, 5.6991],
			"rotation": {"angle": -45, "axis": "x", "origin": [8.01214, 2.09935, 5.6991]},
			"faces": {
				"north": {"uv": [9.25, 8, 10, 8.75], "texture": "#0"},
				"east": {"uv": [9.25, 8, 10, 8.75], "texture": "#0"},
				"south": {"uv": [9.25, 8, 10, 8.75], "texture": "#0"},
				"west": {"uv": [9.25, 8, 10, 8.75], "texture": "#0"},
				"up": {"uv": [9.25, 8, 10, 8.75], "texture": "#0"},
				"down": {"uv": [9.25, 8, 10, 8.75], "texture": "#0"}
			}
		},
		{
			"from": [9.36214, 0.85735, 5.6991],
			"to": [10.98214, 2.47735, 8.3991],
			"rotation": {"angle": -22.5, "axis": "x", "origin": [8.01214, 2.09935, 5.6991]},
			"faces": {
				"north": {"uv": [1.5, 9.75, 3, 11], "texture": "#0"},
				"east": {"uv": [1.5, 9.75, 3, 11], "texture": "#0"},
				"south": {"uv": [1.5, 9.75, 3, 11], "texture": "#0"},
				"west": {"uv": [1.5, 9.75, 3, 11], "texture": "#0"},
				"up": {"uv": [1.5, 9.75, 3, 10.5], "texture": "#0"},
				"down": {"uv": [1.5, 10.5, 3, 11.75], "texture": "#0"}
			}
		},
		{
			"from": [9.57814, 0.85735, 2.9991],
			"to": [10.76614, 2.04535, 5.6991],
			"rotation": {"angle": -45, "axis": "x", "origin": [8.01214, 2.09935, 5.6991]},
			"faces": {
				"north": {"uv": [9.25, 8, 10, 8.75], "texture": "#0"},
				"east": {"uv": [9.25, 8, 10, 8.75], "texture": "#0"},
				"south": {"uv": [9.25, 8, 10, 8.75], "texture": "#0"},
				"west": {"uv": [9.25, 8, 10, 8.75], "texture": "#0"},
				"up": {"uv": [9.25, 8, 10, 8.75], "texture": "#0"},
				"down": {"uv": [9.25, 8, 10, 8.75], "texture": "#0"}
			}
		},
		{
			"from": [7.20214, 3.19089, 13.64353],
			"to": [8.82214, 4.81089, 16.34353],
			"rotation": {"angle": 22.5, "axis": "x", "origin": [8.01214, 3.41359, 14.68171]},
			"faces": {
				"north": {"uv": [2, 6.25, 2.75, 7], "texture": "#0"},
				"east": {"uv": [2, 6.25, 2.75, 7], "texture": "#0"},
				"south": {"uv": [2, 6.25, 2.75, 7], "texture": "#0"},
				"west": {"uv": [2, 6.25, 2.75, 7], "texture": "#0"},
				"up": {"uv": [2, 6.25, 2.75, 7], "texture": "#0"},
				"down": {"uv": [2, 6.25, 2.75, 7], "texture": "#0"}
			}
		},
		{
			"from": [7.41814, 3.74925, 15.82696],
			"to": [8.60614, 4.93725, 18.52696],
			"rotation": {"angle": 45, "axis": "x", "origin": [8.01214, 3.41359, 14.68171]},
			"faces": {
				"north": {"uv": [9.25, 8, 10, 8.75], "texture": "#0"},
				"east": {"uv": [9.25, 8, 10, 8.75], "texture": "#0"},
				"south": {"uv": [9.25, 8, 10, 8.75], "texture": "#0"},
				"west": {"uv": [9.25, 8, 10, 8.75], "texture": "#0"},
				"up": {"uv": [9.25, 8, 10, 8.75], "texture": "#0"},
				"down": {"uv": [9.25, 8, 10, 8.75], "texture": "#0"}
			}
		}
	],
	"display": {
		"head": {
			"translation": [0, 8, -22],
			"scale": [4, 4, 4]
		}
	},
	"groups": [
		{
			"name": "root",
			"origin": [8, 8, 8],
			"children": [
				{
					"name": "leg_l",
					"origin": [8, 8, 8],
					"children": [
						{
							"name": "2",
							"origin": [8, 8, 8],
							"children": [0, 1, 2, 3, 4, 5, 6, 7, 8, 9]
						}
					]
				}
			]
		}
	]
}