{
	"credit": "Made with Blockbench",
	"texture_size": [32, 32],
	"textures": {
		"0": "reus/head",
		"particle": "reus/head"
	},
	"elements": [
		{
			"from": [6.596, 8.54, 4.84486],
			"to": [9.404, 9.08, 9.70486],
			"rotation": {"angle": 0, "axis": "y", "origin": [11.24, 9.08, 1.60486]},
			"faces": {
				"north": {"uv": [2, 9.75, 3, 10.5], "texture": "#0"},
				"east": {"uv": [2, 9.75, 3, 10.5], "texture": "#0"},
				"south": {"uv": [2, 9.75, 3, 10.5], "texture": "#0"},
				"west": {"uv": [2, 9.75, 3, 10.5], "texture": "#0"},
				"up": {"uv": [0, 7, 0.25, 7.5], "texture": "#0"},
				"down": {"uv": [2, 9.75, 3, 10.5], "texture": "#0"}
			}
		},
		{
			"from": [6.056, 5.84, 4.84486],
			"to": [9.944, 8.54, 9.70486],
			"rotation": {"angle": 0, "axis": "y", "origin": [11.24, 9.08, 1.60486]},
			"faces": {
				"north": {"uv": [2, 9.75, 3, 10.5], "texture": "#0"},
				"east": {"uv": [2, 9.75, 3, 10.5], "texture": "#0"},
				"south": {"uv": [2, 9.75, 3, 10.5], "texture": "#0"},
				"west": {"uv": [2, 9.75, 3, 10.5], "texture": "#0"},
				"up": {"uv": [0.75, 7, 1, 7.5], "texture": "#0"},
				"down": {"uv": [2, 9.75, 3, 10.5], "texture": "#0"}
			}
		},
		{
			"from": [6.596, 4.76, 4.84486],
			"to": [9.404, 5.84, 9.70486],
			"rotation": {"angle": 0, "axis": "y", "origin": [11.24, 9.08, 1.60486]},
			"faces": {
				"north": {"uv": [0, 2.75, 1.5, 3], "texture": "#0"},
				"east": {"uv": [0.25, 2.5, 1, 3], "texture": "#0"},
				"south": {"uv": [0, 1.5, 1.5, 3], "texture": "#0"},
				"west": {"uv": [0.25, 2.5, 1.25, 3], "texture": "#0"},
				"up": {"uv": [0, 1.5, 1.5, 3], "texture": "#0"},
				"down": {"uv": [0, 1.5, 1.5, 3], "rotation": 180, "texture": "#0"}
			}
		},
		{
			"from": [7.136, 9.08, 5.70886],
			"to": [8.864, 10.16, 7.86886],
			"rotation": {"angle": -45, "axis": "x", "origin": [8, 9.08, 7.00486]},
			"faces": {
				"north": {"uv": [1.25, 3.5, 1.5, 4.25], "texture": "#0"},
				"east": {"uv": [1.25, 3.5, 1.5, 4.25], "texture": "#0"},
				"south": {"uv": [1.25, 3.5, 1.5, 4.25], "texture": "#0"},
				"west": {"uv": [1.25, 3.5, 1.5, 4.25], "texture": "#0"},
				"up": {"uv": [1.25, 3.5, 1.5, 4.25], "texture": "#0"},
				"down": {"uv": [1.25, 3.5, 1.5, 4.25], "texture": "#0"}
			}
		},
		{
			"from": [7.676, 7.46, 9.48886],
			"to": [8.324, 8, 11.10886],
			"rotation": {"angle": -45, "axis": "x", "origin": [8, 9.08, 7.00486]},
			"faces": {
				"north": {"uv": [1.25, 3.5, 1.5, 4.25], "texture": "#0"},
				"east": {"uv": [1.25, 3.5, 1.5, 4.25], "texture": "#0"},
				"south": {"uv": [1.25, 3.5, 1.5, 4.25], "texture": "#0"},
				"west": {"uv": [1.25, 3.5, 1.5, 4.25], "texture": "#0"},
				"up": {"uv": [1.25, 3.5, 1.5, 4.25], "texture": "#0"},
				"down": {"uv": [1.25, 3.5, 1.5, 4.25], "texture": "#0"}
			}
		},
		{
			"from": [7.136, 7.46, 7.32886],
			"to": [8.864, 8.54, 9.48886],
			"rotation": {"angle": -45, "axis": "x", "origin": [8, 9.08, 7.00486]},
			"faces": {
				"north": {"uv": [1.25, 3.5, 1.5, 4.25], "texture": "#0"},
				"east": {"uv": [1.25, 3.5, 1.5, 4.25], "texture": "#0"},
				"south": {"uv": [1.25, 3.5, 1.5, 4.25], "texture": "#0"},
				"west": {"uv": [1.25, 3.5, 1.5, 4.25], "texture": "#0"},
				"up": {"uv": [1.25, 3.5, 1.5, 4.25], "texture": "#0"},
				"down": {"uv": [1.25, 3.5, 1.5, 4.25], "texture": "#0"}
			}
		},
		{
			"from": [7.676, 9.08, 7.86886],
			"to": [8.324, 9.62, 9.48886],
			"rotation": {"angle": -45, "axis": "x", "origin": [8, 9.08, 7.00486]},
			"faces": {
				"north": {"uv": [1.25, 3.5, 1.5, 4.25], "texture": "#0"},
				"east": {"uv": [1.25, 3.5, 1.5, 4.25], "texture": "#0"},
				"south": {"uv": [1.25, 3.5, 1.5, 4.25], "texture": "#0"},
				"west": {"uv": [1.25, 3.5, 1.5, 4.25], "texture": "#0"},
				"up": {"uv": [1.25, 3.5, 1.5, 4.25], "texture": "#0"},
				"down": {"uv": [1.25, 3.5, 1.5, 4.25], "texture": "#0"}
			}
		}
	],
	"display": {
		"head": {
			"translation": [0, -3.25, 2.5],
			"scale": [4, 4, 4]
		}
	},
	"groups": [
		{
			"name": "root",
			"origin": [8, 8, 8],
			"children": [
				{
					"name": "neck",
					"origin": [8, 8, 8],
					"children": [
						{
							"name": "group",
							"origin": [9.5, 10.5, -1.5],
							"children": [0, 1, 2, 3, 4, 5, 6]
						}
					]
				}
			]
		}
	]
}