{
	"credit": "Made with Blockbench",
	"texture_size": [32, 32],
	"textures": {
		"0": "reus/head",
		"particle": "reus/head"
	},
	"elements": [
		{
			"from": [6.16472, 12.88128, -7.54101],
			"to": [9.83528, 15.50928, -1.10781],
			"rotation": {"angle": 0, "axis": "y", "origin": [11.6288, 16.51008, -37.44621]},
			"faces": {
				"north": {"uv": [2, 9, 3.25, 10.25], "texture": "#0"},
				"east": {"uv": [2, 9, 3.25, 10.25], "texture": "#0"},
				"south": {"uv": [2, 9, 3.25, 10.25], "texture": "#0"},
				"west": {"uv": [2, 9, 3.25, 10.25], "texture": "#0"},
				"up": {"uv": [0, 11, 1.5, 11.75], "texture": "#0"},
				"down": {"uv": [2, 9, 3.25, 10.25], "texture": "#0"}
			}
		},
		{
			"from": [6.34472, 11.66628, -7.54101],
			"to": [9.65528, 12.94428, -1.10781],
			"rotation": {"angle": 0, "axis": "y", "origin": [11.6288, 16.51008, -37.44621]},
			"faces": {
				"north": {"uv": [0, 1.5, 1.5, 3], "texture": "#0"},
				"east": {"uv": [0, 1.5, 1.5, 3], "texture": "#0"},
				"south": {"uv": [0, 1.5, 1.5, 3], "texture": "#0"},
				"west": {"uv": [0, 1.5, 1.5, 3], "texture": "#0"},
				"up": {"uv": [0, 1.5, 1.5, 3], "texture": "#0"},
				"down": {"uv": [0, 1.5, 1.5, 3], "texture": "#0"}
			}
		},
		{
			"from": [7.63712, -2.61312, -12.55653],
			"to": [8.36288, -2.00832, -10.74213],
			"rotation": {"angle": -45, "axis": "x", "origin": [8, 16.51008, -31.39821]},
			"faces": {
				"north": {"uv": [1, 3.5, 1.5, 4.25], "texture": "#0"},
				"east": {"uv": [1, 3.5, 1.5, 4.25], "texture": "#0"},
				"south": {"uv": [1, 3.5, 1.5, 4.25], "texture": "#0"},
				"west": {"uv": [1, 3.5, 1.5, 4.25], "texture": "#0"},
				"up": {"uv": [1, 3.5, 1.5, 4.25], "texture": "#0"},
				"down": {"uv": [1, 3.5, 1.5, 4.25], "texture": "#0"}
			}
		},
		{
			"from": [7.03232, -2.77512, -14.97573],
			"to": [8.96768, -1.40352, -12.55653],
			"rotation": {"angle": -45, "axis": "x", "origin": [8, 16.51008, -31.39821]},
			"faces": {
				"north": {"uv": [2.25, 7.25, 2.75, 8], "texture": "#0"},
				"east": {"uv": [2.25, 7.25, 2.75, 8], "rotation": 270, "texture": "#0"},
				"south": {"uv": [0, 7, 0.5, 7.25], "texture": "#0"},
				"west": {"uv": [2.25, 7.25, 2.75, 8], "rotation": 90, "texture": "#0"},
				"up": {"uv": [2.25, 7.25, 2.75, 8], "rotation": 180, "texture": "#0"},
				"down": {"uv": [2.25, 7.25, 2.75, 8], "texture": "#0"}
			}
		},
		{
			"from": [7.63712, -4.86312, -10.75653],
			"to": [8.36288, -4.25832, -8.94213],
			"rotation": {"angle": -45, "axis": "x", "origin": [8, 16.51008, -31.39821]},
			"faces": {
				"north": {"uv": [1, 3.5, 1.5, 4.25], "texture": "#0"},
				"east": {"uv": [1, 3.5, 1.5, 4.25], "texture": "#0"},
				"south": {"uv": [1, 3.5, 1.5, 4.25], "texture": "#0"},
				"west": {"uv": [1, 3.5, 1.5, 4.25], "texture": "#0"},
				"up": {"uv": [1, 3.5, 1.5, 4.25], "texture": "#0"},
				"down": {"uv": [1, 3.5, 1.5, 4.25], "texture": "#0"}
			}
		},
		{
			"from": [7.03232, -5.02512, -13.17573],
			"to": [8.96768, -3.65352, -10.75653],
			"rotation": {"angle": -45, "axis": "x", "origin": [8, 16.51008, -31.39821]},
			"faces": {
				"north": {"uv": [2.25, 7.25, 2.75, 8], "texture": "#0"},
				"east": {"uv": [2.25, 7.25, 2.75, 8], "rotation": 270, "texture": "#0"},
				"south": {"uv": [0, 7, 0.5, 7.25], "texture": "#0"},
				"west": {"uv": [2.25, 7.25, 2.75, 8], "rotation": 90, "texture": "#0"},
				"up": {"uv": [2.25, 7.25, 2.75, 8], "rotation": 180, "texture": "#0"},
				"down": {"uv": [2.25, 7.25, 2.75, 8], "texture": "#0"}
			}
		},
		{
			"from": [6.34825, 13.08484, -1.07438],
			"to": [9.65175, 15.45004, 4.7155],
			"rotation": {"angle": 0, "axis": "y", "origin": [11.26592, 16.35076, -27.98906]},
			"faces": {
				"north": {"uv": [2, 9, 3.25, 10.25], "texture": "#0"},
				"east": {"uv": [2, 9, 3.25, 10.25], "texture": "#0"},
				"south": {"uv": [2, 9, 3.25, 10.25], "texture": "#0"},
				"west": {"uv": [2, 9, 3.25, 10.25], "texture": "#0"},
				"up": {"uv": [0, 11, 1.5, 11.75], "texture": "#0"},
				"down": {"uv": [2, 9, 3.25, 10.25], "texture": "#0"}
			}
		},
		{
			"from": [6.51025, 12.00484, -1.07438],
			"to": [9.48975, 13.15504, 4.7155],
			"rotation": {"angle": 0, "axis": "y", "origin": [11.26592, 16.35076, -27.98906]},
			"faces": {
				"north": {"uv": [0, 1.5, 1.5, 3], "texture": "#0"},
				"east": {"uv": [0, 1.5, 1.5, 3], "texture": "#0"},
				"south": {"uv": [0, 1.5, 1.5, 3], "texture": "#0"},
				"west": {"uv": [0, 1.5, 1.5, 3], "texture": "#0"},
				"up": {"uv": [0, 1.5, 1.5, 3], "texture": "#0"},
				"down": {"uv": [0, 1.5, 1.5, 3], "texture": "#0"}
			}
		},
		{
			"from": [7.67341, -0.86012, -5.58835],
			"to": [8.32659, -0.3158, -3.95539],
			"rotation": {"angle": -45, "axis": "x", "origin": [8, 16.35076, -22.54586]},
			"faces": {
				"north": {"uv": [1, 3.5, 1.5, 4.25], "texture": "#0"},
				"east": {"uv": [1, 3.5, 1.5, 4.25], "texture": "#0"},
				"south": {"uv": [1, 3.5, 1.5, 4.25], "texture": "#0"},
				"west": {"uv": [1, 3.5, 1.5, 4.25], "texture": "#0"},
				"up": {"uv": [1, 3.5, 1.5, 4.25], "texture": "#0"},
				"down": {"uv": [1, 3.5, 1.5, 4.25], "texture": "#0"}
			}
		},
		{
			"from": [7.12909, -1.00592, -7.76563],
			"to": [8.87091, 0.22852, -5.58835],
			"rotation": {"angle": -45, "axis": "x", "origin": [8, 16.35076, -22.54586]},
			"faces": {
				"north": {"uv": [2.25, 7.25, 2.75, 8], "texture": "#0"},
				"east": {"uv": [2.25, 7.25, 2.75, 8], "rotation": 270, "texture": "#0"},
				"south": {"uv": [0, 7, 0.5, 7.25], "texture": "#0"},
				"west": {"uv": [2.25, 7.25, 2.75, 8], "rotation": 90, "texture": "#0"},
				"up": {"uv": [2.25, 7.25, 2.75, 8], "rotation": 180, "texture": "#0"},
				"down": {"uv": [2.25, 7.25, 2.75, 8], "texture": "#0"}
			}
		},
		{
			"from": [7.67341, -2.88512, -3.96835],
			"to": [8.32659, -2.3408, -2.33539],
			"rotation": {"angle": -45, "axis": "x", "origin": [8, 16.35076, -22.54586]},
			"faces": {
				"north": {"uv": [1, 3.5, 1.5, 4.25], "texture": "#0"},
				"east": {"uv": [1, 3.5, 1.5, 4.25], "texture": "#0"},
				"south": {"uv": [1, 3.5, 1.5, 4.25], "texture": "#0"},
				"west": {"uv": [1, 3.5, 1.5, 4.25], "texture": "#0"},
				"up": {"uv": [1, 3.5, 1.5, 4.25], "texture": "#0"},
				"down": {"uv": [1, 3.5, 1.5, 4.25], "texture": "#0"}
			}
		},
		{
			"from": [7.12909, -3.03092, -6.14563],
			"to": [8.87091, -1.79648, -3.96835],
			"rotation": {"angle": -45, "axis": "x", "origin": [8, 16.35076, -22.54586]},
			"faces": {
				"north": {"uv": [2.25, 7.25, 2.75, 8], "texture": "#0"},
				"east": {"uv": [2.25, 7.25, 2.75, 8], "rotation": 270, "texture": "#0"},
				"south": {"uv": [0, 7, 0.5, 7.25], "texture": "#0"},
				"west": {"uv": [2.25, 7.25, 2.75, 8], "rotation": 90, "texture": "#0"},
				"up": {"uv": [2.25, 7.25, 2.75, 8], "rotation": 180, "texture": "#0"},
				"down": {"uv": [2.25, 7.25, 2.75, 8], "texture": "#0"}
			}
		}
	],
	"display": {
		"head": {
			"translation": [0, -30.25, 59.25],
			"scale": [4, 4, 4]
		}
	},
	"groups": [
		{
			"name": "root",
			"origin": [8, 8, 8],
			"children": [
				{
					"name": "tail",
					"origin": [8, 8, 8],
					"children": [
						{
							"name": "group",
							"origin": [8, 8, 8],
							"children": [0, 1, 2, 3, 4, 5]
						},
						{
							"name": "group",
							"origin": [8, 8, 8],
							"children": [6, 7, 8, 9, 10, 11]
						}
					]
				}
			]
		}
	]
}