{
	"credit": "Made with Blockbench",
	"texture_size": [32, 32],
	"textures": {
		"0": "reus/head",
		"1": "reus/wing",
		"particle": "reus/head"
	},
	"elements": [
		{
			"from": [4.2286, 8.02085, 7.296],
			"to": [19.04116, 9.74885, 8.7072],
			"rotation": {"angle": -22.5, "axis": "z", "origin": [8.45157, 5.94079, 8]},
			"faces": {
				"north": {"uv": [8.5, 3.5, 9.25, 1.75], "rotation": 90, "texture": "#0"},
				"east": {"uv": [8.5, 3.5, 9.25, 1.75], "rotation": 90, "texture": "#0"},
				"south": {"uv": [8.5, 3.5, 9.25, 1.75], "rotation": 90, "texture": "#0"},
				"west": {"uv": [8.5, 3.5, 9.25, 1.75], "rotation": 90, "texture": "#0"},
				"up": {"uv": [8.5, 3.5, 9.25, 1.75], "rotation": 90, "texture": "#0"},
				"down": {"uv": [1.5, 11.75, 3, 10.5], "rotation": 90, "texture": "#0"}
			}
		},
		{
			"from": [16.61326, 11.95763, 7.476],
			"to": [31.42582, 13.23563, 8.5272],
			"rotation": {"angle": -45, "axis": "z", "origin": [8.45157, 5.94079, 8]},
			"faces": {
				"north": {"uv": [8.5, 3.5, 9.25, 1.75], "rotation": 90, "texture": "#0"},
				"east": {"uv": [8.5, 3.5, 9.25, 1.75], "rotation": 90, "texture": "#0"},
				"south": {"uv": [8.5, 3.5, 9.25, 1.75], "rotation": 90, "texture": "#0"},
				"west": {"uv": [8.5, 3.5, 9.25, 1.75], "rotation": 90, "texture": "#0"},
				"up": {"uv": [8.5, 3.5, 9.25, 1.75], "rotation": 90, "texture": "#0"},
				"down": {"uv": [1.5, 11.75, 3, 10.5], "rotation": 90, "texture": "#0"}
			}
		},
		{
			"from": [6.34562, 9.15968, 7.566],
			"to": [6.93818, 12.23768, 8.4372],
			"rotation": {"angle": -22.5, "axis": "z", "origin": [8.45157, 5.94079, 8]},
			"faces": {
				"north": {"uv": [1.75, 3.5, 0.75, 4.25], "texture": "#0"},
				"east": {"uv": [1.75, 3.5, 0.75, 4.25], "texture": "#0"},
				"south": {"uv": [1.75, 3.5, 0.75, 4.25], "texture": "#0"},
				"west": {"uv": [1.75, 3.5, 0.75, 4.25], "texture": "#0"},
				"up": {"uv": [1.75, 3.5, 0.75, 4.25], "texture": "#0"},
				"down": {"uv": [1.75, 3.5, 0.75, 4.25], "texture": "#0"}
			}
		},
		{
			"from": [8.59562, 9.15968, 7.566],
			"to": [9.18818, 11.78768, 8.4372],
			"rotation": {"angle": -22.5, "axis": "z", "origin": [8.45157, 5.94079, 8]},
			"faces": {
				"north": {"uv": [1.75, 3.5, 0.75, 4.25], "texture": "#0"},
				"east": {"uv": [1.75, 3.5, 0.75, 4.25], "texture": "#0"},
				"south": {"uv": [1.75, 3.5, 0.75, 4.25], "texture": "#0"},
				"west": {"uv": [1.75, 3.5, 0.75, 4.25], "texture": "#0"},
				"up": {"uv": [1.75, 3.5, 0.75, 4.25], "texture": "#0"},
				"down": {"uv": [1.75, 3.5, 0.75, 4.25], "texture": "#0"}
			}
		},
		{
			"from": [10.84562, 9.15968, 7.566],
			"to": [11.43818, 11.33768, 8.4372],
			"rotation": {"angle": -22.5, "axis": "z", "origin": [8.45157, 5.94079, 8]},
			"faces": {
				"north": {"uv": [1.75, 3.5, 0.75, 4.25], "texture": "#0"},
				"east": {"uv": [1.75, 3.5, 0.75, 4.25], "texture": "#0"},
				"south": {"uv": [1.75, 3.5, 0.75, 4.25], "texture": "#0"},
				"west": {"uv": [1.75, 3.5, 0.75, 4.25], "texture": "#0"},
				"up": {"uv": [1.75, 3.5, 0.75, 4.25], "texture": "#0"},
				"down": {"uv": [1.75, 3.5, 0.75, 4.25], "texture": "#0"}
			}
		},
		{
			"from": [13.09562, 9.15968, 7.566],
			"to": [13.68818, 10.88768, 8.4372],
			"rotation": {"angle": -22.5, "axis": "z", "origin": [8.45157, 5.94079, 8]},
			"faces": {
				"north": {"uv": [1.75, 3.5, 0.75, 4.25], "texture": "#0"},
				"east": {"uv": [1.75, 3.5, 0.75, 4.25], "texture": "#0"},
				"south": {"uv": [1.75, 3.5, 0.75, 4.25], "texture": "#0"},
				"west": {"uv": [1.75, 3.5, 0.75, 4.25], "texture": "#0"},
				"up": {"uv": [1.75, 3.5, 0.75, 4.25], "texture": "#0"},
				"down": {"uv": [1.75, 3.5, 0.75, 4.25], "texture": "#0"}
			}
		},
		{
			"from": [15.34562, 9.15968, 7.566],
			"to": [15.93818, 10.43768, 8.4372],
			"rotation": {"angle": -22.5, "axis": "z", "origin": [8.45157, 5.94079, 8]},
			"faces": {
				"north": {"uv": [1.75, 3.5, 0.75, 4.25], "texture": "#0"},
				"east": {"uv": [1.75, 3.5, 0.75, 4.25], "texture": "#0"},
				"south": {"uv": [1.75, 3.5, 0.75, 4.25], "texture": "#0"},
				"west": {"uv": [1.75, 3.5, 0.75, 4.25], "texture": "#0"},
				"up": {"uv": [1.75, 3.5, 0.75, 4.25], "texture": "#0"},
				"down": {"uv": [1.75, 3.5, 0.75, 4.25], "texture": "#0"}
			}
		},
		{
			"from": [7.51564, -12.94335, 7.476],
			"to": [8.34364, 10.41921, 8.5272],
			"rotation": {"angle": 22.5, "axis": "z", "origin": [8.45157, 5.94079, 8]},
			"faces": {
				"north": {"uv": [7.5, 0.5, 7, 11.5], "texture": "#1"},
				"east": {"uv": [7.5, 0.5, 7, 11.5], "texture": "#1"},
				"south": {"uv": [7.5, 0.5, 7, 11.5], "texture": "#1"},
				"west": {"uv": [7.5, 0.5, 7, 11.5], "texture": "#1"},
				"up": {"uv": [7.5, 0.5, 7, 11.5], "texture": "#1"},
				"down": {"uv": [7.5, 0.5, 7, 11.5], "texture": "#1"}
			}
		},
		{
			"from": [5.75167, -11.8932, 7.9872],
			"to": [29.16967, 9.66936, 7.9872],
			"rotation": {"angle": 0, "axis": "y", "origin": [8.45157, 5.94079, 8]},
			"faces": {
				"north": {"uv": [16, 0, 6, 12], "texture": "#1"},
				"south": {"uv": [6, 0, 16, 12], "texture": "#1"}
			}
		}
	],
	"display": {
		"head": {
			"translation": [6.75, -15, 0],
			"scale": [4, 4, 4]
		}
	},
	"groups": [
		{
			"name": "root",
			"origin": [8, 8, 8],
			"children": [
				{
					"name": "wing_l",
					"origin": [8, 8, 8],
					"children": [
						{
							"name": "1",
							"origin": [8, 8, 8],
							"children": [0, 1, 2, 3, 4, 5, 6, 7, 8]
						}
					]
				}
			]
		}
	]
}