{
	"credit": "Made with Blockbench",
	"texture_size": [32, 32],
	"textures": {
		"0": "reus/head",
		"1": "reus/wing",
		"particle": "reus/head"
	},
	"elements": [
		{
			"from": [8.42114, 9.98382, 7.026],
			"to": [10.6337, 12.16182, 8.9772],
			"rotation": {"angle": 45, "axis": "z", "origin": [8.45157, 5.94079, 8]},
			"faces": {
				"north": {"uv": [8.5, 3.5, 9.25, 1.75], "rotation": 90, "texture": "#0"},
				"east": {"uv": [8.5, 3.5, 9.25, 1.75], "rotation": 90, "texture": "#0"},
				"south": {"uv": [8.5, 3.5, 9.25, 1.75], "rotation": 90, "texture": "#0"},
				"west": {"uv": [8.5, 3.5, 9.25, 1.75], "rotation": 90, "texture": "#0"},
				"up": {"uv": [8.5, 3.5, 9.25, 1.75], "rotation": 90, "texture": "#0"},
				"down": {"uv": [1.5, 11.75, 3, 10.5], "rotation": 90, "texture": "#0"}
			}
		},
		{
			"from": [4.92713, 10.59142, 7.206],
			"to": [6.23969, 12.76942, 8.7972],
			"rotation": {"angle": 0, "axis": "y", "origin": [8.45157, 5.94079, 8]},
			"faces": {
				"north": {"uv": [8.5, 3.5, 9.25, 1.75], "rotation": 90, "texture": "#0"},
				"east": {"uv": [8.5, 3.5, 9.25, 1.75], "rotation": 90, "texture": "#0"},
				"south": {"uv": [8.5, 3.5, 9.25, 1.75], "rotation": 90, "texture": "#0"},
				"west": {"uv": [8.5, 3.5, 9.25, 1.75], "rotation": 90, "texture": "#0"},
				"up": {"uv": [8.5, 3.5, 9.25, 1.75], "rotation": 90, "texture": "#0"},
				"down": {"uv": [8.5, 3.5, 9.25, 1.75], "rotation": 90, "texture": "#0"}
			}
		},
		{
			"from": [5.28713, 12.39142, 7.566],
			"to": [5.87969, 13.66942, 8.4372],
			"rotation": {"angle": 0, "axis": "y", "origin": [8.45157, 5.94079, 8]},
			"faces": {
				"north": {"uv": [1.75, 3.5, 0.75, 4.25], "texture": "#0"},
				"east": {"uv": [1.75, 3.5, 0.75, 4.25], "texture": "#0"},
				"south": {"uv": [1.75, 3.5, 0.75, 4.25], "texture": "#0"},
				"west": {"uv": [1.75, 3.5, 0.75, 4.25], "texture": "#0"},
				"up": {"uv": [1.75, 3.5, 0.75, 4.25], "texture": "#0"},
				"down": {"uv": [1.75, 3.5, 0.75, 4.25], "texture": "#0"}
			}
		},
		{
			"from": [2.53445, 11.8167, 7.566],
			"to": [3.12701, 13.8147, 8.4372],
			"rotation": {"angle": -22.5, "axis": "z", "origin": [8.45157, 5.94079, 8]},
			"faces": {
				"north": {"uv": [1.75, 3.5, 0.75, 4.25], "texture": "#0"},
				"east": {"uv": [1.75, 3.5, 0.75, 4.25], "texture": "#0"},
				"south": {"uv": [1.75, 3.5, 0.75, 4.25], "texture": "#0"},
				"west": {"uv": [1.75, 3.5, 0.75, 4.25], "texture": "#0"},
				"up": {"uv": [1.75, 3.5, 0.75, 4.25], "texture": "#0"},
				"down": {"uv": [1.75, 3.5, 0.75, 4.25], "texture": "#0"}
			}
		},
		{
			"from": [0.32114, 9.98382, 7.026],
			"to": [8.3837, 11.71182, 8.9772],
			"rotation": {"angle": 45, "axis": "z", "origin": [8.45157, 5.94079, 8]},
			"faces": {
				"north": {"uv": [8.5, 3.5, 9.25, 1.75], "rotation": 90, "texture": "#0"},
				"east": {"uv": [8.5, 3.5, 9.25, 1.75], "rotation": 90, "texture": "#0"},
				"south": {"uv": [8.5, 3.5, 9.25, 1.75], "rotation": 90, "texture": "#0"},
				"west": {"uv": [8.5, 3.5, 9.25, 1.75], "rotation": 90, "texture": "#0"},
				"up": {"uv": [8.5, 3.5, 9.25, 1.75], "rotation": 90, "texture": "#0"},
				"down": {"uv": [1.5, 11.75, 3, 10.5], "rotation": 90, "texture": "#0"}
			}
		},
		{
			"from": [5.12167, -13.6932, 7.476],
			"to": [5.94967, 9.57936, 8.5272],
			"rotation": {"angle": 0, "axis": "y", "origin": [8.45157, 5.94079, 8]},
			"faces": {
				"north": {"uv": [6, 0.5, 5.5, 11.5], "texture": "#1"},
				"east": {"uv": [6, 0.5, 5.5, 11.5], "texture": "#1"},
				"south": {"uv": [6, 0.5, 5.5, 11.5], "texture": "#1"},
				"west": {"uv": [6, 0.5, 5.5, 11.5], "texture": "#1"},
				"up": {"uv": [6, 0.5, 5.5, 11.5], "texture": "#1"},
				"down": {"uv": [6, 0.5, 5.5, 11.5], "texture": "#1"}
			}
		},
		{
			"from": [-3.27886, 9.98382, 7.026],
			"to": [0.2837, 12.16182, 8.9772],
			"rotation": {"angle": 45, "axis": "z", "origin": [8.45157, 5.94079, 8]},
			"faces": {
				"north": {"uv": [8.5, 3.5, 9.25, 1.75], "rotation": 90, "texture": "#0"},
				"east": {"uv": [8.5, 3.5, 9.25, 1.75], "rotation": 90, "texture": "#0"},
				"south": {"uv": [8.5, 3.5, 9.25, 1.75], "rotation": 90, "texture": "#0"},
				"west": {"uv": [8.5, 3.5, 9.25, 1.75], "rotation": 90, "texture": "#0"},
				"up": {"uv": [8.5, 3.5, 9.25, 1.75], "rotation": 90, "texture": "#0"},
				"down": {"uv": [1.5, 11.75, 3, 10.5], "rotation": 90, "texture": "#0"}
			}
		},
		{
			"from": [-6.72164, 4.80393, 6.576],
			"to": [-3.15908, 7.43193, 9.4272],
			"rotation": {"angle": 22.5, "axis": "z", "origin": [8.45157, 5.94079, 8]},
			"faces": {
				"north": {"uv": [8.5, 3.5, 9.25, 1.75], "rotation": 90, "texture": "#0"},
				"east": {"uv": [3, 9.75, 1.5, 11], "texture": "#0"},
				"south": {"uv": [8.5, 3.5, 9.25, 1.75], "rotation": 90, "texture": "#0"},
				"west": {"uv": [8.5, 3.5, 9.25, 1.75], "rotation": 90, "texture": "#0"},
				"up": {"uv": [8.5, 3.5, 9.25, 1.75], "rotation": 90, "texture": "#0"},
				"down": {"uv": [1.5, 11.75, 3, 10.5], "rotation": 90, "texture": "#0"}
			}
		},
		{
			"from": [-5.22833, -11.8932, 7.9872],
			"to": [5.76967, 10.02936, 7.9872],
			"rotation": {"angle": 0, "axis": "y", "origin": [8.45157, 5.94079, 8]},
			"faces": {
				"north": {"uv": [6, 0, 0, 12], "texture": "#1"},
				"south": {"uv": [0, 0, 6, 12], "texture": "#1"}
			}
		}
	],
	"display": {
		"head": {
			"translation": [48.75, 21.25, 0],
			"scale": [4, 4, 4]
		}
	},
	"groups": [
		{
			"name": "root",
			"origin": [8, 8, 8],
			"children": [
				{
					"name": "wing_l",
					"origin": [8, 8, 8],
					"children": [
						{
							"name": "0",
							"origin": [5.5, 8.44331, 2.22471],
							"children": [0, 1, 2, 3, 4, 5, 6, 7, 8]
						}
					]
				}
			]
		}
	]
}