{
	"credit": "Made with Blockbench",
	"texture_size": [32, 32],
	"textures": {
		"0": "reus/head",
		"1": "reus/wing",
		"particle": "reus/head"
	},
	"elements": [
		{
			"from": [-3.04116, 8.02085, 7.296],
			"to": [11.7714, 9.74885, 8.7072],
			"rotation": {"angle": 22.5, "axis": "z", "origin": [7.54843, 5.94079, 8]},
			"faces": {
				"north": {"uv": [8.5, 1.75, 9.25, 3.5], "rotation": 90, "texture": "#0"},
				"east": {"uv": [8.5, 1.75, 9.25, 3.5], "rotation": 90, "texture": "#0"},
				"south": {"uv": [8.5, 1.75, 9.25, 3.5], "rotation": 90, "texture": "#0"},
				"west": {"uv": [8.5, 1.75, 9.25, 3.5], "rotation": 90, "texture": "#0"},
				"up": {"uv": [8.5, 1.75, 9.25, 3.5], "rotation": 90, "texture": "#0"},
				"down": {"uv": [1.5, 10.5, 3, 11.75], "rotation": 90, "texture": "#0"}
			}
		},
		{
			"from": [-15.42582, 11.95763, 7.476],
			"to": [-0.61326, 13.23563, 8.5272],
			"rotation": {"angle": 45, "axis": "z", "origin": [7.54843, 5.94079, 8]},
			"faces": {
				"north": {"uv": [8.5, 1.75, 9.25, 3.5], "rotation": 90, "texture": "#0"},
				"east": {"uv": [8.5, 1.75, 9.25, 3.5], "rotation": 90, "texture": "#0"},
				"south": {"uv": [8.5, 1.75, 9.25, 3.5], "rotation": 90, "texture": "#0"},
				"west": {"uv": [8.5, 1.75, 9.25, 3.5], "rotation": 90, "texture": "#0"},
				"up": {"uv": [8.5, 1.75, 9.25, 3.5], "rotation": 90, "texture": "#0"},
				"down": {"uv": [1.5, 10.5, 3, 11.75], "rotation": 90, "texture": "#0"}
			}
		},
		{
			"from": [9.06182, 9.15968, 7.566],
			"to": [9.65438, 12.23768, 8.4372],
			"rotation": {"angle": 22.5, "axis": "z", "origin": [7.54843, 5.94079, 8]},
			"faces": {
				"north": {"uv": [0.75, 3.5, 1.75, 4.25], "texture": "#0"},
				"east": {"uv": [0.75, 3.5, 1.75, 4.25], "texture": "#0"},
				"south": {"uv": [0.75, 3.5, 1.75, 4.25], "texture": "#0"},
				"west": {"uv": [0.75, 3.5, 1.75, 4.25], "texture": "#0"},
				"up": {"uv": [0.75, 3.5, 1.75, 4.25], "texture": "#0"},
				"down": {"uv": [0.75, 3.5, 1.75, 4.25], "texture": "#0"}
			}
		},
		{
			"from": [6.81182, 9.15968, 7.566],
			"to": [7.40438, 11.78768, 8.4372],
			"rotation": {"angle": 22.5, "axis": "z", "origin": [7.54843, 5.94079, 8]},
			"faces": {
				"north": {"uv": [0.75, 3.5, 1.75, 4.25], "texture": "#0"},
				"east": {"uv": [0.75, 3.5, 1.75, 4.25], "texture": "#0"},
				"south": {"uv": [0.75, 3.5, 1.75, 4.25], "texture": "#0"},
				"west": {"uv": [0.75, 3.5, 1.75, 4.25], "texture": "#0"},
				"up": {"uv": [0.75, 3.5, 1.75, 4.25], "texture": "#0"},
				"down": {"uv": [0.75, 3.5, 1.75, 4.25], "texture": "#0"}
			}
		},
		{
			"from": [4.56182, 9.15968, 7.566],
			"to": [5.15438, 11.33768, 8.4372],
			"rotation": {"angle": 22.5, "axis": "z", "origin": [7.54843, 5.94079, 8]},
			"faces": {
				"north": {"uv": [0.75, 3.5, 1.75, 4.25], "texture": "#0"},
				"east": {"uv": [0.75, 3.5, 1.75, 4.25], "texture": "#0"},
				"south": {"uv": [0.75, 3.5, 1.75, 4.25], "texture": "#0"},
				"west": {"uv": [0.75, 3.5, 1.75, 4.25], "texture": "#0"},
				"up": {"uv": [0.75, 3.5, 1.75, 4.25], "texture": "#0"},
				"down": {"uv": [0.75, 3.5, 1.75, 4.25], "texture": "#0"}
			}
		},
		{
			"from": [2.31182, 9.15968, 7.566],
			"to": [2.90438, 10.88768, 8.4372],
			"rotation": {"angle": 22.5, "axis": "z", "origin": [7.54843, 5.94079, 8]},
			"faces": {
				"north": {"uv": [0.75, 3.5, 1.75, 4.25], "texture": "#0"},
				"east": {"uv": [0.75, 3.5, 1.75, 4.25], "texture": "#0"},
				"south": {"uv": [0.75, 3.5, 1.75, 4.25], "texture": "#0"},
				"west": {"uv": [0.75, 3.5, 1.75, 4.25], "texture": "#0"},
				"up": {"uv": [0.75, 3.5, 1.75, 4.25], "texture": "#0"},
				"down": {"uv": [0.75, 3.5, 1.75, 4.25], "texture": "#0"}
			}
		},
		{
			"from": [0.06182, 9.15968, 7.566],
			"to": [0.65438, 10.43768, 8.4372],
			"rotation": {"angle": 22.5, "axis": "z", "origin": [7.54843, 5.94079, 8]},
			"faces": {
				"north": {"uv": [0.75, 3.5, 1.75, 4.25], "texture": "#0"},
				"east": {"uv": [0.75, 3.5, 1.75, 4.25], "texture": "#0"},
				"south": {"uv": [0.75, 3.5, 1.75, 4.25], "texture": "#0"},
				"west": {"uv": [0.75, 3.5, 1.75, 4.25], "texture": "#0"},
				"up": {"uv": [0.75, 3.5, 1.75, 4.25], "texture": "#0"},
				"down": {"uv": [0.75, 3.5, 1.75, 4.25], "texture": "#0"}
			}
		},
		{
			"from": [7.65636, -12.94335, 7.476],
			"to": [8.48436, 10.41921, 8.5272],
			"rotation": {"angle": -22.5, "axis": "z", "origin": [7.54843, 5.94079, 8]},
			"faces": {
				"north": {"uv": [7, 0.5, 7.5, 11.5], "texture": "#1"},
				"east": {"uv": [7, 0.5, 7.5, 11.5], "texture": "#1"},
				"south": {"uv": [7, 0.5, 7.5, 11.5], "texture": "#1"},
				"west": {"uv": [7, 0.5, 7.5, 11.5], "texture": "#1"},
				"up": {"uv": [7, 0.5, 7.5, 11.5], "texture": "#1"},
				"down": {"uv": [7, 0.5, 7.5, 11.5], "texture": "#1"}
			}
		},
		{
			"from": [-13.16967, -11.8932, 7.9872],
			"to": [10.24833, 9.66936, 7.9872],
			"rotation": {"angle": 0, "axis": "y", "origin": [7.54843, 5.94079, 8]},
			"faces": {
				"north": {"uv": [6, 0, 16, 12], "texture": "#1"},
				"south": {"uv": [16, 0, 6, 12], "texture": "#1"}
			}
		}
	],
	"display": {
		"head": {
			"translation": [-6.75, -15, 0],
			"scale": [4, 4, 4]
		}
	},
	"groups": [
		{
			"name": "root",
			"origin": [8, 8, 8],
			"children": [
				{
					"name": "wing_l",
					"origin": [8, 8, 8],
					"children": [
						{
							"name": "1",
							"origin": [8, 8, 8],
							"children": [0, 1, 2, 3, 4, 5, 6, 7, 8]
						}
					]
				}
			]
		}
	]
}