{
	"credit": "Made with Blockbench",
	"texture_size": [32, 32],
	"textures": {
		"0": "reus/head",
		"1": "reus/wing",
		"particle": "reus/head"
	},
	"elements": [
		{
			"from": [5.3663, 9.98382, 7.026],
			"to": [7.57886, 12.16182, 8.9772],
			"rotation": {"angle": -45, "axis": "z", "origin": [7.54843, 5.94079, 8]},
			"faces": {
				"north": {"uv": [8.5, 1.75, 9.25, 3.5], "rotation": 90, "texture": "#0"},
				"east": {"uv": [8.5, 1.75, 9.25, 3.5], "rotation": 90, "texture": "#0"},
				"south": {"uv": [8.5, 1.75, 9.25, 3.5], "rotation": 90, "texture": "#0"},
				"west": {"uv": [8.5, 1.75, 9.25, 3.5], "rotation": 90, "texture": "#0"},
				"up": {"uv": [8.5, 1.75, 9.25, 3.5], "rotation": 90, "texture": "#0"},
				"down": {"uv": [1.5, 10.5, 3, 11.75], "rotation": 90, "texture": "#0"}
			}
		},
		{
			"from": [9.76031, 10.59142, 7.206],
			"to": [11.07287, 12.76942, 8.7972],
			"rotation": {"angle": 0, "axis": "y", "origin": [7.54843, 5.94079, 8]},
			"faces": {
				"north": {"uv": [8.5, 1.75, 9.25, 3.5], "rotation": 90, "texture": "#0"},
				"east": {"uv": [8.5, 1.75, 9.25, 3.5], "rotation": 90, "texture": "#0"},
				"south": {"uv": [8.5, 1.75, 9.25, 3.5], "rotation": 90, "texture": "#0"},
				"west": {"uv": [8.5, 1.75, 9.25, 3.5], "rotation": 90, "texture": "#0"},
				"up": {"uv": [8.5, 1.75, 9.25, 3.5], "rotation": 90, "texture": "#0"},
				"down": {"uv": [8.5, 1.75, 9.25, 3.5], "rotation": 90, "texture": "#0"}
			}
		},
		{
			"from": [10.12031, 12.39142, 7.566],
			"to": [10.71287, 13.66942, 8.4372],
			"rotation": {"angle": 0, "axis": "y", "origin": [7.54843, 5.94079, 8]},
			"faces": {
				"north": {"uv": [0.75, 3.5, 1.75, 4.25], "texture": "#0"},
				"east": {"uv": [0.75, 3.5, 1.75, 4.25], "texture": "#0"},
				"south": {"uv": [0.75, 3.5, 1.75, 4.25], "texture": "#0"},
				"west": {"uv": [0.75, 3.5, 1.75, 4.25], "texture": "#0"},
				"up": {"uv": [0.75, 3.5, 1.75, 4.25], "texture": "#0"},
				"down": {"uv": [0.75, 3.5, 1.75, 4.25], "texture": "#0"}
			}
		},
		{
			"from": [12.87299, 11.8167, 7.566],
			"to": [13.46555, 13.8147, 8.4372],
			"rotation": {"angle": 22.5, "axis": "z", "origin": [7.54843, 5.94079, 8]},
			"faces": {
				"north": {"uv": [0.75, 3.5, 1.75, 4.25], "texture": "#0"},
				"east": {"uv": [0.75, 3.5, 1.75, 4.25], "texture": "#0"},
				"south": {"uv": [0.75, 3.5, 1.75, 4.25], "texture": "#0"},
				"west": {"uv": [0.75, 3.5, 1.75, 4.25], "texture": "#0"},
				"up": {"uv": [0.75, 3.5, 1.75, 4.25], "texture": "#0"},
				"down": {"uv": [0.75, 3.5, 1.75, 4.25], "texture": "#0"}
			}
		},
		{
			"from": [7.6163, 9.98382, 7.026],
			"to": [15.67886, 11.71182, 8.9772],
			"rotation": {"angle": -45, "axis": "z", "origin": [7.54843, 5.94079, 8]},
			"faces": {
				"north": {"uv": [8.5, 1.75, 9.25, 3.5], "rotation": 90, "texture": "#0"},
				"east": {"uv": [8.5, 1.75, 9.25, 3.5], "rotation": 90, "texture": "#0"},
				"south": {"uv": [8.5, 1.75, 9.25, 3.5], "rotation": 90, "texture": "#0"},
				"west": {"uv": [8.5, 1.75, 9.25, 3.5], "rotation": 90, "texture": "#0"},
				"up": {"uv": [8.5, 1.75, 9.25, 3.5], "rotation": 90, "texture": "#0"},
				"down": {"uv": [1.5, 10.5, 3, 11.75], "rotation": 90, "texture": "#0"}
			}
		},
		{
			"from": [10.05033, -13.6932, 7.476],
			"to": [10.87833, 9.57936, 8.5272],
			"rotation": {"angle": 0, "axis": "y", "origin": [7.54843, 5.94079, 8]},
			"faces": {
				"north": {"uv": [5.5, 0.5, 6, 11.5], "texture": "#1"},
				"east": {"uv": [5.5, 0.5, 6, 11.5], "texture": "#1"},
				"south": {"uv": [5.5, 0.5, 6, 11.5], "texture": "#1"},
				"west": {"uv": [5.5, 0.5, 6, 11.5], "texture": "#1"},
				"up": {"uv": [5.5, 0.5, 6, 11.5], "texture": "#1"},
				"down": {"uv": [5.5, 0.5, 6, 11.5], "texture": "#1"}
			}
		},
		{
			"from": [15.7163, 9.98382, 7.026],
			"to": [19.27886, 12.16182, 8.9772],
			"rotation": {"angle": -45, "axis": "z", "origin": [7.54843, 5.94079, 8]},
			"faces": {
				"north": {"uv": [8.5, 1.75, 9.25, 3.5], "rotation": 90, "texture": "#0"},
				"east": {"uv": [8.5, 1.75, 9.25, 3.5], "rotation": 90, "texture": "#0"},
				"south": {"uv": [8.5, 1.75, 9.25, 3.5], "rotation": 90, "texture": "#0"},
				"west": {"uv": [8.5, 1.75, 9.25, 3.5], "rotation": 90, "texture": "#0"},
				"up": {"uv": [8.5, 1.75, 9.25, 3.5], "rotation": 90, "texture": "#0"},
				"down": {"uv": [1.5, 10.5, 3, 11.75], "rotation": 90, "texture": "#0"}
			}
		},
		{
			"from": [19.15908, 4.80393, 6.576],
			"to": [22.72164, 7.43193, 9.4272],
			"rotation": {"angle": -22.5, "axis": "z", "origin": [7.54843, 5.94079, 8]},
			"faces": {
				"north": {"uv": [8.5, 1.75, 9.25, 3.5], "rotation": 90, "texture": "#0"},
				"east": {"uv": [8.5, 1.75, 9.25, 3.5], "rotation": 90, "texture": "#0"},
				"south": {"uv": [8.5, 1.75, 9.25, 3.5], "rotation": 90, "texture": "#0"},
				"west": {"uv": [1.5, 9.75, 3, 11], "texture": "#0"},
				"up": {"uv": [8.5, 1.75, 9.25, 3.5], "rotation": 90, "texture": "#0"},
				"down": {"uv": [1.5, 10.5, 3, 11.75], "rotation": 90, "texture": "#0"}
			}
		},
		{
			"from": [10.23033, -11.8932, 7.9872],
			"to": [21.22833, 10.02936, 7.9872],
			"rotation": {"angle": 0, "axis": "y", "origin": [7.54843, 5.94079, 8]},
			"faces": {
				"north": {"uv": [0, 0, 6, 12], "texture": "#1"},
				"south": {"uv": [6, 0, 0, 12], "texture": "#1"}
			}
		}
	],
	"display": {
		"head": {
			"translation": [-48.75, 21.25, 0],
			"scale": [4, 4, 4]
		}
	},
	"groups": [
		{
			"name": "root",
			"origin": [8, 8, 8],
			"children": [
				{
					"name": "wing_l",
					"origin": [8, 8, 8],
					"children": [
						{
							"name": "0",
							"origin": [5.5, 8.44331, 2.22471],
							"children": [0, 1, 2, 3, 4, 5, 6, 7, 8]
						}
					]
				}
			]
		}
	]
}