{
	"credit": "Made with Blockbench",
	"textures": {
		"1": "narga/texture",
		"particle": "head"
	},
	"elements": [
		{
			"from": [5.68493, 9.51098, 7.26741],
			"to": [10.30409, 20.28902, 11.88657],
			"rotation": {"angle": 0, "axis": "z", "origin": [5.3, -1.48, 14.96]},
			"faces": {
				"north": {"uv": [7.125, 5.75, 6.25, 5.375], "rotation": 270, "texture": "#1"},
				"east": {"uv": [6.25, 0, 7.125, 0.375], "rotation": 90, "texture": "#1"},
				"south": {"uv": [7.25, 3.25, 6.375, 3.625], "rotation": 270, "texture": "#1"},
				"west": {"uv": [6.25, 5, 7.125, 5.375], "rotation": 270, "texture": "#1"},
				"up": {"uv": [0, 8.125, 0.375, 8.5], "texture": "#1"},
				"down": {"uv": [0.375, 8.125, 0.75, 8.5], "rotation": 180, "texture": "#1"}
			}
		},
		{
			"from": [-0.47395, 9.51098, 9.42301],
			"to": [5.68493, 20.28902, 9.42301],
			"rotation": {"angle": 0, "axis": "z", "origin": [5.3, -1.48, 14.96]},
			"faces": {
				"north": {"uv": [6.125, 4.625, 5.25, 4.125], "rotation": 270, "texture": "#1"},
				"east": {"uv": [6.125, 4.625, 5.25, 4.125], "rotation": 270, "texture": "#1"},
				"south": {"uv": [5.25, 4.625, 6.125, 4.125], "rotation": 90, "texture": "#1"},
				"west": {"uv": [6.125, 4.625, 5.25, 4.125], "rotation": 270, "texture": "#1"},
				"up": {"uv": [6.125, 4.625, 5.25, 4.125], "rotation": 270, "texture": "#1"},
				"down": {"uv": [6.125, 4.625, 5.25, 4.125], "rotation": 270, "texture": "#1"}
			}
		}
	],
	"display": {
		"head": {
			"rotation": [90, 0, 0],
			"translation": [-0.5, -0.75, -41],
			"scale": [4, 4, 4]
		}
	},
	"groups": [
		{
			"name": "root",
			"origin": [5, -15, -3],
			"color": 0,
			"children": [
				{
					"name": "wing_l",
					"origin": [17, -15, 3],
					"color": 0,
					"children": [
						{
							"name": "0",
							"origin": [17, -15, 3],
							"color": 0,
							"children": [0, 1]
						}
					]
				}
			]
		}
	]
}