{
	"credit": "Made with Blockbench",
	"textures": {
		"1": "narga/texture"
	},
	"elements": [
		{
			"from": [6.46028, 11.20389, 9.1466],
			"to": [9.53972, 12.74361, 10.53235],
			"rotation": {"angle": -22.5, "axis": "x", "origin": [8, 2.67351, 19.65478]},
			"faces": {
				"north": {"uv": [7.25, 4.25, 7.5, 4.375], "texture": "#1"},
				"east": {"uv": [6.125, 5, 6.25, 5.125], "texture": "#1"},
				"south": {"uv": [6, 7.375, 6.25, 7.5], "texture": "#1"},
				"west": {"uv": [4.25, 6.75, 4.375, 6.875], "texture": "#1"},
				"up": {"uv": [7.875, 3.875, 7.625, 3.75], "texture": "#1"},
				"down": {"uv": [8, 0.625, 7.75, 0.75], "texture": "#1"}
			}
		},
		{
			"from": [5.67502, 11.91183, 8.26085],
			"to": [7.21474, 13.14361, 11.95618],
			"rotation": {"angle": -22.5, "axis": "x", "origin": [8, 2.67351, 19.65478]},
			"faces": {
				"north": {"uv": [1.5, 9.125, 1.625, 9.25], "texture": "#1"},
				"east": {"uv": [5, 8.875, 5.375, 9], "texture": "#1"},
				"south": {"uv": [1.625, 9.125, 1.75, 9.25], "texture": "#1"},
				"west": {"uv": [6.375, 8.875, 6.75, 9], "texture": "#1"},
				"up": {"uv": [7.75, 9, 7.625, 8.625], "texture": "#1"},
				"down": {"uv": [8.25, 8.625, 8.125, 9], "texture": "#1"}
			}
		},
		{
			"from": [6.9222, 4.98309, 2.71786],
			"to": [9.0778, 7.29267, 5.7973],
			"rotation": {"angle": 0, "axis": "y", "origin": [8, 2.67351, 19.65478]},
			"faces": {
				"north": {"uv": [2.5, 8.75, 2.75, 9], "texture": "#1"},
				"east": {"uv": [4.25, 8.625, 4.5, 8.875], "texture": "#1"},
				"south": {"uv": [8.75, 2.5, 9, 2.75], "texture": "#1"},
				"west": {"uv": [8.625, 4.25, 8.875, 4.5], "texture": "#1"},
				"up": {"uv": [5.125, 8.875, 4.875, 8.625], "texture": "#1"},
				"down": {"uv": [5.375, 8.625, 5.125, 8.875], "texture": "#1"}
			}
		},
		{
			"from": [6.46028, 4.21323, 3.48772],
			"to": [6.9222, 6.52281, 5.7973],
			"rotation": {"angle": 0, "axis": "y", "origin": [8, 2.67351, 19.65478]},
			"faces": {
				"north": {"uv": [1.25, 9.25, 1.375, 9.5], "texture": "#1"},
				"east": {"uv": [2.75, 8.75, 3, 9], "texture": "#1"},
				"south": {"uv": [3, 9.25, 3.125, 9.5], "texture": "#1"},
				"west": {"uv": [8.75, 2.75, 9, 3], "texture": "#1"},
				"up": {"uv": [3.25, 9.5, 3.125, 9.25], "texture": "#1"},
				"down": {"uv": [9.375, 3.125, 9.25, 3.375], "texture": "#1"}
			}
		},
		{
			"from": [5.69042, 7.29267, 7.33702],
			"to": [10.30958, 8.52445, 11.95618],
			"rotation": {"angle": 0, "axis": "y", "origin": [8, 2.67351, 19.65478]},
			"faces": {
				"north": {"uv": [8.75, 0.875, 9.125, 1], "texture": "#1"},
				"east": {"uv": [3, 8.75, 3.375, 8.875], "texture": "#1"},
				"south": {"uv": [8.75, 3, 9.125, 3.125], "texture": "#1"},
				"west": {"uv": [8.75, 3.125, 9.125, 3.25], "texture": "#1"},
				"up": {"uv": [7.75, 8.375, 7.375, 8], "texture": "#1"},
				"down": {"uv": [8.125, 8, 7.75, 8.375], "texture": "#1"}
			}
		},
		{
			"from": [1.07126, 5.75295, 7.33702],
			"to": [2.61098, 7.29113, 10.41646],
			"rotation": {"angle": -22.5, "axis": "y", "origin": [8, 2.67351, 19.65478]},
			"faces": {
				"north": {"uv": [7, 4.875, 7.125, 5], "texture": "#1"},
				"east": {"uv": [1.875, 8.125, 2.125, 8.25], "texture": "#1"},
				"south": {"uv": [7.625, 0.25, 7.75, 0.375], "texture": "#1"},
				"west": {"uv": [7.25, 8.75, 7.5, 8.875], "texture": "#1"},
				"up": {"uv": [6.125, 3.5, 6, 3.25], "texture": "#1"},
				"down": {"uv": [1.75, 6.25, 1.625, 6.5], "texture": "#1"}
			}
		},
		{
			"from": [6.15234, 6.21487, 5.48936],
			"to": [6.61425, 6.67678, 5.95127],
			"rotation": {"angle": 0, "axis": "y", "origin": [8, 2.67351, 19.65478]},
			"faces": {
				"north": {"uv": [9.375, 0.375, 9.5, 0.5], "texture": "#1"},
				"east": {"uv": [0.5, 9.375, 0.625, 9.5], "texture": "#1"},
				"south": {"uv": [0.625, 9.375, 0.75, 9.5], "texture": "#1"},
				"west": {"uv": [0.75, 9.375, 0.875, 9.5], "texture": "#1"},
				"up": {"uv": [1, 9.5, 0.875, 9.375], "texture": "#1"},
				"down": {"uv": [1.125, 9.375, 1, 9.5], "texture": "#1"}
			}
		},
		{
			"from": [5.53645, 9.60225, 10.41646],
			"to": [5.53645, 12.68169, 16.57534],
			"rotation": {"angle": -22.5, "axis": "x", "origin": [8, 2.67351, 19.65478]},
			"faces": {
				"north": {"uv": [0, 0, 0, 0.25], "texture": "#1"},
				"east": {"uv": [1.375, 8.125, 1.875, 8.375], "texture": "#1"},
				"south": {"uv": [0, 0, 0, 0.25], "texture": "#1"},
				"west": {"uv": [8.125, 4.25, 8.625, 4.5], "texture": "#1"},
				"up": {"uv": [0, 0.5, 0, 0], "texture": "#1"},
				"down": {"uv": [0, 0, 0, 0.5], "texture": "#1"}
			}
		},
		{
			"from": [5.69042, 6.83076, 5.7973],
			"to": [10.30958, 8.06099, 7.33702],
			"rotation": {"angle": 0, "axis": "y", "origin": [8, 2.67351, 19.65478]},
			"faces": {
				"north": {"uv": [8.75, 4.625, 9.125, 4.75], "texture": "#1"},
				"east": {"uv": [9.125, 1.75, 9.25, 1.875], "texture": "#1"},
				"south": {"uv": [8.75, 4.75, 9.125, 4.875], "texture": "#1"},
				"west": {"uv": [1.875, 9.125, 2, 9.25], "texture": "#1"},
				"up": {"uv": [6.875, 8.75, 6.5, 8.625], "texture": "#1"},
				"down": {"uv": [9, 6.625, 8.625, 6.75], "texture": "#1"}
			}
		},
		{
			"from": [6.46028, 6.52281, 5.18141],
			"to": [9.53972, 8.06253, 6.72113],
			"rotation": {"angle": 0, "axis": "y", "origin": [8, 2.67351, 19.65478]},
			"faces": {
				"north": {"uv": [8.75, 7.75, 9, 7.875], "texture": "#1"},
				"east": {"uv": [8.25, 1.75, 8.375, 1.875], "texture": "#1"},
				"south": {"uv": [8.75, 8.25, 9, 8.375], "texture": "#1"},
				"west": {"uv": [1.75, 8.375, 1.875, 8.5], "texture": "#1"},
				"up": {"uv": [9, 8.5, 8.75, 8.375], "texture": "#1"},
				"down": {"uv": [8.75, 8.75, 8.5, 8.875], "texture": "#1"}
			}
		},
		{
			"from": [6.46028, 4.21323, 7.33702],
			"to": [9.53972, 7.29267, 11.95618],
			"rotation": {"angle": 0, "axis": "y", "origin": [8, 2.67351, 19.65478]},
			"faces": {
				"north": {"uv": [6.25, 5.75, 6.5, 6], "texture": "#1"},
				"east": {"uv": [8.375, 2.5, 8.75, 2.75], "texture": "#1"},
				"south": {"uv": [1.375, 6.875, 1.625, 7.125], "texture": "#1"},
				"west": {"uv": [8.375, 2.75, 8.75, 3], "texture": "#1"},
				"up": {"uv": [8.625, 4.125, 8.375, 3.75], "texture": "#1"},
				"down": {"uv": [4.875, 8.375, 4.625, 8.75], "texture": "#1"}
			}
		},
		{
			"from": [9.0778, 3.44337, 4.25758],
			"to": [9.53972, 4.21323, 5.02744],
			"rotation": {"angle": 0, "axis": "y", "origin": [8, 2.67351, 19.65478]},
			"faces": {
				"north": {"uv": [8.75, 9.25, 8.875, 9.375], "texture": "#1"},
				"east": {"uv": [9.25, 6.5, 9.375, 6.625], "texture": "#1"},
				"south": {"uv": [9.25, 8.75, 9.375, 8.875], "texture": "#1"},
				"west": {"uv": [9.25, 6.625, 9.375, 6.75], "texture": "#1"},
				"up": {"uv": [9, 9.375, 8.875, 9.25], "texture": "#1"},
				"down": {"uv": [9.375, 8.875, 9.25, 9], "texture": "#1"}
			}
		},
		{
			"from": [4.92056, 4.21323, 7.33702],
			"to": [11.07944, 7.29267, 10.41646],
			"rotation": {"angle": 0, "axis": "y", "origin": [8, 2.67351, 19.65478]},
			"faces": {
				"north": {"uv": [4.625, 8.125, 5.125, 8.375], "texture": "#1"},
				"east": {"uv": [3, 8.5, 3.25, 8.75], "texture": "#1"},
				"south": {"uv": [5.125, 8.125, 5.625, 8.375], "texture": "#1"},
				"west": {"uv": [3.25, 8.5, 3.5, 8.75], "texture": "#1"},
				"up": {"uv": [7, 8.375, 6.5, 8.125], "texture": "#1"},
				"down": {"uv": [8.625, 6.625, 8.125, 6.875], "texture": "#1"}
			}
		},
		{
			"from": [5.69042, 4.21323, 5.7973],
			"to": [10.30958, 5.75295, 8.87674],
			"rotation": {"angle": 0, "axis": "y", "origin": [8, 2.67351, 19.65478]},
			"faces": {
				"north": {"uv": [8.625, 6.75, 9, 6.875], "texture": "#1"},
				"east": {"uv": [8.75, 8.5, 9, 8.625], "texture": "#1"},
				"south": {"uv": [8.625, 6.875, 9, 7], "texture": "#1"},
				"west": {"uv": [8.75, 8.625, 9, 8.75], "texture": "#1"},
				"up": {"uv": [8.75, 3.25, 8.375, 3], "texture": "#1"},
				"down": {"uv": [5.25, 8.375, 4.875, 8.625], "texture": "#1"}
			}
		},
		{
			"from": [9.38575, 6.21487, 5.48936],
			"to": [9.84766, 6.67678, 5.95127],
			"rotation": {"angle": 0, "axis": "y", "origin": [8, 2.67351, 19.65478]},
			"faces": {
				"north": {"uv": [1.125, 9.375, 1.25, 9.5], "texture": "#1"},
				"east": {"uv": [9.375, 1.25, 9.5, 1.375], "texture": "#1"},
				"south": {"uv": [1.375, 9.375, 1.5, 9.5], "texture": "#1"},
				"west": {"uv": [9.375, 1.375, 9.5, 1.5], "texture": "#1"},
				"up": {"uv": [1.625, 9.5, 1.5, 9.375], "texture": "#1"},
				"down": {"uv": [1.75, 9.375, 1.625, 9.5], "texture": "#1"}
			}
		},
		{
			"from": [8.78526, 11.91183, 8.26085],
			"to": [10.32498, 13.14361, 11.95618],
			"rotation": {"angle": -22.5, "axis": "x", "origin": [8, 2.67351, 19.65478]},
			"faces": {
				"north": {"uv": [9.125, 1.875, 9.25, 2], "texture": "#1"},
				"east": {"uv": [8.875, 6.375, 9.25, 6.5], "texture": "#1"},
				"south": {"uv": [9.125, 2, 9.25, 2.125], "texture": "#1"},
				"west": {"uv": [8.875, 6.5, 9.25, 6.625], "texture": "#1"},
				"up": {"uv": [8.375, 9, 8.25, 8.625], "texture": "#1"},
				"down": {"uv": [8.5, 8.625, 8.375, 9], "texture": "#1"}
			}
		},
		{
			"from": [4.92056, 14.8373, 15.18959],
			"to": [6.46028, 15.60716, 17.65314],
			"rotation": {"angle": -45, "axis": "x", "origin": [8, 2.67351, 19.65478]},
			"faces": {
				"north": {"uv": [8.25, 9.125, 8.375, 9.25], "texture": "#1"},
				"east": {"uv": [9.125, 2.125, 9.375, 2.25], "texture": "#1"},
				"south": {"uv": [9.125, 8.25, 9.25, 8.375], "texture": "#1"},
				"west": {"uv": [9.125, 2.25, 9.375, 2.375], "texture": "#1"},
				"up": {"uv": [9.125, 0.25, 9, 0], "texture": "#1"},
				"down": {"uv": [9.125, 0.25, 9, 0.5], "texture": "#1"}
			}
		},
		{
			"from": [6.46028, 3.44337, 4.25758],
			"to": [6.9222, 4.21323, 5.02744],
			"rotation": {"angle": 0, "axis": "y", "origin": [8, 1.13379, 19.65478]},
			"faces": {
				"north": {"uv": [9, 9.25, 9.125, 9.375], "texture": "#1"},
				"east": {"uv": [9.25, 6.75, 9.375, 6.875], "texture": "#1"},
				"south": {"uv": [9.25, 9, 9.375, 9.125], "texture": "#1"},
				"west": {"uv": [6.875, 9.25, 7, 9.375], "texture": "#1"},
				"up": {"uv": [9.25, 9.375, 9.125, 9.25], "texture": "#1"},
				"down": {"uv": [9.375, 9.125, 9.25, 9.25], "texture": "#1"}
			}
		},
		{
			"from": [13.38902, 5.75295, 7.33702],
			"to": [14.92874, 7.29267, 10.41646],
			"rotation": {"angle": 22.5, "axis": "y", "origin": [8, 2.67351, 19.65478]},
			"faces": {
				"north": {"uv": [7.125, 9, 7.25, 9.125], "texture": "#1"},
				"east": {"uv": [8.75, 8.75, 9, 8.875], "texture": "#1"},
				"south": {"uv": [9, 7.125, 9.125, 7.25], "texture": "#1"},
				"west": {"uv": [0.5, 8.875, 0.75, 9], "texture": "#1"},
				"up": {"uv": [2.75, 6.75, 2.625, 6.5], "texture": "#1"},
				"down": {"uv": [0.5, 6.875, 0.375, 7.125], "texture": "#1"}
			}
		},
		{
			"from": [6.9222, 4.21323, 2.71786],
			"to": [9.0778, 4.98309, 3.48772],
			"rotation": {"angle": 0, "axis": "y", "origin": [8, 2.67351, 19.65478]},
			"faces": {
				"north": {"uv": [9.125, 2.375, 9.375, 2.5], "texture": "#1"},
				"east": {"uv": [7.125, 9.25, 7.25, 9.375], "texture": "#1"},
				"south": {"uv": [2.5, 9.125, 2.75, 9.25], "texture": "#1"},
				"west": {"uv": [9.25, 7.125, 9.375, 7.25], "texture": "#1"},
				"up": {"uv": [9.375, 2.75, 9.125, 2.625], "texture": "#1"},
				"down": {"uv": [9.375, 2.75, 9.125, 2.875], "texture": "#1"}
			}
		},
		{
			"from": [9.0778, 4.21323, 3.48772],
			"to": [9.53972, 6.52281, 5.7973],
			"rotation": {"angle": 0, "axis": "y", "origin": [8, 2.67351, 19.65478]},
			"faces": {
				"north": {"uv": [3.25, 9.25, 3.375, 9.5], "texture": "#1"},
				"east": {"uv": [4.625, 8.75, 4.875, 9], "texture": "#1"},
				"south": {"uv": [3.375, 9.25, 3.5, 9.5], "texture": "#1"},
				"west": {"uv": [8.75, 4.875, 9, 5.125], "texture": "#1"},
				"up": {"uv": [3.625, 9.5, 3.5, 9.25], "texture": "#1"},
				"down": {"uv": [3.75, 9.25, 3.625, 9.5], "texture": "#1"}
			}
		},
		{
			"from": [-2.77804, 8.06253, 12.11015],
			"to": [-1.70024, 8.67842, 13.18796],
			"rotation": {"angle": -45, "axis": "y", "origin": [8, 2.67351, 19.65478]},
			"faces": {
				"north": {"uv": [9.25, 3.375, 9.375, 3.5], "texture": "#1"},
				"east": {"uv": [3.75, 9.25, 3.875, 9.375], "texture": "#1"},
				"south": {"uv": [3.875, 9.25, 4, 9.375], "texture": "#1"},
				"west": {"uv": [9.25, 3.875, 9.375, 4], "texture": "#1"},
				"up": {"uv": [7.25, 9.25, 7.125, 9.125], "texture": "#1"},
				"down": {"uv": [9.25, 7.125, 9.125, 7.25], "texture": "#1"}
			}
		},
		{
			"from": [4.92056, 13.14361, 12.88001],
			"to": [5.99836, 13.91347, 16.72931],
			"rotation": {"angle": -22.5, "axis": "x", "origin": [8, 2.67351, 19.65478]},
			"faces": {
				"north": {"uv": [4, 9.25, 4.125, 9.375], "texture": "#1"},
				"east": {"uv": [9, 4.875, 9.375, 5], "texture": "#1"},
				"south": {"uv": [9.25, 4, 9.375, 4.125], "texture": "#1"},
				"west": {"uv": [5, 9, 5.375, 9.125], "texture": "#1"},
				"up": {"uv": [5.5, 9.25, 5.375, 8.875], "texture": "#1"},
				"down": {"uv": [5.625, 8.875, 5.5, 9.25], "texture": "#1"}
			}
		},
		{
			"from": [5.53645, 12.68169, 11.95618],
			"to": [5.53645, 13.45155, 16.57534],
			"rotation": {"angle": -22.5, "axis": "x", "origin": [8, 2.67351, 19.65478]},
			"faces": {
				"north": {"uv": [0, 0, 0, 0.125], "texture": "#1"},
				"east": {"uv": [0.375, 9, 0.75, 9.125], "texture": "#1"},
				"south": {"uv": [0, 0, 0, 0.125], "texture": "#1"},
				"west": {"uv": [9, 1.25, 9.375, 1.375], "texture": "#1"},
				"up": {"uv": [0, 0.375, 0, 0], "texture": "#1"},
				"down": {"uv": [0, 0, 0, 0.375], "texture": "#1"}
			}
		},
		{
			"from": [10.46355, 9.60225, 10.41646],
			"to": [10.46355, 12.68169, 16.57534],
			"rotation": {"angle": -22.5, "axis": "x", "origin": [8, 2.67351, 19.65478]},
			"faces": {
				"north": {"uv": [0, 0, 0, 0.25], "texture": "#1"},
				"east": {"uv": [8.125, 6.875, 8.625, 7.125], "texture": "#1"},
				"south": {"uv": [0, 0, 0, 0.25], "texture": "#1"},
				"west": {"uv": [8.125, 7.125, 8.625, 7.375], "texture": "#1"},
				"up": {"uv": [0, 0.5, 0, 0], "texture": "#1"},
				"down": {"uv": [0, 0, 0, 0.5], "texture": "#1"}
			}
		},
		{
			"from": [10.46355, 12.68169, 11.95618],
			"to": [10.46355, 13.45155, 16.57534],
			"rotation": {"angle": -22.5, "axis": "x", "origin": [8, 2.67351, 19.65478]},
			"faces": {
				"north": {"uv": [0, 0, 0, 0.125], "texture": "#1"},
				"east": {"uv": [1.375, 9, 1.75, 9.125], "texture": "#1"},
				"south": {"uv": [0, 0, 0, 0.125], "texture": "#1"},
				"west": {"uv": [9, 1.375, 9.375, 1.5], "texture": "#1"},
				"up": {"uv": [0, 0.375, 0, 0], "texture": "#1"},
				"down": {"uv": [0, 0, 0, 0.375], "texture": "#1"}
			}
		},
		{
			"from": [17.70024, 8.06253, 12.11015],
			"to": [18.77804, 8.67842, 13.18796],
			"rotation": {"angle": 45, "axis": "y", "origin": [8, 2.67351, 19.65478]},
			"faces": {
				"north": {"uv": [4.125, 9.25, 4.25, 9.375], "texture": "#1"},
				"east": {"uv": [4.25, 9.25, 4.375, 9.375], "texture": "#1"},
				"south": {"uv": [9.25, 4.25, 9.375, 4.375], "texture": "#1"},
				"west": {"uv": [4.375, 9.25, 4.5, 9.375], "texture": "#1"},
				"up": {"uv": [7.375, 9.25, 7.25, 9.125], "texture": "#1"},
				"down": {"uv": [7.5, 9.125, 7.375, 9.25], "texture": "#1"}
			}
		},
		{
			"from": [10.00164, 13.14361, 12.88001],
			"to": [11.07944, 13.91347, 16.72931],
			"rotation": {"angle": -22.5, "axis": "x", "origin": [8, 2.67351, 19.65478]},
			"faces": {
				"north": {"uv": [9.25, 4.375, 9.375, 4.5], "texture": "#1"},
				"east": {"uv": [9, 5, 9.375, 5.125], "texture": "#1"},
				"south": {"uv": [4.625, 9.25, 4.75, 9.375], "texture": "#1"},
				"west": {"uv": [9, 5.375, 9.375, 5.5], "texture": "#1"},
				"up": {"uv": [5.875, 9.25, 5.75, 8.875], "texture": "#1"},
				"down": {"uv": [6, 8.875, 5.875, 9.25], "texture": "#1"}
			}
		},
		{
			"from": [9.53972, 14.8373, 15.18959],
			"to": [11.07944, 15.60716, 17.65314],
			"rotation": {"angle": -45, "axis": "x", "origin": [8, 2.67351, 19.65478]},
			"faces": {
				"north": {"uv": [9.125, 8.375, 9.25, 8.5], "texture": "#1"},
				"east": {"uv": [2.875, 9.125, 3.125, 9.25], "texture": "#1"},
				"south": {"uv": [8.5, 9.125, 8.625, 9.25], "texture": "#1"},
				"west": {"uv": [9.125, 3, 9.375, 3.125], "texture": "#1"},
				"up": {"uv": [0.875, 9.25, 0.75, 9], "texture": "#1"},
				"down": {"uv": [1, 9, 0.875, 9.25], "texture": "#1"}
			}
		},
		{
			"from": [7.07617, 3.90529, 3.0258],
			"to": [7.07617, 5.75295, 5.7973],
			"rotation": {"angle": 0, "axis": "y", "origin": [8, 1.13379, 19.65478]},
			"faces": {
				"north": {"uv": [0, 0, 0, 0.25], "texture": "#1"},
				"east": {"uv": [8.75, 5.375, 9, 5.625], "texture": "#1"},
				"south": {"uv": [0, 0, 0, 0.25], "texture": "#1"},
				"west": {"uv": [8.75, 5.625, 9, 5.875], "texture": "#1"},
				"up": {"uv": [0, 0.25, 0, 0], "texture": "#1"},
				"down": {"uv": [0, 0, 0, 0.25], "texture": "#1"}
			}
		},
		{
			"from": [8.92383, 3.90529, 3.0258],
			"to": [8.92383, 5.75295, 5.7973],
			"rotation": {"angle": 0, "axis": "y", "origin": [8, 1.13379, 19.65478]},
			"faces": {
				"north": {"uv": [0, 0, 0, 0.25], "texture": "#1"},
				"east": {"uv": [8.75, 5.875, 9, 6.125], "texture": "#1"},
				"south": {"uv": [0, 0, 0, 0.25], "texture": "#1"},
				"west": {"uv": [6, 8.75, 6.25, 9], "texture": "#1"},
				"up": {"uv": [0, 0.25, 0, 0], "texture": "#1"},
				"down": {"uv": [0, 0, 0, 0.25], "texture": "#1"}
			}
		},
		{
			"from": [7.07617, 3.90529, 3.0258],
			"to": [8.92383, 4.21323, 3.0258],
			"rotation": {"angle": 0, "axis": "y", "origin": [8, 1.13379, 19.65478]},
			"faces": {
				"north": {"uv": [9.25, 6, 9.5, 6.125], "texture": "#1"},
				"east": {"uv": [0, 0, 0, 0.125], "texture": "#1"},
				"south": {"uv": [9.25, 6.125, 9.5, 6.25], "texture": "#1"},
				"west": {"uv": [0, 0, 0, 0.125], "texture": "#1"},
				"up": {"uv": [0.25, 0, 0, 0], "texture": "#1"},
				"down": {"uv": [0.25, 0, 0, 0], "texture": "#1"}
			}
		}
	],
	"display": {
		"head": {
			"translation": [0, 0, -4],
			"scale": [4, 4, 4]
		}
	},
	"groups": [
		{
			"name": "root",
			"origin": [5, -15, -3],
			"color": 0,
			"children": [
				{
					"name": "head",
					"origin": [5, 0, 5],
					"color": 0,
					"children": [
						{
							"name": "upper",
							"origin": [5, -1, 5],
							"color": 0,
							"children": [0, 1, 2, 3, 4, 5, 6, 7, 8, 9, 10, 11, 12, 13, 14, 15, 16, 17, 18, 19, 20, 21, 22, 23, 24, 25, 26, 27, 28, 29, 30, 31]
						}
					]
				}
			]
		}
	]
}