{
    "parent": "item/generated",
    "textures": {
        "layer0": "item/crossbow_standby"
    },
    "display": {
        "thirdperson_righthand": {
            "rotation": [ -90, 0, -60 ],
            "translation": [ 2, 0.1, -3 ],
            "scale": [ 0.9, 0.9, 0.9 ]
        },
        "thirdperson_lefthand": {
            "rotation": [ -90, 0, 30 ],
            "translation": [ 2, 0.1, -3 ],
            "scale": [ 0.9, 0.9, 0.9 ]
        },
        "firstperson_righthand": {
            "rotation": [ -90, 0, -55 ],
            "translation": [ 1.13, 3.2, 1.13],
            "scale": [ 0.68, 0.68, 0.68 ]
        },
        "firstperson_lefthand": {
            "rotation": [ -90, 0, 35 ],
            "translation": [ 1.13, 3.2, 1.13],
            "scale": [ 0.68, 0.68, 0.68 ]
        }
    },
    "overrides": [
        {
            "predicate": {
                "pulling": 1
            },
            "model": "item/crossbow_pulling_0"
        },
        {
            "predicate": {
                "pulling": 1,
                "pull": 0.58
            },
            "model": "item/crossbow_pulling_1"
        },
        {
            "predicate": {
                "pulling": 1,
                "pull": 1.0
            },
            "model": "item/crossbow_pulling_2"
        },
        {
            "predicate": {
                "charged": 1
            },
            "model": "item/crossbow_arrow"
        },
        {
            "predicate": {
                "charged": 1,
                "firework": 1
            },
            "model": "item/crossbow_firework"
        },
        {
          "predicate": {
            "custom_model_data": 10000
          },
          "model": "item/mhdp_item/horne_normal"
        },
        {
          "predicate": {
            "custom_model_data": 10002
          },
          "model": "item/mhdp_item/flash"
        },
        {
          "predicate": {
            "custom_model_data": 10101
          },
          "model": "item/mhdp_charm/reset"
        },
        {
          "predicate": {
            "custom_model_data": 10102
          },
          "model": "item/mhdp_charm/reus"
        },
        {
          "predicate": {
            "custom_model_data": 10103
          },
          "model": "item/mhdp_charm/diablos"
        },
        {
          "predicate": {
            "custom_model_data": 10104
          },
          "model": "item/mhdp_charm/zinogre"
        },
        {
          "predicate": {
            "custom_model_data": 10105
          },
          "model": "item/mhdp_charm/brachy"
        },
        {
          "predicate": {
            "custom_model_data": 10106
          },
          "model": "item/mhdp_charm/narga"
        },
        {
          "predicate": {
            "custom_model_data": 10107
          },
          "model": "item/mhdp_charm/dyno"
        },
        {
          "predicate": {
            "custom_model_data": 10108
          },
          "model": "item/mhdp_charm/kushala"
        },
        {
          "predicate": {
            "custom_model_data": 10109
          },
          "model": "item/mhdp_charm/teo"
        },
        {
          "predicate": {
            "custom_model_data": 10110
          },
          "model": "item/mhdp_charm/nazuti"
        },
        {
          "predicate": {
            "custom_model_data": 10111
          },
          "model": "item/mhdp_charm/ruko"
        },
        {
          "predicate": {
            "custom_model_data": 10112
          },
          "model": "item/mhdp_charm/tiga"
        },
        {
          "predicate": {
            "custom_model_data": 10113
          },
          "model": "item/mhdp_charm/reia"
        },
        {
          "predicate": {
            "custom_model_data": 10114
          },
          "model": "item/mhdp_charm/brachyr"
        },
        {
          "predicate": {
            "custom_model_data": 10115
          },
          "model": "item/mhdp_charm/iron"
        },
        {
          "predicate": {
            "custom_model_data": 10116
          },
          "model": "item/mhdp_charm/diamond"
        }
    ]
}
