{
  "parent": "minecraft:item/handheld",
  "textures": {
    "layer0": "minecraft:item/iron_sword"
  },
  "overrides": [
    {
      "predicate": {
        "custom_model_data": 10001
      },
      "model": "item/reus/sword_main"
    },
    {
      "predicate": {
        "custom_model_data": 10002
      },
      "model": "item/reus/sword_off"
    },
    {
      "predicate": {
        "custom_model_data": 10003
      },
      "model": "item/reia/sword_main"
    },
    {
      "predicate": {
        "custom_model_data": 10004
      },
      "model": "item/reia/sword_off"
    },
    {
      "predicate": {
        "custom_model_data": 10005
      },
      "model": "item/diablos/sword_main"
    },
    {
      "predicate": {
        "custom_model_data": 10006
      },
      "model": "item/diablos/sword_off"
    },
    {
      "predicate": {
        "custom_model_data": 10007
      },
      "model": "item/narga/sword_main"
    },
    {
      "predicate": {
        "custom_model_data": 10008
      },
      "model": "item/narga/sword_off"
    },
    {
      "predicate": {
        "custom_model_data": 10009
      },
      "model": "item/tiga/sword_main"
    },
    {
      "predicate": {
        "custom_model_data": 10010
      },
      "model": "item/tiga/sword_off"
    },
    {
      "predicate": {
        "custom_model_data": 10011
      },
      "model": "item/kushala/sword_main"
    },
    {
      "predicate": {
        "custom_model_data": 10012
      },
      "model": "item/kushala/sword_off"
    },
    {
      "predicate": {
        "custom_model_data": 10013
      },
      "model": "item/teo/sword_main"
    },
    {
      "predicate": {
        "custom_model_data": 10014
      },
      "model": "item/teo/sword_off"
    },
    {
      "predicate": {
        "custom_model_data": 10015
      },
      "model": "item/nazuti/sword_main"
    },
    {
      "predicate": {
        "custom_model_data": 10016
      },
      "model": "item/nazuti/sword_off"
    },
    {
      "predicate": {
        "custom_model_data": 10017
      },
      "model": "item/ruko/sword_main"
    },
    {
      "predicate": {
        "custom_model_data": 10018
      },
      "model": "item/ruko/sword_off"
    },
    {
      "predicate": {
        "custom_model_data": 10019
      },
      "model": "item/zinorge/sword_main"
    },
    {
      "predicate": {
        "custom_model_data": 10020
      },
      "model": "item/zinorge/sword_off"
    },
    {
      "predicate": {
        "custom_model_data": 10021
      },
      "model": "item/mhdp_item/buster_sword/sword_main"
    },
    {
      "predicate": {
        "custom_model_data": 10022
      },
      "model": "item/mhdp_item/buster_sword/sword_off"
    },
    {
      "predicate": {
        "custom_model_data": 10023
      },
      "model": "item/mhdp_item/prismarine_sword/sword_main"
    },
    {
      "predicate": {
        "custom_model_data": 10024
      },
      "model": "item/mhdp_item/prismarine_sword/sword_off"
    },
    {
      "predicate": {
        "custom_model_data": 10025
      },
      "model": "item/brachy/normal/sword_main"
    },
    {
      "predicate": {
        "custom_model_data": 10026
      },
      "model": "item/brachy/normal/sword_off"
    },
    {
      "predicate": {
        "custom_model_data": 10027
      },
      "model": "item/brachy/raging_1/sword_main"
    },
    {
      "predicate": {
        "custom_model_data": 10028
      },
      "model": "item/brachy/raging_1/sword_off"
    },
    {
      "predicate": {
        "custom_model_data": 10029
      },
      "model": "item/dyno/sword_main"
    },
    {
      "predicate": {
        "custom_model_data": 10030
      },
      "model": "item/dyno/sword_off"
    }
  ]
}