{
	"credit": "Made with Blockbench",
	"textures": {
		"1": "narga/texture",
		"particle": "head"
	},
	"elements": [
		{
			"from": [4.86557, 3.68934, -5.29186],
			"to": [11.13443, 11.93784, -0.34276],
			"rotation": {"angle": 22.5, "axis": "x", "origin": [8, 4.84413, -6.11671]},
			"faces": {
				"north": {"uv": [5.25, 6.75, 5.75, 7.375], "texture": "#1"},
				"east": {"uv": [7.25, 3.25, 7.625, 3.875], "texture": "#1"},
				"south": {"uv": [5.75, 6.75, 6.25, 7.375], "texture": "#1"},
				"west": {"uv": [3.625, 7.25, 4, 7.875], "texture": "#1"},
				"up": {"uv": [5.25, 8.125, 4.75, 7.75], "texture": "#1"},
				"down": {"uv": [5.75, 7.75, 5.25, 8.125], "texture": "#1"}
			}
		},
		{
			"from": [3.71078, 2.36958, -0.34276],
			"to": [12.28922, 7.31868, 7.90574],
			"rotation": {"angle": -45, "axis": "x", "origin": [8, 4.84413, -6.11671]},
			"faces": {
				"north": {"uv": [7.125, 4.875, 7.875, 5.25], "texture": "#1"},
				"east": {"uv": [7.25, 3.875, 7.875, 4.25], "texture": "#1"},
				"south": {"uv": [7.125, 5.25, 7.875, 5.625], "texture": "#1"},
				"west": {"uv": [7, 7.25, 7.625, 7.625], "texture": "#1"},
				"up": {"uv": [6.125, 2.5, 5.375, 1.875], "texture": "#1"},
				"down": {"uv": [6.125, 3.5, 5.375, 4.125], "texture": "#1"}
			}
		},
		{
			"from": [1.4012, 3.02946, 0.48209],
			"to": [14.5988, 13.09263, 7.08089],
			"rotation": {"angle": 0, "axis": "y", "origin": [8, 4.84413, -6.11671]},
			"faces": {
				"north": {"uv": [2.125, 0, 3.125, 0.75], "texture": "#1"},
				"east": {"uv": [5.5, 6, 6, 6.75], "texture": "#1"},
				"south": {"uv": [2.125, 0.75, 3.125, 1.5], "texture": "#1"},
				"west": {"uv": [6, 6, 6.5, 6.75], "texture": "#1"},
				"up": {"uv": [2.5, 5, 1.5, 4.5], "texture": "#1"},
				"down": {"uv": [5.625, 3, 4.625, 3.5], "texture": "#1"}
			}
		},
		{
			"from": [1.56617, 3.19443, -1.15111],
			"to": [14.43383, 11.42644, 3.79799],
			"rotation": {"angle": 0, "axis": "y", "origin": [8, 4.84413, -6.11671]},
			"faces": {
				"north": {"uv": [3.125, 0, 4.125, 0.625], "texture": "#1"},
				"east": {"uv": [4, 7.25, 4.375, 7.875], "texture": "#1"},
				"south": {"uv": [3.125, 0.625, 4.125, 1.25], "texture": "#1"},
				"west": {"uv": [7.375, 1.5, 7.75, 2.125], "texture": "#1"},
				"up": {"uv": [6.75, 1.875, 5.75, 1.5], "texture": "#1"},
				"down": {"uv": [2.75, 6.125, 1.75, 6.5], "texture": "#1"}
			}
		},
		{
			"from": [3.0509, 1.54473, -1.16761],
			"to": [12.9491, 11.44293, 8.73059],
			"rotation": {"angle": 0, "axis": "y", "origin": [8, 4.84413, -6.11671]},
			"faces": {
				"north": {"uv": [0, 4, 0.75, 4.75], "texture": "#1"},
				"east": {"uv": [0.75, 4, 1.5, 4.75], "texture": "#1"},
				"south": {"uv": [4, 1.875, 4.75, 2.625], "texture": "#1"},
				"west": {"uv": [4.125, 0, 4.875, 0.75], "texture": "#1"},
				"up": {"uv": [3.5, 5, 2.75, 4.25], "texture": "#1"},
				"down": {"uv": [5.125, 0.75, 4.375, 1.5], "texture": "#1"}
			}
		},
		{
			"from": [4.86557, -3.40437, 5.43119],
			"to": [11.13443, -0.10497, 10.38029],
			"rotation": {"angle": -22.5, "axis": "x", "origin": [8, 4.84413, -6.11671]},
			"faces": {
				"north": {"uv": [8.25, 0.25, 8.75, 0.5], "texture": "#1"},
				"east": {"uv": [8.25, 7.375, 8.625, 7.625], "texture": "#1"},
				"south": {"uv": [8.25, 1.25, 8.75, 1.5], "texture": "#1"},
				"west": {"uv": [1.375, 8.375, 1.75, 8.625], "texture": "#1"},
				"up": {"uv": [8.25, 6, 7.75, 5.625], "texture": "#1"},
				"down": {"uv": [8.25, 6, 7.75, 6.375], "texture": "#1"}
			}
		},
		{
			"from": [4.37066, 7.15371, -2.81731],
			"to": [11.62934, 10.45311, 5.43119],
			"rotation": {"angle": -22.5, "axis": "x", "origin": [8, 4.84413, -6.11671]},
			"faces": {
				"north": {"uv": [7.75, 6.375, 8.375, 6.625], "texture": "#1"},
				"east": {"uv": [7.625, 7.375, 8.25, 7.625], "texture": "#1"},
				"south": {"uv": [8, 3.25, 8.625, 3.5], "texture": "#1"},
				"west": {"uv": [7.75, 1.875, 8.375, 2.125], "texture": "#1"},
				"up": {"uv": [6.75, 2.5, 6.125, 1.875], "texture": "#1"},
				"down": {"uv": [3.375, 6.125, 2.75, 6.75], "texture": "#1"}
			}
		},
		{
			"from": [3.87575, 9.79323, 2.13179],
			"to": [12.12425, 14.74233, 10.38029],
			"rotation": {"angle": 0, "axis": "y", "origin": [8, 4.84413, -6.11671]},
			"faces": {
				"north": {"uv": [7.375, 2.125, 8, 2.5], "texture": "#1"},
				"east": {"uv": [4.75, 7.375, 5.375, 7.75], "texture": "#1"},
				"south": {"uv": [5.375, 7.375, 6, 7.75], "texture": "#1"},
				"west": {"uv": [7.5, 4.25, 8.125, 4.625], "texture": "#1"},
				"up": {"uv": [6.25, 0.625, 5.625, 0], "texture": "#1"},
				"down": {"uv": [1.75, 5.625, 1.125, 6.25], "texture": "#1"}
			}
		}
	],
	"display": {
		"head": {
			"translation": [0, -3.75, 7],
			"scale": [4, 4, 4]
		}
	},
	"groups": [
		{
			"name": "root",
			"origin": [5, -15, -3],
			"color": 0,
			"children": [
				{
					"name": "body",
					"origin": [5, 0, -3],
					"color": 0,
					"children": [
						{
							"name": "0",
							"origin": [5, 0, -3],
							"color": 0,
							"children": [
								{
									"name": "bone6",
									"origin": [5, 0, -3],
									"color": 0,
									"children": [0, 1, 2, 3, 4, 5, 6, 7]
								}
							]
						}
					]
				}
			]
		}
	]
}