{
	"credit": "Made with Blockbench",
	"textures": {
		"1": "narga/texture"
	},
	"elements": [
		{
			"from": [7.73204, -0.10447, -16],
			"to": [7.73204, 10.67357, 32],
			"rotation": {"angle": 0, "axis": "x", "origin": [8.26996, 5.24052, 11.41676]},
			"faces": {
				"north": {"uv": [0, 0.875, 0, 0], "rotation": 180, "texture": "#1"},
				"east": {"uv": [3.5, 4.375, 4.375, 5], "rotation": 90, "texture": "#1"},
				"south": {"uv": [0, 0, 0, 0.875], "texture": "#1"},
				"west": {"uv": [4.375, 4.375, 5.25, 5], "rotation": 270, "texture": "#1"},
				"up": {"uv": [0, 0, 0, 0.625], "texture": "#1"},
				"down": {"uv": [0, 0, 0, 0.625], "rotation": 180, "texture": "#1"}
			}
		},
		{
			"from": [7.73204, 11.02643, -16],
			"to": [7.73204, 21.80447, 32],
			"rotation": {"angle": 0, "axis": "x", "origin": [8.26996, 10.75948, 11.41676]},
			"faces": {
				"north": {"uv": [0, 0, 0, 0.875], "rotation": 180, "texture": "#1"},
				"east": {"uv": [4.375, 4.375, 3.5, 5], "rotation": 90, "texture": "#1"},
				"south": {"uv": [0, 0.875, 0, 0], "texture": "#1"},
				"west": {"uv": [5.25, 4.375, 4.375, 5], "rotation": 270, "texture": "#1"},
				"up": {"uv": [0, 0.625, 0, 0], "rotation": 180, "texture": "#1"},
				"down": {"uv": [0, 0.625, 0, 0], "texture": "#1"}
			}
		},
		{
			"from": [8.53691, 11.2974, -16],
			"to": [19.31495, 11.2974, 32],
			"rotation": {"angle": 0, "axis": "z", "origin": [8.26996, 10.75948, 11.41676]},
			"faces": {
				"north": {"uv": [0, 0, 0, 0.875], "rotation": 90, "texture": "#1"},
				"east": {"uv": [0, 0.625, 0, 0], "rotation": 270, "texture": "#1"},
				"south": {"uv": [0, 0.875, 0, 0], "rotation": 90, "texture": "#1"},
				"west": {"uv": [0, 0.625, 0, 0], "rotation": 90, "texture": "#1"},
				"up": {"uv": [5.25, 4.375, 4.375, 5], "texture": "#1"},
				"down": {"uv": [4.375, 4.375, 3.5, 5], "rotation": 180, "texture": "#1"}
			}
		},
		{
			"from": [-3.31495, 11.2974, -16],
			"to": [7.46309, 11.2974, 32],
			"rotation": {"angle": 0, "axis": "z", "origin": [7.73004, 10.75948, 11.41676]},
			"faces": {
				"north": {"uv": [0, 0.875, 0, 0], "rotation": 90, "texture": "#1"},
				"east": {"uv": [0, 0, 0, 0.625], "rotation": 90, "texture": "#1"},
				"south": {"uv": [0, 0, 0, 0.875], "rotation": 90, "texture": "#1"},
				"west": {"uv": [0, 0, 0, 0.625], "rotation": 270, "texture": "#1"},
				"up": {"uv": [4.375, 4.375, 5.25, 5], "texture": "#1"},
				"down": {"uv": [3.5, 4.375, 4.375, 5], "rotation": 180, "texture": "#1"}
			}
		}
	],
	"display": {
		"head": {
			"translation": [0, -10, -12.75]
		}
	},
	"groups": [
		{
			"name": "root",
			"origin": [5, -15, -3],
			"color": 0,
			"children": [0, 1, 2, 3]
		},
		{
			"name": "root",
			"origin": [5, -15, -3],
			"color": 0,
			"children": []
		}
	]
}