{
	"credit": "Made with Blockbench",
	"texture_size": [32, 32],
	"textures": {
		"1": "brachy/raging",
		"particle": "brachy/head"
	},
	"elements": [
		{
			"from": [6.05598, 8.3715, 14.59647],
			"to": [10.14582, 23.54841, 19.74913],
			"rotation": {"angle": 0, "axis": "z", "origin": [8, 6.9808, 6.9808]},
			"faces": {
				"north": {"uv": [0, 4.75, 2.5, 6.25], "texture": "#1"},
				"east": {"uv": [0, 4.75, 2.5, 6.25], "texture": "#1"},
				"south": {"uv": [0, 4.75, 2.5, 6.25], "texture": "#1"},
				"west": {"uv": [0, 4.75, 2.5, 6.25], "texture": "#1"},
				"up": {"uv": [0, 4.75, 2.5, 6.25], "texture": "#1"},
				"down": {"uv": [0, 4.75, 2.5, 6.25], "texture": "#1"}
			}
		},
		{
			"from": [5.38331, 13.22289, 13.92379],
			"to": [10.41489, 23.54841, 20.42181],
			"rotation": {"angle": 0, "axis": "z", "origin": [8, 6.9808, 6.9808]},
			"faces": {
				"north": {"uv": [13.5, 7, 16, 9.25], "texture": "#1"},
				"east": {"uv": [13.5, 7, 16, 9.25], "texture": "#1"},
				"south": {"uv": [13.5, 7, 16, 9.25], "texture": "#1"},
				"west": {"uv": [13.5, 7, 16, 9.25], "texture": "#1"},
				"up": {"uv": [13.5, 5.25, 16, 6.75], "texture": "#1"},
				"down": {"uv": [7, 10.25, 8.5, 11.5], "texture": "#1"}
			}
		}
	],
	"display": {
		"head": {
			"translation": [0.5, -53.25, -37],
			"scale": [4, 4, 4]
		}
	},
	"groups": [
		{
			"name": "root_raging",
			"origin": [8, 8, 8],
			"color": 0,
			"children": [
				{
					"name": "arm_l",
					"origin": [8, 8, 8],
					"color": 0,
					"children": [
						{
							"name": "0",
							"origin": [8, 8, 8],
							"color": 0,
							"children": [0, 1]
						}
					]
				}
			]
		}
	]
}