{
	"credit": "Made with Blockbench",
	"texture_size": [32, 32],
	"textures": {
		"0": "brachy/head",
		"particle": "brachy/head"
	},
	"elements": [
		{
			"from": [5.14978, 5.19185, 6.20839],
			"to": [10.85027, 8.61927, 9.79161],
			"rotation": {"angle": 0, "axis": "y", "origin": [11.05385, -5.09042, 5.81891]},
			"faces": {
				"north": {"uv": [4.25, 6.5, 6, 8], "texture": "#0"},
				"east": {"uv": [4.25, 6.5, 6, 8], "texture": "#0"},
				"south": {"uv": [4.25, 6.5, 6, 8], "texture": "#0"},
				"west": {"uv": [4.25, 6.5, 6, 8], "texture": "#0"},
				"up": {"uv": [4.25, 6.5, 6, 8], "texture": "#0"},
				"down": {"uv": [4.25, 6.5, 6, 8], "texture": "#0"}
			}
		},
		{
			"from": [5.65874, 8.61927, 6.20839],
			"to": [10.3413, 9.90456, 9.79161],
			"rotation": {"angle": 0, "axis": "y", "origin": [11.05385, -5.09042, 5.81891]},
			"faces": {
				"north": {"uv": [4.25, 6.5, 6, 8], "texture": "#0"},
				"east": {"uv": [4.25, 6.5, 6, 8], "texture": "#0"},
				"south": {"uv": [4.25, 6.5, 6, 8], "texture": "#0"},
				"west": {"uv": [4.25, 6.5, 6, 8], "texture": "#0"},
				"up": {"uv": [4.25, 6.5, 6, 8], "texture": "#0"},
				"down": {"uv": [4.25, 6.5, 6, 8], "texture": "#0"}
			}
		},
		{
			"from": [6.6767, 9.90456, 6.20839],
			"to": [9.32335, 12.31933, 9.79161],
			"rotation": {"angle": 0, "axis": "y", "origin": [11.05385, -5.09042, 5.81891]},
			"faces": {
				"north": {"uv": [4.25, 6.5, 6, 8], "texture": "#0"},
				"east": {"uv": [4.25, 6.5, 6, 8], "texture": "#0"},
				"south": {"uv": [4.25, 6.5, 6, 8], "texture": "#0"},
				"west": {"uv": [4.25, 6.5, 6, 8], "texture": "#0"},
				"up": {"uv": [4.25, 6.5, 6, 8], "texture": "#0"},
				"down": {"uv": [4.25, 6.5, 6, 8], "texture": "#0"}
			}
		},
		{
			"from": [5.86233, 4.24931, 6.20839],
			"to": [10.13771, 5.19185, 9.79161],
			"rotation": {"angle": 0, "axis": "y", "origin": [11.05385, -5.94728, 5.81891]},
			"faces": {
				"north": {"uv": [13.25, 0, 16, 1.5], "texture": "#0"},
				"east": {"uv": [13.25, 0, 16, 1.5], "texture": "#0"},
				"south": {"uv": [13.25, 0, 16, 1.5], "texture": "#0"},
				"west": {"uv": [13.25, 0, 16, 1.5], "texture": "#0"},
				"up": {"uv": [13.25, 0, 16, 1.5], "texture": "#0"},
				"down": {"uv": [13.25, 0, 16, 1.5], "texture": "#0"}
			}
		}
	],
	"display": {
		"head": {
			"translation": [0, -8.75, -3],
			"scale": [4, 4, 4]
		}
	},
	"groups": [
		{
			"name": "root",
			"origin": [8, 8, 8],
			"color": 0,
			"children": [
				{
					"name": "neck",
					"origin": [8, 8, 8],
					"color": 0,
					"children": [
						{
							"name": "1",
							"origin": [8, 8, 8],
							"color": 0,
							"children": [0, 1, 2, 3]
						}
					]
				}
			]
		}
	]
}