{
	"credit": "Made with Blockbench",
	"texture_size": [32, 32],
	"textures": {
		"0": "brachy/head",
		"particle": "brachy/head"
	},
	"elements": [
		{
			"from": [5.18094, 4.96127, 2.70358],
			"to": [10.81904, 10.59939, 8.75516],
			"rotation": {"angle": 0, "axis": "y", "origin": [10.70967, -7.91617, -69.51312]},
			"faces": {
				"north": {"uv": [4.25, 6.5, 6, 8.5], "texture": "#0"},
				"east": {"uv": [4.25, 6.5, 6, 8.5], "texture": "#0"},
				"south": {"uv": [4.25, 6.5, 6, 8.5], "texture": "#0"},
				"west": {"uv": [4.25, 6.5, 6, 8.5], "texture": "#0"},
				"up": {"uv": [4.25, 6.5, 6, 8.5], "texture": "#0"},
				"down": {"uv": [4.25, 6.5, 6, 8.5], "texture": "#0"}
			}
		},
		{
			"from": [5.18094, 10.59939, 6.49991],
			"to": [10.81904, 11.72701, 10.2013],
			"rotation": {"angle": 0, "axis": "y", "origin": [7.99999, 8.34414, 9.03707]},
			"faces": {
				"north": {"uv": [4.25, 6.5, 6, 8.5], "texture": "#0"},
				"east": {"uv": [4.25, 6.5, 6, 8.5], "texture": "#0"},
				"south": {"uv": [4.25, 6.5, 6, 8.5], "texture": "#0"},
				"west": {"uv": [4.25, 6.5, 6, 8.5], "texture": "#0"},
				"up": {"uv": [4.25, 6.5, 6, 8.5], "texture": "#0"},
				"down": {"uv": [4.25, 6.5, 6, 8.5], "texture": "#0"}
			}
		},
		{
			"from": [10.25524, 5.52509, 6.49991],
			"to": [11.38286, 11.1632, 10.2013],
			"rotation": {"angle": 0, "axis": "y", "origin": [7.99999, 8.34414, 9.03707]},
			"faces": {
				"north": {"uv": [4.25, 7, 6, 8.5], "rotation": 90, "texture": "#0"},
				"east": {"uv": [4.25, 7, 6, 8.5], "rotation": 90, "texture": "#0"},
				"south": {"uv": [4.25, 7, 6, 8.5], "rotation": 90, "texture": "#0"},
				"west": {"uv": [4.25, 7, 6, 8.5], "rotation": 90, "texture": "#0"},
				"up": {"uv": [4.25, 7, 6, 8.5], "rotation": 90, "texture": "#0"},
				"down": {"uv": [4.25, 7, 6, 8.5], "rotation": 90, "texture": "#0"}
			}
		},
		{
			"from": [4.61712, 5.52509, 6.49991],
			"to": [5.74475, 11.1632, 10.2013],
			"rotation": {"angle": 0, "axis": "y", "origin": [7.99999, 8.34414, 9.03707]},
			"faces": {
				"north": {"uv": [4.25, 8.5, 6, 7], "rotation": 90, "texture": "#0"},
				"east": {"uv": [4.25, 8.5, 6, 7], "rotation": 90, "texture": "#0"},
				"south": {"uv": [4.25, 8.5, 6, 7], "rotation": 90, "texture": "#0"},
				"west": {"uv": [4.25, 8.5, 6, 7], "rotation": 90, "texture": "#0"},
				"up": {"uv": [4.25, 8.5, 6, 7], "rotation": 90, "texture": "#0"},
				"down": {"uv": [4.25, 8.5, 6, 7], "rotation": 90, "texture": "#0"}
			}
		},
		{
			"from": [5.18094, 4.39747, 6.49991],
			"to": [10.81904, 5.52509, 10.2013],
			"rotation": {"angle": 0, "axis": "y", "origin": [10.70967, -7.91617, -69.51312]},
			"faces": {
				"north": {"uv": [4.25, 6.5, 6, 8.5], "texture": "#0"},
				"east": {"uv": [4.25, 6.5, 6, 8.5], "texture": "#0"},
				"south": {"uv": [4.25, 6.5, 6, 8.5], "texture": "#0"},
				"west": {"uv": [4.25, 6.5, 6, 8.5], "texture": "#0"},
				"up": {"uv": [4.25, 6.5, 6, 8.5], "texture": "#0"},
				"down": {"uv": [4.25, 6.5, 6, 8.5], "texture": "#0"}
			}
		},
		{
			"from": [7.43617, 11.1632, 5.44552],
			"to": [8.56381, 12.85463, 10.51982],
			"rotation": {"angle": 0, "axis": "y", "origin": [7.99999, 8.06224, 7.13695]},
			"faces": {
				"north": {"uv": [4.25, 6.5, 6, 8.5], "texture": "#0"},
				"east": {"uv": [4.25, 6.5, 6, 8.5], "texture": "#0"},
				"south": {"uv": [4.25, 6.5, 6, 8.5], "texture": "#0"},
				"west": {"uv": [4.25, 6.5, 6, 8.5], "texture": "#0"},
				"up": {"uv": [4.25, 6.5, 6, 8.5], "texture": "#0"},
				"down": {"uv": [4.25, 6.5, 6, 8.5], "texture": "#0"}
			}
		},
		{
			"from": [7.43617, 12.85463, 7.13695],
			"to": [8.56381, 13.98226, 13.33887],
			"rotation": {"angle": 0, "axis": "y", "origin": [7.99999, 8.06224, 7.13695]},
			"faces": {
				"north": {"uv": [4.25, 6.5, 6, 8.5], "texture": "#0"},
				"east": {"uv": [4.25, 6.5, 6, 8.5], "texture": "#0"},
				"south": {"uv": [4.25, 6.5, 6, 8.5], "texture": "#0"},
				"west": {"uv": [4.25, 6.5, 6, 8.5], "texture": "#0"},
				"up": {"uv": [4.25, 6.5, 6, 8.5], "texture": "#0"},
				"down": {"uv": [4.25, 6.5, 6, 8.5], "texture": "#0"}
			}
		},
		{
			"from": [7.43617, 3.26985, 5.44552],
			"to": [8.56381, 4.96127, 10.51982],
			"rotation": {"angle": 0, "axis": "y", "origin": [7.99999, 8.06224, 7.13695]},
			"faces": {
				"north": {"uv": [4.25, 7, 6, 7.75], "rotation": 270, "texture": "#0"},
				"east": {"uv": [4.25, 7, 6, 7.75], "rotation": 270, "texture": "#0"},
				"south": {"uv": [4.25, 7, 6, 7.75], "rotation": 270, "texture": "#0"},
				"west": {"uv": [4.25, 7, 6, 7.75], "rotation": 270, "texture": "#0"},
				"up": {"uv": [4.25, 7, 6, 7.75], "rotation": 270, "texture": "#0"},
				"down": {"uv": [4.25, 7, 6, 7.75], "rotation": 270, "texture": "#0"}
			}
		},
		{
			"from": [7.43617, 2.14222, 7.13695],
			"to": [8.56381, 3.26985, 13.33887],
			"rotation": {"angle": 0, "axis": "y", "origin": [7.99999, 8.06224, 7.13695]},
			"faces": {
				"north": {"uv": [4.25, 7, 6, 7.75], "rotation": 270, "texture": "#0"},
				"east": {"uv": [4.25, 7, 6, 7.75], "rotation": 270, "texture": "#0"},
				"south": {"uv": [4.25, 7, 6, 7.75], "rotation": 270, "texture": "#0"},
				"west": {"uv": [4.25, 7, 6, 7.75], "rotation": 270, "texture": "#0"},
				"up": {"uv": [4.25, 7, 6, 7.75], "rotation": 270, "texture": "#0"},
				"down": {"uv": [4.25, 7, 6, 7.75], "rotation": 270, "texture": "#0"}
			}
		},
		{
			"from": [3.2076, 8.62605, 5.44552],
			"to": [4.89903, 9.75367, 10.51982],
			"rotation": {"angle": -22.5, "axis": "z", "origin": [7.99999, 8.06224, 7.13695]},
			"faces": {
				"north": {"uv": [4.25, 8.5, 6, 7], "rotation": 90, "texture": "#0"},
				"east": {"uv": [4.25, 8.5, 6, 7], "rotation": 90, "texture": "#0"},
				"south": {"uv": [4.25, 8.5, 6, 7], "rotation": 90, "texture": "#0"},
				"west": {"uv": [4.25, 8.5, 6, 7], "rotation": 90, "texture": "#0"},
				"up": {"uv": [4.25, 8.5, 6, 7], "rotation": 90, "texture": "#0"},
				"down": {"uv": [4.25, 8.5, 6, 7], "rotation": 90, "texture": "#0"}
			}
		},
		{
			"from": [2.07997, 8.62605, 7.13695],
			"to": [3.2076, 9.75367, 13.33887],
			"rotation": {"angle": -22.5, "axis": "z", "origin": [7.99999, 8.06224, 7.13695]},
			"faces": {
				"north": {"uv": [4.25, 8.5, 6, 7], "rotation": 90, "texture": "#0"},
				"east": {"uv": [4.25, 8.5, 6, 7], "rotation": 90, "texture": "#0"},
				"south": {"uv": [4.25, 8.5, 6, 7], "rotation": 90, "texture": "#0"},
				"west": {"uv": [4.25, 8.5, 6, 7], "rotation": 90, "texture": "#0"},
				"up": {"uv": [4.25, 8.5, 6, 7], "rotation": 90, "texture": "#0"},
				"down": {"uv": [4.25, 8.5, 6, 7], "rotation": 90, "texture": "#0"}
			}
		},
		{
			"from": [11.10096, 8.62605, 5.44552],
			"to": [12.79239, 9.75367, 10.51982],
			"rotation": {"angle": 22.5, "axis": "z", "origin": [7.99999, 8.06224, 7.13695]},
			"faces": {
				"north": {"uv": [4.25, 7, 6, 8.5], "rotation": 90, "texture": "#0"},
				"east": {"uv": [4.25, 7, 6, 8.5], "rotation": 90, "texture": "#0"},
				"south": {"uv": [4.25, 7, 6, 8.5], "rotation": 90, "texture": "#0"},
				"west": {"uv": [4.25, 7, 6, 8.5], "rotation": 90, "texture": "#0"},
				"up": {"uv": [4.25, 7, 6, 8.5], "rotation": 90, "texture": "#0"},
				"down": {"uv": [4.25, 7, 6, 8.5], "rotation": 90, "texture": "#0"}
			}
		},
		{
			"from": [12.79239, 8.62605, 7.13695],
			"to": [13.92001, 9.75367, 13.33887],
			"rotation": {"angle": 22.5, "axis": "z", "origin": [7.99999, 8.06224, 7.13695]},
			"faces": {
				"north": {"uv": [4.25, 7, 6, 8.5], "rotation": 90, "texture": "#0"},
				"east": {"uv": [4.25, 7, 6, 8.5], "rotation": 90, "texture": "#0"},
				"south": {"uv": [4.25, 7, 6, 8.5], "rotation": 90, "texture": "#0"},
				"west": {"uv": [4.25, 7, 6, 8.5], "rotation": 90, "texture": "#0"},
				"up": {"uv": [4.25, 7, 6, 8.5], "rotation": 90, "texture": "#0"},
				"down": {"uv": [4.25, 7, 6, 8.5], "rotation": 90, "texture": "#0"}
			}
		},
		{
			"from": [3.2076, 6.3708, 5.44552],
			"to": [4.89903, 7.49842, 10.51982],
			"rotation": {"angle": 22.5, "axis": "z", "origin": [7.99999, 8.06224, 7.13695]},
			"faces": {
				"north": {"uv": [4.25, 8.5, 6, 7], "rotation": 90, "texture": "#0"},
				"east": {"uv": [4.25, 8.5, 6, 7], "rotation": 90, "texture": "#0"},
				"south": {"uv": [4.25, 8.5, 6, 7], "rotation": 90, "texture": "#0"},
				"west": {"uv": [4.25, 8.5, 6, 7], "rotation": 90, "texture": "#0"},
				"up": {"uv": [4.25, 8.5, 6, 7], "rotation": 90, "texture": "#0"},
				"down": {"uv": [4.25, 8.5, 6, 7], "rotation": 90, "texture": "#0"}
			}
		},
		{
			"from": [2.07997, 6.3708, 7.13695],
			"to": [3.2076, 7.49842, 13.33887],
			"rotation": {"angle": 22.5, "axis": "z", "origin": [7.99999, 8.06224, 7.13695]},
			"faces": {
				"north": {"uv": [4.25, 8.5, 6, 7], "rotation": 90, "texture": "#0"},
				"east": {"uv": [4.25, 8.5, 6, 7], "rotation": 90, "texture": "#0"},
				"south": {"uv": [4.25, 8.5, 6, 7], "rotation": 90, "texture": "#0"},
				"west": {"uv": [4.25, 8.5, 6, 7], "rotation": 90, "texture": "#0"},
				"up": {"uv": [4.25, 8.5, 6, 7], "rotation": 90, "texture": "#0"},
				"down": {"uv": [4.25, 8.5, 6, 7], "rotation": 90, "texture": "#0"}
			}
		},
		{
			"from": [11.10096, 6.3708, 5.44552],
			"to": [12.79239, 7.49842, 10.51982],
			"rotation": {"angle": -22.5, "axis": "z", "origin": [7.99999, 8.06224, 7.13695]},
			"faces": {
				"north": {"uv": [4.25, 7, 6, 8.5], "rotation": 90, "texture": "#0"},
				"east": {"uv": [4.25, 7, 6, 8.5], "rotation": 90, "texture": "#0"},
				"south": {"uv": [4.25, 7, 6, 8.5], "rotation": 90, "texture": "#0"},
				"west": {"uv": [4.25, 7, 6, 8.5], "rotation": 90, "texture": "#0"},
				"up": {"uv": [4.25, 7, 6, 8.5], "rotation": 90, "texture": "#0"},
				"down": {"uv": [4.25, 7, 6, 8.5], "rotation": 90, "texture": "#0"}
			}
		},
		{
			"from": [12.79239, 6.3708, 7.13695],
			"to": [13.92001, 7.49842, 13.33887],
			"rotation": {"angle": -22.5, "axis": "z", "origin": [7.99999, 8.06224, 7.13695]},
			"faces": {
				"north": {"uv": [4.25, 7, 6, 8.5], "rotation": 90, "texture": "#0"},
				"east": {"uv": [4.25, 7, 6, 8.5], "rotation": 90, "texture": "#0"},
				"south": {"uv": [4.25, 7, 6, 8.5], "rotation": 90, "texture": "#0"},
				"west": {"uv": [4.25, 7, 6, 8.5], "rotation": 90, "texture": "#0"},
				"up": {"uv": [4.25, 7, 6, 8.5], "rotation": 90, "texture": "#0"},
				"down": {"uv": [4.25, 7, 6, 8.5], "rotation": 90, "texture": "#0"}
			}
		}
	],
	"display": {
		"head": {
			"translation": [0, -6.75, 15.25],
			"scale": [4, 4, 4]
		}
	},
	"groups": [
		{
			"name": "root",
			"origin": [8, 8, 8],
			"color": 0,
			"children": [
				{
					"name": "tail",
					"origin": [8, 8, 8],
					"color": 0,
					"children": [
						{
							"name": "3",
							"origin": [8, 8, 8],
							"color": 0,
							"children": [
								0,
								1,
								2,
								3,
								4,
								{
									"name": "group",
									"origin": [9.2015, 9.24, -10.705],
									"color": 0,
									"children": [5, 6]
								},
								{
									"name": "group",
									"origin": [9.2015, 9.24, -10.705],
									"color": 0,
									"children": [7, 8]
								},
								{
									"name": "group",
									"origin": [9.2015, 9.24, -10.705],
									"color": 0,
									"children": [9, 10]
								},
								{
									"name": "group",
									"origin": [9.2015, 9.24, -10.705],
									"color": 0,
									"children": [11, 12]
								},
								{
									"name": "group",
									"origin": [9.2015, 9.24, -10.705],
									"color": 0,
									"children": [13, 14]
								},
								{
									"name": "group",
									"origin": [9.2015, 9.24, -10.705],
									"color": 0,
									"children": [15, 16]
								}
							]
						}
					]
				}
			]
		}
	]
}