{
	"credit": "Made with Blockbench",
	"textures": {
		"1": "tiga/tiga"
	},
	"elements": [
		{
			"from": [3.89804, -2.91439, 7.38263],
			"to": [9.98204, 0.46561, 11.60763],
			"rotation": {"angle": 0, "axis": "y", "origin": [-13.33996, 10.60561, 9.91763]},
			"faces": {
				"north": {"uv": [1.875, 7.75, 2.3125, 7.5], "rotation": 180, "texture": "#1"},
				"east": {"uv": [7.375, 8.3125, 7.625, 8], "rotation": 270, "texture": "#1"},
				"south": {"uv": [7.5, 3.25, 7.9375, 3.5], "texture": "#1"},
				"west": {"uv": [8, 7.3125, 8.25, 7], "rotation": 90, "texture": "#1"},
				"up": {"uv": [2.9375, 6.875, 2.5, 7.1875], "texture": "#1"},
				"down": {"uv": [2.4375, 6.875, 2, 7.1875], "rotation": 180, "texture": "#1"}
			}
		},
		{
			"from": [3.89804, -5.02689, 8.22763],
			"to": [5.58804, -2.91439, 11.60763],
			"rotation": {"angle": 0, "axis": "y", "origin": [-13.33996, 10.60561, 9.91763]},
			"faces": {
				"north": {"uv": [6.375, 9.53125, 6.5, 9.375], "rotation": 180, "texture": "#1"},
				"east": {"uv": [8, 9, 8.15625, 8.75], "rotation": 270, "texture": "#1"},
				"south": {"uv": [6.875, 9.375, 7, 9.53125], "texture": "#1"},
				"west": {"uv": [7.75, 9, 7.90625, 8.75], "rotation": 90, "texture": "#1"},
				"up": {"uv": [1.75, 6.375, 1.625, 6.625], "texture": "#1"},
				"down": {"uv": [1.75, 5.125, 1.625, 5.375], "rotation": 180, "texture": "#1"}
			}
		},
		{
			"from": [6.09504, -5.87189, 7.72063],
			"to": [7.78504, -2.91439, 11.60763],
			"rotation": {"angle": 0, "axis": "y", "origin": [-13.33996, 10.60561, 9.91763]},
			"faces": {
				"north": {"uv": [3.625, 9.34375, 3.75, 9.125], "rotation": 180, "texture": "#1"},
				"east": {"uv": [0.875, 8.53125, 1.09375, 8.25], "rotation": 270, "texture": "#1"},
				"south": {"uv": [9.125, 6.25, 9.25, 6.46875], "texture": "#1"},
				"west": {"uv": [0.125, 8.53125, 0.34375, 8.25], "rotation": 90, "texture": "#1"},
				"up": {"uv": [3.875, 8.875, 3.75, 9.15625], "texture": "#1"},
				"down": {"uv": [2.625, 8.875, 2.5, 9.15625], "rotation": 180, "texture": "#1"}
			}
		},
		{
			"from": [8.29204, -5.02689, 8.22763],
			"to": [9.98204, -2.91439, 11.60763],
			"rotation": {"angle": 0, "axis": "y", "origin": [-13.33996, 10.60561, 9.91763]},
			"faces": {
				"north": {"uv": [7, 9.53125, 7.125, 9.375], "rotation": 180, "texture": "#1"},
				"east": {"uv": [8.5, 9, 8.65625, 8.75], "rotation": 270, "texture": "#1"},
				"south": {"uv": [9.375, 7, 9.5, 7.15625], "texture": "#1"},
				"west": {"uv": [8.25, 9, 8.40625, 8.75], "rotation": 90, "texture": "#1"},
				"up": {"uv": [2.125, 6.625, 2, 6.875], "texture": "#1"},
				"down": {"uv": [6.25, 6.375, 6.125, 6.625], "rotation": 180, "texture": "#1"}
			}
		},
		{
			"from": [6.43304, -7.56189, 8.22763],
			"to": [7.44704, -5.87189, 11.60763],
			"rotation": {"angle": 0, "axis": "y", "origin": [-13.33996, 10.60561, 9.91763]},
			"faces": {
				"north": {"uv": [9.75, 6.25, 9.8125, 6.125], "rotation": 180, "texture": "#1"},
				"east": {"uv": [1.5, 9.25, 1.625, 9], "rotation": 270, "texture": "#1"},
				"south": {"uv": [9.75, 6.25, 9.8125, 6.375], "texture": "#1"},
				"west": {"uv": [5.75, 7.125, 5.875, 6.875], "rotation": 90, "texture": "#1"},
				"up": {"uv": [9.5625, 5, 9.5, 5.25], "texture": "#1"},
				"down": {"uv": [4.5625, 9.5, 4.5, 9.75], "rotation": 180, "texture": "#1"}
			}
		},
		{
			"from": [4.23604, -6.71689, 8.73463],
			"to": [5.25004, -5.02689, 11.60763],
			"rotation": {"angle": 0, "axis": "y", "origin": [-13.33996, 10.60561, 9.91763]},
			"faces": {
				"north": {"uv": [9.75, 6.5, 9.8125, 6.375], "rotation": 180, "texture": "#1"},
				"east": {"uv": [7.125, 9.34375, 7.25, 9.125], "rotation": 270, "texture": "#1"},
				"south": {"uv": [6.5, 9.75, 6.5625, 9.875], "texture": "#1"},
				"west": {"uv": [7, 9.34375, 7.125, 9.125], "rotation": 90, "texture": "#1"},
				"up": {"uv": [0.1875, 9.625, 0.125, 9.84375], "texture": "#1"},
				"down": {"uv": [9.6875, 0, 9.625, 0.21875], "rotation": 180, "texture": "#1"}
			}
		},
		{
			"from": [8.63004, -6.71689, 8.73463],
			"to": [9.64404, -5.02689, 11.60763],
			"rotation": {"angle": 0, "axis": "y", "origin": [-13.33996, 10.60561, 9.91763]},
			"faces": {
				"north": {"uv": [9.75, 6.625, 9.8125, 6.5], "rotation": 180, "texture": "#1"},
				"east": {"uv": [9.125, 7.46875, 9.25, 7.25], "rotation": 270, "texture": "#1"},
				"south": {"uv": [6.625, 9.75, 6.6875, 9.875], "texture": "#1"},
				"west": {"uv": [7.25, 9.34375, 7.375, 9.125], "rotation": 90, "texture": "#1"},
				"up": {"uv": [9.6875, 0.25, 9.625, 0.46875], "texture": "#1"},
				"down": {"uv": [0.3125, 9.625, 0.25, 9.84375], "rotation": 180, "texture": "#1"}
			}
		}
	],
	"display": {
		"head": {
			"rotation": [90, 0, 0],
			"translation": [4.25, -2, 36.75],
			"scale": [4, 4, 4]
		}
	},
	"groups": [
		{
			"name": "root",
			"origin": [24, -15, 15],
			"color": 2,
			"children": [
				{
					"name": "wing_l",
					"origin": [24, -15, 15],
					"color": 2,
					"children": [
						{
							"name": "11",
							"origin": [24, 0, 14],
							"color": 0,
							"children": [0, 1, 2, 3, 4, 5, 6]
						}
					]
				}
			]
		}
	]
}