{
	"credit": "Made with Blockbench",
	"textures": {
		"0": "tiga/tiga_anger_break",
		"particle": "tiga/tiga_anger_break"
	},
	"elements": [
		{
			"from": [11.2317, 11.3196, 5.90969],
			"to": [16.7242, 15.5446, 9.28969],
			"rotation": {"angle": 0, "axis": "y", "origin": [33.6242, 4.5596, 8.44469]},
			"faces": {
				"north": {"uv": [6.15625, 7.4375, 5.75, 7.125], "rotation": 180, "texture": "#0"},
				"east": {"uv": [1.875, 8, 2.1875, 8.25], "rotation": 90, "texture": "#0"},
				"south": {"uv": [7.53125, 6.125, 7.125, 6.4375], "texture": "#0"},
				"west": {"uv": [2.875, 8, 3.1875, 8.25], "rotation": 270, "texture": "#0"},
				"up": {"uv": [6.875, 7.625, 7.28125, 7.875], "texture": "#0"},
				"down": {"uv": [7.625, 6.75, 8.03125, 7], "rotation": 180, "texture": "#0"}
			}
		},
		{
			"from": [12.1612, -3.8904, 5.06469],
			"to": [16.8087, 13.0096, 10.13469],
			"rotation": {"angle": 0, "axis": "y", "origin": [33.6242, 4.5596, 8.44469]},
			"faces": {
				"north": {"uv": [1.84375, 4.5, 1.5, 3.25], "rotation": 180, "texture": "#0"},
				"east": {"uv": [2.75, 3, 4, 3.375], "rotation": 90, "texture": "#0"},
				"south": {"uv": [2.21875, 3.375, 1.875, 4.625], "texture": "#0"},
				"west": {"uv": [3.25, 0, 4.5, 0.375], "rotation": 270, "texture": "#0"},
				"up": {"uv": [4.625, 7.125, 4.96875, 7.5], "texture": "#0"},
				"down": {"uv": [7.125, 1.25, 7.46875, 1.625], "rotation": 180, "texture": "#0"}
			}
		},
		{
			"from": [6.5842, 6.2496, 6.92369],
			"to": [9.2882, 15.8826, 8.95169],
			"rotation": {"angle": 22.5, "axis": "z", "origin": [33.6242, 4.5596, 8.44469]},
			"faces": {
				"north": {"uv": [6.6875, 7.59375, 6.5, 6.875], "rotation": 180, "texture": "#0"},
				"east": {"uv": [3.875, 7.375, 4.59375, 7.53125], "rotation": 90, "texture": "#0"},
				"south": {"uv": [1.8125, 7.125, 1.625, 7.84375], "texture": "#0"},
				"west": {"uv": [7.375, 4.125, 8.09375, 4.28125], "rotation": 270, "texture": "#0"},
				"up": {"uv": [9.125, 2.375, 9.3125, 2.53125], "texture": "#0"},
				"down": {"uv": [2.25, 9.125, 2.4375, 9.28125], "rotation": 180, "texture": "#0"}
			}
		},
		{
			"from": [10.3022, -7.2704, 5.90969],
			"to": [16.3862, 11.3196, 10.13469],
			"rotation": {"angle": 0, "axis": "y", "origin": [33.6242, 4.5596, 8.44469]},
			"faces": {
				"north": {"uv": [2.6875, 2.625, 2.25, 1.25], "rotation": 180, "texture": "#0"},
				"east": {"uv": [3.25, 0.875, 4.625, 1.1875], "rotation": 90, "texture": "#0"},
				"south": {"uv": [0.4375, 2.5, 0, 3.875], "texture": "#0"},
				"west": {"uv": [2.25, 3.375, 3.625, 3.6875], "rotation": 270, "texture": "#0"},
				"up": {"uv": [6.875, 0.375, 7.3125, 0.6875], "texture": "#0"},
				"down": {"uv": [6.875, 0, 7.3125, 0.3125], "rotation": 180, "texture": "#0"}
			}
		},
		{
			"from": [6.2462, 15.8826, 6.58569],
			"to": [9.6262, 31.9376, 9.28969],
			"rotation": {"angle": 22.5, "axis": "z", "origin": [33.6242, 4.5596, 8.44469]},
			"faces": {
				"north": {"uv": [4.5, 5.6875, 4.25, 4.5], "rotation": 180, "texture": "#0"},
				"east": {"uv": [5.375, 2.5, 6.5625, 2.6875], "rotation": 90, "texture": "#0"},
				"south": {"uv": [4.75, 4.5, 4.5, 5.6875], "texture": "#0"},
				"west": {"uv": [5.5, 5.25, 6.6875, 5.4375], "rotation": 270, "texture": "#0"},
				"up": {"uv": [4.25, 8.625, 4.5, 8.8125], "texture": "#0"},
				"down": {"uv": [4, 8.625, 4.25, 8.8125], "rotation": 180, "texture": "#0"}
			}
		},
		{
			"from": [-2.0348, 19.4316, 7.09269],
			"to": [-0.1758, 27.8816, 8.78269],
			"rotation": {"angle": 0, "axis": "y", "origin": [33.6242, 4.5596, 8.44469]},
			"faces": {
				"north": {"uv": [0.5, 5.25, 0.375, 4.625], "rotation": 180, "texture": "#0"},
				"east": {"uv": [8, 1.75, 8.625, 1.875], "rotation": 90, "texture": "#0"},
				"south": {"uv": [5.75, 7.875, 5.625, 8.5], "texture": "#0"},
				"west": {"uv": [3.25, 8, 3.875, 8.125], "rotation": 270, "texture": "#0"},
				"up": {"uv": [1.75, 4.5, 1.875, 4.625], "texture": "#0"},
				"down": {"uv": [1.875, 3.25, 2, 3.375], "rotation": 180, "texture": "#0"}
			}
		},
		{
			"from": [0.6692, 18.9246, 7.43069],
			"to": [1.6832, 23.9946, 8.44469],
			"rotation": {"angle": 0, "axis": "y", "origin": [33.6242, 4.5596, 8.44469]},
			"faces": {
				"north": {"uv": [7.8125, 9.625, 7.75, 9.25], "rotation": 180, "texture": "#0"},
				"east": {"uv": [9.25, 5.75, 9.625, 5.8125], "rotation": 90, "texture": "#0"},
				"south": {"uv": [9.3125, 7.75, 9.25, 8.125], "texture": "#0"},
				"west": {"uv": [9.25, 6.75, 9.625, 6.8125], "rotation": 270, "texture": "#0"},
				"up": {"uv": [9.875, 4.125, 9.9375, 4.1875], "texture": "#0"},
				"down": {"uv": [4.125, 9.875, 4.1875, 9.9375], "rotation": 180, "texture": "#0"}
			}
		},
		{
			"from": [1.5142, -3.8904, 7.76869],
			"to": [16.7242, 19.7696, 7.76869],
			"rotation": {"angle": 0, "axis": "y", "origin": [33.6242, 4.5596, 8.44469]},
			"faces": {
				"north": {"uv": [1.125, 1.75, 0, 0], "rotation": 180, "texture": "#0"},
				"east": {"uv": [0, 0, 0, 0], "texture": "#0"},
				"south": {"uv": [0, 1.75, 1.125, 0], "rotation": 180, "texture": "#0"},
				"west": {"uv": [0, 0, 0, 0], "texture": "#0"},
				"up": {"uv": [0, 0, 0, 0], "texture": "#0"},
				"down": {"uv": [0, 0, 0, 0], "texture": "#0"}
			}
		},
		{
			"from": [8.9502, 12.1646, 6.58569],
			"to": [11.9922, 17.2346, 9.28969],
			"rotation": {"angle": 45, "axis": "z", "origin": [33.6242, 4.5596, 8.44469]},
			"faces": {
				"north": {"uv": [5.09375, 8.125, 4.875, 7.75], "rotation": 180, "texture": "#0"},
				"east": {"uv": [1.5, 8.125, 1.875, 8.3125], "rotation": 90, "texture": "#0"},
				"south": {"uv": [2.84375, 7.875, 2.625, 8.25], "texture": "#0"},
				"west": {"uv": [8.125, 1.875, 8.5, 2.0625], "rotation": 270, "texture": "#0"},
				"up": {"uv": [6.25, 8.75, 6.46875, 8.9375], "texture": "#0"},
				"down": {"uv": [8.75, 5.875, 8.96875, 6.0625], "rotation": 180, "texture": "#0"}
			}
		}
	],
	"display": {
		"head": {
			"rotation": [90, 0, 0],
			"translation": [-23.75, -9, -17.25],
			"scale": [4, 4, 4]
		}
	},
	"groups": [
		{
			"name": "root",
			"origin": [24, -15, 15],
			"color": 2,
			"children": [
				{
					"name": "wing_l",
					"origin": [24, -15, 15],
					"color": 2,
					"children": [
						{
							"name": "10",
							"origin": [24, 0, 15],
							"color": 0,
							"children": [0, 1, 2, 3, 4, 5, 6, 7, 8]
						}
					]
				}
			]
		}
	]
}