{
	"credit": "Made with Blockbench",
	"textures": {
		"0": "tiga/tiga_anger_break",
		"particle": "tiga/tiga_anger_break"
	},
	"elements": [
		{
			"from": [-0.7242, 11.3196, 5.90969],
			"to": [4.7683, 15.5446, 9.28969],
			"rotation": {"angle": 0, "axis": "y", "origin": [-17.6242, 4.5596, 8.44469]},
			"faces": {
				"north": {"uv": [5.75, 7.4375, 6.15625, 7.125], "rotation": 180, "texture": "#0"},
				"east": {"uv": [2.875, 8.25, 3.1875, 8], "rotation": 270, "texture": "#0"},
				"south": {"uv": [7.125, 6.125, 7.53125, 6.4375], "texture": "#0"},
				"west": {"uv": [1.875, 8.25, 2.1875, 8], "rotation": 90, "texture": "#0"},
				"up": {"uv": [7.28125, 7.625, 6.875, 7.875], "texture": "#0"},
				"down": {"uv": [8.03125, 6.75, 7.625, 7], "rotation": 180, "texture": "#0"}
			}
		},
		{
			"from": [-0.8087, -3.8904, 5.06469],
			"to": [3.8388, 13.0096, 10.13469],
			"rotation": {"angle": 0, "axis": "y", "origin": [-17.6242, 4.5596, 8.44469]},
			"faces": {
				"north": {"uv": [1.5, 4.5, 1.84375, 3.25], "rotation": 180, "texture": "#0"},
				"east": {"uv": [3.25, 0.375, 4.5, 0], "rotation": 270, "texture": "#0"},
				"south": {"uv": [1.875, 3.375, 2.21875, 4.625], "texture": "#0"},
				"west": {"uv": [2.75, 3.375, 4, 3], "rotation": 90, "texture": "#0"},
				"up": {"uv": [4.96875, 7.125, 4.625, 7.5], "texture": "#0"},
				"down": {"uv": [7.46875, 1.25, 7.125, 1.625], "rotation": 180, "texture": "#0"}
			}
		},
		{
			"from": [6.7118, 6.2496, 6.92369],
			"to": [9.4158, 15.8826, 8.95169],
			"rotation": {"angle": -22.5, "axis": "z", "origin": [-17.6242, 4.5596, 8.44469]},
			"faces": {
				"north": {"uv": [6.5, 7.59375, 6.6875, 6.875], "rotation": 180, "texture": "#0"},
				"east": {"uv": [7.375, 4.28125, 8.09375, 4.125], "rotation": 270, "texture": "#0"},
				"south": {"uv": [1.625, 7.125, 1.8125, 7.84375], "texture": "#0"},
				"west": {"uv": [3.875, 7.53125, 4.59375, 7.375], "rotation": 90, "texture": "#0"},
				"up": {"uv": [9.3125, 2.375, 9.125, 2.53125], "texture": "#0"},
				"down": {"uv": [2.4375, 9.125, 2.25, 9.28125], "rotation": 180, "texture": "#0"}
			}
		},
		{
			"from": [-0.3862, -7.2704, 5.90969],
			"to": [5.6978, 11.3196, 10.13469],
			"rotation": {"angle": 0, "axis": "y", "origin": [-17.6242, 4.5596, 8.44469]},
			"faces": {
				"north": {"uv": [2.25, 2.625, 2.6875, 1.25], "rotation": 180, "texture": "#0"},
				"east": {"uv": [2.25, 3.6875, 3.625, 3.375], "rotation": 270, "texture": "#0"},
				"south": {"uv": [0, 2.5, 0.4375, 3.875], "texture": "#0"},
				"west": {"uv": [3.25, 1.1875, 4.625, 0.875], "rotation": 90, "texture": "#0"},
				"up": {"uv": [7.3125, 0.375, 6.875, 0.6875], "texture": "#0"},
				"down": {"uv": [7.3125, 0, 6.875, 0.3125], "rotation": 180, "texture": "#0"}
			}
		},
		{
			"from": [6.3738, 15.8826, 6.58569],
			"to": [9.7538, 31.9376, 9.28969],
			"rotation": {"angle": -22.5, "axis": "z", "origin": [-17.6242, 4.5596, 8.44469]},
			"faces": {
				"north": {"uv": [4.25, 5.6875, 4.5, 4.5], "rotation": 180, "texture": "#0"},
				"east": {"uv": [5.5, 5.4375, 6.6875, 5.25], "rotation": 270, "texture": "#0"},
				"south": {"uv": [4.5, 4.5, 4.75, 5.6875], "texture": "#0"},
				"west": {"uv": [5.375, 2.6875, 6.5625, 2.5], "rotation": 90, "texture": "#0"},
				"up": {"uv": [4.5, 8.625, 4.25, 8.8125], "texture": "#0"},
				"down": {"uv": [4.25, 8.625, 4, 8.8125], "rotation": 180, "texture": "#0"}
			}
		},
		{
			"from": [16.1758, 19.4316, 7.09269],
			"to": [18.0348, 27.8816, 8.78269],
			"rotation": {"angle": 0, "axis": "y", "origin": [-17.6242, 4.5596, 8.44469]},
			"faces": {
				"north": {"uv": [0.375, 5.25, 0.5, 4.625], "rotation": 180, "texture": "#0"},
				"east": {"uv": [3.25, 8.125, 3.875, 8], "rotation": 270, "texture": "#0"},
				"south": {"uv": [5.625, 7.875, 5.75, 8.5], "texture": "#0"},
				"west": {"uv": [8, 1.875, 8.625, 1.75], "rotation": 90, "texture": "#0"},
				"up": {"uv": [1.875, 4.5, 1.75, 4.625], "texture": "#0"},
				"down": {"uv": [2, 3.25, 1.875, 3.375], "rotation": 180, "texture": "#0"}
			}
		},
		{
			"from": [14.3168, 18.9246, 7.43069],
			"to": [15.3308, 23.9946, 8.44469],
			"rotation": {"angle": 0, "axis": "y", "origin": [-17.6242, 4.5596, 8.44469]},
			"faces": {
				"north": {"uv": [7.75, 9.625, 7.8125, 9.25], "rotation": 180, "texture": "#0"},
				"east": {"uv": [9.25, 6.8125, 9.625, 6.75], "rotation": 270, "texture": "#0"},
				"south": {"uv": [9.25, 7.75, 9.3125, 8.125], "texture": "#0"},
				"west": {"uv": [9.25, 5.8125, 9.625, 5.75], "rotation": 90, "texture": "#0"},
				"up": {"uv": [9.9375, 4.125, 9.875, 4.1875], "texture": "#0"},
				"down": {"uv": [4.1875, 9.875, 4.125, 9.9375], "rotation": 180, "texture": "#0"}
			}
		},
		{
			"from": [-0.7242, -3.8904, 7.76869],
			"to": [14.4858, 19.7696, 7.76869],
			"rotation": {"angle": 0, "axis": "y", "origin": [-17.6242, 4.5596, 8.44469]},
			"faces": {
				"north": {"uv": [0, 1.75, 1.125, 0], "rotation": 180, "texture": "#0"},
				"east": {"uv": [0, 0, 0, 0], "texture": "#0"},
				"south": {"uv": [1.125, 1.75, 0, 0], "rotation": 180, "texture": "#0"},
				"west": {"uv": [0, 0, 0, 0], "texture": "#0"},
				"up": {"uv": [0, 0, 0, 0], "texture": "#0"},
				"down": {"uv": [0, 0, 0, 0], "texture": "#0"}
			}
		},
		{
			"from": [4.0078, 12.1646, 6.58569],
			"to": [7.0498, 17.2346, 9.28969],
			"rotation": {"angle": -45, "axis": "z", "origin": [-17.6242, 4.5596, 8.44469]},
			"faces": {
				"north": {"uv": [4.875, 8.125, 5.09375, 7.75], "rotation": 180, "texture": "#0"},
				"east": {"uv": [8.125, 2.0625, 8.5, 1.875], "rotation": 270, "texture": "#0"},
				"south": {"uv": [2.625, 7.875, 2.84375, 8.25], "texture": "#0"},
				"west": {"uv": [1.5, 8.3125, 1.875, 8.125], "rotation": 90, "texture": "#0"},
				"up": {"uv": [6.46875, 8.75, 6.25, 8.9375], "texture": "#0"},
				"down": {"uv": [8.96875, 5.875, 8.75, 6.0625], "rotation": 180, "texture": "#0"}
			}
		}
	],
	"display": {
		"head": {
			"rotation": [90, 0, 0],
			"translation": [23.75, -9, -17.25],
			"scale": [4, 4, 4]
		}
	},
	"groups": [
		{
			"name": "root",
			"origin": [24, -15, 15],
			"color": 2,
			"children": [
				{
					"name": "wing_l",
					"origin": [24, -15, 15],
					"color": 2,
					"children": [
						{
							"name": "10",
							"origin": [24, 0, 15],
							"color": 0,
							"children": [0, 1, 2, 3, 4, 5, 6, 7, 8]
						}
					]
				}
			]
		}
	]
}