{
	"credit": "Made with Blockbench",
	"textures": {
		"1": "tiga/tiga"
	},
	"elements": [
		{
			"from": [7.16328, 6.95099, 0.80912],
			"to": [12.23328, 11.17599, 12.63912],
			"rotation": {"angle": 0, "axis": "y", "origin": [8.31459, 9.4543, 7.4635]},
			"faces": {
				"north": {"uv": [7.25, 7, 7.625, 7.3125], "texture": "#1"},
				"east": {"uv": [1.75, 5, 2.625, 5.3125], "texture": "#1"},
				"south": {"uv": [7.375, 0, 7.75, 0.3125], "texture": "#1"},
				"west": {"uv": [4.75, 4.875, 5.625, 5.1875], "texture": "#1"},
				"up": {"uv": [5.375, 0.375, 4.5, 0], "rotation": 270, "texture": "#1"},
				"down": {"uv": [5.375, 2.5, 4.5, 2.875], "rotation": 90, "texture": "#1"}
			}
		},
		{
			"from": [8.00828, 9.14799, 0.80912],
			"to": [16.45828, 9.14799, 14.32912],
			"rotation": {"angle": 0, "axis": "y", "origin": [8.31459, 9.4543, 7.4635]},
			"faces": {
				"north": {"uv": [3.25, 0.625, 2.25, 0], "texture": "#1"},
				"east": {"uv": [3.25, 0.625, 2.25, 0], "texture": "#1"},
				"south": {"uv": [3.25, 0.625, 2.25, 0], "texture": "#1"},
				"west": {"uv": [3.25, 0.625, 2.25, 0], "texture": "#1"},
				"up": {"uv": [3.25, 0.625, 2.25, 0], "rotation": 270, "texture": "#1"},
				"down": {"uv": [2.25, 0.625, 3.25, 0], "rotation": 270, "texture": "#1"}
			}
		},
		{
			"from": [6.48728, 8.21849, 0.80912],
			"to": [10.28978, 12.02099, 10.10412],
			"rotation": {"angle": 0, "axis": "y", "origin": [8.31459, 9.4543, 7.4635]},
			"faces": {
				"north": {"uv": [8, 1, 8.28125, 1.28125], "texture": "#1"},
				"east": {"uv": [4.75, 6, 5.4375, 6.28125], "texture": "#1"},
				"south": {"uv": [8, 1.375, 8.28125, 1.65625], "texture": "#1"},
				"west": {"uv": [3.125, 6, 3.8125, 6.28125], "texture": "#1"},
				"up": {"uv": [6.1875, 6.28125, 5.5, 6], "rotation": 270, "texture": "#1"},
				"down": {"uv": [6.6875, 5.5, 6, 5.78125], "rotation": 90, "texture": "#1"}
			}
		},
		{
			"from": [-2.13172, 9.48599, 2.49912],
			"to": [8.00828, 9.48599, 17.70912],
			"rotation": {"angle": 0, "axis": "y", "origin": [8.31459, 9.4543, 7.4635]},
			"faces": {
				"north": {"uv": [1.125, 2.5, 0, 1.75], "texture": "#1"},
				"east": {"uv": [1.125, 2.5, 0, 1.75], "texture": "#1"},
				"south": {"uv": [1.125, 2.5, 0, 1.75], "texture": "#1"},
				"west": {"uv": [1.125, 2.5, 0, 1.75], "texture": "#1"},
				"up": {"uv": [1.125, 2.5, 0, 1.75], "rotation": 270, "texture": "#1"},
				"down": {"uv": [0, 2.5, 1.125, 1.75], "rotation": 270, "texture": "#1"}
			}
		}
	],
	"display": {
		"head": {
			"translation": [-7, -11.5, -10.5],
			"scale": [4, 4, 4]
		}
	},
	"groups": [
		{
			"name": "root",
			"origin": [24, -15, 15],
			"color": 2,
			"children": [
				{
					"name": "wing_l",
					"origin": [24, -15, 15],
					"color": 2,
					"children": [
						{
							"name": "9",
							"origin": [24, 0, 15],
							"color": 0,
							"children": [0, 1, 2, 3]
						}
					]
				}
			]
		}
	]
}