{
	"credit": "Made with Blockbench",
	"textures": {
		"1": "tiga/tiga"
	},
	"elements": [
		{
			"from": [3.437, 2.96748, 3.51842],
			"to": [12.563, 8.03748, 13.65842],
			"rotation": {"angle": 0, "axis": "y", "origin": [8, 2.96748, -15.07158]},
			"faces": {
				"north": {"uv": [5.125, 3.75, 5.8125, 4.125], "texture": "#1"},
				"east": {"uv": [1.75, 4.625, 2.5, 5], "texture": "#1"},
				"south": {"uv": [5.125, 4.125, 5.8125, 4.5], "texture": "#1"},
				"west": {"uv": [2.5, 4.625, 3.25, 5], "texture": "#1"},
				"up": {"uv": [2.6875, 3.375, 2, 2.625], "texture": "#1"},
				"down": {"uv": [3.4375, 1.25, 2.75, 2], "texture": "#1"}
			}
		},
		{
			"from": [4.62, -4.29952, -1.72058],
			"to": [11.38, -2.60952, 3.34942],
			"rotation": {"angle": -22.5, "axis": "x", "origin": [8, 2.96748, -15.07158]},
			"faces": {
				"north": {"uv": [3.25, 4.875, 3.75, 5], "texture": "#1"},
				"east": {"uv": [4.25, 0.75, 4.625, 0.875], "texture": "#1"},
				"south": {"uv": [5.375, 2.75, 5.875, 2.875], "texture": "#1"},
				"west": {"uv": [6.25, 5.125, 6.625, 5.25], "texture": "#1"},
				"up": {"uv": [6.625, 0.375, 6.125, 0], "texture": "#1"},
				"down": {"uv": [6.625, 0.375, 6.125, 0.75], "texture": "#1"}
			}
		},
		{
			"from": [4.62, 1.27748, 5.20842],
			"to": [11.38, 2.96748, 13.65842],
			"rotation": {"angle": 0, "axis": "y", "origin": [8, 2.96748, -15.07158]},
			"faces": {
				"north": {"uv": [6.75, 3.125, 7.25, 3.25], "texture": "#1"},
				"east": {"uv": [8, 3.25, 8.625, 3.375], "texture": "#1"},
				"south": {"uv": [2.625, 8.25, 3.125, 8.375], "texture": "#1"},
				"west": {"uv": [8, 3.375, 8.625, 3.5], "texture": "#1"},
				"up": {"uv": [1.75, 5.125, 1.25, 4.5], "texture": "#1"},
				"down": {"uv": [4.25, 4.5, 3.75, 5.125], "texture": "#1"}
			}
		},
		{
			"from": [3.606, 4.65748, 13.65842],
			"to": [12.394, 9.72748, 15.34842],
			"rotation": {"angle": 0, "axis": "y", "origin": [8, 2.96748, -15.07158]},
			"faces": {
				"north": {"uv": [5.125, 4.5, 5.78125, 4.875], "texture": "#1"},
				"east": {"uv": [4.875, 8.625, 5, 9], "texture": "#1"},
				"south": {"uv": [5.375, 0, 6.03125, 0.375], "texture": "#1"},
				"west": {"uv": [5.125, 8.625, 5.25, 9], "texture": "#1"},
				"up": {"uv": [3.90625, 8, 3.25, 7.875], "texture": "#1"},
				"down": {"uv": [8.53125, 5.5, 7.875, 5.625], "texture": "#1"}
			}
		},
		{
			"from": [5.634, 9.72748, 6.47592],
			"to": [10.366, 11.83998, 11.96842],
			"rotation": {"angle": 0, "axis": "y", "origin": [8, 2.96748, -15.07158]},
			"faces": {
				"north": {"uv": [8.375, 5.875, 8.71875, 6.03125], "texture": "#1"},
				"east": {"uv": [8.125, 8, 8.53125, 8.15625], "texture": "#1"},
				"south": {"uv": [6.25, 8.375, 6.59375, 8.53125], "texture": "#1"},
				"west": {"uv": [8.25, 0, 8.65625, 0.15625], "texture": "#1"},
				"up": {"uv": [7.09375, 6.53125, 6.75, 6.125], "texture": "#1"},
				"down": {"uv": [7.09375, 6.625, 6.75, 7.03125], "texture": "#1"}
			}
		},
		{
			"from": [4.62169, 2.96748, -0.70658],
			"to": [11.37831, 9.72748, 3.51842],
			"rotation": {"angle": 0, "axis": "y", "origin": [8, 2.96748, -15.07158]},
			"faces": {
				"north": {"uv": [5.375, 1.125, 5.875, 1.625], "texture": "#1"},
				"east": {"uv": [3.25, 6.375, 3.5625, 6.875], "texture": "#1"},
				"south": {"uv": [1.625, 5.375, 2.125, 5.875], "texture": "#1"},
				"west": {"uv": [6.375, 3.625, 6.6875, 4.125], "texture": "#1"},
				"up": {"uv": [6.875, 4.4375, 6.375, 4.125], "texture": "#1"},
				"down": {"uv": [5.125, 6.375, 4.625, 6.6875], "texture": "#1"}
			}
		},
		{
			"from": [7.493, 9.89648, 1.82842],
			"to": [8.507, 12.43148, 7.57442],
			"rotation": {"angle": 0, "axis": "y", "origin": [8, 2.96748, -15.07158]},
			"faces": {
				"north": {"uv": [3.125, 9.625, 3.1875, 9.8125], "texture": "#1"},
				"east": {"uv": [4, 7.875, 4.4375, 8.0625], "texture": "#1"},
				"south": {"uv": [9.625, 3.125, 9.6875, 3.3125], "texture": "#1"},
				"west": {"uv": [5.125, 7.875, 5.5625, 8.0625], "texture": "#1"},
				"up": {"uv": [9.1875, 8.1875, 9.125, 7.75], "texture": "#1"},
				"down": {"uv": [0.0625, 9.25, 0, 9.6875], "texture": "#1"}
			}
		},
		{
			"from": [5.465, 2.29148, 13.65842],
			"to": [10.535, 4.65748, 15.34842],
			"rotation": {"angle": 0, "axis": "y", "origin": [8, 2.96748, -15.07158]},
			"faces": {
				"north": {"uv": [2.25, 8.125, 2.625, 8.3125], "texture": "#1"},
				"east": {"uv": [7.875, 9.25, 8, 9.4375], "texture": "#1"},
				"south": {"uv": [8.125, 2.625, 8.5, 2.8125], "texture": "#1"},
				"west": {"uv": [8, 9.25, 8.125, 9.4375], "texture": "#1"},
				"up": {"uv": [7.75, 4.5, 7.375, 4.375], "texture": "#1"},
				"down": {"uv": [3.625, 7.5, 3.25, 7.625], "texture": "#1"}
			}
		},
		{
			"from": [7.493, 9.72748, -0.70658],
			"to": [8.507, 11.07948, 1.82842],
			"rotation": {"angle": 0, "axis": "y", "origin": [8, 2.96748, -15.07158]},
			"faces": {
				"north": {"uv": [1.625, 9.875, 1.6875, 9.96875], "texture": "#1"},
				"east": {"uv": [9.5, 1.875, 9.6875, 1.96875], "texture": "#1"},
				"south": {"uv": [9.875, 1.625, 9.9375, 1.71875], "texture": "#1"},
				"west": {"uv": [9.5, 2, 9.6875, 2.09375], "texture": "#1"},
				"up": {"uv": [3.3125, 9.8125, 3.25, 9.625], "texture": "#1"},
				"down": {"uv": [3.4375, 9.625, 3.375, 9.8125], "texture": "#1"}
			}
		},
		{
			"from": [-0.45, 5.16448, 5.37742],
			"to": [4.62, 6.85448, 14.67242],
			"rotation": {"angle": -22.5, "axis": "z", "origin": [8, 2.96748, -15.07158]},
			"faces": {
				"north": {"uv": [8.625, 4.75, 9, 4.875], "texture": "#1"},
				"east": {"uv": [5.125, 3.25, 5.8125, 3.375], "texture": "#1"},
				"south": {"uv": [8.625, 5, 9, 5.125], "texture": "#1"},
				"west": {"uv": [6.75, 5.75, 7.4375, 5.875], "texture": "#1"},
				"up": {"uv": [1.625, 5.8125, 1.25, 5.125], "texture": "#1"},
				"down": {"uv": [5.625, 0.375, 5.25, 1.0625], "texture": "#1"}
			}
		},
		{
			"from": [7.324, 11.24848, 7.57442],
			"to": [8.676, 13.95248, 15.34842],
			"rotation": {"angle": 0, "axis": "y", "origin": [8, 2.96748, -15.07158]},
			"faces": {
				"north": {"uv": [1.375, 9.5, 1.46875, 9.6875], "texture": "#1"},
				"east": {"uv": [5.125, 7.625, 5.6875, 7.8125], "texture": "#1"},
				"south": {"uv": [2.125, 9.5, 2.21875, 9.6875], "texture": "#1"},
				"west": {"uv": [6.25, 7.625, 6.8125, 7.8125], "texture": "#1"},
				"up": {"uv": [7.21875, 9.0625, 7.125, 8.5], "texture": "#1"},
				"down": {"uv": [7.34375, 8.5, 7.25, 9.0625], "texture": "#1"}
			}
		},
		{
			"from": [2.93, -1.51102, 4.36342],
			"to": [6.31, 1.44648, 11.12342],
			"rotation": {"angle": -22.5, "axis": "x", "origin": [8, 2.96748, -15.07158]},
			"faces": {
				"north": {"uv": [8.375, 2.125, 8.625, 2.34375], "texture": "#1"},
				"east": {"uv": [7.5, 3.875, 8, 4.09375], "texture": "#1"},
				"south": {"uv": [2.25, 8.375, 2.5, 8.59375], "texture": "#1"},
				"west": {"uv": [4.625, 7.5, 5.125, 7.71875], "texture": "#1"},
				"up": {"uv": [3.875, 7.625, 3.625, 7.125], "texture": "#1"},
				"down": {"uv": [6.5, 7.125, 6.25, 7.625], "texture": "#1"}
			}
		},
		{
			"from": [2.93, 18.26198, 4.53242],
			"to": [6.31, 20.37448, 9.60242],
			"rotation": {"angle": 22.5, "axis": "x", "origin": [8, 2.96748, -15.07158]},
			"faces": {
				"north": {"uv": [0.5, 8.875, 0.75, 9.03125], "texture": "#1"},
				"east": {"uv": [8.375, 0.75, 8.75, 0.90625], "texture": "#1"},
				"south": {"uv": [0.75, 8.875, 1, 9.03125], "texture": "#1"},
				"west": {"uv": [8.375, 1, 8.75, 1.15625], "texture": "#1"},
				"up": {"uv": [4, 3, 3.75, 2.625], "texture": "#1"},
				"down": {"uv": [1.25, 7.625, 1, 8], "texture": "#1"}
			}
		},
		{
			"from": [6.31, 9.72748, 11.96842],
			"to": [9.69, 11.41748, 15.34842],
			"rotation": {"angle": 0, "axis": "y", "origin": [8, 2.96748, -15.07158]},
			"faces": {
				"north": {"uv": [2.625, 5.75, 2.875, 5.875], "texture": "#1"},
				"east": {"uv": [3.125, 5.875, 3.375, 6], "texture": "#1"},
				"south": {"uv": [6, 5.875, 6.25, 6], "texture": "#1"},
				"west": {"uv": [6.125, 0.75, 6.375, 0.875], "texture": "#1"},
				"up": {"uv": [5.875, 1.125, 5.625, 0.875], "texture": "#1"},
				"down": {"uv": [6.125, 1.375, 5.875, 1.625], "texture": "#1"}
			}
		},
		{
			"from": [4.62, -0.07452, 2.33542],
			"to": [11.38, 2.96748, 8.25042],
			"rotation": {"angle": -22.5, "axis": "x", "origin": [8, 2.96748, -15.07158]},
			"faces": {
				"north": {"uv": [5.75, 7.5, 6.25, 7.71875], "texture": "#1"},
				"east": {"uv": [0, 7.75, 0.4375, 7.96875], "texture": "#1"},
				"south": {"uv": [7.5, 5.75, 8, 5.96875], "texture": "#1"},
				"west": {"uv": [7.75, 0, 8.1875, 0.21875], "texture": "#1"},
				"up": {"uv": [4.75, 6.1875, 4.25, 5.75], "texture": "#1"},
				"down": {"uv": [0.5, 5.875, 0, 6.3125], "texture": "#1"}
			}
		},
		{
			"from": [4.62169, 3.47448, 3.51842],
			"to": [11.37831, 9.72748, 4.70142],
			"rotation": {"angle": 0, "axis": "y", "origin": [8, 2.96748, -15.07158]},
			"faces": {
				"north": {"uv": [2.875, 5.375, 3.375, 5.84375], "texture": "#1"},
				"east": {"uv": [5.25, 8.625, 5.34375, 9.09375], "texture": "#1"},
				"south": {"uv": [3.375, 5.5, 3.875, 5.96875], "texture": "#1"},
				"west": {"uv": [8.75, 1, 8.84375, 1.46875], "texture": "#1"},
				"up": {"uv": [9.125, 5.21875, 8.625, 5.125], "texture": "#1"},
				"down": {"uv": [9.125, 5.5, 8.625, 5.59375], "texture": "#1"}
			}
		},
		{
			"from": [3.268, -0.66602, -0.28408],
			"to": [12.732, 0.60148, 4.36342],
			"rotation": {"angle": -22.5, "axis": "x", "origin": [8, 2.96748, -15.07158]},
			"faces": {
				"north": {"uv": [8.125, 4.25, 8.8125, 4.34375], "texture": "#1"},
				"east": {"uv": [8.875, 8.25, 9.21875, 8.34375], "texture": "#1"},
				"south": {"uv": [8.125, 6.5, 8.8125, 6.59375], "texture": "#1"},
				"west": {"uv": [8.875, 8.375, 9.21875, 8.46875], "texture": "#1"},
				"up": {"uv": [6.0625, 1.96875, 5.375, 1.625], "texture": "#1"},
				"down": {"uv": [2.8125, 5.375, 2.125, 5.71875], "texture": "#1"}
			}
		},
		{
			"from": [3.437, 8.03748, 6.22242],
			"to": [12.563, 9.72748, 13.65842],
			"rotation": {"angle": 0, "axis": "y", "origin": [8, 2.96748, -15.07158]},
			"faces": {
				"north": {"uv": [7.625, 3.125, 8.3125, 3.25], "texture": "#1"},
				"east": {"uv": [8.125, 2.875, 8.6875, 3], "texture": "#1"},
				"south": {"uv": [7.625, 5.375, 8.3125, 5.5], "texture": "#1"},
				"west": {"uv": [8.125, 3, 8.6875, 3.125], "texture": "#1"},
				"up": {"uv": [1.1875, 4.3125, 0.5, 3.75], "texture": "#1"},
				"down": {"uv": [4.4375, 2, 3.75, 2.5625], "texture": "#1"}
			}
		},
		{
			"from": [9.69, 18.26198, 4.53242],
			"to": [13.07, 20.37448, 9.60242],
			"rotation": {"angle": 22.5, "axis": "x", "origin": [8, 2.96748, -15.07158]},
			"faces": {
				"north": {"uv": [1, 8.875, 1.25, 9.03125], "texture": "#1"},
				"east": {"uv": [1.125, 8.375, 1.5, 8.53125], "texture": "#1"},
				"south": {"uv": [8.875, 1, 9.125, 1.15625], "texture": "#1"},
				"west": {"uv": [8.375, 1.25, 8.75, 1.40625], "texture": "#1"},
				"up": {"uv": [8, 0.625, 7.75, 0.25], "texture": "#1"},
				"down": {"uv": [8, 1.5, 7.75, 1.875], "texture": "#1"}
			}
		},
		{
			"from": [11.38, 5.16448, 5.37742],
			"to": [16.45, 6.85448, 14.67242],
			"rotation": {"angle": 22.5, "axis": "z", "origin": [8, 2.96748, -15.07158]},
			"faces": {
				"north": {"uv": [6.25, 8.625, 6.625, 8.75], "texture": "#1"},
				"east": {"uv": [7.75, 0.625, 8.4375, 0.75], "texture": "#1"},
				"south": {"uv": [8.625, 6.25, 9, 6.375], "texture": "#1"},
				"west": {"uv": [7.75, 3.75, 8.4375, 3.875], "texture": "#1"},
				"up": {"uv": [5.125, 5.9375, 4.75, 5.25], "texture": "#1"},
				"down": {"uv": [5.5, 5.25, 5.125, 5.9375], "texture": "#1"}
			}
		},
		{
			"from": [9.69, -1.51102, 4.36342],
			"to": [13.07, 1.44648, 11.12342],
			"rotation": {"angle": -22.5, "axis": "x", "origin": [8, 2.96748, -15.07158]},
			"faces": {
				"north": {"uv": [8.375, 2.375, 8.625, 2.59375], "texture": "#1"},
				"east": {"uv": [0.5, 7.625, 1, 7.84375], "texture": "#1"},
				"south": {"uv": [2.5, 8.375, 2.75, 8.59375], "texture": "#1"},
				"west": {"uv": [7.625, 2.625, 8.125, 2.84375], "texture": "#1"},
				"up": {"uv": [0.25, 7.75, 0, 7.25], "texture": "#1"},
				"down": {"uv": [0.5, 7.25, 0.25, 7.75], "texture": "#1"}
			}
		}
	],
	"display": {
		"head": {
			"translation": [0, -4.5, -4],
			"scale": [4, 4, 4]
		}
	},
	"groups": [
		{
			"name": "root",
			"origin": [24, -15, 15],
			"color": 2,
			"children": [
				{
					"name": "body",
					"origin": [12, 0, 1],
					"color": 2,
					"children": [
						{
							"name": "back",
							"origin": [12, 0, 1],
							"color": 0,
							"children": [0, 1, 2, 3, 4, 5, 6, 7, 8, 9, 10, 11, 12, 13, 14, 15, 16, 17, 18, 19, 20]
						}
					]
				}
			]
		}
	]
}