{
	"credit": "Made with Blockbench",
	"textures": {
		"1": "tiga/tiga"
	},
	"elements": [
		{
			"from": [9.64775, 5.33643, 3.38209],
			"to": [9.64775, 5.75893, 7.18459],
			"rotation": {"angle": 0, "axis": "y", "origin": [8, 1.11143, 14.36709]},
			"faces": {
				"north": {"uv": [0, 0, 0, 0.03125], "texture": "#1"},
				"east": {"uv": [9.75, 3.125, 10.03125, 3.15625], "texture": "#1"},
				"south": {"uv": [0, 0, 0, 0.03125], "texture": "#1"},
				"west": {"uv": [9.75, 3.25, 10.03125, 3.28125], "texture": "#1"},
				"up": {"uv": [0, 0.28125, 0, 0], "texture": "#1"},
				"down": {"uv": [0, 0, 0, 0.28125], "texture": "#1"}
			}
		},
		{
			"from": [9.859, 3.13943, 8.11409],
			"to": [10.704, 5.84343, 10.98709],
			"rotation": {"angle": 0, "axis": "y", "origin": [8, 1.11143, 14.36709]},
			"faces": {
				"north": {"uv": [9.625, 2.375, 9.6875, 2.5625], "texture": "#1"},
				"east": {"uv": [2.875, 8.75, 3.09375, 8.9375], "texture": "#1"},
				"south": {"uv": [2.75, 9.625, 2.8125, 9.8125], "texture": "#1"},
				"west": {"uv": [8.75, 2.875, 8.96875, 3.0625], "texture": "#1"},
				"up": {"uv": [6.8125, 9.71875, 6.75, 9.5], "texture": "#1"},
				"down": {"uv": [8.1875, 9.5, 8.125, 9.71875], "texture": "#1"}
			}
		},
		{
			"from": [9.85883, 7.02643, 9.21259],
			"to": [10.70383, 7.87143, 10.39559],
			"rotation": {"angle": -22.5, "axis": "x", "origin": [8, 1.11143, 14.36709]},
			"faces": {
				"north": {"uv": [3.375, 9.875, 3.4375, 9.9375], "texture": "#1"},
				"east": {"uv": [9.625, 9.75, 9.71875, 9.8125], "texture": "#1"},
				"south": {"uv": [9.875, 3.375, 9.9375, 3.4375], "texture": "#1"},
				"west": {"uv": [9.75, 9.625, 9.84375, 9.6875], "texture": "#1"},
				"up": {"uv": [9.8125, 9.84375, 9.75, 9.75], "texture": "#1"},
				"down": {"uv": [0.0625, 9.875, 0, 9.96875], "texture": "#1"}
			}
		},
		{
			"from": [9.859, 4.15343, 7.01559],
			"to": [10.704, 5.33643, 8.11409],
			"rotation": {"angle": 0, "axis": "y", "origin": [8, 1.11143, 14.36709]},
			"faces": {
				"north": {"uv": [0.125, 9.875, 0.1875, 9.96875], "texture": "#1"},
				"east": {"uv": [9.75, 3.375, 9.84375, 3.46875], "texture": "#1"},
				"south": {"uv": [0.25, 9.875, 0.3125, 9.96875], "texture": "#1"},
				"west": {"uv": [9.75, 3.5, 9.84375, 3.59375], "texture": "#1"},
				"up": {"uv": [0.4375, 9.96875, 0.375, 9.875], "texture": "#1"},
				"down": {"uv": [0.5625, 9.875, 0.5, 9.96875], "texture": "#1"}
			}
		},
		{
			"from": [9.85883, -1.93057, 7.01559],
			"to": [10.70383, -1.08557, 8.53659],
			"rotation": {"angle": 45, "axis": "x", "origin": [8, 1.11143, 14.36709]},
			"faces": {
				"north": {"uv": [3.5, 9.875, 3.5625, 9.9375], "texture": "#1"},
				"east": {"uv": [4.875, 9.75, 5, 9.8125], "texture": "#1"},
				"south": {"uv": [9.875, 3.5, 9.9375, 3.5625], "texture": "#1"},
				"west": {"uv": [9.75, 4.875, 9.875, 4.9375], "texture": "#1"},
				"up": {"uv": [5.0625, 9.875, 5, 9.75], "texture": "#1"},
				"down": {"uv": [9.8125, 5, 9.75, 5.125], "texture": "#1"}
			}
		},
		{
			"from": [6.479, 5.33643, 2.95959],
			"to": [9.521, 5.75893, 2.95959],
			"rotation": {"angle": 0, "axis": "y", "origin": [8, 1.11143, 14.36709]},
			"faces": {
				"north": {"uv": [9.75, 7.25, 9.96875, 7.28125], "texture": "#1"},
				"east": {"uv": [0, 0, 0, 0.03125], "texture": "#1"},
				"south": {"uv": [7.375, 9.75, 7.59375, 9.78125], "texture": "#1"},
				"west": {"uv": [0, 0, 0, 0.03125], "texture": "#1"},
				"up": {"uv": [0.21875, 0, 0, 0], "texture": "#1"},
				"down": {"uv": [0.21875, 0, 0, 0], "texture": "#1"}
			}
		},
		{
			"from": [6.35225, 5.33643, 3.38209],
			"to": [6.35225, 5.75893, 7.18459],
			"rotation": {"angle": 0, "axis": "y", "origin": [8, 1.11143, 14.36709]},
			"faces": {
				"north": {"uv": [0, 0, 0, 0.03125], "texture": "#1"},
				"east": {"uv": [9.75, 3.625, 10.03125, 3.65625], "texture": "#1"},
				"south": {"uv": [0, 0, 0, 0.03125], "texture": "#1"},
				"west": {"uv": [9.75, 3.75, 10.03125, 3.78125], "texture": "#1"},
				"up": {"uv": [0, 0.28125, 0, 0], "texture": "#1"},
				"down": {"uv": [0, 0, 0, 0.28125], "texture": "#1"}
			}
		},
		{
			"from": [5.803, 3.47743, 3.21309],
			"to": [10.197, 5.33643, 10.98709],
			"rotation": {"angle": 0, "axis": "y", "origin": [8, 1.11143, 14.36709]},
			"faces": {
				"north": {"uv": [8.75, 7.25, 9.0625, 7.375], "texture": "#1"},
				"east": {"uv": [8, 3.875, 8.5625, 4], "texture": "#1"},
				"south": {"uv": [7.375, 8.75, 7.6875, 8.875], "texture": "#1"},
				"west": {"uv": [8, 4, 8.5625, 4.125], "texture": "#1"},
				"up": {"uv": [6.5625, 2.4375, 6.25, 1.875], "texture": "#1"},
				"down": {"uv": [2.4375, 6.25, 2.125, 6.8125], "texture": "#1"}
			}
		},
		{
			"from": [5.296, 3.13943, 8.11409],
			"to": [6.141, 5.84343, 10.98709],
			"rotation": {"angle": 0, "axis": "y", "origin": [8, 1.11143, 14.36709]},
			"faces": {
				"north": {"uv": [2.875, 9.625, 2.9375, 9.8125], "texture": "#1"},
				"east": {"uv": [5.375, 8.75, 5.59375, 8.9375], "texture": "#1"},
				"south": {"uv": [3, 9.625, 3.0625, 9.8125], "texture": "#1"},
				"west": {"uv": [5.625, 8.75, 5.84375, 8.9375], "texture": "#1"},
				"up": {"uv": [9.0625, 9.71875, 9, 9.5], "texture": "#1"},
				"down": {"uv": [9.5625, 9, 9.5, 9.21875], "texture": "#1"}
			}
		},
		{
			"from": [5.29617, 7.02643, 9.21259],
			"to": [6.14117, 7.87143, 10.39559],
			"rotation": {"angle": -22.5, "axis": "x", "origin": [8, 1.11143, 14.36709]},
			"faces": {
				"north": {"uv": [3.625, 9.875, 3.6875, 9.9375], "texture": "#1"},
				"east": {"uv": [9.875, 0.5, 9.96875, 0.5625], "texture": "#1"},
				"south": {"uv": [3.75, 9.875, 3.8125, 9.9375], "texture": "#1"},
				"west": {"uv": [0.625, 9.875, 0.71875, 9.9375], "texture": "#1"},
				"up": {"uv": [9.9375, 0.71875, 9.875, 0.625], "texture": "#1"},
				"down": {"uv": [0.8125, 9.875, 0.75, 9.96875], "texture": "#1"}
			}
		},
		{
			"from": [5.296, 4.15343, 7.01559],
			"to": [6.141, 5.33643, 8.11409],
			"rotation": {"angle": 0, "axis": "y", "origin": [8, 1.11143, 14.36709]},
			"faces": {
				"north": {"uv": [9.875, 0.75, 9.9375, 0.84375], "texture": "#1"},
				"east": {"uv": [3.75, 9.75, 3.84375, 9.84375], "texture": "#1"},
				"south": {"uv": [0.875, 9.875, 0.9375, 9.96875], "texture": "#1"},
				"west": {"uv": [3.875, 9.75, 3.96875, 9.84375], "texture": "#1"},
				"up": {"uv": [9.9375, 0.96875, 9.875, 0.875], "texture": "#1"},
				"down": {"uv": [1.0625, 9.875, 1, 9.96875], "texture": "#1"}
			}
		},
		{
			"from": [5.29617, -1.93057, 7.01559],
			"to": [6.14117, -1.08557, 8.53659],
			"rotation": {"angle": 45, "axis": "x", "origin": [8, 1.11143, 14.36709]},
			"faces": {
				"north": {"uv": [3.875, 9.875, 3.9375, 9.9375], "texture": "#1"},
				"east": {"uv": [5.125, 9.75, 5.25, 9.8125], "texture": "#1"},
				"south": {"uv": [4, 9.875, 4.0625, 9.9375], "texture": "#1"},
				"west": {"uv": [9.75, 5.125, 9.875, 5.1875], "texture": "#1"},
				"up": {"uv": [5.3125, 9.875, 5.25, 9.75], "texture": "#1"},
				"down": {"uv": [9.8125, 5.25, 9.75, 5.375], "texture": "#1"}
			}
		},
		{
			"from": [6.141, 0.43543, 5.74809],
			"to": [9.859, 1.11143, 7.43809],
			"rotation": {"angle": 22.5, "axis": "x", "origin": [8, 1.11143, 14.36709]},
			"faces": {
				"north": {"uv": [9.375, 8.25, 9.65625, 8.3125], "texture": "#1"},
				"east": {"uv": [5.375, 9.75, 5.5, 9.8125], "texture": "#1"},
				"south": {"uv": [9.5, 1.5, 9.78125, 1.5625], "texture": "#1"},
				"west": {"uv": [9.75, 5.375, 9.875, 5.4375], "texture": "#1"},
				"up": {"uv": [9.15625, 3.25, 8.875, 3.125], "texture": "#1"},
				"down": {"uv": [9.15625, 4.375, 8.875, 4.5], "texture": "#1"}
			}
		},
		{
			"from": [6.141, 3.13943, 7.60709],
			"to": [9.859, 3.56193, 10.98709],
			"rotation": {"angle": 0, "axis": "y", "origin": [8, 1.11143, 14.36709]},
			"faces": {
				"north": {"uv": [9.75, 3.875, 10.03125, 3.90625], "texture": "#1"},
				"east": {"uv": [5.5, 9.75, 5.75, 9.78125], "texture": "#1"},
				"south": {"uv": [9.75, 4, 10.03125, 4.03125], "texture": "#1"},
				"west": {"uv": [5.75, 9.75, 6, 9.78125], "texture": "#1"},
				"up": {"uv": [8.28125, 6, 8, 5.75], "texture": "#1"},
				"down": {"uv": [0.65625, 8.125, 0.375, 8.375], "texture": "#1"}
			}
		},
		{
			"from": [5.972, 3.47743, 10.98709],
			"to": [10.028, 5.84343, 11.49409],
			"rotation": {"angle": 0, "axis": "y", "origin": [8, 1.11143, 14.36709]},
			"faces": {
				"north": {"uv": [8.375, 0.25, 8.6875, 0.4375], "texture": "#1"},
				"east": {"uv": [9.875, 1, 9.90625, 1.1875], "texture": "#1"},
				"south": {"uv": [0.375, 8.375, 0.6875, 8.5625], "texture": "#1"},
				"west": {"uv": [1.125, 9.875, 1.15625, 10.0625], "texture": "#1"},
				"up": {"uv": [9.9375, 7.53125, 9.625, 7.5], "texture": "#1"},
				"down": {"uv": [9.9375, 7.625, 9.625, 7.65625], "texture": "#1"}
			}
		},
		{
			"from": [6.479, 3.64643, 2.36809],
			"to": [9.521, 5.33643, 3.21309],
			"rotation": {"angle": 0, "axis": "y", "origin": [8, 1.11143, 14.36709]},
			"faces": {
				"north": {"uv": [7.375, 2.625, 7.59375, 2.75], "texture": "#1"},
				"east": {"uv": [9.75, 5.875, 9.8125, 6], "texture": "#1"},
				"south": {"uv": [7.5, 1.5, 7.71875, 1.625], "texture": "#1"},
				"west": {"uv": [9.75, 6, 9.8125, 6.125], "texture": "#1"},
				"up": {"uv": [9.71875, 9.3125, 9.5, 9.25], "texture": "#1"},
				"down": {"uv": [9.59375, 9.5, 9.375, 9.5625], "texture": "#1"}
			}
		}
	],
	"display": {
		"head": {
			"translation": [0, -4.5, -6.5],
			"scale": [4, 4, 4]
		}
	},
	"groups": [
		{
			"name": "root",
			"origin": [24, -15, 15],
			"color": 2,
			"children": [
				{
					"name": "head",
					"origin": [24, 0, 14],
					"color": 2,
					"children": [
						{
							"name": "lower",
							"origin": [24, -1, 11],
							"color": 0,
							"children": [0, 1, 2, 3, 4, 5, 6, 7, 8, 9, 10, 11, 12, 13, 14, 15]
						}
					]
				}
			]
		}
	]
}