{
	"credit": "Made with Blockbench",
	"texture_size": [32, 32],
	"textures": {
		"2": "diablos/head"
	},
	"elements": [
		{
			"from": [6.13886, -3.61652, 8.65869],
			"to": [9.84386, -0.65252, 16.06869],
			"rotation": {"angle": -45, "axis": "x", "origin": [7.99135, -2.5058, 14.13469]},
			"faces": {
				"north": {"uv": [6.5, 4.5, 8, 6.25], "texture": "#2"},
				"east": {"uv": [6.5, 4.5, 8, 6.25], "texture": "#2"},
				"south": {"uv": [6.5, 4.5, 8, 6.25], "texture": "#2"},
				"west": {"uv": [6.5, 4.5, 8, 6.25], "texture": "#2"},
				"up": {"uv": [6.5, 4.5, 8, 6.25], "texture": "#2"},
				"down": {"uv": [6.5, 4.5, 8, 6.25], "texture": "#2"}
			}
		},
		{
			"from": [6.13886, -3.49589, 11.93195],
			"to": [9.84386, 0.20911, 15.63695],
			"rotation": {"angle": 22.5, "axis": "x", "origin": [7.99135, -2.93805, 15.06094]},
			"faces": {
				"north": {"uv": [6.5, 4.5, 8, 6.25], "rotation": 270, "texture": "#2"},
				"east": {"uv": [6.5, 4.5, 8, 6.25], "rotation": 270, "texture": "#2"},
				"south": {"uv": [6.5, 4.5, 8, 6.25], "rotation": 270, "texture": "#2"},
				"west": {"uv": [6.5, 4.5, 8, 6.25], "rotation": 270, "texture": "#2"},
				"up": {"uv": [6.5, 4.5, 8, 6.25], "rotation": 270, "texture": "#2"},
				"down": {"uv": [6.5, 4.5, 8, 6.25], "rotation": 270, "texture": "#2"}
			}
		},
		{
			"from": [6.13886, -4.8713, 13.8292],
			"to": [9.84386, -1.1663, 17.6577],
			"rotation": {"angle": -22.5, "axis": "x", "origin": [7.99135, -2.93805, 15.06094]},
			"faces": {
				"north": {"uv": [6.5, 4.5, 8, 6.25], "texture": "#2"},
				"east": {"uv": [6.5, 4.5, 8, 6.25], "texture": "#2"},
				"south": {"uv": [6.5, 4.5, 8, 6.25], "texture": "#2"},
				"west": {"uv": [6.5, 4.5, 8, 6.25], "texture": "#2"},
				"up": {"uv": [6.5, 4.5, 8, 6.25], "texture": "#2"},
				"down": {"uv": [6.5, 4.5, 8, 6.25], "texture": "#2"}
			}
		},
		{
			"from": [6.13886, -5.72896, 14.35142],
			"to": [9.84386, -3.56771, 16.69792],
			"rotation": {"angle": -45, "axis": "x", "origin": [7.99135, -2.93805, 15.06094]},
			"faces": {
				"north": {"uv": [6.5, 4.5, 8, 6.25], "texture": "#2"},
				"east": {"uv": [6.5, 4.5, 8, 6.25], "texture": "#2"},
				"south": {"uv": [6.5, 4.5, 8, 6.25], "texture": "#2"},
				"west": {"uv": [6.5, 4.5, 8, 6.25], "texture": "#2"},
				"up": {"uv": [6.5, 4.5, 8, 6.25], "texture": "#2"},
				"down": {"uv": [6.5, 4.5, 8, 6.25], "texture": "#2"}
			}
		},
		{
			"from": [5.15086, -4.3773, 8.33345],
			"to": [10.83186, -1.6603, 15.12595],
			"rotation": {"angle": -22.5, "axis": "x", "origin": [7.99135, -1.61058, 17.79439]},
			"faces": {
				"north": {"uv": [6.5, 4.5, 8, 6.25], "texture": "#2"},
				"east": {"uv": [6.5, 4.5, 8, 6.25], "texture": "#2"},
				"south": {"uv": [6.5, 4.5, 8, 6.25], "texture": "#2"},
				"west": {"uv": [6.5, 4.5, 8, 6.25], "texture": "#2"},
				"up": {"uv": [6.5, 4.5, 8, 6.25], "texture": "#2"},
				"down": {"uv": [6.5, 4.5, 8, 6.25], "texture": "#2"}
			}
		},
		{
			"from": [4.65685, -7.8353, 6.4192],
			"to": [11.32586, -4.8713, 10.1242],
			"rotation": {"angle": 0, "axis": "y", "origin": [-10.16315, -8.5763, -23.9618]},
			"faces": {
				"north": {"uv": [6.5, 4.5, 8, 6.25], "texture": "#2"},
				"east": {"uv": [6.5, 4.5, 8, 6.25], "texture": "#2"},
				"south": {"uv": [6.5, 4.5, 8, 6.25], "texture": "#2"},
				"west": {"uv": [6.5, 4.5, 8, 6.25], "texture": "#2"},
				"up": {"uv": [6.5, 4.5, 8, 6.25], "texture": "#2"},
				"down": {"uv": [6.5, 4.5, 8, 6.25], "texture": "#2"}
			}
		},
		{
			"from": [6.75635, -7.8353, 4.6902],
			"to": [9.22636, -5.1183, 7.0367],
			"rotation": {"angle": 0, "axis": "y", "origin": [-10.16315, -8.5763, -23.9618]},
			"faces": {
				"north": {"uv": [6.5, 4.5, 8, 6.25], "texture": "#2"},
				"east": {"uv": [6.5, 4.5, 8, 6.25], "texture": "#2"},
				"south": {"uv": [6.5, 4.5, 8, 6.25], "texture": "#2"},
				"west": {"uv": [6.5, 4.5, 8, 6.25], "texture": "#2"},
				"up": {"uv": [6.5, 4.5, 8, 6.25], "texture": "#2"},
				"down": {"uv": [6.5, 4.5, 8, 6.25], "texture": "#2"}
			}
		},
		{
			"from": [7.37385, -7.77355, 4.1962],
			"to": [8.60886, -5.30355, 5.4312],
			"rotation": {"angle": 22.5, "axis": "x", "origin": [7.99135, -6.53855, 4.8137]},
			"faces": {
				"north": {"uv": [13.5, 0.5, 14.5, 2], "texture": "#2"},
				"east": {"uv": [13.5, 0.5, 14.5, 2], "texture": "#2"},
				"south": {"uv": [13.5, 0.5, 14.5, 2], "texture": "#2"},
				"west": {"uv": [13.5, 0.5, 14.5, 2], "texture": "#2"},
				"up": {"uv": [13.5, 0.5, 14.5, 2], "texture": "#2"},
				"down": {"uv": [13.5, 0.5, 14.5, 2], "texture": "#2"}
			}
		},
		{
			"from": [7.37385, -7.9588, 3.76395],
			"to": [8.60886, -7.40305, 4.99895],
			"rotation": {"angle": 0, "axis": "y", "origin": [7.99135, -6.53855, 4.38145]},
			"faces": {
				"north": {"uv": [13.5, 0.5, 14.5, 2], "texture": "#2"},
				"east": {"uv": [13.5, 0.5, 14.5, 2], "texture": "#2"},
				"south": {"uv": [13.5, 0.5, 14.5, 2], "texture": "#2"},
				"west": {"uv": [13.5, 0.5, 14.5, 2], "texture": "#2"},
				"up": {"uv": [13.5, 0.5, 14.5, 2], "texture": "#2"},
				"down": {"uv": [13.5, 0.5, 14.5, 2], "texture": "#2"}
			}
		},
		{
			"from": [9.47335, -7.8353, 4.6902],
			"to": [11.94335, -5.1183, 7.0367],
			"rotation": {"angle": 0, "axis": "y", "origin": [-7.44615, -8.5763, -23.9618]},
			"faces": {
				"north": {"uv": [6.5, 4.5, 8, 6.25], "texture": "#2"},
				"east": {"uv": [6.5, 4.5, 8, 6.25], "texture": "#2"},
				"south": {"uv": [6.5, 4.5, 8, 6.25], "texture": "#2"},
				"west": {"uv": [6.5, 4.5, 8, 6.25], "texture": "#2"},
				"up": {"uv": [6.5, 4.5, 8, 6.25], "texture": "#2"},
				"down": {"uv": [6.5, 4.5, 8, 6.25], "texture": "#2"}
			}
		},
		{
			"from": [10.09085, -7.77355, 4.1962],
			"to": [11.32585, -5.30355, 5.4312],
			"rotation": {"angle": 22.5, "axis": "x", "origin": [10.70835, -6.53855, 4.8137]},
			"faces": {
				"north": {"uv": [13.5, 0.5, 14.5, 2], "texture": "#2"},
				"east": {"uv": [13.5, 0.5, 14.5, 2], "texture": "#2"},
				"south": {"uv": [13.5, 0.5, 14.5, 2], "texture": "#2"},
				"west": {"uv": [13.5, 0.5, 14.5, 2], "texture": "#2"},
				"up": {"uv": [13.5, 0.5, 14.5, 2], "texture": "#2"},
				"down": {"uv": [13.5, 0.5, 14.5, 2], "texture": "#2"}
			}
		},
		{
			"from": [10.09085, -7.9588, 3.76395],
			"to": [11.32585, -7.40305, 4.99895],
			"rotation": {"angle": 0, "axis": "y", "origin": [10.70835, -6.53855, 4.38145]},
			"faces": {
				"north": {"uv": [13.5, 0.5, 14.5, 2], "texture": "#2"},
				"east": {"uv": [13.5, 0.5, 14.5, 2], "texture": "#2"},
				"south": {"uv": [13.5, 0.5, 14.5, 2], "texture": "#2"},
				"west": {"uv": [13.5, 0.5, 14.5, 2], "texture": "#2"},
				"up": {"uv": [13.5, 0.5, 14.5, 2], "texture": "#2"},
				"down": {"uv": [13.5, 0.5, 14.5, 2], "texture": "#2"}
			}
		},
		{
			"from": [4.03935, -7.8353, 4.6902],
			"to": [6.50936, -5.1183, 7.0367],
			"rotation": {"angle": 0, "axis": "y", "origin": [-12.88015, -8.5763, -23.9618]},
			"faces": {
				"north": {"uv": [6.5, 4.5, 8, 6.25], "texture": "#2"},
				"east": {"uv": [6.5, 4.5, 8, 6.25], "texture": "#2"},
				"south": {"uv": [6.5, 4.5, 8, 6.25], "texture": "#2"},
				"west": {"uv": [6.5, 4.5, 8, 6.25], "texture": "#2"},
				"up": {"uv": [6.5, 4.5, 8, 6.25], "texture": "#2"},
				"down": {"uv": [6.5, 4.5, 8, 6.25], "texture": "#2"}
			}
		},
		{
			"from": [4.65685, -7.77355, 4.1962],
			"to": [5.89186, -5.30355, 5.4312],
			"rotation": {"angle": 22.5, "axis": "x", "origin": [5.27436, -6.53855, 4.8137]},
			"faces": {
				"north": {"uv": [13.5, 0.5, 14.5, 2], "texture": "#2"},
				"east": {"uv": [13.5, 0.5, 14.5, 2], "texture": "#2"},
				"south": {"uv": [13.5, 0.5, 14.5, 2], "texture": "#2"},
				"west": {"uv": [13.5, 0.5, 14.5, 2], "texture": "#2"},
				"up": {"uv": [13.5, 0.5, 14.5, 2], "texture": "#2"},
				"down": {"uv": [13.5, 0.5, 14.5, 2], "texture": "#2"}
			}
		},
		{
			"from": [4.65685, -7.9588, 3.76395],
			"to": [5.89186, -7.40305, 4.99895],
			"rotation": {"angle": 0, "axis": "y", "origin": [5.27436, -6.53855, 4.38145]},
			"faces": {
				"north": {"uv": [13.5, 0.5, 14.5, 2], "texture": "#2"},
				"east": {"uv": [13.5, 0.5, 14.5, 2], "texture": "#2"},
				"south": {"uv": [13.5, 0.5, 14.5, 2], "texture": "#2"},
				"west": {"uv": [13.5, 0.5, 14.5, 2], "texture": "#2"},
				"up": {"uv": [13.5, 0.5, 14.5, 2], "texture": "#2"},
				"down": {"uv": [13.5, 0.5, 14.5, 2], "texture": "#2"}
			}
		},
		{
			"from": [10.83185, -7.8353, 6.4192],
			"to": [12.56086, -5.8593, 10.8652],
			"rotation": {"angle": -22.5, "axis": "y", "origin": [7.99135, -6.3533, 8.2717]},
			"faces": {
				"north": {"uv": [6.5, 4.5, 8, 6.25], "texture": "#2"},
				"east": {"uv": [6.5, 4.5, 8, 6.25], "texture": "#2"},
				"south": {"uv": [6.5, 4.5, 8, 6.25], "texture": "#2"},
				"west": {"uv": [6.5, 4.5, 8, 6.25], "texture": "#2"},
				"up": {"uv": [6.5, 4.5, 8, 6.25], "texture": "#2"},
				"down": {"uv": [6.5, 4.5, 8, 6.25], "texture": "#2"}
			}
		},
		{
			"from": [11.5111, -7.8353, 7.22195],
			"to": [12.93136, -5.8593, 8.45695],
			"rotation": {"angle": 0, "axis": "y", "origin": [8.36186, -6.3533, 8.2717]},
			"faces": {
				"north": {"uv": [6.5, 4.5, 8, 6.25], "texture": "#2"},
				"east": {"uv": [6.5, 4.5, 8, 6.25], "texture": "#2"},
				"south": {"uv": [6.5, 4.5, 8, 6.25], "texture": "#2"},
				"west": {"uv": [6.5, 4.5, 8, 6.25], "texture": "#2"},
				"up": {"uv": [6.5, 4.5, 8, 6.25], "texture": "#2"},
				"down": {"uv": [6.5, 4.5, 8, 6.25], "texture": "#2"}
			}
		},
		{
			"from": [12.06686, -7.77355, 6.11045],
			"to": [12.80786, -7.03255, 8.1482],
			"rotation": {"angle": 0, "axis": "y", "origin": [7.99135, -6.3533, 8.2717]},
			"faces": {
				"north": {"uv": [13.5, 0.5, 14.5, 2], "texture": "#2"},
				"east": {"uv": [13.5, 0.5, 14.5, 2], "texture": "#2"},
				"south": {"uv": [13.5, 0.5, 14.5, 2], "texture": "#2"},
				"west": {"uv": [13.5, 0.5, 14.5, 2], "texture": "#2"},
				"up": {"uv": [13.5, 0.5, 14.5, 2], "texture": "#2"},
				"down": {"uv": [13.5, 0.5, 14.5, 2], "texture": "#2"}
			}
		},
		{
			"from": [12.06686, -6.7238, 5.9252],
			"to": [12.80786, -6.1063, 8.08645],
			"rotation": {"angle": -22.5, "axis": "x", "origin": [7.99135, -6.1063, 8.2717]},
			"faces": {
				"north": {"uv": [13.5, 0.5, 14.5, 2], "texture": "#2"},
				"east": {"uv": [13.5, 0.5, 14.5, 2], "texture": "#2"},
				"south": {"uv": [13.5, 0.5, 14.5, 2], "texture": "#2"},
				"west": {"uv": [13.5, 0.5, 14.5, 2], "texture": "#2"},
				"up": {"uv": [13.5, 0.5, 14.5, 2], "texture": "#2"},
				"down": {"uv": [13.5, 0.5, 14.5, 2], "texture": "#2"}
			}
		}
	],
	"display": {
		"head": {
			"translation": [0, 31, -26.5],
			"scale": [4, 4, 4]
		}
	},
	"groups": [
		{
			"name": "root",
			"origin": [8, 8, 8],
			"children": [
				{
					"name": "leg_l",
					"origin": [8, 8, 8],
					"children": [
						{
							"name": "2",
							"origin": [8, 8, 8],
							"children": [0, 1, 2, 3, 4, 5,
								{
									"name": "group",
									"origin": [-2.7, -0.29, -4.94],
									"children": [6, 7, 8]
								},
								{
									"name": "group",
									"origin": [-2.7, -0.29, -4.94],
									"children": [9, 10, 11]
								},
								{
									"name": "group",
									"origin": [-2.7, -0.29, -4.94],
									"children": [12, 13, 14]
								}, 15, 16, 17, 18]
						}
					]
				}
			]
		}
	]
}