{
	"credit": "Made with Blockbench",
	"texture_size": [32, 32],
	"textures": {
		"0": "zinogre/head",
		"particle": "zinogre/head"
	},
	"elements": [
		{
			"from": [4.42945, 1.8907, 8.6569],
			"to": [8.62945, 9.5407, 13.1569],
			"rotation": {"angle": 0, "axis": "y", "origin": [6.52945, 5.7157, 10.9069]},
			"faces": {
				"north": {"uv": [0, 3, 2, 1.5], "rotation": 270, "texture": "#0"},
				"east": {"uv": [0, 3, 2, 1.5], "rotation": 270, "texture": "#0"},
				"south": {"uv": [0, 3, 2, 1.5], "rotation": 270, "texture": "#0"},
				"west": {"uv": [0, 3, 2, 1.5], "rotation": 270, "texture": "#0"},
				"up": {"uv": [0, 3, 2, 1.5], "rotation": 270, "texture": "#0"},
				"down": {"uv": [0, 3, 2, 1.5], "rotation": 270, "texture": "#0"}
			}
		},
		{
			"from": [8.40445, 1.8907, 10.0069],
			"to": [9.22945, 3.5407, 11.2069],
			"rotation": {"angle": 0, "axis": "y", "origin": [6.37945, 5.7157, 12.1069]},
			"faces": {
				"north": {"uv": [12.25, 7, 13.75, 5.5], "rotation": 270, "texture": "#0"},
				"east": {"uv": [12.25, 7, 13.75, 5.5], "rotation": 270, "texture": "#0"},
				"south": {"uv": [12.25, 7, 13.75, 5.5], "rotation": 270, "texture": "#0"},
				"west": {"uv": [12.25, 7, 13.75, 5.5], "rotation": 270, "texture": "#0"},
				"up": {"uv": [12.25, 7, 13.75, 5.5], "rotation": 270, "texture": "#0"},
				"down": {"uv": [12.25, 7, 13.75, 5.5], "rotation": 270, "texture": "#0"}
			}
		},
		{
			"from": [4.11258, 1.8907, 10.0069],
			"to": [4.93758, 5.7907, 11.2069],
			"rotation": {"angle": 0, "axis": "y", "origin": [6.96258, 5.7157, 12.1069]},
			"faces": {
				"north": {"uv": [12.25, 7, 13.75, 5.5], "rotation": 90, "texture": "#0"},
				"east": {"uv": [12.25, 7, 13.75, 5.5], "rotation": 90, "texture": "#0"},
				"south": {"uv": [12.25, 7, 13.75, 5.5], "rotation": 90, "texture": "#0"},
				"west": {"uv": [12.25, 7, 13.75, 5.5], "rotation": 90, "texture": "#0"},
				"up": {"uv": [12.25, 7, 13.75, 5.5], "rotation": 90, "texture": "#0"},
				"down": {"uv": [12.25, 7, 13.75, 5.5], "rotation": 90, "texture": "#0"}
			}
		},
		{
			"from": [8.55445, 1.8907, 8.8069],
			"to": [9.37945, 6.5407, 10.0069],
			"rotation": {"angle": 0, "axis": "y", "origin": [6.52945, 5.7157, 10.9069]},
			"faces": {
				"north": {"uv": [12.25, 7, 13.75, 5.5], "rotation": 270, "texture": "#0"},
				"east": {"uv": [12.25, 7, 13.75, 5.5], "rotation": 270, "texture": "#0"},
				"south": {"uv": [12.25, 7, 13.75, 5.5], "rotation": 270, "texture": "#0"},
				"west": {"uv": [12.25, 7, 13.75, 5.5], "rotation": 270, "texture": "#0"},
				"up": {"uv": [12.25, 7, 13.75, 5.5], "rotation": 270, "texture": "#0"},
				"down": {"uv": [12.25, 7, 13.75, 5.5], "rotation": 270, "texture": "#0"}
			}
		},
		{
			"from": [3.96258, 1.8907, 8.8069],
			"to": [4.78758, 6.5407, 10.0069],
			"rotation": {"angle": 0, "axis": "y", "origin": [6.81258, 5.7157, 10.9069]},
			"faces": {
				"north": {"uv": [12.25, 7, 13.75, 5.5], "rotation": 90, "texture": "#0"},
				"east": {"uv": [12.25, 7, 13.75, 5.5], "rotation": 90, "texture": "#0"},
				"south": {"uv": [12.25, 7, 13.75, 5.5], "rotation": 90, "texture": "#0"},
				"west": {"uv": [12.25, 7, 13.75, 5.5], "rotation": 90, "texture": "#0"},
				"up": {"uv": [12.25, 7, 13.75, 5.5], "rotation": 90, "texture": "#0"},
				"down": {"uv": [12.25, 7, 13.75, 5.5], "rotation": 90, "texture": "#0"}
			}
		},
		{
			"from": [5.47945, 8.3032, 8.0569],
			"to": [6.30445, 9.9157, 8.8819],
			"rotation": {"angle": -22.5, "axis": "z", "origin": [5.89195, 7.9657, 8.15065]},
			"faces": {
				"north": {"uv": [14.5, 0, 14, 1.75], "rotation": 180, "texture": "#0"},
				"east": {"uv": [14.5, 0, 14, 1.75], "rotation": 180, "texture": "#0"},
				"south": {"uv": [14.5, 0, 14, 1.75], "rotation": 180, "texture": "#0"},
				"west": {"uv": [14.5, 0, 14, 1.75], "rotation": 180, "texture": "#0"},
				"up": {"uv": [14.5, 0, 14, 0.5], "rotation": 180, "texture": "#0"},
				"down": {"uv": [14.5, 0, 14, 1.75], "rotation": 180, "texture": "#0"}
			}
		},
		{
			"from": [4.42945, 1.8907, 8.0569],
			"to": [6.00445, 6.5407, 8.8819],
			"rotation": {"angle": 0, "axis": "y", "origin": [6.52945, 5.7157, 10.1569]},
			"faces": {
				"north": {"uv": [14.5, 0, 14, 4.25], "rotation": 180, "texture": "#0"},
				"east": {"uv": [14.5, 0, 14, 4.25], "rotation": 180, "texture": "#0"},
				"south": {"uv": [14.5, 0, 14, 4.25], "rotation": 180, "texture": "#0"},
				"west": {"uv": [14.5, 0, 14, 4.25], "rotation": 180, "texture": "#0"},
				"up": {"uv": [14.5, 0, 14, 0.5], "rotation": 180, "texture": "#0"},
				"down": {"uv": [14.5, 0, 14, 4.25], "rotation": 180, "texture": "#0"}
			}
		},
		{
			"from": [5.10445, 6.0532, 8.0569],
			"to": [6.67945, 8.4157, 8.8819],
			"rotation": {"angle": -22.5, "axis": "z", "origin": [5.89195, 7.9657, 8.15065]},
			"faces": {
				"north": {"uv": [14.5, 0, 14, 2.75], "rotation": 180, "texture": "#0"},
				"east": {"uv": [14.5, 0, 14, 2.75], "rotation": 180, "texture": "#0"},
				"south": {"uv": [14.5, 0, 14, 2.75], "rotation": 180, "texture": "#0"},
				"west": {"uv": [14.5, 0, 14, 2.75], "rotation": 180, "texture": "#0"},
				"up": {"uv": [14.5, 0, 14, 0.5], "rotation": 180, "texture": "#0"},
				"down": {"uv": [14.5, 0, 14, 2.75], "rotation": 180, "texture": "#0"}
			}
		},
		{
			"from": [4.80445, 1.8907, 7.6069],
			"to": [5.62945, 6.5407, 8.0569],
			"rotation": {"angle": 0, "axis": "y", "origin": [6.52945, 5.7157, 9.7069]},
			"faces": {
				"north": {"uv": [14.5, 0, 14, 4.25], "rotation": 180, "texture": "#0"},
				"east": {"uv": [14.5, 0, 14, 4.25], "rotation": 180, "texture": "#0"},
				"south": {"uv": [14.5, 0, 14, 4.25], "rotation": 180, "texture": "#0"},
				"west": {"uv": [14.5, 0, 14, 4.25], "rotation": 180, "texture": "#0"},
				"up": {"uv": [14.5, 0, 14, 0.5], "rotation": 180, "texture": "#0"},
				"down": {"uv": [14.5, 0, 14, 4.25], "rotation": 180, "texture": "#0"}
			}
		},
		{
			"from": [5.47945, 6.0532, 7.6069],
			"to": [6.30445, 8.4157, 8.0569],
			"rotation": {"angle": -22.5, "axis": "z", "origin": [5.89195, 7.9657, 8.15065]},
			"faces": {
				"north": {"uv": [14.5, 0, 14, 2.75], "rotation": 180, "texture": "#0"},
				"east": {"uv": [14.5, 0, 14, 2.75], "rotation": 180, "texture": "#0"},
				"south": {"uv": [14.5, 0, 14, 2.75], "rotation": 180, "texture": "#0"},
				"west": {"uv": [14.5, 0, 14, 2.75], "rotation": 180, "texture": "#0"},
				"up": {"uv": [14.5, 0, 14, 0.5], "rotation": 180, "texture": "#0"},
				"down": {"uv": [14.5, 0, 14, 2.75], "rotation": 180, "texture": "#0"}
			}
		},
		{
			"from": [7.05445, 8.0032, 7.6069],
			"to": [7.87945, 9.2407, 8.4319],
			"rotation": {"angle": -22.5, "axis": "z", "origin": [7.46695, 7.6657, 7.70065]},
			"faces": {
				"north": {"uv": [14.5, 0, 14, 1.75], "rotation": 180, "texture": "#0"},
				"east": {"uv": [14.5, 0, 14, 1.75], "rotation": 180, "texture": "#0"},
				"south": {"uv": [14.5, 0, 14, 1.75], "rotation": 180, "texture": "#0"},
				"west": {"uv": [14.5, 0, 14, 1.75], "rotation": 180, "texture": "#0"},
				"up": {"uv": [14.5, 0, 14, 0.5], "rotation": 180, "texture": "#0"},
				"down": {"uv": [14.5, 0, 14, 1.75], "rotation": 180, "texture": "#0"}
			}
		},
		{
			"from": [6.00445, 1.8907, 7.6069],
			"to": [7.57945, 6.2407, 8.4319],
			"rotation": {"angle": 0, "axis": "y", "origin": [8.10445, 5.4157, 9.7069]},
			"faces": {
				"north": {"uv": [14.5, 0, 14, 4.25], "rotation": 180, "texture": "#0"},
				"east": {"uv": [14.5, 0, 14, 4.25], "rotation": 180, "texture": "#0"},
				"south": {"uv": [14.5, 0, 14, 4.25], "rotation": 180, "texture": "#0"},
				"west": {"uv": [14.5, 0, 14, 4.25], "rotation": 180, "texture": "#0"},
				"up": {"uv": [14.5, 0, 14, 0.5], "rotation": 180, "texture": "#0"},
				"down": {"uv": [14.5, 0, 14, 4.25], "rotation": 180, "texture": "#0"}
			}
		},
		{
			"from": [6.67945, 5.7532, 7.6069],
			"to": [8.25445, 8.1157, 8.4319],
			"rotation": {"angle": -22.5, "axis": "z", "origin": [7.46695, 7.6657, 7.70065]},
			"faces": {
				"north": {"uv": [14.5, 0, 14, 2.75], "rotation": 180, "texture": "#0"},
				"east": {"uv": [14.5, 0, 14, 2.75], "rotation": 180, "texture": "#0"},
				"south": {"uv": [14.5, 0, 14, 2.75], "rotation": 180, "texture": "#0"},
				"west": {"uv": [14.5, 0, 14, 2.75], "rotation": 180, "texture": "#0"},
				"up": {"uv": [14.5, 0, 14, 0.5], "rotation": 180, "texture": "#0"},
				"down": {"uv": [14.5, 0, 14, 2.75], "rotation": 180, "texture": "#0"}
			}
		},
		{
			"from": [6.37945, 1.8907, 7.1569],
			"to": [7.20445, 6.2407, 7.6069],
			"rotation": {"angle": 0, "axis": "y", "origin": [8.10445, 5.4157, 9.2569]},
			"faces": {
				"north": {"uv": [14.5, 0, 14, 4.25], "rotation": 180, "texture": "#0"},
				"east": {"uv": [14.5, 0, 14, 4.25], "rotation": 180, "texture": "#0"},
				"south": {"uv": [14.5, 0, 14, 4.25], "rotation": 180, "texture": "#0"},
				"west": {"uv": [14.5, 0, 14, 4.25], "rotation": 180, "texture": "#0"},
				"up": {"uv": [14.5, 0, 14, 0.5], "rotation": 180, "texture": "#0"},
				"down": {"uv": [14.5, 0, 14, 4.25], "rotation": 180, "texture": "#0"}
			}
		},
		{
			"from": [7.05445, 5.7532, 7.1569],
			"to": [7.87945, 8.1157, 7.6069],
			"rotation": {"angle": -22.5, "axis": "z", "origin": [7.46695, 7.6657, 7.70065]},
			"faces": {
				"north": {"uv": [14.5, 0, 14, 2.75], "rotation": 180, "texture": "#0"},
				"east": {"uv": [14.5, 0, 14, 2.75], "rotation": 180, "texture": "#0"},
				"south": {"uv": [14.5, 0, 14, 2.75], "rotation": 180, "texture": "#0"},
				"west": {"uv": [14.5, 0, 14, 2.75], "rotation": 180, "texture": "#0"},
				"up": {"uv": [14.5, 0, 14, 0.5], "rotation": 180, "texture": "#0"},
				"down": {"uv": [14.5, 0, 14, 2.75], "rotation": 180, "texture": "#0"}
			}
		},
		{
			"from": [8.40445, 7.2532, 8.2069],
			"to": [9.22945, 8.4907, 9.0319],
			"rotation": {"angle": -22.5, "axis": "z", "origin": [8.81695, 6.9157, 8.30065]},
			"faces": {
				"north": {"uv": [14.5, 0, 14, 1.75], "rotation": 180, "texture": "#0"},
				"east": {"uv": [14.5, 0, 14, 1.75], "rotation": 180, "texture": "#0"},
				"south": {"uv": [14.5, 0, 14, 1.75], "rotation": 180, "texture": "#0"},
				"west": {"uv": [14.5, 0, 14, 1.75], "rotation": 180, "texture": "#0"},
				"up": {"uv": [14.5, 0, 14, 0.5], "rotation": 180, "texture": "#0"},
				"down": {"uv": [14.5, 0, 14, 1.75], "rotation": 180, "texture": "#0"}
			}
		},
		{
			"from": [7.35445, 1.1407, 8.2069],
			"to": [8.92945, 5.4907, 9.0319],
			"rotation": {"angle": 0, "axis": "y", "origin": [9.45445, 4.6657, 10.3069]},
			"faces": {
				"north": {"uv": [14.5, 0, 14, 4.25], "rotation": 180, "texture": "#0"},
				"east": {"uv": [14.5, 0, 14, 4.25], "rotation": 180, "texture": "#0"},
				"south": {"uv": [14.5, 0, 14, 4.25], "rotation": 180, "texture": "#0"},
				"west": {"uv": [14.5, 0, 14, 4.25], "rotation": 180, "texture": "#0"},
				"up": {"uv": [14.5, 0, 14, 0.5], "rotation": 180, "texture": "#0"},
				"down": {"uv": [14.5, 0, 14, 4.25], "rotation": 180, "texture": "#0"}
			}
		},
		{
			"from": [8.02945, 5.0032, 8.2069],
			"to": [9.60445, 7.3657, 9.0319],
			"rotation": {"angle": -22.5, "axis": "z", "origin": [8.81695, 6.9157, 8.30065]},
			"faces": {
				"north": {"uv": [14.5, 0, 14, 2.75], "rotation": 180, "texture": "#0"},
				"east": {"uv": [14.5, 0, 14, 2.75], "rotation": 180, "texture": "#0"},
				"south": {"uv": [14.5, 0, 14, 2.75], "rotation": 180, "texture": "#0"},
				"west": {"uv": [14.5, 0, 14, 2.75], "rotation": 180, "texture": "#0"},
				"up": {"uv": [14.5, 0, 14, 0.5], "rotation": 180, "texture": "#0"},
				"down": {"uv": [14.5, 0, 14, 2.75], "rotation": 180, "texture": "#0"}
			}
		},
		{
			"from": [7.72945, 1.1407, 7.7569],
			"to": [8.55445, 5.4907, 8.2069],
			"rotation": {"angle": 0, "axis": "y", "origin": [9.45445, 4.6657, 9.8569]},
			"faces": {
				"north": {"uv": [14.5, 0, 14, 4.25], "rotation": 180, "texture": "#0"},
				"east": {"uv": [14.5, 0, 14, 4.25], "rotation": 180, "texture": "#0"},
				"south": {"uv": [14.5, 0, 14, 4.25], "rotation": 180, "texture": "#0"},
				"west": {"uv": [14.5, 0, 14, 4.25], "rotation": 180, "texture": "#0"},
				"up": {"uv": [14.5, 0, 14, 0.5], "rotation": 180, "texture": "#0"},
				"down": {"uv": [14.5, 0, 14, 4.25], "rotation": 180, "texture": "#0"}
			}
		},
		{
			"from": [8.40445, 5.0032, 7.7569],
			"to": [9.22945, 7.3657, 8.2069],
			"rotation": {"angle": -22.5, "axis": "z", "origin": [8.81695, 6.9157, 8.30065]},
			"faces": {
				"north": {"uv": [14.5, 0, 14, 2.75], "rotation": 180, "texture": "#0"},
				"east": {"uv": [14.5, 0, 14, 2.75], "rotation": 180, "texture": "#0"},
				"south": {"uv": [14.5, 0, 14, 2.75], "rotation": 180, "texture": "#0"},
				"west": {"uv": [14.5, 0, 14, 2.75], "rotation": 180, "texture": "#0"},
				"up": {"uv": [14.5, 0, 14, 0.5], "rotation": 180, "texture": "#0"},
				"down": {"uv": [14.5, 0, 14, 2.75], "rotation": 180, "texture": "#0"}
			}
		},
		{
			"from": [5.77945, 6.9907, 8.4319],
			"to": [8.85445, 11.6407, 9.6319],
			"rotation": {"angle": -22.5, "axis": "z", "origin": [7.87945, 8.9407, 10.5319]},
			"faces": {
				"north": {"uv": [15, 14, 11.75, 16], "texture": "#0"},
				"east": {"uv": [15, 14, 11.75, 16], "texture": "#0"},
				"south": {"uv": [15, 14, 11.75, 16], "texture": "#0"},
				"west": {"uv": [15, 14, 11.75, 16], "texture": "#0"},
				"up": {"uv": [15, 14, 11.75, 16], "texture": "#0"},
				"down": {"uv": [15, 14, 11.75, 16], "texture": "#0"}
			}
		},
		{
			"from": [8.47945, 5.4907, 8.5069],
			"to": [9.97945, 10.5157, 11.4319],
			"rotation": {"angle": -22.5, "axis": "z", "origin": [7.87945, 8.9407, 10.5319]},
			"faces": {
				"north": {"uv": [15, 14, 11.75, 16], "texture": "#0"},
				"east": {"uv": [15, 14, 11.75, 16], "texture": "#0"},
				"south": {"uv": [15, 14, 11.75, 16], "texture": "#0"},
				"west": {"uv": [15, 14, 11.75, 16], "texture": "#0"},
				"up": {"uv": [15, 14, 11.75, 16], "texture": "#0"},
				"down": {"uv": [15, 14, 11.75, 16], "texture": "#0"}
			}
		},
		{
			"from": [8.02945, 2.1907, 9.6319],
			"to": [9.97945, 8.3407, 11.0569],
			"rotation": {"angle": -22.5, "axis": "z", "origin": [7.87945, 5.6407, 10.5319]},
			"faces": {
				"north": {"uv": [15, 14, 11.75, 16], "texture": "#0"},
				"east": {"uv": [15, 14, 11.75, 16], "texture": "#0"},
				"south": {"uv": [15, 14, 11.75, 16], "texture": "#0"},
				"west": {"uv": [15, 14, 11.75, 16], "texture": "#0"},
				"up": {"uv": [15, 14, 11.75, 16], "texture": "#0"},
				"down": {"uv": [15, 14, 11.75, 16], "texture": "#0"}
			}
		}
	],
	"display": {
		"head": {
			"translation": [5.75, -9.75, -11.25],
			"scale": [4, 4, 4]
		}
	},
	"groups": [
		{
			"name": "root_normal",
			"origin": [8, 8, 8],
			"children": []
		},
		{
			"name": "root_thunder",
			"origin": [8, 8, 8],
			"children": [
				{
					"name": "arm_l",
					"origin": [8, 8, 8],
					"children": [
						{
							"name": "1",
							"origin": [8, 8, 8],
							"children": [0, 1, 2, 3, 4,
								{
									"name": "group",
									"origin": [1.44438, 3.91398, -2.10836],
									"children": [5, 6, 7, 8, 9]
								},
								{
									"name": "group",
									"origin": [1.44438, 3.91398, -2.10836],
									"children": [10, 11, 12, 13, 14]
								},
								{
									"name": "group",
									"origin": [1.44438, 3.91398, -2.10836],
									"children": [15, 16, 17, 18, 19]
								}, 20, 21, 22]
						}
					]
				}
			]
		}
	]
}