{
	"credit": "Made with Blockbench",
	"texture_size": [32, 32],
	"textures": {
		"0": "zinogre/head",
		"particle": "zinogre/head"
	},
	"elements": [
		{
			"from": [4.05445, -0.5093, 7.3069],
			"to": [9.00445, 1.8907, 13.3819],
			"rotation": {"angle": 0, "axis": "y", "origin": [6.52945, 5.5657, 10.9069]},
			"faces": {
				"north": {"uv": [12, 3.5, 13.25, 1.5], "rotation": 90, "texture": "#0"},
				"east": {"uv": [12, 3.5, 13.25, 1.5], "rotation": 90, "texture": "#0"},
				"south": {"uv": [12, 3.5, 13.25, 1.5], "rotation": 90, "texture": "#0"},
				"west": {"uv": [12, 3.5, 13.25, 1.5], "rotation": 90, "texture": "#0"},
				"up": {"uv": [12, 3.5, 13.25, 1.5], "rotation": 90, "texture": "#0"},
				"down": {"uv": [12, 3.5, 13.25, 1.5], "rotation": 90, "texture": "#0"}
			}
		},
		{
			"from": [3.67945, 0.2407, 6.4069],
			"to": [5.32945, 1.8907, 8.7319],
			"rotation": {"angle": -45, "axis": "x", "origin": [4.50445, 1.0657, 7.5694]},
			"faces": {
				"north": {"uv": [12, 3.5, 13.25, 1.5], "rotation": 90, "texture": "#0"},
				"east": {"uv": [12, 3.5, 13.25, 1.5], "rotation": 90, "texture": "#0"},
				"south": {"uv": [12, 3.5, 13.25, 1.5], "rotation": 90, "texture": "#0"},
				"west": {"uv": [12, 3.5, 13.25, 1.5], "rotation": 90, "texture": "#0"},
				"up": {"uv": [12, 3.5, 13.25, 1.5], "rotation": 90, "texture": "#0"},
				"down": {"uv": [12, 3.5, 13.25, 1.5], "rotation": 90, "texture": "#0"}
			}
		},
		{
			"from": [3.52945, -0.6593, 5.0569],
			"to": [5.47945, 0.9907, 7.3819],
			"rotation": {"angle": 0, "axis": "y", "origin": [4.50445, 5.4157, 6.4069]},
			"faces": {
				"north": {"uv": [12, 3.5, 13.25, 1.5], "rotation": 90, "texture": "#0"},
				"east": {"uv": [12, 3.5, 13.25, 1.5], "rotation": 90, "texture": "#0"},
				"south": {"uv": [12, 3.5, 13.25, 1.5], "rotation": 90, "texture": "#0"},
				"west": {"uv": [12, 3.5, 13.25, 1.5], "rotation": 90, "texture": "#0"},
				"up": {"uv": [12, 3.5, 13.25, 1.5], "rotation": 90, "texture": "#0"},
				"down": {"uv": [12, 3.5, 13.25, 1.5], "rotation": 90, "texture": "#0"}
			}
		},
		{
			"from": [3.82945, -0.3593, 4.0069],
			"to": [5.17945, 0.8407, 6.3319],
			"rotation": {"angle": 0, "axis": "y", "origin": [4.50445, 0.0907, 5.1694]},
			"faces": {
				"north": {"uv": [4, 10.5, 7, 10], "rotation": 90, "texture": "#0"},
				"east": {"uv": [4, 10.5, 7, 10], "rotation": 90, "texture": "#0"},
				"south": {"uv": [4, 10.5, 7, 10], "rotation": 90, "texture": "#0"},
				"west": {"uv": [4, 10.5, 7, 10], "rotation": 90, "texture": "#0"},
				"up": {"uv": [4, 10.5, 7, 10], "rotation": 90, "texture": "#0"},
				"down": {"uv": [4, 10.5, 7, 10], "rotation": 90, "texture": "#0"}
			}
		},
		{
			"from": [3.97945, -0.2093, 3.7069],
			"to": [5.02945, 0.8407, 4.6819],
			"rotation": {"angle": -45, "axis": "x", "origin": [4.50445, 0.0907, 4.4194]},
			"faces": {
				"north": {"uv": [4, 10.5, 7, 10], "rotation": 90, "texture": "#0"},
				"east": {"uv": [4, 10.5, 7, 10], "rotation": 90, "texture": "#0"},
				"south": {"uv": [4, 10.5, 7, 10], "rotation": 90, "texture": "#0"},
				"west": {"uv": [4, 10.5, 7, 10], "rotation": 90, "texture": "#0"},
				"up": {"uv": [4, 10.5, 7, 10], "rotation": 90, "texture": "#0"},
				"down": {"uv": [4, 10.5, 7, 10], "rotation": 90, "texture": "#0"}
			}
		},
		{
			"from": [4.12945, -0.9218, 3.3694],
			"to": [4.87945, -0.0968, 4.2694],
			"rotation": {"angle": 22.5, "axis": "x", "origin": [4.50445, -0.2093, 4.1194]},
			"faces": {
				"north": {"uv": [7, 10, 4, 10.5], "texture": "#0"},
				"east": {"uv": [7, 10, 4, 10.5], "texture": "#0"},
				"south": {"uv": [7, 10, 4, 10.5], "texture": "#0"},
				"west": {"uv": [7, 10, 4, 10.5], "texture": "#0"},
				"up": {"uv": [7, 10, 4, 10.5], "texture": "#0"},
				"down": {"uv": [7, 10, 4, 10.5], "texture": "#0"}
			}
		},
		{
			"from": [5.70445, 0.2407, 6.4069],
			"to": [7.35445, 1.8907, 8.7319],
			"rotation": {"angle": -45, "axis": "x", "origin": [6.52945, 1.0657, 7.5694]},
			"faces": {
				"north": {"uv": [12, 3.5, 13.25, 1.5], "rotation": 90, "texture": "#0"},
				"east": {"uv": [12, 3.5, 13.25, 1.5], "rotation": 90, "texture": "#0"},
				"south": {"uv": [12, 3.5, 13.25, 1.5], "rotation": 90, "texture": "#0"},
				"west": {"uv": [12, 3.5, 13.25, 1.5], "rotation": 90, "texture": "#0"},
				"up": {"uv": [12, 3.5, 13.25, 1.5], "rotation": 90, "texture": "#0"},
				"down": {"uv": [12, 3.5, 13.25, 1.5], "rotation": 90, "texture": "#0"}
			}
		},
		{
			"from": [5.55445, -0.6593, 5.0569],
			"to": [7.50445, 0.9907, 7.3819],
			"rotation": {"angle": 0, "axis": "y", "origin": [6.52945, 5.4157, 6.4069]},
			"faces": {
				"north": {"uv": [12, 3.5, 13.25, 1.5], "rotation": 90, "texture": "#0"},
				"east": {"uv": [12, 3.5, 13.25, 1.5], "rotation": 90, "texture": "#0"},
				"south": {"uv": [12, 3.5, 13.25, 1.5], "rotation": 90, "texture": "#0"},
				"west": {"uv": [12, 3.5, 13.25, 1.5], "rotation": 90, "texture": "#0"},
				"up": {"uv": [12, 3.5, 13.25, 1.5], "rotation": 90, "texture": "#0"},
				"down": {"uv": [12, 3.5, 13.25, 1.5], "rotation": 90, "texture": "#0"}
			}
		},
		{
			"from": [5.85445, -0.3593, 4.0069],
			"to": [7.20445, 0.8407, 6.3319],
			"rotation": {"angle": 0, "axis": "y", "origin": [6.52945, 0.0907, 5.1694]},
			"faces": {
				"north": {"uv": [4, 10.5, 7, 10], "rotation": 90, "texture": "#0"},
				"east": {"uv": [4, 10.5, 7, 10], "rotation": 90, "texture": "#0"},
				"south": {"uv": [4, 10.5, 7, 10], "rotation": 90, "texture": "#0"},
				"west": {"uv": [4, 10.5, 7, 10], "rotation": 90, "texture": "#0"},
				"up": {"uv": [4, 10.5, 7, 10], "rotation": 90, "texture": "#0"},
				"down": {"uv": [4, 10.5, 7, 10], "rotation": 90, "texture": "#0"}
			}
		},
		{
			"from": [6.00445, -0.2093, 3.7069],
			"to": [7.05445, 0.8407, 4.6819],
			"rotation": {"angle": -45, "axis": "x", "origin": [6.52945, 0.0907, 4.4194]},
			"faces": {
				"north": {"uv": [4, 10.5, 7, 10], "rotation": 90, "texture": "#0"},
				"east": {"uv": [4, 10.5, 7, 10], "rotation": 90, "texture": "#0"},
				"south": {"uv": [4, 10.5, 7, 10], "rotation": 90, "texture": "#0"},
				"west": {"uv": [4, 10.5, 7, 10], "rotation": 90, "texture": "#0"},
				"up": {"uv": [4, 10.5, 7, 10], "rotation": 90, "texture": "#0"},
				"down": {"uv": [4, 10.5, 7, 10], "rotation": 90, "texture": "#0"}
			}
		},
		{
			"from": [6.15445, -0.9218, 3.3694],
			"to": [6.90445, -0.0968, 4.2694],
			"rotation": {"angle": 22.5, "axis": "x", "origin": [6.52945, -0.2093, 4.1194]},
			"faces": {
				"north": {"uv": [7, 10, 4, 10.5], "texture": "#0"},
				"east": {"uv": [7, 10, 4, 10.5], "texture": "#0"},
				"south": {"uv": [7, 10, 4, 10.5], "texture": "#0"},
				"west": {"uv": [7, 10, 4, 10.5], "texture": "#0"},
				"up": {"uv": [7, 10, 4, 10.5], "texture": "#0"},
				"down": {"uv": [7, 10, 4, 10.5], "texture": "#0"}
			}
		},
		{
			"from": [7.72945, 0.2407, 6.4069],
			"to": [9.37945, 1.8907, 8.7319],
			"rotation": {"angle": -45, "axis": "x", "origin": [8.55445, 1.0657, 7.5694]},
			"faces": {
				"north": {"uv": [12, 3.5, 13.25, 1.5], "rotation": 90, "texture": "#0"},
				"east": {"uv": [12, 3.5, 13.25, 1.5], "rotation": 90, "texture": "#0"},
				"south": {"uv": [12, 3.5, 13.25, 1.5], "rotation": 90, "texture": "#0"},
				"west": {"uv": [12, 3.5, 13.25, 1.5], "rotation": 90, "texture": "#0"},
				"up": {"uv": [12, 3.5, 13.25, 1.5], "rotation": 90, "texture": "#0"},
				"down": {"uv": [12, 3.5, 13.25, 1.5], "rotation": 90, "texture": "#0"}
			}
		},
		{
			"from": [7.57945, -0.6593, 5.0569],
			"to": [9.52945, 0.9907, 7.3819],
			"rotation": {"angle": 0, "axis": "y", "origin": [8.55445, 5.4157, 6.4069]},
			"faces": {
				"north": {"uv": [12, 3.5, 13.25, 1.5], "rotation": 90, "texture": "#0"},
				"east": {"uv": [12, 3.5, 13.25, 1.5], "rotation": 90, "texture": "#0"},
				"south": {"uv": [12, 3.5, 13.25, 1.5], "rotation": 90, "texture": "#0"},
				"west": {"uv": [12, 3.5, 13.25, 1.5], "rotation": 90, "texture": "#0"},
				"up": {"uv": [12, 3.5, 13.25, 1.5], "rotation": 90, "texture": "#0"},
				"down": {"uv": [12, 3.5, 13.25, 1.5], "rotation": 90, "texture": "#0"}
			}
		},
		{
			"from": [7.87945, -0.3593, 4.0069],
			"to": [9.22945, 0.8407, 6.3319],
			"rotation": {"angle": 0, "axis": "y", "origin": [8.55445, 0.0907, 5.1694]},
			"faces": {
				"north": {"uv": [4, 10.5, 7, 10], "rotation": 90, "texture": "#0"},
				"east": {"uv": [4, 10.5, 7, 10], "rotation": 90, "texture": "#0"},
				"south": {"uv": [4, 10.5, 7, 10], "rotation": 90, "texture": "#0"},
				"west": {"uv": [4, 10.5, 7, 10], "rotation": 90, "texture": "#0"},
				"up": {"uv": [4, 10.5, 7, 10], "rotation": 90, "texture": "#0"},
				"down": {"uv": [4, 10.5, 7, 10], "rotation": 90, "texture": "#0"}
			}
		},
		{
			"from": [8.02945, -0.2093, 3.7069],
			"to": [9.07945, 0.8407, 4.6819],
			"rotation": {"angle": -45, "axis": "x", "origin": [8.55445, 0.0907, 4.4194]},
			"faces": {
				"north": {"uv": [4, 10.5, 7, 10], "rotation": 90, "texture": "#0"},
				"east": {"uv": [4, 10.5, 7, 10], "rotation": 90, "texture": "#0"},
				"south": {"uv": [4, 10.5, 7, 10], "rotation": 90, "texture": "#0"},
				"west": {"uv": [4, 10.5, 7, 10], "rotation": 90, "texture": "#0"},
				"up": {"uv": [4, 10.5, 7, 10], "rotation": 90, "texture": "#0"},
				"down": {"uv": [4, 10.5, 7, 10], "rotation": 90, "texture": "#0"}
			}
		},
		{
			"from": [8.17945, -0.9218, 3.3694],
			"to": [8.92945, -0.0968, 4.2694],
			"rotation": {"angle": 22.5, "axis": "x", "origin": [8.55445, -0.2093, 4.1194]},
			"faces": {
				"north": {"uv": [7, 10, 4, 10.5], "texture": "#0"},
				"east": {"uv": [7, 10, 4, 10.5], "texture": "#0"},
				"south": {"uv": [7, 10, 4, 10.5], "texture": "#0"},
				"west": {"uv": [7, 10, 4, 10.5], "texture": "#0"},
				"up": {"uv": [7, 10, 4, 10.5], "texture": "#0"},
				"down": {"uv": [7, 10, 4, 10.5], "texture": "#0"}
			}
		},
		{
			"from": [8.64504, -0.06832, 7.4944],
			"to": [9.99504, 1.58168, 9.1444],
			"rotation": {"angle": -45, "axis": "z", "origin": [8.57184, 0.49894, 9.1444]},
			"faces": {
				"north": {"uv": [12, 3.5, 13.25, 1.5], "rotation": 270, "texture": "#0"},
				"east": {"uv": [12, 3.5, 13.25, 1.5], "rotation": 270, "texture": "#0"},
				"south": {"uv": [12, 3.5, 13.25, 1.5], "rotation": 270, "texture": "#0"},
				"west": {"uv": [12, 3.5, 13.25, 1.5], "rotation": 270, "texture": "#0"},
				"up": {"uv": [12, 3.5, 13.25, 1.5], "rotation": 270, "texture": "#0"},
				"down": {"uv": [12, 3.5, 13.25, 1.5], "rotation": 270, "texture": "#0"}
			}
		},
		{
			"from": [9.232, -0.75996, 7.6444],
			"to": [10.957, 0.74004, 8.9944],
			"rotation": {"angle": 0, "axis": "y", "origin": [8.57184, 0.49894, 9.1444]},
			"faces": {
				"north": {"uv": [12, 3.5, 13.25, 1.5], "rotation": 270, "texture": "#0"},
				"east": {"uv": [12, 3.5, 13.25, 1.5], "rotation": 270, "texture": "#0"},
				"south": {"uv": [12, 3.5, 13.25, 1.5], "rotation": 270, "texture": "#0"},
				"west": {"uv": [12, 3.5, 13.25, 1.5], "rotation": 270, "texture": "#0"},
				"up": {"uv": [12, 3.5, 13.25, 1.5], "rotation": 270, "texture": "#0"},
				"down": {"uv": [12, 3.5, 13.25, 1.5], "rotation": 270, "texture": "#0"}
			}
		},
		{
			"from": [10.282, -0.45996, 8.0944],
			"to": [11.982, 0.29004, 8.5444],
			"rotation": {"angle": 0, "axis": "y", "origin": [8.57184, 0.49894, 9.1444]},
			"faces": {
				"north": {"uv": [4, 10.5, 7, 10], "rotation": 270, "texture": "#0"},
				"east": {"uv": [10.25, 2, 10.5, 1.5], "rotation": 270, "texture": "#0"},
				"south": {"uv": [4, 10.5, 7, 10], "rotation": 270, "texture": "#0"},
				"west": {"uv": [4, 10.5, 7, 10], "rotation": 270, "texture": "#0"},
				"up": {"uv": [4, 10.5, 7, 10], "rotation": 270, "texture": "#0"},
				"down": {"uv": [4, 10.5, 7, 10], "rotation": 270, "texture": "#0"}
			}
		},
		{
			"from": [8.94226, -0.06625, 9.2434],
			"to": [10.13026, 1.38575, 10.6954],
			"rotation": {"angle": -45, "axis": "z", "origin": [8.57184, 0.49894, 9.1444]},
			"faces": {
				"north": {"uv": [12, 3.5, 13.25, 1.5], "rotation": 270, "texture": "#0"},
				"east": {"uv": [12, 3.5, 13.25, 1.5], "rotation": 270, "texture": "#0"},
				"south": {"uv": [12, 3.5, 13.25, 1.5], "rotation": 270, "texture": "#0"},
				"west": {"uv": [12, 3.5, 13.25, 1.5], "rotation": 270, "texture": "#0"},
				"up": {"uv": [12, 3.5, 13.25, 1.5], "rotation": 270, "texture": "#0"},
				"down": {"uv": [12, 3.5, 13.25, 1.5], "rotation": 270, "texture": "#0"}
			}
		},
		{
			"from": [9.32248, -0.87194, 9.3754],
			"to": [10.84048, 0.44806, 10.5634],
			"rotation": {"angle": 0, "axis": "y", "origin": [8.57184, 0.49894, 9.1444]},
			"faces": {
				"north": {"uv": [12, 3.5, 13.25, 1.5], "rotation": 270, "texture": "#0"},
				"east": {"uv": [12, 3.5, 13.25, 1.5], "rotation": 270, "texture": "#0"},
				"south": {"uv": [12, 3.5, 13.25, 1.5], "rotation": 270, "texture": "#0"},
				"west": {"uv": [12, 3.5, 13.25, 1.5], "rotation": 270, "texture": "#0"},
				"up": {"uv": [12, 3.5, 13.25, 1.5], "rotation": 270, "texture": "#0"},
				"down": {"uv": [12, 3.5, 13.25, 1.5], "rotation": 270, "texture": "#0"}
			}
		},
		{
			"from": [10.24648, -0.60794, 9.7714],
			"to": [12.62248, 0.05206, 10.1674],
			"rotation": {"angle": 0, "axis": "y", "origin": [8.57184, 0.49894, 9.1444]},
			"faces": {
				"north": {"uv": [4, 10.5, 7, 10], "rotation": 270, "texture": "#0"},
				"east": {"uv": [4, 10.5, 7, 10], "rotation": 270, "texture": "#0"},
				"south": {"uv": [4, 10.5, 7, 10], "rotation": 270, "texture": "#0"},
				"west": {"uv": [4, 10.5, 7, 10], "rotation": 270, "texture": "#0"},
				"up": {"uv": [4, 10.5, 7, 10], "rotation": 270, "texture": "#0"},
				"down": {"uv": [4, 10.5, 7, 10], "rotation": 270, "texture": "#0"}
			}
		},
		{
			"from": [11.59107, 2.42517, 9.7054],
			"to": [12.64707, 3.08517, 10.2334],
			"rotation": {"angle": -45, "axis": "z", "origin": [8.57184, 0.49894, 9.1444]},
			"faces": {
				"north": {"uv": [4, 10.5, 7, 10], "rotation": 270, "texture": "#0"},
				"east": {"uv": [10.25, 2, 10.5, 1.5], "rotation": 270, "texture": "#0"},
				"south": {"uv": [4, 10.5, 7, 10], "rotation": 270, "texture": "#0"},
				"west": {"uv": [4, 10.5, 7, 10], "rotation": 270, "texture": "#0"},
				"up": {"uv": [4, 10.5, 7, 10], "rotation": 270, "texture": "#0"},
				"down": {"uv": [4, 10.5, 7, 10], "rotation": 270, "texture": "#0"}
			}
		}
	],
	"display": {
		"head": {
			"translation": [5.75, 22.75, -14.75],
			"scale": [4, 4, 4]
		}
	},
	"groups": [
		{
			"name": "root_normal",
			"origin": [8, 8, 8],
			"color": 0,
			"children": []
		},
		{
			"name": "root_thunder",
			"origin": [8, 8, 8],
			"color": 0,
			"children": [
				{
					"name": "arm_l",
					"origin": [8, 8, 8],
					"color": 0,
					"children": [
						{
							"name": "2",
							"origin": [8, 8, 8],
							"color": 0,
							"children": [
								0,
								{
									"name": "group",
									"origin": [1.44438, 3.81398, -4.60836],
									"color": 0,
									"children": [1, 2, 3, 4, 5]
								},
								{
									"name": "group",
									"origin": [1.44438, 3.81398, -4.60836],
									"color": 0,
									"children": [6, 7, 8, 9, 10]
								},
								{
									"name": "group",
									"origin": [1.44438, 3.81398, -4.60836],
									"color": 0,
									"children": [11, 12, 13, 14, 15]
								},
								{
									"name": "group",
									"origin": [1.44438, 3.81398, -4.60836],
									"color": 0,
									"children": [16, 17, 18]
								},
								{
									"name": "group",
									"origin": [1.44438, 3.81398, -4.60836],
									"color": 0,
									"children": [19, 20, 21, 22]
								}
							]
						}
					]
				}
			]
		}
	]
}