{
	"credit": "Made with Blockbench",
	"texture_size": [32, 32],
	"textures": {
		"0": "zinogre/head",
		"1": "zinogre/thunder",
		"particle": "zinogre/head"
	},
	"elements": [
		{
			"from": [4.62511, 2.72464, 6.6639],
			"to": [11.37511, 8.04964, 10.1139],
			"rotation": {"angle": 22.5, "axis": "x", "origin": [8.00011, 5.23714, 8.9514]},
			"faces": {
				"north": {"uv": [0.25, 0.75, 1.75, 2.75], "texture": "#0"},
				"east": {"uv": [0.25, 0.75, 1.75, 2.75], "texture": "#0"},
				"south": {"uv": [0.25, 0.75, 1.75, 2.75], "texture": "#0"},
				"west": {"uv": [0.25, 0.75, 1.75, 2.75], "texture": "#0"},
				"up": {"uv": [0.25, 0.75, 1.75, 2.75], "texture": "#0"},
				"down": {"uv": [0.25, 0.75, 1.75, 2.75], "texture": "#0"}
			}
		},
		{
			"from": [4.25011, 2.42464, 9.0639],
			"to": [11.75011, 8.04964, 19.6389],
			"rotation": {"angle": 0, "axis": "y", "origin": [17.00011, 18.54964, 21.0639]},
			"faces": {
				"north": {"uv": [0.25, 0.75, 1.75, 2.75], "texture": "#0"},
				"east": {"uv": [0.25, 0.75, 1.75, 2.75], "texture": "#0"},
				"south": {"uv": [0.25, 0.75, 1.75, 2.75], "texture": "#0"},
				"west": {"uv": [0.25, 0.75, 1.75, 2.75], "texture": "#0"},
				"up": {"uv": [0.25, 0.75, 1.75, 2.75], "texture": "#0"},
				"down": {"uv": [0.25, 0.75, 1.75, 2.75], "texture": "#0"}
			}
		},
		{
			"from": [4.62511, 8.04964, 9.0639],
			"to": [11.37511, 8.79964, 15.1389],
			"rotation": {"angle": 0, "axis": "y", "origin": [17.00011, 18.54964, 21.0639]},
			"faces": {
				"north": {"uv": [0.25, 0.75, 1.75, 2.75], "texture": "#0"},
				"east": {"uv": [0.25, 0.75, 1.75, 2.75], "texture": "#0"},
				"south": {"uv": [0.25, 0.75, 1.75, 2.75], "texture": "#0"},
				"west": {"uv": [0.25, 0.75, 1.75, 2.75], "texture": "#0"},
				"up": {"uv": [0.25, 0.75, 1.75, 2.75], "texture": "#0"},
				"down": {"uv": [0.25, 0.75, 1.75, 2.75], "texture": "#0"}
			}
		},
		{
			"from": [4.77511, 6.54964, 9.0639],
			"to": [11.22511, 10.44964, 14.6889],
			"rotation": {"angle": 0, "axis": "y", "origin": [8.00011, 6.54964, 15.3639]},
			"faces": {
				"north": {"uv": [11.75, 14, 15, 16], "texture": "#0"},
				"east": {"uv": [11.75, 14, 15, 16], "texture": "#0"},
				"south": {"uv": [11.75, 14, 15, 16], "texture": "#0"},
				"west": {"uv": [11.75, 14, 15, 16], "texture": "#0"},
				"up": {"uv": [11.75, 14, 15, 16], "texture": "#0"},
				"down": {"uv": [11.75, 14, 15, 16], "texture": "#0"}
			}
		},
		{
			"from": [5.15011, 6.54964, 14.6889],
			"to": [10.85011, 9.69964, 17.3139],
			"rotation": {"angle": 0, "axis": "y", "origin": [8.00011, 6.54964, 21.3639]},
			"color": 0,
			"faces": {
				"north": {"uv": [0, 0, 1.9, 1.05], "texture": "#missing"},
				"east": {"uv": [0, 0, 0.875, 1.05], "texture": "#missing"},
				"south": {"uv": [0, 0, 1.9, 1.05], "texture": "#missing"},
				"west": {"uv": [0, 0, 0.875, 1.05], "texture": "#missing"},
				"up": {"uv": [0, 0, 1.9, 0.875], "texture": "#missing"},
				"down": {"uv": [0, 0, 1.9, 0.875], "texture": "#missing"}
			}
		},
		{
			"from": [6.21811, 10.40991, 9.08808],
			"to": [7.40611, 11.32791, 15.08808],
			"rotation": {"angle": 0, "axis": "y", "origin": [8.00011, 10.86891, 11.37558]},
			"faces": {
				"north": {"uv": [14, 0, 14.5, 1.25], "texture": "#0"},
				"east": {"uv": [14, 0, 15, 4.25], "rotation": 90, "texture": "#0"},
				"south": {"uv": [14, 0.25, 14.5, 1], "texture": "#0"},
				"west": {"uv": [14, 0, 15, 4.25], "rotation": 90, "texture": "#0"},
				"up": {"uv": [14.5, 0, 15, 4.25], "texture": "#0"},
				"down": {"uv": [14, 0, 14.5, 4.25], "texture": "#0"}
			}
		},
		{
			"from": [6.21811, 8.90991, 14.63808],
			"to": [7.40611, 10.57791, 20.03808],
			"rotation": {"angle": 0, "axis": "y", "origin": [8.00011, 10.11891, 16.92558]},
			"faces": {
				"north": {"uv": [14, 0, 14.5, 0.5], "rotation": 90, "texture": "#0"},
				"east": {"uv": [14, 0, 14.5, 4.25], "rotation": 90, "texture": "#0"},
				"south": {"uv": [14, 0, 14.5, 0.5], "rotation": 90, "texture": "#0"},
				"west": {"uv": [14, 0, 14.5, 4.25], "rotation": 90, "texture": "#0"},
				"up": {"uv": [14, 0, 14.5, 4.25], "texture": "#0"},
				"down": {"uv": [14, 0, 14.5, 4.25], "rotation": 180, "texture": "#0"}
			}
		},
		{
			"from": [8.59411, 10.40991, 9.08808],
			"to": [9.78211, 11.32791, 15.08808],
			"rotation": {"angle": 0, "axis": "y", "origin": [8.00011, 10.86891, 11.37558]},
			"faces": {
				"north": {"uv": [14, 0, 14.5, 1.25], "texture": "#0"},
				"east": {"uv": [14, 0, 15, 4.25], "rotation": 90, "texture": "#0"},
				"south": {"uv": [14, 0.25, 14.5, 1], "texture": "#0"},
				"west": {"uv": [14, 0, 15, 4.25], "rotation": 90, "texture": "#0"},
				"up": {"uv": [14.5, 0, 15, 4.25], "texture": "#0"},
				"down": {"uv": [14, 0, 14.5, 4.25], "texture": "#0"}
			}
		},
		{
			"from": [8.59411, 8.90991, 14.63808],
			"to": [9.78211, 10.57791, 20.03808],
			"rotation": {"angle": 0, "axis": "y", "origin": [8.00011, 10.11891, 16.92558]},
			"faces": {
				"north": {"uv": [14, 0, 14.5, 0.5], "rotation": 90, "texture": "#0"},
				"east": {"uv": [14, 0, 14.5, 4.25], "rotation": 90, "texture": "#0"},
				"south": {"uv": [14, 0, 14.5, 0.5], "rotation": 90, "texture": "#0"},
				"west": {"uv": [14, 0, 14.5, 4.25], "rotation": 90, "texture": "#0"},
				"up": {"uv": [14, 0, 14.5, 4.25], "texture": "#0"},
				"down": {"uv": [14, 0, 14.5, 4.25], "rotation": 180, "texture": "#0"}
			}
		},
		{
			"from": [4.11811, 7.33528, 14.97977],
			"to": [5.75611, 8.32828, 19.81727],
			"rotation": {"angle": 0, "axis": "y", "origin": [5.01211, 8.39428, 13.31102]},
			"faces": {
				"north": {"uv": [14.5, 4, 15, 4.25], "rotation": 90, "texture": "#0"},
				"east": {"uv": [14.5, 0, 15, 4.25], "rotation": 90, "texture": "#0"},
				"south": {"uv": [14.5, 0.25, 15, 0.75], "rotation": 90, "texture": "#0"},
				"west": {"uv": [14.5, 0, 15, 4.25], "rotation": 90, "texture": "#0"},
				"up": {"uv": [14.5, 0, 15, 4.25], "rotation": 180, "texture": "#0"},
				"down": {"uv": [14.5, 0, 15, 4.25], "texture": "#0"}
			}
		},
		{
			"from": [10.24379, 7.33528, 14.97977],
			"to": [11.88179, 8.32828, 19.81727],
			"rotation": {"angle": 0, "axis": "y", "origin": [10.98779, 8.39428, 13.31102]},
			"faces": {
				"north": {"uv": [14.5, 4.25, 15, 4], "rotation": 90, "texture": "#0"},
				"east": {"uv": [14.5, 4.25, 15, 0], "rotation": 90, "texture": "#0"},
				"south": {"uv": [14.5, 0.75, 15, 0.25], "rotation": 90, "texture": "#0"},
				"west": {"uv": [14.5, 4.25, 15, 0], "rotation": 90, "texture": "#0"},
				"up": {"uv": [15, 0, 14.5, 4.25], "rotation": 180, "texture": "#0"},
				"down": {"uv": [15, 0, 14.5, 4.25], "texture": "#0"}
			}
		},
		{
			"from": [3.96811, 8.38528, 10.92977],
			"to": [5.60611, 9.52828, 15.46727],
			"rotation": {"angle": 0, "axis": "y", "origin": [4.86211, 9.14428, 9.26102]},
			"faces": {
				"north": {"uv": [14, 0, 15, 4], "rotation": 180, "texture": "#0"},
				"east": {"uv": [14, 0, 15, 4], "rotation": 180, "texture": "#0"},
				"south": {"uv": [14, 0, 14.5, 1], "rotation": 180, "texture": "#0"},
				"west": {"uv": [14, 0, 15, 4], "rotation": 90, "texture": "#0"},
				"up": {"uv": [14.5, 0, 15, 4], "texture": "#0"},
				"down": {"uv": [14, 0, 15, 4], "rotation": 180, "texture": "#0"}
			}
		},
		{
			"from": [10.39379, 8.38528, 10.92977],
			"to": [12.03179, 9.52828, 15.46727],
			"rotation": {"angle": 0, "axis": "y", "origin": [11.13779, 9.14428, 9.26102]},
			"faces": {
				"north": {"uv": [15, 0, 14, 4], "rotation": 180, "texture": "#0"},
				"east": {"uv": [14, 4, 15, 0], "rotation": 90, "texture": "#0"},
				"south": {"uv": [14.5, 0, 14, 1], "rotation": 180, "texture": "#0"},
				"west": {"uv": [15, 0, 14, 4], "rotation": 180, "texture": "#0"},
				"up": {"uv": [15, 0, 14.5, 4], "texture": "#0"},
				"down": {"uv": [15, 0, 14, 4], "rotation": 180, "texture": "#0"}
			}
		},
		{
			"from": [3.93061, 4.63528, 17.97977],
			"to": [5.49361, 5.47828, 19.74227],
			"rotation": {"angle": 22.5, "axis": "x", "origin": [8.04073, 5.08865, 19.74392]},
			"faces": {
				"north": {"uv": [14.5, 4, 15, 4.25], "rotation": 180, "texture": "#0", "cullface": "west"},
				"east": {"uv": [14.5, 0, 15, 4.25], "rotation": 180, "texture": "#0", "cullface": "west"},
				"south": {"uv": [14.5, 4, 15, 4.25], "rotation": 180, "texture": "#0", "cullface": "west"},
				"west": {"uv": [14.5, 2.75, 15, 4.25], "rotation": 90, "texture": "#0", "cullface": "west"},
				"up": {"uv": [14.5, 2.75, 15, 4.25], "rotation": 180, "texture": "#0", "cullface": "west"},
				"down": {"uv": [14.5, 0, 15, 4.25], "texture": "#0", "cullface": "west"}
			}
		},
		{
			"from": [10.50629, 4.63528, 17.97977],
			"to": [12.06929, 5.47828, 19.74227],
			"rotation": {"angle": 22.5, "axis": "x", "origin": [7.95917, 5.08865, 19.74392]},
			"faces": {
				"north": {"uv": [15, 4, 14.5, 4.25], "rotation": 180, "texture": "#0", "cullface": "west"},
				"east": {"uv": [14.5, 4.25, 15, 2.75], "rotation": 90, "texture": "#0", "cullface": "west"},
				"south": {"uv": [15, 4, 14.5, 4.25], "rotation": 180, "texture": "#0", "cullface": "west"},
				"west": {"uv": [15, 0, 14.5, 4.25], "rotation": 180, "texture": "#0", "cullface": "west"},
				"up": {"uv": [15, 2.75, 14.5, 4.25], "rotation": 180, "texture": "#0", "cullface": "west"},
				"down": {"uv": [15, 0, 14.5, 4.25], "texture": "#0", "cullface": "west"}
			}
		},
		{
			"from": [3.89311, 5.27278, 12.72977],
			"to": [5.45611, 6.11578, 18.27977],
			"rotation": {"angle": 0, "axis": "y", "origin": [8.00323, 5.72615, 19.74392]},
			"faces": {
				"north": {"uv": [14.5, 4, 15, 4.25], "rotation": 180, "texture": "#0", "cullface": "west"},
				"east": {"uv": [14.5, 0, 15, 4.25], "rotation": 180, "texture": "#0", "cullface": "west"},
				"south": {"uv": [14.5, 4, 15, 4.25], "rotation": 180, "texture": "#0", "cullface": "west"},
				"west": {"uv": [14.5, 0, 15, 4.25], "rotation": 90, "texture": "#0", "cullface": "west"},
				"up": {"uv": [14.5, 0, 15, 4.25], "rotation": 180, "texture": "#0", "cullface": "west"},
				"down": {"uv": [14.5, 0, 15, 4.25], "texture": "#0", "cullface": "west"}
			}
		},
		{
			"from": [10.54379, 5.27278, 12.72977],
			"to": [12.10679, 6.11578, 18.27977],
			"rotation": {"angle": 0, "axis": "y", "origin": [7.99667, 5.72615, 19.74392]},
			"faces": {
				"north": {"uv": [15, 4, 14.5, 4.25], "rotation": 180, "texture": "#0", "cullface": "west"},
				"east": {"uv": [14.5, 4.25, 15, 0], "rotation": 90, "texture": "#0", "cullface": "west"},
				"south": {"uv": [15, 4, 14.5, 4.25], "rotation": 180, "texture": "#0", "cullface": "west"},
				"west": {"uv": [15, 0, 14.5, 4.25], "rotation": 180, "texture": "#0", "cullface": "west"},
				"up": {"uv": [15, 0, 14.5, 4.25], "rotation": 180, "texture": "#0", "cullface": "west"},
				"down": {"uv": [15, 0, 14.5, 4.25], "texture": "#0", "cullface": "west"}
			}
		},
		{
			"from": [6.57511, 10.97468, 13.55825],
			"to": [7.10011, 12.36218, 14.30825],
			"rotation": {"angle": -22.5, "axis": "x", "origin": [6.83761, 11.66843, 13.93325]},
			"faces": {
				"north": {"uv": [14, 0, 14.5, 0.5], "rotation": 90, "texture": "#0"},
				"east": {"uv": [14, 0, 14.5, 0.5], "rotation": 90, "texture": "#0"},
				"south": {"uv": [14, 0, 14.5, 0.5], "rotation": 90, "texture": "#0"},
				"west": {"uv": [14, 0, 14.5, 0.5], "rotation": 90, "texture": "#0"},
				"up": {"uv": [14, 0, 14.5, 0.5], "rotation": 90, "texture": "#0"},
				"down": {"uv": [14, 0, 14.5, 0.5], "rotation": 90, "texture": "#0"}
			}
		},
		{
			"from": [8.89979, 10.97468, 13.55825],
			"to": [9.42479, 12.36218, 14.30825],
			"rotation": {"angle": -22.5, "axis": "x", "origin": [9.16229, 11.66843, 13.93325]},
			"faces": {
				"north": {"uv": [14, 0.5, 14.5, 0], "rotation": 90, "texture": "#0"},
				"east": {"uv": [14, 0.5, 14.5, 0], "rotation": 90, "texture": "#0"},
				"south": {"uv": [14, 0.5, 14.5, 0], "rotation": 90, "texture": "#0"},
				"west": {"uv": [14, 0.5, 14.5, 0], "rotation": 90, "texture": "#0"},
				"up": {"uv": [14, 0.5, 14.5, 0], "rotation": 90, "texture": "#0"},
				"down": {"uv": [14, 0.5, 14.5, 0], "rotation": 90, "texture": "#0"}
			}
		},
		{
			"from": [6.57511, 10.37468, 15.65825],
			"to": [7.10011, 11.76218, 16.40825],
			"rotation": {"angle": -22.5, "axis": "x", "origin": [6.83761, 11.06843, 16.03325]},
			"faces": {
				"north": {"uv": [14, 0, 14.5, 0.5], "rotation": 90, "texture": "#0"},
				"east": {"uv": [14, 0, 14.5, 0.5], "rotation": 90, "texture": "#0"},
				"south": {"uv": [14, 0, 14.5, 0.5], "rotation": 90, "texture": "#0"},
				"west": {"uv": [14, 0, 14.5, 0.5], "rotation": 90, "texture": "#0"},
				"up": {"uv": [14, 0, 14.5, 0.5], "rotation": 90, "texture": "#0"},
				"down": {"uv": [14, 0, 14.5, 0.5], "rotation": 90, "texture": "#0"}
			}
		},
		{
			"from": [8.89979, 10.37468, 15.65825],
			"to": [9.42479, 11.76218, 16.40825],
			"rotation": {"angle": -22.5, "axis": "x", "origin": [9.16229, 11.06843, 16.03325]},
			"faces": {
				"north": {"uv": [14, 0.5, 14.5, 0], "rotation": 90, "texture": "#0"},
				"east": {"uv": [14, 0.5, 14.5, 0], "rotation": 90, "texture": "#0"},
				"south": {"uv": [14, 0.5, 14.5, 0], "rotation": 90, "texture": "#0"},
				"west": {"uv": [14, 0.5, 14.5, 0], "rotation": 90, "texture": "#0"},
				"up": {"uv": [14, 0.5, 14.5, 0], "rotation": 90, "texture": "#0"},
				"down": {"uv": [14, 0.5, 14.5, 0], "rotation": 90, "texture": "#0"}
			}
		},
		{
			"from": [6.57511, 10.37468, 18.35825],
			"to": [7.10011, 11.76218, 19.10825],
			"rotation": {"angle": -22.5, "axis": "x", "origin": [6.83761, 11.06843, 18.73325]},
			"faces": {
				"north": {"uv": [14, 0, 14.5, 0.5], "rotation": 90, "texture": "#0"},
				"east": {"uv": [14, 0, 14.5, 0.5], "rotation": 90, "texture": "#0"},
				"south": {"uv": [14, 0, 14.5, 0.5], "rotation": 90, "texture": "#0"},
				"west": {"uv": [14, 0, 14.5, 0.5], "rotation": 90, "texture": "#0"},
				"up": {"uv": [14, 0, 14.5, 0.5], "rotation": 90, "texture": "#0"},
				"down": {"uv": [14, 0, 14.5, 0.5], "rotation": 90, "texture": "#0"}
			}
		},
		{
			"from": [8.89979, 10.37468, 18.35825],
			"to": [9.42479, 11.76218, 19.10825],
			"rotation": {"angle": -22.5, "axis": "x", "origin": [9.16229, 11.06843, 18.73325]},
			"faces": {
				"north": {"uv": [14, 0.5, 14.5, 0], "rotation": 90, "texture": "#0"},
				"east": {"uv": [14, 0.5, 14.5, 0], "rotation": 90, "texture": "#0"},
				"south": {"uv": [14, 0.5, 14.5, 0], "rotation": 90, "texture": "#0"},
				"west": {"uv": [14, 0.5, 14.5, 0], "rotation": 90, "texture": "#0"},
				"up": {"uv": [14, 0.5, 14.5, 0], "rotation": 90, "texture": "#0"},
				"down": {"uv": [14, 0.5, 14.5, 0], "rotation": 90, "texture": "#0"}
			}
		},
		{
			"from": [4.37911, 9.04519, 11.0694],
			"to": [11.62111, 10.78519, 14.7294],
			"rotation": {"angle": 0, "axis": "y", "origin": [8.00011, 7.44482, 15.0442]},
			"faces": {
				"north": {"uv": [11.75, 14, 15, 16], "rotation": 90, "texture": "#0"},
				"east": {"uv": [11.75, 14, 15, 16], "rotation": 90, "texture": "#0"},
				"south": {"uv": [11.75, 14, 15, 16], "texture": "#0"},
				"west": {"uv": [11.75, 14, 15, 16], "rotation": 90, "texture": "#0"},
				"up": {"uv": [11.75, 14, 15, 16], "texture": "#0"},
				"down": {"uv": [11.75, 14, 15, 16], "rotation": 90, "texture": "#0"}
			}
		},
		{
			"from": [4.41661, 8.89519, 14.7069],
			"to": [11.58361, 10.18519, 15.7794],
			"rotation": {"angle": 0, "axis": "y", "origin": [8.00011, 6.84482, 18.6442]},
			"faces": {
				"north": {"uv": [11.75, 14, 15, 16], "rotation": 90, "texture": "#0"},
				"east": {"uv": [11.75, 14, 15, 16], "rotation": 90, "texture": "#0"},
				"south": {"uv": [11.75, 14, 15, 16], "texture": "#0"},
				"west": {"uv": [11.75, 14, 15, 16], "rotation": 90, "texture": "#0"},
				"up": {"uv": [11.75, 14, 15, 16], "texture": "#0"},
				"down": {"uv": [11.75, 14, 15, 16], "rotation": 90, "texture": "#0"}
			}
		},
		{
			"from": [4.45411, 7.99519, 15.4569],
			"to": [11.54611, 9.88519, 17.8044],
			"rotation": {"angle": 0, "axis": "y", "origin": [8.00011, 6.54482, 19.5442]},
			"faces": {
				"north": {"uv": [11.75, 14, 15, 16], "rotation": 90, "texture": "#0"},
				"east": {"uv": [11.75, 14, 15, 16], "rotation": 90, "texture": "#0"},
				"south": {"uv": [11.75, 14, 15, 16], "texture": "#0"},
				"west": {"uv": [11.75, 14, 15, 16], "rotation": 90, "texture": "#0"},
				"up": {"uv": [11.75, 14, 15, 16], "texture": "#0"},
				"down": {"uv": [11.75, 14, 15, 16], "rotation": 90, "texture": "#0"}
			}
		},
		{
			"from": [4.45411, 7.99519, 17.7819],
			"to": [11.54611, 9.51019, 19.6794],
			"rotation": {"angle": 0, "axis": "y", "origin": [8.00011, 6.54482, 19.5442]},
			"faces": {
				"north": {"uv": [11.75, 14, 15, 16], "rotation": 90, "texture": "#0"},
				"east": {"uv": [11.75, 14, 15, 16], "rotation": 90, "texture": "#0"},
				"south": {"uv": [11.75, 14, 15, 16], "texture": "#0"},
				"west": {"uv": [11.75, 14, 15, 16], "rotation": 90, "texture": "#0"},
				"up": {"uv": [11.75, 14, 15, 16], "texture": "#0"},
				"down": {"uv": [11.75, 14, 15, 16], "rotation": 90, "texture": "#0"}
			}
		},
		{
			"from": [5.72131, 9.36253, 12.61112],
			"to": [5.74051, 15.30253, 19.36112],
			"rotation": {"angle": 0, "axis": "y", "origin": [7.99995, 11.39503, 14.18612]},
			"faces": {
				"east": {"uv": [0, 6, 16, 16], "texture": "#1"},
				"west": {"uv": [0, 6, 16, 16], "texture": "#1"}
			}
		},
		{
			"from": [10.25939, 9.36253, 12.61112],
			"to": [10.27859, 15.30253, 19.36112],
			"rotation": {"angle": 0, "axis": "y", "origin": [7.99995, 11.39503, 14.18612]},
			"faces": {
				"east": {"uv": [16, 6, 0, 16], "texture": "#1"},
				"west": {"uv": [16, 6, 0, 16], "texture": "#1"}
			}
		}
	],
	"display": {
		"head": {
			"translation": [0, -0.75, -24.75],
			"scale": [4, 4, 4]
		}
	},
	"groups": [
		{
			"name": "root_normal",
			"origin": [8, 8, 8],
			"children": []
		},
		{
			"name": "root_thunder",
			"origin": [8, 8, 8],
			"children": [
				{
					"name": "body",
					"origin": [8, 8, 8],
					"children": [
						{
							"name": "1",
							"origin": [8, 8, 8],
							"children": [0, 1, 2, 3, 4,
								{
									"name": "group",
									"origin": [8, 8, 8],
									"children": [5, 6, 7, 8, 9, 10, 11, 12, 13, 14, 15, 16, 17, 18, 19, 20, 21, 22]
								}, 23, 24, 25, 26, 27, 28]
						}
					]
				}
			]
		}
	]
}