{
	"credit": "Made with Blockbench",
	"texture_size": [32, 32],
	"textures": {
		"0": "zinogre/head",
		"particle": "reus/head"
	},
	"elements": [
		{
			"from": [6.7625, 7.7594, 5.55698],
			"to": [9.2375, 10.2344, 7.24448],
			"rotation": {"angle": 45, "axis": "x", "origin": [8, 9.8969, 6.40073]},
			"faces": {
				"north": {"uv": [0, 2, 1, 3], "texture": "#0"},
				"east": {"uv": [7, 3, 7.5, 4], "texture": "#0"},
				"south": {"uv": [3, 3, 4, 4], "texture": "#0"},
				"west": {"uv": [7, 4, 7.5, 5], "texture": "#0"},
				"up": {"uv": [8, 1, 7, 0.5], "texture": "#0"},
				"down": {"uv": [8, 5, 7, 5.5], "texture": "#0"}
			}
		},
		{
			"from": [6.3125, 9.05315, 6.06323],
			"to": [9.6875, 10.74065, 11.68823],
			"rotation": {"angle": 0, "axis": "y", "origin": [26, 27.05315, 27.43823]},
			"faces": {
				"north": {"uv": [7, 5.5, 8, 6], "texture": "#0"},
				"east": {"uv": [3.5, 2, 5.5, 2.5], "texture": "#0"},
				"south": {"uv": [7, 6, 8, 6.5], "texture": "#0"},
				"west": {"uv": [3.25, 2, 5.25, 2.5], "texture": "#0"},
				"up": {"uv": [1, 2, 0, 0], "texture": "#0"},
				"down": {"uv": [2, 1, 1, 3], "texture": "#0"}
			}
		},
		{
			"from": [6.3125, 7.44065, 4.93823],
			"to": [9.6875, 9.05315, 8.53823],
			"rotation": {"angle": 0, "axis": "y", "origin": [26, 24.80315, 27.43823]},
			"faces": {
				"north": {"uv": [7, 6.5, 8, 7], "texture": "#0"},
				"east": {"uv": [1, 7.5, 2, 8], "texture": "#0"},
				"south": {"uv": [2, 7.5, 3, 8], "texture": "#0"},
				"west": {"uv": [3, 7.5, 4, 8], "texture": "#0"},
				"up": {"uv": [4.5, 3, 3.5, 2], "texture": "#0"},
				"down": {"uv": [1, 4, 0, 5], "texture": "#0"}
			}
		},
		{
			"from": [6.0875, 7.81565, 8.53823],
			"to": [9.9125, 9.05315, 11.91323],
			"rotation": {"angle": 0, "axis": "y", "origin": [26, 24.80315, 30.81323]},
			"faces": {
				"north": {"uv": [1, 7, 2.5, 7.5], "texture": "#0"},
				"east": {"uv": [4, 7.5, 5, 8], "texture": "#0"},
				"south": {"uv": [2.5, 7, 4, 7.5], "texture": "#0"},
				"west": {"uv": [5, 7.5, 6, 8], "texture": "#0"},
				"up": {"uv": [2.5, 1, 1, 0], "texture": "#0"},
				"down": {"uv": [3.5, 2, 2, 3], "texture": "#0"}
			}
		},
		{
			"from": [6.5375, 6.61565, 8.53823],
			"to": [9.4625, 9.05315, 11.01323],
			"rotation": {"angle": -22.5, "axis": "x", "origin": [8, 7.4219, 9.77573]},
			"faces": {
				"north": {"uv": [1, 4, 2, 5], "texture": "#0"},
				"east": {"uv": [2, 4, 3, 5], "texture": "#0"},
				"south": {"uv": [3, 4, 4, 5], "texture": "#0"},
				"west": {"uv": [4, 4, 5, 5], "texture": "#0"},
				"up": {"uv": [5, 1, 4, 0], "texture": "#0"},
				"down": {"uv": [5, 3, 4, 4], "texture": "#0"}
			}
		},
		{
			"from": [6.70625, 7.29065, 2.68823],
			"to": [9.29375, 9.05315, 4.93823],
			"rotation": {"angle": 0, "axis": "y", "origin": [26, 24.80315, 27.43823]},
			"faces": {
				"north": {"uv": [6, 7.5, 7, 8], "texture": "#0"},
				"east": {"uv": [7, 7.5, 8, 8], "texture": "#0"},
				"south": {"uv": [7.5, 1, 8.5, 1.5], "texture": "#0"},
				"west": {"uv": [7.5, 1.5, 8.5, 2], "texture": "#0"},
				"up": {"uv": [5.5, 3, 4.5, 2], "texture": "#0"},
				"down": {"uv": [1, 5, 0, 6], "texture": "#0"}
			}
		},
		{
			"from": [6.875, 7.85315, 2.33198],
			"to": [9.125, 9.35315, 3.13823],
			"rotation": {"angle": -22.5, "axis": "x", "origin": [8, 8.37815, 3.81323]},
			"faces": {
				"north": {"uv": [7.5, 2, 8.5, 2.5], "texture": "#0"},
				"east": {"uv": [3, 9, 3.5, 9.5], "texture": "#0"},
				"south": {"uv": [7.5, 2.5, 8.5, 3], "texture": "#0"},
				"west": {"uv": [3.5, 10, 4, 10.5], "texture": "#0"},
				"up": {"uv": [8.5, 3.5, 7.5, 3], "texture": "#0"},
				"down": {"uv": [8.5, 3.5, 7.5, 4], "texture": "#0"}
			}
		},
		{
			"from": [7.625, 8.75315, 2.10698],
			"to": [8.375, 9.50315, 2.68823],
			"rotation": {"angle": -22.5, "axis": "x", "origin": [8, 8.37815, 3.81323]},
			"faces": {
				"north": {"uv": [4, 10, 4.5, 10.5], "texture": "#0"},
				"east": {"uv": [4.5, 10, 5, 10.5], "texture": "#0"},
				"south": {"uv": [5, 10, 5.5, 10.5], "texture": "#0"},
				"west": {"uv": [5.5, 10, 6, 10.5], "texture": "#0"},
				"up": {"uv": [6.5, 10.5, 6, 10], "texture": "#0"},
				"down": {"uv": [7, 10, 6.5, 10.5], "texture": "#0"}
			}
		},
		{
			"from": [5.75, 7.4544, 7.55873],
			"to": [7.83125, 8.41065, 9.24623],
			"rotation": {"angle": -45, "axis": "x", "origin": [8.00402, 11.02128, 7.7855]},
			"faces": {
				"north": {"uv": [7, 10, 7.5, 10.5], "texture": "#0"},
				"east": {"uv": [7.5, 10, 8, 10.5], "texture": "#0"},
				"south": {"uv": [8, 10, 8.5, 10.5], "texture": "#0"},
				"west": {"uv": [8.5, 10, 9, 10.5], "texture": "#0"},
				"up": {"uv": [9.5, 10.5, 9, 10], "texture": "#0"},
				"down": {"uv": [10, 10, 9.5, 10.5], "texture": "#0"}
			}
		},
		{
			"from": [5.525, 8.19817, 10.13429],
			"to": [7.83125, 10.33567, 11.76554],
			"rotation": {"angle": 0, "axis": "y", "origin": [8.00402, 11.02128, 7.7855]},
			"faces": {
				"north": {"uv": [7.5, 4, 8.5, 4.5], "texture": "#0"},
				"east": {"uv": [10, 10, 10.5, 10.5], "texture": "#0"},
				"south": {"uv": [7.5, 4.5, 8.5, 5], "texture": "#0"},
				"west": {"uv": [10, 0.5, 10.5, 1], "texture": "#0"},
				"up": {"uv": [1, 8.5, 0, 8], "texture": "#0"},
				"down": {"uv": [2, 8, 1, 8.5], "texture": "#0"}
			}
		},
		{
			"from": [5.75, 8.11112, 10.15283],
			"to": [7.71875, 10.02362, 12.45908],
			"rotation": {"angle": -22.5, "axis": "x", "origin": [6.62188, 9.62987, 11.30596]},
			"faces": {
				"north": {"uv": [10, 4, 10.5, 4.5], "texture": "#0"},
				"east": {"uv": [2, 8, 3, 8.5], "texture": "#0"},
				"south": {"uv": [10, 4.5, 10.5, 5], "texture": "#0"},
				"west": {"uv": [3, 8, 4, 8.5], "texture": "#0"},
				"up": {"uv": [4.5, 9, 4, 8], "texture": "#0"},
				"down": {"uv": [5, 8, 4.5, 9], "texture": "#0"}
			}
		},
		{
			"from": [5.3, 6.82481, 8.07194],
			"to": [7.94375, 9.86231, 10.60319],
			"rotation": {"angle": -45, "axis": "x", "origin": [8.00402, 11.02128, 7.7855]},
			"faces": {
				"north": {"uv": [1, 5, 2, 6], "texture": "#0"},
				"east": {"uv": [2, 5, 3, 6], "texture": "#0"},
				"south": {"uv": [3, 5, 4, 6], "texture": "#0"},
				"west": {"uv": [4, 5, 5, 6], "texture": "#0"},
				"up": {"uv": [6, 6, 5, 5], "texture": "#0"},
				"down": {"uv": [6, 0, 5, 1], "texture": "#0"}
			}
		},
		{
			"from": [5.525, 10.98583, 7.01626],
			"to": [7.83125, 12.95458, 10.16626],
			"rotation": {"angle": 22.5, "axis": "x", "origin": [8.00402, 11.02128, 7.7855]},
			"faces": {
				"north": {"uv": [5, 8, 6, 8.5], "texture": "#0"},
				"east": {"uv": [6, 8, 7, 8.5], "texture": "#0"},
				"south": {"uv": [7, 8, 8, 8.5], "texture": "#0"},
				"west": {"uv": [8, 8, 9, 8.5], "texture": "#0"},
				"up": {"uv": [6, 4, 5, 3], "texture": "#0"},
				"down": {"uv": [6, 4, 5, 5], "texture": "#0"}
			}
		},
		{
			"from": [5.75, 11.49449, 5.04243],
			"to": [7.55, 12.95699, 8.07993],
			"rotation": {"angle": 0, "axis": "y", "origin": [8.00402, 11.02128, 7.7855]},
			"faces": {
				"north": {"uv": [10, 5, 10.5, 5.5], "texture": "#0"},
				"east": {"uv": [8, 0.5, 9, 1], "texture": "#0"},
				"south": {"uv": [10, 5.5, 10.5, 6], "texture": "#0"},
				"west": {"uv": [8, 5, 9, 5.5], "texture": "#0"},
				"up": {"uv": [8.5, 6.5, 8, 5.5], "texture": "#0"},
				"down": {"uv": [0.5, 8.5, 0, 9.5], "texture": "#0"}
			}
		},
		{
			"from": [5.975, 11.66324, 3.01743],
			"to": [7.325, 12.73199, 5.15493],
			"rotation": {"angle": 0, "axis": "y", "origin": [8.00402, 11.02128, 7.7855]},
			"faces": {
				"north": {"uv": [10, 6, 10.5, 6.5], "texture": "#0"},
				"east": {"uv": [10, 6.5, 10.5, 7], "texture": "#0"},
				"south": {"uv": [10, 7.5, 10.5, 8], "texture": "#0"},
				"west": {"uv": [10, 8, 10.5, 8.5], "texture": "#0"},
				"up": {"uv": [10.5, 9, 10, 8.5], "texture": "#0"},
				"down": {"uv": [10.5, 9, 10, 9.5], "texture": "#0"}
			}
		},
		{
			"from": [6.2, 13.57948, 2.6965],
			"to": [7.1, 14.19823, 4.2715],
			"rotation": {"angle": -22.5, "axis": "x", "origin": [8.00402, 11.02128, 7.7855]},
			"faces": {
				"north": {"uv": [10, 9.5, 10.5, 10], "texture": "#0"},
				"east": {"uv": [0, 10.5, 0.5, 11], "texture": "#0"},
				"south": {"uv": [3.5, 10.5, 4, 11], "texture": "#0"},
				"west": {"uv": [4, 10.5, 4.5, 11], "texture": "#0"},
				"up": {"uv": [5, 11, 4.5, 10.5], "texture": "#0"},
				"down": {"uv": [5.5, 10.5, 5, 11], "texture": "#0"}
			}
		},
		{
			"from": [8.16875, 7.4544, 7.55873],
			"to": [10.25, 8.41065, 9.24623],
			"rotation": {"angle": -45, "axis": "x", "origin": [7.99598, 11.02128, 7.7855]},
			"faces": {
				"north": {"uv": [5.5, 10.5, 6, 11], "texture": "#0"},
				"east": {"uv": [6, 10.5, 6.5, 11], "texture": "#0"},
				"south": {"uv": [6.5, 10.5, 7, 11], "texture": "#0"},
				"west": {"uv": [7, 10.5, 7.5, 11], "texture": "#0"},
				"up": {"uv": [8, 11, 7.5, 10.5], "texture": "#0"},
				"down": {"uv": [8.5, 10.5, 8, 11], "texture": "#0"}
			}
		},
		{
			"from": [8.16875, 8.19817, 10.13429],
			"to": [10.475, 10.33567, 11.76554],
			"rotation": {"angle": 0, "axis": "y", "origin": [7.99598, 11.02128, 7.7855]},
			"faces": {
				"north": {"uv": [8, 6.5, 9, 7], "texture": "#0"},
				"east": {"uv": [8.5, 10.5, 9, 11], "texture": "#0"},
				"south": {"uv": [8, 7.5, 9, 8], "texture": "#0"},
				"west": {"uv": [9, 10.5, 9.5, 11], "texture": "#0"},
				"up": {"uv": [1.5, 9, 0.5, 8.5], "texture": "#0"},
				"down": {"uv": [2.5, 8.5, 1.5, 9], "texture": "#0"}
			}
		},
		{
			"from": [8.28125, 8.11112, 10.15283],
			"to": [10.25, 10.02362, 12.45908],
			"rotation": {"angle": -22.5, "axis": "x", "origin": [9.37813, 9.62987, 11.30596]},
			"faces": {
				"north": {"uv": [10.5, 1.5, 11, 2], "texture": "#0"},
				"east": {"uv": [2.5, 8.5, 3.5, 9], "texture": "#0"},
				"south": {"uv": [10.5, 2, 11, 2.5], "texture": "#0"},
				"west": {"uv": [5, 8.5, 6, 9], "texture": "#0"},
				"up": {"uv": [4, 9.5, 3.5, 8.5], "texture": "#0"},
				"down": {"uv": [6.5, 8.5, 6, 9.5], "texture": "#0"}
			}
		},
		{
			"from": [8.05625, 6.82481, 8.07194],
			"to": [10.7, 9.86231, 10.60319],
			"rotation": {"angle": -45, "axis": "x", "origin": [7.99598, 11.02128, 7.7855]},
			"faces": {
				"north": {"uv": [5.5, 1, 6.5, 2], "texture": "#0"},
				"east": {"uv": [5.5, 2, 6.5, 3], "texture": "#0"},
				"south": {"uv": [0, 6, 1, 7], "texture": "#0"},
				"west": {"uv": [1, 6, 2, 7], "texture": "#0"},
				"up": {"uv": [3, 7, 2, 6], "texture": "#0"},
				"down": {"uv": [4, 6, 3, 7], "texture": "#0"}
			}
		},
		{
			"from": [8.16875, 10.98583, 7.01626],
			"to": [10.475, 12.95458, 10.16626],
			"rotation": {"angle": 22.5, "axis": "x", "origin": [7.99598, 11.02128, 7.7855]},
			"faces": {
				"north": {"uv": [6.5, 8.5, 7.5, 9], "texture": "#0"},
				"east": {"uv": [7.5, 8.5, 8.5, 9], "texture": "#0"},
				"south": {"uv": [8.5, 8.5, 9.5, 9], "texture": "#0"},
				"west": {"uv": [8.5, 0, 9.5, 0.5], "texture": "#0"},
				"up": {"uv": [5, 7, 4, 6], "texture": "#0"},
				"down": {"uv": [6, 6, 5, 7], "texture": "#0"}
			}
		},
		{
			"from": [8.45, 11.49449, 5.04243],
			"to": [10.25, 12.95699, 8.07993],
			"rotation": {"angle": 0, "axis": "y", "origin": [7.99598, 11.02128, 7.7855]},
			"faces": {
				"north": {"uv": [10.5, 2.5, 11, 3], "texture": "#0"},
				"east": {"uv": [8.5, 1, 9.5, 1.5], "texture": "#0"},
				"south": {"uv": [10.5, 3, 11, 3.5], "texture": "#0"},
				"west": {"uv": [8.5, 1.5, 9.5, 2], "texture": "#0"},
				"up": {"uv": [9, 3, 8.5, 2], "texture": "#0"},
				"down": {"uv": [9, 3, 8.5, 4], "texture": "#0"}
			}
		},
		{
			"from": [8.675, 11.66324, 3.01743],
			"to": [10.025, 12.73199, 5.15493],
			"rotation": {"angle": 0, "axis": "y", "origin": [7.99598, 11.02128, 7.7855]},
			"faces": {
				"north": {"uv": [10.5, 3.5, 11, 4], "texture": "#0"},
				"east": {"uv": [10.5, 4, 11, 4.5], "texture": "#0"},
				"south": {"uv": [10.5, 4.5, 11, 5], "texture": "#0"},
				"west": {"uv": [10.5, 5, 11, 5.5], "texture": "#0"},
				"up": {"uv": [11, 6, 10.5, 5.5], "texture": "#0"},
				"down": {"uv": [11, 6, 10.5, 6.5], "texture": "#0"}
			}
		},
		{
			"from": [8.9, 13.57948, 2.6965],
			"to": [9.8, 14.19823, 4.2715],
			"rotation": {"angle": -22.5, "axis": "x", "origin": [7.99598, 11.02128, 7.7855]},
			"faces": {
				"north": {"uv": [10.5, 6.5, 11, 7], "texture": "#0"},
				"east": {"uv": [10.5, 7, 11, 7.5], "texture": "#0"},
				"south": {"uv": [10.5, 7.5, 11, 8], "texture": "#0"},
				"west": {"uv": [10.5, 8, 11, 8.5], "texture": "#0"},
				"up": {"uv": [11, 9, 10.5, 8.5], "texture": "#0"},
				"down": {"uv": [11, 9, 10.5, 9.5], "texture": "#0"}
			}
		},
		{
			"from": [5.24375, 7.36565, 10.78823],
			"to": [5.46875, 9.05315, 13.03823],
			"rotation": {"angle": -22.5, "axis": "y", "origin": [5.35625, 8.2094, 12.47573]},
			"faces": {
				"north": {"uv": [10.5, 9.5, 11, 10], "texture": "#0"},
				"east": {"uv": [8.5, 4, 9.5, 4.5], "texture": "#0"},
				"south": {"uv": [10.5, 10, 11, 10.5], "texture": "#0"},
				"west": {"uv": [8.5, 4.5, 9.5, 5], "texture": "#0"},
				"up": {"uv": [9, 6.5, 8.5, 5.5], "texture": "#0"},
				"down": {"uv": [1, 9, 0.5, 10], "texture": "#0"}
			}
		},
		{
			"from": [5.24375, 7.70315, 13.03823],
			"to": [5.46875, 9.05315, 13.48823],
			"rotation": {"angle": -22.5, "axis": "y", "origin": [5.35625, 8.2094, 12.47573]},
			"faces": {
				"north": {"uv": [0, 11, 0.5, 11.5], "texture": "#0"},
				"east": {"uv": [0.5, 11, 1, 11.5], "texture": "#0"},
				"south": {"uv": [1, 11, 1.5, 11.5], "texture": "#0"},
				"west": {"uv": [1.5, 11, 2, 11.5], "texture": "#0"},
				"up": {"uv": [2.5, 11.5, 2, 11], "texture": "#0"},
				"down": {"uv": [3, 11, 2.5, 11.5], "texture": "#0"}
			}
		},
		{
			"from": [5.24375, 8.15315, 13.48823],
			"to": [5.46875, 9.05315, 13.93823],
			"rotation": {"angle": -22.5, "axis": "y", "origin": [5.35625, 8.2094, 12.47573]},
			"faces": {
				"north": {"uv": [3, 11, 3.5, 11.5], "texture": "#0"},
				"east": {"uv": [3.5, 11, 4, 11.5], "texture": "#0"},
				"south": {"uv": [4, 11, 4.5, 11.5], "texture": "#0"},
				"west": {"uv": [4.5, 11, 5, 11.5], "texture": "#0"},
				"up": {"uv": [5.5, 11.5, 5, 11], "texture": "#0"},
				"down": {"uv": [6, 11, 5.5, 11.5], "texture": "#0"}
			}
		},
		{
			"from": [10.53125, 7.36565, 10.78823],
			"to": [10.75625, 9.05315, 13.03823],
			"rotation": {"angle": 22.5, "axis": "y", "origin": [10.64375, 8.2094, 12.47573]},
			"faces": {
				"north": {"uv": [6, 11, 6.5, 11.5], "texture": "#0"},
				"east": {"uv": [8.5, 7, 9.5, 7.5], "texture": "#0"},
				"south": {"uv": [6.5, 11, 7, 11.5], "texture": "#0"},
				"west": {"uv": [1, 9, 2, 9.5], "texture": "#0"},
				"up": {"uv": [2.5, 10, 2, 9], "texture": "#0"},
				"down": {"uv": [3, 9, 2.5, 10], "texture": "#0"}
			}
		},
		{
			"from": [10.53125, 7.70315, 13.03823],
			"to": [10.75625, 9.05315, 13.48823],
			"rotation": {"angle": 22.5, "axis": "y", "origin": [10.64375, 8.2094, 12.47573]},
			"faces": {
				"north": {"uv": [7, 11, 7.5, 11.5], "texture": "#0"},
				"east": {"uv": [7.5, 11, 8, 11.5], "texture": "#0"},
				"south": {"uv": [8, 11, 8.5, 11.5], "texture": "#0"},
				"west": {"uv": [8.5, 11, 9, 11.5], "texture": "#0"},
				"up": {"uv": [9.5, 11.5, 9, 11], "texture": "#0"},
				"down": {"uv": [10, 11, 9.5, 11.5], "texture": "#0"}
			}
		},
		{
			"from": [10.53125, 8.15315, 13.48823],
			"to": [10.75625, 9.05315, 13.93823],
			"rotation": {"angle": 22.5, "axis": "y", "origin": [10.64375, 8.2094, 12.47573]},
			"faces": {
				"north": {"uv": [10, 11, 10.5, 11.5], "texture": "#0"},
				"east": {"uv": [10.5, 11, 11, 11.5], "texture": "#0"},
				"south": {"uv": [11, 11, 11.5, 11.5], "texture": "#0"},
				"west": {"uv": [11, 0, 11.5, 0.5], "texture": "#0"},
				"up": {"uv": [11.5, 1, 11, 0.5], "texture": "#0"},
				"down": {"uv": [11.5, 1, 11, 1.5], "texture": "#0"}
			}
		},
		{
			"name": "eye",
			"from": [6.275, 9.09065, 6.81323],
			"to": [9.725, 9.72815, 7.78823],
			"rotation": {"angle": 0, "axis": "y", "origin": [26, 27.24065, 27.43823]},
			"faces": {
				"north": {"uv": [4, 9, 5, 9.5], "texture": "#0"},
				"east": {"uv": [11, 2.25, 11.25, 2.75], "rotation": 180, "texture": "#0"},
				"south": {"uv": [5, 9, 6, 9.5], "texture": "#0"},
				"west": {"uv": [11, 2.25, 11.25, 2.75], "rotation": 180, "texture": "#0"},
				"up": {"uv": [7.5, 9.5, 6.5, 9], "texture": "#0"},
				"down": {"uv": [8.5, 9, 7.5, 9.5], "texture": "#0"}
			}
		},
		{
			"from": [6.2375, 10.06565, 6.66323],
			"to": [9.7625, 11.22815, 7.90073],
			"rotation": {"angle": -22.5, "axis": "x", "origin": [8, 9.7844, 8.87573]},
			"faces": {
				"north": {"uv": [8.5, 9, 9.5, 9.5], "texture": "#0"},
				"east": {"uv": [11, 2.5, 11.5, 3], "texture": "#0"},
				"south": {"uv": [9, 0.5, 10, 1], "texture": "#0"},
				"west": {"uv": [11, 3, 11.5, 3.5], "texture": "#0"},
				"up": {"uv": [10, 2.5, 9, 2], "texture": "#0"},
				"down": {"uv": [10, 2.5, 9, 3], "texture": "#0"}
			}
		},
		{
			"from": [6.2, 9.63654, 7.19981],
			"to": [9.8, 10.87404, 9.52481],
			"rotation": {"angle": 0, "axis": "y", "origin": [8, 9.80529, 7.83731]},
			"faces": {
				"north": {"uv": [9, 3, 10, 3.5], "texture": "#0"},
				"east": {"uv": [9, 3.5, 10, 4], "texture": "#0"},
				"south": {"uv": [9, 5, 10, 5.5], "texture": "#0"},
				"west": {"uv": [9, 5.5, 10, 6], "texture": "#0"},
				"up": {"uv": [7, 7, 6, 6], "texture": "#0"},
				"down": {"uv": [7, 0, 6, 1], "texture": "#0"}
			}
		}
	],
	"display": {
		"head": {
			"translation": [0, -9.25, -8.25],
			"scale": [4, 4, 4]
		}
	},
	"groups": [
		{
			"name": "root_normal",
			"origin": [8, 8, 8],
			"children": [
				{
					"name": "head",
					"origin": [8, 8, 8],
					"children": [
						{
							"name": "upper",
							"origin": [8, 8, 8],
							"children": [0, 1, 2, 3, 4, 5, 6, 7,
								{
									"name": "horne_l",
									"origin": [8, 8, 8],
									"children": [8, 9, 10, 11, 12, 13, 14, 15]
								},
								{
									"name": "horne_r",
									"origin": [8, 8, 8],
									"children": [16, 17, 18, 19, 20, 21, 22, 23]
								},
								{
									"name": "ear",
									"origin": [6.825, 11.625, -6.65],
									"children": [24, 25, 26]
								},
								{
									"name": "ear",
									"origin": [6.825, 11.625, -6.65],
									"children": [27, 28, 29]
								}, 30, 31, 32]
						}
					]
				}
			]
		}
	]
}