{
	"credit": "Made with Blockbench",
	"texture_size": [32, 32],
	"textures": {
		"0": "zinogre/head",
		"particle": "zinogre/head"
	},
	"elements": [
		{
			"from": [5.81161, 4.55296, 5.37937],
			"to": [10.18561, 8.37796, 9.12937],
			"rotation": {"angle": 22.5, "axis": "x", "origin": [7.99861, 5.42182, 10.50421]},
			"faces": {
				"north": {"uv": [0.25, 0.75, 1.75, 2.75], "texture": "#0"},
				"east": {"uv": [0.25, 0.75, 1.75, 2.75], "texture": "#0"},
				"south": {"uv": [0.25, 0.75, 1.75, 2.75], "texture": "#0"},
				"west": {"uv": [0.25, 0.75, 1.75, 2.75], "texture": "#0"},
				"up": {"uv": [0.25, 0.75, 1.75, 2.75], "texture": "#0"},
				"down": {"uv": [0.25, 0.75, 1.75, 2.75], "texture": "#0"}
			}
		},
		{
			"from": [6.38101, 3.65296, 5.37937],
			"to": [9.61621, 4.59796, 9.12937],
			"rotation": {"angle": 22.5, "axis": "x", "origin": [7.99861, 5.42182, 10.50421]},
			"faces": {
				"north": {"uv": [4, 10, 7, 10.5], "texture": "#0"},
				"east": {"uv": [4, 10, 7, 10.5], "texture": "#0"},
				"south": {"uv": [4, 10, 7, 10.5], "texture": "#0"},
				"west": {"uv": [4, 10, 7, 10.5], "texture": "#0"},
				"up": {"uv": [4, 10, 7, 10.5], "texture": "#0"},
				"down": {"uv": [4, 10, 7, 10.5], "texture": "#0"}
			}
		},
		{
			"from": [6.39481, 8.33296, 5.37937],
			"to": [7.46401, 9.09796, 9.12937],
			"rotation": {"angle": 22.5, "axis": "x", "origin": [7.99861, 5.42182, 10.50421]},
			"faces": {
				"north": {"uv": [14.5, 0, 14, 0.5], "texture": "#0"},
				"east": {"uv": [15, 0, 14, 4.25], "rotation": 90, "texture": "#0"},
				"south": {"uv": [14, 0, 14.5, 0.5], "texture": "#0"},
				"west": {"uv": [14, 0, 15, 4.25], "rotation": 90, "texture": "#0"},
				"up": {"uv": [15, 0, 14.5, 4.25], "texture": "#0"},
				"down": {"uv": [14.5, 0, 14, 4.25], "texture": "#0"}
			}
		},
		{
			"from": [8.53321, 8.33296, 5.37937],
			"to": [9.60241, 9.09796, 9.12937],
			"rotation": {"angle": 22.5, "axis": "x", "origin": [7.99861, 5.42182, 10.50421]},
			"faces": {
				"north": {"uv": [14.5, 0, 14, 0.5], "texture": "#0"},
				"east": {"uv": [15, 0, 14, 4.25], "rotation": 90, "texture": "#0"},
				"south": {"uv": [14, 0, 14.5, 0.5], "texture": "#0"},
				"west": {"uv": [14, 0, 15, 4.25], "rotation": 90, "texture": "#0"},
				"up": {"uv": [15, 0, 14.5, 4.25], "texture": "#0"},
				"down": {"uv": [14.5, 0, 14, 4.25], "texture": "#0"}
			}
		},
		{
			"from": [5.42281, 5.09296, 5.37937],
			"to": [10.57441, 6.84796, 9.42937],
			"rotation": {"angle": 22.5, "axis": "x", "origin": [7.99861, 5.87182, 10.50421]},
			"faces": {
				"north": {"uv": [8.5, 14, 11.75, 16], "rotation": 270, "texture": "#0"},
				"east": {"uv": [8.5, 14, 11.75, 16], "rotation": 270, "texture": "#0"},
				"south": {"uv": [8.5, 14, 11.75, 16], "rotation": 270, "texture": "#0"},
				"west": {"uv": [8.5, 14, 11.75, 16], "rotation": 270, "texture": "#0"},
				"up": {"uv": [8.5, 14, 11.75, 16], "texture": "#0"},
				"down": {"uv": [8.5, 14, 11.75, 16], "rotation": 180, "texture": "#0"}
			}
		},
		{
			"from": [5.61721, 6.89296, 5.37937],
			"to": [10.38001, 8.46796, 9.42937],
			"rotation": {"angle": 22.5, "axis": "x", "origin": [7.99861, 5.87182, 10.50421]},
			"faces": {
				"north": {"uv": [8.5, 14, 11.75, 16], "rotation": 270, "texture": "#0"},
				"east": {"uv": [8.5, 14, 11.75, 16], "rotation": 270, "texture": "#0"},
				"south": {"uv": [8.5, 14, 11.75, 16], "rotation": 270, "texture": "#0"},
				"west": {"uv": [8.5, 14, 11.75, 16], "rotation": 270, "texture": "#0"},
				"up": {"uv": [8.5, 14, 11.75, 16], "texture": "#0"},
				"down": {"uv": [8.5, 14, 11.75, 16], "rotation": 270, "texture": "#0"}
			}
		}
	],
	"display": {
		"head": {
			"rotation": [-22.5, 0, 0],
			"translation": [0, -4.5, -4.75],
			"scale": [4, 4, 4]
		}
	},
	"groups": [
		{
			"name": "root_normal",
			"origin": [8, 8, 8],
			"children": [
				{
					"name": "neck",
					"origin": [8, 8, 8],
					"children": [
						{
							"name": "1",
							"origin": [8, 8, 8],
							"children": [0, 1,
								{
									"name": "group",
									"origin": [8, 8, 8],
									"children": [2, 3]
								}, 4, 5]
						}
					]
				}
			]
		}
	]
}