{
  "parent": "minecraft:item/generated",
  "textures": {
    "layer0": "minecraft:item/barrier"
  },
  "overrides": [
    {
      "predicate": {
        "custom_model_data": 10000
      },
      "model": "item/reus/head_upper"
    },
    {
      "predicate": {
        "custom_model_data": 10001
      },
      "model": "item/reus/head_lower"
    },
    {
      "predicate": {
        "custom_model_data": 10002
      },
      "model": "item/reus/neck_0"
    },
    {
      "predicate": {
        "custom_model_data": 10003
      },
      "model": "item/reus/body_0"
    },
    {
      "predicate": {
        "custom_model_data": 10004
      },
      "model": "item/reus/body_1"
    },
    {
      "predicate": {
        "custom_model_data": 10005
      },
      "model": "item/reus/leg_l_0"
    },
    {
      "predicate": {
        "custom_model_data": 10006
      },
      "model": "item/reus/leg_l_1"
    },
    {
      "predicate": {
        "custom_model_data": 10007
      },
      "model": "item/reus/leg_l_2"
    },
    {
      "predicate": {
        "custom_model_data": 10008
      },
      "model": "item/reus/leg_r_0"
    },
    {
      "predicate": {
        "custom_model_data": 10009
      },
      "model": "item/reus/leg_r_1"
    },
    {
      "predicate": {
        "custom_model_data": 10010
      },
      "model": "item/reus/leg_r_2"
    },
    {
      "predicate": {
        "custom_model_data": 10011
      },
      "model": "item/reus/tail_0"
    },
    {
      "predicate": {
        "custom_model_data": 10012
      },
      "model": "item/reus/tail_1"
    },
    {
      "predicate": {
        "custom_model_data": 10013
      },
      "model": "item/reus/tail_2"
    },
    {
      "predicate": {
        "custom_model_data": 10014
      },
      "model": "item/reus/wing_l_0"
    },
    {
      "predicate": {
        "custom_model_data": 10015
      },
      "model": "item/reus/wing_l_1"
    },
    {
      "predicate": {
        "custom_model_data": 10016
      },
      "model": "item/reus/wing_r_0"
    },
    {
      "predicate": {
        "custom_model_data": 10017
      },
      "model": "item/reus/wing_r_1"
    },
    {
      "predicate": {
        "custom_model_data": 10018
      },
      "model": "item/diablos/head_upper"
    },
    {
      "predicate": {
        "custom_model_data": 10019
      },
      "model": "item/diablos/head_lower"
    },
    {
      "predicate": {
        "custom_model_data": 10020
      },
      "model": "item/diablos/neck_0"
    },
    {
      "predicate": {
        "custom_model_data": 10021
      },
      "model": "item/diablos/neck_1"
    },
    {
      "predicate": {
        "custom_model_data": 10022
      },
      "model": "item/diablos/neck_2"
    },
    {
      "predicate": {
        "custom_model_data": 10023
      },
      "model": "item/diablos/body_0"
    },
    {
      "predicate": {
        "custom_model_data": 10024
      },
      "model": "item/diablos/body_1"
    },
    {
      "predicate": {
        "custom_model_data": 10025
      },
      "model": "item/diablos/leg_l_0"
    },
    {
      "predicate": {
        "custom_model_data": 10026
      },
      "model": "item/diablos/leg_l_1"
    },
    {
      "predicate": {
        "custom_model_data": 10027
      },
      "model": "item/diablos/leg_l_2"
    },
    {
      "predicate": {
        "custom_model_data": 10028
      },
      "model": "item/diablos/leg_r_0"
    },
    {
      "predicate": {
        "custom_model_data": 10029
      },
      "model": "item/diablos/leg_r_1"
    },
    {
      "predicate": {
        "custom_model_data": 10030
      },
      "model": "item/diablos/leg_r_2"
    },
    {
      "predicate": {
        "custom_model_data": 10031
      },
      "model": "item/diablos/tail_0"
    },
    {
      "predicate": {
        "custom_model_data": 10032
      },
      "model": "item/diablos/tail_1"
    },
    {
      "predicate": {
        "custom_model_data": 10033
      },
      "model": "item/diablos/tail_2"
    },
    {
      "predicate": {
        "custom_model_data": 10034
      },
      "model": "item/diablos/wing_l_0"
    },
    {
      "predicate": {
        "custom_model_data": 10035
      },
      "model": "item/diablos/wing_l_1"
    },
    {
      "predicate": {
        "custom_model_data": 10036
      },
      "model": "item/diablos/wing_r_0"
    },
    {
      "predicate": {
        "custom_model_data": 10037
      },
      "model": "item/diablos/wing_r_1"
    },
    {
      "predicate": {
        "custom_model_data": 10038
      },
      "model": "item/reus/head_upper_b"
    },
    {
      "predicate": {
        "custom_model_data": 10039
      },
      "model": "item/diablos/head_upper_b"
    },
    {
      "predicate": {
        "custom_model_data": 10040
      },
      "model": "item/zinorge/head_u"
    },
    {
      "predicate": {
        "custom_model_data": 10041
      },
      "model": "item/zinorge/head_l"
    },
    {
      "predicate": {
        "custom_model_data": 10042
      },
      "model": "item/zinorge/neck_0"
    },
    {
      "predicate": {
        "custom_model_data": 10043
      },
      "model": "item/zinorge/neck_1"
    },
    {
      "predicate": {
        "custom_model_data": 10044
      },
      "model": "item/zinorge/neck_2"
    },
    {
      "predicate": {
        "custom_model_data": 10045
      },
      "model": "item/zinorge/body_0"
    },
    {
      "predicate": {
        "custom_model_data": 10046
      },
      "model": "item/zinorge/body_1"
    },
    {
      "predicate": {
        "custom_model_data": 10047
      },
      "model": "item/zinorge/leg_l_0"
    },
    {
      "predicate": {
        "custom_model_data": 10048
      },
      "model": "item/zinorge/leg_r_0"
    },
    {
      "predicate": {
        "custom_model_data": 10049
      },
      "model": "item/zinorge/leg_l_1"
    },
    {
      "predicate": {
        "custom_model_data": 10050
      },
      "model": "item/zinorge/leg_r_1"
    },
    {
      "predicate": {
        "custom_model_data": 10051
      },
      "model": "item/zinorge/leg_l_2"
    },
    {
      "predicate": {
        "custom_model_data": 10052
      },
      "model": "item/zinorge/leg_r_2"
    },
    {
      "predicate": {
        "custom_model_data": 10053
      },
      "model": "item/zinorge/arm_l_0"
    },
    {
      "predicate": {
        "custom_model_data": 10054
      },
      "model": "item/zinorge/arm_r_0"
    },
    {
      "predicate": {
        "custom_model_data": 10055
      },
      "model": "item/zinorge/arm_l_1"
    },
    {
      "predicate": {
        "custom_model_data": 10056
      },
      "model": "item/zinorge/arm_r_1"
    },
    {
      "predicate": {
        "custom_model_data": 10057
      },
      "model": "item/zinorge/arm_l_2"
    },
    {
      "predicate": {
        "custom_model_data": 10058
      },
      "model": "item/zinorge/arm_r_2"
    },
    {
      "predicate": {
        "custom_model_data": 10059
      },
      "model": "item/zinorge/tail_0"
    },
    {
      "predicate": {
        "custom_model_data": 10060
      },
      "model": "item/zinorge/tail_1"
    },
    {
      "predicate": {
        "custom_model_data": 10061
      },
      "model": "item/zinorge/tail_2"
    },
    {
      "predicate": {
        "custom_model_data": 10062
      },
      "model": "item/zinorge/head_u_t"
    },
    {
      "predicate": {
        "custom_model_data": 10063
      },
      "model": "item/zinorge/head_l_t"
    },
    {
      "predicate": {
        "custom_model_data": 10064
      },
      "model": "item/zinorge/neck_0_t"
    },
    {
      "predicate": {
        "custom_model_data": 10065
      },
      "model": "item/zinorge/neck_1_t"
    },
    {
      "predicate": {
        "custom_model_data": 10066
      },
      "model": "item/zinorge/neck_2_t"
    },
    {
      "predicate": {
        "custom_model_data": 10067
      },
      "model": "item/zinorge/body_0_t"
    },
    {
      "predicate": {
        "custom_model_data": 10068
      },
      "model": "item/zinorge/body_1_t"
    },
    {
      "predicate": {
        "custom_model_data": 10069
      },
      "model": "item/zinorge/leg_l_0"
    },
    {
      "predicate": {
        "custom_model_data": 10070
      },
      "model": "item/zinorge/leg_r_0"
    },
    {
      "predicate": {
        "custom_model_data": 10071
      },
      "model": "item/zinorge/leg_l_1"
    },
    {
      "predicate": {
        "custom_model_data": 10072
      },
      "model": "item/zinorge/leg_r_1"
    },
    {
      "predicate": {
        "custom_model_data": 10073
      },
      "model": "item/zinorge/leg_l_2_t"
    },
    {
      "predicate": {
        "custom_model_data": 10074
      },
      "model": "item/zinorge/leg_r_2_t"
    },
    {
      "predicate": {
        "custom_model_data": 10075
      },
      "model": "item/zinorge/arm_l_0"
    },
    {
      "predicate": {
        "custom_model_data": 10076
      },
      "model": "item/zinorge/arm_r_0"
    },
    {
      "predicate": {
        "custom_model_data": 10077
      },
      "model": "item/zinorge/arm_l_1_t"
    },
    {
      "predicate": {
        "custom_model_data": 10078
      },
      "model": "item/zinorge/arm_r_1_t"
    },
    {
      "predicate": {
        "custom_model_data": 10079
      },
      "model": "item/zinorge/arm_l_2_t"
    },
    {
      "predicate": {
        "custom_model_data": 10080
      },
      "model": "item/zinorge/arm_r_2_t"
    },
    {
      "predicate": {
        "custom_model_data": 10081
      },
      "model": "item/zinorge/tail_0_t"
    },
    {
      "predicate": {
        "custom_model_data": 10082
      },
      "model": "item/zinorge/tail_1_t"
    },
    {
      "predicate": {
        "custom_model_data": 10083
      },
      "model": "item/zinorge/tail_2_t"
    },
    {
      "predicate": {
        "custom_model_data": 10084
      },
      "model": "item/diablos/air"
    },
    {
      "predicate": {
        "custom_model_data": 10085
      },
      "model": "item/diablos/shot"
    },
    {
      "predicate": {
        "custom_model_data": 10086
      },
      "model": "item/zinorge/head_u_b"
    },
    {
      "predicate": {
        "custom_model_data": 10087
      },
      "model": "item/reus/neck_1"
    },
    {
      "predicate": {
        "custom_model_data": 10088
      },
      "model": "item/reus/neck_2"
    },
    {
      "predicate": {
        "custom_model_data": 10098
      },
      "model": "item/reia/leg_r_0"
    },
    {
      "predicate": {
        "custom_model_data": 10099
      },
      "model": "item/reia/head_upper"
    },
    {
      "predicate": {
        "custom_model_data": 10100
      },
      "model": "item/reia/head_lower"
    },
    {
      "predicate": {
        "custom_model_data": 10101
      },
      "model": "item/reia/neck_0"
    },
    {
      "predicate": {
        "custom_model_data": 10102
      },
      "model": "item/reia/neck_1"
    },
    {
      "predicate": {
        "custom_model_data": 10103
      },
      "model": "item/reia/neck_2"
    },
    {
      "predicate": {
        "custom_model_data": 10104
      },
      "model": "item/reia/body_0"
    },
    {
      "predicate": {
        "custom_model_data": 10105
      },
      "model": "item/reia/body_1"
    },
    {
      "predicate": {
        "custom_model_data": 10106
      },
      "model": "item/reia/leg_l_0"
    },
    {
      "predicate": {
        "custom_model_data": 10107
      },
      "model": "item/reia/leg_l_1"
    },
    {
      "predicate": {
        "custom_model_data": 10108
      },
      "model": "item/reia/leg_r_1"
    },
    {
      "predicate": {
        "custom_model_data": 10109
      },
      "model": "item/reia/leg_l_2"
    },
    {
      "predicate": {
        "custom_model_data": 10110
      },
      "model": "item/reia/leg_r_2"
    },
    {
      "predicate": {
        "custom_model_data": 10111
      },
      "model": "item/reia/tail_0"
    },
    {
      "predicate": {
        "custom_model_data": 10112
      },
      "model": "item/reia/tail_1"
    },
    {
      "predicate": {
        "custom_model_data": 10113
      },
      "model": "item/reia/tail_2"
    },
    {
      "predicate": {
        "custom_model_data": 10114
      },
      "model": "item/reia/wing_l_0"
    },
    {
      "predicate": {
        "custom_model_data": 10115
      },
      "model": "item/reia/wing_r_0"
    },
    {
      "predicate": {
        "custom_model_data": 10116
      },
      "model": "item/reia/wing_l_1"
    },
    {
      "predicate": {
        "custom_model_data": 10117
      },
      "model": "item/reia/wing_r_1"
    },
    {
      "predicate": {
        "custom_model_data": 10118
      },
      "model": "item/reia/head_upper_b"
    },
    {
      "predicate": {
        "custom_model_data": 10119
      },
      "model": "item/reus/head_upper_break"
    },
    {
      "predicate": {
        "custom_model_data": 10120
      },
      "model": "item/reus/head_upper_break_b"
    },
    {
      "predicate": {
        "custom_model_data": 10121
      },
      "model": "item/reus/body_0_break"
    },
    {
      "predicate": {
        "custom_model_data": 10122
      },
      "model": "item/reus/body_1_break"
    },
    {
      "predicate": {
        "custom_model_data": 10123
      },
      "model": "item/reus/tail_1_break"
    },
    {
      "predicate": {
        "custom_model_data": 10124
      },
      "model": "item/narga/head_u"
    },
    {
      "predicate": {
        "custom_model_data": 10125
      },
      "model": "item/narga/head_l"
    },
    {
      "predicate": {
        "custom_model_data": 10126
      },
      "model": "item/narga/neck_0"
    },
    {
      "predicate": {
        "custom_model_data": 10127
      },
      "model": "item/narga/neck_1"
    },
    {
      "predicate": {
        "custom_model_data": 10128
      },
      "model": "item/narga/body_0"
    },
    {
      "predicate": {
        "custom_model_data": 10129
      },
      "model": "item/narga/body_1"
    },
    {
      "predicate": {
        "custom_model_data": 10130
      },
      "model": "item/narga/leg_l_0"
    },
    {
      "predicate": {
        "custom_model_data": 10131
      },
      "model": "item/narga/leg_r_0"
    },
    {
      "predicate": {
        "custom_model_data": 10132
      },
      "model": "item/narga/leg_l_1"
    },
    {
      "predicate": {
        "custom_model_data": 10133
      },
      "model": "item/narga/leg_r_1"
    },
    {
      "predicate": {
        "custom_model_data": 10134
      },
      "model": "item/narga/leg_l_2"
    },
    {
      "predicate": {
        "custom_model_data": 10135
      },
      "model": "item/narga/leg_r_2"
    },
    {
      "predicate": {
        "custom_model_data": 10136
      },
      "model": "item/narga/tail_0"
    },
    {
      "predicate": {
        "custom_model_data": 10137
      },
      "model": "item/narga/tail_1"
    },
    {
      "predicate": {
        "custom_model_data": 10138
      },
      "model": "item/narga/tail_2"
    },
    {
      "predicate": {
        "custom_model_data": 10139
      },
      "model": "item/narga/arm_l_0"
    },
    {
      "predicate": {
        "custom_model_data": 10140
      },
      "model": "item/narga/arm_r_0"
    },
    {
      "predicate": {
        "custom_model_data": 10141
      },
      "model": "item/narga/arm_l_1"
    },
    {
      "predicate": {
        "custom_model_data": 10142
      },
      "model": "item/narga/arm_r_1"
    },
    {
      "predicate": {
        "custom_model_data": 10143
      },
      "model": "item/narga/arm_l_2"
    },
    {
      "predicate": {
        "custom_model_data": 10144
      },
      "model": "item/narga/arm_r_2"
    },
    {
      "predicate": {
        "custom_model_data": 10145
      },
      "model": "item/narga/wing_l"
    },
    {
      "predicate": {
        "custom_model_data": 10146
      },
      "model": "item/narga/wing_r"
    },
    {
      "predicate": {
        "custom_model_data": 10147
      },
      "model": "item/narga/tail_0_anger"
    },
    {
      "predicate": {
        "custom_model_data": 10148
      },
      "model": "item/narga/tail_1_anger"
    },
    {
      "predicate": {
        "custom_model_data": 10149
      },
      "model": "item/narga/tail_shot"
    },
    {
      "predicate": {
        "custom_model_data": 10150
      },
      "model": "item/narga/head_u_anger"
    },
    {
      "predicate": {
        "custom_model_data": 10151
      },
      "model": "item/narga/tail_2_break"
    },
    {
      "predicate": {
        "custom_model_data": 10152
      },
      "model": "item/narga/head_u_damage"
    },
    {
      "predicate": {
        "custom_model_data": 10153
      },
      "model": "item/narga/head_u_anger_damage"
    },
    {
      "predicate": {
        "custom_model_data": 10154
      },
      "model": "item/narga/wing_l_damage"
    },
    {
      "predicate": {
        "custom_model_data": 10155
      },
      "model": "item/narga/wing_r_damage"
    },
    {
      "predicate": {
        "custom_model_data": 10156
      },
      "model": "item/reia/head_u_break"
    },
    {
      "predicate": {
        "custom_model_data": 10157
      },
      "model": "item/reia/head_u_break_b"
    },
    {
      "predicate": {
        "custom_model_data": 10158
      },
      "model": "item/reia/body_1_break"
    },
    {
      "predicate": {
        "custom_model_data": 10159
      },
      "model": "item/reia/tail_1_break"
    },
    {
      "predicate": {
        "custom_model_data": 10160
      },
      "model": "item/dyno/head_u"
    },
    {
      "predicate": {
        "custom_model_data": 10161
      },
      "model": "item/dyno/head_l"
    },
    {
      "predicate": {
        "custom_model_data": 10162
      },
      "model": "item/dyno/neck_0"
    },
    {
      "predicate": {
        "custom_model_data": 10163
      },
      "model": "item/dyno/neck_1"
    },
    {
      "predicate": {
        "custom_model_data": 10164
      },
      "model": "item/dyno/neck_2"
    },
    {
      "predicate": {
        "custom_model_data": 10165
      },
      "model": "item/dyno/body_0"
    },
    {
      "predicate": {
        "custom_model_data": 10166
      },
      "model": "item/dyno/body_1"
    },
    {
      "predicate": {
        "custom_model_data": 10167
      },
      "model": "item/dyno/leg_l_0"
    },
    {
      "predicate": {
        "custom_model_data": 10168
      },
      "model": "item/dyno/leg_r_0"
    },
    {
      "predicate": {
        "custom_model_data": 10169
      },
      "model": "item/dyno/leg_l_1"
    },
    {
      "predicate": {
        "custom_model_data": 10170
      },
      "model": "item/dyno/leg_r_1"
    },
    {
      "predicate": {
        "custom_model_data": 10171
      },
      "model": "item/dyno/leg_l_2"
    },
    {
      "predicate": {
        "custom_model_data": 10172
      },
      "model": "item/dyno/leg_r_2"
    },
    {
      "predicate": {
        "custom_model_data": 10173
      },
      "model": "item/dyno/tail_0"
    },
    {
      "predicate": {
        "custom_model_data": 10174
      },
      "model": "item/dyno/tail_1"
    },
    {
      "predicate": {
        "custom_model_data": 10175
      },
      "model": "item/dyno/tail_2"
    },
    {
      "predicate": {
        "custom_model_data": 10176
      },
      "model": "item/dyno/tail_3"
    },
    {
      "predicate": {
        "custom_model_data": 10177
      },
      "model": "item/dyno/arm_l_0"
    },
    {
      "predicate": {
        "custom_model_data": 10178
      },
      "model": "item/dyno/arm_r_0"
    },
    {
      "predicate": {
        "custom_model_data": 10179
      },
      "model": "item/dyno/arm_l_1"
    },
    {
      "predicate": {
        "custom_model_data": 10180
      },
      "model": "item/dyno/arm_r_1"
    },
    {
      "predicate": {
        "custom_model_data": 10181
      },
      "model": "item/dyno/head_u_heat"
    },
    {
      "predicate": {
        "custom_model_data": 10182
      },
      "model": "item/dyno/head_l_heat"
    },
    {
      "predicate": {
        "custom_model_data": 10183
      },
      "model": "item/dyno/neck_0_heat"
    },
    {
      "predicate": {
        "custom_model_data": 10184
      },
      "model": "item/dyno/neck_1_heat"
    },
    {
      "predicate": {
        "custom_model_data": 10185
      },
      "model": "item/dyno/tail_2_heat"
    },
    {
      "predicate": {
        "custom_model_data": 10186
      },
      "model": "item/dyno/tail_3_heat"
    },
    {
      "predicate": {
        "custom_model_data": 10187
      },
      "model": "item/dyno/tail_3_soot"
    },
    {
      "predicate": {
        "custom_model_data": 10188
      },
      "model": "item/dyno/head_u_break"
    },
    {
      "predicate": {
        "custom_model_data": 10189
      },
      "model": "item/dyno/head_u_heat_break"
    },
    {
      "predicate": {
        "custom_model_data": 10190
      },
      "model": "item/dyno/head_u_b"
    },
    {
      "predicate": {
        "custom_model_data": 10191
      },
      "model": "item/dyno/head_u_b_break"
    },
    {
      "predicate": {
        "custom_model_data": 10192
      },
      "model": "item/dyno/leg_l_2_break"
    },
    {
      "predicate": {
        "custom_model_data": 10193
      },
      "model": "item/dyno/leg_r_2_break"
    },
    {
      "predicate": {
        "custom_model_data": 10194
      },
      "model": "item/dyno/tail_3_break"
    },
    {
      "predicate": {
        "custom_model_data": 10195
      },
      "model": "item/brachy/normal/head_u"
    },
    {
      "predicate": {
        "custom_model_data": 10196
      },
      "model": "item/brachy/normal/head_l"
    },
    {
      "predicate": {
        "custom_model_data": 10197
      },
      "model": "item/brachy/normal/neck_0"
    },
    {
      "predicate": {
        "custom_model_data": 10198
      },
      "model": "item/brachy/normal/neck_1"
    },
    {
      "predicate": {
        "custom_model_data": 10199
      },
      "model": "item/brachy/normal/neck_2"
    },
    {
      "predicate": {
        "custom_model_data": 10200
      },
      "model": "item/brachy/normal/body_0"
    },
    {
      "predicate": {
        "custom_model_data": 10201
      },
      "model": "item/brachy/normal/body_1"
    },
    {
      "predicate": {
        "custom_model_data": 10202
      },
      "model": "item/brachy/normal/leg_l_0"
    },
    {
      "predicate": {
        "custom_model_data": 10203
      },
      "model": "item/brachy/normal/leg_r_0"
    },
    {
      "predicate": {
        "custom_model_data": 10204
      },
      "model": "item/brachy/normal/leg_l_1"
    },
    {
      "predicate": {
        "custom_model_data": 10205
      },
      "model": "item/brachy/normal/leg_r_1"
    },
    {
      "predicate": {
        "custom_model_data": 10206
      },
      "model": "item/brachy/normal/leg_l_2"
    },
    {
      "predicate": {
        "custom_model_data": 10207
      },
      "model": "item/brachy/normal/leg_r_2"
    },
    {
      "predicate": {
        "custom_model_data": 10208
      },
      "model": "item/brachy/normal/tail_0"
    },
    {
      "predicate": {
        "custom_model_data": 10209
      },
      "model": "item/brachy/normal/tail_1"
    },
    {
      "predicate": {
        "custom_model_data": 10210
      },
      "model": "item/brachy/normal/tail_2"
    },
    {
      "predicate": {
        "custom_model_data": 10211
      },
      "model": "item/brachy/normal/tail_3"
    },
    {
      "predicate": {
        "custom_model_data": 10212
      },
      "model": "item/brachy/normal/arm_l_0"
    },
    {
      "predicate": {
        "custom_model_data": 10213
      },
      "model": "item/brachy/normal/arm_r_0"
    },
    {
      "predicate": {
        "custom_model_data": 10214
      },
      "model": "item/brachy/normal/arm_l_1"
    },
    {
      "predicate": {
        "custom_model_data": 10215
      },
      "model": "item/brachy/normal/arm_r_1"
    },
    {
      "predicate": {
        "custom_model_data": 10216
      },
      "model": "item/brachy/raging_1/raging_head_u"
    },
    {
      "predicate": {
        "custom_model_data": 10217
      },
      "model": "item/brachy/raging_1/raging_head_l"
    },
    {
      "predicate": {
        "custom_model_data": 10218
      },
      "model": "item/brachy/raging_1/raging_neck_0"
    },
    {
      "predicate": {
        "custom_model_data": 10219
      },
      "model": "item/brachy/raging_1/raging_neck_1"
    },
    {
      "predicate": {
        "custom_model_data": 10220
      },
      "model": "item/brachy/raging_1/raging_neck_2"
    },
    {
      "predicate": {
        "custom_model_data": 10221
      },
      "model": "item/brachy/raging_1/raging_body_0"
    },
    {
      "predicate": {
        "custom_model_data": 10222
      },
      "model": "item/brachy/raging_1/raging_body_1"
    },
    {
      "predicate": {
        "custom_model_data": 10223
      },
      "model": "item/brachy/raging_1/raging_leg_l_0"
    },
    {
      "predicate": {
        "custom_model_data": 10224
      },
      "model": "item/brachy/raging_1/raging_leg_r_0"
    },
    {
      "predicate": {
        "custom_model_data": 10225
      },
      "model": "item/brachy/raging_1/raging_leg_l_1"
    },
    {
      "predicate": {
        "custom_model_data": 10226
      },
      "model": "item/brachy/raging_1/raging_leg_r_1"
    },
    {
      "predicate": {
        "custom_model_data": 10227
      },
      "model": "item/brachy/raging_1/raging_leg_l_2"
    },
    {
      "predicate": {
        "custom_model_data": 10228
      },
      "model": "item/brachy/raging_1/raging_leg_r_2"
    },
    {
      "predicate": {
        "custom_model_data": 10229
      },
      "model": "item/brachy/raging_1/raging_tail_0"
    },
    {
      "predicate": {
        "custom_model_data": 10230
      },
      "model": "item/brachy/raging_1/raging_tail_1"
    },
    {
      "predicate": {
        "custom_model_data": 10231
      },
      "model": "item/brachy/raging_1/raging_tail_2"
    },
    {
      "predicate": {
        "custom_model_data": 10232
      },
      "model": "item/brachy/raging_1/raging_tail_3"
    },
    {
      "predicate": {
        "custom_model_data": 10233
      },
      "model": "item/brachy/raging_1/raging_arm_l_0"
    },
    {
      "predicate": {
        "custom_model_data": 10234
      },
      "model": "item/brachy/raging_1/raging_arm_r_0"
    },
    {
      "predicate": {
        "custom_model_data": 10235
      },
      "model": "item/brachy/raging_1/raging_arm_l_1"
    },
    {
      "predicate": {
        "custom_model_data": 10236
      },
      "model": "item/brachy/raging_1/raging_arm_r_1"
    },
    {
      "predicate": {
        "custom_model_data": 10237
      },
      "model": "item/brachy/bomb_0"
    },
    {
      "predicate": {
        "custom_model_data": 10238
      },
      "model": "item/brachy/bomb_1"
    },
    {
      "predicate": {
        "custom_model_data": 10239
      },
      "model": "item/brachy/bomb_2"
    },
    {
      "predicate": {
        "custom_model_data": 10240
      },
      "model": "item/brachy/normal/head_u_anger"
    },
    {
      "predicate": {
        "custom_model_data": 10241
      },
      "model": "item/brachy/normal/arm_l_1_anger"
    },
    {
      "predicate": {
        "custom_model_data": 10242
      },
      "model": "item/brachy/normal/arm_r_1_anger"
    },
    {
      "predicate": {
        "custom_model_data": 10243
      },
      "model": "item/brachy/bomb_l_0"
    },
    {
      "predicate": {
        "custom_model_data": 10244
      },
      "model": "item/brachy/bomb_l_1"
    },
    {
      "predicate": {
        "custom_model_data": 10245
      },
      "model": "item/brachy/bomb_l_2"
    },
    {
      "predicate": {
        "custom_model_data": 10246
      },
      "model": "item/brachy/normal/head_u_break"
    },
    {
      "predicate": {
        "custom_model_data": 10247
      },
      "model": "item/brachy/normal/head_u_anger_break"
    },
    {
      "predicate": {
        "custom_model_data": 10248
      },
      "model": "item/brachy/normal/head_u_b"
    },
    {
      "predicate": {
        "custom_model_data": 10249
      },
      "model": "item/brachy/normal/head_u_b_break"
    },
    {
      "predicate": {
        "custom_model_data": 10250
      },
      "model": "item/brachy/normal/arm_l_1_break"
    },
    {
      "predicate": {
        "custom_model_data": 10251
      },
      "model": "item/brachy/normal/arm_r_1_break"
    },
    {
      "predicate": {
        "custom_model_data": 10252
      },
      "model": "item/brachy/normal/arm_l_1_anger_break"
    },
    {
      "predicate": {
        "custom_model_data": 10253
      },
      "model": "item/brachy/normal/arm_r_1_anger_break"
    },
    {
      "predicate": {
        "custom_model_data": 10254
      },
      "model": "item/brachy/normal/tail_2_break"
    },
    {
      "predicate": {
        "custom_model_data": 10255
      },
      "model": "item/brachy/raging_1/raging_head_u_r"
    },
    {
      "predicate": {
        "custom_model_data": 10256
      },
      "model": "item/brachy/raging_1/raging_arm_l_1_r"
    },
    {
      "predicate": {
        "custom_model_data": 10257
      },
      "model": "item/brachy/raging_1/raging_arm_r_1_r"
    },
    {
      "predicate": {
        "custom_model_data": 10258
      },
      "model": "item/brachy/raging_1/raging_tail_3_r"
    },
    {
      "predicate": {
        "custom_model_data": 10259
      },
      "model": "item/brachy/raging_1/raging_head_u_break"
    },
    {
      "predicate": {
        "custom_model_data": 10260
      },
      "model": "item/brachy/raging_1/raging_head_u_r_break"
    },
    {
      "predicate": {
        "custom_model_data": 10261
      },
      "model": "item/brachy/raging_1/raging_arm_l_1_break"
    },
    {
      "predicate": {
        "custom_model_data": 10262
      },
      "model": "item/brachy/raging_1/raging_arm_r_1_break"
    },
    {
      "predicate": {
        "custom_model_data": 10263
      },
      "model": "item/brachy/raging_1/raging_arm_l_1_r_break"
    },
    {
      "predicate": {
        "custom_model_data": 10264
      },
      "model": "item/brachy/raging_1/raging_arm_r_1_r_break"
    },
    {
      "predicate": {
        "custom_model_data": 10265
      },
      "model": "item/brachy/raging_1/raging_tail_2_break"
    },
    {
      "predicate": {
        "custom_model_data": 10266
      },
      "model": "item/brachy/raging_2/raging2_head_u"
    },
    {
      "predicate": {
        "custom_model_data": 10267
      },
      "model": "item/brachy/raging_2/raging2_head_l"
    },
    {
      "predicate": {
        "custom_model_data": 10268
      },
      "model": "item/brachy/raging_2/raging2_neck_0"
    },
    {
      "predicate": {
        "custom_model_data": 10269
      },
      "model": "item/brachy/raging_2/raging2_neck_1"
    },
    {
      "predicate": {
        "custom_model_data": 10270
      },
      "model": "item/brachy/raging_2/raging2_neck_2"
    },
    {
      "predicate": {
        "custom_model_data": 10271
      },
      "model": "item/brachy/raging_2/raging2_body_0"
    },
    {
      "predicate": {
        "custom_model_data": 10272
      },
      "model": "item/brachy/raging_2/raging2_body_1"
    },
    {
      "predicate": {
        "custom_model_data": 10273
      },
      "model": "item/brachy/raging_2/raging2_leg_l_0"
    },
    {
      "predicate": {
        "custom_model_data": 10274
      },
      "model": "item/brachy/raging_2/raging2_leg_r_0"
    },
    {
      "predicate": {
        "custom_model_data": 10275
      },
      "model": "item/brachy/raging_2/raging2_leg_l_1"
    },
    {
      "predicate": {
        "custom_model_data": 10276
      },
      "model": "item/brachy/raging_2/raging2_leg_r_1"
    },
    {
      "predicate": {
        "custom_model_data": 10277
      },
      "model": "item/brachy/raging_2/raging2_leg_l_2"
    },
    {
      "predicate": {
        "custom_model_data": 10278
      },
      "model": "item/brachy/raging_2/raging2_leg_r_2"
    },
    {
      "predicate": {
        "custom_model_data": 10279
      },
      "model": "item/brachy/raging_2/raging2_tail_0"
    },
    {
      "predicate": {
        "custom_model_data": 10280
      },
      "model": "item/brachy/raging_2/raging2_tail_1"
    },
    {
      "predicate": {
        "custom_model_data": 10281
      },
      "model": "item/brachy/raging_2/raging2_tail_2"
    },
    {
      "predicate": {
        "custom_model_data": 10282
      },
      "model": "item/brachy/raging_2/raging2_tail_3"
    },
    {
      "predicate": {
        "custom_model_data": 10283
      },
      "model": "item/brachy/raging_2/raging2_arm_l_0"
    },
    {
      "predicate": {
        "custom_model_data": 10284
      },
      "model": "item/brachy/raging_2/raging2_arm_r_0"
    },
    {
      "predicate": {
        "custom_model_data": 10285
      },
      "model": "item/brachy/raging_2/raging2_arm_l_1"
    },
    {
      "predicate": {
        "custom_model_data": 10286
      },
      "model": "item/brachy/raging_2/raging2_arm_r_1"
    },
    {
      "predicate": {
        "custom_model_data": 10287
      },
      "model": "item/brachy/raging_2/raging2_head_u_break"
    },
    {
      "predicate": {
        "custom_model_data": 10288
      },
      "model": "item/brachy/raging_2/raging2_arm_l_1_break"
    },
    {
      "predicate": {
        "custom_model_data": 10289
      },
      "model": "item/brachy/raging_2/raging2_arm_r_1_break"
    },
    {
      "predicate": {
        "custom_model_data": 10290
      },
      "model": "item/brachy/raging_2/raging2_tail_2_break"
    },
    {
      "predicate": {
        "custom_model_data": 10291
      },
      "model": "item/brachy/bomb_red"
    },
    {
      "predicate": {
        "custom_model_data": 10292
      },
      "model": "item/diablos/head_upper_break"
    },
    {
      "predicate": {
        "custom_model_data": 10293
      },
      "model": "item/diablos/body_0_break"
    },
    {
      "predicate": {
        "custom_model_data": 10294
      },
      "model": "item/diablos/tail_1_break"
    },
    {
      "predicate": {
        "custom_model_data": 10295
      },
      "model": "item/diablos/head_upper_b_break"
    },
    {
      "predicate": {
        "custom_model_data": 10296
      },
      "model": "item/zinorge/head_u_break"
    },
    {
      "predicate": {
        "custom_model_data": 10297
      },
      "model": "item/zinorge/head_u_t_break"
    },
    {
      "predicate": {
        "custom_model_data": 10298
      },
      "model": "item/zinorge/head_u_b_break"
    },
    {
      "predicate": {
        "custom_model_data": 10299
      },
      "model": "item/zinorge/arm_l_1_break"
    },
    {
      "predicate": {
        "custom_model_data": 10300
      },
      "model": "item/zinorge/arm_l_2_break"
    },
    {
      "predicate": {
        "custom_model_data": 10301
      },
      "model": "item/zinorge/arm_l_1_t_break"
    },
    {
      "predicate": {
        "custom_model_data": 10302
      },
      "model": "item/zinorge/arm_l_2_t_break"
    },
    {
      "predicate": {
        "custom_model_data": 10303
      },
      "model": "item/zinorge/arm_r_1_break"
    },
    {
      "predicate": {
        "custom_model_data": 10304
      },
      "model": "item/zinorge/arm_r_2_break"
    },
    {
      "predicate": {
        "custom_model_data": 10305
      },
      "model": "item/zinorge/arm_r_1_t_break"
    },
    {
      "predicate": {
        "custom_model_data": 10306
      },
      "model": "item/zinorge/arm_r_2_t_break"
    },
    {
      "predicate": {
        "custom_model_data": 10306
      },
      "model": "item/zinorge/arm_r_2_t_break"
    },
    {
      "predicate": {
        "custom_model_data": 10307
      },
      "model": "item/zinorge/tail_1_break"
    },
    {
      "predicate": {
        "custom_model_data": 10308
      },
      "model": "item/zinorge/tail_1_t_break"
    },
    {
      "predicate": {
        "custom_model_data": 10309
      },
      "model": "item/tiga/head_u"
    },
    {
      "predicate": {
        "custom_model_data": 10310
      },
      "model": "item/tiga/head_l"
    },
    {
      "predicate": {
        "custom_model_data": 10311
      },
      "model": "item/tiga/neck_0"
    },
    {
      "predicate": {
        "custom_model_data": 10312
      },
      "model": "item/tiga/neck_1"
    },
    {
      "predicate": {
        "custom_model_data": 10313
      },
      "model": "item/tiga/body_0"
    },
    {
      "predicate": {
        "custom_model_data": 10314
      },
      "model": "item/tiga/body_1"
    },
    {
      "predicate": {
        "custom_model_data": 10315
      },
      "model": "item/tiga/leg_l_0"
    },
    {
      "predicate": {
        "custom_model_data": 10316
      },
      "model": "item/tiga/leg_r_0"
    },
    {
      "predicate": {
        "custom_model_data": 10317
      },
      "model": "item/tiga/leg_l_1"
    },
    {
      "predicate": {
        "custom_model_data": 10318
      },
      "model": "item/tiga/leg_r_1"
    },
    {
      "predicate": {
        "custom_model_data": 10319
      },
      "model": "item/tiga/leg_l_2"
    },
    {
      "predicate": {
        "custom_model_data": 10320
      },
      "model": "item/tiga/leg_r_2"
    },
    {
      "predicate": {
        "custom_model_data": 10321
      },
      "model": "item/tiga/tail_0"
    },
    {
      "predicate": {
        "custom_model_data": 10322
      },
      "model": "item/tiga/tail_1"
    },
    {
      "predicate": {
        "custom_model_data": 10323
      },
      "model": "item/tiga/tail_2"
    },
    {
      "predicate": {
        "custom_model_data": 10324
      },
      "model": "item/tiga/arm_l_0"
    },
    {
      "predicate": {
        "custom_model_data": 10325
      },
      "model": "item/tiga/arm_r_0"
    },
    {
      "predicate": {
        "custom_model_data": 10326
      },
      "model": "item/tiga/arm_l_1"
    },
    {
      "predicate": {
        "custom_model_data": 10327
      },
      "model": "item/tiga/arm_r_1"
    },
    {
      "predicate": {
        "custom_model_data": 10328
      },
      "model": "item/tiga/arm_l_2"
    },
    {
      "predicate": {
        "custom_model_data": 10329
      },
      "model": "item/tiga/arm_r_2"
    },
    {
      "predicate": {
        "custom_model_data": 10330
      },
      "model": "item/tiga/head_u_anger"
    },
    {
      "predicate": {
        "custom_model_data": 10331
      },
      "model": "item/tiga/arm_l_1_anger"
    },
    {
      "predicate": {
        "custom_model_data": 10332
      },
      "model": "item/tiga/arm_r_1_anger"
    },
    {
      "predicate": {
        "custom_model_data": 10333
      },
      "model": "item/tiga/arm_l_2_anger"
    },
    {
      "predicate": {
        "custom_model_data": 10334
      },
      "model": "item/tiga/arm_r_2_anger"
    },
    {
      "predicate": {
        "custom_model_data": 10335
      },
      "model": "item/tiga/head_u_break"
    },
    {
      "predicate": {
        "custom_model_data": 10336
      },
      "model": "item/tiga/head_u_anger_break"
    },
    {
      "predicate": {
        "custom_model_data": 10337
      },
      "model": "item/tiga/arm_l_1_break"
    },
    {
      "predicate": {
        "custom_model_data": 10338
      },
      "model": "item/tiga/arm_r_1_break"
    },
    {
      "predicate": {
        "custom_model_data": 10339
      },
      "model": "item/tiga/arm_l_2_break"
    },
    {
      "predicate": {
        "custom_model_data": 10340
      },
      "model": "item/tiga/arm_r_2_break"
    },
    {
      "predicate": {
        "custom_model_data": 10341
      },
      "model": "item/tiga/arm_l_1_anger_break"
    },
    {
      "predicate": {
        "custom_model_data": 10342
      },
      "model": "item/tiga/arm_r_1_anger_break"
    },
    {
      "predicate": {
        "custom_model_data": 10343
      },
      "model": "item/tiga/arm_l_2_anger_break"
    },
    {
      "predicate": {
        "custom_model_data": 10344
      },
      "model": "item/tiga/arm_r_2_anger_break"
    },
    {
      "predicate": {
        "custom_model_data": 10345
      },
      "model": "item/tiga/tail_1_break"
    },
    {
      "predicate": {
        "custom_model_data": 10346
      },
      "model": "item/tiga/head_u_b"
    },
    {
      "predicate": {
        "custom_model_data": 10347
      },
      "model": "item/tiga/head_u_break_b"
    },
    {
      "predicate": {
        "custom_model_data": 10348
      },
      "model": "item/tiga/head_u_anger_b"
    },
    {
      "predicate": {
        "custom_model_data": 10349
      },
      "model": "item/tiga/head_u_anger_break_b"
    },
    {
      "predicate": {
        "custom_model_data": 19999
      },
      "model": "item/icon/icon"
    },
    {
      "predicate": {
        "custom_model_data": 20000
      },
      "model": "item/icon/dia"
    },
    {
      "predicate": {
        "custom_model_data": 20001
      },
      "model": "item/icon/ogre"
    },
    {
      "predicate": {
        "custom_model_data": 20002
      },
      "model": "item/icon/reus"
    },
    {
      "predicate": {
        "custom_model_data": 20003
      },
      "model": "item/icon/reia"
    },
    {
      "predicate": {
        "custom_model_data": 20004
      },
      "model": "item/icon/narga"
    },
    {
      "predicate": {
        "custom_model_data": 20005
      },
      "model": "item/icon/dyno"
    },
    {
      "predicate": {
        "custom_model_data": 20006
      },
      "model": "item/icon/brachy"
    },
    {
      "predicate": {
        "custom_model_data": 20007
      },
      "model": "item/icon/raging"
    },
    {
      "predicate": {
        "custom_model_data": 20008
      },
      "model": "item/icon/tiga"
    }
  ]
}