{
	"credit": "Made with Blockbench",
	"texture_size": [32, 32],
	"textures": {
		"0": "reus/head",
		"particle": "reus/head"
	},
	"elements": [
		{
			"from": [5.72393, 4.85733, 6.1911],
			"to": [10.27393, 6.67733, 8.9211],
			"rotation": {"angle": 0, "axis": "y", "origin": [7.99893, 7.87407, 7.83827]},
			"faces": {
				"north": {"uv": [3.5, 4.5, 5, 5], "texture": "#0"},
				"east": {"uv": [4.5, 0, 6, 0.5], "texture": "#0"},
				"south": {"uv": [4.5, 0.5, 6, 1], "texture": "#0"},
				"west": {"uv": [4.5, 1.5, 6, 2], "texture": "#0"},
				"up": {"uv": [1.5, 1.5, 0, 0], "texture": "#0"},
				"down": {"uv": [1.5, 1.5, 0, 3], "texture": "#0"}
			}
		},
		{
			"from": [6.36093, 4.85733, 4.3711],
			"to": [9.63693, 6.67733, 6.1911],
			"rotation": {"angle": 0, "axis": "y", "origin": [7.99893, 7.87407, 7.83827]},
			"faces": {
				"north": {"uv": [5, 1, 6, 1.5], "texture": "#0"},
				"east": {"uv": [5, 2.5, 6, 3], "texture": "#0"},
				"south": {"uv": [5, 3, 6, 3.5], "texture": "#0"},
				"west": {"uv": [5, 4.5, 6, 5], "texture": "#0"},
				"up": {"uv": [4.5, 4.5, 3.5, 3.5], "texture": "#0"},
				"down": {"uv": [4.5, 0, 3.5, 1], "texture": "#0"}
			}
		},
		{
			"from": [6.63393, 5.31233, 2.5511],
			"to": [9.36393, 6.67733, 4.3711],
			"rotation": {"angle": 0, "axis": "y", "origin": [7.99893, 7.87407, 7.83827]},
			"faces": {
				"north": {"uv": [0, 5.5, 1, 6], "texture": "#0"},
				"east": {"uv": [10, 4.5, 10.5, 5], "texture": "#0"},
				"south": {"uv": [1, 5.5, 2, 6], "texture": "#0"},
				"west": {"uv": [10, 5, 10.5, 5.5], "texture": "#0"},
				"up": {"uv": [3, 6, 2, 5.5], "texture": "#0"},
				"down": {"uv": [4, 5.5, 3, 6], "texture": "#0"}
			}
		},
		{
			"from": [7.54393, 3.11452, 3.53479],
			"to": [8.45393, 4.47952, 4.89979],
			"rotation": {"angle": 22.5, "axis": "x", "origin": [7.99893, 7.87407, 7.83827]},
			"faces": {
				"north": {"uv": [10, 5.5, 10.5, 6], "texture": "#0"},
				"east": {"uv": [10, 6, 10.5, 6.5], "texture": "#0"},
				"south": {"uv": [10, 6.5, 10.5, 7], "texture": "#0"},
				"west": {"uv": [10, 7, 10.5, 7.5], "texture": "#0"},
				"up": {"uv": [10.5, 8, 10, 7.5], "texture": "#0"},
				"down": {"uv": [10.5, 8, 10, 8.5], "texture": "#0"}
			}
		},
		{
			"from": [7.72593, 1.22882, 5.76813],
			"to": [8.27193, 2.13882, 6.22313],
			"rotation": {"angle": 45, "axis": "x", "origin": [7.99893, 7.87407, 7.83827]},
			"faces": {
				"north": {"uv": [10, 8.5, 10.5, 9], "texture": "#0"},
				"east": {"uv": [10, 9, 10.5, 9.5], "texture": "#0"},
				"south": {"uv": [10, 9.5, 10.5, 10], "texture": "#0"},
				"west": {"uv": [0, 10.5, 0.5, 11], "texture": "#0"},
				"up": {"uv": [1, 11, 0.5, 10.5], "texture": "#0"},
				"down": {"uv": [1.5, 10.5, 1, 11], "texture": "#0"}
			}
		},
		{
			"from": [6.08793, 6.07248, 6.52567],
			"to": [6.17893, 8.43848, 9.80067],
			"rotation": {"angle": 0, "axis": "y", "origin": [7.99893, 7.87407, 7.83827]},
			"faces": {
				"north": {"uv": [8.5, 1.5, 9, 2], "texture": "#0"},
				"east": {"uv": [8.5, 2, 9, 2.5], "texture": "#0"},
				"south": {"uv": [8.5, 2.5, 9, 3], "texture": "#0"},
				"west": {"uv": [8.5, 3, 9, 3.5], "texture": "#0"},
				"up": {"uv": [9, 4, 8.5, 3.5], "texture": "#0"},
				"down": {"uv": [9, 4, 8.5, 4.5], "texture": "#0"}
			}
		},
		{
			"from": [9.81893, 6.07248, 6.52567],
			"to": [9.90993, 8.43848, 9.80067],
			"rotation": {"angle": 0, "axis": "y", "origin": [7.99893, 7.87407, 7.83827]},
			"faces": {
				"north": {"uv": [9, 1.5, 8.5, 2], "texture": "#0"},
				"east": {"uv": [9, 3, 8.5, 3.5], "texture": "#0"},
				"south": {"uv": [9, 2.5, 8.5, 3], "texture": "#0"},
				"west": {"uv": [9, 2, 8.5, 2.5], "texture": "#0"},
				"up": {"uv": [8.5, 4, 9, 3.5], "texture": "#0"},
				"down": {"uv": [8.5, 4, 9, 4.5], "texture": "#0"}
			}
		},
		{
			"from": [7.08893, 6.51096, 6.82348],
			"to": [8.90893, 7.14796, 10.37348],
			"rotation": {"angle": 0, "axis": "y", "origin": [7.99893, 7.87407, 7.83827]},
			"faces": {
				"north": {"uv": [1, 1.5, 0.25, 0], "texture": "#0"},
				"east": {"uv": [1, 1.5, 0.25, 0], "texture": "#0"},
				"south": {"uv": [1, 1.5, 0.25, 0], "texture": "#0"},
				"west": {"uv": [1, 1.5, 0.25, 0], "texture": "#0"},
				"up": {"uv": [1, 1.5, 0.25, 0], "texture": "#0"},
				"down": {"uv": [1, 1.5, 0.25, 0], "texture": "#0"}
			}
		},
		{
			"from": [7.27093, 6.2133, 6.04731],
			"to": [8.72693, 6.8503, 7.41231],
			"rotation": {"angle": 22.5, "axis": "x", "origin": [7.99893, 7.87407, 7.83827]},
			"faces": {
				"north": {"uv": [1, 1.5, 0.25, 0], "texture": "#0"},
				"east": {"uv": [1, 1.5, 0.25, 0], "texture": "#0"},
				"south": {"uv": [1, 1.5, 0.25, 0], "texture": "#0"},
				"west": {"uv": [1, 1.5, 0.25, 0], "texture": "#0"},
				"up": {"uv": [1, 1.5, 0.25, 0], "texture": "#0"},
				"down": {"uv": [1, 1.5, 0.25, 0], "texture": "#0"}
			}
		},
		{
			"from": [7.54393, 6.2133, 5.31931],
			"to": [8.45393, 6.8503, 6.04731],
			"rotation": {"angle": 22.5, "axis": "x", "origin": [7.99893, 7.87407, 7.83827]},
			"faces": {
				"north": {"uv": [1, 1.5, 0.25, 0], "texture": "#0"},
				"east": {"uv": [1, 1.5, 0.25, 0], "texture": "#0"},
				"south": {"uv": [1, 1.5, 0.25, 0], "texture": "#0"},
				"west": {"uv": [1, 1.5, 0.25, 0], "texture": "#0"},
				"up": {"uv": [1, 1.5, 0.25, 0], "texture": "#0"},
				"down": {"uv": [1, 1.5, 0.25, 0], "texture": "#0"}
			}
		},
		{
			"from": [7.08893, 6.59114, 3.35936],
			"to": [8.90893, 6.95514, 4.72436],
			"rotation": {"angle": 0, "axis": "y", "origin": [7.99893, 7.87407, 7.83827]},
			"faces": {
				"north": {"uv": [0.25, 11.75, 2.5, 12], "texture": "#0"},
				"east": {"uv": [0, 11.75, 1.25, 12], "texture": "#0"},
				"west": {"uv": [0, 11.75, 1.25, 12], "texture": "#0"}
			}
		},
		{
			"from": [8.90893, 6.59114, 3.35936],
			"to": [7.08893, 6.95514, 4.72436],
			"rotation": {"angle": 0, "axis": "y", "origin": [7.99893, 7.87407, 7.83827]},
			"faces": {
				"north": {"uv": [0.25, 11.75, 2.5, 12], "texture": "#0"},
				"east": {"uv": [0, 11.75, 1.25, 12], "texture": "#0"},
				"west": {"uv": [0, 11.75, 1.25, 12], "texture": "#0"}
			}
		},
		{
			"from": [6.90693, 6.59114, 4.99736],
			"to": [9.09093, 6.95514, 7.18136],
			"rotation": {"angle": 0, "axis": "y", "origin": [7.99893, 7.87407, 7.83827]},
			"faces": {
				"east": {"uv": [0, 11.75, 1.75, 12], "texture": "#0"},
				"west": {"uv": [0, 11.75, 1.75, 12], "texture": "#0"}
			}
		},
		{
			"from": [9.09093, 6.59114, 4.99736],
			"to": [6.90693, 6.95514, 7.18136],
			"rotation": {"angle": 0, "axis": "y", "origin": [7.99893, 7.87407, 7.83827]},
			"faces": {
				"east": {"uv": [0, 11.75, 1.75, 12], "texture": "#0"},
				"west": {"uv": [0, 11.75, 1.75, 12], "texture": "#0"}
			}
		},
		{
			"from": [6.45193, 6.59114, 7.45436],
			"to": [9.54593, 6.95514, 9.63836],
			"rotation": {"angle": 0, "axis": "y", "origin": [7.99893, 7.87407, 7.83827]},
			"faces": {
				"east": {"uv": [0, 11.75, 1.75, 12], "texture": "#0"},
				"west": {"uv": [0, 11.75, 1.75, 12], "texture": "#0"}
			}
		},
		{
			"from": [9.54593, 6.59114, 7.45436],
			"to": [6.45193, 6.95514, 9.63836],
			"rotation": {"angle": 0, "axis": "y", "origin": [7.99893, 7.87407, 7.83827]},
			"faces": {
				"east": {"uv": [0, 11.75, 1.75, 12], "texture": "#0"},
				"west": {"uv": [0, 11.75, 1.75, 12], "texture": "#0"}
			}
		}
	],
	"display": {
		"head": {
			"translation": [0, -5, 1.5],
			"scale": [4, 4, 4]
		}
	},
	"groups": [
		{
			"name": "root",
			"origin": [8, 8, 8],
			"color": 0,
			"children": [
				{
					"name": "head",
					"origin": [8, 8, 8],
					"color": 0,
					"children": [
						{
							"name": "lower",
							"origin": [8, 8, 8],
							"color": 0,
							"children": [
								0,
								1,
								2,
								3,
								4,
								5,
								6,
								7,
								8,
								9,
								{
									"name": "tooth",
									"origin": [9.5, 9.1, -12.25],
									"color": 0,
									"children": [10, 11, 12, 13, 14, 15]
								}
							]
						}
					]
				}
			]
		}
	]
}