{
	"credit": "Made with Blockbench",
	"texture_size": [32, 32],
	"textures": {
		"0": "reus/head",
		"particle": "reus/head"
	},
	"elements": [
		{
			"from": [6.08824, 3.4478, 10.03087],
			"to": [9.09124, 5.8502, 14.67187],
			"rotation": {"angle": -22.5, "axis": "x", "origin": [7.58974, 4.649, 13.03387]},
			"faces": {
				"north": {"uv": [0, 1.5, 1, 3], "rotation": 90, "texture": "#0"},
				"east": {"uv": [0, 1.5, 1, 3], "rotation": 90, "texture": "#0"},
				"south": {"uv": [0, 1.5, 1, 3], "rotation": 90, "texture": "#0"},
				"west": {"uv": [0, 1.5, 1, 3], "rotation": 90, "texture": "#0"},
				"up": {"uv": [0, 1.5, 1, 3], "rotation": 90, "texture": "#0"},
				"down": {"uv": [0, 1.5, 1, 3], "rotation": 90, "texture": "#0"}
			}
		},
		{
			"from": [6.45224, 3.20339, 11.77549],
			"to": [8.72724, 11.48439, 14.17789],
			"rotation": {"angle": 22.5, "axis": "x", "origin": [7.58974, 8.25389, 12.97669]},
			"faces": {
				"north": {"uv": [0, 1.5, 1, 3], "rotation": 180, "texture": "#0"},
				"east": {"uv": [0, 1.5, 1, 3], "rotation": 180, "texture": "#0"},
				"south": {"uv": [0, 1.5, 1, 3], "rotation": 180, "texture": "#0"},
				"west": {"uv": [0, 1.5, 1, 3], "rotation": 180, "texture": "#0"},
				"up": {"uv": [0, 1.5, 1, 3], "rotation": 180, "texture": "#0"},
				"down": {"uv": [0, 1.5, 1, 3], "rotation": 180, "texture": "#0"}
			}
		},
		{
			"from": [5.34204, 2.53435, 7.67105],
			"to": [9.83744, 4.75475, 10.67405],
			"rotation": {"angle": 0, "axis": "y", "origin": [-7.12496, 1.75175, -16.95355]},
			"faces": {
				"north": {"uv": [0, 1.5, 1, 3], "rotation": 90, "texture": "#0"},
				"east": {"uv": [0, 1.5, 1, 3], "rotation": 90, "texture": "#0"},
				"south": {"uv": [0, 1.5, 1, 3], "rotation": 90, "texture": "#0"},
				"west": {"uv": [0, 1.5, 1, 3], "rotation": 90, "texture": "#0"},
				"up": {"uv": [0, 1.5, 1, 3], "rotation": 90, "texture": "#0"},
				"down": {"uv": [0, 1.5, 1, 3], "rotation": 90, "texture": "#0"}
			}
		},
		{
			"from": [6.81496, 3.57713, 5.72869],
			"to": [8.36451, 5.12667, 8.73169],
			"rotation": {"angle": 22.5, "axis": "x", "origin": [7.58974, 4.02511, 5.92374]},
			"faces": {
				"north": {"uv": [0, 1.5, 1, 3], "rotation": 90, "texture": "#0"},
				"east": {"uv": [0, 1.5, 1, 3], "rotation": 90, "texture": "#0"},
				"south": {"uv": [0, 1.5, 1, 3], "rotation": 90, "texture": "#0"},
				"west": {"uv": [0, 1.5, 1, 3], "rotation": 90, "texture": "#0"},
				"up": {"uv": [0, 1.5, 1, 3], "rotation": 90, "texture": "#0"},
				"down": {"uv": [0, 1.5, 1, 3], "rotation": 90, "texture": "#0"}
			}
		},
		{
			"from": [7.02157, 3.27195, 4.34382],
			"to": [8.15791, 4.40829, 6.43682],
			"rotation": {"angle": -22.5, "axis": "x", "origin": [7.58974, 4.15316, 4.57132]},
			"faces": {
				"north": {"uv": [9.25, 8, 10, 8.75], "texture": "#0"},
				"east": {"uv": [9.25, 8, 10, 8.75], "texture": "#0"},
				"south": {"uv": [9.25, 8, 10, 8.75], "texture": "#0"},
				"west": {"uv": [9.25, 8, 10, 8.75], "texture": "#0"},
				"up": {"uv": [9.25, 8, 10, 8.75], "texture": "#0"},
				"down": {"uv": [9.25, 8, 10, 8.75], "texture": "#0"}
			}
		},
		{
			"from": [7.17809, 3.1644, 3.34861],
			"to": [8.00139, 3.98769, 4.80461],
			"rotation": {"angle": -45, "axis": "x", "origin": [7.58974, 3.6543, 4.12211]},
			"faces": {
				"north": {"uv": [9.25, 8, 10, 8.75], "texture": "#0"},
				"east": {"uv": [9.25, 8, 10, 8.75], "texture": "#0"},
				"south": {"uv": [9.25, 8, 10, 8.75], "texture": "#0"},
				"west": {"uv": [9.25, 8, 10, 8.75], "texture": "#0"},
				"up": {"uv": [9.25, 8, 10, 8.75], "texture": "#0"},
				"down": {"uv": [9.25, 8, 10, 8.75], "texture": "#0"}
			}
		},
		{
			"from": [5.2862, 3.1644, 3.34861],
			"to": [6.1095, 3.98769, 4.80461],
			"rotation": {"angle": -45, "axis": "x", "origin": [7.77174, 3.6543, 4.12211]},
			"faces": {
				"north": {"uv": [9.25, 8, 10, 8.75], "texture": "#0"},
				"east": {"uv": [9.25, 8, 10, 8.75], "texture": "#0"},
				"south": {"uv": [9.25, 8, 10, 8.75], "texture": "#0"},
				"west": {"uv": [9.25, 8, 10, 8.75], "texture": "#0"},
				"up": {"uv": [9.25, 8, 10, 8.75], "texture": "#0"},
				"down": {"uv": [9.25, 8, 10, 8.75], "texture": "#0"}
			}
		},
		{
			"from": [9.06998, 3.1644, 3.34861],
			"to": [9.89328, 3.98769, 4.80461],
			"rotation": {"angle": -45, "axis": "x", "origin": [7.40774, 3.6543, 4.12211]},
			"faces": {
				"north": {"uv": [9.25, 8, 10, 8.75], "texture": "#0"},
				"east": {"uv": [9.25, 8, 10, 8.75], "texture": "#0"},
				"south": {"uv": [9.25, 8, 10, 8.75], "texture": "#0"},
				"west": {"uv": [9.25, 8, 10, 8.75], "texture": "#0"},
				"up": {"uv": [9.25, 8, 10, 8.75], "texture": "#0"},
				"down": {"uv": [9.25, 8, 10, 8.75], "texture": "#0"}
			}
		},
		{
			"from": [4.9309, 3.57713, 5.72869],
			"to": [6.48045, 5.12667, 8.73169],
			"rotation": {"angle": 22.5, "axis": "x", "origin": [7.77174, 4.02511, 5.92374]},
			"faces": {
				"north": {"uv": [0, 1.5, 1, 3], "rotation": 90, "texture": "#0"},
				"east": {"uv": [0, 1.5, 1, 3], "rotation": 90, "texture": "#0"},
				"south": {"uv": [0, 1.5, 1, 3], "rotation": 90, "texture": "#0"},
				"west": {"uv": [0, 1.5, 1, 3], "rotation": 90, "texture": "#0"},
				"up": {"uv": [0, 1.5, 1, 3], "rotation": 90, "texture": "#0"},
				"down": {"uv": [0, 1.5, 1, 3], "rotation": 90, "texture": "#0"}
			}
		},
		{
			"from": [5.13751, 3.27195, 4.34382],
			"to": [6.27384, 4.40829, 6.43682],
			"rotation": {"angle": -22.5, "axis": "x", "origin": [7.77174, 4.15316, 4.57132]},
			"faces": {
				"north": {"uv": [9.25, 8, 10, 8.75], "texture": "#0"},
				"east": {"uv": [9.25, 8, 10, 8.75], "texture": "#0"},
				"south": {"uv": [9.25, 8, 10, 8.75], "texture": "#0"},
				"west": {"uv": [9.25, 8, 10, 8.75], "texture": "#0"},
				"up": {"uv": [9.25, 8, 10, 8.75], "texture": "#0"},
				"down": {"uv": [9.25, 8, 10, 8.75], "texture": "#0"}
			}
		},
		{
			"from": [8.69903, 3.57713, 5.72869],
			"to": [10.24858, 5.12667, 8.73169],
			"rotation": {"angle": 22.5, "axis": "x", "origin": [7.40774, 4.02511, 5.92374]},
			"faces": {
				"north": {"uv": [0, 1.5, 1, 3], "rotation": 90, "texture": "#0"},
				"east": {"uv": [0, 1.5, 1, 3], "rotation": 90, "texture": "#0"},
				"south": {"uv": [0, 1.5, 1, 3], "rotation": 90, "texture": "#0"},
				"west": {"uv": [0, 1.5, 1, 3], "rotation": 90, "texture": "#0"},
				"up": {"uv": [0, 1.5, 1, 3], "rotation": 90, "texture": "#0"},
				"down": {"uv": [0, 1.5, 1, 3], "rotation": 90, "texture": "#0"}
			}
		},
		{
			"from": [8.90563, 3.27195, 4.34382],
			"to": [10.04197, 4.40829, 6.43682],
			"rotation": {"angle": -22.5, "axis": "x", "origin": [7.40774, 4.15316, 4.57132]},
			"faces": {
				"north": {"uv": [9.25, 8, 10, 8.75], "texture": "#0"},
				"east": {"uv": [9.25, 8, 10, 8.75], "texture": "#0"},
				"south": {"uv": [9.25, 8, 10, 8.75], "texture": "#0"},
				"west": {"uv": [9.25, 8, 10, 8.75], "texture": "#0"},
				"up": {"uv": [9.25, 8, 10, 8.75], "texture": "#0"},
				"down": {"uv": [9.25, 8, 10, 8.75], "texture": "#0"}
			}
		},
		{
			"from": [8.46487, 2.07477, 9.35362],
			"to": [11.01287, 3.69639, 10.97524],
			"rotation": {"angle": 22.5, "axis": "z", "origin": [7.3586, 3.83498, 14.75083]},
			"faces": {
				"north": {"uv": [0, 1.5, 1, 3], "rotation": 90, "texture": "#0"},
				"east": {"uv": [0, 1.5, 1, 3], "rotation": 90, "texture": "#0"},
				"south": {"uv": [0, 1.5, 1, 3], "rotation": 90, "texture": "#0"},
				"west": {"uv": [0, 1.5, 1, 3], "rotation": 90, "texture": "#0"},
				"up": {"uv": [0, 1.5, 1, 3], "rotation": 90, "texture": "#0"},
				"down": {"uv": [0, 1.5, 1, 3], "rotation": 90, "texture": "#0"}
			}
		},
		{
			"from": [10.63001, 3.30964, 9.56984],
			"to": [12.26801, 4.49882, 10.75903],
			"rotation": {"angle": -22.5, "axis": "z", "origin": [11.81301, 4.39563, 10.16443]},
			"faces": {
				"north": {"uv": [10, 8, 9.25, 8.75], "texture": "#0"},
				"east": {"uv": [10, 8, 9.25, 8.75], "texture": "#0"},
				"south": {"uv": [10, 8, 9.25, 8.75], "texture": "#0"},
				"west": {"uv": [10, 8, 9.25, 8.75], "texture": "#0"},
				"up": {"uv": [9.25, 8.75, 10, 8], "rotation": 90, "texture": "#0"},
				"down": {"uv": [9.25, 8.75, 10, 8], "rotation": 270, "texture": "#0"}
			}
		},
		{
			"from": [11.99501, 3.63724, 9.73364],
			"to": [13.54201, 4.49882, 10.59523],
			"rotation": {"angle": -45, "axis": "z", "origin": [11.81301, 4.39563, 10.16443]},
			"faces": {
				"north": {"uv": [10, 8, 9.25, 8.75], "texture": "#0"},
				"east": {"uv": [10, 8, 9.25, 8.75], "texture": "#0"},
				"south": {"uv": [10, 8, 9.25, 8.75], "texture": "#0"},
				"west": {"uv": [10, 8, 9.25, 8.75], "texture": "#0"},
				"up": {"uv": [9.25, 8.75, 10, 8], "rotation": 90, "texture": "#0"},
				"down": {"uv": [9.25, 8.75, 10, 8], "rotation": 270, "texture": "#0"}
			}
		},
		{
			"from": [7.49419, 3.52611, 13.69767],
			"to": [9.11581, 5.14773, 16.24567],
			"rotation": {"angle": 0, "axis": "y", "origin": [8.305, 3.81267, 16.09079]},
			"faces": {
				"north": {"uv": [0, 1.5, 1, 3], "rotation": 90, "texture": "#0"},
				"east": {"uv": [0, 1.5, 1, 3], "rotation": 90, "texture": "#0"},
				"south": {"uv": [0, 1.5, 1, 3], "rotation": 90, "texture": "#0"},
				"west": {"uv": [0, 1.5, 1, 3], "rotation": 90, "texture": "#0"},
				"up": {"uv": [0, 1.5, 1, 3], "rotation": 90, "texture": "#0"},
				"down": {"uv": [0, 1.5, 1, 3], "rotation": 90, "texture": "#0"}
			}
		},
		{
			"from": [7.7104, 3.51686, 15.29211],
			"to": [8.89959, 4.70605, 16.93011],
			"rotation": {"angle": 45, "axis": "x", "origin": [8.305, 3.81267, 16.09079]},
			"faces": {
				"north": {"uv": [10, 8, 9.25, 8.75], "texture": "#0"},
				"east": {"uv": [10, 8, 9.25, 8.75], "texture": "#0"},
				"south": {"uv": [10, 8, 9.25, 8.75], "texture": "#0"},
				"west": {"uv": [10, 8, 9.25, 8.75], "texture": "#0"},
				"up": {"uv": [9.25, 8.75, 10, 8], "rotation": 180, "texture": "#0"},
				"down": {"uv": [9.25, 8.75, 10, 8], "rotation": 180, "texture": "#0"}
			}
		},
		{
			"from": [7.8742, 2.03099, 16.2095],
			"to": [8.73579, 3.57799, 17.07109],
			"rotation": {"angle": -22.5, "axis": "x", "origin": [8.305, 3.81267, 16.09079]},
			"faces": {
				"north": {"uv": [9.25, 8.75, 10, 8], "texture": "#0"},
				"east": {"uv": [10, 8, 9.25, 8.75], "rotation": 270, "texture": "#0"},
				"south": {"uv": [9.25, 8.75, 10, 8], "rotation": 180, "texture": "#0"},
				"west": {"uv": [10, 8, 9.25, 8.75], "rotation": 90, "texture": "#0"},
				"up": {"uv": [10, 8, 9.25, 8.75], "rotation": 180, "texture": "#0"},
				"down": {"uv": [10, 8, 9.25, 8.75], "texture": "#0"}
			}
		}
	],
	"display": {
		"head": {
			"translation": [1.5, -15, -22.75],
			"scale": [4, 4, 4]
		}
	},
	"groups": [
		{
			"name": "root",
			"origin": [8, 8, 8],
			"color": 0,
			"children": [
				{
					"name": "leg_l",
					"origin": [8, 8, 8],
					"color": 0,
					"children": [
						{
							"name": "2",
							"origin": [8, 8, 8],
							"color": 0,
							"children": [0, 1, 2, 3, 4, 5, 6, 7, 8, 9, 10, 11, 12, 13, 14, 15, 16, 17]
						}
					]
				}
			]
		}
	]
}