{
	"credit": "Made with Blockbench",
	"texture_size": [32, 32],
	"textures": {
		"0": "reus/head",
		"particle": "reus/head"
	},
	"elements": [
		{
			"from": [6.5804, 7.07531, 0.72717],
			"to": [9.4196, 8.53131, 5.29173],
			"rotation": {"angle": 0, "axis": "y", "origin": [11.276, 7.16631, -4.04487]},
			"faces": {
				"north": {"uv": [2, 9.75, 3, 10.5], "texture": "#0"},
				"east": {"uv": [2, 9.75, 3, 10.5], "texture": "#0"},
				"south": {"uv": [2, 9.75, 3, 10.5], "texture": "#0"},
				"west": {"uv": [2, 9.75, 3, 10.5], "texture": "#0"},
				"up": {"uv": [2, 7.75, 3, 9.25], "rotation": 90, "texture": "#0"},
				"down": {"uv": [2, 9.75, 3, 10.5], "texture": "#0"}
			}
		},
		{
			"from": [6.0344, 3.43531, 0.72717],
			"to": [9.9656, 7.07531, 5.29173],
			"rotation": {"angle": 0, "axis": "y", "origin": [11.276, 6.71131, -4.04487]},
			"faces": {
				"north": {"uv": [2, 9.75, 3, 10.5], "texture": "#0"},
				"east": {"uv": [2, 9.75, 3, 10.5], "texture": "#0"},
				"south": {"uv": [2, 9.75, 3, 10.5], "texture": "#0"},
				"west": {"uv": [2, 9.75, 3, 10.5], "texture": "#0"},
				"up": {"uv": [0.75, 7, 1, 7.5], "texture": "#0"},
				"down": {"uv": [2, 9.75, 3, 10.5], "texture": "#0"}
			}
		},
		{
			"from": [6.5804, 2.34331, 0.72717],
			"to": [9.4196, 3.43531, 5.29173],
			"rotation": {"angle": 0, "axis": "y", "origin": [11.276, 6.71131, -4.04487]},
			"faces": {
				"north": {"uv": [0, 2.75, 1.5, 3], "texture": "#0"},
				"east": {"uv": [0.25, 2.5, 1, 3], "texture": "#0"},
				"south": {"uv": [0, 1.5, 1.5, 3], "texture": "#0"},
				"west": {"uv": [0.25, 2.5, 1.25, 3], "texture": "#0"},
				"up": {"uv": [0, 1.5, 1.5, 3], "texture": "#0"},
				"down": {"uv": [0, 1.5, 1.5, 3], "rotation": 180, "texture": "#0"}
			}
		},
		{
			"from": [7.3084, 8.25831, 0.68567],
			"to": [8.6916, 9.25931, 3.38291],
			"rotation": {"angle": -45, "axis": "x", "origin": [8, 8.71331, 2.17953]},
			"faces": {
				"north": {"uv": [1.25, 3.5, 1.5, 4.25], "texture": "#0"},
				"east": {"uv": [1.25, 3.5, 1.5, 4.25], "texture": "#0"},
				"south": {"uv": [1.25, 3.5, 1.5, 4.25], "texture": "#0"},
				"west": {"uv": [1.25, 3.5, 1.5, 4.25], "texture": "#0"},
				"up": {"uv": [1.25, 3.5, 1.5, 4.25], "texture": "#0"},
				"down": {"uv": [1.25, 3.5, 1.5, 4.25], "texture": "#0"}
			}
		},
		{
			"from": [7.6724, 8.25831, 3.38291],
			"to": [8.3276, 8.80431, 5.04275],
			"rotation": {"angle": -45, "axis": "x", "origin": [8, 8.71331, 2.17953]},
			"faces": {
				"north": {"uv": [1.25, 3.5, 1.5, 4.25], "texture": "#0"},
				"east": {"uv": [1.25, 3.5, 1.5, 4.25], "texture": "#0"},
				"south": {"uv": [1.25, 3.5, 1.5, 4.25], "texture": "#0"},
				"west": {"uv": [1.25, 3.5, 1.5, 4.25], "texture": "#0"},
				"up": {"uv": [1.25, 3.5, 1.5, 4.25], "texture": "#0"},
				"down": {"uv": [1.25, 3.5, 1.5, 4.25], "texture": "#0"}
			}
		},
		{
			"from": [7.6724, 9.79984, 5.07311],
			"to": [8.3276, 11.25584, 5.69555],
			"rotation": {"angle": 22.5, "axis": "x", "origin": [8, 9.57234, 4.73596]},
			"faces": {
				"north": {"uv": [1.25, 3.5, 1.5, 4.25], "rotation": 180, "texture": "#0"},
				"east": {"uv": [1.25, 3.5, 1.5, 4.25], "rotation": 90, "texture": "#0"},
				"south": {"uv": [1.25, 3.5, 1.5, 4.25], "texture": "#0"},
				"west": {"uv": [1.25, 3.5, 1.5, 4.25], "rotation": 270, "texture": "#0"},
				"up": {"uv": [1.25, 3.5, 1.5, 4.25], "texture": "#0"},
				"down": {"uv": [1.25, 3.5, 1.5, 4.25], "rotation": 180, "texture": "#0"}
			}
		},
		{
			"from": [7.3084, 7.43384, 4.55441],
			"to": [8.6916, 9.79984, 5.69555],
			"rotation": {"angle": 22.5, "axis": "x", "origin": [8, 9.57234, 4.73596]},
			"faces": {
				"north": {"uv": [1.25, 3.5, 1.5, 4.25], "rotation": 180, "texture": "#0"},
				"east": {"uv": [1.25, 3.5, 1.5, 4.25], "rotation": 90, "texture": "#0"},
				"south": {"uv": [1.25, 3.5, 1.5, 4.25], "texture": "#0"},
				"west": {"uv": [1.25, 3.5, 1.5, 4.25], "rotation": 270, "texture": "#0"},
				"up": {"uv": [1.25, 3.5, 1.5, 4.25], "texture": "#0"},
				"down": {"uv": [1.25, 3.5, 1.5, 4.25], "rotation": 180, "texture": "#0"}
			}
		}
	],
	"display": {
		"head": {
			"translation": [0, 3.25, 16],
			"scale": [4, 4, 4]
		}
	},
	"groups": [
		{
			"name": "root",
			"origin": [8, 8, 8],
			"color": 0,
			"children": [
				{
					"name": "neck",
					"origin": [8, 8, 8],
					"color": 0,
					"children": [
						{
							"name": "0",
							"origin": [9.5, 10.5, -1.5],
							"color": 0,
							"children": [
								0,
								1,
								2,
								{
									"name": "group",
									"origin": [8.5, 9.08615, -6.93345],
									"color": 0,
									"children": [3, 4, 5, 6]
								}
							]
						}
					]
				}
			]
		}
	]
}