{
	"credit": "Made with Blockbench",
	"texture_size": [32, 32],
	"textures": {
		"0": "reus/head",
		"particle": "reus/head"
	},
	"elements": [
		{
			"from": [6.33434, 7.59401, 9.64881],
			"to": [9.66566, 9.47953, 14.21337],
			"rotation": {"angle": 0, "axis": "y", "origin": [11.40704, 7.23365, 4.87677]},
			"faces": {
				"north": {"uv": [2, 9.75, 3, 10.5], "texture": "#0"},
				"east": {"uv": [2, 9.75, 3, 10.5], "texture": "#0"},
				"south": {"uv": [2, 9.75, 3, 10.5], "texture": "#0"},
				"west": {"uv": [2, 9.75, 3, 10.5], "texture": "#0"},
				"up": {"uv": [2, 7.75, 3, 9.25], "rotation": 90, "texture": "#0"},
				"down": {"uv": [2, 9.75, 3, 10.5], "texture": "#0"}
			}
		},
		{
			"from": [5.7665, 3.18233, 9.64881],
			"to": [10.2335, 7.59401, 14.21337],
			"rotation": {"angle": 0, "axis": "y", "origin": [11.40704, 6.77865, 4.87677]},
			"faces": {
				"north": {"uv": [2, 9.75, 3, 10.5], "texture": "#0"},
				"east": {"uv": [2, 9.75, 3, 10.5], "texture": "#0"},
				"south": {"uv": [2, 9.75, 3, 10.5], "texture": "#0"},
				"west": {"uv": [2, 9.75, 3, 10.5], "texture": "#0"},
				"up": {"uv": [0.75, 7, 1, 7.5], "texture": "#0"},
				"down": {"uv": [2, 9.75, 3, 10.5], "texture": "#0"}
			}
		},
		{
			"from": [6.52362, 1.59165, 9.64881],
			"to": [9.47638, 3.18233, 14.21337],
			"rotation": {"angle": 0, "axis": "y", "origin": [11.40704, 6.77865, 4.87677]},
			"faces": {
				"north": {"uv": [0, 2.75, 1.5, 3], "texture": "#0"},
				"east": {"uv": [0.25, 2.5, 1, 3], "texture": "#0"},
				"south": {"uv": [0, 1.5, 1.5, 3], "texture": "#0"},
				"west": {"uv": [0.25, 2.5, 1.25, 3], "texture": "#0"},
				"up": {"uv": [0, 1.5, 1.5, 3], "texture": "#0"},
				"down": {"uv": [0, 1.5, 1.5, 3], "rotation": 180, "texture": "#0"}
			}
		},
		{
			"from": [7.3084, 8.40391, 10.37499],
			"to": [8.6916, 10.76991, 11.51613],
			"rotation": {"angle": 22.5, "axis": "x", "origin": [8, 9.35031, 10.78995]},
			"faces": {
				"north": {"uv": [1.25, 3.5, 1.5, 4.25], "rotation": 180, "texture": "#0"},
				"east": {"uv": [1.25, 3.5, 1.5, 4.25], "rotation": 90, "texture": "#0"},
				"south": {"uv": [1.25, 3.5, 1.5, 4.25], "texture": "#0"},
				"west": {"uv": [1.25, 3.5, 1.5, 4.25], "rotation": 270, "texture": "#0"},
				"up": {"uv": [1.25, 3.5, 1.5, 4.25], "texture": "#0"},
				"down": {"uv": [1.25, 3.5, 1.5, 4.25], "rotation": 180, "texture": "#0"}
			}
		},
		{
			"from": [7.6724, 10.76991, 10.89369],
			"to": [8.3276, 12.22591, 11.51613],
			"rotation": {"angle": 22.5, "axis": "x", "origin": [8, 9.35031, 10.78995]},
			"faces": {
				"north": {"uv": [1.25, 3.5, 1.5, 4.25], "rotation": 180, "texture": "#0"},
				"east": {"uv": [1.25, 3.5, 1.5, 4.25], "rotation": 90, "texture": "#0"},
				"south": {"uv": [1.25, 3.5, 1.5, 4.25], "texture": "#0"},
				"west": {"uv": [1.25, 3.5, 1.5, 4.25], "rotation": 270, "texture": "#0"},
				"up": {"uv": [1.25, 3.5, 1.5, 4.25], "texture": "#0"},
				"down": {"uv": [1.25, 3.5, 1.5, 4.25], "rotation": 180, "texture": "#0"}
			}
		},
		{
			"from": [7.6724, 10.80084, 12.85361],
			"to": [8.3276, 12.25684, 13.47605],
			"rotation": {"angle": 45, "axis": "x", "origin": [8, 10.20934, 13.55386]},
			"faces": {
				"north": {"uv": [1.25, 3.5, 1.5, 4.25], "rotation": 180, "texture": "#0"},
				"east": {"uv": [1.25, 3.5, 1.5, 4.25], "rotation": 90, "texture": "#0"},
				"south": {"uv": [1.25, 3.5, 1.5, 4.25], "texture": "#0"},
				"west": {"uv": [1.25, 3.5, 1.5, 4.25], "rotation": 270, "texture": "#0"},
				"up": {"uv": [1.25, 3.5, 1.5, 4.25], "texture": "#0"},
				"down": {"uv": [1.25, 3.5, 1.5, 4.25], "rotation": 180, "texture": "#0"}
			}
		},
		{
			"from": [7.3084, 8.79884, 12.74987],
			"to": [8.6916, 11.16484, 13.89101],
			"rotation": {"angle": 22.5, "axis": "x", "origin": [8, 10.20934, 13.55386]},
			"faces": {
				"north": {"uv": [1.25, 3.5, 1.5, 4.25], "rotation": 180, "texture": "#0"},
				"east": {"uv": [1.25, 3.5, 1.5, 4.25], "rotation": 90, "texture": "#0"},
				"south": {"uv": [1.25, 3.5, 1.5, 4.25], "texture": "#0"},
				"west": {"uv": [1.25, 3.5, 1.5, 4.25], "rotation": 270, "texture": "#0"},
				"up": {"uv": [1.25, 3.5, 1.5, 4.25], "texture": "#0"},
				"down": {"uv": [1.25, 3.5, 1.5, 4.25], "rotation": 180, "texture": "#0"}
			}
		}
	],
	"display": {
		"head": {
			"translation": [0, 3.25, -20.75],
			"scale": [4, 4, 4]
		}
	},
	"groups": [
		{
			"name": "root",
			"origin": [8, 8, 8],
			"color": 0,
			"children": [
				{
					"name": "neck",
					"origin": [8, 8, 8],
					"color": 0,
					"children": [
						{
							"name": "2",
							"origin": [9.5, 10.5, -1.5],
							"color": 0,
							"children": [
								0,
								1,
								2,
								{
									"name": "group",
									"origin": [8.5, 9.08615, -6.93345],
									"color": 0,
									"children": [3, 4, 5, 6]
								}
							]
						}
					]
				}
			]
		}
	]
}