{
	"credit": "Made with Blockbench",
	"texture_size": [32, 32],
	"textures": {
		"0": "reus/head",
		"particle": "reus/head"
	},
	"elements": [
		{
			"from": [5.82859, 5.83062, 9.53302],
			"to": [10.16728, 8.70114, 18.39011],
			"rotation": {"angle": 0, "axis": "y", "origin": [11.20768, 10.02317, -22.48793]},
			"faces": {
				"north": {"uv": [8.5, 1.75, 9.5, 3], "texture": "#0"},
				"east": {"uv": [8.5, 1.75, 9.5, 3], "texture": "#0"},
				"south": {"uv": [8.5, 1.75, 9.5, 3], "texture": "#0"},
				"west": {"uv": [8.5, 1.75, 9.5, 3], "texture": "#0"},
				"up": {"uv": [8.5, 1.75, 9.5, 3], "texture": "#0"},
				"down": {"uv": [8.5, 1.75, 9.5, 3], "texture": "#0"}
			}
		},
		{
			"from": [6.70219, 5.17542, 9.75142],
			"to": [9.29368, 9.35634, 17.29811],
			"rotation": {"angle": 0, "axis": "y", "origin": [11.20768, 10.02317, -22.48793]},
			"faces": {
				"north": {"uv": [8.5, 1.75, 9.5, 3], "texture": "#0"},
				"east": {"uv": [8.5, 1.75, 9.5, 3], "texture": "#0"},
				"south": {"uv": [8.5, 1.75, 9.5, 3], "texture": "#0"},
				"west": {"uv": [8.5, 1.75, 9.5, 3], "texture": "#0"},
				"up": {"uv": [7.25, 0.5, 8.75, 1.5], "texture": "#0"},
				"down": {"uv": [8.5, 1.75, 9.5, 3], "texture": "#0"}
			}
		},
		{
			"from": [6.92059, 6.37662, 17.72302],
			"to": [9.07528, 8.15514, 21.93911],
			"rotation": {"angle": 0, "axis": "y", "origin": [11.20768, 10.02317, -22.48793]},
			"faces": {
				"north": {"uv": [8.5, 1.75, 9.5, 3], "texture": "#0"},
				"east": {"uv": [8.5, 1.75, 9.5, 3], "texture": "#0"},
				"south": {"uv": [8.5, 1.75, 9.5, 3], "texture": "#0"},
				"west": {"uv": [8.5, 1.75, 9.5, 3], "texture": "#0"},
				"up": {"uv": [8.5, 1.75, 9.5, 3], "texture": "#0"},
				"down": {"uv": [8.5, 1.75, 9.5, 3], "texture": "#0"}
			}
		},
		{
			"from": [7.37559, 7.74162, 17.72302],
			"to": [8.62028, 8.61014, 21.48411],
			"rotation": {"angle": -22.5, "axis": "x", "origin": [7.99794, 7.26588, 19.83106]},
			"faces": {
				"north": {"uv": [8.5, 1.75, 9.5, 3], "texture": "#0"},
				"east": {"uv": [8.5, 1.75, 9.5, 3], "texture": "#0"},
				"south": {"uv": [8.5, 1.75, 9.5, 3], "texture": "#0"},
				"west": {"uv": [8.5, 1.75, 9.5, 3], "texture": "#0"},
				"up": {"uv": [8.5, 1.75, 9.5, 3], "texture": "#0"},
				"down": {"uv": [8.5, 1.75, 9.5, 3], "texture": "#0"}
			}
		},
		{
			"from": [7.24819, 6.67264, 21.65735],
			"to": [8.74768, 7.79596, 23.96244],
			"rotation": {"angle": 0, "axis": "y", "origin": [7.99794, 6.98593, 23.95083]},
			"faces": {
				"north": {"uv": [0, 3.25, 1, 4.25], "texture": "#0"},
				"east": {"uv": [0, 3.25, 1, 4.25], "texture": "#0"},
				"south": {"uv": [0, 3.25, 1, 4.25], "texture": "#0"},
				"west": {"uv": [0, 3.25, 1, 4.25], "texture": "#0"},
				"up": {"uv": [0, 3.25, 1, 4.25], "texture": "#0"},
				"down": {"uv": [0, 3.25, 1, 4.25], "texture": "#0"}
			}
		},
		{
			"from": [7.46659, 6.74062, 23.51062],
			"to": [8.52928, 7.64554, 26.68931],
			"rotation": {"angle": 22.5, "axis": "x", "origin": [7.99794, 6.98593, 23.95083]},
			"faces": {
				"north": {"uv": [0, 3.25, 1, 4.25], "texture": "#0"},
				"east": {"uv": [0, 3.25, 1, 4.25], "texture": "#0"},
				"south": {"uv": [0, 3.25, 1, 4.25], "texture": "#0"},
				"west": {"uv": [0, 3.25, 1, 4.25], "texture": "#0"},
				"up": {"uv": [0, 3.25, 1, 4.25], "texture": "#0"},
				"down": {"uv": [0, 3.25, 1, 4.25], "texture": "#0"}
			}
		},
		{
			"from": [5.28259, 6.37662, 10.07902],
			"to": [10.71328, 8.15514, 17.29811],
			"rotation": {"angle": 0, "axis": "y", "origin": [11.20768, 10.02317, -22.48793]},
			"faces": {
				"north": {"uv": [8.5, 1.75, 9.5, 3], "texture": "#0"},
				"east": {"uv": [8.5, 1.75, 9.5, 3], "texture": "#0"},
				"south": {"uv": [8.5, 1.75, 9.5, 3], "texture": "#0"},
				"west": {"uv": [8.5, 1.75, 9.5, 3], "texture": "#0"},
				"up": {"uv": [8.5, 1.75, 9.5, 3], "texture": "#0"},
				"down": {"uv": [8.5, 1.75, 9.5, 3], "texture": "#0"}
			}
		},
		{
			"from": [1.71653, 6.32308, 9.62011],
			"to": [4.34434, 7.85264, 11.57849],
			"rotation": {"angle": -22.5, "axis": "y", "origin": [3.31053, 7.08786, 14.33394]},
			"faces": {
				"north": {"uv": [8.5, 1.75, 9.5, 3], "rotation": 270, "texture": "#0"},
				"east": {"uv": [8.5, 1.75, 9.5, 3], "rotation": 270, "texture": "#0"},
				"south": {"uv": [8.5, 1.75, 9.5, 3], "rotation": 270, "texture": "#0"},
				"west": {"uv": [8.5, 1.75, 9.5, 3], "rotation": 270, "texture": "#0"},
				"up": {"uv": [8.5, 1.75, 9.5, 3], "rotation": 270, "texture": "#0"},
				"down": {"uv": [8.5, 1.75, 9.5, 3], "rotation": 270, "texture": "#0"}
			}
		},
		{
			"from": [0.34716, 6.57206, 10.11806],
			"to": [1.85458, 7.60366, 11.08054],
			"rotation": {"angle": -22.5, "axis": "y", "origin": [3.31053, 7.08786, 14.33394]},
			"faces": {
				"north": {"uv": [0, 3.25, 1, 4.25], "rotation": 270, "texture": "#0"},
				"east": {"uv": [0, 3.25, 1, 4.25], "rotation": 270, "texture": "#0"},
				"south": {"uv": [0, 3.25, 1, 4.25], "rotation": 270, "texture": "#0"},
				"west": {"uv": [0, 3.25, 1, 4.25], "rotation": 270, "texture": "#0"},
				"up": {"uv": [0, 3.25, 1, 4.25], "rotation": 270, "texture": "#0"},
				"down": {"uv": [0, 3.25, 1, 4.25], "rotation": 270, "texture": "#0"}
			}
		},
		{
			"from": [-0.89772, 6.82103, 10.36704],
			"to": [0.6097, 7.35469, 10.83157],
			"rotation": {"angle": -22.5, "axis": "y", "origin": [3.31053, 7.08786, 14.33394]},
			"faces": {
				"north": {"uv": [0, 3.25, 1, 4.25], "rotation": 270, "texture": "#0"},
				"east": {"uv": [0, 3.25, 1, 4.25], "rotation": 270, "texture": "#0"},
				"south": {"uv": [0, 3.25, 1, 4.25], "rotation": 270, "texture": "#0"},
				"west": {"uv": [0, 3.25, 1, 4.25], "rotation": 270, "texture": "#0"},
				"up": {"uv": [0, 3.25, 1, 4.25], "rotation": 270, "texture": "#0"},
				"down": {"uv": [0, 3.25, 1, 4.25], "rotation": 270, "texture": "#0"}
			}
		},
		{
			"from": [2.33897, 6.32308, 12.73231],
			"to": [5.58922, 7.85264, 14.69069],
			"rotation": {"angle": 0, "axis": "y", "origin": [3.31053, 7.08786, 14.33394]},
			"faces": {
				"north": {"uv": [8.5, 1.75, 9.5, 3], "rotation": 270, "texture": "#0"},
				"east": {"uv": [8.5, 1.75, 9.5, 3], "rotation": 270, "texture": "#0"},
				"south": {"uv": [8.5, 1.75, 9.5, 3], "rotation": 270, "texture": "#0"},
				"west": {"uv": [8.5, 1.75, 9.5, 3], "rotation": 270, "texture": "#0"},
				"up": {"uv": [8.5, 1.75, 9.5, 3], "rotation": 270, "texture": "#0"},
				"down": {"uv": [8.5, 1.75, 9.5, 3], "rotation": 270, "texture": "#0"}
			}
		},
		{
			"from": [-0.27528, 6.57206, 13.10577],
			"to": [2.47702, 7.60366, 14.31723],
			"rotation": {"angle": 0, "axis": "y", "origin": [3.31053, 7.08786, 14.33394]},
			"faces": {
				"north": {"uv": [0, 3.25, 1, 4.25], "rotation": 270, "texture": "#0"},
				"east": {"uv": [0, 3.25, 1, 4.25], "rotation": 270, "texture": "#0"},
				"south": {"uv": [0, 3.25, 1, 4.25], "rotation": 270, "texture": "#0"},
				"west": {"uv": [0, 3.25, 1, 4.25], "rotation": 270, "texture": "#0"},
				"up": {"uv": [0, 3.25, 1, 4.25], "rotation": 270, "texture": "#0"},
				"down": {"uv": [0, 3.25, 1, 4.25], "rotation": 270, "texture": "#0"}
			}
		},
		{
			"from": [-2.03886, 6.82103, 13.35475],
			"to": [-0.07498, 7.47918, 14.06825],
			"rotation": {"angle": 22.5, "axis": "z", "origin": [-0.14401, 7.08786, 13.7115]},
			"faces": {
				"north": {"uv": [0, 3.25, 1, 4.25], "rotation": 270, "texture": "#0"},
				"east": {"uv": [0, 3.25, 1, 4.25], "rotation": 270, "texture": "#0"},
				"south": {"uv": [0, 3.25, 1, 4.25], "rotation": 270, "texture": "#0"},
				"west": {"uv": [0, 3.25, 1, 4.25], "rotation": 270, "texture": "#0"},
				"up": {"uv": [0, 3.25, 1, 4.25], "rotation": 270, "texture": "#0"},
				"down": {"uv": [0, 3.25, 1, 4.25], "rotation": 270, "texture": "#0"}
			}
		},
		{
			"from": [2.33897, 6.32308, 15.84451],
			"to": [6.8341, 7.85264, 17.80289],
			"rotation": {"angle": 22.5, "axis": "y", "origin": [3.31053, 7.08786, 14.33394]},
			"faces": {
				"north": {"uv": [8.5, 1.75, 9.5, 3], "rotation": 270, "texture": "#0"},
				"east": {"uv": [8.5, 1.75, 9.5, 3], "rotation": 270, "texture": "#0"},
				"south": {"uv": [8.5, 1.75, 9.5, 3], "rotation": 270, "texture": "#0"},
				"west": {"uv": [8.5, 1.75, 9.5, 3], "rotation": 270, "texture": "#0"},
				"up": {"uv": [8.5, 1.75, 9.5, 3], "rotation": 270, "texture": "#0"},
				"down": {"uv": [8.5, 1.75, 9.5, 3], "rotation": 270, "texture": "#0"}
			}
		},
		{
			"from": [0.9696, 6.57206, 16.34246],
			"to": [2.47702, 7.60366, 17.30494],
			"rotation": {"angle": 22.5, "axis": "y", "origin": [3.31053, 7.08786, 14.33394]},
			"faces": {
				"north": {"uv": [0, 3.25, 1, 4.25], "rotation": 270, "texture": "#0"},
				"east": {"uv": [0, 3.25, 1, 4.25], "rotation": 270, "texture": "#0"},
				"south": {"uv": [0, 3.25, 1, 4.25], "rotation": 270, "texture": "#0"},
				"west": {"uv": [0, 3.25, 1, 4.25], "rotation": 270, "texture": "#0"},
				"up": {"uv": [0, 3.25, 1, 4.25], "rotation": 270, "texture": "#0"},
				"down": {"uv": [0, 3.25, 1, 4.25], "rotation": 270, "texture": "#0"}
			}
		},
		{
			"from": [-0.89772, 6.82103, 16.59144],
			"to": [1.23214, 7.35469, 17.05597],
			"rotation": {"angle": 22.5, "axis": "y", "origin": [3.31053, 7.08786, 14.33394]},
			"faces": {
				"north": {"uv": [0, 3.25, 1, 4.25], "rotation": 270, "texture": "#0"},
				"east": {"uv": [0, 3.25, 1, 4.25], "rotation": 270, "texture": "#0"},
				"south": {"uv": [0, 3.25, 1, 4.25], "rotation": 270, "texture": "#0"},
				"west": {"uv": [0, 3.25, 1, 4.25], "rotation": 270, "texture": "#0"},
				"up": {"uv": [0, 3.25, 1, 4.25], "rotation": 270, "texture": "#0"},
				"down": {"uv": [0, 3.25, 1, 4.25], "rotation": 270, "texture": "#0"}
			}
		},
		{
			"from": [11.65153, 6.32308, 9.62011],
			"to": [14.27934, 7.85264, 11.57849],
			"rotation": {"angle": 22.5, "axis": "y", "origin": [12.68534, 7.08786, 14.33394]},
			"faces": {
				"north": {"uv": [8.5, 3, 9.5, 1.75], "rotation": 270, "texture": "#0"},
				"east": {"uv": [8.5, 3, 9.5, 1.75], "rotation": 270, "texture": "#0"},
				"south": {"uv": [8.5, 3, 9.5, 1.75], "rotation": 270, "texture": "#0"},
				"west": {"uv": [8.5, 3, 9.5, 1.75], "rotation": 270, "texture": "#0"},
				"up": {"uv": [8.5, 3, 9.5, 1.75], "rotation": 270, "texture": "#0"},
				"down": {"uv": [8.5, 3, 9.5, 1.75], "rotation": 270, "texture": "#0"}
			}
		},
		{
			"from": [14.14129, 6.57206, 10.11806],
			"to": [15.64871, 7.60366, 11.08054],
			"rotation": {"angle": 22.5, "axis": "y", "origin": [12.68534, 7.08786, 14.33394]},
			"faces": {
				"north": {"uv": [0, 4.25, 1, 3.25], "rotation": 270, "texture": "#0"},
				"east": {"uv": [0, 4.25, 1, 3.25], "rotation": 270, "texture": "#0"},
				"south": {"uv": [0, 4.25, 1, 3.25], "rotation": 270, "texture": "#0"},
				"west": {"uv": [0, 4.25, 1, 3.25], "rotation": 270, "texture": "#0"},
				"up": {"uv": [0, 4.25, 1, 3.25], "rotation": 270, "texture": "#0"},
				"down": {"uv": [0, 4.25, 1, 3.25], "rotation": 270, "texture": "#0"}
			}
		},
		{
			"from": [15.38617, 6.82103, 10.36704],
			"to": [16.89359, 7.35469, 10.83157],
			"rotation": {"angle": 22.5, "axis": "y", "origin": [12.68534, 7.08786, 14.33394]},
			"faces": {
				"north": {"uv": [0, 4.25, 1, 3.25], "rotation": 270, "texture": "#0"},
				"east": {"uv": [0, 4.25, 1, 3.25], "rotation": 270, "texture": "#0"},
				"south": {"uv": [0, 4.25, 1, 3.25], "rotation": 270, "texture": "#0"},
				"west": {"uv": [0, 4.25, 1, 3.25], "rotation": 270, "texture": "#0"},
				"up": {"uv": [0, 4.25, 1, 3.25], "rotation": 270, "texture": "#0"},
				"down": {"uv": [0, 4.25, 1, 3.25], "rotation": 270, "texture": "#0"}
			}
		},
		{
			"from": [10.40665, 6.32308, 12.73231],
			"to": [13.6569, 7.85264, 14.69069],
			"rotation": {"angle": 0, "axis": "y", "origin": [12.68534, 7.08786, 14.33394]},
			"faces": {
				"north": {"uv": [8.5, 3, 9.5, 1.75], "rotation": 270, "texture": "#0"},
				"east": {"uv": [8.5, 3, 9.5, 1.75], "rotation": 270, "texture": "#0"},
				"south": {"uv": [8.5, 3, 9.5, 1.75], "rotation": 270, "texture": "#0"},
				"west": {"uv": [8.5, 3, 9.5, 1.75], "rotation": 270, "texture": "#0"},
				"up": {"uv": [8.5, 3, 9.5, 1.75], "rotation": 270, "texture": "#0"},
				"down": {"uv": [8.5, 3, 9.5, 1.75], "rotation": 270, "texture": "#0"}
			}
		},
		{
			"from": [13.51885, 6.57206, 13.10577],
			"to": [16.27115, 7.60366, 14.31723],
			"rotation": {"angle": 0, "axis": "y", "origin": [12.68534, 7.08786, 14.33394]},
			"faces": {
				"north": {"uv": [0, 4.25, 1, 3.25], "rotation": 270, "texture": "#0"},
				"east": {"uv": [0, 4.25, 1, 3.25], "rotation": 270, "texture": "#0"},
				"south": {"uv": [0, 4.25, 1, 3.25], "rotation": 270, "texture": "#0"},
				"west": {"uv": [0, 4.25, 1, 3.25], "rotation": 270, "texture": "#0"},
				"up": {"uv": [0, 4.25, 1, 3.25], "rotation": 270, "texture": "#0"},
				"down": {"uv": [0, 4.25, 1, 3.25], "rotation": 270, "texture": "#0"}
			}
		},
		{
			"from": [16.07085, 6.82103, 13.35475],
			"to": [18.03473, 7.47918, 14.06825],
			"rotation": {"angle": -22.5, "axis": "z", "origin": [16.13988, 7.08786, 13.7115]},
			"faces": {
				"north": {"uv": [0, 4.25, 1, 3.25], "rotation": 270, "texture": "#0"},
				"east": {"uv": [0, 4.25, 1, 3.25], "rotation": 270, "texture": "#0"},
				"south": {"uv": [0, 4.25, 1, 3.25], "rotation": 270, "texture": "#0"},
				"west": {"uv": [0, 4.25, 1, 3.25], "rotation": 270, "texture": "#0"},
				"up": {"uv": [0, 4.25, 1, 3.25], "rotation": 270, "texture": "#0"},
				"down": {"uv": [0, 4.25, 1, 3.25], "rotation": 270, "texture": "#0"}
			}
		},
		{
			"from": [9.16177, 6.32308, 15.84451],
			"to": [13.6569, 7.85264, 17.80289],
			"rotation": {"angle": -22.5, "axis": "y", "origin": [12.68534, 7.08786, 14.33394]},
			"faces": {
				"north": {"uv": [8.5, 3, 9.5, 1.75], "rotation": 270, "texture": "#0"},
				"east": {"uv": [8.5, 3, 9.5, 1.75], "rotation": 270, "texture": "#0"},
				"south": {"uv": [8.5, 3, 9.5, 1.75], "rotation": 270, "texture": "#0"},
				"west": {"uv": [8.5, 3, 9.5, 1.75], "rotation": 270, "texture": "#0"},
				"up": {"uv": [8.5, 3, 9.5, 1.75], "rotation": 270, "texture": "#0"},
				"down": {"uv": [8.5, 3, 9.5, 1.75], "rotation": 270, "texture": "#0"}
			}
		},
		{
			"from": [13.51885, 6.57206, 16.34246],
			"to": [15.02627, 7.60366, 17.30494],
			"rotation": {"angle": -22.5, "axis": "y", "origin": [12.68534, 7.08786, 14.33394]},
			"faces": {
				"north": {"uv": [0, 4.25, 1, 3.25], "rotation": 270, "texture": "#0"},
				"east": {"uv": [0, 4.25, 1, 3.25], "rotation": 270, "texture": "#0"},
				"south": {"uv": [0, 4.25, 1, 3.25], "rotation": 270, "texture": "#0"},
				"west": {"uv": [0, 4.25, 1, 3.25], "rotation": 270, "texture": "#0"},
				"up": {"uv": [0, 4.25, 1, 3.25], "rotation": 270, "texture": "#0"},
				"down": {"uv": [0, 4.25, 1, 3.25], "rotation": 270, "texture": "#0"}
			}
		},
		{
			"from": [14.76373, 6.82103, 16.59144],
			"to": [16.89359, 7.35469, 17.05597],
			"rotation": {"angle": -22.5, "axis": "y", "origin": [12.68534, 7.08786, 14.33394]},
			"faces": {
				"north": {"uv": [0, 4.25, 1, 3.25], "rotation": 270, "texture": "#0"},
				"east": {"uv": [0, 4.25, 1, 3.25], "rotation": 270, "texture": "#0"},
				"south": {"uv": [0, 4.25, 1, 3.25], "rotation": 270, "texture": "#0"},
				"west": {"uv": [0, 4.25, 1, 3.25], "rotation": 270, "texture": "#0"},
				"up": {"uv": [0, 4.25, 1, 3.25], "rotation": 270, "texture": "#0"},
				"down": {"uv": [0, 4.25, 1, 3.25], "rotation": 270, "texture": "#0"}
			}
		},
		{
			"from": [7.26554, 8.45966, 11.12332],
			"to": [8.73033, 10.81183, 12.48832],
			"rotation": {"angle": 22.5, "axis": "x", "origin": [7.99794, 10.53049, 12.04361]},
			"faces": {
				"north": {"uv": [9.5, 7.75, 10.5, 9], "rotation": 270, "texture": "#0"},
				"east": {"uv": [9.5, 7.75, 10.5, 9], "rotation": 270, "texture": "#0"},
				"south": {"uv": [9.5, 7.75, 10.5, 9], "rotation": 270, "texture": "#0"},
				"west": {"uv": [9.5, 7.75, 10.5, 9], "rotation": 270, "texture": "#0"},
				"up": {"uv": [9.5, 7.75, 10.5, 9], "rotation": 270, "texture": "#0"},
				"down": {"uv": [9.5, 7.75, 10.5, 9], "rotation": 270, "texture": "#0"}
			}
		},
		{
			"from": [7.62954, 10.24371, 11.55767],
			"to": [8.36633, 11.06271, 14.36483],
			"rotation": {"angle": -45, "axis": "x", "origin": [7.99794, 10.53049, 12.04361]},
			"faces": {
				"north": {"uv": [9.5, 7.75, 10.5, 9], "texture": "#0"},
				"east": {"uv": [9.5, 7.75, 10.5, 9], "texture": "#0"},
				"south": {"uv": [9.5, 7.75, 10.5, 9], "texture": "#0"},
				"west": {"uv": [9.5, 7.75, 10.5, 9], "texture": "#0"},
				"up": {"uv": [9.5, 7.75, 10.5, 9], "texture": "#0"},
				"down": {"uv": [9.5, 7.75, 10.5, 9], "texture": "#0"}
			}
		},
		{
			"from": [7.26554, 8.00466, 13.39832],
			"to": [8.73033, 10.35683, 14.76332],
			"rotation": {"angle": 45, "axis": "x", "origin": [7.99794, 10.07549, 14.31861]},
			"faces": {
				"north": {"uv": [9.5, 7.75, 10.5, 9], "rotation": 270, "texture": "#0"},
				"east": {"uv": [9.5, 7.75, 10.5, 9], "rotation": 270, "texture": "#0"},
				"south": {"uv": [9.5, 7.75, 10.5, 9], "rotation": 270, "texture": "#0"},
				"west": {"uv": [9.5, 7.75, 10.5, 9], "rotation": 270, "texture": "#0"},
				"up": {"uv": [9.5, 7.75, 10.5, 9], "rotation": 270, "texture": "#0"},
				"down": {"uv": [9.5, 7.75, 10.5, 9], "rotation": 270, "texture": "#0"}
			}
		},
		{
			"from": [7.62954, 9.78871, 13.83267],
			"to": [8.36633, 10.60771, 16.63983],
			"rotation": {"angle": -22.5, "axis": "x", "origin": [7.99794, 10.07549, 14.31861]},
			"faces": {
				"north": {"uv": [9.5, 7.75, 10.5, 9], "texture": "#0"},
				"east": {"uv": [9.5, 7.75, 10.5, 9], "texture": "#0"},
				"south": {"uv": [9.5, 7.75, 10.5, 9], "texture": "#0"},
				"west": {"uv": [9.5, 7.75, 10.5, 9], "texture": "#0"},
				"up": {"uv": [9.5, 7.75, 10.5, 9], "texture": "#0"},
				"down": {"uv": [9.5, 7.75, 10.5, 9], "texture": "#0"}
			}
		},
		{
			"from": [7.62954, 7.96871, 15.19767],
			"to": [8.36633, 8.78771, 18.00483],
			"rotation": {"angle": -22.5, "axis": "x", "origin": [7.99794, 10.07549, 14.31861]},
			"faces": {
				"north": {"uv": [9.5, 7.75, 10.5, 9], "texture": "#0"},
				"east": {"uv": [9.5, 7.75, 10.5, 9], "texture": "#0"},
				"south": {"uv": [9.5, 7.75, 10.5, 9], "texture": "#0"},
				"west": {"uv": [9.5, 7.75, 10.5, 9], "texture": "#0"},
				"up": {"uv": [9.5, 7.75, 10.5, 9], "texture": "#0"},
				"down": {"uv": [9.5, 7.75, 10.5, 9], "texture": "#0"}
			}
		}
	],
	"display": {
		"head": {
			"translation": [0, -3.25, -11.5],
			"scale": [4, 4, 4]
		}
	},
	"groups": [
		{
			"name": "root",
			"origin": [8, 8, 8],
			"color": 0,
			"children": [
				{
					"name": "tail",
					"origin": [8, 8, 8],
					"color": 0,
					"children": [
						{
							"name": "2",
							"origin": [8, 8, 8],
							"color": 0,
							"children": [
								0,
								1,
								2,
								3,
								4,
								5,
								6,
								{
									"name": "group",
									"origin": [8, 8, 8],
									"color": 0,
									"children": [
										{
											"name": "group",
											"origin": [8, 9.01198, 22.15852],
											"color": 0,
											"children": [7, 8, 9]
										},
										{
											"name": "group",
											"origin": [8, 9.01198, 22.15852],
											"color": 0,
											"children": [10, 11, 12]
										},
										{
											"name": "group",
											"origin": [8, 9.01198, 22.15852],
											"color": 0,
											"children": [13, 14, 15]
										}
									]
								},
								{
									"name": "group",
									"origin": [8, 8, 8],
									"color": 0,
									"children": [
										{
											"name": "group",
											"origin": [8, 9.01198, 22.15852],
											"color": 0,
											"children": [16, 17, 18]
										},
										{
											"name": "group",
											"origin": [8, 9.01198, 22.15852],
											"color": 0,
											"children": [19, 20, 21]
										},
										{
											"name": "group",
											"origin": [8, 9.01198, 22.15852],
											"color": 0,
											"children": [22, 23, 24]
										}
									]
								},
								25,
								26,
								27,
								28,
								29
							]
						}
					]
				}
			]
		}
	]
}