{
	"credit": "Made with Blockbench",
	"texture_size": [32, 32],
	"textures": {
		"0": "reus/head",
		"particle": "reus/head"
	},
	"elements": [
		{
			"from": [5.50526, 5.38747, -12.36349],
			"to": [10.49061, 8.95467, -6.76881],
			"rotation": {"angle": 0, "axis": "y", "origin": [11.66706, 9.05659, -42.60097]},
			"faces": {
				"north": {"uv": [2, 9, 3.25, 10.25], "texture": "#0"},
				"east": {"uv": [2, 9, 3.25, 10.25], "texture": "#0"},
				"south": {"uv": [2, 9, 3.25, 10.25], "texture": "#0"},
				"west": {"uv": [2, 9, 3.25, 10.25], "texture": "#0"},
				"up": {"uv": [0, 11, 1.5, 11.75], "texture": "#0"},
				"down": {"uv": [2, 9, 3.25, 10.25], "texture": "#0"}
			}
		},
		{
			"from": [6.05126, 8.84547, -12.36349],
			"to": [9.94461, 10.31967, -6.76881],
			"rotation": {"angle": 0, "axis": "y", "origin": [11.66706, 9.05659, -42.60097]},
			"faces": {
				"north": {"uv": [2, 9, 3.25, 10.25], "texture": "#0"},
				"east": {"uv": [2, 9, 3.25, 10.25], "texture": "#0"},
				"south": {"uv": [2, 9, 3.25, 10.25], "texture": "#0"},
				"west": {"uv": [2, 9, 3.25, 10.25], "texture": "#0"},
				"up": {"uv": [7.75, 2.5, 8.75, 3.25], "texture": "#0"},
				"down": {"uv": [2, 9, 3.25, 10.25], "texture": "#0"}
			}
		},
		{
			"from": [6.32426, 4.15897, -12.36349],
			"to": [9.67161, 5.45117, -6.76881],
			"rotation": {"angle": 0, "axis": "y", "origin": [11.66706, 9.05659, -42.60097]},
			"faces": {
				"north": {"uv": [0, 1.5, 1.5, 3], "texture": "#0"},
				"east": {"uv": [0, 1.5, 1.5, 3], "texture": "#0"},
				"south": {"uv": [0, 1.5, 1.5, 3], "texture": "#0"},
				"west": {"uv": [0, 1.5, 1.5, 3], "texture": "#0"},
				"up": {"uv": [0, 1.5, 1.5, 3], "texture": "#0"},
				"down": {"uv": [0, 1.5, 1.5, 3], "texture": "#0"}
			}
		},
		{
			"from": [7.62954, 10.69871, -9.37233],
			"to": [8.36633, 11.51771, -6.56517],
			"rotation": {"angle": -22.5, "axis": "x", "origin": [7.99794, 10.98549, -8.88639]},
			"faces": {
				"north": {"uv": [9.5, 7.75, 10.5, 9], "texture": "#0"},
				"east": {"uv": [9.5, 7.75, 10.5, 9], "texture": "#0"},
				"south": {"uv": [9.5, 7.75, 10.5, 9], "texture": "#0"},
				"west": {"uv": [9.5, 7.75, 10.5, 9], "texture": "#0"},
				"up": {"uv": [9.5, 7.75, 10.5, 9], "texture": "#0"},
				"down": {"uv": [9.5, 7.75, 10.5, 9], "texture": "#0"}
			}
		},
		{
			"from": [7.26554, 8.91466, -9.80668],
			"to": [8.73033, 11.26683, -8.44168],
			"rotation": {"angle": 45, "axis": "x", "origin": [7.99794, 10.98549, -8.88639]},
			"faces": {
				"north": {"uv": [9.5, 7.75, 10.5, 9], "rotation": 270, "texture": "#0"},
				"east": {"uv": [9.5, 7.75, 10.5, 9], "rotation": 270, "texture": "#0"},
				"south": {"uv": [9.5, 7.75, 10.5, 9], "rotation": 270, "texture": "#0"},
				"west": {"uv": [9.5, 7.75, 10.5, 9], "rotation": 270, "texture": "#0"},
				"up": {"uv": [9.5, 7.75, 10.5, 9], "rotation": 270, "texture": "#0"},
				"down": {"uv": [9.5, 7.75, 10.5, 9], "rotation": 270, "texture": "#0"}
			}
		},
		{
			"from": [7.62954, 10.24371, -4.36733],
			"to": [8.36633, 11.06271, -1.56017],
			"rotation": {"angle": -22.5, "axis": "x", "origin": [7.99794, 10.53049, -3.88139]},
			"faces": {
				"north": {"uv": [9.5, 7.75, 10.5, 9], "texture": "#0"},
				"east": {"uv": [9.5, 7.75, 10.5, 9], "texture": "#0"},
				"south": {"uv": [9.5, 7.75, 10.5, 9], "texture": "#0"},
				"west": {"uv": [9.5, 7.75, 10.5, 9], "texture": "#0"},
				"up": {"uv": [9.5, 7.75, 10.5, 9], "texture": "#0"},
				"down": {"uv": [9.5, 7.75, 10.5, 9], "texture": "#0"}
			}
		},
		{
			"from": [7.26554, 8.45966, -4.80168],
			"to": [8.73033, 10.81183, -3.43668],
			"rotation": {"angle": 45, "axis": "x", "origin": [7.99794, 10.53049, -3.88139]},
			"faces": {
				"north": {"uv": [9.5, 7.75, 10.5, 9], "rotation": 270, "texture": "#0"},
				"east": {"uv": [9.5, 7.75, 10.5, 9], "rotation": 270, "texture": "#0"},
				"south": {"uv": [9.5, 7.75, 10.5, 9], "rotation": 270, "texture": "#0"},
				"west": {"uv": [9.5, 7.75, 10.5, 9], "rotation": 270, "texture": "#0"},
				"up": {"uv": [9.5, 7.75, 10.5, 9], "rotation": 270, "texture": "#0"},
				"down": {"uv": [9.5, 7.75, 10.5, 9], "rotation": 270, "texture": "#0"}
			}
		},
		{
			"from": [5.75908, 5.54498, -6.92496],
			"to": [10.24589, 8.84646, -1.98075],
			"rotation": {"angle": 0, "axis": "y", "origin": [11.30469, 8.84718, -33.22869]},
			"faces": {
				"north": {"uv": [2, 9, 3.25, 10.25], "texture": "#0"},
				"east": {"uv": [2, 9, 3.25, 10.25], "texture": "#0"},
				"south": {"uv": [2, 9, 3.25, 10.25], "texture": "#0"},
				"west": {"uv": [2, 9, 3.25, 10.25], "texture": "#0"},
				"up": {"uv": [0, 11, 1.5, 11.75], "texture": "#0"},
				"down": {"uv": [2, 9, 3.25, 10.25], "texture": "#0"}
			}
		},
		{
			"from": [6.25048, 8.74818, -6.92496],
			"to": [9.75449, 10.07496, -1.98075],
			"rotation": {"angle": 0, "axis": "y", "origin": [11.30469, 8.84718, -33.22869]},
			"faces": {
				"north": {"uv": [2, 9, 3.25, 10.25], "texture": "#0"},
				"east": {"uv": [2, 9, 3.25, 10.25], "texture": "#0"},
				"south": {"uv": [2, 9, 3.25, 10.25], "texture": "#0"},
				"west": {"uv": [2, 9, 3.25, 10.25], "texture": "#0"},
				"up": {"uv": [7.75, 2.75, 8.75, 3.5], "texture": "#0"},
				"down": {"uv": [2, 9, 3.25, 10.25], "texture": "#0"}
			}
		},
		{
			"from": [6.49618, 4.43933, -6.92496],
			"to": [9.50879, 5.60231, -1.98075],
			"rotation": {"angle": 0, "axis": "y", "origin": [11.30469, 8.84718, -33.22869]},
			"faces": {
				"north": {"uv": [0, 1.5, 1.5, 3], "texture": "#0"},
				"east": {"uv": [0, 1.5, 1.5, 3], "texture": "#0"},
				"south": {"uv": [0, 1.5, 1.5, 3], "texture": "#0"},
				"west": {"uv": [0, 1.5, 1.5, 3], "texture": "#0"},
				"up": {"uv": [0, 1.5, 1.5, 3], "texture": "#0"},
				"down": {"uv": [0, 1.5, 1.5, 3], "texture": "#0"}
			}
		}
	],
	"display": {
		"head": {
			"translation": [0, -3.25, 76.75],
			"scale": [4, 4, 4]
		}
	},
	"groups": [
		{
			"name": "root",
			"origin": [8, 8, 8],
			"color": 0,
			"children": [
				{
					"name": "tail",
					"origin": [8, 8, 8],
					"color": 0,
					"children": [
						{
							"name": "0",
							"origin": [8, 8, 8],
							"color": 0,
							"children": [
								{
									"name": "group",
									"origin": [8, 8, 8],
									"color": 0,
									"children": [
										0,
										1,
										2,
										{
											"name": "group",
											"origin": [8.05, 10.48413, 9.47217],
											"color": 0,
											"children": [3, 4, 5, 6]
										}
									]
								},
								{
									"name": "group",
									"origin": [8, 8, 8],
									"color": 0,
									"children": [
										7,
										8,
										9,
										{
											"name": "group",
											"origin": [8.05, 10.48413, 9.47217],
											"color": 0,
											"children": []
										}
									]
								}
							]
						}
					]
				}
			]
		}
	]
}