{
	"credit": "Made with Blockbench",
	"texture_size": [32, 32],
	"textures": {
		"0": "reus/head",
		"3": "reus/wing_1",
		"particle": "reus/head"
	},
	"elements": [
		{
			"from": [18.77461, 13.36034, 6.14489],
			"to": [22.27811, 18.28526, 9.81656],
			"rotation": {"angle": 45, "axis": "z", "origin": [8, 17.2, 8]},
			"faces": {
				"north": {"uv": [2, 9, 4.25, 10.5], "rotation": 90, "texture": "#0"},
				"east": {"uv": [2, 9, 4.25, 10.5], "rotation": 270, "texture": "#0"},
				"south": {"uv": [2, 9, 4.25, 10.5], "rotation": 270, "texture": "#0"},
				"west": {"uv": [2, 9, 4.25, 10.5], "rotation": 270, "texture": "#0"},
				"up": {"uv": [2, 9, 4.25, 10.5], "rotation": 270, "texture": "#0"},
				"down": {"uv": [2, 9, 4.25, 10.5], "rotation": 270, "texture": "#0"}
			}
		},
		{
			"from": [18.97481, 17.86484, 6.74549],
			"to": [21.67751, 20.78776, 9.21596],
			"rotation": {"angle": 45, "axis": "z", "origin": [8, 17.2, 8]},
			"faces": {
				"north": {"uv": [2, 9, 4.25, 10.5], "rotation": 90, "texture": "#0"},
				"east": {"uv": [2, 9, 4.25, 10.5], "rotation": 270, "texture": "#0"},
				"south": {"uv": [2, 9, 4.25, 10.5], "rotation": 270, "texture": "#0"},
				"west": {"uv": [2, 9, 4.25, 10.5], "rotation": 270, "texture": "#0"},
				"up": {"uv": [2, 9, 4.25, 10.5], "rotation": 270, "texture": "#0"},
				"down": {"uv": [2, 9, 4.25, 10.5], "rotation": 270, "texture": "#0"}
			}
		},
		{
			"from": [7.68879, 31.00648, 7.54629],
			"to": [10.19129, 31.90738, 8.41516],
			"rotation": {"angle": 0, "axis": "y", "origin": [8, 17.2, 8]},
			"faces": {
				"north": {"uv": [0.25, 3, 2.5, 4.5], "rotation": 180, "texture": "#0"},
				"east": {"uv": [0.25, 3, 2.5, 4.5], "texture": "#0"},
				"south": {"uv": [0.25, 3, 2.5, 4.5], "texture": "#0"},
				"west": {"uv": [0.25, 3, 2.5, 4.5], "texture": "#0"},
				"up": {"uv": [0.25, 3, 2.5, 4.5], "texture": "#0"},
				"down": {"uv": [0.25, 3, 2.5, 4.5], "texture": "#0"}
			}
		},
		{
			"from": [4.06539, 30.49611, 7.34609],
			"to": [7.46879, 31.79741, 8.61536],
			"rotation": {"angle": -22.5, "axis": "z", "origin": [8, 17.2, 8]},
			"faces": {
				"north": {"uv": [0.25, 3, 2.5, 4.5], "rotation": 180, "texture": "#0"},
				"east": {"uv": [0.25, 3, 2.5, 4.5], "texture": "#0"},
				"south": {"uv": [0.25, 3, 2.5, 4.5], "texture": "#0"},
				"west": {"uv": [0.25, 3, 2.5, 4.5], "texture": "#0"},
				"up": {"uv": [0.25, 3, 2.5, 4.5], "texture": "#0"},
				"down": {"uv": [0.25, 3, 2.5, 4.5], "texture": "#0"}
			}
		},
		{
			"from": [19.27511, 19.16482, 7.04579],
			"to": [21.37721, 23.66932, 8.91566],
			"rotation": {"angle": 45, "axis": "z", "origin": [8, 17.2, 8]},
			"faces": {
				"north": {"uv": [0.25, 3, 2.5, 4.5], "rotation": 90, "texture": "#0"},
				"east": {"uv": [0.25, 3, 2.5, 4.5], "rotation": 270, "texture": "#0"},
				"south": {"uv": [0.25, 3, 2.5, 4.5], "rotation": 270, "texture": "#0"},
				"west": {"uv": [0.25, 3, 2.5, 4.5], "rotation": 270, "texture": "#0"},
				"up": {"uv": [0.25, 3, 2.5, 4.5], "rotation": 270, "texture": "#0"},
				"down": {"uv": [0.25, 3, 2.5, 4.5], "rotation": 270, "texture": "#0"}
			}
		},
		{
			"from": [-9.62515, 13.56244, 6.85416],
			"to": [22.82727, 15.66454, 9.12443],
			"rotation": {"angle": 45, "axis": "z", "origin": [8, 17.2, 8]},
			"faces": {
				"north": {"uv": [2, 9.25, 4.25, 10.5], "texture": "#0"},
				"east": {"uv": [2, 9.25, 4.25, 10.5], "rotation": 180, "texture": "#0"},
				"south": {"uv": [2, 9.25, 4.25, 10.5], "rotation": 180, "texture": "#0"},
				"west": {"uv": [2, 9.25, 4.25, 10.5], "rotation": 180, "texture": "#0"},
				"up": {"uv": [2, 9.25, 4.25, 10.5], "rotation": 180, "texture": "#0"},
				"down": {"uv": [2, 9.25, 4.25, 10.5], "rotation": 180, "texture": "#0"}
			}
		},
		{
			"from": [2.47852, -5.48951, 6.52063],
			"to": [5.28132, 0.93691, 9.45796],
			"rotation": {"angle": -22.5, "axis": "z", "origin": [8, 17.2, 8]},
			"faces": {
				"north": {"uv": [2, 9.25, 4.25, 10.5], "rotation": 90, "texture": "#0"},
				"east": {"uv": [2, 9.25, 4.25, 10.5], "rotation": 90, "texture": "#0"},
				"south": {"uv": [2, 9.25, 4.25, 10.5], "rotation": 90, "texture": "#0"},
				"west": {"uv": [2, 9.25, 4.25, 10.5], "rotation": 90, "texture": "#0"},
				"up": {"uv": [2, 9.25, 4.25, 10.5], "rotation": 90, "texture": "#0"},
				"down": {"uv": [2, 9.25, 4.25, 10.5], "rotation": 90, "texture": "#0"}
			}
		},
		{
			"from": [2.87892, -8.99301, 6.92103],
			"to": [4.88092, -4.98901, 9.05756],
			"rotation": {"angle": -22.5, "axis": "z", "origin": [8, 17.2, 8]},
			"faces": {
				"north": {"uv": [1, 3.5, 2.25, 4.75], "rotation": 90, "texture": "#0"},
				"east": {"uv": [1, 3.5, 2.25, 4.75], "rotation": 90, "texture": "#0"},
				"south": {"uv": [1, 3.5, 2.25, 4.75], "rotation": 90, "texture": "#0"},
				"west": {"uv": [1, 3.5, 2.25, 4.75], "rotation": 90, "texture": "#0"},
				"up": {"uv": [1, 3.5, 2.25, 4.75], "rotation": 90, "texture": "#0"},
				"down": {"uv": [1, 3.5, 2.25, 4.75], "rotation": 90, "texture": "#0"}
			}
		},
		{
			"from": [-6.24308, -8.19205, 7.32143],
			"to": [-5.04188, -4.68855, 8.65716],
			"rotation": {"angle": 0, "axis": "y", "origin": [8, 17.2, 8]},
			"faces": {
				"north": {"uv": [1, 3.5, 2.25, 4.75], "rotation": 90, "texture": "#0"},
				"east": {"uv": [1, 3.5, 2.25, 4.75], "rotation": 90, "texture": "#0"},
				"south": {"uv": [1, 3.5, 2.25, 4.75], "rotation": 90, "texture": "#0"},
				"west": {"uv": [1, 3.5, 2.25, 4.75], "rotation": 90, "texture": "#0"},
				"up": {"uv": [1, 3.5, 2.25, 4.75], "rotation": 90, "texture": "#0"},
				"down": {"uv": [1, 3.5, 2.25, 4.75], "rotation": 90, "texture": "#0"}
			}
		},
		{
			"from": [15.12957, 18.00665, 7.25456],
			"to": [16.63107, 23.01165, 8.72403],
			"rotation": {"angle": 22.5, "axis": "z", "origin": [8, 17.2, 8]},
			"faces": {
				"north": {"uv": [9, 7.5, 10.5, 8.75], "rotation": 90, "texture": "#0"},
				"east": {"uv": [9, 7.5, 10.5, 8.75], "rotation": 90, "texture": "#0"},
				"south": {"uv": [9, 7.5, 10.5, 8.75], "rotation": 90, "texture": "#0"},
				"west": {"uv": [9, 7.5, 10.5, 8.75], "rotation": 90, "texture": "#0"},
				"up": {"uv": [9, 7.5, 10.5, 8.75], "rotation": 90, "texture": "#0"},
				"down": {"uv": [9, 7.5, 10.5, 8.75], "rotation": 90, "texture": "#0"}
			}
		},
		{
			"from": [16.69697, 18.84319, 7.45476],
			"to": [17.79807, 22.84719, 8.52383],
			"rotation": {"angle": 45, "axis": "z", "origin": [8, 17.2, 8]},
			"faces": {
				"north": {"uv": [9, 7.5, 10.5, 8.75], "rotation": 90, "texture": "#0"},
				"east": {"uv": [9, 7.5, 10.5, 8.75], "rotation": 90, "texture": "#0"},
				"south": {"uv": [9, 7.5, 10.5, 8.75], "rotation": 90, "texture": "#0"},
				"west": {"uv": [9, 7.5, 10.5, 8.75], "rotation": 90, "texture": "#0"},
				"up": {"uv": [9, 7.5, 10.5, 8.75], "rotation": 90, "texture": "#0"},
				"down": {"uv": [9, 7.5, 10.5, 8.75], "rotation": 90, "texture": "#0"}
			}
		},
		{
			"from": [11.93923, 15.53597, 7.25456],
			"to": [13.44073, 20.54097, 8.72403],
			"rotation": {"angle": 22.5, "axis": "z", "origin": [8, 17.2, 8]},
			"faces": {
				"north": {"uv": [9, 7.5, 10.5, 8.75], "rotation": 90, "texture": "#0"},
				"east": {"uv": [9, 7.5, 10.5, 8.75], "rotation": 90, "texture": "#0"},
				"south": {"uv": [9, 7.5, 10.5, 8.75], "rotation": 90, "texture": "#0"},
				"west": {"uv": [9, 7.5, 10.5, 8.75], "rotation": 90, "texture": "#0"},
				"up": {"uv": [9, 7.5, 10.5, 8.75], "rotation": 90, "texture": "#0"},
				"down": {"uv": [9, 7.5, 10.5, 8.75], "rotation": 90, "texture": "#0"}
			}
		},
		{
			"from": [12.80399, 17.78147, 7.45476],
			"to": [13.90509, 21.28497, 8.52383],
			"rotation": {"angle": 45, "axis": "z", "origin": [8, 17.2, 8]},
			"faces": {
				"north": {"uv": [9, 7.5, 10.5, 8.75], "rotation": 90, "texture": "#0"},
				"east": {"uv": [9, 7.5, 10.5, 8.75], "rotation": 90, "texture": "#0"},
				"south": {"uv": [9, 7.5, 10.5, 8.75], "rotation": 90, "texture": "#0"},
				"west": {"uv": [9, 7.5, 10.5, 8.75], "rotation": 90, "texture": "#0"},
				"up": {"uv": [9, 7.5, 10.5, 8.75], "rotation": 90, "texture": "#0"},
				"down": {"uv": [9, 7.5, 10.5, 8.75], "rotation": 90, "texture": "#0"}
			}
		},
		{
			"from": [8.66955, 14.18163, 7.25456],
			"to": [10.17105, 19.18663, 8.72403],
			"rotation": {"angle": 22.5, "axis": "z", "origin": [8, 17.2, 8]},
			"faces": {
				"north": {"uv": [9, 7.5, 10.5, 8.75], "rotation": 90, "texture": "#0"},
				"east": {"uv": [9, 7.5, 10.5, 8.75], "rotation": 90, "texture": "#0"},
				"south": {"uv": [9, 7.5, 10.5, 8.75], "rotation": 90, "texture": "#0"},
				"west": {"uv": [9, 7.5, 10.5, 8.75], "rotation": 90, "texture": "#0"},
				"up": {"uv": [9, 7.5, 10.5, 8.75], "rotation": 90, "texture": "#0"},
				"down": {"uv": [9, 7.5, 10.5, 8.75], "rotation": 90, "texture": "#0"}
			}
		},
		{
			"from": [9.26493, 17.78147, 7.45476],
			"to": [10.36603, 20.78447, 8.52383],
			"rotation": {"angle": 45, "axis": "z", "origin": [8, 17.2, 8]},
			"faces": {
				"north": {"uv": [9, 7.5, 10.5, 8.75], "rotation": 90, "texture": "#0"},
				"east": {"uv": [9, 7.5, 10.5, 8.75], "rotation": 90, "texture": "#0"},
				"south": {"uv": [9, 7.5, 10.5, 8.75], "rotation": 90, "texture": "#0"},
				"west": {"uv": [9, 7.5, 10.5, 8.75], "rotation": 90, "texture": "#0"},
				"up": {"uv": [9, 7.5, 10.5, 8.75], "rotation": 90, "texture": "#0"},
				"down": {"uv": [9, 7.5, 10.5, 8.75], "rotation": 90, "texture": "#0"}
			}
		},
		{
			"from": [5.67075, 13.67485, 7.25456],
			"to": [7.17225, 17.17835, 8.72403],
			"rotation": {"angle": 22.5, "axis": "z", "origin": [8, 17.2, 8]},
			"faces": {
				"north": {"uv": [9, 7.5, 10.5, 8.75], "rotation": 90, "texture": "#0"},
				"east": {"uv": [9, 7.5, 10.5, 8.75], "rotation": 90, "texture": "#0"},
				"south": {"uv": [9, 7.5, 10.5, 8.75], "rotation": 90, "texture": "#0"},
				"west": {"uv": [9, 7.5, 10.5, 8.75], "rotation": 90, "texture": "#0"},
				"up": {"uv": [9, 7.5, 10.5, 8.75], "rotation": 90, "texture": "#0"},
				"down": {"uv": [9, 7.5, 10.5, 8.75], "rotation": 90, "texture": "#0"}
			}
		},
		{
			"from": [5.72586, 17.07366, 7.45476],
			"to": [6.82696, 20.07666, 8.52383],
			"rotation": {"angle": 45, "axis": "z", "origin": [8, 17.2, 8]},
			"faces": {
				"north": {"uv": [9, 7.5, 10.5, 8.75], "rotation": 90, "texture": "#0"},
				"east": {"uv": [9, 7.5, 10.5, 8.75], "rotation": 90, "texture": "#0"},
				"south": {"uv": [9, 7.5, 10.5, 8.75], "rotation": 90, "texture": "#0"},
				"west": {"uv": [9, 7.5, 10.5, 8.75], "rotation": 90, "texture": "#0"},
				"up": {"uv": [9, 7.5, 10.5, 8.75], "rotation": 90, "texture": "#0"},
				"down": {"uv": [9, 7.5, 10.5, 8.75], "rotation": 90, "texture": "#0"}
			}
		},
		{
			"from": [2.48041, 12.20517, 7.25456],
			"to": [3.98191, 14.70767, 8.72403],
			"rotation": {"angle": 22.5, "axis": "z", "origin": [8, 17.2, 8]},
			"faces": {
				"north": {"uv": [9, 7.5, 10.5, 8.75], "rotation": 90, "texture": "#0"},
				"east": {"uv": [9, 7.5, 10.5, 8.75], "rotation": 90, "texture": "#0"},
				"south": {"uv": [9, 7.5, 10.5, 8.75], "rotation": 90, "texture": "#0"},
				"west": {"uv": [9, 7.5, 10.5, 8.75], "rotation": 90, "texture": "#0"},
				"up": {"uv": [9, 7.5, 10.5, 8.75], "rotation": 90, "texture": "#0"},
				"down": {"uv": [9, 7.5, 10.5, 8.75], "rotation": 90, "texture": "#0"}
			}
		},
		{
			"from": [1.83288, 16.01194, 7.45476],
			"to": [2.93398, 18.51444, 8.52383],
			"rotation": {"angle": 45, "axis": "z", "origin": [8, 17.2, 8]},
			"faces": {
				"north": {"uv": [9, 7.5, 10.5, 8.75], "rotation": 90, "texture": "#0"},
				"east": {"uv": [9, 7.5, 10.5, 8.75], "rotation": 90, "texture": "#0"},
				"south": {"uv": [9, 7.5, 10.5, 8.75], "rotation": 90, "texture": "#0"},
				"west": {"uv": [9, 7.5, 10.5, 8.75], "rotation": 90, "texture": "#0"},
				"up": {"uv": [9, 7.5, 10.5, 8.75], "rotation": 90, "texture": "#0"},
				"down": {"uv": [9, 7.5, 10.5, 8.75], "rotation": 90, "texture": "#0"}
			}
		},
		{
			"from": [-4.17021, -6.35393, 8.17803],
			"to": [21.47062, 26.81729, 8.31453],
			"rotation": {"angle": 0, "axis": "y", "origin": [8, 17.2, 8]},
			"faces": {
				"north": {"uv": [0, 0, 12.5, 8], "rotation": 90, "texture": "#3"},
				"south": {"uv": [12.5, 0, 0, 8], "rotation": 270, "texture": "#3"}
			}
		}
	],
	"display": {
		"head": {
			"rotation": [0, 0, -90],
			"translation": [-66.25, 34.75, 0],
			"scale": [4, 4, 4]
		}
	},
	"groups": [
		{
			"name": "wing_l_open_scaled",
			"origin": [8, 8, 8],
			"color": 0,
			"children": [
				{
					"name": "2",
					"origin": [8, 8, 8],
					"color": 0,
					"children": [
						0,
						1,
						2,
						3,
						4,
						5,
						6,
						7,
						8,
						{
							"name": "group",
							"origin": [2.54497, 18.1905, 0.19971],
							"color": 0,
							"children": [9, 10, 11, 12, 13, 14, 15, 16, 17, 18]
						},
						19
					]
				}
			]
		}
	]
}