{
	"credit": "Made with Blockbench",
	"texture_size": [32, 32],
	"textures": {
		"0": "reus/head",
		"2": "reus/wing_0",
		"particle": "reus/head"
	},
	"elements": [
		{
			"from": [0.66997, 8.87042, 8.91622],
			"to": [14.77883, 11.79334, 11.58689],
			"rotation": {"angle": 0, "axis": "y", "origin": [10.43389, 9.06642, 10.50181]},
			"faces": {
				"north": {"uv": [2, 10.5, 4.25, 9.25], "rotation": 90, "texture": "#0"},
				"east": {"uv": [2, 10.5, 4.25, 9.25], "rotation": 90, "texture": "#0"},
				"south": {"uv": [2, 10.5, 4.25, 9.25], "rotation": 90, "texture": "#0"},
				"west": {"uv": [2, 10.5, 4.25, 9.25], "rotation": 90, "texture": "#0"},
				"up": {"uv": [2, 10.5, 4.25, 9.25], "rotation": 90, "texture": "#0"},
				"down": {"uv": [2, 10.5, 4.25, 9.25], "rotation": 90, "texture": "#0"}
			}
		},
		{
			"from": [0.66997, 8.36992, 8.41572],
			"to": [15.27933, 11.29284, 12.08739],
			"rotation": {"angle": 0, "axis": "y", "origin": [10.43389, 9.06642, 10.50181]},
			"faces": {
				"north": {"uv": [2, 10.5, 4.25, 9.25], "rotation": 90, "texture": "#0"},
				"east": {"uv": [2, 10.5, 4.25, 9.25], "rotation": 90, "texture": "#0"},
				"south": {"uv": [2, 10.5, 4.25, 9.25], "rotation": 90, "texture": "#0"},
				"west": {"uv": [2, 10.5, 4.25, 9.25], "rotation": 90, "texture": "#0"},
				"up": {"uv": [2, 10.5, 4.25, 9.25], "rotation": 90, "texture": "#0"},
				"down": {"uv": [2, 10.5, 4.25, 9.25], "rotation": 90, "texture": "#0"}
			}
		},
		{
			"from": [0.16947, 7.86942, 8.21552],
			"to": [3.33103, 11.49304, 12.28759],
			"rotation": {"angle": 0, "axis": "y", "origin": [10.43389, 9.06642, 10.50181]},
			"faces": {
				"north": {"uv": [2, 10.5, 4.25, 9.25], "rotation": 90, "texture": "#0"},
				"east": {"uv": [2, 10.5, 4.25, 9.25], "rotation": 90, "texture": "#0"},
				"south": {"uv": [2, 10.5, 4.25, 9.25], "rotation": 90, "texture": "#0"},
				"west": {"uv": [2, 10.5, 4.25, 9.25], "rotation": 90, "texture": "#0"},
				"up": {"uv": [2, 10.5, 4.25, 9.25], "rotation": 90, "texture": "#0"},
				"down": {"uv": [2, 10.5, 4.25, 9.25], "rotation": 90, "texture": "#0"}
			}
		},
		{
			"from": [1.0221, -6.74116, 10.48579],
			"to": [20.07932, 9.63359, 10.48579],
			"rotation": {"angle": 0, "axis": "y", "origin": [19.87719, 14.04969, 10.50003]},
			"faces": {
				"north": {"uv": [11.25, 0.75, 0, 9], "texture": "#2"},
				"south": {"uv": [0, 0.75, 11.25, 9], "texture": "#2"}
			}
		}
	],
	"display": {
		"head": {
			"translation": [25, -14, -9.75],
			"scale": [4, 4, 4]
		}
	},
	"groups": [
		{
			"name": "root",
			"origin": [8, 8, 8],
			"color": 0,
			"children": [
				{
					"name": "wing_l_close",
					"origin": [8, 8, 8],
					"color": 0,
					"children": [
						{
							"name": "0",
							"origin": [5.5, 8.44331, 2.22471],
							"color": 0,
							"children": [0, 1, 2, 3]
						}
					]
				}
			]
		}
	]
}