{
	"credit": "Made with Blockbench",
	"texture_size": [32, 32],
	"textures": {
		"0": "reus/head",
		"3": "reus/wing_1",
		"particle": "reus/head"
	},
	"elements": [
		{
			"from": [-6.27811, 13.36034, 6.14489],
			"to": [-2.77461, 18.28526, 9.81656],
			"rotation": {"angle": -45, "axis": "z", "origin": [8, 17.2, 8]},
			"faces": {
				"north": {"uv": [2, 10.5, 4.25, 9], "rotation": 90, "texture": "#0"},
				"east": {"uv": [2, 10.5, 4.25, 9], "rotation": 270, "texture": "#0"},
				"south": {"uv": [2, 10.5, 4.25, 9], "rotation": 270, "texture": "#0"},
				"west": {"uv": [2, 10.5, 4.25, 9], "rotation": 270, "texture": "#0"},
				"up": {"uv": [2, 10.5, 4.25, 9], "rotation": 270, "texture": "#0"},
				"down": {"uv": [2, 10.5, 4.25, 9], "rotation": 270, "texture": "#0"}
			}
		},
		{
			"from": [-5.67751, 17.86484, 6.74549],
			"to": [-2.97481, 20.78776, 9.21596],
			"rotation": {"angle": -45, "axis": "z", "origin": [8, 17.2, 8]},
			"faces": {
				"north": {"uv": [2, 10.5, 4.25, 9], "rotation": 90, "texture": "#0"},
				"east": {"uv": [2, 10.5, 4.25, 9], "rotation": 270, "texture": "#0"},
				"south": {"uv": [2, 10.5, 4.25, 9], "rotation": 270, "texture": "#0"},
				"west": {"uv": [2, 10.5, 4.25, 9], "rotation": 270, "texture": "#0"},
				"up": {"uv": [2, 10.5, 4.25, 9], "rotation": 270, "texture": "#0"},
				"down": {"uv": [2, 10.5, 4.25, 9], "rotation": 270, "texture": "#0"}
			}
		},
		{
			"from": [5.80871, 31.00648, 7.54629],
			"to": [8.31121, 31.90738, 8.41516],
			"rotation": {"angle": 0, "axis": "y", "origin": [8, 17.2, 8]},
			"faces": {
				"north": {"uv": [2.5, 3, 0.25, 4.5], "rotation": 180, "texture": "#0"},
				"east": {"uv": [2.5, 3, 0.25, 4.5], "texture": "#0"},
				"south": {"uv": [2.5, 3, 0.25, 4.5], "texture": "#0"},
				"west": {"uv": [2.5, 3, 0.25, 4.5], "texture": "#0"},
				"up": {"uv": [2.5, 3, 0.25, 4.5], "texture": "#0"},
				"down": {"uv": [2.5, 3, 0.25, 4.5], "texture": "#0"}
			}
		},
		{
			"from": [8.53121, 30.49611, 7.34609],
			"to": [11.93461, 31.79741, 8.61536],
			"rotation": {"angle": 22.5, "axis": "z", "origin": [8, 17.2, 8]},
			"faces": {
				"north": {"uv": [2.5, 3, 0.25, 4.5], "rotation": 180, "texture": "#0"},
				"east": {"uv": [2.5, 3, 0.25, 4.5], "texture": "#0"},
				"south": {"uv": [2.5, 3, 0.25, 4.5], "texture": "#0"},
				"west": {"uv": [2.5, 3, 0.25, 4.5], "texture": "#0"},
				"up": {"uv": [2.5, 3, 0.25, 4.5], "texture": "#0"},
				"down": {"uv": [2.5, 3, 0.25, 4.5], "texture": "#0"}
			}
		},
		{
			"from": [-5.37721, 19.16482, 7.04579],
			"to": [-3.27511, 23.66932, 8.91566],
			"rotation": {"angle": -45, "axis": "z", "origin": [8, 17.2, 8]},
			"faces": {
				"north": {"uv": [0.25, 4.5, 2.5, 3], "rotation": 90, "texture": "#0"},
				"east": {"uv": [0.25, 4.5, 2.5, 3], "rotation": 270, "texture": "#0"},
				"south": {"uv": [0.25, 4.5, 2.5, 3], "rotation": 270, "texture": "#0"},
				"west": {"uv": [0.25, 4.5, 2.5, 3], "rotation": 270, "texture": "#0"},
				"up": {"uv": [0.25, 4.5, 2.5, 3], "rotation": 270, "texture": "#0"},
				"down": {"uv": [0.25, 4.5, 2.5, 3], "rotation": 270, "texture": "#0"}
			}
		},
		{
			"from": [-6.82727, 13.56244, 6.85416],
			"to": [25.62515, 15.66454, 9.12443],
			"rotation": {"angle": -45, "axis": "z", "origin": [8, 17.2, 8]},
			"faces": {
				"north": {"uv": [4.25, 9.25, 2, 10.5], "texture": "#0"},
				"east": {"uv": [4.25, 9.25, 2, 10.5], "rotation": 180, "texture": "#0"},
				"south": {"uv": [4.25, 9.25, 2, 10.5], "rotation": 180, "texture": "#0"},
				"west": {"uv": [4.25, 9.25, 2, 10.5], "rotation": 180, "texture": "#0"},
				"up": {"uv": [4.25, 9.25, 2, 10.5], "rotation": 180, "texture": "#0"},
				"down": {"uv": [4.25, 9.25, 2, 10.5], "rotation": 180, "texture": "#0"}
			}
		},
		{
			"from": [10.71868, -5.48951, 6.52063],
			"to": [13.52148, 0.93691, 9.45796],
			"rotation": {"angle": 22.5, "axis": "z", "origin": [8, 17.2, 8]},
			"faces": {
				"north": {"uv": [2, 10.5, 4.25, 9.25], "rotation": 90, "texture": "#0"},
				"east": {"uv": [2, 10.5, 4.25, 9.25], "rotation": 90, "texture": "#0"},
				"south": {"uv": [2, 10.5, 4.25, 9.25], "rotation": 90, "texture": "#0"},
				"west": {"uv": [2, 10.5, 4.25, 9.25], "rotation": 90, "texture": "#0"},
				"up": {"uv": [2, 10.5, 4.25, 9.25], "rotation": 90, "texture": "#0"},
				"down": {"uv": [2, 10.5, 4.25, 9.25], "rotation": 90, "texture": "#0"}
			}
		},
		{
			"from": [11.11908, -8.99301, 6.92103],
			"to": [13.12108, -4.98901, 9.05756],
			"rotation": {"angle": 22.5, "axis": "z", "origin": [8, 17.2, 8]},
			"faces": {
				"north": {"uv": [1, 4.75, 2.25, 3.5], "rotation": 90, "texture": "#0"},
				"east": {"uv": [1, 4.75, 2.25, 3.5], "rotation": 90, "texture": "#0"},
				"south": {"uv": [1, 4.75, 2.25, 3.5], "rotation": 90, "texture": "#0"},
				"west": {"uv": [1, 4.75, 2.25, 3.5], "rotation": 90, "texture": "#0"},
				"up": {"uv": [1, 4.75, 2.25, 3.5], "rotation": 90, "texture": "#0"},
				"down": {"uv": [1, 4.75, 2.25, 3.5], "rotation": 90, "texture": "#0"}
			}
		},
		{
			"from": [21.04188, -8.19205, 7.32143],
			"to": [22.24308, -4.68855, 8.65716],
			"rotation": {"angle": 0, "axis": "y", "origin": [8, 17.2, 8]},
			"faces": {
				"north": {"uv": [1, 4.75, 2.25, 3.5], "rotation": 90, "texture": "#0"},
				"east": {"uv": [1, 4.75, 2.25, 3.5], "rotation": 90, "texture": "#0"},
				"south": {"uv": [1, 4.75, 2.25, 3.5], "rotation": 90, "texture": "#0"},
				"west": {"uv": [1, 4.75, 2.25, 3.5], "rotation": 90, "texture": "#0"},
				"up": {"uv": [1, 4.75, 2.25, 3.5], "rotation": 90, "texture": "#0"},
				"down": {"uv": [1, 4.75, 2.25, 3.5], "rotation": 90, "texture": "#0"}
			}
		},
		{
			"from": [-0.63107, 18.00665, 7.25456],
			"to": [0.87043, 23.01165, 8.72403],
			"rotation": {"angle": -22.5, "axis": "z", "origin": [8, 17.2, 8]},
			"faces": {
				"north": {"uv": [9, 8.75, 10.5, 7.5], "rotation": 90, "texture": "#0"},
				"east": {"uv": [9, 8.75, 10.5, 7.5], "rotation": 90, "texture": "#0"},
				"south": {"uv": [9, 8.75, 10.5, 7.5], "rotation": 90, "texture": "#0"},
				"west": {"uv": [9, 8.75, 10.5, 7.5], "rotation": 90, "texture": "#0"},
				"up": {"uv": [9, 8.75, 10.5, 7.5], "rotation": 90, "texture": "#0"},
				"down": {"uv": [9, 8.75, 10.5, 7.5], "rotation": 90, "texture": "#0"}
			}
		},
		{
			"from": [-1.79807, 18.84319, 7.45476],
			"to": [-0.69697, 22.84719, 8.52383],
			"rotation": {"angle": -45, "axis": "z", "origin": [8, 17.2, 8]},
			"faces": {
				"north": {"uv": [9, 8.75, 10.5, 7.5], "rotation": 90, "texture": "#0"},
				"east": {"uv": [9, 8.75, 10.5, 7.5], "rotation": 90, "texture": "#0"},
				"south": {"uv": [9, 8.75, 10.5, 7.5], "rotation": 90, "texture": "#0"},
				"west": {"uv": [9, 8.75, 10.5, 7.5], "rotation": 90, "texture": "#0"},
				"up": {"uv": [9, 8.75, 10.5, 7.5], "rotation": 90, "texture": "#0"},
				"down": {"uv": [9, 8.75, 10.5, 7.5], "rotation": 90, "texture": "#0"}
			}
		},
		{
			"from": [2.55927, 15.53597, 7.25456],
			"to": [4.06077, 20.54097, 8.72403],
			"rotation": {"angle": -22.5, "axis": "z", "origin": [8, 17.2, 8]},
			"faces": {
				"north": {"uv": [9, 8.75, 10.5, 7.5], "rotation": 90, "texture": "#0"},
				"east": {"uv": [9, 8.75, 10.5, 7.5], "rotation": 90, "texture": "#0"},
				"south": {"uv": [9, 8.75, 10.5, 7.5], "rotation": 90, "texture": "#0"},
				"west": {"uv": [9, 8.75, 10.5, 7.5], "rotation": 90, "texture": "#0"},
				"up": {"uv": [9, 8.75, 10.5, 7.5], "rotation": 90, "texture": "#0"},
				"down": {"uv": [9, 8.75, 10.5, 7.5], "rotation": 90, "texture": "#0"}
			}
		},
		{
			"from": [2.09491, 17.78147, 7.45476],
			"to": [3.19601, 21.28497, 8.52383],
			"rotation": {"angle": -45, "axis": "z", "origin": [8, 17.2, 8]},
			"faces": {
				"north": {"uv": [9, 8.75, 10.5, 7.5], "rotation": 90, "texture": "#0"},
				"east": {"uv": [9, 8.75, 10.5, 7.5], "rotation": 90, "texture": "#0"},
				"south": {"uv": [9, 8.75, 10.5, 7.5], "rotation": 90, "texture": "#0"},
				"west": {"uv": [9, 8.75, 10.5, 7.5], "rotation": 90, "texture": "#0"},
				"up": {"uv": [9, 8.75, 10.5, 7.5], "rotation": 90, "texture": "#0"},
				"down": {"uv": [9, 8.75, 10.5, 7.5], "rotation": 90, "texture": "#0"}
			}
		},
		{
			"from": [5.82895, 14.18163, 7.25456],
			"to": [7.33045, 19.18663, 8.72403],
			"rotation": {"angle": -22.5, "axis": "z", "origin": [8, 17.2, 8]},
			"faces": {
				"north": {"uv": [9, 8.75, 10.5, 7.5], "rotation": 90, "texture": "#0"},
				"east": {"uv": [9, 8.75, 10.5, 7.5], "rotation": 90, "texture": "#0"},
				"south": {"uv": [9, 8.75, 10.5, 7.5], "rotation": 90, "texture": "#0"},
				"west": {"uv": [9, 8.75, 10.5, 7.5], "rotation": 90, "texture": "#0"},
				"up": {"uv": [9, 8.75, 10.5, 7.5], "rotation": 90, "texture": "#0"},
				"down": {"uv": [9, 8.75, 10.5, 7.5], "rotation": 90, "texture": "#0"}
			}
		},
		{
			"from": [5.63397, 17.78147, 7.45476],
			"to": [6.73507, 20.78447, 8.52383],
			"rotation": {"angle": -45, "axis": "z", "origin": [8, 17.2, 8]},
			"faces": {
				"north": {"uv": [9, 8.75, 10.5, 7.5], "rotation": 90, "texture": "#0"},
				"east": {"uv": [9, 8.75, 10.5, 7.5], "rotation": 90, "texture": "#0"},
				"south": {"uv": [9, 8.75, 10.5, 7.5], "rotation": 90, "texture": "#0"},
				"west": {"uv": [9, 8.75, 10.5, 7.5], "rotation": 90, "texture": "#0"},
				"up": {"uv": [9, 8.75, 10.5, 7.5], "rotation": 90, "texture": "#0"},
				"down": {"uv": [9, 8.75, 10.5, 7.5], "rotation": 90, "texture": "#0"}
			}
		},
		{
			"from": [8.82775, 13.67485, 7.25456],
			"to": [10.32925, 17.17835, 8.72403],
			"rotation": {"angle": -22.5, "axis": "z", "origin": [8, 17.2, 8]},
			"faces": {
				"north": {"uv": [9, 8.75, 10.5, 7.5], "rotation": 90, "texture": "#0"},
				"east": {"uv": [9, 8.75, 10.5, 7.5], "rotation": 90, "texture": "#0"},
				"south": {"uv": [9, 8.75, 10.5, 7.5], "rotation": 90, "texture": "#0"},
				"west": {"uv": [9, 8.75, 10.5, 7.5], "rotation": 90, "texture": "#0"},
				"up": {"uv": [9, 8.75, 10.5, 7.5], "rotation": 90, "texture": "#0"},
				"down": {"uv": [9, 8.75, 10.5, 7.5], "rotation": 90, "texture": "#0"}
			}
		},
		{
			"from": [9.17304, 17.07366, 7.45476],
			"to": [10.27414, 20.07666, 8.52383],
			"rotation": {"angle": -45, "axis": "z", "origin": [8, 17.2, 8]},
			"faces": {
				"north": {"uv": [9, 8.75, 10.5, 7.5], "rotation": 90, "texture": "#0"},
				"east": {"uv": [9, 8.75, 10.5, 7.5], "rotation": 90, "texture": "#0"},
				"south": {"uv": [9, 8.75, 10.5, 7.5], "rotation": 90, "texture": "#0"},
				"west": {"uv": [9, 8.75, 10.5, 7.5], "rotation": 90, "texture": "#0"},
				"up": {"uv": [9, 8.75, 10.5, 7.5], "rotation": 90, "texture": "#0"},
				"down": {"uv": [9, 8.75, 10.5, 7.5], "rotation": 90, "texture": "#0"}
			}
		},
		{
			"from": [12.01809, 12.20517, 7.25456],
			"to": [13.51959, 14.70767, 8.72403],
			"rotation": {"angle": -22.5, "axis": "z", "origin": [8, 17.2, 8]},
			"faces": {
				"north": {"uv": [9, 8.75, 10.5, 7.5], "rotation": 90, "texture": "#0"},
				"east": {"uv": [9, 8.75, 10.5, 7.5], "rotation": 90, "texture": "#0"},
				"south": {"uv": [9, 8.75, 10.5, 7.5], "rotation": 90, "texture": "#0"},
				"west": {"uv": [9, 8.75, 10.5, 7.5], "rotation": 90, "texture": "#0"},
				"up": {"uv": [9, 8.75, 10.5, 7.5], "rotation": 90, "texture": "#0"},
				"down": {"uv": [9, 8.75, 10.5, 7.5], "rotation": 90, "texture": "#0"}
			}
		},
		{
			"from": [13.06602, 16.01194, 7.45476],
			"to": [14.16712, 18.51444, 8.52383],
			"rotation": {"angle": -45, "axis": "z", "origin": [8, 17.2, 8]},
			"faces": {
				"north": {"uv": [9, 8.75, 10.5, 7.5], "rotation": 90, "texture": "#0"},
				"east": {"uv": [9, 8.75, 10.5, 7.5], "rotation": 90, "texture": "#0"},
				"south": {"uv": [9, 8.75, 10.5, 7.5], "rotation": 90, "texture": "#0"},
				"west": {"uv": [9, 8.75, 10.5, 7.5], "rotation": 90, "texture": "#0"},
				"up": {"uv": [9, 8.75, 10.5, 7.5], "rotation": 90, "texture": "#0"},
				"down": {"uv": [9, 8.75, 10.5, 7.5], "rotation": 90, "texture": "#0"}
			}
		},
		{
			"from": [-5.47062, -6.35393, 8.17803],
			"to": [20.17021, 26.81729, 8.31453],
			"rotation": {"angle": 0, "axis": "y", "origin": [8, 17.2, 8]},
			"faces": {
				"north": {"uv": [0, 8, 12.5, 0], "rotation": 90, "texture": "#3"},
				"south": {"uv": [12.5, 8, 0, 0], "rotation": 270, "texture": "#3"}
			}
		}
	],
	"display": {
		"head": {
			"rotation": [0, 0, 90],
			"translation": [66.25, 34.75, 0],
			"scale": [4, 4, 4]
		}
	},
	"groups": [
		{
			"name": "wing_l_open_scaled",
			"origin": [8, 8, 8],
			"color": 0,
			"children": [
				{
					"name": "2",
					"origin": [8, 8, 8],
					"color": 0,
					"children": [
						0,
						1,
						2,
						3,
						4,
						5,
						6,
						7,
						8,
						{
							"name": "group",
							"origin": [2.54497, 18.1905, 0.19971],
							"color": 0,
							"children": [9, 10, 11, 12, 13, 14, 15, 16, 17, 18]
						},
						19
					]
				}
			]
		}
	]
}