{
	"credit": "Made with Blockbench",
	"texture_size": [32, 32],
	"textures": {
		"0": "reus/head",
		"2": "reus/wing_0",
		"particle": "reus/head"
	},
	"elements": [
		{
			"from": [17.65523, 10.46947, 8.65268],
			"to": [21.07865, 23.44082, 11.92395],
			"rotation": {"angle": 22.5, "axis": "z", "origin": [23.87144, 9.82302, 10.53857]},
			"faces": {
				"north": {"uv": [2, 9.25, 4.25, 10.5], "texture": "#0"},
				"east": {"uv": [2, 9.25, 4.25, 10.5], "texture": "#0"},
				"south": {"uv": [2, 9.25, 4.25, 10.5], "texture": "#0"},
				"west": {"uv": [2, 9.25, 4.25, 10.5], "texture": "#0"},
				"up": {"uv": [2, 9.25, 4.25, 10.5], "texture": "#0"},
				"down": {"uv": [2, 9.25, 4.25, 10.5], "texture": "#0"}
			}
		},
		{
			"from": [10.59321, 24.15012, 8.45248],
			"to": [15.51813, 27.65362, 12.12415],
			"rotation": {"angle": 45, "axis": "z", "origin": [19.35694, 25.65649, 10.28832]},
			"faces": {
				"north": {"uv": [2, 9.25, 4.25, 10.5], "texture": "#0"},
				"east": {"uv": [2, 9.25, 4.25, 10.5], "texture": "#0"},
				"south": {"uv": [2, 9.25, 4.25, 10.5], "texture": "#0"},
				"west": {"uv": [2, 9.25, 4.25, 10.5], "texture": "#0"},
				"up": {"uv": [2, 9.25, 4.25, 10.5], "texture": "#0"},
				"down": {"uv": [2, 9.25, 4.25, 10.5], "texture": "#0"}
			}
		},
		{
			"from": [15.09771, 24.75072, 9.05308],
			"to": [18.02063, 27.45342, 11.52355],
			"rotation": {"angle": 45, "axis": "z", "origin": [19.35694, 25.65649, 10.28832]},
			"faces": {
				"north": {"uv": [2, 9.25, 4.25, 10.5], "texture": "#0"},
				"east": {"uv": [2, 9.25, 4.25, 10.5], "texture": "#0"},
				"south": {"uv": [2, 9.25, 4.25, 10.5], "texture": "#0"},
				"west": {"uv": [2, 9.25, 4.25, 10.5], "texture": "#0"},
				"up": {"uv": [2, 9.25, 4.25, 10.5], "texture": "#0"},
				"down": {"uv": [2, 9.25, 4.25, 10.5], "texture": "#0"}
			}
		},
		{
			"from": [17.01963, 23.54952, 9.35338],
			"to": [21.52413, 25.65162, 11.22325],
			"rotation": {"angle": 45, "axis": "z", "origin": [17.85544, 24.15499, 10.28832]},
			"faces": {
				"north": {"uv": [9, 7.5, 10.5, 8.75], "texture": "#0"},
				"east": {"uv": [9, 7.5, 10.5, 8.75], "texture": "#0"},
				"south": {"uv": [9, 7.5, 10.5, 8.75], "texture": "#0"},
				"west": {"uv": [9, 7.5, 10.5, 8.75], "texture": "#0"},
				"up": {"uv": [9, 7.5, 10.5, 8.75], "texture": "#0"},
				"down": {"uv": [9, 7.5, 10.5, 8.75], "texture": "#0"}
			}
		},
		{
			"from": [20.49082, 26.07639, 9.65368],
			"to": [21.79212, 29.47979, 10.92295],
			"rotation": {"angle": -22.5, "axis": "z", "origin": [21.24791, 29.2567, 10.28832]},
			"faces": {
				"north": {"uv": [9, 7.5, 10.5, 8.75], "rotation": 90, "texture": "#0"},
				"east": {"uv": [9, 7.5, 10.5, 8.75], "rotation": 90, "texture": "#0"},
				"south": {"uv": [9, 7.5, 10.5, 8.75], "rotation": 90, "texture": "#0"},
				"west": {"uv": [9, 7.5, 10.5, 8.75], "rotation": 90, "texture": "#0"},
				"up": {"uv": [9, 7.5, 10.5, 8.75], "rotation": 90, "texture": "#0"},
				"down": {"uv": [9, 7.5, 10.5, 8.75], "rotation": 90, "texture": "#0"}
			}
		},
		{
			"from": [20.65059, 29.01433, 9.85388],
			"to": [21.55149, 31.51683, 10.72275],
			"rotation": {"angle": 0, "axis": "y", "origin": [21.80174, 30.06538, 10.28832]},
			"faces": {
				"north": {"uv": [9, 7.5, 10.5, 8.75], "rotation": 90, "texture": "#0"},
				"east": {"uv": [9, 7.5, 10.5, 8.75], "rotation": 90, "texture": "#0"},
				"south": {"uv": [9, 7.5, 10.5, 8.75], "rotation": 90, "texture": "#0"},
				"west": {"uv": [9, 7.5, 10.5, 8.75], "rotation": 90, "texture": "#0"},
				"up": {"uv": [9, 7.5, 10.5, 8.75], "rotation": 90, "texture": "#0"},
				"down": {"uv": [9, 7.5, 10.5, 8.75], "rotation": 90, "texture": "#0"}
			}
		},
		{
			"from": [12.58826, -16, 9.85388],
			"to": [13.83951, 20.36875, 10.72275],
			"rotation": {"angle": 0, "axis": "y", "origin": [10.42246, 12.43719, 10.28832]},
			"faces": {
				"north": {"uv": [1.5, 10.5, 2.75, 11.75], "rotation": 90, "texture": "#0"},
				"east": {"uv": [1.5, 10.5, 2.75, 11.75], "rotation": 90, "texture": "#0"},
				"south": {"uv": [1.5, 10.5, 2.75, 11.75], "rotation": 90, "texture": "#0"},
				"west": {"uv": [1.5, 10.5, 2.75, 11.75], "rotation": 90, "texture": "#0"},
				"up": {"uv": [1.5, 10.5, 2.75, 11.75], "rotation": 90, "texture": "#0"},
				"down": {"uv": [1.5, 10.5, 2.75, 11.75], "rotation": 90, "texture": "#0"}
			}
		},
		{
			"from": [-8.7772, -2.27712, 9.15318],
			"to": [-6.6751, 30.1753, 11.42345],
			"rotation": {"angle": -45, "axis": "z", "origin": [-5.24721, -0.71134, 10.33517]},
			"faces": {
				"north": {"uv": [2, 9.25, 4.25, 10.5], "rotation": 90, "texture": "#0"},
				"east": {"uv": [2, 9.25, 4.25, 10.5], "rotation": 90, "texture": "#0"},
				"south": {"uv": [2, 9.25, 4.25, 10.5], "rotation": 90, "texture": "#0"},
				"west": {"uv": [2, 9.25, 4.25, 10.5], "rotation": 90, "texture": "#0"},
				"up": {"uv": [2, 9.25, 4.25, 10.5], "rotation": 90, "texture": "#0"},
				"down": {"uv": [2, 9.25, 4.25, 10.5], "rotation": 90, "texture": "#0"}
			}
		},
		{
			"from": [-9.3029, -6.62547, 8.81965],
			"to": [-6.5001, -0.19905, 11.75699],
			"rotation": {"angle": -22.5, "axis": "z", "origin": [-5.24721, -0.71134, 10.33517]},
			"faces": {
				"north": {"uv": [2, 9.25, 4.25, 10.5], "rotation": 90, "texture": "#0"},
				"east": {"uv": [2, 9.25, 4.25, 10.5], "rotation": 90, "texture": "#0"},
				"south": {"uv": [2, 9.25, 4.25, 10.5], "rotation": 90, "texture": "#0"},
				"west": {"uv": [2, 9.25, 4.25, 10.5], "rotation": 90, "texture": "#0"},
				"up": {"uv": [2, 9.25, 4.25, 10.5], "rotation": 90, "texture": "#0"},
				"down": {"uv": [2, 9.25, 4.25, 10.5], "rotation": 90, "texture": "#0"}
			}
		},
		{
			"from": [-8.9025, -10.12897, 9.22005],
			"to": [-6.9005, -6.12497, 11.35659],
			"rotation": {"angle": -22.5, "axis": "z", "origin": [-5.24721, -0.71134, 10.33517]},
			"faces": {
				"north": {"uv": [1, 3.5, 2.25, 4.75], "rotation": 90, "texture": "#0"},
				"east": {"uv": [1, 3.5, 2.25, 4.75], "rotation": 90, "texture": "#0"},
				"south": {"uv": [1, 3.5, 2.25, 4.75], "rotation": 90, "texture": "#0"},
				"west": {"uv": [1, 3.5, 2.25, 4.75], "rotation": 90, "texture": "#0"},
				"up": {"uv": [1, 3.5, 2.25, 4.75], "rotation": 90, "texture": "#0"},
				"down": {"uv": [1, 3.5, 2.25, 4.75], "rotation": 90, "texture": "#0"}
			}
		},
		{
			"from": [-11.71642, -11.1659, 9.62045],
			"to": [-10.51522, -7.6624, 10.95619],
			"rotation": {"angle": 0, "axis": "y", "origin": [-5.24721, -0.71134, 10.33517]},
			"faces": {
				"north": {"uv": [1, 3.5, 2.25, 4.75], "rotation": 90, "texture": "#0"},
				"east": {"uv": [1, 3.5, 2.25, 4.75], "rotation": 90, "texture": "#0"},
				"south": {"uv": [1, 3.5, 2.25, 4.75], "rotation": 90, "texture": "#0"},
				"west": {"uv": [1, 3.5, 2.25, 4.75], "rotation": 90, "texture": "#0"},
				"up": {"uv": [1, 3.5, 2.25, 4.75], "rotation": 90, "texture": "#0"},
				"down": {"uv": [1, 3.5, 2.25, 4.75], "rotation": 90, "texture": "#0"}
			}
		},
		{
			"from": [-10.38035, -16, 10.47705],
			"to": [18.82337, 23.84399, 10.61355],
			"rotation": {"angle": 0, "axis": "y", "origin": [-5.24721, -0.71134, 10.33517]},
			"faces": {
				"north": {"uv": [0, 9, 16, 16], "texture": "#2"},
				"south": {"uv": [16, 9, 0, 16], "texture": "#2"}
			}
		},
		{
			"from": [10.63303, 21.02316, 9.55358],
			"to": [12.13453, 26.02816, 11.02305],
			"rotation": {"angle": 22.5, "axis": "z", "origin": [11.01794, 25.32438, 10.28832]},
			"faces": {
				"north": {"uv": [9, 7.5, 10.5, 8.75], "rotation": 90, "texture": "#0"},
				"east": {"uv": [9, 7.5, 10.5, 8.75], "rotation": 90, "texture": "#0"},
				"south": {"uv": [9, 7.5, 10.5, 8.75], "rotation": 90, "texture": "#0"},
				"west": {"uv": [9, 7.5, 10.5, 8.75], "rotation": 90, "texture": "#0"},
				"up": {"uv": [9, 7.5, 10.5, 8.75], "rotation": 90, "texture": "#0"},
				"down": {"uv": [9, 7.5, 10.5, 8.75], "rotation": 90, "texture": "#0"}
			}
		},
		{
			"from": [7.21414, 25.12418, 9.75378],
			"to": [11.21814, 26.22528, 10.82285],
			"rotation": {"angle": -45, "axis": "z", "origin": [11.01794, 25.32438, 10.28832]},
			"faces": {
				"north": {"uv": [9, 7.5, 10.5, 8.75], "rotation": 180, "texture": "#0"},
				"east": {"uv": [9, 7.5, 10.5, 8.75], "texture": "#0"},
				"south": {"uv": [9, 7.5, 10.5, 8.75], "texture": "#0"},
				"west": {"uv": [9, 7.5, 10.5, 8.75], "texture": "#0"},
				"up": {"uv": [9, 7.5, 10.5, 8.75], "texture": "#0"},
				"down": {"uv": [9, 7.5, 10.5, 8.75], "texture": "#0"}
			}
		},
		{
			"from": [9.47839, 16.46104, 9.55358],
			"to": [10.97989, 21.46604, 11.02305],
			"rotation": {"angle": 22.5, "axis": "z", "origin": [6.77859, 19.16158, 10.28832]},
			"faces": {
				"north": {"uv": [9, 7.5, 10.5, 8.75], "rotation": 90, "texture": "#0"},
				"east": {"uv": [9, 7.5, 10.5, 8.75], "rotation": 90, "texture": "#0"},
				"south": {"uv": [9, 7.5, 10.5, 8.75], "rotation": 90, "texture": "#0"},
				"west": {"uv": [9, 7.5, 10.5, 8.75], "rotation": 90, "texture": "#0"},
				"up": {"uv": [9, 7.5, 10.5, 8.75], "rotation": 90, "texture": "#0"},
				"down": {"uv": [9, 7.5, 10.5, 8.75], "rotation": 90, "texture": "#0"}
			}
		},
		{
			"from": [3.17692, 22.42384, 9.75378],
			"to": [6.68042, 23.52494, 10.82285],
			"rotation": {"angle": -45, "axis": "z", "origin": [6.77859, 19.16158, 10.28832]},
			"faces": {
				"north": {"uv": [9, 7.5, 10.5, 8.75], "rotation": 180, "texture": "#0"},
				"east": {"uv": [9, 7.5, 10.5, 8.75], "texture": "#0"},
				"south": {"uv": [9, 7.5, 10.5, 8.75], "texture": "#0"},
				"west": {"uv": [9, 7.5, 10.5, 8.75], "texture": "#0"},
				"up": {"uv": [9, 7.5, 10.5, 8.75], "texture": "#0"},
				"down": {"uv": [9, 7.5, 10.5, 8.75], "texture": "#0"}
			}
		},
		{
			"from": [6.20871, 15.1067, 9.55358],
			"to": [7.71021, 20.1117, 11.02305],
			"rotation": {"angle": 22.5, "axis": "z", "origin": [6.77859, 19.16158, 10.28832]},
			"faces": {
				"north": {"uv": [9, 7.5, 10.5, 8.75], "rotation": 90, "texture": "#0"},
				"east": {"uv": [9, 7.5, 10.5, 8.75], "rotation": 90, "texture": "#0"},
				"south": {"uv": [9, 7.5, 10.5, 8.75], "rotation": 90, "texture": "#0"},
				"west": {"uv": [9, 7.5, 10.5, 8.75], "rotation": 90, "texture": "#0"},
				"up": {"uv": [9, 7.5, 10.5, 8.75], "rotation": 90, "texture": "#0"},
				"down": {"uv": [9, 7.5, 10.5, 8.75], "rotation": 90, "texture": "#0"}
			}
		},
		{
			"from": [3.67742, 18.88477, 9.75378],
			"to": [6.68042, 19.98587, 10.82285],
			"rotation": {"angle": -45, "axis": "z", "origin": [6.77859, 19.16158, 10.28832]},
			"faces": {
				"north": {"uv": [9, 7.5, 10.5, 8.75], "rotation": 180, "texture": "#0"},
				"east": {"uv": [9, 7.5, 10.5, 8.75], "texture": "#0"},
				"south": {"uv": [9, 7.5, 10.5, 8.75], "texture": "#0"},
				"west": {"uv": [9, 7.5, 10.5, 8.75], "texture": "#0"},
				"up": {"uv": [9, 7.5, 10.5, 8.75], "texture": "#0"},
				"down": {"uv": [9, 7.5, 10.5, 8.75], "texture": "#0"}
			}
		},
		{
			"from": [3.20991, 14.59992, 9.55358],
			"to": [4.71141, 18.10342, 11.02305],
			"rotation": {"angle": 22.5, "axis": "z", "origin": [6.77859, 19.16158, 10.28832]},
			"faces": {
				"north": {"uv": [9, 7.5, 10.5, 8.75], "rotation": 90, "texture": "#0"},
				"east": {"uv": [9, 7.5, 10.5, 8.75], "rotation": 90, "texture": "#0"},
				"south": {"uv": [9, 7.5, 10.5, 8.75], "rotation": 90, "texture": "#0"},
				"west": {"uv": [9, 7.5, 10.5, 8.75], "rotation": 90, "texture": "#0"},
				"up": {"uv": [9, 7.5, 10.5, 8.75], "rotation": 90, "texture": "#0"},
				"down": {"uv": [9, 7.5, 10.5, 8.75], "rotation": 90, "texture": "#0"}
			}
		},
		{
			"from": [4.38524, 15.3457, 9.75378],
			"to": [7.38824, 16.4468, 10.82285],
			"rotation": {"angle": -45, "axis": "z", "origin": [6.77859, 19.16158, 10.28832]},
			"faces": {
				"north": {"uv": [9, 7.5, 10.5, 8.75], "rotation": 180, "texture": "#0"},
				"east": {"uv": [9, 7.5, 10.5, 8.75], "texture": "#0"},
				"south": {"uv": [9, 7.5, 10.5, 8.75], "texture": "#0"},
				"west": {"uv": [9, 7.5, 10.5, 8.75], "texture": "#0"},
				"up": {"uv": [9, 7.5, 10.5, 8.75], "texture": "#0"},
				"down": {"uv": [9, 7.5, 10.5, 8.75], "texture": "#0"}
			}
		},
		{
			"from": [0.01957, 13.13024, 9.55358],
			"to": [1.52107, 15.63274, 11.02305],
			"rotation": {"angle": 22.5, "axis": "z", "origin": [6.77859, 19.16158, 10.28832]},
			"faces": {
				"north": {"uv": [9, 7.5, 10.5, 8.75], "rotation": 90, "texture": "#0"},
				"east": {"uv": [9, 7.5, 10.5, 8.75], "rotation": 90, "texture": "#0"},
				"south": {"uv": [9, 7.5, 10.5, 8.75], "rotation": 90, "texture": "#0"},
				"west": {"uv": [9, 7.5, 10.5, 8.75], "rotation": 90, "texture": "#0"},
				"up": {"uv": [9, 7.5, 10.5, 8.75], "rotation": 90, "texture": "#0"},
				"down": {"uv": [9, 7.5, 10.5, 8.75], "rotation": 90, "texture": "#0"}
			}
		},
		{
			"from": [5.94746, 11.45272, 9.75378],
			"to": [8.44996, 12.55382, 10.82285],
			"rotation": {"angle": -45, "axis": "z", "origin": [6.77859, 19.16158, 10.28832]},
			"faces": {
				"north": {"uv": [9, 7.5, 10.5, 8.75], "rotation": 180, "texture": "#0"},
				"east": {"uv": [9, 7.5, 10.5, 8.75], "texture": "#0"},
				"south": {"uv": [9, 7.5, 10.5, 8.75], "texture": "#0"},
				"west": {"uv": [9, 7.5, 10.5, 8.75], "texture": "#0"},
				"up": {"uv": [9, 7.5, 10.5, 8.75], "texture": "#0"},
				"down": {"uv": [9, 7.5, 10.5, 8.75], "texture": "#0"}
			}
		}
	],
	"display": {
		"head": {
			"translation": [-44.5, -14, -9.75],
			"scale": [4, 4, 4]
		}
	},
	"groups": [
		{
			"name": "root",
			"origin": [8, 8, 8],
			"color": 0,
			"children": [
				{
					"name": "wing_l_close",
					"origin": [8, 8, 8],
					"color": 0,
					"children": [
						{
							"name": "1",
							"origin": [5.5, 8.44331, 2.22471],
							"color": 0,
							"children": [0, 1, 2, 3, 4, 5, 6]
						},
						{
							"name": "2",
							"origin": [8, 8, 8],
							"color": 0,
							"children": [
								7,
								8,
								9,
								10,
								11,
								{
									"name": "group",
									"origin": [2.54497, 18.1905, 0.19971],
									"color": 0,
									"children": [12, 13, 14, 15, 16, 17, 18, 19, 20, 21]
								}
							]
						}
					]
				}
			]
		}
	]
}