{
	"credit": "Made with Blockbench",
	"texture_size": [32, 32],
	"textures": {
		"2": "reia/head",
		"3": "reia/wing"
	},
	"elements": [
		{
			"from": [-0.92224, 8.18995, 7.20953],
			"to": [15.1247, 10.06195, 8.73833],
			"rotation": {"angle": 22.5, "axis": "z", "origin": [10.54982, 5.93654, 7.9722]},
			"faces": {
				"north": {"uv": [8.5, 1.75, 9.25, 3.5], "rotation": 90, "texture": "#2"},
				"east": {"uv": [8.5, 1.75, 9.25, 3.5], "rotation": 90, "texture": "#2"},
				"south": {"uv": [8.5, 1.75, 9.25, 3.5], "rotation": 90, "texture": "#2"},
				"west": {"uv": [8.5, 1.75, 9.25, 3.5], "rotation": 90, "texture": "#2"},
				"up": {"uv": [8.5, 1.75, 9.25, 3.5], "rotation": 90, "texture": "#2"},
				"down": {"uv": [1.5, 10.5, 3, 11.75], "rotation": 90, "texture": "#2"}
			}
		},
		{
			"from": [-14.33895, 12.25979, 7.40453],
			"to": [1.70799, 13.83929, 8.54333],
			"rotation": {"angle": 45, "axis": "z", "origin": [10.54982, 5.93654, 7.9722]},
			"faces": {
				"north": {"uv": [8.5, 1.75, 9.25, 3.5], "rotation": 90, "texture": "#2"},
				"east": {"uv": [8.5, 1.75, 9.25, 3.5], "rotation": 90, "texture": "#2"},
				"south": {"uv": [8.5, 1.75, 9.25, 3.5], "rotation": 90, "texture": "#2"},
				"west": {"uv": [8.5, 1.75, 9.25, 3.5], "rotation": 90, "texture": "#2"},
				"up": {"uv": [8.5, 1.75, 9.25, 3.5], "rotation": 90, "texture": "#2"},
				"down": {"uv": [1.5, 10.5, 3, 11.75], "rotation": 90, "texture": "#2"}
			}
		},
		{
			"from": [-11.61831, -10.82225, 7.59953],
			"to": [-10.62381, -6.57281, 8.34833],
			"rotation": {"angle": -22.5, "axis": "z", "origin": [-10.43856, -4.99253, 7.97393]},
			"faces": {
				"north": {"uv": [9.25, 7.75, 10, 9.5], "rotation": 180, "texture": "#2"},
				"east": {"uv": [9.25, 7.75, 10, 9.5], "rotation": 180, "texture": "#2"},
				"south": {"uv": [9.25, 7.75, 10, 9.5], "rotation": 180, "texture": "#2"},
				"west": {"uv": [9.25, 7.75, 10, 9.5], "rotation": 180, "texture": "#2"},
				"up": {"uv": [9.25, 7.75, 10, 9.5], "rotation": 180, "texture": "#2"},
				"down": {"uv": [9.25, 7.75, 10, 9.5], "rotation": 180, "texture": "#2"}
			}
		},
		{
			"from": [10.66674, -14.52127, 7.40453],
			"to": [11.56374, 10.78817, 8.54333],
			"rotation": {"angle": -22.5, "axis": "z", "origin": [10.54982, 5.93654, 7.9722]},
			"faces": {
				"north": {"uv": [7, 0.5, 7.5, 11.5], "texture": "#3"},
				"east": {"uv": [7, 0.5, 7.5, 11.5], "texture": "#3"},
				"south": {"uv": [7, 0.5, 7.5, 11.5], "texture": "#3"},
				"west": {"uv": [7, 0.5, 7.5, 11.5], "texture": "#3"},
				"up": {"uv": [7, 0.5, 7.5, 11.5], "texture": "#3"},
				"down": {"uv": [7, 0.5, 7.5, 11.5], "texture": "#3"}
			}
		},
		{
			"from": [-11.89479, -13.38361, 7.95833],
			"to": [13.47471, 9.97583, 7.95833],
			"rotation": {"angle": 0, "axis": "y", "origin": [10.54982, 5.93654, 7.9722]},
			"faces": {
				"north": {"uv": [6, 0, 16, 12], "texture": "#3"},
				"east": {"uv": [0, 0, 0, 0], "texture": "#3"},
				"south": {"uv": [16, 0, 6, 12], "texture": "#3"},
				"west": {"uv": [0, 0, 0, 0], "texture": "#3"},
				"up": {"uv": [0, 0, 0, 0], "texture": "#3"},
				"down": {"uv": [0, 0, 0, 0], "texture": "#3"}
			}
		},
		{
			"from": [9.16681, 13.9883, 7.79453],
			"to": [9.61375, 15.5678, 8.18453],
			"rotation": {"angle": 45, "axis": "z", "origin": [9.39028, 13.41305, 7.98953]},
			"faces": {
				"north": {"uv": [0.75, 3.5, 1.75, 4.25], "texture": "#2"},
				"east": {"uv": [0.75, 3.5, 1.75, 4.25], "texture": "#2"},
				"south": {"uv": [0.75, 3.5, 1.75, 4.25], "texture": "#2"},
				"west": {"uv": [0.75, 3.5, 1.75, 4.25], "texture": "#2"},
				"up": {"uv": [0.75, 3.5, 1.75, 4.25], "texture": "#2"},
				"down": {"uv": [0.75, 3.5, 1.75, 4.25], "texture": "#2"}
			}
		},
		{
			"from": [8.97181, 12.4283, 7.59953],
			"to": [9.80875, 14.5928, 8.37953],
			"rotation": {"angle": 45, "axis": "z", "origin": [9.39028, 13.41305, 7.98953]},
			"faces": {
				"north": {"uv": [0.75, 3.5, 1.75, 4.25], "texture": "#2"},
				"east": {"uv": [0.75, 3.5, 1.75, 4.25], "texture": "#2"},
				"south": {"uv": [0.75, 3.5, 1.75, 4.25], "texture": "#2"},
				"west": {"uv": [0.75, 3.5, 1.75, 4.25], "texture": "#2"},
				"up": {"uv": [0.75, 3.5, 1.75, 4.25], "texture": "#2"},
				"down": {"uv": [0.75, 3.5, 1.75, 4.25], "texture": "#2"}
			}
		},
		{
			"from": [11.99433, 9.42368, 7.40453],
			"to": [13.22127, 12.75818, 8.57453],
			"rotation": {"angle": 22.5, "axis": "z", "origin": [10.54982, 5.93654, 7.8747]},
			"faces": {
				"north": {"uv": [0.75, 3.5, 1.75, 4.25], "texture": "#2"},
				"east": {"uv": [0.75, 3.5, 1.75, 4.25], "texture": "#2"},
				"south": {"uv": [0.75, 3.5, 1.75, 4.25], "texture": "#2"},
				"west": {"uv": [0.75, 3.5, 1.75, 4.25], "texture": "#2"},
				"up": {"uv": [0.75, 3.5, 1.75, 4.25], "texture": "#2"},
				"down": {"uv": [0.75, 3.5, 1.75, 4.25], "texture": "#2"}
			}
		},
		{
			"from": [6.24181, 12.0383, 7.79453],
			"to": [6.68875, 13.6178, 8.18453],
			"rotation": {"angle": 45, "axis": "z", "origin": [6.46528, 11.46305, 7.98953]},
			"faces": {
				"north": {"uv": [0.75, 3.5, 1.75, 4.25], "texture": "#2"},
				"east": {"uv": [0.75, 3.5, 1.75, 4.25], "texture": "#2"},
				"south": {"uv": [0.75, 3.5, 1.75, 4.25], "texture": "#2"},
				"west": {"uv": [0.75, 3.5, 1.75, 4.25], "texture": "#2"},
				"up": {"uv": [0.75, 3.5, 1.75, 4.25], "texture": "#2"},
				"down": {"uv": [0.75, 3.5, 1.75, 4.25], "texture": "#2"}
			}
		},
		{
			"from": [6.04681, 10.4783, 7.59953],
			"to": [6.88375, 12.4478, 8.37953],
			"rotation": {"angle": 45, "axis": "z", "origin": [6.46528, 11.46305, 7.98953]},
			"faces": {
				"north": {"uv": [0.75, 3.5, 1.75, 4.25], "texture": "#2"},
				"east": {"uv": [0.75, 3.5, 1.75, 4.25], "texture": "#2"},
				"south": {"uv": [0.75, 3.5, 1.75, 4.25], "texture": "#2"},
				"west": {"uv": [0.75, 3.5, 1.75, 4.25], "texture": "#2"},
				"up": {"uv": [0.75, 3.5, 1.75, 4.25], "texture": "#2"},
				"down": {"uv": [0.75, 3.5, 1.75, 4.25], "texture": "#2"}
			}
		},
		{
			"from": [9.06933, 7.47368, 7.40453],
			"to": [10.29627, 10.80818, 8.57453],
			"rotation": {"angle": 22.5, "axis": "z", "origin": [7.62482, 3.98654, 7.8747]},
			"faces": {
				"north": {"uv": [0.75, 3.5, 1.75, 4.25], "texture": "#2"},
				"east": {"uv": [0.75, 3.5, 1.75, 4.25], "texture": "#2"},
				"south": {"uv": [0.75, 3.5, 1.75, 4.25], "texture": "#2"},
				"west": {"uv": [0.75, 3.5, 1.75, 4.25], "texture": "#2"},
				"up": {"uv": [0.75, 3.5, 1.75, 4.25], "texture": "#2"},
				"down": {"uv": [0.75, 3.5, 1.75, 4.25], "texture": "#2"}
			}
		},
		{
			"from": [3.70681, 10.0883, 7.79453],
			"to": [4.15375, 11.6678, 8.18453],
			"rotation": {"angle": 45, "axis": "z", "origin": [3.93028, 9.51305, 7.98953]},
			"faces": {
				"north": {"uv": [0.75, 3.5, 1.75, 4.25], "texture": "#2"},
				"east": {"uv": [0.75, 3.5, 1.75, 4.25], "texture": "#2"},
				"south": {"uv": [0.75, 3.5, 1.75, 4.25], "texture": "#2"},
				"west": {"uv": [0.75, 3.5, 1.75, 4.25], "texture": "#2"},
				"up": {"uv": [0.75, 3.5, 1.75, 4.25], "texture": "#2"},
				"down": {"uv": [0.75, 3.5, 1.75, 4.25], "texture": "#2"}
			}
		},
		{
			"from": [3.51181, 8.5283, 7.59953],
			"to": [4.34875, 10.3028, 8.37953],
			"rotation": {"angle": 45, "axis": "z", "origin": [3.93028, 9.51305, 7.98953]},
			"faces": {
				"north": {"uv": [0.75, 3.5, 1.75, 4.25], "texture": "#2"},
				"east": {"uv": [0.75, 3.5, 1.75, 4.25], "texture": "#2"},
				"south": {"uv": [0.75, 3.5, 1.75, 4.25], "texture": "#2"},
				"west": {"uv": [0.75, 3.5, 1.75, 4.25], "texture": "#2"},
				"up": {"uv": [0.75, 3.5, 1.75, 4.25], "texture": "#2"},
				"down": {"uv": [0.75, 3.5, 1.75, 4.25], "texture": "#2"}
			}
		},
		{
			"from": [6.53433, 6.88868, 7.40453],
			"to": [7.76127, 8.85818, 8.57453],
			"rotation": {"angle": 22.5, "axis": "z", "origin": [5.08982, 2.03654, 7.8747]},
			"faces": {
				"north": {"uv": [0.75, 3.5, 1.75, 4.25], "texture": "#2"},
				"east": {"uv": [0.75, 3.5, 1.75, 4.25], "texture": "#2"},
				"south": {"uv": [0.75, 3.5, 1.75, 4.25], "texture": "#2"},
				"west": {"uv": [0.75, 3.5, 1.75, 4.25], "texture": "#2"},
				"up": {"uv": [0.75, 3.5, 1.75, 4.25], "texture": "#2"},
				"down": {"uv": [0.75, 3.5, 1.75, 4.25], "texture": "#2"}
			}
		},
		{
			"from": [0.78181, 8.0408, 7.79453],
			"to": [1.22875, 9.6203, 8.18453],
			"rotation": {"angle": 45, "axis": "z", "origin": [1.00528, 7.95305, 7.98953]},
			"faces": {
				"north": {"uv": [0.75, 3.5, 1.75, 4.25], "texture": "#2"},
				"east": {"uv": [0.75, 3.5, 1.75, 4.25], "texture": "#2"},
				"south": {"uv": [0.75, 3.5, 1.75, 4.25], "texture": "#2"},
				"west": {"uv": [0.75, 3.5, 1.75, 4.25], "texture": "#2"},
				"up": {"uv": [0.75, 3.5, 1.75, 4.25], "texture": "#2"},
				"down": {"uv": [0.75, 3.5, 1.75, 4.25], "texture": "#2"}
			}
		},
		{
			"from": [0.58681, 6.9683, 7.59953],
			"to": [1.42375, 8.4503, 8.37953],
			"rotation": {"angle": 45, "axis": "z", "origin": [1.00528, 7.95305, 7.98953]},
			"faces": {
				"north": {"uv": [0.75, 3.5, 1.75, 4.25], "texture": "#2"},
				"east": {"uv": [0.75, 3.5, 1.75, 4.25], "texture": "#2"},
				"south": {"uv": [0.75, 3.5, 1.75, 4.25], "texture": "#2"},
				"west": {"uv": [0.75, 3.5, 1.75, 4.25], "texture": "#2"},
				"up": {"uv": [0.75, 3.5, 1.75, 4.25], "texture": "#2"},
				"down": {"uv": [0.75, 3.5, 1.75, 4.25], "texture": "#2"}
			}
		},
		{
			"from": [3.60933, 5.13368, 7.40453],
			"to": [4.83627, 7.29818, 8.57453],
			"rotation": {"angle": 22.5, "axis": "z", "origin": [2.16482, 0.28154, 7.8747]},
			"faces": {
				"north": {"uv": [0.75, 3.5, 1.75, 4.25], "texture": "#2"},
				"east": {"uv": [0.75, 3.5, 1.75, 4.25], "texture": "#2"},
				"south": {"uv": [0.75, 3.5, 1.75, 4.25], "texture": "#2"},
				"west": {"uv": [0.75, 3.5, 1.75, 4.25], "texture": "#2"},
				"up": {"uv": [0.75, 3.5, 1.75, 4.25], "texture": "#2"},
				"down": {"uv": [0.75, 3.5, 1.75, 4.25], "texture": "#2"}
			}
		},
		{
			"from": [-2.61197, 5.77958, 7.79453],
			"to": [-1.03247, 6.22652, 8.18453],
			"rotation": {"angle": -22.5, "axis": "z", "origin": [-0.94472, 6.00305, 7.98953]},
			"faces": {
				"north": {"uv": [0.75, 3.5, 1.75, 4.25], "rotation": 90, "texture": "#2"},
				"east": {"uv": [0.75, 3.5, 1.75, 4.25], "rotation": 270, "texture": "#2"},
				"south": {"uv": [0.75, 3.5, 1.75, 4.25], "rotation": 270, "texture": "#2"},
				"west": {"uv": [0.75, 3.5, 1.75, 4.25], "rotation": 270, "texture": "#2"},
				"up": {"uv": [0.75, 3.5, 1.75, 4.25], "rotation": 270, "texture": "#2"},
				"down": {"uv": [0.75, 3.5, 1.75, 4.25], "rotation": 270, "texture": "#2"}
			}
		},
		{
			"from": [-3.97697, 3.24458, 7.79453],
			"to": [-2.39747, 3.69152, 8.18453],
			"rotation": {"angle": -22.5, "axis": "z", "origin": [-2.30972, 3.46805, 7.98953]},
			"faces": {
				"north": {"uv": [0.75, 3.5, 1.75, 4.25], "rotation": 90, "texture": "#2"},
				"east": {"uv": [0.75, 3.5, 1.75, 4.25], "rotation": 270, "texture": "#2"},
				"south": {"uv": [0.75, 3.5, 1.75, 4.25], "rotation": 270, "texture": "#2"},
				"west": {"uv": [0.75, 3.5, 1.75, 4.25], "rotation": 270, "texture": "#2"},
				"up": {"uv": [0.75, 3.5, 1.75, 4.25], "rotation": 270, "texture": "#2"},
				"down": {"uv": [0.75, 3.5, 1.75, 4.25], "rotation": 270, "texture": "#2"}
			}
		},
		{
			"from": [-1.46069, 4.8233, 7.59953],
			"to": [-0.62375, 6.3053, 8.37953],
			"rotation": {"angle": 45, "axis": "z", "origin": [-1.04222, 5.80805, 7.98953]},
			"faces": {
				"north": {"uv": [0.75, 3.5, 1.75, 4.25], "texture": "#2"},
				"east": {"uv": [0.75, 3.5, 1.75, 4.25], "texture": "#2"},
				"south": {"uv": [0.75, 3.5, 1.75, 4.25], "texture": "#2"},
				"west": {"uv": [0.75, 3.5, 1.75, 4.25], "texture": "#2"},
				"up": {"uv": [0.75, 3.5, 1.75, 4.25], "texture": "#2"},
				"down": {"uv": [0.75, 3.5, 1.75, 4.25], "texture": "#2"}
			}
		}
	],
	"display": {
		"head": {
			"translation": [-19.25, -16.5, 0],
			"scale": [4, 4, 4]
		}
	},
	"groups": [
		{
			"name": "root",
			"origin": [8, 8, 8],
			"children": [
				{
					"name": "wing_l",
					"origin": [8, 8, 8],
					"children": [
						{
							"name": "1",
							"origin": [8, 8, 8],
							"children": [0, 1, 2, 3, 4, 5, 6, 7, 8, 9, 10, 11, 12, 13, 14, 15, 16, 17, 18, 19]
						}
					]
				}
			]
		}
	]
}