{
  "pools": [
    {
      "rolls": {
        "min": 4,
        "max": 8
      },
      "entries": [
        {
          "type": "minecraft:item",
          "name": "minecraft:clock",
          "functions": [
            {
              "function": "minecraft:set_nbt",
              "tag": "{display:{Name:'{\"text\":\"砕竜の黒曜甲\"}',Lore:['{\"text\":\"砕竜の腕を覆う頑丈な甲殻．\"}','{\"text\":\"武器の素材として使用される．\"}']},CustomModelData:10008,MhdpID:9}"
              }
          ]
        },
        {
          "type": "minecraft:item",
          "name": "minecraft:clock",
          "functions": [
            {
              "function": "minecraft:set_nbt",
              "tag": "{display:{Name:'{\"text\":\"砕竜の甲殻\"}',Lore:['{\"text\":\"爆発にも耐えうる砕竜の甲殻．\"}','{\"text\":\"防具の素材として使用される．\"}']},CustomModelData:10009,MhdpID:10}"
              }
          ]
        }
      ]
    }
  ]
}
