{
  "pools": [
    {
      "rolls": {
        "min": 4,
        "max": 8
      },
      "entries": [
        {
          "type": "minecraft:item",
          "name": "minecraft:clock",
          "functions": [
            {
              "function": "minecraft:set_nbt",
              "tag": "{display:{Name:'{\"text\":\"ねじれた角\"}',Lore:['{\"text\":\"角竜の代名詞ともいえる頑丈な角．\"}','{\"text\":\"武器の素材として使用される．\"}']},CustomModelData:10012,MhdpID:13}"
              }
          ]
        },
        {
          "type": "minecraft:item",
          "name": "minecraft:clock",
          "functions": [
            {
              "function": "minecraft:set_nbt",
              "tag": "{display:{Name:'{\"text\":\"角竜の背甲\"}',Lore:['{\"text\":\"角竜の体を守る頑丈な甲殻．\"}','{\"text\":\"防具の素材として使用される．\"}']},CustomModelData:10013,MhdpID:14}"
              }
          ]
        }
      ]
    }
  ]
}
