{
  "pools": [
    {
      "rolls": {
        "min": 4,
        "max": 8
      },
      "entries": [
        {
          "type": "minecraft:item",
          "name": "minecraft:clock",
          "functions": [
            {
              "function": "minecraft:set_nbt",
              "tag": "{display:{Name:'{\"text\":\"火竜の鱗\"}',Lore:['{\"text\":\"火竜の体を覆う鱗．\"}','{\"text\":\"武器の素材として使用される．\"}']},CustomModelData:10000,MhdpID:1}"
              }
          ]
        },
        {
          "type": "minecraft:item",
          "name": "minecraft:clock",
          "functions": [
            {
              "function": "minecraft:set_nbt",
              "tag": "{display:{Name:'{\"text\":\"火竜の甲殻\"}',Lore:['{\"text\":\"火竜の体を守る頑丈な甲殻．\"}','{\"text\":\"防具の素材として使用される．\"}']},CustomModelData:10001,MhdpID:2}"
              }
          ]
        }
      ]
    }
  ]
}
