{
	"credit": "Made with Blockbench",
	"texture_size": [32, 32],
	"textures": {
		"0": "brachy/head",
		"particle": "brachy/head"
	},
	"elements": [
		{
			"from": [6.68572, 5.52135, 8.23852],
			"to": [10.29257, 9.5091, 16.01284],
			"rotation": {"angle": 0, "axis": "y", "origin": [8.24854, 12.12744, 11.66668]},
			"faces": {
				"north": {"uv": [8.5, 8.75, 11.5, 9.75], "rotation": 180, "texture": "#0"},
				"east": {"uv": [8.5, 8.75, 11.5, 9.75], "rotation": 180, "texture": "#0"},
				"south": {"uv": [8.5, 8.75, 11.5, 9.75], "rotation": 180, "texture": "#0"},
				"west": {"uv": [8.5, 8.75, 11.5, 9.75], "rotation": 180, "texture": "#0"},
				"up": {"uv": [8.5, 8.75, 11.5, 9.75], "rotation": 180, "texture": "#0"},
				"down": {"uv": [8.5, 8.75, 11.5, 9.75], "rotation": 180, "texture": "#0"}
			}
		},
		{
			"from": [5.85938, 5.28445, 4.66756],
			"to": [11.33755, 10.43398, 11.32593],
			"rotation": {"angle": 0, "axis": "y", "origin": [8.2829, 12.56088, 12.22529]},
			"faces": {
				"north": {"uv": [8.5, 8.75, 11.5, 9.75], "rotation": 180, "texture": "#0"},
				"east": {"uv": [8.5, 8.75, 11.5, 9.75], "rotation": 180, "texture": "#0"},
				"south": {"uv": [8.5, 8.75, 11.5, 9.75], "rotation": 180, "texture": "#0"},
				"west": {"uv": [8.5, 8.75, 11.5, 9.75], "rotation": 180, "texture": "#0"},
				"up": {"uv": [8.5, 8.75, 11.5, 9.75], "rotation": 180, "texture": "#0"},
				"down": {"uv": [8.5, 8.75, 11.5, 9.75], "rotation": 180, "texture": "#0"}
			}
		},
		{
			"from": [6.16477, 4.48558, 2.12269],
			"to": [11.03217, 6.58129, 5.72723],
			"rotation": {"angle": 0, "axis": "y", "origin": [8.2829, 12.56088, 12.22529]},
			"faces": {
				"north": {"uv": [8.5, 8.75, 11.5, 9.75], "rotation": 180, "texture": "#0"},
				"east": {"uv": [8.5, 8.75, 11.5, 9.75], "rotation": 180, "texture": "#0"},
				"south": {"uv": [8.5, 8.75, 11.5, 9.75], "rotation": 180, "texture": "#0"},
				"west": {"uv": [8.5, 8.75, 11.5, 9.75], "rotation": 180, "texture": "#0"},
				"up": {"uv": [8.5, 8.75, 11.5, 9.75], "rotation": 180, "texture": "#0"},
				"down": {"uv": [8.5, 8.75, 11.5, 9.75], "rotation": 180, "texture": "#0"}
			}
		},
		{
			"from": [7.0411, 3.69689, 3.87535],
			"to": [10.15584, 5.26679, 7.04173],
			"rotation": {"angle": 0, "axis": "y", "origin": [8.2829, 12.56088, 12.22529]},
			"faces": {
				"north": {"uv": [8.5, 8.75, 11.5, 9.75], "rotation": 180, "texture": "#0"},
				"east": {"uv": [8.5, 8.75, 11.5, 9.75], "rotation": 180, "texture": "#0"},
				"south": {"uv": [8.5, 8.75, 11.5, 9.75], "rotation": 180, "texture": "#0"},
				"west": {"uv": [8.5, 8.75, 11.5, 9.75], "rotation": 180, "texture": "#0"},
				"up": {"uv": [8.5, 8.75, 11.5, 9.75], "rotation": 180, "texture": "#0"},
				"down": {"uv": [8.5, 8.75, 11.5, 9.75], "rotation": 180, "texture": "#0"}
			}
		},
		{
			"from": [7.12163, 10.43398, 5.29869],
			"to": [10.0753, 11.69624, 9.43256],
			"rotation": {"angle": 0, "axis": "y", "origin": [8.2829, 12.56088, 12.22529]},
			"faces": {
				"north": {"uv": [8.5, 8.75, 11.5, 9.75], "rotation": 180, "texture": "#0"},
				"east": {"uv": [8.5, 8.75, 11.5, 9.75], "rotation": 180, "texture": "#0"},
				"south": {"uv": [8.5, 8.75, 11.5, 9.75], "rotation": 180, "texture": "#0"},
				"west": {"uv": [8.5, 8.75, 11.5, 9.75], "rotation": 180, "texture": "#0"},
				"up": {"uv": [8.5, 8.75, 11.5, 9.75], "rotation": 180, "texture": "#0"},
				"down": {"uv": [8.5, 8.75, 11.5, 9.75], "rotation": 180, "texture": "#0"}
			}
		},
		{
			"from": [4.59713, 6.23069, 5.29869],
			"to": [5.85938, 8.54061, 9.43256],
			"rotation": {"angle": 0, "axis": "y", "origin": [8.2829, 12.56088, 12.22529]},
			"faces": {
				"north": {"uv": [8.5, 8.75, 11.5, 9.75], "rotation": 180, "texture": "#0"},
				"east": {"uv": [8.5, 8.75, 11.5, 9.75], "rotation": 180, "texture": "#0"},
				"south": {"uv": [8.5, 8.75, 11.5, 9.75], "rotation": 180, "texture": "#0"},
				"west": {"uv": [8.5, 8.75, 11.5, 9.75], "rotation": 180, "texture": "#0"},
				"up": {"uv": [8.5, 8.75, 11.5, 9.75], "rotation": 180, "texture": "#0"},
				"down": {"uv": [8.5, 8.75, 11.5, 9.75], "rotation": 180, "texture": "#0"}
			}
		},
		{
			"from": [5.83304, 6.02062, -0.38831],
			"to": [9.3639, 7.56502, 0.63027],
			"rotation": {"angle": 0, "axis": "y", "origin": [8.59846, 7.38565, 2.26613]},
			"faces": {
				"north": {"uv": [1.5, 14.25, 2.37048, 14.6647], "rotation": 90, "texture": "#0"},
				"east": {"uv": [1.5, 14.25, 2.37048, 14.6647], "rotation": 90, "texture": "#0"},
				"south": {"uv": [1.5, 14.25, 2.37048, 14.6647], "rotation": 90, "texture": "#0"},
				"west": {"uv": [2.75, 12.75, 3.25, 13.25], "rotation": 180, "texture": "#0"},
				"up": {"uv": [0.5, 13.5, 1.12048, 13.9147], "rotation": 90, "texture": "#0"},
				"down": {"uv": [1.5, 14.25, 2.37048, 14.6647], "rotation": 90, "texture": "#0"}
			}
		},
		{
			"from": [5.83304, 6.02062, 0.61169],
			"to": [9.3639, 9.56502, 5.65527],
			"rotation": {"angle": 0, "axis": "y", "origin": [8.59846, 7.38565, 2.26613]},
			"faces": {
				"north": {"uv": [0.5, 13.75, 1.12048, 14.4147], "rotation": 90, "texture": "#0"},
				"east": {"uv": [1.5, 12.75, 2.37048, 14.6647], "rotation": 90, "texture": "#0"},
				"south": {"uv": [1.5, 12.75, 2.37048, 14.6647], "rotation": 90, "texture": "#0"},
				"west": {"uv": [1.5, 12.75, 2.37048, 14.6647], "rotation": 90, "texture": "#0"},
				"up": {"uv": [1.5, 12.75, 2.37048, 14.6647], "rotation": 90, "texture": "#0"},
				"down": {"uv": [6.25, 12.5, 8.37048, 14.4147], "rotation": 90, "texture": "#0"}
			}
		},
		{
			"from": [8.83304, 6.02062, -0.38831],
			"to": [11.3639, 9.56502, 5.65527],
			"rotation": {"angle": 0, "axis": "y", "origin": [8.59846, 7.38565, 2.26613]},
			"faces": {
				"north": {"uv": [1.5, 12.75, 2.37048, 14.6647], "rotation": 90, "texture": "#0"},
				"east": {"uv": [1.5, 12.75, 2.37048, 14.6647], "rotation": 90, "texture": "#0"},
				"south": {"uv": [1.5, 12.75, 2.37048, 14.6647], "rotation": 90, "texture": "#0"},
				"west": {"uv": [1.5, 12.75, 2.37048, 14.6647], "rotation": 90, "texture": "#0"},
				"up": {"uv": [1.5, 12.75, 2.37048, 14.6647], "rotation": 90, "texture": "#0"},
				"down": {"uv": [6.25, 12.5, 8.37048, 14.4147], "rotation": 90, "texture": "#0"}
			}
		},
		{
			"from": [7.82626, 6.34189, -0.38831],
			"to": [9.87067, 10.55825, 0.63027],
			"rotation": {"angle": 0, "axis": "y", "origin": [8.21979, 13.59593, 14.308]},
			"faces": {
				"north": {"uv": [1.5, 12.75, 2.6647, 13.32356], "rotation": 180, "texture": "#0"},
				"east": {"uv": [0.5, 13.75, 0.9147, 14.07356], "rotation": 180, "texture": "#0"},
				"south": {"uv": [1.5, 12.75, 3.4147, 14.32356], "rotation": 180, "texture": "#0"},
				"west": {"uv": [0.5, 13.5, 0.9147, 14.07356], "rotation": 180, "texture": "#0"},
				"up": {"uv": [1.5, 13.75, 2.6647, 14.07356], "rotation": 180, "texture": "#0"},
				"down": {"uv": [6.25, 12.5, 9.4147, 14.07356], "rotation": 180, "texture": "#0"}
			}
		},
		{
			"from": [6.82626, 6.34189, 0.61169],
			"to": [10.37067, 10.55825, 5.65527],
			"rotation": {"angle": 0, "axis": "y", "origin": [8.21979, 13.59593, 14.308]},
			"faces": {
				"north": {"uv": [0.5, 13.5, 1, 14], "rotation": 180, "texture": "#0"},
				"east": {"uv": [1.5, 12.75, 3.4147, 14.32356], "rotation": 180, "texture": "#0"},
				"south": {"uv": [1.5, 12.75, 3.4147, 14.32356], "rotation": 180, "texture": "#0"},
				"west": {"uv": [1.5, 12.75, 3.4147, 14.32356], "rotation": 180, "texture": "#0"},
				"up": {"uv": [1.5, 12.75, 3.4147, 14.32356], "rotation": 180, "texture": "#0"},
				"down": {"uv": [6.25, 12.5, 9.4147, 14.07356], "rotation": 180, "texture": "#0"}
			}
		},
		{
			"from": [6.82626, 5.02739, 0.92619],
			"to": [10.37067, 6.1766, 5.65527],
			"rotation": {"angle": 0, "axis": "y", "origin": [8.21979, 13.59593, 14.308]},
			"faces": {
				"north": {"uv": [2.75, 10.5, 4.6647, 12.07356], "rotation": 180, "texture": "#0"},
				"east": {"uv": [2.75, 10.5, 4.6647, 12.07356], "rotation": 180, "texture": "#0"},
				"south": {"uv": [2.75, 10.5, 4.6647, 12.07356], "rotation": 180, "texture": "#0"},
				"west": {"uv": [2.75, 10.5, 4.6647, 12.07356], "rotation": 180, "texture": "#0"},
				"up": {"uv": [2.75, 10.5, 4.6647, 12.07356], "rotation": 180, "texture": "#0"},
				"down": {"uv": [2.75, 10.5, 4.6647, 12.07356], "rotation": 180, "texture": "#0"}
			}
		},
		{
			"from": [6.65855, 5.78475, -2.09682],
			"to": [10.53838, 9.80091, 5.65527],
			"rotation": {"angle": 0, "axis": "y", "origin": [8.21979, 13.59593, 14.308]},
			"faces": {
				"north": {"uv": [0, 13, 1.25, 14.25], "rotation": 180, "texture": "#0"},
				"east": {"uv": [0, 14.75, 2, 16], "rotation": 180, "texture": "#0"},
				"south": {"uv": [0, 14.75, 2, 16], "rotation": 180, "texture": "#0"},
				"west": {"uv": [0, 14.75, 2, 16], "rotation": 180, "texture": "#0"},
				"up": {"uv": [0, 14.75, 2, 16], "rotation": 270, "texture": "#0"},
				"down": {"uv": [0, 14.75, 2, 16], "rotation": 90, "texture": "#0"}
			}
		},
		{
			"from": [6.49051, 5.80315, 5.92981],
			"to": [8.81305, 8.96815, 12.64043],
			"rotation": {"angle": -22.5, "axis": "y", "origin": [8.59846, 7.38565, 4.84111]},
			"faces": {
				"north": {"uv": [8.5, 8.75, 11.5, 9.75], "rotation": 180, "texture": "#0"},
				"east": {"uv": [8.5, 8.75, 11.5, 9.75], "rotation": 180, "texture": "#0"},
				"south": {"uv": [8.5, 8.75, 11.5, 9.75], "rotation": 180, "texture": "#0"},
				"west": {"uv": [8.5, 8.75, 11.5, 9.75], "rotation": 180, "texture": "#0"},
				"up": {"uv": [8.5, 8.75, 11.5, 9.75], "rotation": 180, "texture": "#0"},
				"down": {"uv": [8.5, 8.75, 11.5, 9.75], "rotation": 180, "texture": "#0"}
			}
		},
		{
			"from": [3.92825, 6.60936, 11.03106],
			"to": [5.24099, 8.16193, 15.66983],
			"rotation": {"angle": 0, "axis": "y", "origin": [8.59846, 7.38565, 4.84111]},
			"faces": {
				"north": {"uv": [8.5, 8.75, 11.5, 9.75], "rotation": 180, "texture": "#0"},
				"east": {"uv": [8.5, 8.75, 11.5, 9.75], "rotation": 180, "texture": "#0"},
				"south": {"uv": [8.5, 8.75, 11.5, 9.75], "rotation": 180, "texture": "#0"},
				"west": {"uv": [8.5, 8.75, 11.5, 9.75], "rotation": 180, "texture": "#0"},
				"up": {"uv": [8.5, 8.75, 11.5, 9.75], "rotation": 180, "texture": "#0"},
				"down": {"uv": [8.5, 8.75, 11.5, 9.75], "rotation": 180, "texture": "#0"}
			}
		},
		{
			"from": [6.5778, 9.40591, 6.02301],
			"to": [9.30463, 11.72846, 12.54067],
			"rotation": {"angle": -45, "axis": "x", "origin": [7.72213, 10.16001, 8.40551]},
			"faces": {
				"north": {"uv": [8.5, 8.75, 11.5, 9.75], "rotation": 270, "texture": "#0"},
				"east": {"uv": [8.5, 8.75, 11.5, 9.75], "rotation": 270, "texture": "#0"},
				"south": {"uv": [8.5, 8.75, 11.5, 9.75], "rotation": 270, "texture": "#0"},
				"west": {"uv": [8.5, 8.75, 11.5, 9.75], "rotation": 270, "texture": "#0"},
				"up": {"uv": [8.5, 8.75, 11.5, 9.75], "rotation": 270, "texture": "#0"},
				"down": {"uv": [8.5, 8.75, 11.5, 9.75], "rotation": 270, "texture": "#0"}
			}
		},
		{
			"from": [7.38401, 9.58812, 10.84534],
			"to": [8.49842, 10.90086, 17.23679],
			"rotation": {"angle": -22.5, "axis": "x", "origin": [7.72213, 7.38565, 4.84111]},
			"faces": {
				"north": {"uv": [8.5, 8.75, 11.5, 9.75], "rotation": 270, "texture": "#0"},
				"east": {"uv": [8.5, 8.75, 11.5, 9.75], "rotation": 270, "texture": "#0"},
				"south": {"uv": [8.5, 8.75, 11.5, 9.75], "rotation": 270, "texture": "#0"},
				"west": {"uv": [8.5, 8.75, 11.5, 9.75], "rotation": 270, "texture": "#0"},
				"up": {"uv": [8.5, 8.75, 11.5, 9.75], "rotation": 270, "texture": "#0"},
				"down": {"uv": [8.5, 8.75, 11.5, 9.75], "rotation": 270, "texture": "#0"}
			}
		},
		{
			"from": [9.1168, 3.55527, 3.94617],
			"to": [10.21781, 4.57322, 8.56865],
			"rotation": {"angle": 22.5, "axis": "x", "origin": [9.15834, 3.82834, 7.99675]},
			"faces": {
				"north": {"uv": [8.5, 8.75, 11.5, 9.75], "rotation": 180, "texture": "#0"},
				"east": {"uv": [8.5, 8.75, 11.5, 9.75], "rotation": 180, "texture": "#0"},
				"south": {"uv": [8.5, 8.75, 11.5, 9.75], "rotation": 180, "texture": "#0"},
				"west": {"uv": [8.5, 8.75, 11.5, 9.75], "rotation": 180, "texture": "#0"},
				"up": {"uv": [8.5, 8.75, 11.5, 9.75], "rotation": 180, "texture": "#0"},
				"down": {"uv": [8.5, 8.75, 11.5, 9.75], "rotation": 180, "texture": "#0"}
			}
		},
		{
			"from": [7.2845, 3.55527, 3.94617],
			"to": [8.38551, 4.57322, 8.56865],
			"rotation": {"angle": 22.5, "axis": "x", "origin": [9.15834, 3.82834, 7.99675]},
			"faces": {
				"north": {"uv": [8.5, 8.75, 11.5, 9.75], "rotation": 180, "texture": "#0"},
				"east": {"uv": [8.5, 8.75, 11.5, 9.75], "rotation": 180, "texture": "#0"},
				"south": {"uv": [8.5, 8.75, 11.5, 9.75], "rotation": 180, "texture": "#0"},
				"west": {"uv": [8.5, 8.75, 11.5, 9.75], "rotation": 180, "texture": "#0"},
				"up": {"uv": [8.5, 8.75, 11.5, 9.75], "rotation": 180, "texture": "#0"},
				"down": {"uv": [8.5, 8.75, 11.5, 9.75], "rotation": 180, "texture": "#0"}
			}
		},
		{
			"from": [9.29207, 3.51146, 8.32782],
			"to": [10.04254, 4.17887, 11.19764],
			"rotation": {"angle": 0, "axis": "y", "origin": [9.15834, 3.82834, 7.99675]},
			"faces": {
				"north": {"uv": [8.5, 8.75, 11.5, 9.75], "rotation": 180, "texture": "#0"},
				"east": {"uv": [8.5, 8.75, 11.5, 9.75], "rotation": 180, "texture": "#0"},
				"south": {"uv": [8.5, 8.75, 11.5, 9.75], "rotation": 180, "texture": "#0"},
				"west": {"uv": [8.5, 8.75, 11.5, 9.75], "rotation": 180, "texture": "#0"},
				"up": {"uv": [8.5, 8.75, 11.5, 9.75], "rotation": 180, "texture": "#0"},
				"down": {"uv": [8.5, 8.75, 11.5, 9.75], "rotation": 180, "texture": "#0"}
			}
		},
		{
			"from": [7.45977, 3.51146, 8.32782],
			"to": [8.21024, 4.17887, 11.19764],
			"rotation": {"angle": 0, "axis": "y", "origin": [9.15834, 3.82834, 7.99675]},
			"faces": {
				"north": {"uv": [8.5, 8.75, 11.5, 9.75], "rotation": 180, "texture": "#0"},
				"east": {"uv": [8.5, 8.75, 11.5, 9.75], "rotation": 180, "texture": "#0"},
				"south": {"uv": [8.5, 8.75, 11.5, 9.75], "rotation": 180, "texture": "#0"},
				"west": {"uv": [8.5, 8.75, 11.5, 9.75], "rotation": 180, "texture": "#0"},
				"up": {"uv": [8.5, 8.75, 11.5, 9.75], "rotation": 180, "texture": "#0"},
				"down": {"uv": [8.5, 8.75, 11.5, 9.75], "rotation": 180, "texture": "#0"}
			}
		}
	],
	"display": {
		"head": {
			"translation": [-1.75, -6, -23.25],
			"scale": [4, 4, 4]
		}
	},
	"groups": [
		{
			"name": "root",
			"origin": [8, 8, 8],
			"color": 0,
			"children": [
				{
					"name": "arm_l",
					"origin": [8, 8, 8],
					"color": 0,
					"children": [
						{
							"name": "1",
							"origin": [8, 8, 8],
							"color": 0,
							"children": [
								0,
								1,
								2,
								3,
								4,
								5,
								6,
								7,
								8,
								9,
								10,
								11,
								12,
								{
									"name": "group",
									"origin": [5.5, 6.05811, -3.70612],
									"color": 0,
									"children": [13, 14]
								},
								{
									"name": "group",
									"origin": [5.5, 6.05811, -3.70612],
									"color": 0,
									"children": [15, 16]
								},
								17,
								18,
								19,
								20
							]
						}
					]
				}
			]
		}
	]
}