{
	"credit": "Made with Blockbench",
	"texture_size": [32, 32],
	"textures": {
		"0": "brachy/head",
		"particle": "brachy/head"
	},
	"elements": [
		{
			"from": [5.83577, -0.78817, 8.58251],
			"to": [10.17901, 2.85604, 14.29432],
			"rotation": {"angle": 0, "axis": "y", "origin": [8.00739, 0.49841, 11.43842]},
			"faces": {
				"north": {"uv": [4.5, 6.5, 6.25, 8.5], "texture": "#0"},
				"east": {"uv": [13.25, 2.5, 16, 4.5], "rotation": 180, "texture": "#0"},
				"south": {"uv": [13.25, 0, 16, 1.5], "texture": "#0"},
				"west": {"uv": [13.25, 2.5, 16, 4.5], "rotation": 180, "texture": "#0"},
				"up": {"uv": [4.5, 6.5, 6.25, 8.5], "texture": "#0"},
				"down": {"uv": [13.25, 0, 16, 1.5], "texture": "#0"}
			}
		},
		{
			"from": [6.06199, 2.49431, 10.6647],
			"to": [9.9528, 7.39125, 13.91943],
			"rotation": {"angle": 0, "axis": "y", "origin": [8.00739, 1.71886, 13.96488]},
			"faces": {
				"north": {"uv": [9.25, 8, 12, 10], "rotation": 270, "texture": "#0"},
				"east": {"uv": [9.25, 8, 12, 10], "rotation": 270, "texture": "#0"},
				"south": {"uv": [9.25, 8, 12, 10], "rotation": 270, "texture": "#0"},
				"west": {"uv": [9.25, 8, 12, 10], "rotation": 270, "texture": "#0"},
				"up": {"uv": [9.25, 8, 12, 10], "rotation": 270, "texture": "#0"},
				"down": {"uv": [9.25, 8, 12, 10], "rotation": 270, "texture": "#0"}
			}
		},
		{
			"from": [6.96683, -0.56195, 5.37787],
			"to": [9.04795, 2.12428, 9.3931],
			"rotation": {"angle": 0, "axis": "y", "origin": [8.00739, 0.49841, 9.17632]},
			"faces": {
				"north": {"uv": [4.5, 6.5, 6.25, 8.5], "texture": "#0"},
				"east": {"uv": [4.5, 6.5, 6.25, 8.5], "texture": "#0"},
				"south": {"uv": [4.5, 6.5, 6.25, 8.5], "texture": "#0"},
				"west": {"uv": [4.5, 6.5, 6.25, 8.5], "texture": "#0"},
				"up": {"uv": [4.5, 6.5, 6.25, 8.5], "texture": "#0"},
				"down": {"uv": [4.5, 6.5, 6.25, 8.5], "texture": "#0"}
			}
		},
		{
			"from": [7.36269, -0.53266, 2.90958],
			"to": [8.65209, 0.57012, 6.09536],
			"rotation": {"angle": 0, "axis": "y", "origin": [8.00739, 0.01874, 4.80409]},
			"faces": {
				"north": {"uv": [4.5, 6.5, 6.25, 8.5], "texture": "#0"},
				"east": {"uv": [4.5, 6.5, 6.25, 8.5], "texture": "#0"},
				"south": {"uv": [4.5, 6.5, 6.25, 8.5], "texture": "#0"},
				"west": {"uv": [4.5, 6.5, 6.25, 8.5], "texture": "#0"},
				"up": {"uv": [4.5, 6.5, 6.25, 8.5], "texture": "#0"},
				"down": {"uv": [4.5, 6.5, 6.25, 8.5], "texture": "#0"}
			}
		},
		{
			"from": [7.55121, 0.57012, 3.77671],
			"to": [8.46358, 1.49381, 6.09536],
			"rotation": {"angle": 0, "axis": "y", "origin": [8.00739, 0.01874, 4.80409]},
			"faces": {
				"north": {"uv": [4.5, 6.5, 6.25, 8.5], "rotation": 180, "texture": "#0"},
				"east": {"uv": [4.5, 6.5, 6.25, 8.5], "rotation": 180, "texture": "#0"},
				"south": {"uv": [4.5, 6.5, 6.25, 8.5], "rotation": 180, "texture": "#0"},
				"west": {"uv": [4.5, 6.5, 6.25, 8.5], "rotation": 180, "texture": "#0"},
				"up": {"uv": [4.5, 6.5, 6.25, 8.5], "rotation": 180, "texture": "#0"},
				"down": {"uv": [4.5, 6.5, 6.25, 8.5], "rotation": 180, "texture": "#0"}
			}
		},
		{
			"from": [3.66793, -0.56195, 5.18937],
			"to": [5.74906, 2.12428, 9.20459],
			"rotation": {"angle": 22.5, "axis": "y", "origin": [8.00739, 0.61062, 5.608]},
			"faces": {
				"north": {"uv": [4.5, 6.5, 6.25, 8.5], "texture": "#0"},
				"east": {"uv": [4.5, 6.5, 6.25, 8.5], "texture": "#0"},
				"south": {"uv": [4.5, 6.5, 6.25, 8.5], "texture": "#0"},
				"west": {"uv": [4.5, 6.5, 6.25, 8.5], "texture": "#0"},
				"up": {"uv": [4.5, 6.5, 6.25, 8.5], "texture": "#0"},
				"down": {"uv": [4.5, 6.5, 6.25, 8.5], "texture": "#0"}
			}
		},
		{
			"from": [4.0638, -0.53266, 2.72106],
			"to": [5.35319, 0.57012, 5.90686],
			"rotation": {"angle": 22.5, "axis": "y", "origin": [8.00739, 0.61062, 5.608]},
			"faces": {
				"north": {"uv": [4.5, 6.5, 6.25, 8.5], "texture": "#0"},
				"east": {"uv": [4.5, 6.5, 6.25, 8.5], "texture": "#0"},
				"south": {"uv": [4.5, 6.5, 6.25, 8.5], "texture": "#0"},
				"west": {"uv": [4.5, 6.5, 6.25, 8.5], "texture": "#0"},
				"up": {"uv": [4.5, 6.5, 6.25, 8.5], "texture": "#0"},
				"down": {"uv": [4.5, 6.5, 6.25, 8.5], "texture": "#0"}
			}
		},
		{
			"from": [4.25231, 0.57012, 3.5882],
			"to": [5.16469, 1.49381, 5.90686],
			"rotation": {"angle": 22.5, "axis": "y", "origin": [8.00739, 0.61062, 5.608]},
			"faces": {
				"north": {"uv": [4.5, 6.5, 6.25, 8.5], "rotation": 180, "texture": "#0"},
				"east": {"uv": [4.5, 6.5, 6.25, 8.5], "rotation": 180, "texture": "#0"},
				"south": {"uv": [4.5, 6.5, 6.25, 8.5], "rotation": 180, "texture": "#0"},
				"west": {"uv": [4.5, 6.5, 6.25, 8.5], "rotation": 180, "texture": "#0"},
				"up": {"uv": [4.5, 6.5, 6.25, 8.5], "rotation": 180, "texture": "#0"},
				"down": {"uv": [4.5, 6.5, 6.25, 8.5], "rotation": 180, "texture": "#0"}
			}
		},
		{
			"from": [10.26572, -0.56195, 5.18937],
			"to": [12.34685, 2.12428, 9.20459],
			"rotation": {"angle": -22.5, "axis": "y", "origin": [8.00739, 0.61062, 5.608]},
			"faces": {
				"north": {"uv": [4.5, 6.5, 6.25, 8.5], "texture": "#0"},
				"east": {"uv": [4.5, 6.5, 6.25, 8.5], "texture": "#0"},
				"south": {"uv": [4.5, 6.5, 6.25, 8.5], "texture": "#0"},
				"west": {"uv": [4.5, 6.5, 6.25, 8.5], "texture": "#0"},
				"up": {"uv": [4.5, 6.5, 6.25, 8.5], "texture": "#0"},
				"down": {"uv": [4.5, 6.5, 6.25, 8.5], "texture": "#0"}
			}
		},
		{
			"from": [10.66159, -0.53266, 2.72106],
			"to": [11.95098, 0.57012, 5.90686],
			"rotation": {"angle": -22.5, "axis": "y", "origin": [8.00739, 0.61062, 5.608]},
			"faces": {
				"north": {"uv": [4.5, 6.5, 6.25, 8.5], "texture": "#0"},
				"east": {"uv": [4.5, 6.5, 6.25, 8.5], "texture": "#0"},
				"south": {"uv": [4.5, 6.5, 6.25, 8.5], "texture": "#0"},
				"west": {"uv": [4.5, 6.5, 6.25, 8.5], "texture": "#0"},
				"up": {"uv": [4.5, 6.5, 6.25, 8.5], "texture": "#0"},
				"down": {"uv": [4.5, 6.5, 6.25, 8.5], "texture": "#0"}
			}
		},
		{
			"from": [10.8501, 0.57012, 3.5882],
			"to": [11.76248, 1.49381, 5.90686],
			"rotation": {"angle": -22.5, "axis": "y", "origin": [8.00739, 0.61062, 5.608]},
			"faces": {
				"north": {"uv": [4.5, 6.5, 6.25, 8.5], "rotation": 180, "texture": "#0"},
				"east": {"uv": [4.5, 6.5, 6.25, 8.5], "rotation": 180, "texture": "#0"},
				"south": {"uv": [4.5, 6.5, 6.25, 8.5], "rotation": 180, "texture": "#0"},
				"west": {"uv": [4.5, 6.5, 6.25, 8.5], "rotation": 180, "texture": "#0"},
				"up": {"uv": [4.5, 6.5, 6.25, 8.5], "rotation": 180, "texture": "#0"},
				"down": {"uv": [4.5, 6.5, 6.25, 8.5], "rotation": 180, "texture": "#0"}
			}
		}
	],
	"display": {
		"head": {
			"translation": [0, 1.25, -16.75],
			"scale": [4, 4, 4]
		}
	},
	"groups": [
		{
			"name": "root",
			"origin": [8, 8, 8],
			"color": 0,
			"children": [
				{
					"name": "leg_l",
					"origin": [8, 8, 8],
					"color": 5,
					"children": [
						{
							"name": "2",
							"origin": [8, 8, 8],
							"color": 5,
							"children": [
								0,
								1,
								{
									"name": "group",
									"origin": [4.825, 0.56711, 4.46644],
									"color": 5,
									"children": [2, 3, 4]
								},
								{
									"name": "group",
									"origin": [4.825, 0.56711, 4.46644],
									"color": 5,
									"children": [5, 6, 7]
								},
								{
									"name": "group",
									"origin": [4.825, 0.56711, 4.46644],
									"color": 5,
									"children": [8, 9, 10]
								}
							]
						}
					]
				}
			]
		}
	]
}