{
	"credit": "Made with Blockbench",
	"texture_size": [32, 32],
	"textures": {
		"0": "zinogre/head",
		"particle": "zinogre/head"
	},
	"elements": [
		{
			"from": [7.37055, 1.8907, 8.6569],
			"to": [11.57055, 9.5407, 13.1569],
			"rotation": {"angle": 0, "axis": "y", "origin": [9.47055, 5.7157, 10.9069]},
			"faces": {
				"north": {"uv": [0, 1.5, 2, 3], "rotation": 270, "texture": "#0"},
				"east": {"uv": [0, 1.5, 2, 3], "rotation": 270, "texture": "#0"},
				"south": {"uv": [0, 1.5, 2, 3], "rotation": 270, "texture": "#0"},
				"west": {"uv": [0, 1.5, 2, 3], "rotation": 270, "texture": "#0"},
				"up": {"uv": [0, 1.5, 2, 3], "rotation": 270, "texture": "#0"},
				"down": {"uv": [0, 1.5, 2, 3], "rotation": 270, "texture": "#0"}
			}
		},
		{
			"from": [6.77055, 1.8907, 10.0069],
			"to": [7.59555, 3.5407, 11.2069],
			"rotation": {"angle": 0, "axis": "y", "origin": [9.62055, 5.7157, 12.1069]},
			"faces": {
				"north": {"uv": [12.25, 5.5, 13.75, 7], "rotation": 270, "texture": "#0"},
				"east": {"uv": [12.25, 5.5, 13.75, 7], "rotation": 270, "texture": "#0"},
				"south": {"uv": [12.25, 5.5, 13.75, 7], "rotation": 270, "texture": "#0"},
				"west": {"uv": [12.25, 5.5, 13.75, 7], "rotation": 270, "texture": "#0"},
				"up": {"uv": [12.25, 5.5, 13.75, 7], "rotation": 270, "texture": "#0"},
				"down": {"uv": [12.25, 5.5, 13.75, 7], "rotation": 270, "texture": "#0"}
			}
		},
		{
			"from": [11.06242, 1.8907, 10.0069],
			"to": [11.88742, 5.7907, 11.2069],
			"rotation": {"angle": 0, "axis": "y", "origin": [9.03742, 5.7157, 12.1069]},
			"faces": {
				"north": {"uv": [12.25, 5.5, 13.75, 7], "rotation": 90, "texture": "#0"},
				"east": {"uv": [12.25, 5.5, 13.75, 7], "rotation": 90, "texture": "#0"},
				"south": {"uv": [12.25, 5.5, 13.75, 7], "rotation": 90, "texture": "#0"},
				"west": {"uv": [12.25, 5.5, 13.75, 7], "rotation": 90, "texture": "#0"},
				"up": {"uv": [12.25, 5.5, 13.75, 7], "rotation": 90, "texture": "#0"},
				"down": {"uv": [12.25, 5.5, 13.75, 7], "rotation": 90, "texture": "#0"}
			}
		},
		{
			"from": [6.62055, 1.8907, 8.8069],
			"to": [7.44555, 6.5407, 10.0069],
			"rotation": {"angle": 0, "axis": "y", "origin": [9.47055, 5.7157, 10.9069]},
			"faces": {
				"north": {"uv": [12.25, 5.5, 13.75, 7], "rotation": 270, "texture": "#0"},
				"east": {"uv": [12.25, 5.5, 13.75, 7], "rotation": 270, "texture": "#0"},
				"south": {"uv": [12.25, 5.5, 13.75, 7], "rotation": 270, "texture": "#0"},
				"west": {"uv": [12.25, 5.5, 13.75, 7], "rotation": 270, "texture": "#0"},
				"up": {"uv": [12.25, 5.5, 13.75, 7], "rotation": 270, "texture": "#0"},
				"down": {"uv": [12.25, 5.5, 13.75, 7], "rotation": 270, "texture": "#0"}
			}
		},
		{
			"from": [11.21242, 1.8907, 8.8069],
			"to": [12.03742, 6.5407, 10.0069],
			"rotation": {"angle": 0, "axis": "y", "origin": [9.18742, 5.7157, 10.9069]},
			"faces": {
				"north": {"uv": [12.25, 5.5, 13.75, 7], "rotation": 90, "texture": "#0"},
				"east": {"uv": [12.25, 5.5, 13.75, 7], "rotation": 90, "texture": "#0"},
				"south": {"uv": [12.25, 5.5, 13.75, 7], "rotation": 90, "texture": "#0"},
				"west": {"uv": [12.25, 5.5, 13.75, 7], "rotation": 90, "texture": "#0"},
				"up": {"uv": [12.25, 5.5, 13.75, 7], "rotation": 90, "texture": "#0"},
				"down": {"uv": [12.25, 5.5, 13.75, 7], "rotation": 90, "texture": "#0"}
			}
		},
		{
			"from": [9.69555, 8.3032, 8.0569],
			"to": [10.52055, 9.9157, 8.8819],
			"rotation": {"angle": 22.5, "axis": "z", "origin": [10.10805, 7.9657, 8.15065]},
			"faces": {
				"north": {"uv": [14, 0, 14.5, 1.75], "rotation": 180, "texture": "#0"},
				"east": {"uv": [14, 0, 14.5, 1.75], "rotation": 180, "texture": "#0"},
				"south": {"uv": [14, 0, 14.5, 1.75], "rotation": 180, "texture": "#0"},
				"west": {"uv": [14, 0, 14.5, 1.75], "rotation": 180, "texture": "#0"},
				"up": {"uv": [14, 0, 14.5, 0.5], "rotation": 180, "texture": "#0"},
				"down": {"uv": [14, 0, 14.5, 1.75], "rotation": 180, "texture": "#0"}
			}
		},
		{
			"from": [9.99555, 1.8907, 8.0569],
			"to": [11.57055, 6.5407, 8.8819],
			"rotation": {"angle": 0, "axis": "y", "origin": [9.47055, 5.7157, 10.1569]},
			"faces": {
				"north": {"uv": [14, 0, 14.5, 4.25], "rotation": 180, "texture": "#0"},
				"east": {"uv": [14, 0, 14.5, 4.25], "rotation": 180, "texture": "#0"},
				"south": {"uv": [14, 0, 14.5, 4.25], "rotation": 180, "texture": "#0"},
				"west": {"uv": [14, 0, 14.5, 4.25], "rotation": 180, "texture": "#0"},
				"up": {"uv": [14, 0, 14.5, 0.5], "rotation": 180, "texture": "#0"},
				"down": {"uv": [14, 0, 14.5, 4.25], "rotation": 180, "texture": "#0"}
			}
		},
		{
			"from": [9.32055, 6.0532, 8.0569],
			"to": [10.89555, 8.4157, 8.8819],
			"rotation": {"angle": 22.5, "axis": "z", "origin": [10.10805, 7.9657, 8.15065]},
			"faces": {
				"north": {"uv": [14, 0, 14.5, 2.75], "rotation": 180, "texture": "#0"},
				"east": {"uv": [14, 0, 14.5, 2.75], "rotation": 180, "texture": "#0"},
				"south": {"uv": [14, 0, 14.5, 2.75], "rotation": 180, "texture": "#0"},
				"west": {"uv": [14, 0, 14.5, 2.75], "rotation": 180, "texture": "#0"},
				"up": {"uv": [14, 0, 14.5, 0.5], "rotation": 180, "texture": "#0"},
				"down": {"uv": [14, 0, 14.5, 2.75], "rotation": 180, "texture": "#0"}
			}
		},
		{
			"from": [10.37055, 1.8907, 7.6069],
			"to": [11.19555, 6.5407, 8.0569],
			"rotation": {"angle": 0, "axis": "y", "origin": [9.47055, 5.7157, 9.7069]},
			"faces": {
				"north": {"uv": [14, 0, 14.5, 4.25], "rotation": 180, "texture": "#0"},
				"east": {"uv": [14, 0, 14.5, 4.25], "rotation": 180, "texture": "#0"},
				"south": {"uv": [14, 0, 14.5, 4.25], "rotation": 180, "texture": "#0"},
				"west": {"uv": [14, 0, 14.5, 4.25], "rotation": 180, "texture": "#0"},
				"up": {"uv": [14, 0, 14.5, 0.5], "rotation": 180, "texture": "#0"},
				"down": {"uv": [14, 0, 14.5, 4.25], "rotation": 180, "texture": "#0"}
			}
		},
		{
			"from": [9.69555, 6.0532, 7.6069],
			"to": [10.52055, 8.4157, 8.0569],
			"rotation": {"angle": 22.5, "axis": "z", "origin": [10.10805, 7.9657, 8.15065]},
			"faces": {
				"north": {"uv": [14, 0, 14.5, 2.75], "rotation": 180, "texture": "#0"},
				"east": {"uv": [14, 0, 14.5, 2.75], "rotation": 180, "texture": "#0"},
				"south": {"uv": [14, 0, 14.5, 2.75], "rotation": 180, "texture": "#0"},
				"west": {"uv": [14, 0, 14.5, 2.75], "rotation": 180, "texture": "#0"},
				"up": {"uv": [14, 0, 14.5, 0.5], "rotation": 180, "texture": "#0"},
				"down": {"uv": [14, 0, 14.5, 2.75], "rotation": 180, "texture": "#0"}
			}
		},
		{
			"from": [8.12055, 8.0032, 7.6069],
			"to": [8.94555, 9.2407, 8.4319],
			"rotation": {"angle": 22.5, "axis": "z", "origin": [8.53305, 7.6657, 7.70065]},
			"faces": {
				"north": {"uv": [14, 0, 14.5, 1.75], "rotation": 180, "texture": "#0"},
				"east": {"uv": [14, 0, 14.5, 1.75], "rotation": 180, "texture": "#0"},
				"south": {"uv": [14, 0, 14.5, 1.75], "rotation": 180, "texture": "#0"},
				"west": {"uv": [14, 0, 14.5, 1.75], "rotation": 180, "texture": "#0"},
				"up": {"uv": [14, 0, 14.5, 0.5], "rotation": 180, "texture": "#0"},
				"down": {"uv": [14, 0, 14.5, 1.75], "rotation": 180, "texture": "#0"}
			}
		},
		{
			"from": [8.42055, 3.8907, 7.6069],
			"to": [8.99555, 6.2407, 8.4319],
			"rotation": {"angle": 0, "axis": "y", "origin": [7.89555, 5.4157, 9.7069]},
			"faces": {
				"north": {"uv": [14, 2, 14.5, 4.25], "rotation": 180, "texture": "#0"},
				"east": {"uv": [14, 2, 14.5, 4.25], "rotation": 180, "texture": "#0"},
				"south": {"uv": [14, 2, 14.5, 4.25], "rotation": 180, "texture": "#0"},
				"west": {"uv": [14, 2, 14.5, 4.25], "rotation": 180, "texture": "#0"},
				"up": {"uv": [14, 2, 14.5, 4.25], "rotation": 180, "texture": "#0"},
				"down": {"uv": [14, 2, 14.5, 4.25], "rotation": 180, "texture": "#0"}
			}
		},
		{
			"from": [8.42055, 1.8907, 7.6069],
			"to": [8.99555, 3.2407, 8.4319],
			"rotation": {"angle": 0, "axis": "y", "origin": [7.89555, 5.4157, 9.7069]},
			"faces": {
				"north": {"uv": [14, 2.75, 14.5, 4.25], "rotation": 180, "texture": "#0"},
				"east": {"uv": [14, 2.75, 14.5, 4.25], "rotation": 180, "texture": "#0"},
				"south": {"uv": [14, 2.75, 14.5, 4.25], "rotation": 180, "texture": "#0"},
				"west": {"uv": [14, 2.75, 14.5, 4.25], "rotation": 180, "texture": "#0"},
				"up": {"uv": [14, 2.75, 14.5, 4.25], "rotation": 180, "texture": "#0"},
				"down": {"uv": [14, 2.75, 14.5, 4.25], "rotation": 180, "texture": "#0"}
			}
		},
		{
			"from": [9.17055, 1.8907, 7.6069],
			"to": [9.99555, 6.2407, 8.4319],
			"rotation": {"angle": 0, "axis": "y", "origin": [7.89555, 5.4157, 9.7069]},
			"faces": {
				"north": {"uv": [14, 0, 14.5, 4.25], "rotation": 180, "texture": "#0"},
				"east": {"uv": [14, 0, 14.5, 4.25], "rotation": 180, "texture": "#0"},
				"south": {"uv": [14, 0, 14.5, 4.25], "rotation": 180, "texture": "#0"},
				"west": {"uv": [14, 0, 14.5, 4.25], "rotation": 180, "texture": "#0"},
				"up": {"uv": [14, 0, 14.5, 0.5], "rotation": 180, "texture": "#0"},
				"down": {"uv": [14, 0, 14.5, 4.25], "rotation": 180, "texture": "#0"}
			}
		},
		{
			"from": [7.74555, 5.7532, 7.6069],
			"to": [9.32055, 8.1157, 8.4319],
			"rotation": {"angle": 22.5, "axis": "z", "origin": [8.53305, 7.6657, 7.70065]},
			"faces": {
				"north": {"uv": [14, 0, 14.5, 2.75], "rotation": 180, "texture": "#0"},
				"east": {"uv": [14, 0, 14.5, 2.75], "rotation": 180, "texture": "#0"},
				"south": {"uv": [14, 0, 14.5, 2.75], "rotation": 180, "texture": "#0"},
				"west": {"uv": [14, 0, 14.5, 2.75], "rotation": 180, "texture": "#0"},
				"up": {"uv": [14, 0, 14.5, 0.5], "rotation": 180, "texture": "#0"},
				"down": {"uv": [14, 0, 14.5, 2.75], "rotation": 180, "texture": "#0"}
			}
		},
		{
			"from": [8.79555, 3.8907, 7.1569],
			"to": [9.62055, 6.2407, 7.6069],
			"rotation": {"angle": 0, "axis": "y", "origin": [7.89555, 5.4157, 9.2569]},
			"faces": {
				"north": {"uv": [14, 2, 14.5, 4.25], "rotation": 180, "texture": "#0"},
				"east": {"uv": [14, 2, 14.5, 4.25], "rotation": 180, "texture": "#0"},
				"south": {"uv": [14, 2, 14.5, 4.25], "rotation": 180, "texture": "#0"},
				"west": {"uv": [14, 2, 14.5, 4.25], "rotation": 180, "texture": "#0"},
				"up": {"uv": [14, 2, 14.5, 4.25], "rotation": 180, "texture": "#0"},
				"down": {"uv": [14, 2, 14.5, 4.25], "rotation": 180, "texture": "#0"}
			}
		},
		{
			"from": [8.79555, 1.8907, 7.1569],
			"to": [9.62055, 3.5907, 7.6069],
			"rotation": {"angle": 0, "axis": "y", "origin": [7.89555, 5.4157, 9.2569]},
			"faces": {
				"north": {"uv": [14, 2.5, 14.5, 4.25], "rotation": 180, "texture": "#0"},
				"east": {"uv": [14, 2.5, 14.5, 4.25], "rotation": 180, "texture": "#0"},
				"south": {"uv": [14, 2.5, 14.5, 4.25], "rotation": 180, "texture": "#0"},
				"west": {"uv": [14, 2.5, 14.5, 4.25], "rotation": 180, "texture": "#0"},
				"up": {"uv": [14, 2.5, 14.5, 4.25], "rotation": 180, "texture": "#0"},
				"down": {"uv": [14, 2.5, 14.5, 4.25], "rotation": 180, "texture": "#0"}
			}
		},
		{
			"from": [8.12055, 5.7532, 7.1569],
			"to": [8.94555, 8.1157, 7.6069],
			"rotation": {"angle": 22.5, "axis": "z", "origin": [8.53305, 7.6657, 7.70065]},
			"faces": {
				"north": {"uv": [14, 0, 14.5, 2.75], "rotation": 180, "texture": "#0"},
				"east": {"uv": [14, 0, 14.5, 2.75], "rotation": 180, "texture": "#0"},
				"south": {"uv": [14, 0, 14.5, 2.75], "rotation": 180, "texture": "#0"},
				"west": {"uv": [14, 0, 14.5, 2.75], "rotation": 180, "texture": "#0"},
				"up": {"uv": [14, 0, 14.5, 0.5], "rotation": 180, "texture": "#0"},
				"down": {"uv": [14, 0, 14.5, 2.75], "rotation": 180, "texture": "#0"}
			}
		},
		{
			"from": [7.07055, 1.1407, 8.2069],
			"to": [8.64555, 5.4907, 9.0319],
			"rotation": {"angle": 0, "axis": "y", "origin": [6.54555, 4.6657, 10.3069]},
			"faces": {
				"north": {"uv": [14, 0, 14.5, 4.25], "rotation": 180, "texture": "#0"},
				"east": {"uv": [14, 0, 14.5, 4.25], "rotation": 180, "texture": "#0"},
				"south": {"uv": [14, 0, 14.5, 4.25], "rotation": 180, "texture": "#0"},
				"west": {"uv": [14, 0, 14.5, 4.25], "rotation": 180, "texture": "#0"},
				"up": {"uv": [10.25, 1.5, 10.5, 2], "rotation": 180, "texture": "#0"},
				"down": {"uv": [14, 0, 14.5, 4.25], "rotation": 180, "texture": "#0"}
			}
		},
		{
			"from": [7.14555, 5.0032, 8.2069],
			"to": [7.97055, 6.3657, 9.0319],
			"rotation": {"angle": 22.5, "axis": "z", "origin": [7.18305, 6.9157, 8.30065]},
			"faces": {
				"north": {"uv": [14, 0, 14.5, 2.75], "rotation": 180, "texture": "#0"},
				"east": {"uv": [14, 0, 14.5, 2.75], "rotation": 180, "texture": "#0"},
				"south": {"uv": [14, 0, 14.5, 2.75], "rotation": 180, "texture": "#0"},
				"west": {"uv": [10.25, 1.5, 10.5, 2], "rotation": 180, "texture": "#0"},
				"up": {"uv": [10.25, 1.5, 10.5, 2], "rotation": 180, "texture": "#0"},
				"down": {"uv": [14, 0, 14.5, 2.75], "rotation": 180, "texture": "#0"}
			}
		},
		{
			"from": [7.44555, 1.1407, 7.7569],
			"to": [8.27055, 5.4907, 8.2069],
			"rotation": {"angle": 0, "axis": "y", "origin": [6.54555, 4.6657, 9.8569]},
			"faces": {
				"north": {"uv": [14, 0, 14.5, 4.25], "rotation": 180, "texture": "#0"},
				"east": {"uv": [14, 0, 14.5, 4.25], "rotation": 180, "texture": "#0"},
				"south": {"uv": [14, 0, 14.5, 4.25], "rotation": 180, "texture": "#0"},
				"west": {"uv": [14, 0, 14.5, 4.25], "rotation": 180, "texture": "#0"},
				"up": {"uv": [14, 0, 14.5, 0.5], "rotation": 180, "texture": "#0"},
				"down": {"uv": [14, 0, 14.5, 4.25], "rotation": 180, "texture": "#0"}
			}
		},
		{
			"from": [6.77055, 5.0032, 7.7569],
			"to": [7.59555, 6.1157, 9.2069],
			"rotation": {"angle": 22.5, "axis": "z", "origin": [7.18305, 6.9157, 8.30065]},
			"faces": {
				"north": {"uv": [14, 0, 14.5, 1], "rotation": 180, "texture": "#0"},
				"east": {"uv": [14, 0, 14.5, 1], "rotation": 180, "texture": "#0"},
				"south": {"uv": [14, 0, 14.5, 2.75], "rotation": 180, "texture": "#0"},
				"west": {"uv": [14, 0, 14.5, 1], "rotation": 180, "texture": "#0"},
				"up": {"uv": [10.25, 1.5, 10.5, 2], "rotation": 180, "texture": "#0"},
				"down": {"uv": [14, 0, 14.5, 2.75], "rotation": 180, "texture": "#0"}
			}
		},
		{
			"from": [7.14555, 6.9907, 8.4319],
			"to": [10.22055, 11.6407, 9.6319],
			"rotation": {"angle": 22.5, "axis": "z", "origin": [8.12055, 8.9407, 10.5319]},
			"faces": {
				"north": {"uv": [8.5, 14, 11.75, 16], "texture": "#0"},
				"east": {"uv": [8.5, 14, 11.75, 16], "texture": "#0"},
				"south": {"uv": [8.5, 14, 11.75, 16], "texture": "#0"},
				"west": {"uv": [8.5, 14, 10, 16], "texture": "#0"},
				"up": {"uv": [8.5, 14, 11.75, 16], "texture": "#0"},
				"down": {"uv": [8.5, 14, 11.75, 16], "texture": "#0"}
			}
		},
		{
			"from": [6.02055, 5.4907, 8.5069],
			"to": [7.52055, 10.5157, 11.4319],
			"rotation": {"angle": 22.5, "axis": "z", "origin": [8.12055, 8.9407, 10.5319]},
			"faces": {
				"north": {"uv": [8.5, 14, 10, 16], "texture": "#0"},
				"east": {"uv": [8.5, 14, 11.75, 16], "texture": "#0"},
				"south": {"uv": [10.25, 14, 11.75, 16], "texture": "#0"},
				"west": {"uv": [10, 14, 11.75, 16], "texture": "#0"},
				"up": {"uv": [8.5, 14, 11.75, 16], "texture": "#0"},
				"down": {"uv": [8.5, 14, 11.75, 16], "texture": "#0"}
			}
		},
		{
			"from": [6.02055, 2.1907, 9.6319],
			"to": [7.97055, 8.3407, 11.0569],
			"rotation": {"angle": 22.5, "axis": "z", "origin": [8.12055, 5.6407, 10.5319]},
			"faces": {
				"north": {"uv": [8.5, 14, 11.75, 16], "texture": "#0"},
				"east": {"uv": [8.5, 14, 11.75, 16], "texture": "#0"},
				"south": {"uv": [8.5, 14, 11.75, 16], "texture": "#0"},
				"west": {"uv": [10, 14, 11.75, 16], "texture": "#0"},
				"up": {"uv": [8.5, 14, 11.75, 16], "texture": "#0"},
				"down": {"uv": [8.5, 14, 11.75, 16], "texture": "#0"}
			}
		},
		{
			"from": [8.82055, 3.3907, 7.1819],
			"to": [9.59555, 3.9907, 7.6069],
			"rotation": {"angle": 0, "axis": "y", "origin": [7.89555, 5.4157, 9.2569]},
			"faces": {
				"north": {"uv": [10.25, 1.5, 10.5, 2], "rotation": 180, "texture": "#0"},
				"east": {"uv": [10.25, 1.5, 10.5, 2], "rotation": 180, "texture": "#0"},
				"south": {"uv": [10.25, 1.5, 10.5, 2], "rotation": 180, "texture": "#0"},
				"west": {"uv": [10.25, 1.5, 10.5, 2], "rotation": 180, "texture": "#0"},
				"up": {"uv": [10.25, 1.5, 10.5, 2], "rotation": 180, "texture": "#0"},
				"down": {"uv": [10.25, 1.5, 10.5, 2], "rotation": 180, "texture": "#0"}
			}
		},
		{
			"from": [8.47055, 2.3907, 7.6319],
			"to": [9.59555, 3.9907, 8.8069],
			"rotation": {"angle": 0, "axis": "y", "origin": [7.89555, 5.4157, 9.2569]},
			"faces": {
				"north": {"uv": [10.25, 1.5, 10.5, 2], "rotation": 180, "texture": "#0"},
				"east": {"uv": [10.25, 1.5, 10.5, 2], "rotation": 180, "texture": "#0"},
				"south": {"uv": [10.25, 1.5, 10.5, 2], "rotation": 180, "texture": "#0"},
				"west": {"uv": [10.25, 1.5, 10.5, 2], "rotation": 180, "texture": "#0"},
				"up": {"uv": [10.25, 1.5, 10.5, 2], "rotation": 180, "texture": "#0"},
				"down": {"uv": [10.25, 1.5, 10.5, 2], "rotation": 180, "texture": "#0"}
			}
		}
	],
	"display": {
		"head": {
			"translation": [-5.75, -9.75, -11.25],
			"scale": [4, 4, 4]
		}
	},
	"groups": [
		{
			"name": "root_normal",
			"origin": [8, 8, 8],
			"color": 0,
			"children": [
				{
					"name": "arm_l",
					"origin": [8, 8, 8],
					"color": 0,
					"children": [
						{
							"name": "1",
							"origin": [8, 8, 8],
							"color": 0,
							"children": [
								0,
								1,
								2,
								3,
								4,
								{
									"name": "group",
									"origin": [1.44438, 3.91398, -2.10836],
									"color": 0,
									"children": [5, 6, 7, 8, 9]
								},
								{
									"name": "group",
									"origin": [1.44438, 3.91398, -2.10836],
									"color": 0,
									"children": [10, 11, 12, 13, 14, 15, 16, 17]
								},
								{
									"name": "group",
									"origin": [1.44438, 3.91398, -2.10836],
									"color": 0,
									"children": [18, 19, 20, 21]
								},
								22,
								23,
								24
							]
						}
					]
				}
			]
		},
		25,
		26
	]
}