{
	"credit": "Made with Blockbench",
	"texture_size": [32, 32],
	"textures": {
		"0": "zinogre/head",
		"1": "zinogre/thunder",
		"particle": "zinogre/head"
	},
	"elements": [
		{
			"from": [5.81161, 4.55296, 5.37937],
			"to": [10.18561, 8.37796, 9.12937],
			"rotation": {"angle": 22.5, "axis": "x", "origin": [7.99861, 5.42182, 10.50421]},
			"faces": {
				"north": {"uv": [0.25, 0.75, 1.75, 2.75], "texture": "#0"},
				"east": {"uv": [0.25, 0.75, 1.75, 2.75], "texture": "#0"},
				"south": {"uv": [0.25, 0.75, 1.75, 2.75], "texture": "#0"},
				"west": {"uv": [0.25, 0.75, 1.75, 2.75], "texture": "#0"},
				"up": {"uv": [0.25, 0.75, 1.75, 2.75], "texture": "#0"},
				"down": {"uv": [0.25, 0.75, 1.75, 2.75], "texture": "#0"}
			}
		},
		{
			"from": [6.38101, 3.65296, 5.37937],
			"to": [9.61621, 4.59796, 9.12937],
			"rotation": {"angle": 22.5, "axis": "x", "origin": [7.99861, 5.42182, 10.50421]},
			"faces": {
				"north": {"uv": [4, 10, 7, 10.5], "texture": "#0"},
				"east": {"uv": [4, 10, 7, 10.5], "texture": "#0"},
				"south": {"uv": [4, 10, 7, 10.5], "texture": "#0"},
				"west": {"uv": [4, 10, 7, 10.5], "texture": "#0"},
				"up": {"uv": [4, 10, 7, 10.5], "texture": "#0"},
				"down": {"uv": [3, 14, 5, 16], "rotation": 270, "texture": "#0"}
			}
		},
		{
			"from": [6.39481, 8.33296, 5.37937],
			"to": [7.46401, 9.09796, 9.12937],
			"rotation": {"angle": 22.5, "axis": "x", "origin": [7.99861, 5.42182, 10.50421]},
			"faces": {
				"north": {"uv": [14.5, 0, 14, 0.5], "texture": "#0"},
				"east": {"uv": [15, 0, 14, 4.25], "rotation": 90, "texture": "#0"},
				"south": {"uv": [14, 0, 14.5, 0.5], "texture": "#0"},
				"west": {"uv": [14, 0, 15, 4.25], "rotation": 90, "texture": "#0"},
				"up": {"uv": [15, 0, 14.5, 4.25], "texture": "#0"},
				"down": {"uv": [14.5, 0, 14, 4.25], "texture": "#0"}
			}
		},
		{
			"from": [8.53321, 8.33296, 5.37937],
			"to": [9.60241, 9.09796, 9.12937],
			"rotation": {"angle": 22.5, "axis": "x", "origin": [7.99861, 5.42182, 10.50421]},
			"faces": {
				"north": {"uv": [14.5, 0, 14, 0.5], "texture": "#0"},
				"east": {"uv": [15, 0, 14, 4.25], "rotation": 90, "texture": "#0"},
				"south": {"uv": [14, 0, 14.5, 0.5], "texture": "#0"},
				"west": {"uv": [14, 0, 15, 4.25], "rotation": 90, "texture": "#0"},
				"up": {"uv": [15, 0, 14.5, 4.25], "texture": "#0"},
				"down": {"uv": [14.5, 0, 14, 4.25], "texture": "#0"}
			}
		},
		{
			"from": [6.68611, 10.12547, 7.70437],
			"to": [7.21111, 11.51297, 8.45437],
			"rotation": {"angle": 0, "axis": "y", "origin": [6.94861, 10.81922, 8.07937]},
			"faces": {
				"north": {"uv": [14, 0, 14.5, 0.5], "rotation": 90, "texture": "#0"},
				"east": {"uv": [14, 0, 14.5, 0.5], "rotation": 90, "texture": "#0"},
				"south": {"uv": [14, 0, 14.5, 0.5], "rotation": 90, "texture": "#0"},
				"west": {"uv": [14, 0, 14.5, 0.5], "rotation": 90, "texture": "#0"},
				"up": {"uv": [14, 0, 14.5, 0.5], "rotation": 90, "texture": "#0"},
				"down": {"uv": [14, 0, 14.5, 0.5], "rotation": 90, "texture": "#0"}
			}
		},
		{
			"from": [8.82329, 10.12547, 7.70437],
			"to": [9.34829, 11.51297, 8.45437],
			"rotation": {"angle": 0, "axis": "y", "origin": [9.08579, 10.81922, 8.07937]},
			"faces": {
				"north": {"uv": [14, 0.5, 14.5, 0], "rotation": 90, "texture": "#0"},
				"east": {"uv": [14, 0.5, 14.5, 0], "rotation": 90, "texture": "#0"},
				"south": {"uv": [14, 0.5, 14.5, 0], "rotation": 90, "texture": "#0"},
				"west": {"uv": [14, 0.5, 14.5, 0], "rotation": 90, "texture": "#0"},
				"up": {"uv": [14, 0.5, 14.5, 0], "rotation": 90, "texture": "#0"},
				"down": {"uv": [14, 0.5, 14.5, 0], "rotation": 90, "texture": "#0"}
			}
		},
		{
			"from": [6.68611, 9.52547, 9.35437],
			"to": [7.21111, 10.91297, 10.10437],
			"rotation": {"angle": 0, "axis": "y", "origin": [6.94861, 10.21922, 9.72937]},
			"faces": {
				"north": {"uv": [14, 0, 14.5, 0.5], "rotation": 90, "texture": "#0"},
				"east": {"uv": [14, 0, 14.5, 0.5], "rotation": 90, "texture": "#0"},
				"south": {"uv": [14, 0, 14.5, 0.5], "rotation": 90, "texture": "#0"},
				"west": {"uv": [14, 0, 14.5, 0.5], "rotation": 90, "texture": "#0"},
				"up": {"uv": [14, 0, 14.5, 0.5], "rotation": 90, "texture": "#0"},
				"down": {"uv": [14, 0, 14.5, 0.5], "rotation": 90, "texture": "#0"}
			}
		},
		{
			"from": [8.82329, 9.52547, 9.35437],
			"to": [9.34829, 10.91297, 10.10437],
			"rotation": {"angle": 0, "axis": "y", "origin": [9.08579, 10.21922, 9.72937]},
			"faces": {
				"north": {"uv": [14, 0.5, 14.5, 0], "rotation": 90, "texture": "#0"},
				"east": {"uv": [14, 0.5, 14.5, 0], "rotation": 90, "texture": "#0"},
				"south": {"uv": [14, 0.5, 14.5, 0], "rotation": 90, "texture": "#0"},
				"west": {"uv": [14, 0.5, 14.5, 0], "rotation": 90, "texture": "#0"},
				"up": {"uv": [14, 0.5, 14.5, 0], "rotation": 90, "texture": "#0"},
				"down": {"uv": [14, 0.5, 14.5, 0], "rotation": 90, "texture": "#0"}
			}
		},
		{
			"from": [5.42281, 5.09296, 5.37937],
			"to": [10.57441, 6.84796, 9.42937],
			"rotation": {"angle": 22.5, "axis": "x", "origin": [7.99861, 5.87182, 10.50421]},
			"faces": {
				"north": {"uv": [11.75, 14, 15, 16], "rotation": 270, "texture": "#0"},
				"east": {"uv": [11.75, 14, 15, 16], "rotation": 270, "texture": "#0"},
				"south": {"uv": [11.75, 14, 15, 16], "rotation": 270, "texture": "#0"},
				"west": {"uv": [11.75, 14, 15, 16], "rotation": 270, "texture": "#0"},
				"up": {"uv": [11.75, 14, 15, 16], "texture": "#0"},
				"down": {"uv": [11.75, 14, 15, 16], "rotation": 180, "texture": "#0"}
			}
		},
		{
			"from": [5.61721, 6.89296, 5.37937],
			"to": [10.38001, 8.46796, 9.42937],
			"rotation": {"angle": 22.5, "axis": "x", "origin": [7.99861, 5.87182, 10.50421]},
			"faces": {
				"north": {"uv": [11.75, 14, 15, 16], "rotation": 270, "texture": "#0"},
				"east": {"uv": [11.75, 14, 15, 16], "rotation": 270, "texture": "#0"},
				"south": {"uv": [11.75, 14, 15, 16], "rotation": 270, "texture": "#0"},
				"west": {"uv": [11.75, 14, 15, 16], "rotation": 270, "texture": "#0"},
				"up": {"uv": [11.75, 14, 15, 16], "texture": "#0"},
				"down": {"uv": [11.75, 14, 15, 16], "rotation": 270, "texture": "#0"}
			}
		},
		{
			"from": [9.80789, 8.33296, 4.92937],
			"to": [9.82709, 12.39796, 8.67937],
			"rotation": {"angle": 22.5, "axis": "x", "origin": [8.74829, 4.67182, 10.05421]},
			"faces": {
				"east": {"uv": [16, 6, 0, 16], "texture": "#1"},
				"west": {"uv": [16, 6, 0, 16], "texture": "#1"}
			}
		},
		{
			"from": [6.16981, 8.33296, 4.92937],
			"to": [6.18901, 12.39796, 8.67937],
			"rotation": {"angle": 22.5, "axis": "x", "origin": [7.24861, 4.67182, 10.05421]},
			"faces": {
				"east": {"uv": [0, 6, 16, 16], "texture": "#1"},
				"west": {"uv": [0, 6, 16, 16], "texture": "#1"}
			}
		}
	],
	"display": {
		"head": {
			"rotation": [-22.5, 0, 0],
			"translation": [0, -4.5, -4.75],
			"scale": [4, 4, 4]
		}
	},
	"groups": [
		{
			"name": "root_normal",
			"origin": [8, 8, 8],
			"children": []
		},
		{
			"name": "root_thunder",
			"origin": [8, 8, 8],
			"children": [
				{
					"name": "neck",
					"origin": [8, 8, 8],
					"children": [
						{
							"name": "1",
							"origin": [8, 8, 8],
							"children": [0, 1,
								{
									"name": "group",
									"origin": [8, 8, 8],
									"children": [2, 3, 4, 5, 6, 7]
								}, 8, 9, 10, 11]
						}
					]
				}
			]
		}
	]
}