{
	"credit": "Made with Blockbench",
	"texture_size": [32, 32],
	"textures": {
		"0": "nazuti/head",
		"particle": "nazuti/head"
	},
	"elements": [
		{
			"from": [5.9962, 12.14049, 8.67249],
			"to": [9.28282, 15.79832, 16.69889],
			"rotation": {"angle": -45, "axis": "x", "origin": [8.70486, 12.37138, 17.5863]},
			"faces": {
				"north": {"uv": [7.25, 5.5, 8.25, 6.125], "texture": "#0"},
				"east": {"uv": [9.5, 12, 10.5, 13], "texture": "#0"},
				"south": {"uv": [9.5, 12, 10.5, 13], "texture": "#0"},
				"west": {"uv": [9.5, 12, 10.5, 13], "texture": "#0"},
				"up": {"uv": [7.25, 5.5, 8.25, 6.125], "texture": "#0"},
				"down": {"uv": [8.625, 10.5, 10, 11.5], "texture": "#0"}
			}
		}
	],
	"display": {
		"head": {
			"translation": [1.5, -23.5, -28],
			"scale": [4, 4, 4]
		}
	},
	"groups": [
		{
			"name": "root",
			"origin": [8, 8, 8],
			"color": 0,
			"children": [
				{
					"name": "arm_l",
					"origin": [8, 8, 8],
					"color": 0,
					"children": [
						{
							"name": "1",
							"origin": [8, 8, 8],
							"color": 0,
							"children": [0]
						}
					]
				}
			]
		}
	]
}