{
	"credit": "Made with Blockbench",
	"texture_size": [32, 32],
	"textures": {
		"0": "nazuti/head",
		"particle": "nazuti/head"
	},
	"elements": [
		{
			"from": [9.38161, 11.07514, 14.12613],
			"to": [14.74464, 15.79832, 18.4781],
			"rotation": {"angle": 0, "axis": "y", "origin": [10.05652, 13.30356, 15.16895]},
			"faces": {
				"north": {"uv": [9.5, 12, 10.5, 13], "texture": "#0"},
				"east": {"uv": [2.125, 2.875, 3.125, 4.125], "texture": "#0"},
				"south": {"uv": [9.5, 12, 10.5, 13], "texture": "#0"},
				"west": {"uv": [2.125, 2.875, 3.125, 4.125], "texture": "#0"},
				"up": {"uv": [2.125, 2.875, 3.125, 4.125], "texture": "#0"},
				"down": {"uv": [8.625, 10.5, 10, 11.5], "texture": "#0"}
			}
		},
		{
			"from": [6.71824, 11.07514, 14.12613],
			"to": [9.38161, 15.26565, 17.94542],
			"rotation": {"angle": 0, "axis": "y", "origin": [10.05652, 13.30356, 15.16895]},
			"faces": {
				"north": {"uv": [9.5, 12, 10.5, 13], "texture": "#0"},
				"east": {"uv": [2.125, 2.875, 3.125, 4.125], "texture": "#0"},
				"south": {"uv": [9.5, 12, 10.5, 13], "texture": "#0"},
				"west": {"uv": [9.5, 12, 10.5, 13], "texture": "#0"},
				"up": {"uv": [2.125, 2.875, 3.125, 4.125], "texture": "#0"},
				"down": {"uv": [8.625, 10.5, 10, 11.5], "texture": "#0"}
			}
		}
	],
	"display": {
		"head": {
			"translation": [-22, -29, -33.5],
			"scale": [4, 4, 4]
		}
	},
	"groups": [
		{
			"name": "root",
			"origin": [8, 8, 8],
			"color": 0,
			"children": [
				{
					"name": "arm_l",
					"origin": [8, 8, 8],
					"color": 0,
					"children": [
						{
							"name": "0",
							"origin": [8, 8, 8],
							"color": 0,
							"children": [0, 1]
						}
					]
				}
			]
		}
	]
}