{
	"credit": "Made with Blockbench",
	"texture_size": [32, 32],
	"textures": {
		"0": "nazuti/head",
		"particle": "nazuti/head"
	},
	"elements": [
		{
			"from": [2.15055, 4.02403, 8.26377],
			"to": [13.85471, 9.6237, 19.00446],
			"rotation": {"angle": 0, "axis": "y", "origin": [13.94862, 7.31831, -21.53036]},
			"faces": {
				"north": {"uv": [7.125, 5.625, 8.125, 6.625], "texture": "#0"},
				"east": {"uv": [7.125, 5.625, 8.125, 6.625], "texture": "#0"},
				"south": {"uv": [7.125, 5.625, 8.125, 6.625], "texture": "#0"},
				"west": {"uv": [2.125, 3, 4.89751, 4.44545], "texture": "#0"},
				"up": {"uv": [6, 3, 7.5, 4.5], "texture": "#0"},
				"down": {"uv": [7.125, 5.625, 8.125, 6.625], "texture": "#0"}
			}
		},
		{
			"from": [3.39275, 9.6237, 14.12319],
			"to": [12.61251, 12.06122, 22.73319],
			"rotation": {"angle": 0, "axis": "y", "origin": [13.94862, 7.31831, -21.53036]},
			"faces": {
				"north": {"uv": [7.125, 5.625, 8.125, 6.625], "texture": "#0"},
				"east": {"uv": [7.125, 5.625, 8.125, 6.625], "texture": "#0"},
				"south": {"uv": [7.125, 5.625, 8.125, 6.625], "texture": "#0"},
				"west": {"uv": [2.125, 3, 4.34751, 3.6292], "texture": "#0"},
				"up": {"uv": [6, 3, 7.5, 4.5], "texture": "#0"},
				"down": {"uv": [7.125, 5.625, 8.125, 6.625], "texture": "#0"}
			}
		},
		{
			"from": [3.97869, 11.02996, 8.79644],
			"to": [12.02656, 13.46748, 15.80841],
			"rotation": {"angle": -22.5, "axis": "x", "origin": [8.00263, 10.84246, 19.49354]},
			"faces": {
				"north": {"uv": [7.125, 5.625, 8.125, 6.625], "texture": "#0"},
				"east": {"uv": [7.125, 5.625, 8.125, 6.625], "texture": "#0"},
				"south": {"uv": [7.125, 5.625, 8.125, 6.625], "texture": "#0"},
				"west": {"uv": [2.125, 3, 3.93501, 3.6292], "texture": "#0"},
				"up": {"uv": [6, 3, 7.5, 4.5], "texture": "#0"},
				"down": {"uv": [7.125, 5.625, 8.125, 6.625], "texture": "#0"}
			}
		},
		{
			"from": [3.24292, 4.51153, 18.313],
			"to": [12.76234, 9.6237, 23.96473],
			"rotation": {"angle": 0, "axis": "y", "origin": [13.94862, 8.29332, -16.65532]},
			"faces": {
				"north": {"uv": [7.125, 5.625, 8.125, 6.625], "texture": "#0"},
				"east": {"uv": [7.125, 5.625, 8.125, 6.625], "texture": "#0"},
				"south": {"uv": [7.125, 5.625, 8.125, 6.625], "texture": "#0"},
				"west": {"uv": [2.125, 3, 3.58389, 4.31961], "texture": "#0"},
				"up": {"uv": [7.125, 5.625, 8.125, 6.625], "texture": "#0"},
				"down": {"uv": [7.125, 5.625, 8.125, 6.625], "texture": "#0"}
			}
		},
		{
			"from": [5.38782, 1.38026, 15.69224],
			"to": [10.60536, 3.07989, 20.61953],
			"rotation": {"angle": -22.5, "axis": "x", "origin": [8.28956, 6.58011, 21.37324]},
			"faces": {
				"north": {"uv": [9.375, 10.75, 10.375, 11.375], "texture": "#0"},
				"east": {"uv": [9.375, 10.75, 10.375, 11.375], "texture": "#0"},
				"south": {"uv": [10.25, 2.125, 11.25, 2.75], "texture": "#0"},
				"west": {"uv": [9.375, 10.75, 10.375, 11.375], "texture": "#0"},
				"up": {"uv": [9.375, 10.75, 10.375, 11.375], "texture": "#0"},
				"down": {"uv": [10.125, 2, 11.375, 2.75], "texture": "#0"}
			}
		},
		{
			"from": [4.27974, -0.42416, 8.26377],
			"to": [11.72551, 1.89333, 18.39508],
			"rotation": {"angle": 0, "axis": "y", "origin": [13.94862, 7.31831, -21.53036]},
			"faces": {
				"north": {"uv": [10.125, 2, 11.375, 2.75], "texture": "#0"},
				"east": {"uv": [9.375, 10.75, 10.375, 11.375], "texture": "#0"},
				"south": {"uv": [10.25, 2, 11.25, 2.625], "texture": "#0"},
				"west": {"uv": [9.375, 10.75, 10.375, 11.375], "texture": "#0"},
				"up": {"uv": [9.375, 10.75, 10.375, 11.375], "texture": "#0"},
				"down": {"uv": [10.25, 2, 11.25, 2.75], "texture": "#0"}
			}
		},
		{
			"from": [3.74707, 1.70654, 8.26377],
			"to": [12.25819, 4.02403, 18.39508],
			"rotation": {"angle": 0, "axis": "y", "origin": [13.94862, 7.31831, -21.53036]},
			"faces": {
				"north": {"uv": [7.125, 5.625, 8.125, 6.625], "texture": "#0"},
				"east": {"uv": [7.125, 5.625, 8.125, 6.625], "texture": "#0"},
				"south": {"uv": [7.125, 5.625, 8.125, 6.625], "texture": "#0"},
				"west": {"uv": [2.125, 3, 4.74021, 3.59822], "texture": "#0"},
				"up": {"uv": [7.125, 5.625, 8.125, 6.625], "texture": "#0"},
				"down": {"uv": [9, 10.5, 10, 11.5], "texture": "#0"}
			}
		},
		{
			"from": [5.03444, 1.58654, 18.37948],
			"to": [10.97082, 3.12658, 23.96473],
			"rotation": {"angle": 0, "axis": "y", "origin": [13.94862, 8.29332, -11.41465]},
			"faces": {
				"north": {"uv": [9.375, 10.75, 10.375, 11.375], "texture": "#0"},
				"east": {"uv": [9.375, 10.75, 10.375, 11.375], "texture": "#0"},
				"south": {"uv": [10.25, 2, 11.25, 2.625], "texture": "#0"},
				"west": {"uv": [9.375, 10.75, 10.375, 11.375], "texture": "#0"},
				"up": {"uv": [9.375, 10.75, 10.375, 11.375], "texture": "#0"},
				"down": {"uv": [10.25, 2, 11.25, 2.625], "texture": "#0"}
			}
		},
		{
			"from": [4.50176, 3.07803, 18.37948],
			"to": [11.5035, 4.51153, 23.96473],
			"rotation": {"angle": 0, "axis": "y", "origin": [13.94862, 8.29332, -11.41465]},
			"faces": {
				"north": {"uv": [7.125, 5.625, 8.125, 6.625], "texture": "#0"},
				"east": {"uv": [7.125, 5.625, 8.125, 6.625], "texture": "#0"},
				"south": {"uv": [7.125, 5.625, 8.125, 6.625], "texture": "#0"},
				"west": {"uv": [2.125, 3, 3.56673, 3.37003], "texture": "#0"},
				"up": {"uv": [7.125, 5.625, 8.125, 6.625], "texture": "#0"},
				"down": {"uv": [7.125, 5.625, 8.125, 6.625], "texture": "#0"}
			}
		}
	],
	"display": {
		"head": {
			"translation": [0, 4, -29],
			"scale": [4, 4, 4]
		}
	},
	"groups": [
		{
			"name": "root",
			"origin": [8, 8, 8],
			"color": 0,
			"children": [
				{
					"name": "body",
					"origin": [8, 8, 8],
					"color": 0,
					"children": [
						{
							"name": "1",
							"origin": [9.8, 10.53615, -0.43345],
							"color": 0,
							"children": [0, 1, 2, 3, 4, 5, 6, 7, 8]
						}
					]
				}
			]
		}
	]
}