{
	"credit": "Made with Blockbench",
	"texture_size": [32, 32],
	"textures": {
		"0": "nazuti/head",
		"particle": "nazuti/head"
	},
	"elements": [
		{
			"from": [3.38889, 3.63028, 2.54642],
			"to": [12.63981, 8.74244, 9.3913],
			"rotation": {"angle": 0, "axis": "y", "origin": [13.94862, 8.72457, -20.52893]},
			"faces": {
				"north": {"uv": [7.25, 5.5, 8.25, 6.75], "texture": "#0"},
				"east": {"uv": [7.25, 5.5, 8.25, 6.75], "texture": "#0"},
				"south": {"uv": [7.25, 5.5, 8.25, 6.75], "texture": "#0"},
				"west": {"uv": [2.25, 2.875, 4.01688, 4.19461], "texture": "#0"},
				"up": {"uv": [7.25, 5.5, 8.25, 6.75], "texture": "#0"},
				"down": {"uv": [7.25, 5.5, 8.25, 6.75], "texture": "#0"}
			}
		},
		{
			"from": [4.34939, -0.20839, -3.07863],
			"to": [11.64646, 2.13386, 9.3913],
			"rotation": {"angle": 0, "axis": "y", "origin": [13.94391, 8.72457, -20.52893]},
			"faces": {
				"north": {"uv": [10.125, 2, 11.375, 2.75], "texture": "#0"},
				"east": {"uv": [8.875, 10.5, 9.875, 11.375], "texture": "#0"},
				"south": {"uv": [8.875, 10.5, 9.875, 11.375], "texture": "#0"},
				"west": {"uv": [8.875, 10.5, 9.875, 11.375], "texture": "#0"},
				"up": {"uv": [8.875, 10.5, 9.875, 11.375], "texture": "#0"},
				"down": {"uv": [10.25, 2, 11.25, 2.75], "texture": "#0"}
			}
		},
		{
			"from": [2.75136, 1.81577, -3.07863],
			"to": [13.24448, 5.32991, 9.3913],
			"rotation": {"angle": 0, "axis": "y", "origin": [13.94391, 8.72457, -20.52893]},
			"faces": {
				"north": {"uv": [7.25, 5.5, 8.25, 6.75], "texture": "#0"},
				"east": {"uv": [7.25, 5.5, 8.25, 6.75], "texture": "#0"},
				"south": {"uv": [7.25, 5.5, 8.25, 6.75], "texture": "#0"},
				"west": {"uv": [2.25, 2.875, 5.46888, 3.78211], "texture": "#0"},
				"up": {"uv": [7.25, 5.5, 8.25, 6.75], "texture": "#0"},
				"down": {"uv": [7.25, 5.5, 8.25, 6.75], "texture": "#0"}
			}
		},
		{
			"from": [2.11855, 5.30279, -2.9934],
			"to": [13.8773, 11.51746, 3.70233],
			"rotation": {"angle": 0, "axis": "y", "origin": [13.94391, 8.72457, -20.52893]},
			"faces": {
				"north": {"uv": [8.25, 5.5, 7.25, 6.75], "texture": "#0"},
				"east": {"uv": [8.25, 5.5, 7.25, 6.75], "texture": "#0"},
				"south": {"uv": [8.25, 5.5, 7.25, 6.75], "texture": "#0"},
				"west": {"uv": [3.97838, 2.875, 2.25, 4.4792], "texture": "#0"},
				"up": {"uv": [6, 3, 7.5, 4.5], "texture": "#0"},
				"down": {"uv": [8.25, 5.5, 7.25, 6.75], "texture": "#0"}
			}
		},
		{
			"from": [2.75607, 3.09027, -7.42526],
			"to": [13.24919, 11.02996, -0.72952],
			"rotation": {"angle": 0, "axis": "y", "origin": [13.94862, 8.72457, -20.52893]},
			"faces": {
				"north": {"uv": [7.25, 5.5, 8.25, 6.75], "texture": "#0"},
				"east": {"uv": [7.25, 5.5, 8.25, 6.75], "texture": "#0"},
				"south": {"uv": [7.25, 5.5, 8.25, 6.75], "texture": "#0"},
				"west": {"uv": [2.25, 2.875, 3.97838, 4.92448], "texture": "#0"},
				"up": {"uv": [7.25, 5.5, 8.25, 6.75], "texture": "#0"},
				"down": {"uv": [7.25, 5.5, 8.25, 6.75], "texture": "#0"}
			}
		},
		{
			"from": [3.36545, 10.05495, -5.3457],
			"to": [12.63981, 12.99873, 2.59437],
			"rotation": {"angle": 0, "axis": "y", "origin": [13.94862, 8.72457, -20.52893]},
			"faces": {
				"north": {"uv": [7.25, 5.5, 8.25, 6.75], "texture": "#0"},
				"east": {"uv": [7.25, 5.5, 8.25, 6.75], "texture": "#0"},
				"south": {"uv": [7.25, 5.5, 8.25, 6.75], "texture": "#0"},
				"west": {"uv": [2.25, 2.875, 4.29958, 3.63488], "texture": "#0"},
				"up": {"uv": [6, 3, 7.5, 4.5], "texture": "#0"},
				"down": {"uv": [7.25, 5.5, 8.25, 6.75], "texture": "#0"}
			}
		},
		{
			"from": [4.53734, 10.52371, 1.0464],
			"to": [11.46792, 12.99873, 8.98647],
			"rotation": {"angle": 22.5, "axis": "x", "origin": [8.00263, 11.76122, -1.37566]},
			"faces": {
				"north": {"uv": [7.25, 5.5, 8.25, 6.75], "texture": "#0"},
				"east": {"uv": [7.25, 5.5, 8.25, 6.75], "texture": "#0"},
				"south": {"uv": [7.25, 5.5, 8.25, 6.75], "texture": "#0"},
				"west": {"uv": [2.25, 2.875, 4.29958, 3.51388], "texture": "#0"},
				"up": {"uv": [6, 3, 7.5, 4.5], "texture": "#0"},
				"down": {"uv": [7.25, 5.5, 8.25, 6.75], "texture": "#0"}
			}
		},
		{
			"from": [4.18705, 0.52099, -5.20933],
			"to": [11.81821, 3.09027, -2.94545],
			"rotation": {"angle": 0, "axis": "y", "origin": [13.94862, 8.72457, -20.52893]},
			"faces": {
				"north": {"uv": [10.125, 2, 11.375, 2.75], "texture": "#0"},
				"east": {"uv": [8.875, 10.5, 9.875, 11.375], "texture": "#0"},
				"south": {"uv": [8.875, 10.5, 9.875, 11.375], "texture": "#0"},
				"west": {"uv": [8.875, 10.5, 9.875, 11.375], "texture": "#0"},
				"up": {"uv": [8.875, 10.5, 9.875, 11.375], "texture": "#0"},
				"down": {"uv": [10.125, 2, 11.375, 2.75], "texture": "#0"}
			}
		},
		{
			"from": [5.48251, 1.28293, -6.87128],
			"to": [10.52274, 3.09027, -5.16138],
			"rotation": {"angle": 0, "axis": "y", "origin": [13.94862, 8.72457, -20.52893]},
			"faces": {
				"north": {"uv": [10.125, 2, 11.375, 2.75], "texture": "#0"},
				"east": {"uv": [8.875, 10.5, 9.875, 11.375], "texture": "#0"},
				"south": {"uv": [8.875, 10.5, 9.875, 11.375], "texture": "#0"},
				"west": {"uv": [8.875, 10.5, 9.875, 11.375], "texture": "#0"},
				"up": {"uv": [8.875, 10.5, 9.875, 11.375], "texture": "#0"},
				"down": {"uv": [10.125, 2, 11.375, 2.75], "texture": "#0"}
			}
		}
	],
	"display": {
		"head": {
			"translation": [0, 4, 1],
			"scale": [4, 4, 4]
		}
	},
	"groups": [
		{
			"name": "root",
			"origin": [8, 8, 8],
			"color": 0,
			"children": [
				{
					"name": "body",
					"origin": [8, 8, 8],
					"color": 0,
					"children": [
						{
							"name": "0",
							"origin": [8, 8, 8],
							"color": 0,
							"children": [0, 1, 2, 3, 4, 5, 6, 7, 8]
						}
					]
				}
			]
		}
	]
}