{
	"credit": "Made with Blockbench",
	"texture_size": [32, 32],
	"textures": {
		"0": "nazuti/head",
		"particle": "nazuti/head"
	},
	"elements": [
		{
			"from": [4.82693, 5.98749, 8.08494],
			"to": [11.17536, 9.77033, 13.82718],
			"rotation": {"angle": 0, "axis": "y", "origin": [12.76247, 9.77033, 14.20218]},
			"faces": {
				"north": {"uv": [5.5, 1, 7.5, 2], "texture": "#0"},
				"east": {"uv": [1.5, 6.5, 3, 7.5], "texture": "#0"},
				"south": {"uv": [2, 5.5, 4, 6.5], "texture": "#0"},
				"west": {"uv": [3, 6.5, 4.5, 7.5], "texture": "#0"},
				"up": {"uv": [5.5, 1.5, 3.5, 0], "texture": "#0"},
				"down": {"uv": [5.5, 1.5, 3.5, 3], "texture": "#0"}
			}
		},
		{
			"from": [5.81233, 5.97343, 4.87398],
			"to": [10.18997, 9.64377, 9.3037],
			"rotation": {"angle": 0, "axis": "y", "origin": [12.76247, 9.77033, 14.20218]},
			"faces": {
				"north": {"uv": [8.5, 3.5, 10, 4.5], "texture": "#0"},
				"east": {"uv": [4.5, 8.5, 6, 9.5], "texture": "#0"},
				"south": {"uv": [8.5, 5.5, 10, 6.5], "texture": "#0"},
				"west": {"uv": [6, 8.5, 7.5, 9.5], "texture": "#0"},
				"up": {"uv": [1.5, 9.5, 0, 8], "texture": "#0"},
				"down": {"uv": [10, 2, 8.5, 3.5], "texture": "#0"}
			}
		},
		{
			"from": [4.19209, 5.91014, 10.63965],
			"to": [11.81021, 8.9172, 13.82718],
			"rotation": {"angle": 0, "axis": "y", "origin": [12.76247, 9.77033, 14.20218]},
			"faces": {
				"north": {"uv": [4.5, 6.5, 6.5, 7.5], "texture": "#0"},
				"east": {"uv": [7.5, 10.5, 8.5, 11.5], "texture": "#0"},
				"south": {"uv": [6.5, 5.5, 8.5, 6.5], "texture": "#0"},
				"west": {"uv": [10.5, 7.5, 11.5, 8.5], "texture": "#0"},
				"up": {"uv": [6, 4, 4, 3], "texture": "#0"},
				"down": {"uv": [6, 4, 4, 5], "texture": "#0"}
			}
		},
		{
			"from": [4.3508, 3.06246, 10.61621],
			"to": [11.6515, 5.97343, 13.82718],
			"rotation": {"angle": 0, "axis": "y", "origin": [12.76247, 9.77033, 14.20218]},
			"faces": {
				"north": {"uv": [7.5, 0, 9.5, 1], "texture": "#0"},
				"east": {"uv": [8.5, 10.5, 9.5, 11.5], "texture": "#0"},
				"south": {"uv": [7.5, 1, 9.5, 2], "texture": "#0"},
				"west": {"uv": [9.5, 10.5, 10.5, 11.5], "texture": "#0"},
				"up": {"uv": [2, 6.5, 0, 5.5], "texture": "#0"},
				"down": {"uv": [7.5, 0, 5.5, 1], "texture": "#0"}
			}
		},
		{
			"from": [5.88768, 5.97343, 2.92865],
			"to": [10.11462, 8.09219, 4.87398],
			"rotation": {"angle": 0, "axis": "y", "origin": [12.76247, 9.77033, 14.20218]},
			"faces": {
				"north": {"uv": [10, 6, 11.5, 6.5], "texture": "#0"},
				"east": {"uv": [1, 9.5, 1.5, 10], "texture": "#0"},
				"south": {"uv": [10.5, 1, 12, 1.5], "texture": "#0"},
				"west": {"uv": [1, 11.5, 1.5, 12], "texture": "#0"},
				"up": {"uv": [1.5, 11.5, 0, 11], "texture": "#0"},
				"down": {"uv": [12.5, 4.5, 11, 5], "texture": "#0"}
			}
		},
		{
			"from": [7.76876, 9.80327, -1.74172],
			"to": [9.13353, 11.12866, -1.19199],
			"rotation": {"angle": 22.5, "axis": "x", "origin": [8.00115, 7.52845, -0.34737]},
			"faces": {
				"north": {"uv": [1.375, 14.125, 1.75, 14.375], "texture": "#0"},
				"east": {"uv": [1.375, 14.125, 1.75, 14.375], "texture": "#0"},
				"south": {"uv": [1.375, 14.125, 1.75, 14.375], "texture": "#0"},
				"west": {"uv": [1.375, 14.125, 1.75, 14.375], "texture": "#0"},
				"up": {"uv": [1.375, 14.125, 1.75, 14.375], "texture": "#0"},
				"down": {"uv": [1.375, 14.125, 1.75, 14.375], "texture": "#0"}
			}
		},
		{
			"from": [6.76876, 8.80327, -1.24172],
			"to": [9.23353, 11.12866, 1.15801],
			"rotation": {"angle": 22.5, "axis": "x", "origin": [8.00115, 7.52845, -0.34737]},
			"faces": {
				"north": {"uv": [1.25, 14, 1.75, 14.25], "texture": "#0"},
				"east": {"uv": [10, 5, 11.5, 6], "texture": "#0"},
				"south": {"uv": [9.5, 12, 10.5, 13], "texture": "#0"},
				"west": {"uv": [10.5, 0, 12, 1], "texture": "#0"},
				"up": {"uv": [3.5, 12, 2.5, 10.5], "texture": "#0"},
				"down": {"uv": [4.5, 11, 3.5, 12], "texture": "#0"}
			}
		},
		{
			"from": [6.49088, 8.43764, -0.06075],
			"to": [9.51141, 11.49429, 5.42367],
			"rotation": {"angle": 22.5, "axis": "x", "origin": [8.00115, 7.52845, -0.34737]},
			"faces": {
				"north": {"uv": [1.5, 11, 2.5, 12], "texture": "#0"},
				"east": {"uv": [1.5, 9, 3, 10], "texture": "#0"},
				"south": {"uv": [11, 6.5, 12, 7.5], "texture": "#0"},
				"west": {"uv": [3, 9, 4.5, 10], "texture": "#0"},
				"up": {"uv": [1, 11, 0, 9.5], "texture": "#0"},
				"down": {"uv": [10.5, 0, 9.5, 1.5], "texture": "#0"}
			}
		},
		{
			"from": [5.2197, 8.08282, 2.3427],
			"to": [10.78259, 9.26408, 4.87398],
			"rotation": {"angle": 0, "axis": "y", "origin": [12.76247, 9.77033, 14.20218]},
			"faces": {
				"north": {"uv": [12, 7, 13.5, 7.5], "texture": "#0"},
				"east": {"uv": [1.5, 13.5, 2.5, 14], "texture": "#0"},
				"south": {"uv": [12.5, 1.5, 14, 2], "texture": "#0"},
				"west": {"uv": [13.5, 2, 14.5, 2.5], "texture": "#0"},
				"up": {"uv": [11, 7.5, 9.5, 6.5], "texture": "#0"},
				"down": {"uv": [9, 9.5, 7.5, 10.5], "texture": "#0"}
			}
		},
		{
			"from": [3.76432, 8.95001, 4.56929],
			"to": [12.23819, 10.35628, 7.499],
			"rotation": {"angle": 0, "axis": "y", "origin": [13.42916, 9.77033, 14.20218]},
			"faces": {
				"north": {"uv": [10, 3.5, 12.5, 4], "texture": "#0"},
				"east": {"uv": [12, 12.5, 13, 13], "texture": "#0"},
				"south": {"uv": [10, 4, 12.5, 4.5], "texture": "#0"},
				"west": {"uv": [1.5, 13, 2.5, 13.5], "texture": "#0"},
				"up": {"uv": [8, 3, 5.5, 2], "texture": "#0"},
				"down": {"uv": [6.5, 5.5, 4, 6.5], "texture": "#0"}
			}
		},
		{
			"from": [1.47985, 9.18439, 7.499],
			"to": [14.52266, 10.94222, 12.06935],
			"rotation": {"angle": 0, "axis": "y", "origin": [13.42916, 9.77033, 14.20218]},
			"faces": {
				"north": {"uv": [0, 5, 3.5, 5.5], "texture": "#0"},
				"east": {"uv": [11, 8.5, 12.5, 9], "texture": "#0"},
				"south": {"uv": [3.5, 5, 7, 5.5], "texture": "#0"},
				"west": {"uv": [11, 9, 12.5, 9.5], "texture": "#0"},
				"up": {"uv": [3.5, 1.5, 0, 0], "texture": "#0"},
				"down": {"uv": [3.5, 1.5, 0, 3], "texture": "#0"}
			}
		},
		{
			"from": [6.37288, 9.26408, 6.13961],
			"to": [9.62963, 11.83754, 8.67088],
			"rotation": {"angle": 0, "axis": "y", "origin": [13.42916, 9.77033, 14.20218]},
			"faces": {
				"north": {"uv": [0, 11.5, 1, 12.5], "texture": "#0"},
				"east": {"uv": [10.5, 12, 11.5, 13], "texture": "#0"},
				"south": {"uv": [11.5, 1.5, 12.5, 2.5], "texture": "#0"},
				"west": {"uv": [0, 12.5, 1, 13.5], "texture": "#0"},
				"up": {"uv": [5.5, 12.5, 4.5, 11.5], "texture": "#0"},
				"down": {"uv": [12.5, 5, 11.5, 6], "texture": "#0"}
			}
		},
		{
			"from": [5.2873, 9.77033, 8.67088],
			"to": [10.71521, 12.61801, 13.24124],
			"rotation": {"angle": 0, "axis": "y", "origin": [13.42916, 9.77033, 14.20218]},
			"faces": {
				"north": {"uv": [4.5, 9.5, 6, 10.5], "texture": "#0"},
				"east": {"uv": [9.5, 8.5, 11, 9.5], "texture": "#0"},
				"south": {"uv": [6, 9.5, 7.5, 10.5], "texture": "#0"},
				"west": {"uv": [9, 9.5, 10.5, 10.5], "texture": "#0"},
				"up": {"uv": [7.5, 4.5, 6, 3], "texture": "#0"},
				"down": {"uv": [1.5, 6.5, 0, 8], "texture": "#0"}
			}
		},
		{
			"from": [4.52581, 10.59065, 9.72558],
			"to": [11.4767, 12.34848, 16.17095],
			"rotation": {"angle": -22.5, "axis": "x", "origin": [8.00126, 9.47736, 14.12015]},
			"faces": {
				"north": {"uv": [9, 4.5, 11, 5], "texture": "#0"},
				"east": {"uv": [2.5, 10, 4.5, 10.5], "texture": "#0"},
				"south": {"uv": [9.5, 1.5, 11.5, 2], "texture": "#0"},
				"west": {"uv": [10, 3, 12, 3.5], "texture": "#0"},
				"up": {"uv": [2, 5, 0, 3], "texture": "#0"},
				"down": {"uv": [4, 3, 2, 5], "texture": "#0"}
			}
		},
		{
			"from": [6.04879, 10.47346, 16.17095],
			"to": [9.95372, 12.23129, 17.92878],
			"rotation": {"angle": -22.5, "axis": "x", "origin": [8.00126, 9.47736, 14.12015]},
			"faces": {
				"north": {"uv": [11.5, 2.5, 12.5, 3], "texture": "#0"},
				"east": {"uv": [13, 6.5, 13.5, 7], "texture": "#0"},
				"south": {"uv": [5.5, 11.5, 6.5, 12], "texture": "#0"},
				"west": {"uv": [13, 8.5, 13.5, 9], "texture": "#0"},
				"up": {"uv": [12.5, 6.5, 11.5, 6], "texture": "#0"},
				"down": {"uv": [7.5, 11.5, 6.5, 12], "texture": "#0"}
			}
		},
		{
			"from": [2.24134, 8.59845, 12.06935],
			"to": [13.76117, 10.59065, 13.82718],
			"rotation": {"angle": 0, "axis": "y", "origin": [13.42916, 9.77033, 14.20218]},
			"faces": {
				"north": {"uv": [6, 4.5, 9, 5], "texture": "#0"},
				"east": {"uv": [9, 13, 9.5, 13.5], "texture": "#0"},
				"south": {"uv": [6.5, 6.5, 9.5, 7], "texture": "#0"},
				"west": {"uv": [13, 9, 13.5, 9.5], "texture": "#0"},
				"up": {"uv": [10, 5.5, 7, 5], "texture": "#0"},
				"down": {"uv": [9.5, 7, 6.5, 7.5], "texture": "#0"}
			}
		},
		{
			"from": [-0.80462, 8.48126, 8.67088],
			"to": [2.24134, 9.77033, 10.89747],
			"rotation": {"angle": 0, "axis": "y", "origin": [12.66767, 9.77033, 14.20218]},
			"faces": {
				"north": {"uv": [2.5, 13, 3.5, 13.5], "texture": "#0"},
				"east": {"uv": [10, 13, 11, 13.5], "texture": "#0"},
				"south": {"uv": [13, 3, 14, 3.5], "texture": "#0"},
				"west": {"uv": [13, 10, 14, 10.5], "texture": "#0"},
				"up": {"uv": [8.5, 12.5, 7.5, 11.5], "texture": "#0"},
				"down": {"uv": [12.5, 7.5, 11.5, 8.5], "texture": "#0"}
			}
		},
		{
			"from": [-2.6322, 8.83283, 11.48341],
			"to": [2.24134, 10.1219, 13.12405],
			"rotation": {"angle": 22.5, "axis": "y", "origin": [0.71836, 9.47736, 9.78417]},
			"faces": {
				"north": {"uv": [8.5, 11.5, 10, 12], "texture": "#0"},
				"east": {"uv": [2.5, 13.5, 3, 14], "texture": "#0"},
				"south": {"uv": [11.5, 9.5, 13, 10], "texture": "#0"},
				"west": {"uv": [13.5, 2.5, 14, 3], "texture": "#0"},
				"up": {"uv": [11.5, 12, 10, 11.5], "texture": "#0"},
				"down": {"uv": [13, 10, 11.5, 10.5], "texture": "#0"}
			}
		},
		{
			"from": [1.2562, 8.83283, 13.25407],
			"to": [4.75906, 10.1219, 14.89471],
			"rotation": {"angle": 45, "axis": "y", "origin": [3.08378, 9.47736, 14.48455]},
			"faces": {
				"north": {"uv": [1.5, 12.5, 2.5, 13], "texture": "#0"},
				"east": {"uv": [3, 13.5, 3.5, 14], "texture": "#0"},
				"south": {"uv": [12.5, 2, 13.5, 2.5], "texture": "#0"},
				"west": {"uv": [3.5, 13.5, 4, 14], "texture": "#0"},
				"up": {"uv": [13.5, 3, 12.5, 2.5], "texture": "#0"},
				"down": {"uv": [13.5, 3.5, 12.5, 4], "texture": "#0"}
			}
		},
		{
			"from": [13.75796, 8.48126, 8.67088],
			"to": [16.80392, 9.77033, 10.89747],
			"rotation": {"angle": 0, "axis": "y", "origin": [3.33163, 9.77033, 14.20218]},
			"faces": {
				"north": {"uv": [3.5, 13, 2.5, 13.5], "texture": "#0"},
				"east": {"uv": [14, 10, 13, 10.5], "texture": "#0"},
				"south": {"uv": [14, 3, 13, 3.5], "texture": "#0"},
				"west": {"uv": [11, 13, 10, 13.5], "texture": "#0"},
				"up": {"uv": [7.5, 12.5, 8.5, 11.5], "texture": "#0"},
				"down": {"uv": [11.5, 7.5, 12.5, 8.5], "texture": "#0"}
			}
		},
		{
			"from": [13.75796, 8.83283, 11.48341],
			"to": [18.6315, 10.1219, 13.12405],
			"rotation": {"angle": -22.5, "axis": "y", "origin": [15.28094, 9.47736, 9.78417]},
			"faces": {
				"north": {"uv": [10, 11.5, 8.5, 12], "texture": "#0"},
				"east": {"uv": [14, 2.5, 13.5, 3], "texture": "#0"},
				"south": {"uv": [13, 9.5, 11.5, 10], "texture": "#0"},
				"west": {"uv": [3, 13.5, 2.5, 14], "texture": "#0"},
				"up": {"uv": [10, 12, 11.5, 11.5], "texture": "#0"},
				"down": {"uv": [11.5, 10, 13, 10.5], "texture": "#0"}
			}
		},
		{
			"from": [11.24024, 8.83283, 13.25407],
			"to": [14.7431, 10.1219, 14.89471],
			"rotation": {"angle": -45, "axis": "y", "origin": [12.91552, 9.47736, 14.48455]},
			"faces": {
				"north": {"uv": [2.5, 12.5, 1.5, 13], "texture": "#0"},
				"east": {"uv": [4, 13.5, 3.5, 14], "texture": "#0"},
				"south": {"uv": [13.5, 2, 12.5, 2.5], "texture": "#0"},
				"west": {"uv": [3.5, 13.5, 3, 14], "texture": "#0"},
				"up": {"uv": [12.5, 3, 13.5, 2.5], "texture": "#0"},
				"down": {"uv": [12.5, 3.5, 13.5, 4], "texture": "#0"}
			}
		},
		{
			"name": "eye",
			"from": [4.49227, 6.80781, 5.85836],
			"to": [6.89698, 8.9172, 7.96775],
			"rotation": {"angle": 0, "axis": "y", "origin": [3.23648, 9.77033, 14.20218]},
			"faces": {
				"north": {"uv": [14.5, 1.125, 15.625, 2.25], "texture": "#0"},
				"east": {"uv": [14.5, 1.125, 15.625, 2.25], "texture": "#0"},
				"south": {"uv": [14.5, 1.125, 15.625, 2.25], "rotation": 180, "texture": "#0"},
				"west": {"uv": [14, 3.125, 15.125, 4.25], "texture": "#0"},
				"up": {"uv": [14.5, 1.125, 15.625, 2.25], "rotation": 180, "texture": "#0"},
				"down": {"uv": [14.5, 1.125, 15.625, 2.25], "rotation": 180, "texture": "#0"}
			}
		},
		{
			"name": "eye",
			"from": [9.10232, 6.80781, 5.85836],
			"to": [11.50703, 8.9172, 7.96775],
			"rotation": {"angle": 0, "axis": "y", "origin": [12.76282, 9.77033, 14.20218]},
			"faces": {
				"north": {"uv": [15.625, 1.125, 14.5, 2.25], "texture": "#0"},
				"east": {"uv": [15.125, 3.125, 14, 4.25], "texture": "#0"},
				"south": {"uv": [15.625, 1.125, 14.5, 2.25], "rotation": 180, "texture": "#0"},
				"west": {"uv": [15.625, 1.125, 14.5, 2.25], "texture": "#0"},
				"up": {"uv": [15.625, 1.125, 14.5, 2.25], "rotation": 180, "texture": "#0"},
				"down": {"uv": [15.625, 1.125, 14.5, 2.25], "rotation": 180, "texture": "#0"}
			}
		},
		{
			"from": [6.37193, 5.00493, 3.4129],
			"to": [9.63037, 5.97343, 6.32673],
			"rotation": {"angle": 0, "axis": "y", "origin": [12.76247, 9.77033, 14.20218]},
			"faces": {
				"north": {"uv": [0, 14, 1.5, 14.5], "texture": "#0"},
				"east": {"uv": [3, 14, 4.5, 14.5], "texture": "#0"},
				"west": {"uv": [1.5, 14, 3, 14.5], "texture": "#0"}
			}
		},
		{
			"from": [9.6164, 5.00493, 3.4129],
			"to": [6.35798, 5.97343, 6.32673],
			"rotation": {"angle": 0, "axis": "y", "origin": [12.76247, 9.77033, 14.20218]},
			"faces": {
				"north": {"uv": [0, 14, 1.5, 14.5], "texture": "#0"},
				"east": {"uv": [3, 14, 4.5, 14.5], "texture": "#0"},
				"west": {"uv": [1.5, 14, 3, 14.5], "texture": "#0"}
			}
		}
	],
	"display": {
		"head": {
			"translation": [0, -1, -17.5],
			"scale": [4, 4, 4]
		}
	},
	"groups": [
		{
			"name": "root",
			"origin": [8, 8, 8],
			"color": 0,
			"children": [
				{
					"name": "head",
					"origin": [8, 8, 8],
					"color": 0,
					"children": [
						{
							"name": "upper",
							"origin": [8, 8, 8],
							"color": 0,
							"children": [
								0,
								1,
								2,
								3,
								4,
								{
									"name": "horne",
									"origin": [9.78263, 13.242, -4.60372],
									"color": 0,
									"children": [
										5,
										6,
										7,
										8,
										9,
										10,
										11,
										12,
										13,
										14,
										15,
										{
											"name": "group",
											"origin": [9.78263, 13.242, -4.60372],
											"color": 0,
											"children": [16, 17, 18]
										},
										{
											"name": "group",
											"origin": [9.78263, 13.242, -4.60372],
											"color": 0,
											"children": [19, 20, 21]
										}
									]
								},
								22,
								23,
								{
									"name": "tooth",
									"origin": [10.45886, 14.2053, -3.50278],
									"color": 0,
									"children": [24, 25]
								}
							]
						}
					]
				}
			]
		}
	]
}