{
	"credit": "Made with Blockbench",
	"texture_size": [32, 32],
	"textures": {
		"0": "nazuti/head",
		"particle": "nazuti/head"
	},
	"elements": [
		{
			"from": [4.94266, 5.76282, 9.47224],
			"to": [9.29462, 8.56837, 14.30259],
			"rotation": {"angle": 22.5, "axis": "y", "origin": [7.32656, 6.75011, 7.87052]},
			"faces": {
				"north": {"uv": [2.625, 3, 3.625, 4.25], "texture": "#0"},
				"east": {"uv": [9.5, 12, 10.5, 12.875], "texture": "#0"},
				"south": {"uv": [8, 1, 9, 1.875], "texture": "#0"},
				"west": {"uv": [9.5, 12, 10.5, 12.875], "texture": "#0"},
				"up": {"uv": [2.625, 3, 3.625, 4.25], "texture": "#0"},
				"down": {"uv": [8.75, 10.5, 9.875, 11.375], "texture": "#0"}
			}
		},
		{
			"from": [6.00801, 5.76282, 7.87421],
			"to": [9.29462, 8.3553, 9.47224],
			"rotation": {"angle": 22.5, "axis": "y", "origin": [7.32656, 6.75011, 7.87052]},
			"faces": {
				"north": {"uv": [2.625, 3, 3.625, 4.25], "texture": "#0"},
				"east": {"uv": [9.5, 12, 10.5, 12.875], "texture": "#0"},
				"south": {"uv": [9.5, 12, 10.5, 12.875], "texture": "#0"},
				"west": {"uv": [9.5, 12, 10.5, 12.875], "texture": "#0"},
				"up": {"uv": [2.625, 3, 3.625, 4.25], "texture": "#0"},
				"down": {"uv": [8.75, 10.5, 9.875, 11.375], "texture": "#0"}
			}
		},
		{
			"from": [8.55734, 5.76282, 5.8701],
			"to": [9.92632, 7.82263, 8.53348],
			"rotation": {"angle": 0, "axis": "y", "origin": [7.32656, 6.75011, 7.87052]},
			"faces": {
				"north": {"uv": [2.625, 3, 3.625, 4.25], "texture": "#0"},
				"east": {"uv": [9.5, 12, 10.5, 12.875], "texture": "#0"},
				"south": {"uv": [9.5, 12, 10.5, 12.875], "texture": "#0"},
				"west": {"uv": [9.5, 12, 10.5, 12.875], "texture": "#0"},
				"up": {"uv": [2.625, 3, 3.625, 4.25], "texture": "#0"},
				"down": {"uv": [8.75, 10.5, 9.875, 11.375], "texture": "#0"}
			}
		},
		{
			"from": [8.34427, 5.76282, 4.27208],
			"to": [10.13939, 8.24877, 5.8701],
			"rotation": {"angle": 0, "axis": "y", "origin": [7.32656, 6.75011, 7.87052]},
			"faces": {
				"north": {"uv": [2.625, 3, 3.625, 4.25], "texture": "#0"},
				"east": {"uv": [9.5, 12, 10.5, 12.875], "texture": "#0"},
				"south": {"uv": [9.5, 12, 10.5, 12.875], "texture": "#0"},
				"west": {"uv": [9.5, 12, 10.5, 12.875], "texture": "#0"},
				"up": {"uv": [2.625, 3, 3.625, 4.25], "texture": "#0"},
				"down": {"uv": [8.75, 10.5, 9.875, 11.375], "texture": "#0"}
			}
		},
		{
			"from": [8.87694, 5.76282, 2.67405],
			"to": [9.60672, 6.86381, 4.27208],
			"rotation": {"angle": 0, "axis": "y", "origin": [7.32656, 6.75011, 7.87052]},
			"faces": {
				"north": {"uv": [6.375, 8.625, 5.625, 9.125], "texture": "#0"},
				"east": {"uv": [6.375, 8.625, 5.625, 9.125], "texture": "#0"},
				"south": {"uv": [6.375, 8.625, 5.625, 9.125], "texture": "#0"},
				"west": {"uv": [6.375, 8.625, 5.625, 9.125], "texture": "#0"},
				"up": {"uv": [6.375, 8.625, 5.625, 9.125], "texture": "#0"},
				"down": {"uv": [6.375, 8.625, 5.625, 9.125], "texture": "#0"}
			}
		},
		{
			"from": [6.43415, 5.76282, 6.80886],
			"to": [7.80313, 7.82263, 9.47224],
			"rotation": {"angle": 22.5, "axis": "y", "origin": [7.32656, 6.75011, 7.87052]},
			"faces": {
				"north": {"uv": [2.625, 3, 3.625, 4.25], "texture": "#0"},
				"east": {"uv": [9.5, 12, 10.5, 12.875], "texture": "#0"},
				"south": {"uv": [9.5, 12, 10.5, 12.875], "texture": "#0"},
				"west": {"uv": [9.5, 12, 10.5, 12.875], "texture": "#0"},
				"up": {"uv": [2.625, 3, 3.625, 4.25], "texture": "#0"},
				"down": {"uv": [8.75, 10.5, 9.875, 11.375], "texture": "#0"}
			}
		},
		{
			"from": [6.22108, 5.76282, 5.21084],
			"to": [8.0162, 8.24877, 6.80886],
			"rotation": {"angle": 22.5, "axis": "y", "origin": [7.32656, 6.75011, 7.87052]},
			"faces": {
				"north": {"uv": [2.625, 3, 3.625, 4.25], "texture": "#0"},
				"east": {"uv": [9.5, 12, 10.5, 12.875], "texture": "#0"},
				"south": {"uv": [9.5, 12, 10.5, 12.875], "texture": "#0"},
				"west": {"uv": [9.5, 12, 10.5, 12.875], "texture": "#0"},
				"up": {"uv": [2.625, 3, 3.625, 4.25], "texture": "#0"},
				"down": {"uv": [8.75, 10.5, 9.875, 11.375], "texture": "#0"}
			}
		},
		{
			"from": [6.75375, 5.76282, 3.61281],
			"to": [7.48353, 6.86381, 5.21084],
			"rotation": {"angle": 22.5, "axis": "y", "origin": [7.32656, 6.75011, 7.87052]},
			"faces": {
				"north": {"uv": [6.375, 8.625, 5.625, 9.125], "texture": "#0"},
				"east": {"uv": [6.375, 8.625, 5.625, 9.125], "texture": "#0"},
				"south": {"uv": [6.375, 8.625, 5.625, 9.125], "texture": "#0"},
				"west": {"uv": [6.375, 8.625, 5.625, 9.125], "texture": "#0"},
				"up": {"uv": [6.375, 8.625, 5.625, 9.125], "texture": "#0"},
				"down": {"uv": [6.375, 8.625, 5.625, 9.125], "texture": "#0"}
			}
		},
		{
			"from": [4.34261, 5.76282, 8.05474],
			"to": [5.7116, 7.82263, 10.71811],
			"rotation": {"angle": 45, "axis": "y", "origin": [7.32656, 6.75011, 7.87052]},
			"faces": {
				"north": {"uv": [2.625, 3, 3.625, 4.25], "texture": "#0"},
				"east": {"uv": [9.5, 12, 10.5, 12.875], "texture": "#0"},
				"south": {"uv": [9.5, 12, 10.5, 12.875], "texture": "#0"},
				"west": {"uv": [9.5, 12, 10.5, 12.875], "texture": "#0"},
				"up": {"uv": [2.625, 3, 3.625, 4.25], "texture": "#0"},
				"down": {"uv": [8.75, 10.5, 9.875, 11.375], "texture": "#0"}
			}
		},
		{
			"from": [4.12954, 5.76282, 6.45671],
			"to": [5.92467, 8.24877, 8.05474],
			"rotation": {"angle": 45, "axis": "y", "origin": [7.32656, 6.75011, 7.87052]},
			"faces": {
				"north": {"uv": [2.625, 3, 3.625, 4.25], "texture": "#0"},
				"east": {"uv": [9.5, 12, 10.5, 12.875], "texture": "#0"},
				"south": {"uv": [9.5, 12, 10.5, 12.875], "texture": "#0"},
				"west": {"uv": [9.5, 12, 10.5, 12.875], "texture": "#0"},
				"up": {"uv": [2.625, 3, 3.625, 4.25], "texture": "#0"},
				"down": {"uv": [8.75, 10.5, 9.875, 11.375], "texture": "#0"}
			}
		},
		{
			"from": [4.66221, 5.76282, 4.85869],
			"to": [5.39199, 6.86381, 6.45671],
			"rotation": {"angle": 45, "axis": "y", "origin": [7.32656, 6.75011, 7.87052]},
			"faces": {
				"north": {"uv": [6.375, 8.625, 5.625, 9.125], "texture": "#0"},
				"east": {"uv": [6.375, 8.625, 5.625, 9.125], "texture": "#0"},
				"south": {"uv": [6.375, 8.625, 5.625, 9.125], "texture": "#0"},
				"west": {"uv": [6.375, 8.625, 5.625, 9.125], "texture": "#0"},
				"up": {"uv": [6.375, 8.625, 5.625, 9.125], "texture": "#0"},
				"down": {"uv": [6.375, 8.625, 5.625, 9.125], "texture": "#0"}
			}
		}
	],
	"display": {
		"head": {
			"translation": [-3.25, -4, -17],
			"scale": [4, 4, 4]
		}
	},
	"groups": [
		{
			"name": "root",
			"origin": [8, 8, 8],
			"color": 0,
			"children": [
				{
					"name": "leg_l",
					"origin": [8, 8, 8],
					"color": 0,
					"children": [
						{
							"name": "2",
							"origin": [8, 8, 8],
							"color": 0,
							"children": [
								0,
								1,
								{
									"name": "group",
									"origin": [3.875, 3.47928, 2.25554],
									"color": 0,
									"children": [2, 3, 4]
								},
								{
									"name": "group",
									"origin": [3.875, 3.47928, 2.25554],
									"color": 0,
									"children": [5, 6, 7]
								},
								{
									"name": "group",
									"origin": [3.875, 3.47928, 2.25554],
									"color": 0,
									"children": [8, 9, 10]
								}
							]
						}
					]
				}
			]
		}
	]
}