{
	"credit": "Made with Blockbench",
	"texture_size": [32, 32],
	"textures": {
		"0": "nazuti/head",
		"particle": "nazuti/head"
	},
	"elements": [
		{
			"from": [0.40338, 11.08957, 5.64373],
			"to": [5.7664, 15.81275, 9.9957],
			"rotation": {"angle": 0, "axis": "y", "origin": [4.12299, 13.31799, 9.88988]},
			"faces": {
				"north": {"uv": [9.5, 12, 10.5, 12.875], "texture": "#0"},
				"east": {"uv": [2.625, 3, 3.625, 4.25], "texture": "#0"},
				"south": {"uv": [9.5, 12, 10.5, 12.875], "texture": "#0"},
				"west": {"uv": [2.625, 3, 3.625, 4.25], "texture": "#0"},
				"up": {"uv": [2.625, 3, 3.625, 4.25], "texture": "#0"},
				"down": {"uv": [8.75, 10.5, 9.875, 11.375], "texture": "#0"}
			}
		},
		{
			"from": [5.7664, 11.08957, 6.1764],
			"to": [8.42978, 15.28008, 9.9957],
			"rotation": {"angle": 0, "axis": "y", "origin": [4.12299, 13.31799, 9.88988]},
			"faces": {
				"north": {"uv": [9.5, 12, 10.5, 12.875], "texture": "#0"},
				"east": {"uv": [2.625, 3, 3.625, 4.25], "texture": "#0"},
				"south": {"uv": [9.5, 12, 10.5, 12.875], "texture": "#0"},
				"west": {"uv": [2.625, 3, 3.625, 4.25], "texture": "#0"},
				"up": {"uv": [2.625, 3, 3.625, 4.25], "texture": "#0"},
				"down": {"uv": [8.75, 10.5, 9.875, 11.375], "texture": "#0"}
			}
		}
	],
	"display": {
		"head": {
			"translation": [24.5, -29.25, 0],
			"scale": [4, 4, 4]
		}
	},
	"groups": [
		{
			"name": "root",
			"origin": [8, 8, 8],
			"color": 0,
			"children": [
				{
					"name": "leg_l",
					"origin": [8, 8, 8],
					"color": 0,
					"children": [
						{
							"name": "0",
							"origin": [8, 8, 8],
							"color": 0,
							"children": [0, 1]
						}
					]
				}
			]
		}
	]
}