{
	"credit": "Made with Blockbench",
	"texture_size": [32, 32],
	"textures": {
		"0": "nazuti/head",
		"particle": "nazuti/head"
	},
	"elements": [
		{
			"from": [5.62388, 9.49489, 2.52387],
			"to": [10.37612, 11.43706, 13.47613],
			"rotation": {"angle": 0, "axis": "x", "origin": [8, 7.80959, 8]},
			"faces": {
				"north": {"uv": [0.625, 6.75, 1.5, 8.25], "rotation": 270, "texture": "#0"},
				"east": {"uv": [0.625, 6.75, 1.5, 8.25], "rotation": 180, "texture": "#0"},
				"south": {"uv": [0.625, 6.75, 1.5, 8.25], "rotation": 90, "texture": "#0"},
				"west": {"uv": [0.625, 6.75, 1.5, 8.25], "texture": "#0"},
				"up": {"uv": [5.875, 3, 7.5, 4.5], "texture": "#0"},
				"down": {"uv": [0.625, 6.75, 1.5, 8.25], "rotation": 270, "texture": "#0"}
			}
		},
		{
			"from": [4.9571, 5.95202, 2.52387],
			"to": [11.0429, 9.49489, 13.47613],
			"rotation": {"angle": 0, "axis": "x", "origin": [8, 7.80959, 8]},
			"faces": {
				"north": {"uv": [0.625, 7, 1.5, 8.25], "rotation": 180, "texture": "#0"},
				"east": {"uv": [0.625, 7, 1.5, 8.25], "rotation": 90, "texture": "#0"},
				"south": {"uv": [0.625, 7, 1.5, 8.25], "texture": "#0"},
				"west": {"uv": [0.625, 7, 1.5, 8.25], "rotation": 270, "texture": "#0"},
				"up": {"uv": [0.625, 7, 1.5, 8.25], "texture": "#0"},
				"down": {"uv": [0.625, 7, 1.5, 8.25], "rotation": 180, "texture": "#0"}
			}
		},
		{
			"from": [5.84614, 4.52663, 2.52387],
			"to": [10.15386, 5.95202, 13.47613],
			"rotation": {"angle": 0, "axis": "x", "origin": [8, 7.80959, 8]},
			"faces": {
				"north": {"uv": [6.75, 0, 7.5, 1], "rotation": 180, "texture": "#0"},
				"east": {"uv": [6.75, 0, 7.5, 1], "rotation": 90, "texture": "#0"},
				"south": {"uv": [6.75, 0, 7.5, 1], "texture": "#0"},
				"west": {"uv": [6.75, 0, 7.5, 1], "rotation": 270, "texture": "#0"},
				"up": {"uv": [6.75, 0, 7.5, 1], "texture": "#0"},
				"down": {"uv": [10.125, 2, 11.375, 2.625], "rotation": 180, "texture": "#0"}
			}
		}
	],
	"display": {
		"head": {
			"translation": [0, -6.75, -17.5],
			"scale": [4, 4, 4]
		}
	},
	"groups": [
		{
			"name": "root",
			"origin": [8, 8, 8],
			"color": 0,
			"children": [
				{
					"name": "neck",
					"origin": [8, 8, 8],
					"color": 0,
					"children": [
						{
							"name": "2",
							"origin": [9.5, 10.5, -1.5],
							"color": 0,
							"children": [0, 1, 2]
						}
					]
				}
			]
		}
	]
}