{
	"credit": "Made with Blockbench",
	"texture_size": [32, 32],
	"textures": {
		"0": "nazuti/head",
		"particle": "nazuti/head"
	},
	"elements": [
		{
			"from": [5.74156, 9.41676, 3.51797],
			"to": [10.25512, 11.28124, 12.46738],
			"rotation": {"angle": 0, "axis": "y", "origin": [7.99834, -3.49469, 12.99982]},
			"faces": {
				"north": {"uv": [0, 8.25, 1, 9], "texture": "#0"},
				"east": {"uv": [0, 8.25, 1, 9], "texture": "#0"},
				"south": {"uv": [0, 8.25, 1, 9], "texture": "#0"},
				"west": {"uv": [0, 8.25, 1, 9], "texture": "#0"},
				"up": {"uv": [6.125, 3.125, 7.375, 4.375], "texture": "#0"},
				"down": {"uv": [0, 8.25, 1, 9], "texture": "#0"}
			}
		},
		{
			"from": [3.88695, 8.16761, 3.51797],
			"to": [12.10974, 9.41676, 7.24717],
			"rotation": {"angle": 0, "axis": "y", "origin": [7.99834, -3.49469, 12.99982]},
			"faces": {
				"north": {"uv": [0, 8.25, 1, 9], "texture": "#0"},
				"east": {"uv": [0, 8.25, 1, 9], "texture": "#0"},
				"south": {"uv": [0, 8.25, 1, 9], "texture": "#0"},
				"west": {"uv": [0, 8.25, 1, 9], "texture": "#0"},
				"up": {"uv": [0, 8.25, 1, 9], "texture": "#0"},
				"down": {"uv": [0, 8.25, 1, 9], "texture": "#0"}
			}
		},
		{
			"from": [4.4942, 8.16761, 7.2467],
			"to": [11.50249, 9.41676, 12.46738],
			"rotation": {"angle": 0, "axis": "y", "origin": [7.99834, -3.49469, 12.99982]},
			"faces": {
				"north": {"uv": [0, 8.25, 1, 9], "texture": "#0"},
				"east": {"uv": [0, 8.25, 1, 9], "texture": "#0"},
				"south": {"uv": [0, 8.25, 1, 9], "texture": "#0"},
				"west": {"uv": [0, 8.25, 1, 9], "texture": "#0"},
				"up": {"uv": [0, 8.25, 1, 9], "texture": "#0"},
				"down": {"uv": [0, 8.25, 1, 9], "texture": "#0"}
			}
		},
		{
			"from": [5.10145, 6.03691, 3.51797],
			"to": [10.89524, 8.35141, 12.46738],
			"rotation": {"angle": 0, "axis": "y", "origin": [7.99834, -3.49469, 12.99982]},
			"faces": {
				"north": {"uv": [0, 8.25, 1, 9], "texture": "#0"},
				"east": {"uv": [0, 8.25, 1, 9], "texture": "#0"},
				"south": {"uv": [0, 8.25, 1, 9], "texture": "#0"},
				"west": {"uv": [0, 8.25, 1, 9], "texture": "#0"},
				"up": {"uv": [0, 8.25, 1, 9], "texture": "#0"},
				"down": {"uv": [0, 8.25, 1, 9], "texture": "#0"}
			}
		},
		{
			"from": [5.95493, 4.67706, 3.51797],
			"to": [10.04175, 6.03691, 12.46738],
			"rotation": {"angle": 0, "axis": "y", "origin": [7.99834, -3.49469, 12.99982]},
			"faces": {
				"north": {"uv": [8.625, 7.5, 9, 8.5], "rotation": 180, "texture": "#0"},
				"east": {"uv": [8.625, 7.5, 9, 8.5], "rotation": 180, "texture": "#0"},
				"south": {"uv": [8.625, 7.5, 9, 8.5], "rotation": 180, "texture": "#0"},
				"west": {"uv": [8.625, 7.5, 9, 8.5], "rotation": 180, "texture": "#0"},
				"up": {"uv": [8.625, 7.5, 9, 8.5], "rotation": 180, "texture": "#0"},
				"down": {"uv": [8.625, 7.5, 10.375, 8.5], "rotation": 180, "texture": "#0"}
			}
		},
		{
			"from": [2.67245, 8.03181, 5.32907],
			"to": [5.70869, 8.99062, 8.20598],
			"rotation": {"angle": 45, "axis": "y", "origin": [2.97607, 8.88409, 6.02178]},
			"faces": {
				"north": {"uv": [0, 8.25, 1, 9], "texture": "#0"},
				"east": {"uv": [0, 8.25, 1, 9], "texture": "#0"},
				"south": {"uv": [0, 8.25, 1, 9], "texture": "#0"},
				"west": {"uv": [0, 8.25, 1, 9], "texture": "#0"},
				"up": {"uv": [0, 8.25, 1, 9], "texture": "#0"},
				"down": {"uv": [0, 8.25, 1, 9], "texture": "#0"}
			}
		},
		{
			"from": [3.2797, 7.97854, 7.88591],
			"to": [5.70869, 8.93735, 10.23015],
			"rotation": {"angle": 45, "axis": "y", "origin": [3.58332, 8.88409, 8.57862]},
			"faces": {
				"north": {"uv": [0, 8.25, 1, 9], "texture": "#0"},
				"east": {"uv": [0, 8.25, 1, 9], "texture": "#0"},
				"south": {"uv": [0, 8.25, 1, 9], "texture": "#0"},
				"west": {"uv": [0, 8.25, 1, 9], "texture": "#0"},
				"up": {"uv": [0, 8.25, 1, 9], "texture": "#0"},
				"down": {"uv": [0, 8.25, 1, 9], "texture": "#0"}
			}
		},
		{
			"from": [3.7655, 7.92527, 10.44275],
			"to": [6.31594, 8.88409, 12.25431],
			"rotation": {"angle": 45, "axis": "y", "origin": [3.82622, 8.88409, 11.13546]},
			"faces": {
				"north": {"uv": [0, 8.25, 1, 9], "texture": "#0"},
				"east": {"uv": [0, 8.25, 1, 9], "texture": "#0"},
				"south": {"uv": [0, 8.25, 1, 9], "texture": "#0"},
				"west": {"uv": [0, 8.25, 1, 9], "texture": "#0"},
				"up": {"uv": [0, 8.25, 1, 9], "texture": "#0"},
				"down": {"uv": [0, 8.25, 1, 9], "texture": "#0"}
			}
		},
		{
			"from": [10.29407, 8.03181, 5.32907],
			"to": [13.33032, 8.99062, 8.20598],
			"rotation": {"angle": -45, "axis": "y", "origin": [13.02669, 8.88409, 6.02178]},
			"faces": {
				"north": {"uv": [1, 8.25, 0, 9], "texture": "#0"},
				"east": {"uv": [1, 8.25, 0, 9], "texture": "#0"},
				"south": {"uv": [1, 8.25, 0, 9], "texture": "#0"},
				"west": {"uv": [1, 8.25, 0, 9], "texture": "#0"},
				"up": {"uv": [1, 8.25, 0, 9], "texture": "#0"},
				"down": {"uv": [1, 8.25, 0, 9], "texture": "#0"}
			}
		},
		{
			"from": [10.29407, 7.97854, 7.88591],
			"to": [12.72307, 8.93735, 10.23015],
			"rotation": {"angle": -45, "axis": "y", "origin": [12.41944, 8.88409, 8.57862]},
			"faces": {
				"north": {"uv": [1, 8.25, 0, 9], "texture": "#0"},
				"east": {"uv": [1, 8.25, 0, 9], "texture": "#0"},
				"south": {"uv": [1, 8.25, 0, 9], "texture": "#0"},
				"west": {"uv": [1, 8.25, 0, 9], "texture": "#0"},
				"up": {"uv": [1, 8.25, 0, 9], "texture": "#0"},
				"down": {"uv": [1, 8.25, 0, 9], "texture": "#0"}
			}
		},
		{
			"from": [9.68682, 7.92527, 10.44275],
			"to": [12.23727, 8.88409, 12.25431],
			"rotation": {"angle": -45, "axis": "y", "origin": [12.17654, 8.88409, 11.13546]},
			"faces": {
				"north": {"uv": [1, 8.25, 0, 9], "texture": "#0"},
				"east": {"uv": [1, 8.25, 0, 9], "texture": "#0"},
				"south": {"uv": [1, 8.25, 0, 9], "texture": "#0"},
				"west": {"uv": [1, 8.25, 0, 9], "texture": "#0"},
				"up": {"uv": [1, 8.25, 0, 9], "texture": "#0"},
				"down": {"uv": [1, 8.25, 0, 9], "texture": "#0"}
			}
		}
	],
	"display": {
		"head": {
			"translation": [0, -6.75, -13.5],
			"scale": [4, 4, 4]
		}
	},
	"groups": [
		{
			"name": "root",
			"origin": [8, 8, 8],
			"color": 0,
			"children": [
				{
					"name": "neck",
					"origin": [8, 8, 8],
					"color": 0,
					"children": [
						{
							"name": "0",
							"origin": [9.5, 10.5, -1.5],
							"color": 0,
							"children": [
								0,
								1,
								2,
								3,
								4,
								{
									"name": "group",
									"origin": [9.5, 10.5, -1.5],
									"color": 0,
									"children": [5, 6, 7]
								},
								{
									"name": "group",
									"origin": [9.5, 10.5, -1.5],
									"color": 0,
									"children": [8, 9, 10]
								}
							]
						}
					]
				}
			]
		}
	]
}