{
	"credit": "Made with Blockbench",
	"texture_size": [32, 32],
	"textures": {
		"0": "nazuti/head",
		"particle": "nazuti/head"
	},
	"elements": [
		{
			"from": [5.68355, 9.45515, 3.96991],
			"to": [10.31645, 11.35847, 10.60963],
			"rotation": {"angle": 0, "axis": "x", "origin": [8, 7.80959, 8]},
			"faces": {
				"north": {"uv": [0.625, 6.75, 1.5, 8.25], "rotation": 270, "texture": "#0"},
				"east": {"uv": [0.625, 6.75, 1.5, 8.25], "rotation": 180, "texture": "#0"},
				"south": {"uv": [0.625, 6.75, 1.5, 8.25], "rotation": 90, "texture": "#0"},
				"west": {"uv": [0.625, 6.75, 1.5, 8.25], "texture": "#0"},
				"up": {"uv": [5.875, 3, 7.5, 4.5], "texture": "#0"},
				"down": {"uv": [0.625, 6.75, 1.5, 8.25], "rotation": 270, "texture": "#0"}
			}
		},
		{
			"from": [5.0301, 5.99379, 3.96991],
			"to": [10.9699, 9.45515, 12.74033],
			"rotation": {"angle": 0, "axis": "x", "origin": [8, 7.80959, 8]},
			"faces": {
				"north": {"uv": [0.625, 7, 1.5, 8.25], "rotation": 180, "texture": "#0"},
				"east": {"uv": [0.625, 7, 1.5, 8.25], "rotation": 90, "texture": "#0"},
				"south": {"uv": [0.625, 7, 1.5, 8.25], "texture": "#0"},
				"west": {"uv": [0.625, 7, 1.5, 8.25], "rotation": 270, "texture": "#0"},
				"up": {"uv": [0.625, 7, 1.5, 8.25], "texture": "#0"},
				"down": {"uv": [0.625, 7, 1.5, 8.25], "rotation": 180, "texture": "#0"}
			}
		},
		{
			"from": [5.90137, 4.60117, 3.96991],
			"to": [10.09863, 5.99379, 12.74033],
			"rotation": {"angle": 0, "axis": "x", "origin": [8, 7.80959, 8]},
			"faces": {
				"north": {"uv": [6.75, 0, 7.5, 1], "rotation": 180, "texture": "#0"},
				"east": {"uv": [6.75, 0, 7.5, 1], "rotation": 90, "texture": "#0"},
				"south": {"uv": [6.75, 0, 7.5, 1], "texture": "#0"},
				"west": {"uv": [6.75, 0, 7.5, 1], "rotation": 270, "texture": "#0"},
				"up": {"uv": [6.75, 0, 7.5, 1], "texture": "#0"},
				"down": {"uv": [10.125, 2, 11.25, 2.5], "rotation": 180, "texture": "#0"}
			}
		}
	],
	"display": {
		"head": {
			"translation": [0, -6.75, -15],
			"scale": [4, 4, 4]
		}
	},
	"groups": [
		{
			"name": "root",
			"origin": [8, 8, 8],
			"color": 0,
			"children": [
				{
					"name": "neck",
					"origin": [8, 8, 8],
					"color": 0,
					"children": [
						{
							"name": "1",
							"origin": [9.5, 10.5, -1.5],
							"color": 0,
							"children": [0, 1, 2]
						}
					]
				}
			]
		}
	]
}