{
	"credit": "Made with Blockbench",
	"textures": {
		"2": "nazuti/head",
		"3": "nazuti/blade",
		"particle": "nazuti/head"
	},
	"elements": [
		{
			"from": [7.5, -12.25, 7.4],
			"to": [8.5, -1.5, 8.6],
			"rotation": {"angle": 0, "axis": "y", "origin": [0, -3.75, 0]},
			"faces": {
				"north": {"uv": [9, 2, 9.5, 3.125], "texture": "#2"},
				"east": {"uv": [9, 2, 9.5, 3.125], "texture": "#2"},
				"south": {"uv": [9, 2, 9.5, 3.125], "texture": "#2"},
				"west": {"uv": [9, 2, 9.5, 3.125], "texture": "#2"},
				"up": {"uv": [9, 2, 9.5, 3.125], "texture": "#2"},
				"down": {"uv": [9, 2, 9.5, 3.125], "texture": "#2"}
			}
		},
		{
			"from": [5, 1.75, 4.9],
			"to": [11, 3.75, 11.1],
			"rotation": {"angle": 0, "axis": "y", "origin": [0, -3.75, 0]},
			"faces": {
				"north": {"uv": [2.75, 1.5, 3.875, 2.375], "rotation": 270, "texture": "#2"},
				"east": {"uv": [2.75, 1.5, 3.875, 2.375], "rotation": 270, "texture": "#2"},
				"south": {"uv": [2.75, 1.5, 3.875, 2.375], "rotation": 270, "texture": "#2"},
				"west": {"uv": [2.75, 1.5, 3.875, 2.375], "rotation": 270, "texture": "#2"},
				"up": {"uv": [2.625, 3.125, 3.75, 4], "rotation": 270, "texture": "#2"},
				"down": {"uv": [8.75, 10.5, 9.875, 11.375], "rotation": 270, "texture": "#2"}
			}
		},
		{
			"from": [5.5, 3.75, 5.4],
			"to": [10.5, 5.75, 10.6],
			"rotation": {"angle": 0, "axis": "y", "origin": [0, -3.75, 0]},
			"faces": {
				"north": {"uv": [2.75, 1.5, 3.875, 2.375], "rotation": 270, "texture": "#2"},
				"east": {"uv": [2.75, 1.5, 3.875, 2.375], "rotation": 270, "texture": "#2"},
				"south": {"uv": [2.75, 1.5, 3.875, 2.375], "rotation": 270, "texture": "#2"},
				"west": {"uv": [2.75, 1.5, 3.875, 2.375], "rotation": 270, "texture": "#2"},
				"up": {"uv": [2.625, 3.125, 3.75, 4], "rotation": 270, "texture": "#2"},
				"down": {"uv": [8.75, 10.5, 9.875, 11.375], "rotation": 270, "texture": "#2"}
			}
		},
		{
			"from": [6.25, 5.5, 5.9],
			"to": [9.75, 7.5, 10.1],
			"rotation": {"angle": 0, "axis": "y", "origin": [0, -3.75, 0]},
			"faces": {
				"north": {"uv": [2.75, 1.5, 3.875, 2.375], "rotation": 270, "texture": "#2"},
				"east": {"uv": [2.75, 1.5, 3.875, 2.375], "rotation": 270, "texture": "#2"},
				"south": {"uv": [2.75, 1.5, 3.875, 2.375], "rotation": 270, "texture": "#2"},
				"west": {"uv": [2.75, 1.5, 3.875, 2.375], "rotation": 270, "texture": "#2"},
				"up": {"uv": [2.625, 3.125, 3.75, 4], "rotation": 270, "texture": "#2"},
				"down": {"uv": [8.75, 10.5, 9.875, 11.375], "rotation": 270, "texture": "#2"}
			}
		},
		{
			"from": [6.25, -3.5, 6.15],
			"to": [9.75, -0.5, 9.85],
			"rotation": {"angle": 0, "axis": "y", "origin": [0, -3.75, 0]},
			"faces": {
				"north": {"uv": [2.625, 3, 3.125, 4.125], "texture": "#2"},
				"east": {"uv": [2.625, 3, 3.125, 4.125], "texture": "#2"},
				"south": {"uv": [2.625, 3, 3.125, 4.125], "texture": "#2"},
				"west": {"uv": [2.625, 3, 3.125, 4.125], "texture": "#2"},
				"up": {"uv": [2.625, 3, 3.125, 4.125], "texture": "#2"},
				"down": {"uv": [2.625, 3, 3.125, 4.125], "texture": "#2"}
			}
		},
		{
			"from": [6.75, -5, 8.4],
			"to": [9.25, 1.25, 10.35],
			"rotation": {"angle": -45, "axis": "x", "origin": [8, -0.25, 8]},
			"faces": {
				"north": {"uv": [3.125, 3, 2.625, 4.125], "texture": "#2"},
				"east": {"uv": [3.125, 3, 2.625, 4.125], "texture": "#2"},
				"south": {"uv": [3.125, 3, 2.625, 4.125], "texture": "#2"},
				"west": {"uv": [3.125, 3, 2.625, 4.125], "texture": "#2"},
				"up": {"uv": [2.625, 4.125, 3.125, 3], "texture": "#2"},
				"down": {"uv": [2.625, 4.125, 3.125, 3], "texture": "#2"}
			}
		},
		{
			"from": [6.85, -5.17678, 10.22132],
			"to": [9.15, -2.92678, 12.17132],
			"rotation": {"angle": -22.5, "axis": "x", "origin": [8, -0.42678, 10.12132]},
			"faces": {
				"north": {"uv": [3.125, 3, 2.625, 4.125], "texture": "#2"},
				"east": {"uv": [3.125, 3, 2.625, 4.125], "texture": "#2"},
				"south": {"uv": [3.125, 3, 2.625, 4.125], "texture": "#2"},
				"west": {"uv": [3.125, 3, 2.625, 4.125], "texture": "#2"},
				"up": {"uv": [2.625, 4.125, 3.125, 3], "texture": "#2"},
				"down": {"uv": [2.625, 4.125, 3.125, 3], "texture": "#2"}
			}
		},
		{
			"from": [6.95, -7.21446, 12.00172],
			"to": [9.05, -3.46446, 13.95172],
			"rotation": {"angle": 22.5, "axis": "x", "origin": [8, -3.36446, 12.50172]},
			"faces": {
				"north": {"uv": [3.125, 3, 2.625, 4.125], "texture": "#2"},
				"east": {"uv": [3.125, 3, 2.625, 4.125], "texture": "#2"},
				"south": {"uv": [3.125, 3, 2.625, 4.125], "texture": "#2"},
				"west": {"uv": [3.125, 3, 2.625, 4.125], "texture": "#2"},
				"up": {"uv": [2.625, 4.125, 3.125, 3], "texture": "#2"},
				"down": {"uv": [2.625, 4.125, 3.125, 3], "texture": "#2"}
			}
		},
		{
			"from": [7.05, -7.39589, 7.83476],
			"to": [8.95, -5.74589, 11.58476],
			"rotation": {"angle": -22.5, "axis": "x", "origin": [8, -5.37089, 12.18476]},
			"faces": {
				"north": {"uv": [2.625, 4.125, 3.125, 3], "rotation": 180, "texture": "#2"},
				"east": {"uv": [3.125, 3, 2.625, 4.125], "rotation": 270, "texture": "#2"},
				"south": {"uv": [2.625, 4.125, 3.125, 3], "texture": "#2"},
				"west": {"uv": [3.125, 3, 2.625, 4.125], "rotation": 90, "texture": "#2"},
				"up": {"uv": [3.125, 3, 2.625, 4.125], "rotation": 180, "texture": "#2"},
				"down": {"uv": [3.125, 3, 2.625, 4.125], "texture": "#2"}
			}
		},
		{
			"from": [7.15, -8.95169, 6.98238],
			"to": [8.85, -7.30169, 9.13238],
			"rotation": {"angle": 0, "axis": "y", "origin": [8, -7.42669, 10.35738]},
			"faces": {
				"north": {"uv": [2.625, 4.125, 3.125, 3], "rotation": 180, "texture": "#2"},
				"east": {"uv": [3.125, 3, 2.625, 4.125], "rotation": 270, "texture": "#2"},
				"south": {"uv": [2.625, 4.125, 3.125, 3], "texture": "#2"},
				"west": {"uv": [3.125, 3, 2.625, 4.125], "rotation": 90, "texture": "#2"},
				"up": {"uv": [3.125, 3, 2.625, 4.125], "rotation": 180, "texture": "#2"},
				"down": {"uv": [3.125, 3, 2.625, 4.125], "texture": "#2"}
			}
		},
		{
			"from": [7.35, -8.35169, 5.18238],
			"to": [8.65, -7.10169, 7.43238],
			"rotation": {"angle": -22.5, "axis": "x", "origin": [8, -8.12669, 8.05738]},
			"faces": {
				"north": {"uv": [2.625, 4.125, 3.125, 3], "rotation": 180, "texture": "#2"},
				"east": {"uv": [3.125, 3, 2.625, 4.125], "rotation": 270, "texture": "#2"},
				"south": {"uv": [2.625, 4.125, 3.125, 3], "texture": "#2"},
				"west": {"uv": [3.125, 3, 2.625, 4.125], "rotation": 90, "texture": "#2"},
				"up": {"uv": [3.125, 3, 2.625, 4.125], "rotation": 180, "texture": "#2"},
				"down": {"uv": [3.125, 3, 2.625, 4.125], "texture": "#2"}
			}
		},
		{
			"from": [6.75, -14.5, 6.65],
			"to": [9.25, -12.25, 9.35],
			"rotation": {"angle": 0, "axis": "y", "origin": [0, -3.75, 0]},
			"faces": {
				"north": {"uv": [4.75, 7.5, 5.25, 8.25], "texture": "#2"},
				"east": {"uv": [4.75, 7.5, 5.25, 8.25], "texture": "#2"},
				"south": {"uv": [4.75, 7.5, 5.25, 8.25], "texture": "#2"},
				"west": {"uv": [4.75, 7.5, 5.25, 8.25], "texture": "#2"},
				"up": {"uv": [4.75, 7.5, 5.25, 8.25], "texture": "#2"},
				"down": {"uv": [4.75, 7.5, 5.25, 8.25], "texture": "#2"}
			}
		},
		{
			"from": [6.25, -1.5, 5.4],
			"to": [9.75, 1.75, 10.6],
			"rotation": {"angle": 0, "axis": "y", "origin": [0, -3.75, 0]},
			"faces": {
				"north": {"uv": [2.625, 3, 3.125, 4.125], "texture": "#2"},
				"east": {"uv": [2.625, 3, 3.125, 4.125], "texture": "#2"},
				"south": {"uv": [2.625, 3, 3.125, 4.125], "texture": "#2"},
				"west": {"uv": [2.625, 3, 3.125, 4.125], "texture": "#2"},
				"up": {"uv": [2.625, 3, 3.125, 4.125], "texture": "#2"},
				"down": {"uv": [2.625, 3, 3.125, 4.125], "texture": "#2"}
			}
		},
		{
			"from": [5.4, -1.5, 6.25],
			"to": [10.6, 1.75, 9.75],
			"rotation": {"angle": 0, "axis": "y", "origin": [8, 0.125, 8]},
			"faces": {
				"north": {"uv": [2.625, 3, 3.125, 4.125], "texture": "#2"},
				"east": {"uv": [2.625, 3, 3.125, 4.125], "texture": "#2"},
				"south": {"uv": [2.625, 3, 3.125, 4.125], "texture": "#2"},
				"west": {"uv": [2.625, 3, 3.125, 4.125], "texture": "#2"},
				"up": {"uv": [2.625, 3, 3.125, 4.125], "rotation": 90, "texture": "#2"},
				"down": {"uv": [2.625, 3, 3.125, 4.125], "rotation": 270, "texture": "#2"}
			}
		},
		{
			"from": [6.95, 1.39158, 5.04896],
			"to": [9.05, 3.39158, 8.64896],
			"rotation": {"angle": 45, "axis": "x", "origin": [8, 2.66297, 3.00003]},
			"faces": {
				"north": {"uv": [2.625, 3, 3.125, 4.125], "texture": "#2"},
				"east": {"uv": [2.625, 3, 3.125, 4.125], "texture": "#2"},
				"south": {"uv": [2.625, 3, 3.125, 4.125], "texture": "#2"},
				"west": {"uv": [2.625, 3, 3.125, 4.125], "texture": "#2"},
				"up": {"uv": [2.625, 3, 3.125, 4.125], "texture": "#2"},
				"down": {"uv": [2.625, 3, 3.125, 4.125], "texture": "#2"}
			}
		},
		{
			"from": [6.75, 0.16213, 2.61593],
			"to": [9.25, 2.86213, 4.61593],
			"rotation": {"angle": -22.5, "axis": "x", "origin": [8, 2.66297, 3.00003]},
			"faces": {
				"north": {"uv": [2.625, 3, 3.125, 4.125], "rotation": 180, "texture": "#2"},
				"east": {"uv": [2.625, 3, 3.125, 4.125], "rotation": 270, "texture": "#2"},
				"south": {"uv": [2.625, 3, 3.125, 4.125], "texture": "#2"},
				"west": {"uv": [2.625, 3, 3.125, 4.125], "rotation": 90, "texture": "#2"},
				"up": {"uv": [2.625, 3, 3.125, 4.125], "rotation": 180, "texture": "#2"},
				"down": {"uv": [2.625, 3, 3.125, 4.125], "texture": "#2"}
			}
		},
		{
			"from": [6.85, 2.23389, 1.44784],
			"to": [9.15, 4.23389, 3.54784],
			"rotation": {"angle": 45, "axis": "x", "origin": [8, 2.66297, 3.00003]},
			"faces": {
				"north": {"uv": [2.625, 3, 3.125, 4.125], "texture": "#2"},
				"east": {"uv": [2.625, 3, 3.125, 4.125], "texture": "#2"},
				"south": {"uv": [2.625, 3, 3.125, 4.125], "texture": "#2"},
				"west": {"uv": [2.625, 3, 3.125, 4.125], "texture": "#2"},
				"up": {"uv": [2.625, 3, 3.125, 4.125], "texture": "#2"},
				"down": {"uv": [2.625, 3, 3.125, 4.125], "texture": "#2"}
			}
		},
		{
			"from": [6.95, 3.47178, 0.89863],
			"to": [9.05, 4.87178, 2.99863],
			"rotation": {"angle": 0, "axis": "y", "origin": [8, 2.66297, 3.00003]},
			"faces": {
				"north": {"uv": [2.625, 3, 3.125, 4.125], "texture": "#2"},
				"east": {"uv": [2.625, 3, 3.125, 4.125], "texture": "#2"},
				"south": {"uv": [2.625, 3, 3.125, 4.125], "texture": "#2"},
				"west": {"uv": [2.625, 3, 3.125, 4.125], "texture": "#2"},
				"up": {"uv": [2.625, 3, 3.125, 4.125], "texture": "#2"},
				"down": {"uv": [2.625, 3, 3.125, 4.125], "texture": "#2"}
			}
		},
		{
			"from": [7.05, 1.11141, -0.03531],
			"to": [8.95, 2.71141, 1.36469],
			"rotation": {"angle": 45, "axis": "x", "origin": [8, 2.66297, 3.00003]},
			"faces": {
				"north": {"uv": [2.625, 3, 3.125, 4.125], "rotation": 180, "texture": "#2"},
				"east": {"uv": [2.625, 3, 3.125, 4.125], "rotation": 90, "texture": "#2"},
				"south": {"uv": [2.625, 3, 3.125, 4.125], "texture": "#2"},
				"west": {"uv": [2.625, 3, 3.125, 4.125], "rotation": 270, "texture": "#2"},
				"up": {"uv": [2.625, 3, 3.125, 4.125], "texture": "#2"},
				"down": {"uv": [2.625, 3, 3.125, 4.125], "rotation": 180, "texture": "#2"}
			}
		},
		{
			"from": [7.5, 3.75, 7.4],
			"to": [8.5, 20.5, 9.6],
			"rotation": {"angle": 0, "axis": "y", "origin": [8, 12.5, 8.5]},
			"faces": {
				"north": {"uv": [0, 0, 8, 16], "texture": "#3"},
				"east": {"uv": [0, 0, 8, 16], "texture": "#3"},
				"south": {"uv": [0, 0, 8, 16], "texture": "#3"},
				"west": {"uv": [0, 0, 8, 16], "texture": "#3"},
				"up": {"uv": [0, 0, 8, 16], "texture": "#3"},
				"down": {"uv": [0, 0, 8, 16], "texture": "#3"}
			}
		},
		{
			"from": [7.5, 19.5, 10.4],
			"to": [8.5, 23.5, 12.6],
			"rotation": {"angle": -22.5, "axis": "x", "origin": [8, 12.5, 8.5]},
			"faces": {
				"north": {"uv": [0, 0, 8, 16], "texture": "#3"},
				"east": {"uv": [0, 0, 8, 16], "texture": "#3"},
				"south": {"uv": [0, 0, 8, 16], "texture": "#3"},
				"west": {"uv": [0, 0, 8, 16], "texture": "#3"},
				"up": {"uv": [0, 0, 8, 16], "texture": "#3"},
				"down": {"uv": [0, 0, 8, 16], "texture": "#3"}
			}
		},
		{
			"from": [7.75, 20, 9.15],
			"to": [8.25, 23.65, 10.4],
			"rotation": {"angle": -22.5, "axis": "x", "origin": [8, 12.5, 8.5]},
			"faces": {
				"north": {"uv": [8, 0, 16, 16], "texture": "#3"},
				"east": {"uv": [8, 0, 16, 16], "texture": "#3"},
				"south": {"uv": [8, 0, 16, 16], "texture": "#3"},
				"west": {"uv": [8, 0, 16, 16], "texture": "#3"},
				"up": {"uv": [8, 0, 16, 16], "texture": "#3"},
				"down": {"uv": [8, 0, 16, 16], "texture": "#3"}
			}
		},
		{
			"from": [7.5, 22.56297, 5.65249],
			"to": [8.5, 26.56297, 7.85249],
			"rotation": {"angle": 22.5, "axis": "x", "origin": [8, 21.96297, 7.82749]},
			"faces": {
				"north": {"uv": [0, 0, 8, 16], "texture": "#3"},
				"east": {"uv": [0, 0, 8, 16], "texture": "#3"},
				"south": {"uv": [0, 0, 8, 16], "texture": "#3"},
				"west": {"uv": [0, 0, 8, 16], "texture": "#3"},
				"up": {"uv": [0, 0, 8, 16], "texture": "#3"},
				"down": {"uv": [0, 0, 8, 16], "texture": "#3"}
			}
		},
		{
			"from": [7.75, 21.81297, 4.65249],
			"to": [8.25, 26.86297, 5.65249],
			"rotation": {"angle": 22.5, "axis": "x", "origin": [8, 21.96297, 7.82749]},
			"faces": {
				"north": {"uv": [8, 0, 16, 16], "texture": "#3"},
				"east": {"uv": [8, 0, 16, 16], "texture": "#3"},
				"south": {"uv": [8, 0, 16, 16], "texture": "#3"},
				"west": {"uv": [8, 0, 16, 16], "texture": "#3"},
				"up": {"uv": [8, 0, 16, 16], "texture": "#3"},
				"down": {"uv": [8, 0, 16, 16], "texture": "#3"}
			}
		},
		{
			"from": [7.5, 24.75144, 8.45429],
			"to": [8.5, 26.95144, 12.45429],
			"rotation": {"angle": -22.5, "axis": "x", "origin": [8, 24.77644, 7.82929]},
			"faces": {
				"north": {"uv": [0, 0, 8, 16], "rotation": 90, "texture": "#3"},
				"east": {"uv": [0, 0, 8, 16], "rotation": 90, "texture": "#3"},
				"south": {"uv": [0, 0, 8, 16], "rotation": 90, "texture": "#3"},
				"west": {"uv": [0, 0, 8, 16], "rotation": 90, "texture": "#3"},
				"up": {"uv": [0, 0, 8, 16], "rotation": 90, "texture": "#3"},
				"down": {"uv": [0, 0, 8, 16], "rotation": 90, "texture": "#3"}
			}
		},
		{
			"from": [7.75, 26.95144, 8.00429],
			"to": [8.25, 27.95144, 12.45429],
			"rotation": {"angle": -22.5, "axis": "x", "origin": [8, 24.77644, 7.82929]},
			"faces": {
				"north": {"uv": [8, 0, 16, 16], "rotation": 270, "texture": "#3"},
				"east": {"uv": [8, 0, 16, 16], "rotation": 270, "texture": "#3"},
				"south": {"uv": [8, 0, 16, 16], "rotation": 270, "texture": "#3"},
				"west": {"uv": [8, 0, 16, 16], "rotation": 270, "texture": "#3"},
				"up": {"uv": [8, 0, 16, 16], "rotation": 270, "texture": "#3"},
				"down": {"uv": [8, 0, 16, 16], "rotation": 270, "texture": "#3"}
			}
		},
		{
			"from": [7.75, 28.81626, 10.29793],
			"to": [8.25, 30.06626, 14.99793],
			"rotation": {"angle": 22.5, "axis": "x", "origin": [8, 28.16626, 9.02293]},
			"faces": {
				"north": {"uv": [8, 0, 16, 16], "rotation": 270, "texture": "#3"},
				"east": {"uv": [8, 0, 16, 16], "rotation": 270, "texture": "#3"},
				"south": {"uv": [8, 0, 16, 16], "rotation": 270, "texture": "#3"},
				"west": {"uv": [8, 0, 16, 16], "rotation": 270, "texture": "#3"},
				"up": {"uv": [8, 0, 16, 16], "rotation": 270, "texture": "#3"},
				"down": {"uv": [8, 0, 16, 16], "rotation": 270, "texture": "#3"}
			}
		},
		{
			"from": [7.75, 27.56626, 10.79793],
			"to": [8.25, 28.81626, 12.99793],
			"rotation": {"angle": 22.5, "axis": "x", "origin": [8, 28.16626, 9.02293]},
			"faces": {
				"north": {"uv": [8, 0, 16, 16], "rotation": 90, "texture": "#3"},
				"east": {"uv": [8, 0, 16, 16], "rotation": 90, "texture": "#3"},
				"south": {"uv": [8, 0, 16, 16], "rotation": 90, "texture": "#3"},
				"west": {"uv": [8, 0, 16, 16], "rotation": 90, "texture": "#3"},
				"up": {"uv": [8, 0, 16, 16], "rotation": 90, "texture": "#3"},
				"down": {"uv": [8, 0, 16, 16], "rotation": 90, "texture": "#3"}
			}
		},
		{
			"from": [7.75, 3.75, 6.15],
			"to": [8.25, 20.5, 7.4],
			"rotation": {"angle": 0, "axis": "y", "origin": [8, 11.5, 8]},
			"faces": {
				"north": {"uv": [8, 0, 16, 16], "texture": "#3"},
				"east": {"uv": [8, 0, 16, 16], "texture": "#3"},
				"south": {"uv": [8, 0, 16, 16], "texture": "#3"},
				"west": {"uv": [8, 0, 16, 16], "texture": "#3"},
				"up": {"uv": [8, 0, 16, 16], "texture": "#3"},
				"down": {"uv": [8, 0, 16, 16], "texture": "#3"}
			}
		}
	],
	"display": {
		"thirdperson_righthand": {
			"translation": [0, 12.5, 2.25]
		},
		"thirdperson_lefthand": {
			"translation": [0, 12.5, 2.25]
		},
		"firstperson_righthand": {
			"translation": [0, 7.5, 0]
		},
		"firstperson_lefthand": {
			"translation": [0, 7.5, 0]
		},
		"ground": {
			"rotation": [-45, 0, 0],
			"translation": [0, 12.75, 0]
		},
		"gui": {
			"rotation": [90, 45, -90],
			"translation": [-0.75, 0.75, 0],
			"scale": [0.5, 0.5, 0.5]
		},
		"fixed": {
			"rotation": [90, -45, 90],
			"translation": [0.5, 0, -0.5],
			"scale": [0.5, 0.5, 0.5]
		}
	},
	"groups": [
		{
			"name": "main",
			"origin": [0, -1.75, 0],
			"color": 0,
			"children": [
				0,
				1,
				2,
				3,
				{
					"name": "group",
					"origin": [8, 8, 8],
					"color": 0,
					"children": [4, 5, 6, 7, 8, 9, 10, 11, 12, 13, 14, 15, 16, 17, 18]
				},
				{
					"name": "group",
					"origin": [0, -1.75, 0],
					"color": 0,
					"children": [19, 20, 21, 22, 23, 24, 25, 26, 27, 28]
				}
			]
		}
	]
}