{
	"credit": "Made with Blockbench",
	"textures": {
		"1": "nazuti/blade_off",
		"2": "nazuti/head",
		"particle": "nazuti/head"
	},
	"elements": [
		{
			"from": [7.5, -12.25, 7.4],
			"to": [8.5, -1.5, 8.6],
			"rotation": {"angle": 0, "axis": "y", "origin": [0, -3.75, 0]},
			"faces": {
				"north": {"uv": [9, 2, 9.5, 3.125], "texture": "#2"},
				"east": {"uv": [9, 2, 9.5, 3.125], "texture": "#2"},
				"south": {"uv": [9, 2, 9.5, 3.125], "texture": "#2"},
				"west": {"uv": [9, 2, 9.5, 3.125], "texture": "#2"},
				"up": {"uv": [9, 2, 9.5, 3.125], "texture": "#2"},
				"down": {"uv": [9, 2, 9.5, 3.125], "texture": "#2"}
			}
		},
		{
			"from": [6.35, 0.92311, 6.00659],
			"to": [9.65, 3.67311, 9.95659],
			"rotation": {"angle": -22.5, "axis": "x", "origin": [8, 2.29811, 7.98159]},
			"faces": {
				"north": {"uv": [2.75, 1.5, 3.875, 2.375], "rotation": 270, "texture": "#2"},
				"east": {"uv": [2.75, 1.5, 3.875, 2.375], "rotation": 270, "texture": "#2"},
				"south": {"uv": [2.75, 1.5, 3.875, 2.375], "rotation": 270, "texture": "#2"},
				"west": {"uv": [2.75, 1.5, 3.875, 2.375], "rotation": 270, "texture": "#2"},
				"up": {"uv": [2.625, 3.125, 3.75, 4], "rotation": 270, "texture": "#2"},
				"down": {"uv": [8.75, 10.5, 9.875, 11.375], "rotation": 270, "texture": "#2"}
			}
		},
		{
			"from": [8.1, 1.9781, 4.04674],
			"to": [10.15, 4.2281, 8.99674],
			"rotation": {"angle": 45, "axis": "x", "origin": [7.625, 3.1031, 9.27174]},
			"faces": {
				"north": {"uv": [2.75, 1.5, 3.875, 2.375], "rotation": 270, "texture": "#2"},
				"east": {"uv": [2.75, 1.5, 3.875, 2.375], "rotation": 270, "texture": "#2"},
				"south": {"uv": [2.75, 1.5, 3.875, 2.375], "rotation": 270, "texture": "#2"},
				"west": {"uv": [2.75, 1.5, 3.875, 2.375], "rotation": 270, "texture": "#2"},
				"up": {"uv": [2.625, 3.125, 3.75, 4], "rotation": 270, "texture": "#2"},
				"down": {"uv": [8.75, 10.5, 9.875, 11.375], "rotation": 270, "texture": "#2"}
			}
		},
		{
			"from": [5.85, 6.42264, 7.3522],
			"to": [7.9, 8.67264, 13.8022],
			"rotation": {"angle": -45, "axis": "x", "origin": [6.875, 5.04764, 7.3272]},
			"faces": {
				"north": {"uv": [2.75, 2.375, 3.875, 1.5], "rotation": 270, "texture": "#2"},
				"east": {"uv": [2.75, 2.375, 3.875, 1.5], "rotation": 270, "texture": "#2"},
				"south": {"uv": [2.75, 2.375, 3.875, 1.5], "rotation": 270, "texture": "#2"},
				"west": {"uv": [2.75, 2.375, 3.875, 1.5], "rotation": 270, "texture": "#2"},
				"up": {"uv": [2.625, 4, 3.75, 3.125], "rotation": 270, "texture": "#2"},
				"down": {"uv": [8.75, 11.375, 9.875, 10.5], "rotation": 270, "texture": "#2"}
			}
		},
		{
			"from": [5.9, 5.42264, 4.5522],
			"to": [10.1, 7.67264, 6.6022],
			"rotation": {"angle": 0, "axis": "y", "origin": [9.125, 5.04764, 7.3272]},
			"faces": {
				"north": {"uv": [2.75, 1.5, 3.875, 2.375], "rotation": 270, "texture": "#2"},
				"east": {"uv": [2.75, 1.5, 3.875, 2.375], "rotation": 270, "texture": "#2"},
				"south": {"uv": [2.75, 1.5, 3.875, 2.375], "rotation": 270, "texture": "#2"},
				"west": {"uv": [2.75, 1.5, 3.875, 2.375], "rotation": 270, "texture": "#2"},
				"up": {"uv": [2.625, 3.125, 3.75, 4], "texture": "#2"},
				"down": {"uv": [8.75, 10.5, 9.875, 11.375], "rotation": 180, "texture": "#2"}
			}
		},
		{
			"from": [5.9, 9.92264, 9.0522],
			"to": [10.1, 12.17264, 11.1022],
			"rotation": {"angle": 0, "axis": "y", "origin": [9.125, 5.04764, 7.3272]},
			"faces": {
				"north": {"uv": [2.75, 1.5, 3.875, 2.375], "rotation": 270, "texture": "#2"},
				"east": {"uv": [2.75, 1.5, 3.875, 2.375], "rotation": 270, "texture": "#2"},
				"south": {"uv": [2.75, 1.5, 3.875, 2.375], "rotation": 270, "texture": "#2"},
				"west": {"uv": [2.75, 1.5, 3.875, 2.375], "rotation": 270, "texture": "#2"},
				"up": {"uv": [2.625, 3.125, 3.75, 4], "texture": "#2"},
				"down": {"uv": [8.75, 10.5, 9.875, 11.375], "rotation": 180, "texture": "#2"}
			}
		},
		{
			"from": [5.9, 2.17264, 8.5522],
			"to": [10.1, 4.42264, 10.6022],
			"rotation": {"angle": 0, "axis": "y", "origin": [9.125, 5.04764, 7.3272]},
			"faces": {
				"north": {"uv": [2.75, 1.5, 3.875, 2.375], "rotation": 270, "texture": "#2"},
				"east": {"uv": [2.75, 1.5, 3.875, 2.375], "rotation": 270, "texture": "#2"},
				"south": {"uv": [2.75, 1.5, 3.875, 2.375], "rotation": 270, "texture": "#2"},
				"west": {"uv": [2.75, 1.5, 3.875, 2.375], "rotation": 270, "texture": "#2"},
				"up": {"uv": [2.625, 3.125, 3.75, 4], "texture": "#2"},
				"down": {"uv": [8.75, 10.5, 9.875, 11.375], "rotation": 180, "texture": "#2"}
			}
		},
		{
			"from": [5.9, 13.17264, 4.5522],
			"to": [10.1, 15.42264, 6.6022],
			"rotation": {"angle": 0, "axis": "y", "origin": [9.125, 12.79764, 7.3272]},
			"faces": {
				"north": {"uv": [2.75, 1.5, 3.875, 2.375], "rotation": 270, "texture": "#2"},
				"east": {"uv": [2.75, 1.5, 3.875, 2.375], "rotation": 270, "texture": "#2"},
				"south": {"uv": [2.75, 1.5, 3.875, 2.375], "rotation": 270, "texture": "#2"},
				"west": {"uv": [2.75, 1.5, 3.875, 2.375], "rotation": 270, "texture": "#2"},
				"up": {"uv": [2.625, 3.125, 3.75, 4], "texture": "#2"},
				"down": {"uv": [8.75, 10.5, 9.875, 11.375], "rotation": 180, "texture": "#2"}
			}
		},
		{
			"from": [5.85, 14.17264, 7.3522],
			"to": [7.9, 16.42264, 13.8022],
			"rotation": {"angle": -45, "axis": "x", "origin": [6.875, 12.79764, 7.3272]},
			"faces": {
				"north": {"uv": [2.75, 2.375, 3.875, 1.5], "rotation": 270, "texture": "#2"},
				"east": {"uv": [2.75, 2.375, 3.875, 1.5], "rotation": 270, "texture": "#2"},
				"south": {"uv": [2.75, 2.375, 3.875, 1.5], "rotation": 270, "texture": "#2"},
				"west": {"uv": [2.75, 2.375, 3.875, 1.5], "rotation": 270, "texture": "#2"},
				"up": {"uv": [2.625, 4, 3.75, 3.125], "rotation": 270, "texture": "#2"},
				"down": {"uv": [8.75, 11.375, 9.875, 10.5], "rotation": 270, "texture": "#2"}
			}
		},
		{
			"from": [5.85, 20.98115, 5.38989],
			"to": [7.9, 23.23115, 9.58989],
			"rotation": {"angle": -22.5, "axis": "x", "origin": [6.875, 21.10615, 3.61489]},
			"faces": {
				"north": {"uv": [2.75, 2.375, 3.875, 1.5], "rotation": 270, "texture": "#2"},
				"east": {"uv": [2.75, 2.375, 3.875, 1.5], "rotation": 270, "texture": "#2"},
				"south": {"uv": [2.75, 2.375, 3.875, 1.5], "rotation": 270, "texture": "#2"},
				"west": {"uv": [2.75, 2.375, 3.875, 1.5], "rotation": 270, "texture": "#2"},
				"up": {"uv": [2.625, 4, 3.75, 3.125], "rotation": 270, "texture": "#2"},
				"down": {"uv": [8.75, 11.375, 9.875, 10.5], "rotation": 270, "texture": "#2"}
			}
		},
		{
			"from": [8.1, 9.7281, 4.04674],
			"to": [10.15, 11.9781, 9.74674],
			"rotation": {"angle": 45, "axis": "x", "origin": [7.625, 10.8531, 9.27174]},
			"faces": {
				"north": {"uv": [2.75, 1.5, 3.875, 2.375], "rotation": 270, "texture": "#2"},
				"east": {"uv": [2.75, 1.5, 3.875, 2.375], "rotation": 270, "texture": "#2"},
				"south": {"uv": [2.75, 1.5, 3.875, 2.375], "rotation": 270, "texture": "#2"},
				"west": {"uv": [2.75, 1.5, 3.875, 2.375], "rotation": 270, "texture": "#2"},
				"up": {"uv": [2.625, 3.125, 3.75, 4], "rotation": 270, "texture": "#2"},
				"down": {"uv": [8.75, 10.5, 9.875, 11.375], "rotation": 270, "texture": "#2"}
			}
		},
		{
			"from": [8.1, 17.9781, 4.04674],
			"to": [10.15, 20.2281, 9.99674],
			"rotation": {"angle": 45, "axis": "x", "origin": [7.625, 19.1031, 9.27174]},
			"faces": {
				"north": {"uv": [2.75, 1.5, 3.875, 2.375], "rotation": 270, "texture": "#2"},
				"east": {"uv": [2.75, 1.5, 3.875, 2.375], "rotation": 270, "texture": "#2"},
				"south": {"uv": [2.75, 1.5, 3.875, 2.375], "rotation": 270, "texture": "#2"},
				"west": {"uv": [2.75, 1.5, 3.875, 2.375], "rotation": 270, "texture": "#2"},
				"up": {"uv": [2.625, 3.125, 3.75, 4], "rotation": 270, "texture": "#2"},
				"down": {"uv": [8.75, 10.5, 9.875, 11.375], "rotation": 270, "texture": "#2"}
			}
		},
		{
			"from": [5.9, 21.42264, 4.5522],
			"to": [10.1, 23.67264, 6.6022],
			"rotation": {"angle": 0, "axis": "y", "origin": [9.125, 21.04764, 7.3272]},
			"faces": {
				"north": {"uv": [2.75, 1.5, 3.875, 2.375], "rotation": 270, "texture": "#2"},
				"east": {"uv": [2.75, 1.5, 3.875, 2.375], "rotation": 270, "texture": "#2"},
				"south": {"uv": [2.75, 1.5, 3.875, 2.375], "rotation": 270, "texture": "#2"},
				"west": {"uv": [2.75, 1.5, 3.875, 2.375], "rotation": 270, "texture": "#2"},
				"up": {"uv": [2.625, 3.125, 3.75, 4], "texture": "#2"},
				"down": {"uv": [8.75, 10.5, 9.875, 11.375], "rotation": 180, "texture": "#2"}
			}
		},
		{
			"from": [5.9, 17.67264, 9.0522],
			"to": [9.35, 19.92264, 11.1022],
			"rotation": {"angle": 0, "axis": "y", "origin": [9.125, 12.79764, 7.3272]},
			"faces": {
				"north": {"uv": [2.75, 1.5, 3.875, 2.375], "rotation": 270, "texture": "#2"},
				"east": {"uv": [2.75, 1.5, 3.875, 2.375], "rotation": 270, "texture": "#2"},
				"south": {"uv": [2.75, 1.5, 3.875, 2.375], "rotation": 270, "texture": "#2"},
				"west": {"uv": [2.75, 1.5, 3.875, 2.375], "rotation": 270, "texture": "#2"},
				"up": {"uv": [2.625, 3.125, 3.75, 4], "texture": "#2"},
				"down": {"uv": [8.75, 10.5, 9.875, 11.375], "rotation": 180, "texture": "#2"}
			}
		},
		{
			"from": [5.9, 23.17264, 8.0522],
			"to": [9.35, 25.42264, 10.1022],
			"rotation": {"angle": 0, "axis": "y", "origin": [9.125, 12.79764, 7.3272]},
			"faces": {
				"north": {"uv": [2.75, 1.5, 3.875, 2.375], "rotation": 270, "texture": "#2"},
				"east": {"uv": [2.75, 1.5, 3.875, 2.375], "rotation": 270, "texture": "#2"},
				"south": {"uv": [2.75, 1.5, 3.875, 2.375], "rotation": 270, "texture": "#2"},
				"west": {"uv": [2.75, 1.5, 3.875, 2.375], "rotation": 270, "texture": "#2"},
				"up": {"uv": [2.625, 3.125, 3.75, 4], "texture": "#2"},
				"down": {"uv": [8.75, 10.5, 9.875, 11.375], "rotation": 180, "texture": "#2"}
			}
		},
		{
			"from": [6.25, -3.5, 6.15],
			"to": [9.75, -0.5, 9.85],
			"rotation": {"angle": 0, "axis": "y", "origin": [0, -3.75, 0]},
			"faces": {
				"north": {"uv": [2.625, 3, 3.125, 4.125], "texture": "#2"},
				"east": {"uv": [2.625, 3, 3.125, 4.125], "texture": "#2"},
				"south": {"uv": [2.625, 3, 3.125, 4.125], "texture": "#2"},
				"west": {"uv": [2.625, 3, 3.125, 4.125], "texture": "#2"},
				"up": {"uv": [2.625, 3, 3.125, 4.125], "texture": "#2"},
				"down": {"uv": [2.625, 3, 3.125, 4.125], "texture": "#2"}
			}
		},
		{
			"from": [6.75, -5, 8.4],
			"to": [9.25, 0, 10.35],
			"rotation": {"angle": -45, "axis": "x", "origin": [8, -0.25, 8]},
			"faces": {
				"north": {"uv": [3.125, 3, 2.625, 4.125], "texture": "#2"},
				"east": {"uv": [3.125, 3, 2.625, 4.125], "texture": "#2"},
				"south": {"uv": [3.125, 3, 2.625, 4.125], "texture": "#2"},
				"west": {"uv": [3.125, 3, 2.625, 4.125], "texture": "#2"},
				"up": {"uv": [2.625, 4.125, 3.125, 3], "texture": "#2"},
				"down": {"uv": [2.625, 4.125, 3.125, 3], "texture": "#2"}
			}
		},
		{
			"from": [6.85, -5.17678, 10.22132],
			"to": [9.15, -2.92678, 12.17132],
			"rotation": {"angle": -22.5, "axis": "x", "origin": [8, -0.42678, 10.12132]},
			"faces": {
				"north": {"uv": [3.125, 3, 2.625, 4.125], "texture": "#2"},
				"east": {"uv": [3.125, 3, 2.625, 4.125], "texture": "#2"},
				"south": {"uv": [3.125, 3, 2.625, 4.125], "texture": "#2"},
				"west": {"uv": [3.125, 3, 2.625, 4.125], "texture": "#2"},
				"up": {"uv": [2.625, 4.125, 3.125, 3], "texture": "#2"},
				"down": {"uv": [2.625, 4.125, 3.125, 3], "texture": "#2"}
			}
		},
		{
			"from": [6.95, -7.21446, 12.00172],
			"to": [9.05, -3.46446, 13.95172],
			"rotation": {"angle": 22.5, "axis": "x", "origin": [8, -3.36446, 12.50172]},
			"faces": {
				"north": {"uv": [3.125, 3, 2.625, 4.125], "texture": "#2"},
				"east": {"uv": [3.125, 3, 2.625, 4.125], "texture": "#2"},
				"south": {"uv": [3.125, 3, 2.625, 4.125], "texture": "#2"},
				"west": {"uv": [3.125, 3, 2.625, 4.125], "texture": "#2"},
				"up": {"uv": [2.625, 4.125, 3.125, 3], "texture": "#2"},
				"down": {"uv": [2.625, 4.125, 3.125, 3], "texture": "#2"}
			}
		},
		{
			"from": [7.05, -7.39589, 7.83476],
			"to": [8.95, -5.74589, 11.58476],
			"rotation": {"angle": -22.5, "axis": "x", "origin": [8, -5.37089, 12.18476]},
			"faces": {
				"north": {"uv": [2.625, 4.125, 3.125, 3], "rotation": 180, "texture": "#2"},
				"east": {"uv": [3.125, 3, 2.625, 4.125], "rotation": 270, "texture": "#2"},
				"south": {"uv": [2.625, 4.125, 3.125, 3], "texture": "#2"},
				"west": {"uv": [3.125, 3, 2.625, 4.125], "rotation": 90, "texture": "#2"},
				"up": {"uv": [3.125, 3, 2.625, 4.125], "rotation": 180, "texture": "#2"},
				"down": {"uv": [3.125, 3, 2.625, 4.125], "texture": "#2"}
			}
		},
		{
			"from": [7.15, -8.95169, 6.98238],
			"to": [8.85, -7.30169, 9.13238],
			"rotation": {"angle": 0, "axis": "y", "origin": [8, -7.42669, 10.35738]},
			"faces": {
				"north": {"uv": [2.625, 4.125, 3.125, 3], "rotation": 180, "texture": "#2"},
				"east": {"uv": [3.125, 3, 2.625, 4.125], "rotation": 270, "texture": "#2"},
				"south": {"uv": [2.625, 4.125, 3.125, 3], "texture": "#2"},
				"west": {"uv": [3.125, 3, 2.625, 4.125], "rotation": 90, "texture": "#2"},
				"up": {"uv": [3.125, 3, 2.625, 4.125], "rotation": 180, "texture": "#2"},
				"down": {"uv": [3.125, 3, 2.625, 4.125], "texture": "#2"}
			}
		},
		{
			"from": [7.35, -8.35169, 5.18238],
			"to": [8.65, -7.10169, 7.43238],
			"rotation": {"angle": -22.5, "axis": "x", "origin": [8, -8.12669, 8.05738]},
			"faces": {
				"north": {"uv": [2.625, 4.125, 3.125, 3], "rotation": 180, "texture": "#2"},
				"east": {"uv": [3.125, 3, 2.625, 4.125], "rotation": 270, "texture": "#2"},
				"south": {"uv": [2.625, 4.125, 3.125, 3], "texture": "#2"},
				"west": {"uv": [3.125, 3, 2.625, 4.125], "rotation": 90, "texture": "#2"},
				"up": {"uv": [3.125, 3, 2.625, 4.125], "rotation": 180, "texture": "#2"},
				"down": {"uv": [3.125, 3, 2.625, 4.125], "texture": "#2"}
			}
		},
		{
			"from": [6.75, -14.5, 6.65],
			"to": [9.25, -12.25, 9.35],
			"rotation": {"angle": 0, "axis": "y", "origin": [0, -3.75, 0]},
			"faces": {
				"north": {"uv": [4.75, 7.5, 5.25, 8.25], "texture": "#2"},
				"east": {"uv": [4.75, 7.5, 5.25, 8.25], "texture": "#2"},
				"south": {"uv": [4.75, 7.5, 5.25, 8.25], "texture": "#2"},
				"west": {"uv": [4.75, 7.5, 5.25, 8.25], "texture": "#2"},
				"up": {"uv": [4.75, 7.5, 5.25, 8.25], "texture": "#2"},
				"down": {"uv": [4.75, 7.5, 5.25, 8.25], "texture": "#2"}
			}
		},
		{
			"from": [6.25, -1.5, 5.4],
			"to": [9.75, 1.75, 10.6],
			"rotation": {"angle": 0, "axis": "y", "origin": [0, -3.75, 0]},
			"faces": {
				"north": {"uv": [2.625, 3, 3.125, 4.125], "texture": "#2"},
				"east": {"uv": [2.625, 3, 3.125, 4.125], "texture": "#2"},
				"south": {"uv": [2.625, 3, 3.125, 4.125], "texture": "#2"},
				"west": {"uv": [2.625, 3, 3.125, 4.125], "texture": "#2"},
				"up": {"uv": [2.625, 3, 3.125, 4.125], "texture": "#2"},
				"down": {"uv": [2.625, 3, 3.125, 4.125], "texture": "#2"}
			}
		},
		{
			"from": [5.4, -1.5, 6.25],
			"to": [10.6, 1.75, 9.75],
			"rotation": {"angle": 0, "axis": "y", "origin": [8, 0.125, 8]},
			"faces": {
				"north": {"uv": [2.625, 3, 3.125, 4.125], "texture": "#2"},
				"east": {"uv": [2.625, 3, 3.125, 4.125], "texture": "#2"},
				"south": {"uv": [2.625, 3, 3.125, 4.125], "texture": "#2"},
				"west": {"uv": [2.625, 3, 3.125, 4.125], "texture": "#2"},
				"up": {"uv": [2.625, 3, 3.125, 4.125], "rotation": 90, "texture": "#2"},
				"down": {"uv": [2.625, 3, 3.125, 4.125], "rotation": 270, "texture": "#2"}
			}
		},
		{
			"from": [6.95, 1.39158, 5.04896],
			"to": [9.05, 3.39158, 8.64896],
			"rotation": {"angle": 45, "axis": "x", "origin": [8, 2.66297, 3.00003]},
			"faces": {
				"north": {"uv": [2.625, 3, 3.125, 4.125], "texture": "#2"},
				"east": {"uv": [2.625, 3, 3.125, 4.125], "texture": "#2"},
				"south": {"uv": [2.625, 3, 3.125, 4.125], "texture": "#2"},
				"west": {"uv": [2.625, 3, 3.125, 4.125], "texture": "#2"},
				"up": {"uv": [2.625, 3, 3.125, 4.125], "texture": "#2"},
				"down": {"uv": [2.625, 3, 3.125, 4.125], "texture": "#2"}
			}
		},
		{
			"from": [6.75, 0.16213, 2.61593],
			"to": [9.25, 2.86213, 4.61593],
			"rotation": {"angle": -22.5, "axis": "x", "origin": [8, 2.66297, 3.00003]},
			"faces": {
				"north": {"uv": [2.625, 3, 3.125, 4.125], "rotation": 180, "texture": "#2"},
				"east": {"uv": [2.625, 3, 3.125, 4.125], "rotation": 270, "texture": "#2"},
				"south": {"uv": [2.625, 3, 3.125, 4.125], "texture": "#2"},
				"west": {"uv": [2.625, 3, 3.125, 4.125], "rotation": 90, "texture": "#2"},
				"up": {"uv": [2.625, 3, 3.125, 4.125], "rotation": 180, "texture": "#2"},
				"down": {"uv": [2.625, 3, 3.125, 4.125], "texture": "#2"}
			}
		},
		{
			"from": [6.85, 2.23389, 1.44784],
			"to": [9.15, 4.23389, 3.54784],
			"rotation": {"angle": 45, "axis": "x", "origin": [8, 2.66297, 3.00003]},
			"faces": {
				"north": {"uv": [2.625, 3, 3.125, 4.125], "texture": "#2"},
				"east": {"uv": [2.625, 3, 3.125, 4.125], "texture": "#2"},
				"south": {"uv": [2.625, 3, 3.125, 4.125], "texture": "#2"},
				"west": {"uv": [2.625, 3, 3.125, 4.125], "texture": "#2"},
				"up": {"uv": [2.625, 3, 3.125, 4.125], "texture": "#2"},
				"down": {"uv": [2.625, 3, 3.125, 4.125], "texture": "#2"}
			}
		},
		{
			"from": [6.95, 3.47178, 0.89863],
			"to": [9.05, 4.87178, 2.99863],
			"rotation": {"angle": 0, "axis": "y", "origin": [8, 2.66297, 3.00003]},
			"faces": {
				"north": {"uv": [2.625, 3, 3.125, 4.125], "texture": "#2"},
				"east": {"uv": [2.625, 3, 3.125, 4.125], "texture": "#2"},
				"south": {"uv": [2.625, 3, 3.125, 4.125], "texture": "#2"},
				"west": {"uv": [2.625, 3, 3.125, 4.125], "texture": "#2"},
				"up": {"uv": [2.625, 3, 3.125, 4.125], "texture": "#2"},
				"down": {"uv": [2.625, 3, 3.125, 4.125], "texture": "#2"}
			}
		},
		{
			"from": [7.05, 1.11141, -0.03531],
			"to": [8.95, 2.71141, 1.36469],
			"rotation": {"angle": 45, "axis": "x", "origin": [8, 2.66297, 3.00003]},
			"faces": {
				"north": {"uv": [2.625, 3, 3.125, 4.125], "rotation": 180, "texture": "#2"},
				"east": {"uv": [2.625, 3, 3.125, 4.125], "rotation": 90, "texture": "#2"},
				"south": {"uv": [2.625, 3, 3.125, 4.125], "texture": "#2"},
				"west": {"uv": [2.625, 3, 3.125, 4.125], "rotation": 270, "texture": "#2"},
				"up": {"uv": [2.625, 3, 3.125, 4.125], "texture": "#2"},
				"down": {"uv": [2.625, 3, 3.125, 4.125], "rotation": 180, "texture": "#2"}
			}
		},
		{
			"from": [7.5, 1.75, 7.4],
			"to": [8.5, 20.5, 9.6],
			"rotation": {"angle": 0, "axis": "y", "origin": [8, 12.5, 8.5]},
			"faces": {
				"north": {"uv": [0, 0, 8, 16], "texture": "#1"},
				"east": {"uv": [0, 0, 8, 16], "texture": "#1"},
				"south": {"uv": [0, 0, 8, 16], "texture": "#1"},
				"west": {"uv": [0, 0, 8, 16], "texture": "#1"},
				"up": {"uv": [0, 0, 8, 16], "texture": "#1"},
				"down": {"uv": [0, 0, 8, 16], "texture": "#1"}
			}
		},
		{
			"from": [7.5, 19.5, 10.4],
			"to": [8.5, 23.5, 12.6],
			"rotation": {"angle": -22.5, "axis": "x", "origin": [8, 12.5, 8.5]},
			"faces": {
				"north": {"uv": [0, 0, 8, 16], "texture": "#1"},
				"east": {"uv": [0, 0, 8, 16], "texture": "#1"},
				"south": {"uv": [0, 0, 8, 16], "texture": "#1"},
				"west": {"uv": [0, 0, 8, 16], "texture": "#1"},
				"up": {"uv": [0, 0, 8, 16], "texture": "#1"},
				"down": {"uv": [0, 0, 8, 16], "texture": "#1"}
			}
		},
		{
			"from": [7.75, 20, 9.15],
			"to": [8.25, 23.65, 10.4],
			"rotation": {"angle": -22.5, "axis": "x", "origin": [8, 12.5, 8.5]},
			"faces": {
				"north": {"uv": [8, 0, 16, 16], "texture": "#1"},
				"east": {"uv": [8, 0, 16, 16], "texture": "#1"},
				"south": {"uv": [8, 0, 16, 16], "texture": "#1"},
				"west": {"uv": [8, 0, 16, 16], "texture": "#1"},
				"up": {"uv": [8, 0, 16, 16], "texture": "#1"},
				"down": {"uv": [8, 0, 16, 16], "texture": "#1"}
			}
		},
		{
			"from": [7.5, 22.56297, 5.65249],
			"to": [8.5, 26.56297, 7.85249],
			"rotation": {"angle": 22.5, "axis": "x", "origin": [8, 21.96297, 7.82749]},
			"faces": {
				"north": {"uv": [0, 0, 8, 16], "texture": "#1"},
				"east": {"uv": [0, 0, 8, 16], "texture": "#1"},
				"south": {"uv": [0, 0, 8, 16], "texture": "#1"},
				"west": {"uv": [0, 0, 8, 16], "texture": "#1"},
				"up": {"uv": [0, 0, 8, 16], "texture": "#1"},
				"down": {"uv": [0, 0, 8, 16], "texture": "#1"}
			}
		},
		{
			"from": [7.75, 21.81297, 4.65249],
			"to": [8.25, 26.86297, 5.65249],
			"rotation": {"angle": 22.5, "axis": "x", "origin": [8, 21.96297, 7.82749]},
			"faces": {
				"north": {"uv": [8, 0, 16, 16], "texture": "#1"},
				"east": {"uv": [8, 0, 16, 16], "texture": "#1"},
				"south": {"uv": [8, 0, 16, 16], "texture": "#1"},
				"west": {"uv": [8, 0, 16, 16], "texture": "#1"},
				"up": {"uv": [8, 0, 16, 16], "texture": "#1"},
				"down": {"uv": [8, 0, 16, 16], "texture": "#1"}
			}
		},
		{
			"from": [7.5, 24.75144, 8.45429],
			"to": [8.5, 26.95144, 12.45429],
			"rotation": {"angle": -22.5, "axis": "x", "origin": [8, 24.77644, 7.82929]},
			"faces": {
				"north": {"uv": [0, 0, 8, 16], "rotation": 90, "texture": "#1"},
				"east": {"uv": [0, 0, 8, 16], "rotation": 90, "texture": "#1"},
				"south": {"uv": [0, 0, 8, 16], "rotation": 90, "texture": "#1"},
				"west": {"uv": [0, 0, 8, 16], "rotation": 90, "texture": "#1"},
				"up": {"uv": [0, 0, 8, 16], "rotation": 90, "texture": "#1"},
				"down": {"uv": [0, 0, 8, 16], "rotation": 90, "texture": "#1"}
			}
		},
		{
			"from": [7.75, 26.95144, 8.00429],
			"to": [8.25, 27.95144, 12.45429],
			"rotation": {"angle": -22.5, "axis": "x", "origin": [8, 24.77644, 7.82929]},
			"faces": {
				"north": {"uv": [8, 0, 16, 16], "rotation": 270, "texture": "#1"},
				"east": {"uv": [8, 0, 16, 16], "rotation": 270, "texture": "#1"},
				"south": {"uv": [8, 0, 16, 16], "rotation": 270, "texture": "#1"},
				"west": {"uv": [8, 0, 16, 16], "rotation": 270, "texture": "#1"},
				"up": {"uv": [8, 0, 16, 16], "rotation": 270, "texture": "#1"},
				"down": {"uv": [8, 0, 16, 16], "rotation": 270, "texture": "#1"}
			}
		},
		{
			"from": [7.75, 28.81626, 10.29793],
			"to": [8.25, 30.06626, 14.99793],
			"rotation": {"angle": 22.5, "axis": "x", "origin": [8, 28.16626, 9.02293]},
			"faces": {
				"north": {"uv": [8, 0, 16, 16], "rotation": 270, "texture": "#1"},
				"east": {"uv": [8, 0, 16, 16], "rotation": 270, "texture": "#1"},
				"south": {"uv": [8, 0, 16, 16], "rotation": 270, "texture": "#1"},
				"west": {"uv": [8, 0, 16, 16], "rotation": 270, "texture": "#1"},
				"up": {"uv": [8, 0, 16, 16], "rotation": 270, "texture": "#1"},
				"down": {"uv": [8, 0, 16, 16], "rotation": 270, "texture": "#1"}
			}
		},
		{
			"from": [7.75, 27.56626, 10.79793],
			"to": [8.25, 28.81626, 12.99793],
			"rotation": {"angle": 22.5, "axis": "x", "origin": [8, 28.16626, 9.02293]},
			"faces": {
				"north": {"uv": [8, 0, 16, 16], "rotation": 90, "texture": "#1"},
				"east": {"uv": [8, 0, 16, 16], "rotation": 90, "texture": "#1"},
				"south": {"uv": [8, 0, 16, 16], "rotation": 90, "texture": "#1"},
				"west": {"uv": [8, 0, 16, 16], "rotation": 90, "texture": "#1"},
				"up": {"uv": [8, 0, 16, 16], "rotation": 90, "texture": "#1"},
				"down": {"uv": [8, 0, 16, 16], "rotation": 90, "texture": "#1"}
			}
		},
		{
			"from": [7.75, 1.75, 6.15],
			"to": [8.25, 20.5, 7.4],
			"rotation": {"angle": 0, "axis": "y", "origin": [8, 11.5, 8]},
			"faces": {
				"north": {"uv": [8, 0, 16, 16], "texture": "#1"},
				"east": {"uv": [8, 0, 16, 16], "texture": "#1"},
				"south": {"uv": [8, 0, 16, 16], "texture": "#1"},
				"west": {"uv": [8, 0, 16, 16], "texture": "#1"},
				"up": {"uv": [8, 0, 16, 16], "texture": "#1"},
				"down": {"uv": [8, 0, 16, 16], "texture": "#1"}
			}
		}
	],
	"display": {
		"thirdperson_righthand": {
			"rotation": [-22, -55, 92],
			"translation": [-3.5, -6, 8.5]
		},
		"thirdperson_lefthand": {
			"rotation": [-22, -55, 92],
			"translation": [-3.5, -6, 8.5]
		},
		"firstperson_righthand": {
			"scale": [0, 0, 0]
		},
		"firstperson_lefthand": {
			"scale": [0, 0, 0]
		},
		"ground": {
			"rotation": [-45, 0, 0],
			"translation": [0, 12.75, 0]
		},
		"gui": {
			"rotation": [90, 45, -90],
			"translation": [-0.75, 0.75, 0],
			"scale": [0.5, 0.5, 0.5]
		},
		"fixed": {
			"rotation": [90, -45, 90],
			"translation": [0.5, 0, -0.5],
			"scale": [0.5, 0.5, 0.5]
		}
	},
	"groups": [
		{
			"name": "off",
			"origin": [0, -1.75, 0],
			"color": 0,
			"children": [
				0,
				{
					"name": "group",
					"origin": [8, 6.5, 8],
					"color": 0,
					"children": [1, 2, 3, 4, 5, 6, 7, 8, 9, 10, 11, 12, 13, 14]
				},
				{
					"name": "group",
					"origin": [8, 8, 8],
					"color": 0,
					"children": [15, 16, 17, 18, 19, 20, 21, 22, 23, 24, 25, 26, 27, 28, 29]
				},
				{
					"name": "group",
					"origin": [0, -1.75, 0],
					"color": 0,
					"children": [30, 31, 32, 33, 34, 35, 36, 37, 38, 39]
				}
			]
		}
	]
}