{
	"credit": "Made with Blockbench",
	"texture_size": [32, 32],
	"textures": {
		"0": "nazuti/head",
		"particle": "nazuti/head"
	},
	"elements": [
		{
			"from": [4.5665, 9.94584, -8.18553],
			"to": [11.91648, 14.4506, -4.3124],
			"rotation": {"angle": 0, "axis": "y", "origin": [13.94536, 13.6264, -56.02577]},
			"faces": {
				"north": {"uv": [6.875, 5.375, 7.875, 6.25], "texture": "#0"},
				"east": {"uv": [6.875, 5.375, 7.875, 6.25], "texture": "#0"},
				"south": {"uv": [6.875, 5.375, 7.875, 6.25], "texture": "#0"},
				"west": {"uv": [6.875, 5.375, 7.875, 6.25], "texture": "#0"},
				"up": {"uv": [6.875, 5.375, 7.875, 6.25], "texture": "#0"},
				"down": {"uv": [6.875, 5.375, 7.875, 6.25], "texture": "#0"}
			}
		},
		{
			"from": [5.15245, 9.94584, -14.4711],
			"to": [10.84629, 15.51595, -8.18553],
			"rotation": {"angle": 0, "axis": "y", "origin": [13.94536, 13.6264, -56.02577]},
			"faces": {
				"north": {"uv": [6.875, 5.375, 7.875, 6.25], "texture": "#0"},
				"east": {"uv": [6.875, 5.375, 7.875, 6.25], "texture": "#0"},
				"south": {"uv": [6.875, 5.375, 7.875, 6.25], "texture": "#0"},
				"west": {"uv": [6.875, 5.375, 7.875, 6.25], "texture": "#0"},
				"up": {"uv": [6.875, 5.375, 7.875, 6.25], "texture": "#0"},
				"down": {"uv": [6.875, 5.375, 7.875, 6.25], "texture": "#0"}
			}
		},
		{
			"from": [4.76989, 8.99768, -4.3124],
			"to": [11.22885, 13.44917, -0.84517],
			"rotation": {"angle": 0, "axis": "y", "origin": [13.94536, 13.6264, -56.02577]},
			"faces": {
				"north": {"uv": [6.875, 5.375, 7.875, 6.25], "texture": "#0"},
				"east": {"uv": [6.875, 5.375, 7.875, 6.25], "texture": "#0"},
				"south": {"uv": [8.875, 10.5, 9.875, 11.375], "texture": "#0"},
				"west": {"uv": [6.875, 5.375, 7.875, 6.25], "texture": "#0"},
				"up": {"uv": [6.875, 5.375, 7.875, 6.25], "texture": "#0"},
				"down": {"uv": [8.875, 10.5, 9.875, 11.375], "texture": "#0"}
			}
		},
		{
			"from": [6.27591, 7.86841, -13.51228],
			"to": [9.72283, 9.94584, -6.65617],
			"rotation": {"angle": 0, "axis": "y", "origin": [13.94536, 13.6264, -56.02577]},
			"faces": {
				"north": {"uv": [9, 10.5, 10, 11], "texture": "#0"},
				"east": {"uv": [9, 10.5, 10, 11], "texture": "#0"},
				"south": {"uv": [10.25, 2.125, 11.25, 2.625], "texture": "#0"},
				"west": {"uv": [9, 10.5, 10, 11], "texture": "#0"},
				"up": {"uv": [9, 10.5, 10, 11], "texture": "#0"},
				"down": {"uv": [10.25, 2, 11.25, 3], "rotation": 180, "texture": "#0"}
			}
		},
		{
			"from": [6.86185, 8.66742, -6.65617],
			"to": [9.13689, 9.94584, -4.25914],
			"rotation": {"angle": 0, "axis": "y", "origin": [13.94536, 13.6264, -56.02577]},
			"faces": {
				"north": {"uv": [9, 10.5, 10, 11], "texture": "#0"},
				"east": {"uv": [9, 10.5, 10, 11], "texture": "#0"},
				"south": {"uv": [9, 10.5, 10, 11], "texture": "#0"},
				"west": {"uv": [9, 10.5, 10, 11], "texture": "#0"},
				"up": {"uv": [9, 10.5, 10, 11], "texture": "#0"},
				"down": {"uv": [5, 8.125, 6, 8.5], "texture": "#0"}
			}
		}
	],
	"display": {
		"head": {
			"translation": [0, -19.5, 80],
			"scale": [4, 4, 4]
		}
	},
	"groups": [
		{
			"name": "root",
			"origin": [8, 8, 8],
			"color": 0,
			"children": [
				{
					"name": "tail",
					"origin": [8, 8, 8],
					"color": 0,
					"children": [
						{
							"name": "0",
							"origin": [8, 8, 8],
							"color": 0,
							"children": [0, 1, 2, 3, 4]
						}
					]
				}
			]
		}
	]
}