{
	"credit": "Made with Blockbench",
	"texture_size": [32, 32],
	"textures": {
		"0": "nazuti/head",
		"1": "nazuti/wing_0_break",
		"particle": "nazuti/head"
	},
	"elements": [
		{
			"from": [6.3841, 7.67991, -11.81885],
			"to": [9.61722, 10.78221, 10.39369],
			"rotation": {"angle": 45, "axis": "x", "origin": [8.00001, 12.45275, 10.01015]},
			"faces": {
				"north": {"uv": [7.375, 5.5, 8, 6.5], "rotation": 180, "texture": "#0"},
				"east": {"uv": [7.375, 5.5, 8, 6.5], "rotation": 270, "texture": "#0"},
				"south": {"uv": [7.375, 5.5, 8, 6.5], "texture": "#0"},
				"west": {"uv": [7.375, 5.5, 8, 6.5], "rotation": 90, "texture": "#0"},
				"up": {"uv": [7.375, 5.5, 8, 6.5], "rotation": 180, "texture": "#0"},
				"down": {"uv": [7.375, 5.5, 8, 6.5], "texture": "#0"}
			}
		},
		{
			"from": [6.28127, 3.8915, 5.54018],
			"to": [9.72005, 11.415, 8.82146],
			"rotation": {"angle": -22.5, "axis": "x", "origin": [8.00001, 12.45275, 10.01015]},
			"faces": {
				"north": {"uv": [7.375, 5.5, 8, 6.5], "rotation": 180, "texture": "#0"},
				"east": {"uv": [7.375, 5.5, 8, 6.5], "rotation": 270, "texture": "#0"},
				"south": {"uv": [7.375, 5.5, 8, 6.5], "texture": "#0"},
				"west": {"uv": [7.375, 5.5, 8, 6.5], "rotation": 90, "texture": "#0"},
				"up": {"uv": [7.375, 5.5, 8, 6.5], "rotation": 180, "texture": "#0"},
				"down": {"uv": [7.375, 5.5, 8, 6.5], "texture": "#0"}
			}
		},
		{
			"from": [6.53696, -0.2101, 5.79587],
			"to": [9.46437, 4.47744, 8.56578],
			"rotation": {"angle": -22.5, "axis": "x", "origin": [8.00001, 12.45275, 10.01015]},
			"faces": {
				"north": {"uv": [7.375, 5.5, 8, 6.5], "rotation": 180, "texture": "#0"},
				"east": {"uv": [7.375, 5.5, 8, 6.5], "rotation": 270, "texture": "#0"},
				"south": {"uv": [7.375, 5.5, 8, 6.5], "texture": "#0"},
				"west": {"uv": [7.375, 5.5, 8, 6.5], "rotation": 90, "texture": "#0"},
				"up": {"uv": [7.375, 5.5, 8, 6.5], "rotation": 180, "texture": "#0"},
				"down": {"uv": [7.375, 5.5, 8, 6.5], "texture": "#0"}
			}
		},
		{
			"from": [6.79264, -10.38953, 11.10622],
			"to": [9.20868, 0.53031, 13.36476],
			"rotation": {"angle": 0, "axis": "x", "origin": [8.00001, 12.45275, 10.01015]},
			"faces": {
				"north": {"uv": [7.375, 5.5, 8, 6.5], "rotation": 180, "texture": "#0"},
				"east": {"uv": [7.375, 5.5, 8, 6.5], "rotation": 270, "texture": "#0"},
				"south": {"uv": [7.375, 5.5, 8, 6.5], "texture": "#0"},
				"west": {"uv": [7.375, 5.5, 8, 6.5], "rotation": 90, "texture": "#0"},
				"up": {"uv": [7.375, 5.5, 8, 6.5], "rotation": 180, "texture": "#0"},
				"down": {"uv": [7.375, 5.5, 8, 6.5], "texture": "#0"}
			}
		},
		{
			"from": [7.70696, -9.76772, -6.34292],
			"to": [8.2929, 26.28585, 12.37778],
			"rotation": {"angle": 0, "axis": "x", "origin": [8.00001, 12.45275, 10.01015]},
			"faces": {
				"east": {"uv": [16, 0, 0, 8], "rotation": 270, "texture": "#1"},
				"west": {"uv": [0, 0, 16, 8], "rotation": 90, "texture": "#1"}
			}
		}
	],
	"display": {
		"head": {
			"rotation": [-90, 0, 0],
			"translation": [0, 49.25, 64],
			"scale": [4, 4, 4]
		}
	},
	"groups": [
		{
			"name": "root",
			"origin": [8, 8, 8],
			"color": 0,
			"children": [
				{
					"name": "wing_l_close",
					"origin": [8, 8, 8],
					"color": 0,
					"children": [
						{
							"name": "2",
							"origin": [8, 8, 8],
							"color": 0,
							"children": [0, 1, 2, 3, 4]
						}
					]
				}
			]
		}
	]
}