{
	"credit": "Made with Blockbench",
	"texture_size": [32, 32],
	"textures": {
		"0": "nazuti/head",
		"2": "nazuti/wing_1",
		"particle": "nazuti/head"
	},
	"elements": [
		{
			"from": [5.84922, 16.63846, -7.97756],
			"to": [10.14769, 20.06037, 9.12582],
			"rotation": {"angle": 22.5, "axis": "x", "origin": [8.00001, 12.45275, 5.98985]},
			"faces": {
				"north": {"uv": [7.875, 6.5, 7.25, 5.5], "texture": "#0"},
				"east": {"uv": [7.25, 5.5, 7.875, 6.5], "rotation": 270, "texture": "#0"},
				"south": {"uv": [7.875, 6.5, 7.25, 5.5], "rotation": 180, "texture": "#0"},
				"west": {"uv": [7.25, 5.5, 7.875, 6.5], "rotation": 90, "texture": "#0"},
				"up": {"uv": [7.25, 5.5, 7.875, 6.5], "rotation": 180, "texture": "#0"},
				"down": {"uv": [7.25, 5.5, 7.875, 6.5], "texture": "#0"}
			}
		},
		{
			"from": [5.61484, 25.33527, 4.42804],
			"to": [10.38207, 31.16725, 8.67026],
			"rotation": {"angle": -45, "axis": "x", "origin": [8.00001, 12.45275, 5.98985]},
			"faces": {
				"north": {"uv": [7.875, 6.5, 7.25, 5.5], "texture": "#0"},
				"east": {"uv": [7.875, 6.5, 7.25, 5.5], "texture": "#0"},
				"south": {"uv": [7.875, 6.5, 7.25, 5.5], "texture": "#0"},
				"west": {"uv": [7.875, 6.5, 7.25, 5.5], "texture": "#0"},
				"up": {"uv": [7.25, 5.5, 7.875, 6.5], "texture": "#0"},
				"down": {"uv": [7.25, 5.5, 7.875, 6.5], "texture": "#0"}
			}
		},
		{
			"from": [6.0858, 13.32776, 10.31308],
			"to": [9.91552, 17.33561, 25.49883],
			"rotation": {"angle": -22.5, "axis": "x", "origin": [8.00001, 12.45275, 5.98985]},
			"faces": {
				"north": {"uv": [7.875, 6.5, 7.25, 5.5], "texture": "#0"},
				"east": {"uv": [7.25, 5.5, 7.875, 6.5], "rotation": 270, "texture": "#0"},
				"south": {"uv": [7.875, 6.5, 7.25, 5.5], "rotation": 180, "texture": "#0"},
				"west": {"uv": [7.25, 5.5, 7.875, 6.5], "rotation": 90, "texture": "#0"},
				"up": {"uv": [7.25, 5.5, 7.875, 6.5], "rotation": 180, "texture": "#0"},
				"down": {"uv": [7.25, 5.5, 7.875, 6.5], "texture": "#0"}
			}
		},
		{
			"from": [7.70696, -14.5618, -8.15881],
			"to": [8.2929, 26.28585, 21.21539],
			"rotation": {"angle": 0, "axis": "x", "origin": [8.00001, 12.45275, 5.98985]},
			"faces": {
				"east": {"uv": [16, 8, 0, 16], "rotation": 270, "texture": "#2"},
				"west": {"uv": [0, 8, 16, 16], "rotation": 90, "texture": "#2"}
			}
		}
	],
	"display": {
		"head": {
			"rotation": [-90, 0, 0],
			"translation": [0, 47.25, 66.75],
			"scale": [4, 4, 4]
		}
	},
	"groups": [
		{
			"name": "root",
			"origin": [8, 8, 8],
			"color": 0,
			"children": [
				{
					"name": "wing_l_open",
					"origin": [8, 8, 8],
					"color": 0,
					"children": [
						{
							"name": "0",
							"origin": [5.5, 8.44331, 2.22471],
							"color": 0,
							"children": [0, 1]
						},
						{
							"name": "1",
							"origin": [5.5, 8.44331, 2.22471],
							"color": 0,
							"children": [2, 3]
						}
					]
				}
			]
		}
	]
}