{
	"credit": "Made with Blockbench",
	"texture_size": [32, 32],
	"textures": {
		"0": "nazuti/head",
		"1": "nazuti/wing_1_break",
		"particle": "nazuti/head"
	},
	"elements": [
		{
			"from": [6.3841, 14.86548, -9.76954],
			"to": [9.61722, 17.96778, 12.44301],
			"rotation": {"angle": 22.5, "axis": "x", "origin": [8.00001, 12.45275, 10.01015]},
			"faces": {
				"north": {"uv": [7.25, 5.5, 7.875, 6.5], "rotation": 180, "texture": "#0"},
				"east": {"uv": [7.25, 5.5, 7.875, 6.5], "rotation": 270, "texture": "#0"},
				"south": {"uv": [7.25, 5.5, 7.875, 6.5], "texture": "#0"},
				"west": {"uv": [7.25, 5.5, 7.875, 6.5], "rotation": 90, "texture": "#0"},
				"up": {"uv": [7.25, 5.5, 7.875, 6.5], "rotation": 180, "texture": "#0"},
				"down": {"uv": [7.25, 5.5, 7.875, 6.5], "texture": "#0"}
			}
		},
		{
			"from": [6.28127, 15.40561, 10.19142],
			"to": [9.72005, 18.68689, 17.71492],
			"rotation": {"angle": 45, "axis": "x", "origin": [8.00001, 12.45275, 10.01015]},
			"faces": {
				"north": {"uv": [7.25, 5.5, 7.875, 6.5], "texture": "#0"},
				"east": {"uv": [7.25, 5.5, 7.875, 6.5], "texture": "#0"},
				"south": {"uv": [7.25, 5.5, 7.875, 6.5], "texture": "#0"},
				"west": {"uv": [7.25, 5.5, 7.875, 6.5], "texture": "#0"},
				"up": {"uv": [7.25, 5.5, 7.875, 6.5], "texture": "#0"},
				"down": {"uv": [7.25, 5.5, 7.875, 6.5], "texture": "#0"}
			}
		},
		{
			"from": [6.53696, 15.6613, 17.12898],
			"to": [9.46437, 18.43121, 21.81652],
			"rotation": {"angle": 45, "axis": "x", "origin": [8.00001, 12.45275, 10.01015]},
			"faces": {
				"north": {"uv": [7.25, 5.5, 7.875, 6.5], "texture": "#0"},
				"east": {"uv": [7.25, 5.5, 7.875, 6.5], "texture": "#0"},
				"south": {"uv": [7.25, 5.5, 7.875, 6.5], "texture": "#0"},
				"west": {"uv": [7.25, 5.5, 7.875, 6.5], "texture": "#0"},
				"up": {"uv": [7.25, 5.5, 7.875, 6.5], "texture": "#0"},
				"down": {"uv": [7.25, 5.5, 7.875, 6.5], "texture": "#0"}
			}
		},
		{
			"from": [6.79264, -6.75766, 17.63627],
			"to": [9.20868, 4.16218, 19.89481],
			"rotation": {"angle": -22.5, "axis": "x", "origin": [8.00001, 12.45275, 10.01015]},
			"faces": {
				"north": {"uv": [7.25, 5.5, 7.875, 6.5], "rotation": 180, "texture": "#0"},
				"east": {"uv": [7.25, 5.5, 7.875, 6.5], "rotation": 270, "texture": "#0"},
				"south": {"uv": [7.25, 5.5, 7.875, 6.5], "texture": "#0"},
				"west": {"uv": [7.25, 5.5, 7.875, 6.5], "rotation": 90, "texture": "#0"},
				"up": {"uv": [7.25, 5.5, 7.875, 6.5], "rotation": 180, "texture": "#0"},
				"down": {"uv": [7.25, 5.5, 7.875, 6.5], "texture": "#0"}
			}
		},
		{
			"from": [7.70696, -13.10905, -5.79087],
			"to": [8.2929, 27.7386, 24.64867],
			"rotation": {"angle": 0, "axis": "x", "origin": [8.00001, 12.45275, 10.01015]},
			"faces": {
				"east": {"uv": [16, 0, 0, 8], "rotation": 270, "texture": "#1"},
				"west": {"uv": [0, 0, 16, 8], "rotation": 90, "texture": "#1"}
			}
		}
	],
	"display": {
		"head": {
			"rotation": [-90, 0, 0],
			"translation": [0, 47.25, 61.75],
			"scale": [4, 4, 4]
		}
	},
	"groups": [
		{
			"name": "root",
			"origin": [8, 8, 8],
			"color": 0,
			"children": [
				{
					"name": "wing_l_open",
					"origin": [8, 8, 8],
					"color": 0,
					"children": [
						{
							"name": "2",
							"origin": [8, 8, 8],
							"color": 0,
							"children": [0, 1, 2, 3, 4]
						}
					]
				}
			]
		}
	]
}