{
	"credit": "Made with Blockbench",
	"texture_size": [32, 32],
	"textures": {
		"0": "reia/head",
		"particle": "reia/head"
	},
	"elements": [
		{
			"from": [4.5376, 0.99919, -3.76167],
			"to": [11.4624, 6.6805, 0.82771],
			"rotation": {"angle": 22.5, "axis": "x", "origin": [8, 7.40887, 1.72146]},
			"faces": {
				"north": {"uv": [2, 9.25, 3, 10.5], "texture": "#0"},
				"east": {"uv": [2, 9.25, 3, 10.5], "texture": "#0"},
				"south": {"uv": [2, 9.25, 3, 10.5], "texture": "#0"},
				"west": {"uv": [2, 9.25, 3, 10.5], "texture": "#0"},
				"up": {"uv": [2, 9.5, 3, 10.5], "texture": "#0"},
				"down": {"uv": [2, 9.25, 3, 10.5], "texture": "#0"}
			}
		},
		{
			"from": [6.04838, 6.6805, 3.58021],
			"to": [9.95162, 9.3448, 6.78166],
			"rotation": {"angle": 22.5, "axis": "x", "origin": [8, 7.40887, 1.72146]},
			"faces": {
				"north": {"uv": [2, 9.25, 3, 10.5], "texture": "#0"},
				"east": {"uv": [2, 9.25, 3, 10.5], "texture": "#0"},
				"south": {"uv": [2, 9.25, 3, 10.5], "texture": "#0"},
				"west": {"uv": [0, 11, 1.5, 11.75], "texture": "#0"},
				"up": {"uv": [7.75, 1.75, 8.75, 2.75], "texture": "#0"},
				"down": {"uv": [2, 9.25, 3, 10.5], "texture": "#0"}
			}
		},
		{
			"from": [6.04838, 6.6805, -0.87879],
			"to": [9.95162, 8.8898, 3.59666],
			"rotation": {"angle": 22.5, "axis": "x", "origin": [8, 7.40887, 1.72146]},
			"faces": {
				"north": {"uv": [2, 9.25, 3, 10.5], "texture": "#0"},
				"east": {"uv": [2, 9.25, 3, 10.5], "texture": "#0"},
				"south": {"uv": [2, 9.25, 3, 10.5], "texture": "#0"},
				"west": {"uv": [0, 11, 1.5, 11.75], "texture": "#0"},
				"up": {"uv": [7.75, 1.75, 8.75, 2.75], "texture": "#0"},
				"down": {"uv": [2, 9.25, 3, 10.5], "texture": "#0"}
			}
		},
		{
			"from": [6.50338, 6.2255, -3.88179],
			"to": [9.49662, 8.4348, -0.87879],
			"rotation": {"angle": 22.5, "axis": "x", "origin": [8, 7.40887, 1.72146]},
			"faces": {
				"north": {"uv": [2, 9.25, 3, 10.5], "texture": "#0"},
				"east": {"uv": [2, 9.25, 3, 10.5], "texture": "#0"},
				"south": {"uv": [2, 9.25, 3, 10.5], "texture": "#0"},
				"west": {"uv": [0, 11, 1.5, 11.75], "texture": "#0"},
				"up": {"uv": [7.75, 1.75, 8.75, 2.75], "texture": "#0"},
				"down": {"uv": [2, 9.25, 3, 10.5], "texture": "#0"}
			}
		},
		{
			"from": [4.01199, 0.99919, 0.82771],
			"to": [11.98801, 7.1355, 6.76164],
			"rotation": {"angle": 22.5, "axis": "x", "origin": [8, 7.40887, 1.72146]},
			"faces": {
				"north": {"uv": [2, 9.25, 3, 10.5], "texture": "#0"},
				"east": {"uv": [2, 9.25, 3, 10.5], "texture": "#0"},
				"south": {"uv": [2, 9.25, 3, 10.5], "texture": "#0"},
				"west": {"uv": [2, 9.25, 3, 10.5], "texture": "#0"},
				"up": {"uv": [2, 9.5, 3, 10.5], "texture": "#0"},
				"down": {"uv": [2, 9.25, 3, 10.5], "texture": "#0"}
			}
		},
		{
			"from": [6.07616, -1.27931, -3.76167],
			"to": [9.92384, 0.99919, -0.04997],
			"rotation": {"angle": 22.5, "axis": "x", "origin": [8, 7.40887, 1.72146]},
			"faces": {
				"north": {"uv": [0, 1.5, 1.5, 3], "texture": "#0"},
				"east": {"uv": [0, 1.5, 1.5, 3], "texture": "#0"},
				"south": {"uv": [0, 1.5, 1.5, 3], "texture": "#0"},
				"west": {"uv": [0, 1.5, 1.5, 3], "texture": "#0"},
				"up": {"uv": [0, 1.5, 1.5, 3], "texture": "#0"},
				"down": {"uv": [0, 1.5, 1.5, 3], "texture": "#0"}
			}
		},
		{
			"from": [5.09554, -1.53193, -0.67379],
			"to": [10.90446, 0.99919, 6.88496],
			"rotation": {"angle": 22.5, "axis": "x", "origin": [8, 7.40887, 1.72146]},
			"faces": {
				"north": {"uv": [0, 1.5, 1.5, 3], "texture": "#0"},
				"east": {"uv": [0, 1.5, 1.5, 3], "texture": "#0"},
				"south": {"uv": [0, 1.5, 1.5, 3], "texture": "#0"},
				"west": {"uv": [0, 1.5, 1.5, 3], "texture": "#0"},
				"up": {"uv": [0, 1.5, 1.5, 3], "texture": "#0"},
				"down": {"uv": [0, 1.5, 1.5, 3], "texture": "#0"}
			}
		},
		{
			"from": [7.6316, 6.5252, 6.71632],
			"to": [8.3684, 7.3442, 9.52348],
			"rotation": {"angle": -22.5, "axis": "x", "origin": [8, 7.40887, 1.72146]},
			"faces": {
				"north": {"uv": [9.5, 7.75, 10.5, 9], "texture": "#0"},
				"east": {"uv": [9.5, 7.75, 10.5, 9], "texture": "#0"},
				"south": {"uv": [9.5, 7.75, 10.5, 9], "texture": "#0"},
				"west": {"uv": [9.5, 7.75, 10.5, 9], "texture": "#0"},
				"up": {"uv": [9.5, 7.75, 10.5, 9], "texture": "#0"},
				"down": {"uv": [9.5, 7.75, 10.5, 9], "texture": "#0"}
			}
		},
		{
			"from": [7.2676, 10.17322, 3.45003],
			"to": [8.7324, 12.52539, 4.81503],
			"rotation": {"angle": 45, "axis": "x", "origin": [8, 7.40887, 1.72146]},
			"faces": {
				"north": {"uv": [9.5, 7.75, 10.5, 9], "rotation": 270, "texture": "#0"},
				"east": {"uv": [9.5, 7.75, 10.5, 9], "rotation": 270, "texture": "#0"},
				"south": {"uv": [9.5, 7.75, 10.5, 9], "rotation": 270, "texture": "#0"},
				"west": {"uv": [9.5, 7.75, 10.5, 9], "rotation": 270, "texture": "#0"},
				"up": {"uv": [9.5, 7.75, 10.5, 9], "rotation": 270, "texture": "#0"},
				"down": {"uv": [9.5, 7.75, 10.5, 9], "rotation": 270, "texture": "#0"}
			}
		},
		{
			"from": [7.6316, 8.02078, 4.66179],
			"to": [8.3684, 8.83978, 7.92396],
			"rotation": {"angle": -22.5, "axis": "x", "origin": [8, 7.40887, 1.72146]},
			"faces": {
				"north": {"uv": [9.5, 7.75, 10.5, 9], "texture": "#0"},
				"east": {"uv": [9.5, 7.75, 10.5, 9], "texture": "#0"},
				"south": {"uv": [9.5, 7.75, 10.5, 9], "texture": "#0"},
				"west": {"uv": [9.5, 7.75, 10.5, 9], "texture": "#0"},
				"up": {"uv": [9.5, 7.75, 10.5, 9], "texture": "#0"},
				"down": {"uv": [9.5, 7.75, 10.5, 9], "texture": "#0"}
			}
		},
		{
			"from": [7.2676, 8.32259, 1.36015],
			"to": [8.7324, 11.12975, 2.72515],
			"rotation": {"angle": 45, "axis": "x", "origin": [8, 7.40887, 1.72146]},
			"faces": {
				"north": {"uv": [9.5, 7.75, 10.5, 9], "rotation": 270, "texture": "#0"},
				"east": {"uv": [9.5, 7.75, 10.5, 9], "rotation": 270, "texture": "#0"},
				"south": {"uv": [9.5, 7.75, 10.5, 9], "rotation": 270, "texture": "#0"},
				"west": {"uv": [9.5, 7.75, 10.5, 9], "rotation": 270, "texture": "#0"},
				"up": {"uv": [9.5, 7.75, 10.5, 9], "rotation": 270, "texture": "#0"},
				"down": {"uv": [9.5, 7.75, 10.5, 9], "rotation": 270, "texture": "#0"}
			}
		},
		{
			"from": [7.6316, 9.35645, 2.59813],
			"to": [8.3684, 10.17545, 5.40529],
			"rotation": {"angle": -22.5, "axis": "x", "origin": [8, 7.40887, 1.72146]},
			"faces": {
				"north": {"uv": [9.5, 7.75, 10.5, 9], "texture": "#0"},
				"east": {"uv": [9.5, 7.75, 10.5, 9], "texture": "#0"},
				"south": {"uv": [9.5, 7.75, 10.5, 9], "texture": "#0"},
				"west": {"uv": [9.5, 7.75, 10.5, 9], "texture": "#0"},
				"up": {"uv": [9.5, 7.75, 10.5, 9], "texture": "#0"},
				"down": {"uv": [9.5, 7.75, 10.5, 9], "texture": "#0"}
			}
		},
		{
			"from": [7.2676, 7.45198, -0.74167],
			"to": [8.7324, 9.80415, 0.62333],
			"rotation": {"angle": 45, "axis": "x", "origin": [8, 7.40887, 1.72146]},
			"faces": {
				"north": {"uv": [9.5, 7.75, 10.5, 9], "rotation": 270, "texture": "#0"},
				"east": {"uv": [9.5, 7.75, 10.5, 9], "rotation": 270, "texture": "#0"},
				"south": {"uv": [9.5, 7.75, 10.5, 9], "rotation": 270, "texture": "#0"},
				"west": {"uv": [9.5, 7.75, 10.5, 9], "rotation": 270, "texture": "#0"},
				"up": {"uv": [9.5, 7.75, 10.5, 9], "rotation": 270, "texture": "#0"},
				"down": {"uv": [9.5, 7.75, 10.5, 9], "rotation": 270, "texture": "#0"}
			}
		},
		{
			"from": [7.2676, 5.56653, -2.91562],
			"to": [8.7324, 7.91869, -1.55062],
			"rotation": {"angle": 45, "axis": "x", "origin": [8, 7.40887, 1.72146]},
			"faces": {
				"north": {"uv": [9.5, 7.75, 10.5, 9], "rotation": 270, "texture": "#0"},
				"east": {"uv": [9.5, 7.75, 10.5, 9], "rotation": 270, "texture": "#0"},
				"south": {"uv": [9.5, 7.75, 10.5, 9], "rotation": 270, "texture": "#0"},
				"west": {"uv": [9.5, 7.75, 10.5, 9], "rotation": 270, "texture": "#0"},
				"up": {"uv": [9.5, 7.75, 10.5, 9], "rotation": 270, "texture": "#0"},
				"down": {"uv": [9.5, 7.75, 10.5, 9], "rotation": 270, "texture": "#0"}
			}
		},
		{
			"from": [7.6316, 10.64338, 0.02426],
			"to": [8.3684, 11.46238, 2.83143],
			"rotation": {"angle": -22.5, "axis": "x", "origin": [8, 7.40887, 1.72146]},
			"faces": {
				"north": {"uv": [9.5, 7.75, 10.5, 9], "texture": "#0"},
				"east": {"uv": [9.5, 7.75, 10.5, 9], "texture": "#0"},
				"south": {"uv": [9.5, 7.75, 10.5, 9], "texture": "#0"},
				"west": {"uv": [9.5, 7.75, 10.5, 9], "texture": "#0"},
				"up": {"uv": [9.5, 7.75, 10.5, 9], "texture": "#0"},
				"down": {"uv": [9.5, 7.75, 10.5, 9], "texture": "#0"}
			}
		},
		{
			"from": [4.3964, 7.10344, -2.95176],
			"to": [7.5996, 8.74144, 1.78024],
			"rotation": {"angle": -45, "axis": "y", "origin": [5.998, 7.92244, -0.81326]},
			"faces": {
				"east": {"uv": [10.5, 5, 16, 7], "rotation": 90, "texture": "#0"},
				"west": {"uv": [10.5, 5, 16, 7], "rotation": 270, "texture": "#0"},
				"up": {"uv": [10.5, 5, 16, 7], "texture": "#0"},
				"down": {"uv": [10.5, 5, 16, 7], "rotation": 180, "texture": "#0"}
			}
		},
		{
			"from": [8.4004, 7.10344, -2.95176],
			"to": [11.6036, 8.74144, 1.78024],
			"rotation": {"angle": 45, "axis": "y", "origin": [10.002, 7.92244, -0.81326]},
			"faces": {
				"east": {"uv": [10.5, 7, 16, 5], "rotation": 270, "texture": "#0"},
				"west": {"uv": [10.5, 7, 16, 5], "rotation": 90, "texture": "#0"},
				"up": {"uv": [16, 5, 10.5, 7], "texture": "#0"},
				"down": {"uv": [16, 5, 10.5, 7], "rotation": 180, "texture": "#0"}
			}
		},
		{
			"from": [3.9414, 5.92044, 0.68824],
			"to": [7.1446, 8.92344, 5.42024],
			"rotation": {"angle": -22.5, "axis": "y", "origin": [5.998, 7.01244, 2.37174]},
			"faces": {
				"east": {"uv": [10.5, 5, 16, 7], "rotation": 90, "texture": "#0"},
				"west": {"uv": [10.5, 5, 16, 7], "rotation": 270, "texture": "#0"},
				"up": {"uv": [10.5, 5, 16, 7], "texture": "#0"},
				"down": {"uv": [10.5, 5, 16, 7], "rotation": 180, "texture": "#0"}
			}
		},
		{
			"from": [5.4884, 5.92044, -2.72283],
			"to": [10.5116, 10.28844, 6.55917],
			"rotation": {"angle": -22.5, "axis": "x", "origin": [8, 7.42194, 2.82817]},
			"faces": {
				"east": {"uv": [10.5, 5, 16, 7], "rotation": 90, "texture": "#0"},
				"west": {"uv": [10.5, 5, 16, 7], "rotation": 270, "texture": "#0"},
				"up": {"uv": [10.5, 5, 16, 7], "texture": "#0"},
				"down": {"uv": [10.5, 5, 16, 7], "rotation": 180, "texture": "#0"}
			}
		},
		{
			"from": [8.8554, 5.92044, 0.68824],
			"to": [12.0586, 8.92344, 5.42024],
			"rotation": {"angle": 22.5, "axis": "y", "origin": [10.002, 7.01244, 2.37174]},
			"faces": {
				"east": {"uv": [10.5, 7, 16, 5], "rotation": 270, "texture": "#0"},
				"west": {"uv": [10.5, 7, 16, 5], "rotation": 90, "texture": "#0"},
				"up": {"uv": [16, 5, 10.5, 7], "texture": "#0"},
				"down": {"uv": [16, 5, 10.5, 7], "rotation": 180, "texture": "#0"}
			}
		}
	],
	"display": {
		"head": {
			"rotation": [-22.5, 0, 0],
			"translation": [0, 17, 11],
			"scale": [4, 4, 4]
		}
	},
	"groups": [
		{
			"name": "root",
			"origin": [8, 8, 8],
			"color": 0,
			"children": [
				{
					"name": "body",
					"origin": [8, 8, 8],
					"color": 0,
					"children": [
						{
							"name": "0",
							"origin": [8, 8, 8],
							"color": 0,
							"children": [
								0,
								1,
								2,
								3,
								4,
								5,
								6,
								{
									"name": "group",
									"origin": [8, 11.19144, -0.39519],
									"color": 0,
									"children": [7, 8, 9, 10, 11, 12, 13, 14]
								},
								15,
								16,
								17,
								18,
								19
							]
						}
					]
				}
			]
		}
	]
}