{
	"credit": "Made with Blockbench",
	"texture_size": [32, 32],
	"textures": {
		"0": "reia/head",
		"particle": "reia/head"
	},
	"elements": [
		{
			"from": [7.4983, 7.48965, 2.17978],
			"to": [8.4993, 8.21765, 3.90878],
			"rotation": {"angle": -22.5, "axis": "x", "origin": [7.9988, 6.62084, 9.51421]},
			"faces": {
				"north": {"uv": [3, 6.25, 3.5, 6.75], "rotation": 180, "texture": "#0"},
				"east": {"uv": [3, 6.25, 3.5, 6.75], "rotation": 270, "texture": "#0"},
				"south": {"uv": [3, 6.25, 3.5, 6.75], "texture": "#0"},
				"west": {"uv": [3, 6.25, 3.5, 6.75], "rotation": 90, "texture": "#0"},
				"up": {"uv": [3, 6.25, 3.5, 6.75], "rotation": 180, "texture": "#0"},
				"down": {"uv": [3, 6.25, 3.5, 6.75], "texture": "#0"}
			}
		},
		{
			"from": [7.5438, -0.63613, 5.07864],
			"to": [8.4538, 1.63887, 5.98864],
			"rotation": {"angle": 45, "axis": "x", "origin": [7.9988, 6.62084, 9.51421]},
			"faces": {
				"north": {"uv": [3, 6.25, 3.5, 6.75], "texture": "#0"},
				"east": {"uv": [3, 6.25, 3.5, 6.75], "texture": "#0"},
				"south": {"uv": [3, 6.25, 3.5, 6.75], "texture": "#0"},
				"west": {"uv": [3, 6.25, 3.5, 6.75], "texture": "#0"},
				"up": {"uv": [3, 6.25, 3.5, 6.75], "texture": "#0"},
				"down": {"uv": [3, 6.25, 3.5, 6.75], "texture": "#0"}
			}
		},
		{
			"from": [7.7258, 7.34731, 0.15046],
			"to": [8.2718, 7.89331, 1.78846],
			"rotation": {"angle": -22.5, "axis": "x", "origin": [7.9988, 6.62084, 9.51421]},
			"faces": {
				"north": {"uv": [3, 6.25, 3.5, 6.75], "rotation": 180, "texture": "#0"},
				"east": {"uv": [3, 6.25, 3.5, 6.75], "rotation": 270, "texture": "#0"},
				"south": {"uv": [3, 6.25, 3.5, 6.75], "texture": "#0"},
				"west": {"uv": [3, 6.25, 3.5, 6.75], "rotation": 90, "texture": "#0"},
				"up": {"uv": [3, 6.25, 3.5, 6.75], "rotation": 180, "texture": "#0"},
				"down": {"uv": [3, 6.25, 3.5, 6.75], "texture": "#0"}
			}
		},
		{
			"from": [5.7238, 4.715, 6.4701],
			"to": [10.2738, 6.535, 9.2001],
			"rotation": {"angle": 0, "axis": "y", "origin": [7.9988, 7.73173, 8.11727]},
			"faces": {
				"north": {"uv": [3.5, 4.5, 5, 5], "texture": "#0"},
				"east": {"uv": [4.5, 0, 6, 0.5], "texture": "#0"},
				"south": {"uv": [4.5, 0.5, 6, 1], "texture": "#0"},
				"west": {"uv": [4.5, 1.5, 6, 2], "texture": "#0"},
				"up": {"uv": [1.5, 1.5, 0, 0], "texture": "#0"},
				"down": {"uv": [1.5, 1.5, 0, 3], "texture": "#0"}
			}
		},
		{
			"from": [6.3608, 4.715, 4.6501],
			"to": [9.6368, 6.535, 6.4701],
			"rotation": {"angle": 0, "axis": "y", "origin": [7.9988, 7.73173, 8.11727]},
			"faces": {
				"north": {"uv": [5, 1, 6, 1.5], "texture": "#0"},
				"east": {"uv": [5, 2.5, 6, 3], "texture": "#0"},
				"south": {"uv": [5, 3, 6, 3.5], "texture": "#0"},
				"west": {"uv": [5, 4.5, 6, 5], "texture": "#0"},
				"up": {"uv": [4.5, 4.5, 3.5, 3.5], "texture": "#0"},
				"down": {"uv": [4.5, 0, 3.5, 1], "texture": "#0"}
			}
		},
		{
			"from": [6.6338, 5.17, 2.8301],
			"to": [9.3638, 6.535, 4.6501],
			"rotation": {"angle": 0, "axis": "y", "origin": [7.9988, 7.73173, 8.11727]},
			"faces": {
				"north": {"uv": [0, 5.5, 1, 6], "texture": "#0"},
				"east": {"uv": [10, 4.5, 10.5, 5], "texture": "#0"},
				"south": {"uv": [1, 5.5, 2, 6], "texture": "#0"},
				"west": {"uv": [10, 5, 10.5, 5.5], "texture": "#0"},
				"up": {"uv": [3, 6, 2, 5.5], "texture": "#0"},
				"down": {"uv": [4, 5.5, 3, 6], "texture": "#0"}
			}
		},
		{
			"from": [6.0878, 5.93014, 8.30467],
			"to": [6.1788, 8.29614, 10.57967],
			"rotation": {"angle": 0, "axis": "y", "origin": [7.9988, 7.73173, 8.11727]},
			"faces": {
				"north": {"uv": [8.5, 1.5, 9, 2], "texture": "#0"},
				"east": {"uv": [8.5, 2, 9, 2.5], "texture": "#0"},
				"south": {"uv": [8.5, 2.5, 9, 3], "texture": "#0"},
				"west": {"uv": [8.5, 3, 9, 3.5], "texture": "#0"},
				"up": {"uv": [9, 4, 8.5, 3.5], "texture": "#0"},
				"down": {"uv": [9, 4, 8.5, 4.5], "texture": "#0"}
			}
		},
		{
			"from": [9.8188, 5.93014, 8.30467],
			"to": [9.9098, 8.29614, 10.57967],
			"rotation": {"angle": 0, "axis": "y", "origin": [7.9988, 7.73173, 8.11727]},
			"faces": {
				"north": {"uv": [9, 1.5, 8.5, 2], "texture": "#0"},
				"east": {"uv": [9, 3, 8.5, 3.5], "texture": "#0"},
				"south": {"uv": [9, 2.5, 8.5, 3], "texture": "#0"},
				"west": {"uv": [9, 2, 8.5, 2.5], "texture": "#0"},
				"up": {"uv": [8.5, 4, 9, 3.5], "texture": "#0"},
				"down": {"uv": [8.5, 4, 9, 4.5], "texture": "#0"}
			}
		},
		{
			"from": [7.0888, 6.36862, 7.10248],
			"to": [8.9088, 7.00562, 11.65248],
			"rotation": {"angle": 0, "axis": "y", "origin": [7.9988, 7.73173, 8.11727]},
			"faces": {
				"north": {"uv": [1, 1.5, 0.25, 0], "texture": "#0"},
				"east": {"uv": [1, 1.5, 0.25, 0], "texture": "#0"},
				"south": {"uv": [1, 1.5, 0.25, 0], "texture": "#0"},
				"west": {"uv": [1, 1.5, 0.25, 0], "texture": "#0"},
				"up": {"uv": [1, 1.5, 0.25, 0], "texture": "#0"},
				"down": {"uv": [1, 1.5, 0.25, 0], "texture": "#0"}
			}
		},
		{
			"from": [7.2708, 6.07097, 6.32631],
			"to": [8.7268, 6.70797, 7.69131],
			"rotation": {"angle": 22.5, "axis": "x", "origin": [7.9988, 7.73173, 8.11727]},
			"faces": {
				"north": {"uv": [1, 1.5, 0.25, 0], "texture": "#0"},
				"east": {"uv": [1, 1.5, 0.25, 0], "texture": "#0"},
				"south": {"uv": [1, 1.5, 0.25, 0], "texture": "#0"},
				"west": {"uv": [1, 1.5, 0.25, 0], "texture": "#0"},
				"up": {"uv": [1, 1.5, 0.25, 0], "texture": "#0"},
				"down": {"uv": [1, 1.5, 0.25, 0], "texture": "#0"}
			}
		},
		{
			"from": [7.5438, 6.07097, 5.59831],
			"to": [8.4538, 6.70797, 6.32631],
			"rotation": {"angle": 22.5, "axis": "x", "origin": [7.9988, 7.73173, 8.11727]},
			"faces": {
				"north": {"uv": [1, 1.5, 0.25, 0], "texture": "#0"},
				"east": {"uv": [1, 1.5, 0.25, 0], "texture": "#0"},
				"south": {"uv": [1, 1.5, 0.25, 0], "texture": "#0"},
				"west": {"uv": [1, 1.5, 0.25, 0], "texture": "#0"},
				"up": {"uv": [1, 1.5, 0.25, 0], "texture": "#0"},
				"down": {"uv": [1, 1.5, 0.25, 0], "texture": "#0"}
			}
		},
		{
			"from": [7.0888, 6.4488, 3.63836],
			"to": [8.9088, 6.8128, 5.00336],
			"rotation": {"angle": 0, "axis": "y", "origin": [7.9988, 7.73173, 8.11727]},
			"faces": {
				"north": {"uv": [0.25, 11.75, 2.5, 12], "texture": "#0"},
				"east": {"uv": [0, 11.75, 1.25, 12], "texture": "#0"},
				"west": {"uv": [0, 11.75, 1.25, 12], "texture": "#0"}
			}
		},
		{
			"from": [8.9088, 6.4488, 3.63836],
			"to": [7.0888, 6.8128, 5.00336],
			"rotation": {"angle": 0, "axis": "y", "origin": [7.9988, 7.73173, 8.11727]},
			"faces": {
				"north": {"uv": [0.25, 11.75, 2.5, 12], "texture": "#0"},
				"east": {"uv": [0, 11.75, 1.25, 12], "texture": "#0"},
				"west": {"uv": [0, 11.75, 1.25, 12], "texture": "#0"}
			}
		},
		{
			"from": [6.9068, 6.4488, 5.27636],
			"to": [9.0908, 6.8128, 7.46036],
			"rotation": {"angle": 0, "axis": "y", "origin": [7.9988, 7.73173, 8.11727]},
			"faces": {
				"east": {"uv": [0, 11.75, 1.75, 12], "texture": "#0"},
				"west": {"uv": [0, 11.75, 1.75, 12], "texture": "#0"}
			}
		},
		{
			"from": [9.0908, 6.4488, 5.27636],
			"to": [6.9068, 6.8128, 7.46036],
			"rotation": {"angle": 0, "axis": "y", "origin": [7.9988, 7.73173, 8.11727]},
			"faces": {
				"east": {"uv": [0, 11.75, 1.75, 12], "texture": "#0"},
				"west": {"uv": [0, 11.75, 1.75, 12], "texture": "#0"}
			}
		},
		{
			"from": [6.4518, 6.4488, 7.73336],
			"to": [9.5458, 6.8128, 9.91736],
			"rotation": {"angle": 0, "axis": "y", "origin": [7.9988, 7.73173, 8.11727]},
			"faces": {
				"east": {"uv": [0, 11.75, 1.75, 12], "texture": "#0"},
				"west": {"uv": [0, 11.75, 1.75, 12], "texture": "#0"}
			}
		},
		{
			"from": [9.5458, 6.4488, 7.73336],
			"to": [6.4518, 6.8128, 9.91736],
			"rotation": {"angle": 0, "axis": "y", "origin": [7.9988, 7.73173, 8.11727]},
			"faces": {
				"east": {"uv": [0, 11.75, 1.75, 12], "texture": "#0"},
				"west": {"uv": [0, 11.75, 1.75, 12], "texture": "#0"}
			}
		}
	],
	"display": {
		"head": {
			"translation": [0, -5.25, -1.25],
			"scale": [4, 4, 4]
		}
	},
	"groups": [
		{
			"name": "root",
			"origin": [8, 8, 8],
			"color": 0,
			"children": [
				{
					"name": "head",
					"origin": [8, 8, 8],
					"color": 0,
					"children": [
						{
							"name": "lower",
							"origin": [8, 8, 8],
							"color": 0,
							"children": [
								0,
								1,
								2,
								3,
								4,
								5,
								6,
								7,
								8,
								9,
								10,
								{
									"name": "tooth",
									"origin": [9.5, 9.1, -12.25],
									"color": 0,
									"children": [11, 12, 13, 14, 15, 16]
								}
							]
						}
					]
				}
			]
		}
	]
}