{
	"credit": "Made with Blockbench",
	"texture_size": [32, 32],
	"textures": {
		"0": "reia/head",
		"particle": "reia/head"
	},
	"elements": [
		{
			"from": [6.08841, 3.44799, 10.0284],
			"to": [9.09141, 5.85039, 14.6694],
			"rotation": {"angle": -22.5, "axis": "x", "origin": [7.58991, 4.64919, 13.0314]},
			"faces": {
				"north": {"uv": [0, 1.5, 1, 3], "rotation": 90, "texture": "#0"},
				"east": {"uv": [0, 1.5, 1, 3], "rotation": 90, "texture": "#0"},
				"south": {"uv": [0, 1.5, 1, 3], "rotation": 90, "texture": "#0"},
				"west": {"uv": [0, 1.5, 1, 3], "rotation": 90, "texture": "#0"},
				"up": {"uv": [0, 1.5, 1, 3], "rotation": 90, "texture": "#0"},
				"down": {"uv": [0, 1.5, 1, 3], "rotation": 90, "texture": "#0"}
			}
		},
		{
			"from": [6.45241, 3.20358, 11.77302],
			"to": [8.72741, 11.48458, 14.17542],
			"rotation": {"angle": 22.5, "axis": "x", "origin": [7.58991, 8.25408, 12.97422]},
			"faces": {
				"north": {"uv": [0, 1.5, 1, 3], "rotation": 180, "texture": "#0"},
				"east": {"uv": [0, 1.5, 1, 3], "rotation": 180, "texture": "#0"},
				"south": {"uv": [0, 1.5, 1, 3], "rotation": 180, "texture": "#0"},
				"west": {"uv": [0, 1.5, 1, 3], "rotation": 180, "texture": "#0"},
				"up": {"uv": [0, 1.5, 1, 3], "rotation": 180, "texture": "#0"},
				"down": {"uv": [0, 1.5, 1, 3], "rotation": 180, "texture": "#0"}
			}
		},
		{
			"from": [5.34221, 2.53454, 7.66858],
			"to": [9.83761, 4.75494, 10.67158],
			"rotation": {"angle": 0, "axis": "y", "origin": [-7.12479, 1.75194, -16.95602]},
			"faces": {
				"north": {"uv": [0, 1.5, 1, 3], "rotation": 90, "texture": "#0"},
				"east": {"uv": [0, 1.5, 1, 3], "rotation": 90, "texture": "#0"},
				"south": {"uv": [0, 1.5, 1, 3], "rotation": 90, "texture": "#0"},
				"west": {"uv": [0, 1.5, 1, 3], "rotation": 90, "texture": "#0"},
				"up": {"uv": [0, 1.5, 1, 3], "rotation": 90, "texture": "#0"},
				"down": {"uv": [0, 1.5, 1, 3], "rotation": 90, "texture": "#0"}
			}
		},
		{
			"from": [6.81514, 3.57731, 5.72622],
			"to": [8.36468, 5.12686, 8.72922],
			"rotation": {"angle": 22.5, "axis": "x", "origin": [7.58991, 4.0253, 5.92127]},
			"faces": {
				"north": {"uv": [0, 1.5, 1, 3], "rotation": 90, "texture": "#0"},
				"east": {"uv": [0, 1.5, 1, 3], "rotation": 90, "texture": "#0"},
				"south": {"uv": [0, 1.5, 1, 3], "rotation": 90, "texture": "#0"},
				"west": {"uv": [0, 1.5, 1, 3], "rotation": 90, "texture": "#0"},
				"up": {"uv": [0, 1.5, 1, 3], "rotation": 90, "texture": "#0"},
				"down": {"uv": [0, 1.5, 1, 3], "rotation": 90, "texture": "#0"}
			}
		},
		{
			"from": [7.02174, 3.27214, 4.34135],
			"to": [8.15808, 4.40847, 6.43435],
			"rotation": {"angle": -22.5, "axis": "x", "origin": [7.58991, 4.15334, 4.56885]},
			"faces": {
				"north": {"uv": [11.25, 3.75, 11.5, 4.5], "texture": "#0"},
				"east": {"uv": [11.25, 3.75, 11.5, 4.5], "texture": "#0"},
				"south": {"uv": [11.25, 3.75, 11.5, 4.5], "texture": "#0"},
				"west": {"uv": [11.25, 3.75, 11.5, 4.5], "texture": "#0"},
				"up": {"uv": [11.25, 3.75, 11.5, 4.5], "texture": "#0"},
				"down": {"uv": [11.25, 3.75, 11.5, 4.5], "texture": "#0"}
			}
		},
		{
			"from": [7.17826, 3.16458, 3.34614],
			"to": [8.00156, 3.98788, 4.80214],
			"rotation": {"angle": -45, "axis": "x", "origin": [7.58991, 3.65449, 4.11964]},
			"faces": {
				"north": {"uv": [11.25, 3.75, 11.5, 4.5], "texture": "#0"},
				"east": {"uv": [11.25, 3.75, 11.5, 4.5], "texture": "#0"},
				"south": {"uv": [11.25, 3.75, 11.5, 4.5], "texture": "#0"},
				"west": {"uv": [11.25, 3.75, 11.5, 4.5], "texture": "#0"},
				"up": {"uv": [11.25, 3.75, 11.5, 4.5], "texture": "#0"},
				"down": {"uv": [11.25, 3.75, 11.5, 4.5], "texture": "#0"}
			}
		},
		{
			"from": [5.28637, 3.16458, 3.34614],
			"to": [6.10967, 3.98788, 4.80214],
			"rotation": {"angle": -45, "axis": "x", "origin": [7.77191, 3.65449, 4.11964]},
			"faces": {
				"north": {"uv": [11.25, 3.75, 11.5, 4.5], "texture": "#0"},
				"east": {"uv": [11.25, 3.75, 11.5, 4.5], "texture": "#0"},
				"south": {"uv": [11.25, 3.75, 11.5, 4.5], "texture": "#0"},
				"west": {"uv": [11.25, 3.75, 11.5, 4.5], "texture": "#0"},
				"up": {"uv": [11.25, 3.75, 11.5, 4.5], "texture": "#0"},
				"down": {"uv": [11.25, 3.75, 11.5, 4.5], "texture": "#0"}
			}
		},
		{
			"from": [9.07015, 3.16458, 3.34614],
			"to": [9.89345, 3.98788, 4.80214],
			"rotation": {"angle": -45, "axis": "x", "origin": [7.40791, 3.65449, 4.11964]},
			"faces": {
				"north": {"uv": [11.25, 3.75, 11.5, 4.5], "texture": "#0"},
				"east": {"uv": [11.25, 3.75, 11.5, 4.5], "texture": "#0"},
				"south": {"uv": [11.25, 3.75, 11.5, 4.5], "texture": "#0"},
				"west": {"uv": [11.25, 3.75, 11.5, 4.5], "texture": "#0"},
				"up": {"uv": [11.25, 3.75, 11.5, 4.5], "texture": "#0"},
				"down": {"uv": [11.25, 3.75, 11.5, 4.5], "texture": "#0"}
			}
		},
		{
			"from": [4.93107, 3.57731, 5.72622],
			"to": [6.48062, 5.12686, 8.72922],
			"rotation": {"angle": 22.5, "axis": "x", "origin": [7.77191, 4.0253, 5.92127]},
			"faces": {
				"north": {"uv": [0, 1.5, 1, 3], "rotation": 90, "texture": "#0"},
				"east": {"uv": [0, 1.5, 1, 3], "rotation": 90, "texture": "#0"},
				"south": {"uv": [0, 1.5, 1, 3], "rotation": 90, "texture": "#0"},
				"west": {"uv": [0, 1.5, 1, 3], "rotation": 90, "texture": "#0"},
				"up": {"uv": [0, 1.5, 1, 3], "rotation": 90, "texture": "#0"},
				"down": {"uv": [0, 1.5, 1, 3], "rotation": 90, "texture": "#0"}
			}
		},
		{
			"from": [5.13768, 3.27214, 4.34135],
			"to": [6.27401, 4.40847, 6.43435],
			"rotation": {"angle": -22.5, "axis": "x", "origin": [7.77191, 4.15334, 4.56885]},
			"faces": {
				"north": {"uv": [11.25, 3.75, 11.5, 4.5], "texture": "#0"},
				"east": {"uv": [11.25, 3.75, 11.5, 4.5], "texture": "#0"},
				"south": {"uv": [11.25, 3.75, 11.5, 4.5], "texture": "#0"},
				"west": {"uv": [11.25, 3.75, 11.5, 4.5], "texture": "#0"},
				"up": {"uv": [11.25, 3.75, 11.5, 4.5], "texture": "#0"},
				"down": {"uv": [11.25, 3.75, 11.5, 4.5], "texture": "#0"}
			}
		},
		{
			"from": [8.6992, 3.57731, 5.72622],
			"to": [10.24875, 5.12686, 8.72922],
			"rotation": {"angle": 22.5, "axis": "x", "origin": [7.40791, 4.0253, 5.92127]},
			"faces": {
				"north": {"uv": [0, 1.5, 1, 3], "rotation": 90, "texture": "#0"},
				"east": {"uv": [0, 1.5, 1, 3], "rotation": 90, "texture": "#0"},
				"south": {"uv": [0, 1.5, 1, 3], "rotation": 90, "texture": "#0"},
				"west": {"uv": [0, 1.5, 1, 3], "rotation": 90, "texture": "#0"},
				"up": {"uv": [0, 1.5, 1, 3], "rotation": 90, "texture": "#0"},
				"down": {"uv": [0, 1.5, 1, 3], "rotation": 90, "texture": "#0"}
			}
		},
		{
			"from": [8.90581, 3.27214, 4.34135],
			"to": [10.04214, 4.40847, 6.43435],
			"rotation": {"angle": -22.5, "axis": "x", "origin": [7.40791, 4.15334, 4.56885]},
			"faces": {
				"north": {"uv": [11.25, 3.75, 11.5, 4.5], "texture": "#0"},
				"east": {"uv": [11.25, 3.75, 11.5, 4.5], "texture": "#0"},
				"south": {"uv": [11.25, 3.75, 11.5, 4.5], "texture": "#0"},
				"west": {"uv": [11.25, 3.75, 11.5, 4.5], "texture": "#0"},
				"up": {"uv": [11.25, 3.75, 11.5, 4.5], "texture": "#0"},
				"down": {"uv": [11.25, 3.75, 11.5, 4.5], "texture": "#0"}
			}
		},
		{
			"from": [8.46504, 2.07496, 9.35116],
			"to": [11.01304, 3.69658, 10.97278],
			"rotation": {"angle": 22.5, "axis": "z", "origin": [7.35877, 3.83517, 14.74837]},
			"faces": {
				"north": {"uv": [0, 1.5, 1, 3], "rotation": 90, "texture": "#0"},
				"east": {"uv": [0, 1.5, 1, 3], "rotation": 90, "texture": "#0"},
				"south": {"uv": [0, 1.5, 1, 3], "rotation": 90, "texture": "#0"},
				"west": {"uv": [0, 1.5, 1, 3], "rotation": 90, "texture": "#0"},
				"up": {"uv": [0, 1.5, 1, 3], "rotation": 90, "texture": "#0"},
				"down": {"uv": [0, 1.5, 1, 3], "rotation": 90, "texture": "#0"}
			}
		},
		{
			"from": [10.63018, 3.30982, 9.56737],
			"to": [12.26818, 4.49901, 10.75656],
			"rotation": {"angle": -22.5, "axis": "z", "origin": [11.81318, 4.39582, 10.16197]},
			"faces": {
				"north": {"uv": [11.25, 4.5, 11.5, 3.75], "rotation": 90, "texture": "#0"},
				"east": {"uv": [11.25, 4.5, 11.5, 3.75], "rotation": 90, "texture": "#0"},
				"south": {"uv": [11.25, 4.5, 11.5, 3.75], "rotation": 90, "texture": "#0"},
				"west": {"uv": [11.25, 4.5, 11.5, 3.75], "rotation": 90, "texture": "#0"},
				"up": {"uv": [11.25, 4.5, 11.5, 3.75], "rotation": 90, "texture": "#0"},
				"down": {"uv": [11.25, 4.5, 11.5, 3.75], "rotation": 90, "texture": "#0"}
			}
		},
		{
			"from": [11.99518, 3.63742, 9.73117],
			"to": [13.54218, 4.49901, 10.59276],
			"rotation": {"angle": -45, "axis": "z", "origin": [11.81318, 4.39582, 10.16197]},
			"faces": {
				"north": {"uv": [11.25, 4.5, 11.5, 3.75], "rotation": 90, "texture": "#0"},
				"east": {"uv": [11.25, 4.5, 11.5, 3.75], "rotation": 90, "texture": "#0"},
				"south": {"uv": [11.25, 4.5, 11.5, 3.75], "rotation": 90, "texture": "#0"},
				"west": {"uv": [11.25, 4.5, 11.5, 3.75], "rotation": 90, "texture": "#0"},
				"up": {"uv": [11.25, 4.5, 11.5, 3.75], "rotation": 90, "texture": "#0"},
				"down": {"uv": [11.25, 4.5, 11.5, 3.75], "rotation": 90, "texture": "#0"}
			}
		},
		{
			"from": [7.49436, 3.52629, 13.6952],
			"to": [9.11598, 5.14791, 16.2432],
			"rotation": {"angle": 0, "axis": "y", "origin": [8.30517, 3.81286, 16.08833]},
			"faces": {
				"north": {"uv": [0, 1.5, 1, 3], "rotation": 90, "texture": "#0"},
				"east": {"uv": [0, 1.5, 1, 3], "rotation": 90, "texture": "#0"},
				"south": {"uv": [0, 1.5, 1, 3], "rotation": 90, "texture": "#0"},
				"west": {"uv": [0, 1.5, 1, 3], "rotation": 90, "texture": "#0"},
				"up": {"uv": [0, 1.5, 1, 3], "rotation": 90, "texture": "#0"},
				"down": {"uv": [0, 1.5, 1, 3], "rotation": 90, "texture": "#0"}
			}
		},
		{
			"from": [7.71058, 3.51704, 15.28964],
			"to": [8.89976, 4.70623, 16.92764],
			"rotation": {"angle": 45, "axis": "x", "origin": [8.30517, 3.81286, 16.08833]},
			"faces": {
				"north": {"uv": [11.25, 4.5, 11.5, 3.75], "rotation": 180, "texture": "#0"},
				"east": {"uv": [11.25, 4.5, 11.5, 3.75], "rotation": 180, "texture": "#0"},
				"south": {"uv": [11.25, 4.5, 11.5, 3.75], "rotation": 180, "texture": "#0"},
				"west": {"uv": [11.25, 4.5, 11.5, 3.75], "rotation": 180, "texture": "#0"},
				"up": {"uv": [11.25, 4.5, 11.5, 3.75], "rotation": 180, "texture": "#0"},
				"down": {"uv": [11.25, 4.5, 11.5, 3.75], "rotation": 180, "texture": "#0"}
			}
		},
		{
			"from": [7.87438, 2.03118, 16.20703],
			"to": [8.73596, 3.57818, 17.06862],
			"rotation": {"angle": -22.5, "axis": "x", "origin": [8.30517, 3.81286, 16.08833]},
			"faces": {
				"north": {"uv": [11.5, 3.75, 11.25, 4.5], "rotation": 180, "texture": "#0"},
				"east": {"uv": [11.5, 3.75, 11.25, 4.5], "rotation": 180, "texture": "#0"},
				"south": {"uv": [11.5, 3.75, 11.25, 4.5], "rotation": 180, "texture": "#0"},
				"west": {"uv": [11.5, 3.75, 11.25, 4.5], "rotation": 180, "texture": "#0"},
				"up": {"uv": [11.5, 3.75, 11.25, 4.5], "rotation": 180, "texture": "#0"},
				"down": {"uv": [11.5, 3.75, 11.25, 4.5], "rotation": 180, "texture": "#0"}
			}
		}
	],
	"display": {
		"head": {
			"translation": [1.5, -16, -22.75],
			"scale": [4, 4, 4]
		}
	},
	"groups": [
		{
			"name": "root",
			"origin": [8, 8, 8],
			"color": 0,
			"children": [
				{
					"name": "leg_l",
					"origin": [8, 8, 8],
					"color": 0,
					"children": [
						{
							"name": "2",
							"origin": [8, 8, 8],
							"color": 0,
							"children": [0, 1, 2, 3, 4, 5, 6, 7, 8, 9, 10, 11, 12, 13, 14, 15, 16, 17]
						}
					]
				}
			]
		}
	]
}