{
	"credit": "Made with Blockbench",
	"textures": {
		"1": "reia/head"
	},
	"elements": [
		{
			"from": [7.5, 0.25, 7.5],
			"to": [8.5, 4.25, 8.5],
			"rotation": {"angle": 0, "axis": "y", "origin": [0, -0.75, 0]},
			"faces": {
				"north": {"uv": [3.75, 3.5, 4.25, 4.5], "texture": "#1"},
				"east": {"uv": [3.75, 3.5, 4.25, 4.5], "texture": "#1"},
				"south": {"uv": [3.75, 3.5, 4.25, 4.5], "texture": "#1"},
				"west": {"uv": [3.75, 3.5, 4.25, 4.5], "texture": "#1"},
				"up": {"uv": [3.75, 3.5, 4.25, 4.5], "texture": "#1"},
				"down": {"uv": [3.75, 3.5, 4.25, 4.5], "texture": "#1"}
			}
		},
		{
			"from": [7.1, 0.05, 7.1],
			"to": [8.9, 0.8, 8.9],
			"rotation": {"angle": 0, "axis": "y", "origin": [0, -0.75, 0]},
			"faces": {
				"north": {"uv": [4.75, 3.5, 5.25, 4.5], "texture": "#1"},
				"east": {"uv": [4.75, 3.5, 5.25, 4.5], "texture": "#1"},
				"south": {"uv": [4.75, 3.5, 5.25, 4.5], "texture": "#1"},
				"west": {"uv": [4.75, 3.5, 5.25, 4.5], "texture": "#1"},
				"up": {"uv": [4.75, 3.5, 5.25, 4.5], "texture": "#1"},
				"down": {"uv": [4.75, 3.5, 5.25, 4.5], "texture": "#1"}
			}
		},
		{
			"from": [7.5, -7, 7.5],
			"to": [8.5, 0.25, 8.5],
			"rotation": {"angle": 0, "axis": "y", "origin": [0, -0.75, 0]},
			"faces": {
				"north": {"uv": [2.25, 1.25, 2.75, 1.75], "texture": "#1"},
				"east": {"uv": [2.25, 1.25, 2.75, 1.75], "texture": "#1"},
				"south": {"uv": [2.25, 1.25, 2.75, 1.75], "texture": "#1"},
				"west": {"uv": [2.25, 1.25, 2.75, 1.75], "texture": "#1"},
				"up": {"uv": [2.25, 1.25, 2.75, 1.75], "texture": "#1"},
				"down": {"uv": [2.25, 1.25, 2.75, 1.75], "texture": "#1"}
			}
		},
		{
			"from": [7.25, -6.25, 7.25],
			"to": [8.75, -5.5, 8.75],
			"rotation": {"angle": 0, "axis": "y", "origin": [0, -0.75, 0]},
			"faces": {
				"north": {"uv": [2.25, 1.25, 2.75, 1.75], "texture": "#1"},
				"east": {"uv": [2.25, 1.25, 2.75, 1.75], "texture": "#1"},
				"south": {"uv": [2.25, 1.25, 2.75, 1.75], "texture": "#1"},
				"west": {"uv": [2.25, 1.25, 2.75, 1.75], "texture": "#1"},
				"up": {"uv": [2.25, 1.25, 2.75, 1.75], "texture": "#1"},
				"down": {"uv": [2.25, 1.25, 2.75, 1.75], "texture": "#1"}
			}
		},
		{
			"from": [6.75, 4.25, 6.75],
			"to": [9.25, 5.25, 9.25],
			"rotation": {"angle": 0, "axis": "y", "origin": [0, -0.75, 0]},
			"faces": {
				"north": {"uv": [11.25, 4, 11.5, 4.75], "texture": "#1"},
				"east": {"uv": [11.25, 4, 11.5, 4.75], "texture": "#1"},
				"south": {"uv": [11.25, 4, 11.5, 4.75], "texture": "#1"},
				"west": {"uv": [11.25, 4, 11.5, 4.75], "texture": "#1"},
				"up": {"uv": [11.25, 4, 11.5, 4.75], "texture": "#1"},
				"down": {"uv": [11.25, 4, 11.5, 4.75], "texture": "#1"}
			}
		},
		{
			"from": [6.85, 5.25, 7.1],
			"to": [9.15, 9.25, 8.9],
			"rotation": {"angle": 0, "axis": "y", "origin": [0, -0.75, 0]},
			"faces": {
				"north": {"uv": [6, 9, 6.5, 9.75], "texture": "#1"},
				"east": {"uv": [6, 9, 6.5, 9.75], "texture": "#1"},
				"south": {"uv": [6, 9, 6.5, 9.75], "texture": "#1"},
				"west": {"uv": [6, 9, 6.5, 9.75], "texture": "#1"},
				"up": {"uv": [6, 9, 6.5, 9.75], "texture": "#1"},
				"down": {"uv": [6, 9, 6.5, 9.75], "texture": "#1"}
			}
		},
		{
			"from": [6.6, 6, 7.6],
			"to": [9.4, 8.5, 8.4],
			"rotation": {"angle": 0, "axis": "y", "origin": [0, -0.75, 0]},
			"faces": {
				"north": {"uv": [6, 9, 6.5, 9.75], "texture": "#1"},
				"east": {"uv": [6, 9, 6.5, 9.75], "texture": "#1"},
				"south": {"uv": [6, 9, 6.5, 9.75], "texture": "#1"},
				"west": {"uv": [6, 9, 6.5, 9.75], "texture": "#1"},
				"up": {"uv": [6, 9, 6.5, 9.75], "texture": "#1"},
				"down": {"uv": [6, 9, 6.5, 9.75], "texture": "#1"}
			}
		},
		{
			"from": [7.6, 6.25, 8.9],
			"to": [8.4, 9.25, 9.8],
			"rotation": {"angle": 0, "axis": "y", "origin": [0, -0.75, 0]},
			"faces": {
				"north": {"uv": [2.25, 11, 2.75, 11.5], "texture": "#1"},
				"east": {"uv": [2.25, 11, 2.75, 11.5], "texture": "#1"},
				"south": {"uv": [2.25, 11, 2.75, 11.5], "texture": "#1"},
				"west": {"uv": [2.25, 11, 2.75, 11.5], "texture": "#1"},
				"up": {"uv": [2.25, 11, 2.75, 11.5], "texture": "#1"},
				"down": {"uv": [2.25, 11, 2.75, 11.5], "texture": "#1"}
			}
		},
		{
			"from": [7.35, 6.5, 6.1],
			"to": [8.65, 8.25, 7.1],
			"rotation": {"angle": 0, "axis": "y", "origin": [0, -0.75, 0]},
			"faces": {
				"north": {"uv": [6, 9, 6.5, 9.75], "texture": "#1"},
				"east": {"uv": [6, 9, 6.5, 9.75], "texture": "#1"},
				"south": {"uv": [6, 9, 6.5, 9.75], "texture": "#1"},
				"west": {"uv": [6, 9, 6.5, 9.75], "texture": "#1"},
				"up": {"uv": [6, 9, 6.5, 9.75], "texture": "#1"},
				"down": {"uv": [6, 9, 6.5, 9.75], "texture": "#1"}
			}
		},
		{
			"from": [7.6, 8.12959, 5.89534],
			"to": [8.4, 8.97959, 6.99534],
			"rotation": {"angle": 22.5, "axis": "x", "origin": [8, 7.90459, 6.24534]},
			"faces": {
				"north": {"uv": [6, 9, 6.5, 9.75], "rotation": 180, "texture": "#1"},
				"east": {"uv": [6, 9, 6.5, 9.75], "rotation": 90, "texture": "#1"},
				"south": {"uv": [6, 9, 6.5, 9.75], "texture": "#1"},
				"west": {"uv": [6, 9, 6.5, 9.75], "rotation": 270, "texture": "#1"},
				"up": {"uv": [6, 9, 6.5, 9.75], "texture": "#1"},
				"down": {"uv": [6, 9, 6.5, 9.75], "rotation": 180, "texture": "#1"}
			}
		},
		{
			"from": [7.7, 7.90357, 5.32886],
			"to": [8.3, 8.55357, 6.42886],
			"rotation": {"angle": 45, "axis": "x", "origin": [8, 8.42857, 6.67886]},
			"faces": {
				"north": {"uv": [6, 9, 6.5, 9.75], "rotation": 180, "texture": "#1"},
				"east": {"uv": [6, 9, 6.5, 9.75], "rotation": 90, "texture": "#1"},
				"south": {"uv": [6, 9, 6.5, 9.75], "texture": "#1"},
				"west": {"uv": [6, 9, 6.5, 9.75], "rotation": 270, "texture": "#1"},
				"up": {"uv": [6, 9, 6.5, 9.75], "texture": "#1"},
				"down": {"uv": [6, 9, 6.5, 9.75], "rotation": 180, "texture": "#1"}
			}
		},
		{
			"from": [7.8, 8.00357, 4.57886],
			"to": [8.2, 8.45357, 5.32886],
			"rotation": {"angle": 45, "axis": "x", "origin": [8, 8.42857, 6.67886]},
			"faces": {
				"north": {"uv": [6, 9, 6.5, 9.75], "rotation": 180, "texture": "#1"},
				"east": {"uv": [6, 9, 6.5, 9.75], "rotation": 90, "texture": "#1"},
				"south": {"uv": [6, 9, 6.5, 9.75], "texture": "#1"},
				"west": {"uv": [6, 9, 6.5, 9.75], "rotation": 270, "texture": "#1"},
				"up": {"uv": [6, 9, 6.5, 9.75], "texture": "#1"},
				"down": {"uv": [6, 9, 6.5, 9.75], "rotation": 180, "texture": "#1"}
			}
		},
		{
			"from": [7.35, 4.27959, 4.99534],
			"to": [8.65, 5.52959, 6.49534],
			"rotation": {"angle": -22.5, "axis": "x", "origin": [8, 7.90459, 6.24534]},
			"faces": {
				"north": {"uv": [6, 9, 6.5, 9.75], "rotation": 180, "texture": "#1"},
				"east": {"uv": [6, 9, 6.5, 9.75], "rotation": 90, "texture": "#1"},
				"south": {"uv": [6, 9, 6.5, 9.75], "texture": "#1"},
				"west": {"uv": [6, 9, 6.5, 9.75], "rotation": 270, "texture": "#1"},
				"up": {"uv": [6, 9, 6.5, 9.75], "texture": "#1"},
				"down": {"uv": [6, 9, 6.5, 9.75], "rotation": 180, "texture": "#1"}
			}
		},
		{
			"from": [7.6, 5.25, 6.35],
			"to": [8.4, 6.5, 7.1],
			"rotation": {"angle": 0, "axis": "y", "origin": [0, -0.75, 0]},
			"faces": {
				"north": {"uv": [6, 9, 6.5, 9.75], "texture": "#1"},
				"east": {"uv": [6, 9, 6.5, 9.75], "texture": "#1"},
				"south": {"uv": [6, 9, 6.5, 9.75], "texture": "#1"},
				"west": {"uv": [6, 9, 6.5, 9.75], "texture": "#1"},
				"up": {"uv": [6, 9, 6.5, 9.75], "texture": "#1"},
				"down": {"uv": [6, 9, 6.5, 9.75], "texture": "#1"}
			}
		},
		{
			"from": [7.6, 5.31661, 4.93145],
			"to": [8.4, 6.06661, 6.68145],
			"rotation": {"angle": -45, "axis": "x", "origin": [8, 5.69161, 7.43145]},
			"faces": {
				"north": {"uv": [6, 9, 6.5, 9.75], "rotation": 180, "texture": "#1"},
				"east": {"uv": [6, 9, 6.5, 9.75], "rotation": 90, "texture": "#1"},
				"south": {"uv": [6, 9, 6.5, 9.75], "texture": "#1"},
				"west": {"uv": [6, 9, 6.5, 9.75], "rotation": 270, "texture": "#1"},
				"up": {"uv": [6, 9, 6.5, 9.75], "texture": "#1"},
				"down": {"uv": [6, 9, 6.5, 9.75], "rotation": 180, "texture": "#1"}
			}
		},
		{
			"from": [7.7, 3.11661, 4.53145],
			"to": [8.3, 3.66661, 7.28145],
			"rotation": {"angle": 45, "axis": "x", "origin": [8, 5.69161, 7.43145]},
			"faces": {
				"north": {"uv": [6, 9, 6.5, 9.75], "rotation": 180, "texture": "#1"},
				"east": {"uv": [6, 9, 6.5, 9.75], "rotation": 90, "texture": "#1"},
				"south": {"uv": [6, 9, 6.5, 9.75], "texture": "#1"},
				"west": {"uv": [6, 9, 6.5, 9.75], "rotation": 270, "texture": "#1"},
				"up": {"uv": [6, 9, 6.5, 9.75], "texture": "#1"},
				"down": {"uv": [6, 9, 6.5, 9.75], "rotation": 180, "texture": "#1"}
			}
		},
		{
			"from": [7.7, 0.7686, 2.85177],
			"to": [8.3, 1.3186, 5.10177],
			"rotation": {"angle": 0, "axis": "y", "origin": [8, 5.1436, 4.72677]},
			"faces": {
				"north": {"uv": [6, 9, 6.5, 9.75], "rotation": 180, "texture": "#1"},
				"east": {"uv": [6, 9, 6.5, 9.75], "rotation": 90, "texture": "#1"},
				"south": {"uv": [6, 9, 6.5, 9.75], "texture": "#1"},
				"west": {"uv": [6, 9, 6.5, 9.75], "rotation": 270, "texture": "#1"},
				"up": {"uv": [6, 9, 6.5, 9.75], "texture": "#1"},
				"down": {"uv": [6, 9, 6.5, 9.75], "rotation": 180, "texture": "#1"}
			}
		},
		{
			"from": [7.7, -2.9314, 1.85177],
			"to": [8.3, -2.3814, 3.60177],
			"rotation": {"angle": -45, "axis": "x", "origin": [8, 1.0436, 3.72677]},
			"faces": {
				"north": {"uv": [6, 9, 6.5, 9.75], "rotation": 180, "texture": "#1"},
				"east": {"uv": [6, 9, 6.5, 9.75], "rotation": 90, "texture": "#1"},
				"south": {"uv": [6, 9, 6.5, 9.75], "texture": "#1"},
				"west": {"uv": [6, 9, 6.5, 9.75], "rotation": 270, "texture": "#1"},
				"up": {"uv": [6, 9, 6.5, 9.75], "texture": "#1"},
				"down": {"uv": [6, 9, 6.5, 9.75], "rotation": 180, "texture": "#1"}
			}
		},
		{
			"from": [7.6, 1.61934, 5.70918],
			"to": [8.4, 3.86934, 6.45918],
			"rotation": {"angle": 22.5, "axis": "x", "origin": [8, 4.71934, 6.45918]},
			"faces": {
				"north": {"uv": [6, 9, 6.5, 9.75], "rotation": 180, "texture": "#1"},
				"east": {"uv": [6, 9, 6.5, 9.75], "rotation": 180, "texture": "#1"},
				"south": {"uv": [6, 9, 6.5, 9.75], "rotation": 180, "texture": "#1"},
				"west": {"uv": [6, 9, 6.5, 9.75], "rotation": 180, "texture": "#1"},
				"up": {"uv": [6, 9, 6.5, 9.75], "texture": "#1"},
				"down": {"uv": [6, 9, 6.5, 9.75], "texture": "#1"}
			}
		},
		{
			"from": [7.6, -1.00922, 4.60562],
			"to": [8.4, 2.24078, 5.35562],
			"rotation": {"angle": 0, "axis": "y", "origin": [8, 4.36578, 6.10562]},
			"faces": {
				"north": {"uv": [6, 9, 6.5, 9.75], "rotation": 180, "texture": "#1"},
				"east": {"uv": [6, 9, 6.5, 9.75], "rotation": 180, "texture": "#1"},
				"south": {"uv": [6, 9, 6.5, 9.75], "rotation": 180, "texture": "#1"},
				"west": {"uv": [6, 9, 6.5, 9.75], "rotation": 180, "texture": "#1"},
				"up": {"uv": [6, 9, 6.5, 9.75], "texture": "#1"},
				"down": {"uv": [6, 9, 6.5, 9.75], "texture": "#1"}
			}
		},
		{
			"from": [7.6, -2.50045, 5.24436],
			"to": [8.4, -0.42545, 5.99436],
			"rotation": {"angle": -45, "axis": "x", "origin": [8, -1.46295, 5.61936]},
			"faces": {
				"north": {"uv": [6, 9, 6.5, 9.75], "rotation": 180, "texture": "#1"},
				"east": {"uv": [6, 9, 6.5, 9.75], "rotation": 180, "texture": "#1"},
				"south": {"uv": [6, 9, 6.5, 9.75], "rotation": 180, "texture": "#1"},
				"west": {"uv": [6, 9, 6.5, 9.75], "rotation": 180, "texture": "#1"},
				"up": {"uv": [6, 9, 6.5, 9.75], "texture": "#1"},
				"down": {"uv": [6, 9, 6.5, 9.75], "texture": "#1"}
			}
		},
		{
			"from": [7.6, -6.37545, 5.59436],
			"to": [8.4, -2.30045, 6.34436],
			"rotation": {"angle": -22.5, "axis": "x", "origin": [8, -1.46295, 5.61936]},
			"faces": {
				"north": {"uv": [6, 9, 6.5, 9.75], "rotation": 180, "texture": "#1"},
				"east": {"uv": [6, 9, 6.5, 9.75], "rotation": 180, "texture": "#1"},
				"south": {"uv": [6, 9, 6.5, 9.75], "rotation": 180, "texture": "#1"},
				"west": {"uv": [6, 9, 6.5, 9.75], "rotation": 180, "texture": "#1"},
				"up": {"uv": [6, 9, 6.5, 9.75], "texture": "#1"},
				"down": {"uv": [6, 9, 6.5, 9.75], "texture": "#1"}
			}
		},
		{
			"from": [7.6, 13.35, 9.45],
			"to": [8.4, 16.5, 10.7],
			"rotation": {"angle": 22.5, "axis": "x", "origin": [8, 16.5, 8.775]},
			"faces": {
				"north": {"uv": [2.25, 9, 3.75, 10], "texture": "#1"},
				"east": {"uv": [2.25, 9, 3.75, 10], "texture": "#1"},
				"south": {"uv": [2.25, 9, 3.75, 10], "texture": "#1"},
				"west": {"uv": [2.25, 9, 3.75, 10], "texture": "#1"},
				"up": {"uv": [2.25, 9, 3.75, 10], "texture": "#1"},
				"down": {"uv": [2.25, 9, 3.75, 10], "texture": "#1"}
			}
		},
		{
			"from": [7.5, 11.35, 10.25],
			"to": [8.5, 14.5, 11.7],
			"rotation": {"angle": 22.5, "axis": "x", "origin": [8, 16.5, 8.775]},
			"faces": {
				"north": {"uv": [2.25, 9, 3.75, 10], "texture": "#1"},
				"east": {"uv": [2.25, 9, 3.75, 10], "texture": "#1"},
				"south": {"uv": [2.25, 9, 3.75, 10], "texture": "#1"},
				"west": {"uv": [2.25, 9, 3.75, 10], "texture": "#1"},
				"up": {"uv": [2.25, 9, 3.75, 10], "texture": "#1"},
				"down": {"uv": [2.25, 9, 3.75, 10], "texture": "#1"}
			}
		},
		{
			"from": [7.4, 7.9, 11],
			"to": [8.6, 12.75, 12.45],
			"rotation": {"angle": 22.5, "axis": "x", "origin": [8, 16.5, 8.775]},
			"faces": {
				"north": {"uv": [2.25, 9, 3.75, 10], "texture": "#1"},
				"east": {"uv": [2.25, 9, 3.75, 10], "texture": "#1"},
				"south": {"uv": [2.25, 9, 3.75, 10], "texture": "#1"},
				"west": {"uv": [2.25, 9, 3.75, 10], "texture": "#1"},
				"up": {"uv": [2.25, 9, 3.75, 10], "texture": "#1"},
				"down": {"uv": [2.25, 9, 3.75, 10], "texture": "#1"}
			}
		},
		{
			"from": [7.7, 11.36589, 10.32229],
			"to": [8.3, 12.46589, 10.97229],
			"rotation": {"angle": 45, "axis": "x", "origin": [8, 12.37839, 10.44729]},
			"faces": {
				"north": {"uv": [6, 9, 6.5, 9.75], "texture": "#1"},
				"east": {"uv": [6, 9, 6.5, 9.75], "texture": "#1"},
				"south": {"uv": [6, 9, 6.5, 9.75], "texture": "#1"},
				"west": {"uv": [6, 9, 6.5, 9.75], "texture": "#1"},
				"up": {"uv": [6, 9, 6.5, 9.75], "texture": "#1"},
				"down": {"uv": [6, 9, 6.5, 9.75], "texture": "#1"}
			}
		},
		{
			"from": [7.8, 12.46589, 10.42229],
			"to": [8.2, 13.21589, 10.87229],
			"rotation": {"angle": 45, "axis": "x", "origin": [8, 12.37839, 10.44729]},
			"faces": {
				"north": {"uv": [6, 9, 6.5, 9.75], "texture": "#1"},
				"east": {"uv": [6, 9, 6.5, 9.75], "texture": "#1"},
				"south": {"uv": [6, 9, 6.5, 9.75], "texture": "#1"},
				"west": {"uv": [6, 9, 6.5, 9.75], "texture": "#1"},
				"up": {"uv": [6, 9, 6.5, 9.75], "texture": "#1"},
				"down": {"uv": [6, 9, 6.5, 9.75], "texture": "#1"}
			}
		},
		{
			"from": [7.7, 12.66589, 8.82229],
			"to": [8.3, 13.76589, 9.47229],
			"rotation": {"angle": 45, "axis": "x", "origin": [8, 12.37839, 10.44729]},
			"faces": {
				"north": {"uv": [6, 9, 6.5, 9.75], "texture": "#1"},
				"east": {"uv": [6, 9, 6.5, 9.75], "texture": "#1"},
				"south": {"uv": [6, 9, 6.5, 9.75], "texture": "#1"},
				"west": {"uv": [6, 9, 6.5, 9.75], "texture": "#1"},
				"up": {"uv": [6, 9, 6.5, 9.75], "texture": "#1"},
				"down": {"uv": [6, 9, 6.5, 9.75], "texture": "#1"}
			}
		},
		{
			"from": [7.8, 13.76589, 8.92229],
			"to": [8.2, 14.51589, 9.37229],
			"rotation": {"angle": 45, "axis": "x", "origin": [8, 12.37839, 10.44729]},
			"faces": {
				"north": {"uv": [6, 9, 6.5, 9.75], "texture": "#1"},
				"east": {"uv": [6, 9, 6.5, 9.75], "texture": "#1"},
				"south": {"uv": [6, 9, 6.5, 9.75], "texture": "#1"},
				"west": {"uv": [6, 9, 6.5, 9.75], "texture": "#1"},
				"up": {"uv": [6, 9, 6.5, 9.75], "texture": "#1"},
				"down": {"uv": [6, 9, 6.5, 9.75], "texture": "#1"}
			}
		},
		{
			"from": [7.7, 14.16589, 7.12229],
			"to": [8.3, 15.26589, 7.77229],
			"rotation": {"angle": 45, "axis": "x", "origin": [8, 12.37839, 10.44729]},
			"faces": {
				"north": {"uv": [6, 9, 6.5, 9.75], "texture": "#1"},
				"east": {"uv": [6, 9, 6.5, 9.75], "texture": "#1"},
				"south": {"uv": [6, 9, 6.5, 9.75], "texture": "#1"},
				"west": {"uv": [6, 9, 6.5, 9.75], "texture": "#1"},
				"up": {"uv": [6, 9, 6.5, 9.75], "texture": "#1"},
				"down": {"uv": [6, 9, 6.5, 9.75], "texture": "#1"}
			}
		},
		{
			"from": [7.8, 15.26589, 7.22229],
			"to": [8.2, 16.01589, 7.67229],
			"rotation": {"angle": 45, "axis": "x", "origin": [8, 12.37839, 10.44729]},
			"faces": {
				"north": {"uv": [6, 9, 6.5, 9.75], "texture": "#1"},
				"east": {"uv": [6, 9, 6.5, 9.75], "texture": "#1"},
				"south": {"uv": [6, 9, 6.5, 9.75], "texture": "#1"},
				"west": {"uv": [6, 9, 6.5, 9.75], "texture": "#1"},
				"up": {"uv": [6, 9, 6.5, 9.75], "texture": "#1"},
				"down": {"uv": [6, 9, 6.5, 9.75], "texture": "#1"}
			}
		},
		{
			"from": [7.35, 9, 7.675],
			"to": [8.65, 23, 9.45],
			"faces": {
				"north": {"uv": [2.25, 9, 3.75, 10], "texture": "#1"},
				"east": {"uv": [2.25, 9, 3.75, 10], "texture": "#1"},
				"south": {"uv": [2.25, 9, 3.75, 10], "texture": "#1"},
				"west": {"uv": [2.25, 9, 3.75, 10], "texture": "#1"},
				"up": {"uv": [2.25, 9, 3.75, 10], "texture": "#1"},
				"down": {"uv": [2.25, 9, 3.75, 10], "texture": "#1"}
			}
		},
		{
			"from": [7.15, 5.175, 7.775],
			"to": [8.85, 6.725, 9.775],
			"rotation": {"angle": -22.5, "axis": "x", "origin": [8, 6.25, 8.775]},
			"faces": {
				"north": {"uv": [2.25, 9, 3.75, 10], "rotation": 180, "texture": "#1"},
				"east": {"uv": [2.25, 9, 3.75, 10], "rotation": 270, "texture": "#1"},
				"south": {"uv": [2.25, 9, 3.75, 10], "texture": "#1"},
				"west": {"uv": [2.25, 9, 3.75, 10], "rotation": 90, "texture": "#1"},
				"up": {"uv": [2.25, 9, 3.75, 10], "rotation": 180, "texture": "#1"},
				"down": {"uv": [2.25, 9, 3.75, 10], "texture": "#1"}
			}
		},
		{
			"from": [7.4, 5.425, 9.775],
			"to": [8.6, 6.475, 11.025],
			"rotation": {"angle": -22.5, "axis": "x", "origin": [8, 6.25, 8.775]},
			"faces": {
				"north": {"uv": [2.25, 9, 3.75, 10], "rotation": 180, "texture": "#1"},
				"east": {"uv": [2.25, 9, 3.75, 10], "rotation": 270, "texture": "#1"},
				"south": {"uv": [2.25, 9, 3.75, 10], "texture": "#1"},
				"west": {"uv": [2.25, 9, 3.75, 10], "rotation": 90, "texture": "#1"},
				"up": {"uv": [2.25, 9, 3.75, 10], "rotation": 180, "texture": "#1"},
				"down": {"uv": [2.25, 9, 3.75, 10], "texture": "#1"}
			}
		},
		{
			"from": [7.65, 7.09805, 10.82096],
			"to": [8.35, 7.64805, 12.07096],
			"rotation": {"angle": -45, "axis": "x", "origin": [8, 7.07305, 11.54596]},
			"faces": {
				"north": {"uv": [2.25, 9, 3.75, 10], "rotation": 180, "texture": "#1"},
				"east": {"uv": [2.25, 9, 3.75, 10], "rotation": 270, "texture": "#1"},
				"south": {"uv": [2.25, 9, 3.75, 10], "texture": "#1"},
				"west": {"uv": [2.25, 9, 3.75, 10], "rotation": 90, "texture": "#1"},
				"up": {"uv": [2.25, 9, 3.75, 10], "rotation": 180, "texture": "#1"},
				"down": {"uv": [2.25, 9, 3.75, 10], "texture": "#1"}
			}
		},
		{
			"from": [7.6, 7, 6.95],
			"to": [8.4, 23, 7.7],
			"faces": {
				"north": {"uv": [2.25, 9, 3.75, 10], "texture": "#1"},
				"east": {"uv": [2.25, 9, 3.75, 10], "texture": "#1"},
				"south": {"uv": [2.25, 9, 3.75, 10], "texture": "#1"},
				"west": {"uv": [2.25, 9, 3.75, 10], "texture": "#1"},
				"up": {"uv": [2.25, 9, 3.75, 10], "texture": "#1"},
				"down": {"uv": [2.25, 9, 3.75, 10], "texture": "#1"}
			}
		},
		{
			"from": [7.6, 23, 7.45],
			"to": [8.4, 28, 9.35],
			"faces": {
				"north": {"uv": [2.25, 9, 3.75, 10], "texture": "#1"},
				"east": {"uv": [2.25, 9, 3.75, 10], "texture": "#1"},
				"south": {"uv": [2.25, 9, 3.75, 10], "texture": "#1"},
				"west": {"uv": [2.25, 9, 3.75, 10], "texture": "#1"},
				"up": {"uv": [2.25, 9, 3.75, 10], "texture": "#1"},
				"down": {"uv": [2.25, 9, 3.75, 10], "texture": "#1"}
			}
		},
		{
			"from": [7.6, 28, 7.95],
			"to": [8.4, 29.5, 9.1],
			"faces": {
				"north": {"uv": [2.75, 9.25, 3.25, 9.75], "texture": "#1"},
				"east": {"uv": [2.75, 9.25, 3.25, 9.75], "texture": "#1"},
				"south": {"uv": [2.75, 9.25, 3.25, 9.75], "texture": "#1"},
				"west": {"uv": [2.75, 9.25, 3.25, 9.75], "texture": "#1"},
				"up": {"uv": [2.75, 9.25, 3.25, 9.75], "texture": "#1"},
				"down": {"uv": [2.75, 9.25, 3.25, 9.75], "texture": "#1"}
			}
		},
		{
			"from": [7.85, 8, 6.2],
			"to": [8.15, 23, 6.95],
			"faces": {
				"north": {"uv": [1.5, 10.5, 3, 11.5], "texture": "#1"},
				"east": {"uv": [1.5, 10.5, 3, 11.5], "texture": "#1"},
				"south": {"uv": [1.5, 10.5, 3, 11.5], "texture": "#1"},
				"west": {"uv": [1.5, 10.5, 3, 11.5], "texture": "#1"},
				"up": {"uv": [1.5, 10.5, 3, 11.5], "texture": "#1"},
				"down": {"uv": [1.5, 10.5, 3, 11.5], "texture": "#1"}
			}
		},
		{
			"from": [7.85, 23, 6.7],
			"to": [8.15, 28, 7.45],
			"faces": {
				"north": {"uv": [1.5, 10.5, 3, 11.5], "texture": "#1"},
				"east": {"uv": [1.5, 10.5, 3, 11.5], "texture": "#1"},
				"south": {"uv": [1.5, 10.5, 3, 11.5], "texture": "#1"},
				"west": {"uv": [1.5, 10.5, 3, 11.5], "texture": "#1"},
				"up": {"uv": [1.5, 10.5, 3, 11.5], "texture": "#1"},
				"down": {"uv": [1.5, 10.5, 3, 11.5], "texture": "#1"}
			}
		},
		{
			"from": [7.85, 28, 7.2],
			"to": [8.15, 29.5, 7.95],
			"faces": {
				"north": {"uv": [1.5, 10.5, 3, 11.5], "texture": "#1"},
				"east": {"uv": [1.5, 10.5, 3, 11.5], "texture": "#1"},
				"south": {"uv": [1.5, 10.5, 3, 11.5], "texture": "#1"},
				"west": {"uv": [1.5, 10.5, 3, 11.5], "texture": "#1"},
				"up": {"uv": [1.5, 10.5, 3, 11.5], "texture": "#1"},
				"down": {"uv": [1.5, 10.5, 3, 11.5], "texture": "#1"}
			}
		},
		{
			"from": [7.85, 29.5, 7.65],
			"to": [8.15, 30.55, 9],
			"faces": {
				"north": {"uv": [1.5, 10.5, 3, 11.5], "texture": "#1"},
				"east": {"uv": [1.5, 10.5, 3, 11.5], "texture": "#1"},
				"south": {"uv": [1.5, 10.5, 3, 11.5], "texture": "#1"},
				"west": {"uv": [1.5, 10.5, 3, 11.5], "texture": "#1"},
				"up": {"uv": [1.5, 10.5, 3, 11.5], "texture": "#1"},
				"down": {"uv": [1.5, 10.5, 3, 11.5], "texture": "#1"}
			}
		},
		{
			"from": [7.85, 30.55, 8.15],
			"to": [8.15, 31.3, 8.9],
			"faces": {
				"north": {"uv": [1.5, 10.5, 3, 11.5], "texture": "#1"},
				"east": {"uv": [1.5, 10.5, 3, 11.5], "texture": "#1"},
				"south": {"uv": [1.5, 10.5, 3, 11.5], "texture": "#1"},
				"west": {"uv": [1.5, 10.5, 3, 11.5], "texture": "#1"},
				"up": {"uv": [1.5, 10.5, 3, 11.5], "texture": "#1"},
				"down": {"uv": [1.5, 10.5, 3, 11.5], "texture": "#1"}
			}
		}
	],
	"display": {
		"thirdperson_righthand": {
			"rotation": [-22, -55, 92],
			"translation": [-3.5, -6, 8.5]
		},
		"thirdperson_lefthand": {
			"rotation": [-22, -55, 92],
			"translation": [-3.5, -6, 8.5]
		},
		"firstperson_righthand": {
			"scale": [0, 0, 0]
		},
		"firstperson_lefthand": {
			"scale": [0, 0, 0]
		},
		"ground": {
			"rotation": [-45, 0, 0],
			"translation": [0, 8, 0]
		},
		"gui": {
			"rotation": [90, 45, -90],
			"translation": [-2, -1.5, 0],
			"scale": [0.6, 0.6, 0.6]
		},
		"fixed": {
			"rotation": [90, -45, 90],
			"translation": [2, -1.75, -0.5],
			"scale": [0.65, 0.65, 0.65]
		}
	},
	"groups": [
		{
			"name": "sword",
			"origin": [0, 0, 0],
			"color": 0,
			"children": [
				{
					"name": "group",
					"origin": [0, 0, 0],
					"color": 0,
					"children": [0, 1, 2, 3]
				},
				4,
				5,
				6,
				7,
				8,
				9,
				10,
				11,
				12,
				13,
				{
					"name": "group",
					"origin": [8, 8.65459, 6.24534],
					"color": 0,
					"children": [14, 15, 16, 17, 18, 19, 20, 21]
				},
				{
					"name": "group",
					"origin": [0, 0, 0],
					"color": 0,
					"children": [22, 23, 24, 25, 26, 27, 28, 29, 30]
				},
				{
					"name": "group",
					"origin": [0, 0, 0],
					"color": 0,
					"children": [31, 32, 33, 34, 35, 36, 37, 38, 39, 40, 41, 42]
				}
			]
		}
	]
}