{
	"credit": "Made with Blockbench",
	"texture_size": [32, 32],
	"textures": {
		"0": "reia/head",
		"particle": "reia/head"
	},
	"elements": [
		{
			"from": [5.82374, 5.88293, 8.86043],
			"to": [10.16243, 8.75345, 17.71752],
			"rotation": {"angle": 0, "axis": "y", "origin": [11.20283, 10.07548, -23.16052]},
			"faces": {
				"north": {"uv": [8.5, 1.75, 9.5, 3], "texture": "#0"},
				"east": {"uv": [8.5, 1.75, 9.5, 3], "texture": "#0"},
				"south": {"uv": [8.5, 1.75, 9.5, 3], "texture": "#0"},
				"west": {"uv": [8.5, 1.75, 9.5, 3], "texture": "#0"},
				"up": {"uv": [8.5, 1.75, 9.5, 3], "texture": "#0"},
				"down": {"uv": [8.5, 1.75, 9.5, 3], "texture": "#0"}
			}
		},
		{
			"from": [6.69734, 5.22773, 9.07883],
			"to": [9.28883, 9.40865, 16.62552],
			"rotation": {"angle": 0, "axis": "y", "origin": [11.20283, 10.07548, -23.16052]},
			"faces": {
				"north": {"uv": [8.5, 1.75, 9.5, 3], "texture": "#0"},
				"east": {"uv": [8.5, 1.75, 9.5, 3], "texture": "#0"},
				"south": {"uv": [8.5, 1.75, 9.5, 3], "texture": "#0"},
				"west": {"uv": [8.5, 1.75, 9.5, 3], "texture": "#0"},
				"up": {"uv": [7.25, 0.5, 8.75, 1.5], "texture": "#0"},
				"down": {"uv": [8.5, 1.75, 9.5, 3], "texture": "#0"}
			}
		},
		{
			"from": [7.37074, 6.61093, 17.05043],
			"to": [8.61543, 8.02545, 21.26652],
			"rotation": {"angle": 0, "axis": "y", "origin": [11.20283, 10.07548, -23.16052]},
			"faces": {
				"north": {"uv": [8.5, 1.75, 9.5, 3], "texture": "#0"},
				"east": {"uv": [8.5, 1.75, 9.5, 3], "texture": "#0"},
				"south": {"uv": [8.5, 1.75, 9.5, 3], "texture": "#0"},
				"west": {"uv": [8.5, 1.75, 9.5, 3], "texture": "#0"},
				"up": {"uv": [8.5, 1.75, 9.5, 3], "texture": "#0"},
				"down": {"uv": [8.5, 1.75, 9.5, 3], "texture": "#0"}
			}
		},
		{
			"from": [5.27774, 6.42893, 9.40643],
			"to": [10.70843, 8.20745, 16.62552],
			"rotation": {"angle": 0, "axis": "y", "origin": [11.20283, 10.07548, -23.16052]},
			"faces": {
				"north": {"uv": [8.5, 1.75, 9.5, 3], "texture": "#0"},
				"east": {"uv": [8.5, 1.75, 9.5, 3], "texture": "#0"},
				"south": {"uv": [8.5, 1.75, 9.5, 3], "texture": "#0"},
				"west": {"uv": [8.5, 1.75, 9.5, 3], "texture": "#0"},
				"up": {"uv": [8.5, 1.75, 9.5, 3], "texture": "#0"},
				"down": {"uv": [8.5, 1.75, 9.5, 3], "texture": "#0"}
			}
		},
		{
			"from": [1.71168, 6.3754, 8.94752],
			"to": [4.33949, 7.90496, 10.90591],
			"rotation": {"angle": -22.5, "axis": "y", "origin": [3.30568, 7.14018, 13.66136]},
			"faces": {
				"north": {"uv": [8.5, 1.75, 9.5, 3], "rotation": 270, "texture": "#0"},
				"east": {"uv": [8.5, 1.75, 9.5, 3], "rotation": 270, "texture": "#0"},
				"south": {"uv": [8.5, 1.75, 9.5, 3], "rotation": 270, "texture": "#0"},
				"west": {"uv": [8.5, 1.75, 9.5, 3], "rotation": 270, "texture": "#0"},
				"up": {"uv": [8.5, 1.75, 9.5, 3], "rotation": 270, "texture": "#0"},
				"down": {"uv": [8.5, 1.75, 9.5, 3], "rotation": 270, "texture": "#0"}
			}
		},
		{
			"from": [0.34231, 6.62437, 9.44547],
			"to": [1.84973, 7.65598, 10.40796],
			"rotation": {"angle": -22.5, "axis": "y", "origin": [3.30568, 7.14018, 13.66136]},
			"faces": {
				"north": {"uv": [0, 3.25, 1, 4.25], "rotation": 270, "texture": "#0"},
				"east": {"uv": [0, 3.25, 1, 4.25], "rotation": 270, "texture": "#0"},
				"south": {"uv": [0, 3.25, 1, 4.25], "rotation": 270, "texture": "#0"},
				"west": {"uv": [0, 3.25, 1, 4.25], "rotation": 270, "texture": "#0"},
				"up": {"uv": [0, 3.25, 1, 4.25], "rotation": 270, "texture": "#0"},
				"down": {"uv": [0, 3.25, 1, 4.25], "rotation": 270, "texture": "#0"}
			}
		},
		{
			"from": [-0.90257, 6.87335, 9.69445],
			"to": [0.60485, 7.407, 10.15898],
			"rotation": {"angle": -22.5, "axis": "y", "origin": [3.30568, 7.14018, 13.66136]},
			"faces": {
				"north": {"uv": [0, 3.25, 1, 4.25], "rotation": 270, "texture": "#0"},
				"east": {"uv": [0, 3.25, 1, 4.25], "rotation": 270, "texture": "#0"},
				"south": {"uv": [0, 3.25, 1, 4.25], "rotation": 270, "texture": "#0"},
				"west": {"uv": [0, 3.25, 1, 4.25], "rotation": 270, "texture": "#0"},
				"up": {"uv": [0, 3.25, 1, 4.25], "rotation": 270, "texture": "#0"},
				"down": {"uv": [0, 3.25, 1, 4.25], "rotation": 270, "texture": "#0"}
			}
		},
		{
			"from": [2.33412, 6.3754, 12.05972],
			"to": [5.58437, 7.90496, 14.01811],
			"rotation": {"angle": 0, "axis": "y", "origin": [3.30568, 7.14018, 13.66136]},
			"faces": {
				"north": {"uv": [8.5, 1.75, 9.5, 3], "rotation": 270, "texture": "#0"},
				"east": {"uv": [8.5, 1.75, 9.5, 3], "rotation": 270, "texture": "#0"},
				"south": {"uv": [8.5, 1.75, 9.5, 3], "rotation": 270, "texture": "#0"},
				"west": {"uv": [8.5, 1.75, 9.5, 3], "rotation": 270, "texture": "#0"},
				"up": {"uv": [8.5, 1.75, 9.5, 3], "rotation": 270, "texture": "#0"},
				"down": {"uv": [8.5, 1.75, 9.5, 3], "rotation": 270, "texture": "#0"}
			}
		},
		{
			"from": [-0.28013, 6.62437, 12.43319],
			"to": [2.47217, 7.65598, 13.64465],
			"rotation": {"angle": 0, "axis": "y", "origin": [3.30568, 7.14018, 13.66136]},
			"faces": {
				"north": {"uv": [0, 3.25, 1, 4.25], "rotation": 270, "texture": "#0"},
				"east": {"uv": [0, 3.25, 1, 4.25], "rotation": 270, "texture": "#0"},
				"south": {"uv": [0, 3.25, 1, 4.25], "rotation": 270, "texture": "#0"},
				"west": {"uv": [0, 3.25, 1, 4.25], "rotation": 270, "texture": "#0"},
				"up": {"uv": [0, 3.25, 1, 4.25], "rotation": 270, "texture": "#0"},
				"down": {"uv": [0, 3.25, 1, 4.25], "rotation": 270, "texture": "#0"}
			}
		},
		{
			"from": [-2.04371, 6.87335, 12.68216],
			"to": [-0.07984, 7.53149, 13.39567],
			"rotation": {"angle": 22.5, "axis": "z", "origin": [-0.14886, 7.14018, 13.03892]},
			"faces": {
				"north": {"uv": [0, 3.25, 1, 4.25], "rotation": 270, "texture": "#0"},
				"east": {"uv": [0, 3.25, 1, 4.25], "rotation": 270, "texture": "#0"},
				"south": {"uv": [0, 3.25, 1, 4.25], "rotation": 270, "texture": "#0"},
				"west": {"uv": [0, 3.25, 1, 4.25], "rotation": 270, "texture": "#0"},
				"up": {"uv": [0, 3.25, 1, 4.25], "rotation": 270, "texture": "#0"},
				"down": {"uv": [0, 3.25, 1, 4.25], "rotation": 270, "texture": "#0"}
			}
		},
		{
			"from": [2.33412, 6.3754, 15.17192],
			"to": [6.82925, 7.90496, 17.13031],
			"rotation": {"angle": 22.5, "axis": "y", "origin": [3.30568, 7.14018, 13.66136]},
			"faces": {
				"north": {"uv": [8.5, 1.75, 9.5, 3], "rotation": 270, "texture": "#0"},
				"east": {"uv": [8.5, 1.75, 9.5, 3], "rotation": 270, "texture": "#0"},
				"south": {"uv": [8.5, 1.75, 9.5, 3], "rotation": 270, "texture": "#0"},
				"west": {"uv": [8.5, 1.75, 9.5, 3], "rotation": 270, "texture": "#0"},
				"up": {"uv": [8.5, 1.75, 9.5, 3], "rotation": 270, "texture": "#0"},
				"down": {"uv": [8.5, 1.75, 9.5, 3], "rotation": 270, "texture": "#0"}
			}
		},
		{
			"from": [0.96475, 6.62437, 15.66987],
			"to": [2.47217, 7.65598, 16.63236],
			"rotation": {"angle": 22.5, "axis": "y", "origin": [3.30568, 7.14018, 13.66136]},
			"faces": {
				"north": {"uv": [0, 3.25, 1, 4.25], "rotation": 270, "texture": "#0"},
				"east": {"uv": [0, 3.25, 1, 4.25], "rotation": 270, "texture": "#0"},
				"south": {"uv": [0, 3.25, 1, 4.25], "rotation": 270, "texture": "#0"},
				"west": {"uv": [0, 3.25, 1, 4.25], "rotation": 270, "texture": "#0"},
				"up": {"uv": [0, 3.25, 1, 4.25], "rotation": 270, "texture": "#0"},
				"down": {"uv": [0, 3.25, 1, 4.25], "rotation": 270, "texture": "#0"}
			}
		},
		{
			"from": [-0.90257, 6.87335, 15.91885],
			"to": [1.22729, 7.407, 16.38338],
			"rotation": {"angle": 22.5, "axis": "y", "origin": [3.30568, 7.14018, 13.66136]},
			"faces": {
				"north": {"uv": [0, 3.25, 1, 4.25], "rotation": 270, "texture": "#0"},
				"east": {"uv": [0, 3.25, 1, 4.25], "rotation": 270, "texture": "#0"},
				"south": {"uv": [0, 3.25, 1, 4.25], "rotation": 270, "texture": "#0"},
				"west": {"uv": [0, 3.25, 1, 4.25], "rotation": 270, "texture": "#0"},
				"up": {"uv": [0, 3.25, 1, 4.25], "rotation": 270, "texture": "#0"},
				"down": {"uv": [0, 3.25, 1, 4.25], "rotation": 270, "texture": "#0"}
			}
		},
		{
			"from": [11.64668, 6.3754, 8.94752],
			"to": [14.27449, 7.90496, 10.90591],
			"rotation": {"angle": 22.5, "axis": "y", "origin": [12.68048, 7.14018, 13.66136]},
			"faces": {
				"north": {"uv": [8.5, 3, 9.5, 1.75], "rotation": 270, "texture": "#0"},
				"east": {"uv": [8.5, 3, 9.5, 1.75], "rotation": 270, "texture": "#0"},
				"south": {"uv": [8.5, 3, 9.5, 1.75], "rotation": 270, "texture": "#0"},
				"west": {"uv": [8.5, 3, 9.5, 1.75], "rotation": 270, "texture": "#0"},
				"up": {"uv": [8.5, 3, 9.5, 1.75], "rotation": 270, "texture": "#0"},
				"down": {"uv": [8.5, 3, 9.5, 1.75], "rotation": 270, "texture": "#0"}
			}
		},
		{
			"from": [14.13644, 6.62437, 9.44547],
			"to": [15.64385, 7.65598, 10.40796],
			"rotation": {"angle": 22.5, "axis": "y", "origin": [12.68048, 7.14018, 13.66136]},
			"faces": {
				"north": {"uv": [0, 4.25, 1, 3.25], "rotation": 270, "texture": "#0"},
				"east": {"uv": [0, 4.25, 1, 3.25], "rotation": 270, "texture": "#0"},
				"south": {"uv": [0, 4.25, 1, 3.25], "rotation": 270, "texture": "#0"},
				"west": {"uv": [0, 4.25, 1, 3.25], "rotation": 270, "texture": "#0"},
				"up": {"uv": [0, 4.25, 1, 3.25], "rotation": 270, "texture": "#0"},
				"down": {"uv": [0, 4.25, 1, 3.25], "rotation": 270, "texture": "#0"}
			}
		},
		{
			"from": [15.38132, 6.87335, 9.69445],
			"to": [16.88873, 7.407, 10.15898],
			"rotation": {"angle": 22.5, "axis": "y", "origin": [12.68048, 7.14018, 13.66136]},
			"faces": {
				"north": {"uv": [0, 4.25, 1, 3.25], "rotation": 270, "texture": "#0"},
				"east": {"uv": [0, 4.25, 1, 3.25], "rotation": 270, "texture": "#0"},
				"south": {"uv": [0, 4.25, 1, 3.25], "rotation": 270, "texture": "#0"},
				"west": {"uv": [0, 4.25, 1, 3.25], "rotation": 270, "texture": "#0"},
				"up": {"uv": [0, 4.25, 1, 3.25], "rotation": 270, "texture": "#0"},
				"down": {"uv": [0, 4.25, 1, 3.25], "rotation": 270, "texture": "#0"}
			}
		},
		{
			"from": [10.4018, 6.3754, 12.05972],
			"to": [13.65205, 7.90496, 14.01811],
			"rotation": {"angle": 0, "axis": "y", "origin": [12.68048, 7.14018, 13.66136]},
			"faces": {
				"north": {"uv": [8.5, 3, 9.5, 1.75], "rotation": 270, "texture": "#0"},
				"east": {"uv": [8.5, 3, 9.5, 1.75], "rotation": 270, "texture": "#0"},
				"south": {"uv": [8.5, 3, 9.5, 1.75], "rotation": 270, "texture": "#0"},
				"west": {"uv": [8.5, 3, 9.5, 1.75], "rotation": 270, "texture": "#0"},
				"up": {"uv": [8.5, 3, 9.5, 1.75], "rotation": 270, "texture": "#0"},
				"down": {"uv": [8.5, 3, 9.5, 1.75], "rotation": 270, "texture": "#0"}
			}
		},
		{
			"from": [13.514, 6.62437, 12.43319],
			"to": [16.26629, 7.65598, 13.64465],
			"rotation": {"angle": 0, "axis": "y", "origin": [12.68048, 7.14018, 13.66136]},
			"faces": {
				"north": {"uv": [0, 4.25, 1, 3.25], "rotation": 270, "texture": "#0"},
				"east": {"uv": [0, 4.25, 1, 3.25], "rotation": 270, "texture": "#0"},
				"south": {"uv": [0, 4.25, 1, 3.25], "rotation": 270, "texture": "#0"},
				"west": {"uv": [0, 4.25, 1, 3.25], "rotation": 270, "texture": "#0"},
				"up": {"uv": [0, 4.25, 1, 3.25], "rotation": 270, "texture": "#0"},
				"down": {"uv": [0, 4.25, 1, 3.25], "rotation": 270, "texture": "#0"}
			}
		},
		{
			"from": [16.066, 6.87335, 12.68216],
			"to": [18.02987, 7.53149, 13.39567],
			"rotation": {"angle": -22.5, "axis": "z", "origin": [16.13503, 7.14018, 13.03892]},
			"faces": {
				"north": {"uv": [0, 4.25, 1, 3.25], "rotation": 270, "texture": "#0"},
				"east": {"uv": [0, 4.25, 1, 3.25], "rotation": 270, "texture": "#0"},
				"south": {"uv": [0, 4.25, 1, 3.25], "rotation": 270, "texture": "#0"},
				"west": {"uv": [0, 4.25, 1, 3.25], "rotation": 270, "texture": "#0"},
				"up": {"uv": [0, 4.25, 1, 3.25], "rotation": 270, "texture": "#0"},
				"down": {"uv": [0, 4.25, 1, 3.25], "rotation": 270, "texture": "#0"}
			}
		},
		{
			"from": [9.15692, 6.3754, 15.17192],
			"to": [13.65205, 7.90496, 17.13031],
			"rotation": {"angle": -22.5, "axis": "y", "origin": [12.68048, 7.14018, 13.66136]},
			"faces": {
				"north": {"uv": [8.5, 3, 9.5, 1.75], "rotation": 270, "texture": "#0"},
				"east": {"uv": [8.5, 3, 9.5, 1.75], "rotation": 270, "texture": "#0"},
				"south": {"uv": [8.5, 3, 9.5, 1.75], "rotation": 270, "texture": "#0"},
				"west": {"uv": [8.5, 3, 9.5, 1.75], "rotation": 270, "texture": "#0"},
				"up": {"uv": [8.5, 3, 9.5, 1.75], "rotation": 270, "texture": "#0"},
				"down": {"uv": [8.5, 3, 9.5, 1.75], "rotation": 270, "texture": "#0"}
			}
		},
		{
			"from": [13.514, 6.62437, 15.66987],
			"to": [15.02141, 7.65598, 16.63236],
			"rotation": {"angle": -22.5, "axis": "y", "origin": [12.68048, 7.14018, 13.66136]},
			"faces": {
				"north": {"uv": [0, 4.25, 1, 3.25], "rotation": 270, "texture": "#0"},
				"east": {"uv": [0, 4.25, 1, 3.25], "rotation": 270, "texture": "#0"},
				"south": {"uv": [0, 4.25, 1, 3.25], "rotation": 270, "texture": "#0"},
				"west": {"uv": [0, 4.25, 1, 3.25], "rotation": 270, "texture": "#0"},
				"up": {"uv": [0, 4.25, 1, 3.25], "rotation": 270, "texture": "#0"},
				"down": {"uv": [0, 4.25, 1, 3.25], "rotation": 270, "texture": "#0"}
			}
		},
		{
			"from": [14.75888, 6.87335, 15.91885],
			"to": [16.88873, 7.407, 16.38338],
			"rotation": {"angle": -22.5, "axis": "y", "origin": [12.68048, 7.14018, 13.66136]},
			"faces": {
				"north": {"uv": [0, 4.25, 1, 3.25], "rotation": 270, "texture": "#0"},
				"east": {"uv": [0, 4.25, 1, 3.25], "rotation": 270, "texture": "#0"},
				"south": {"uv": [0, 4.25, 1, 3.25], "rotation": 270, "texture": "#0"},
				"west": {"uv": [0, 4.25, 1, 3.25], "rotation": 270, "texture": "#0"},
				"up": {"uv": [0, 4.25, 1, 3.25], "rotation": 270, "texture": "#0"},
				"down": {"uv": [0, 4.25, 1, 3.25], "rotation": 270, "texture": "#0"}
			}
		},
		{
			"from": [7.26069, 8.51198, 10.45073],
			"to": [8.72548, 10.86415, 11.81573],
			"rotation": {"angle": 22.5, "axis": "x", "origin": [7.99308, 10.58281, 11.37103]},
			"faces": {
				"north": {"uv": [9.5, 7.75, 10.5, 9], "rotation": 270, "texture": "#0"},
				"east": {"uv": [9.5, 7.75, 10.5, 9], "rotation": 270, "texture": "#0"},
				"south": {"uv": [9.5, 7.75, 10.5, 9], "rotation": 270, "texture": "#0"},
				"west": {"uv": [9.5, 7.75, 10.5, 9], "rotation": 270, "texture": "#0"},
				"up": {"uv": [9.5, 7.75, 10.5, 9], "rotation": 270, "texture": "#0"},
				"down": {"uv": [9.5, 7.75, 10.5, 9], "rotation": 270, "texture": "#0"}
			}
		},
		{
			"from": [7.62469, 10.29602, 10.88508],
			"to": [8.36148, 11.11502, 13.69225],
			"rotation": {"angle": -45, "axis": "x", "origin": [7.99308, 10.58281, 11.37103]},
			"faces": {
				"north": {"uv": [9.5, 7.75, 10.5, 9], "texture": "#0"},
				"east": {"uv": [9.5, 7.75, 10.5, 9], "texture": "#0"},
				"south": {"uv": [9.5, 7.75, 10.5, 9], "texture": "#0"},
				"west": {"uv": [9.5, 7.75, 10.5, 9], "texture": "#0"},
				"up": {"uv": [9.5, 7.75, 10.5, 9], "texture": "#0"},
				"down": {"uv": [9.5, 7.75, 10.5, 9], "texture": "#0"}
			}
		},
		{
			"from": [7.26069, 8.05698, 12.72573],
			"to": [8.72548, 10.40915, 14.09073],
			"rotation": {"angle": 45, "axis": "x", "origin": [7.99308, 10.12781, 13.64603]},
			"faces": {
				"north": {"uv": [9.5, 7.75, 10.5, 9], "rotation": 270, "texture": "#0"},
				"east": {"uv": [9.5, 7.75, 10.5, 9], "rotation": 270, "texture": "#0"},
				"south": {"uv": [9.5, 7.75, 10.5, 9], "rotation": 270, "texture": "#0"},
				"west": {"uv": [9.5, 7.75, 10.5, 9], "rotation": 270, "texture": "#0"},
				"up": {"uv": [9.5, 7.75, 10.5, 9], "rotation": 270, "texture": "#0"},
				"down": {"uv": [9.5, 7.75, 10.5, 9], "rotation": 270, "texture": "#0"}
			}
		},
		{
			"from": [7.62469, 9.84102, 13.16008],
			"to": [8.36148, 10.66002, 15.96725],
			"rotation": {"angle": -22.5, "axis": "x", "origin": [7.99308, 10.12781, 13.64603]},
			"faces": {
				"north": {"uv": [9.5, 7.75, 10.5, 9], "texture": "#0"},
				"east": {"uv": [9.5, 7.75, 10.5, 9], "texture": "#0"},
				"south": {"uv": [9.5, 7.75, 10.5, 9], "texture": "#0"},
				"west": {"uv": [9.5, 7.75, 10.5, 9], "texture": "#0"},
				"up": {"uv": [9.5, 7.75, 10.5, 9], "texture": "#0"},
				"down": {"uv": [9.5, 7.75, 10.5, 9], "texture": "#0"}
			}
		},
		{
			"from": [7.62469, 8.02102, 14.52508],
			"to": [8.36148, 8.84002, 17.33225],
			"rotation": {"angle": -22.5, "axis": "x", "origin": [7.99308, 10.12781, 13.64603]},
			"faces": {
				"north": {"uv": [9.5, 7.75, 10.5, 9], "texture": "#0"},
				"east": {"uv": [9.5, 7.75, 10.5, 9], "texture": "#0"},
				"south": {"uv": [9.5, 7.75, 10.5, 9], "texture": "#0"},
				"west": {"uv": [9.5, 7.75, 10.5, 9], "texture": "#0"},
				"up": {"uv": [9.5, 7.75, 10.5, 9], "texture": "#0"},
				"down": {"uv": [9.5, 7.75, 10.5, 9], "texture": "#0"}
			}
		},
		{
			"from": [6.02748, 6.00493, 15.82416],
			"to": [9.95868, 8.64393, 25.10616],
			"rotation": {"angle": 0, "axis": "y", "origin": [7.99308, 10.50943, -29.58484]},
			"faces": {
				"east": {"uv": [10.5, 5, 16, 7], "rotation": 90, "texture": "#0"},
				"west": {"uv": [10.5, 5, 16, 7], "rotation": 270, "texture": "#0"},
				"up": {"uv": [10.5, 5, 16, 7], "texture": "#0"},
				"down": {"uv": [10.5, 5, 16, 7], "rotation": 180, "texture": "#0"}
			}
		},
		{
			"from": [6.93748, 6.18693, 15.82416],
			"to": [9.04868, 8.46193, 27.71972],
			"rotation": {"angle": 0, "axis": "y", "origin": [7.99308, 10.50943, -29.58484]},
			"faces": {
				"east": {"uv": [10.5, 5, 16, 7], "rotation": 90, "texture": "#0"},
				"west": {"uv": [10.5, 5, 16, 7], "rotation": 270, "texture": "#0"},
				"up": {"uv": [10.5, 5, 16, 7], "texture": "#0"},
				"down": {"uv": [10.5, 5, 16, 7], "rotation": 180, "texture": "#0"}
			}
		},
		{
			"from": [4.57148, 6.27793, 14.00416],
			"to": [7.77468, 8.37093, 23.28616],
			"rotation": {"angle": -22.5, "axis": "y", "origin": [7.99308, 7.32443, 18.64516]},
			"faces": {
				"east": {"uv": [10.5, 5, 16, 7], "rotation": 90, "texture": "#0"},
				"west": {"uv": [10.5, 5, 16, 7], "rotation": 270, "texture": "#0"},
				"up": {"uv": [10.5, 5, 16, 7], "texture": "#0"},
				"down": {"uv": [10.5, 5, 16, 7], "rotation": 180, "texture": "#0"}
			}
		},
		{
			"from": [8.21148, 6.27793, 14.00416],
			"to": [11.41468, 8.37093, 23.28616],
			"rotation": {"angle": 22.5, "axis": "y", "origin": [7.99308, 7.32443, 18.64516]},
			"faces": {
				"east": {"uv": [10.5, 7, 16, 5], "rotation": 270, "texture": "#0"},
				"west": {"uv": [10.5, 7, 16, 5], "rotation": 90, "texture": "#0"},
				"up": {"uv": [16, 5, 10.5, 7], "texture": "#0"},
				"down": {"uv": [16, 5, 10.5, 7], "rotation": 180, "texture": "#0"}
			}
		},
		{
			"from": [11.39648, 6.27793, 14.00416],
			"to": [9.10328, 8.37093, 23.28616],
			"rotation": {"angle": 22.5, "axis": "y", "origin": [10.26808, 7.32443, 18.64516]},
			"faces": {
				"east": {"uv": [10.5, 7, 16, 5], "rotation": 270, "texture": "#0"},
				"west": {"uv": [10.5, 7, 16, 5], "rotation": 90, "texture": "#0"},
				"up": {"uv": [16, 5, 10.5, 7], "texture": "#0"},
				"down": {"uv": [16, 5, 10.5, 7], "rotation": 180, "texture": "#0"}
			}
		},
		{
			"from": [9.12148, 6.27793, 15.82416],
			"to": [6.82828, 8.37093, 25.10616],
			"rotation": {"angle": 0, "axis": "y", "origin": [10.26808, 10.50943, -29.58484]},
			"faces": {
				"east": {"uv": [10.5, 5, 16, 7], "rotation": 90, "texture": "#0"},
				"west": {"uv": [10.5, 5, 16, 7], "rotation": 270, "texture": "#0"},
				"up": {"uv": [10.5, 5, 16, 7], "texture": "#0"},
				"down": {"uv": [10.5, 5, 16, 7], "rotation": 180, "texture": "#0"}
			}
		},
		{
			"from": [6.84648, 6.27793, 14.00416],
			"to": [4.55328, 8.37093, 23.28616],
			"rotation": {"angle": -22.5, "axis": "y", "origin": [10.26808, 7.32443, 18.64516]},
			"faces": {
				"east": {"uv": [10.5, 5, 16, 7], "rotation": 90, "texture": "#0"},
				"west": {"uv": [10.5, 5, 16, 7], "rotation": 270, "texture": "#0"},
				"up": {"uv": [10.5, 5, 16, 7], "texture": "#0"},
				"down": {"uv": [10.5, 5, 16, 7], "rotation": 180, "texture": "#0"}
			}
		}
	],
	"display": {
		"head": {
			"translation": [0, -4.25, -8.5],
			"scale": [4, 4, 4]
		}
	},
	"groups": [
		{
			"name": "root",
			"origin": [8, 8, 8],
			"color": 0,
			"children": [
				{
					"name": "tail",
					"origin": [8, 8, 8],
					"color": 0,
					"children": [
						{
							"name": "2",
							"origin": [8, 8, 8],
							"color": 0,
							"children": [
								0,
								1,
								2,
								3,
								{
									"name": "group",
									"origin": [8, 8, 8],
									"color": 0,
									"children": [
										{
											"name": "group",
											"origin": [8, 9.01198, 22.15852],
											"color": 0,
											"children": [4, 5, 6]
										},
										{
											"name": "group",
											"origin": [8, 9.01198, 22.15852],
											"color": 0,
											"children": [7, 8, 9]
										},
										{
											"name": "group",
											"origin": [8, 9.01198, 22.15852],
											"color": 0,
											"children": [10, 11, 12]
										}
									]
								},
								{
									"name": "group",
									"origin": [8, 8, 8],
									"color": 0,
									"children": [
										{
											"name": "group",
											"origin": [8, 9.01198, 22.15852],
											"color": 0,
											"children": [13, 14, 15]
										},
										{
											"name": "group",
											"origin": [8, 9.01198, 22.15852],
											"color": 0,
											"children": [16, 17, 18]
										},
										{
											"name": "group",
											"origin": [8, 9.01198, 22.15852],
											"color": 0,
											"children": [19, 20, 21]
										}
									]
								},
								22,
								23,
								24,
								25,
								26,
								27,
								28,
								29,
								30,
								31,
								32,
								33
							]
						}
					]
				}
			]
		}
	]
}