{
	"credit": "Made with Blockbench",
	"texture_size": [32, 32],
	"textures": {
		"0": "reia/head",
		"2": "reia/wing_1",
		"particle": "reia/head"
	},
	"elements": [
		{
			"from": [-8.48783, 12.56325, 6.31297],
			"to": [-5.06441, 25.53461, 9.58424],
			"rotation": {"angle": -22.5, "axis": "z", "origin": [4.3382, 15, 8]},
			"faces": {
				"north": {"uv": [4.25, 9, 2, 10.5], "texture": "#0"},
				"east": {"uv": [4.25, 9, 2, 10.5], "texture": "#0"},
				"south": {"uv": [4.25, 9, 2, 10.5], "texture": "#0"},
				"west": {"uv": [4.25, 9, 2, 10.5], "texture": "#0"},
				"up": {"uv": [4.25, 9, 2, 10.5], "texture": "#0"},
				"down": {"uv": [4.25, 9, 2, 10.5], "texture": "#0"}
			}
		},
		{
			"from": [-0.78467, -0.5468, 7.51417],
			"to": [0.46658, 29.12929, 8.38304],
			"rotation": {"angle": 0, "axis": "y", "origin": [4.3382, 15, 8]},
			"faces": {
				"north": {"uv": [1.5, 11.75, 2.5, 10.75], "rotation": 90, "texture": "#0"},
				"east": {"uv": [1.5, 11.75, 2.5, 10.75], "rotation": 90, "texture": "#0"},
				"south": {"uv": [1.5, 11.75, 2.5, 10.75], "rotation": 90, "texture": "#0"},
				"west": {"uv": [1.5, 11.75, 2.5, 10.75], "rotation": 90, "texture": "#0"},
				"up": {"uv": [1.5, 11.75, 2.5, 10.75], "rotation": 90, "texture": "#0"},
				"down": {"uv": [1.5, 11.75, 2.5, 10.75], "rotation": 90, "texture": "#0"}
			}
		},
		{
			"from": [-6.42235, 26.07163, 7.51417],
			"to": [22.98464, 27.32288, 8.38304],
			"rotation": {"angle": -22.5, "axis": "z", "origin": [4.3382, 15, 8]},
			"faces": {
				"north": {"uv": [2.5, 10.75, 1.5, 11.75], "texture": "#0"},
				"east": {"uv": [2.5, 10.75, 1.5, 11.75], "rotation": 180, "texture": "#0"},
				"south": {"uv": [2.5, 10.75, 1.5, 11.75], "rotation": 180, "texture": "#0"},
				"west": {"uv": [2.5, 10.75, 1.5, 11.75], "rotation": 180, "texture": "#0"},
				"up": {"uv": [2.5, 10.75, 1.5, 11.75], "rotation": 180, "texture": "#0"},
				"down": {"uv": [2.5, 10.75, 1.5, 11.75], "rotation": 180, "texture": "#0"}
			}
		},
		{
			"from": [-6.67852, 0.4532, 8.13734],
			"to": [27, 26.09403, 8.27384],
			"rotation": {"angle": 0, "axis": "y", "origin": [4.3382, 15, 8]},
			"faces": {
				"north": {"uv": [12.5, 8.25, 0, 16], "texture": "#2"},
				"east": {"uv": [0, 0, 0, 0], "texture": "#2"},
				"south": {"uv": [0, 8.25, 12.5, 16], "texture": "#2"},
				"west": {"uv": [0, 0, 0, 0], "texture": "#2"},
				"up": {"uv": [0, 0, 0, 0], "texture": "#2"},
				"down": {"uv": [0, 0, 0, 0], "texture": "#2"}
			}
		}
	],
	"display": {
		"head": {
			"translation": [58.5, -47.5, 0],
			"scale": [4, 4, 4]
		}
	},
	"groups": [
		{
			"name": "root",
			"origin": [8, 8, 8],
			"color": 0,
			"children": []
		},
		{
			"name": "wing_l_open_scaled",
			"origin": [8, 8, 8],
			"color": 0,
			"children": [
				{
					"name": "1",
					"origin": [5.5, 8.44331, 2.22471],
					"color": 0,
					"children": [0, 1, 2, 3]
				}
			]
		}
	]
}