{
	"credit": "Made with Blockbench",
	"texture_size": [32, 32],
	"textures": {
		"0": "reia/head",
		"1": "reia/wing_0",
		"particle": "reia/head"
	},
	"elements": [
		{
			"from": [-11.39863, 9.48308, 6.64882],
			"to": [2.71023, 12.406, 9.31949],
			"rotation": {"angle": 0, "axis": "y", "origin": [-16.19471, 9.67908, 8.2344]},
			"faces": {
				"north": {"uv": [2, 10.5, 4.25, 9.25], "rotation": 90, "texture": "#0"},
				"east": {"uv": [2, 10.5, 4.25, 9.25], "rotation": 90, "texture": "#0"},
				"south": {"uv": [2, 10.5, 4.25, 9.25], "rotation": 90, "texture": "#0"},
				"west": {"uv": [2, 10.5, 4.25, 9.25], "rotation": 90, "texture": "#0"},
				"up": {"uv": [2, 10.5, 4.25, 9.25], "rotation": 90, "texture": "#0"},
				"down": {"uv": [2, 10.5, 4.25, 9.25], "rotation": 90, "texture": "#0"}
			}
		},
		{
			"from": [-11.39863, 8.98258, 6.14832],
			"to": [3.21073, 11.9055, 9.81999],
			"rotation": {"angle": 0, "axis": "y", "origin": [-16.19471, 9.67908, 8.2344]},
			"faces": {
				"north": {"uv": [2, 10.5, 4.25, 9.25], "rotation": 90, "texture": "#0"},
				"east": {"uv": [2, 10.5, 4.25, 9.25], "rotation": 90, "texture": "#0"},
				"south": {"uv": [2, 10.5, 4.25, 9.25], "rotation": 90, "texture": "#0"},
				"west": {"uv": [2, 10.5, 4.25, 9.25], "rotation": 90, "texture": "#0"},
				"up": {"uv": [2, 10.5, 4.25, 9.25], "rotation": 90, "texture": "#0"},
				"down": {"uv": [2, 10.5, 4.25, 9.25], "rotation": 90, "texture": "#0"}
			}
		},
		{
			"from": [-11.89913, 8.48208, 5.94812],
			"to": [-8.73757, 12.1057, 10.02019],
			"rotation": {"angle": 0, "axis": "y", "origin": [-16.19471, 9.67908, 8.2344]},
			"faces": {
				"north": {"uv": [2, 10.5, 4.25, 9.25], "rotation": 90, "texture": "#0"},
				"east": {"uv": [2, 10.5, 4.25, 9.25], "rotation": 90, "texture": "#0"},
				"south": {"uv": [2, 10.5, 4.25, 9.25], "rotation": 90, "texture": "#0"},
				"west": {"uv": [2, 10.5, 4.25, 9.25], "rotation": 90, "texture": "#0"},
				"up": {"uv": [2, 10.5, 4.25, 9.25], "rotation": 90, "texture": "#0"},
				"down": {"uv": [2, 10.5, 4.25, 9.25], "rotation": 90, "texture": "#0"}
			}
		},
		{
			"from": [-11.0465, -6.12851, 8.21839],
			"to": [8.01072, 10.24625, 8.21839],
			"rotation": {"angle": 0, "axis": "y", "origin": [-6.75141, 14.66235, 8.23262]},
			"faces": {
				"north": {"uv": [11.25, 0.75, 0, 9], "texture": "#1"},
				"east": {"uv": [0, 0, 0, 0], "rotation": 90, "texture": "#1"},
				"south": {"uv": [0, 0.75, 11.25, 9], "texture": "#1"},
				"west": {"uv": [0, 0, 0, 0], "rotation": 270, "texture": "#1"},
				"up": {"uv": [0, 0, 0, 0], "rotation": 180, "texture": "#1"},
				"down": {"uv": [0, 0, 0, 0], "texture": "#1"}
			}
		}
	],
	"display": {
		"head": {
			"translation": [73.75, -17.5, 0],
			"scale": [4, 4, 4]
		}
	},
	"groups": [
		{
			"name": "root",
			"origin": [8, 8, 8],
			"color": 0,
			"children": [
				{
					"name": "wing_l_close",
					"origin": [8, 8, 8],
					"color": 0,
					"children": [
						{
							"name": "0",
							"origin": [5.5, 8.44331, 2.22471],
							"color": 0,
							"children": [0, 1, 2, 3]
						}
					]
				}
			]
		}
	]
}