{
	"credit": "Made with Blockbench",
	"texture_size": [32, 32],
	"textures": {
		"0": "zinogre/head",
		"particle": "zinogre/head"
	},
	"elements": [
		{
			"from": [4.05445, -0.5093, 7.3069],
			"to": [9.00445, 1.8907, 13.3819],
			"rotation": {"angle": 0, "axis": "y", "origin": [6.52945, 5.5657, 10.9069]},
			"faces": {
				"north": {"uv": [12, 3.5, 13.25, 1.5], "rotation": 90, "texture": "#0"},
				"east": {"uv": [12, 3.5, 13.25, 1.5], "rotation": 90, "texture": "#0"},
				"south": {"uv": [12, 3.5, 13.25, 1.5], "rotation": 90, "texture": "#0"},
				"west": {"uv": [12, 3.5, 13.25, 1.5], "rotation": 90, "texture": "#0"},
				"up": {"uv": [12, 3.5, 13.25, 1.5], "rotation": 90, "texture": "#0"},
				"down": {"uv": [12, 3.5, 13.25, 1.5], "rotation": 90, "texture": "#0"}
			}
		},
		{
			"from": [3.67945, 0.2407, 6.4069],
			"to": [5.32945, 1.8907, 8.7319],
			"rotation": {"angle": -45, "axis": "x", "origin": [4.50445, 1.0657, 7.5694]},
			"faces": {
				"north": {"uv": [12, 3.5, 13.25, 1.5], "rotation": 90, "texture": "#0"},
				"east": {"uv": [12, 3.5, 13.25, 1.5], "rotation": 90, "texture": "#0"},
				"south": {"uv": [12, 3.5, 13.25, 1.5], "rotation": 90, "texture": "#0"},
				"west": {"uv": [12, 3.5, 13.25, 1.5], "rotation": 90, "texture": "#0"},
				"up": {"uv": [12, 3.5, 13.25, 1.5], "rotation": 90, "texture": "#0"},
				"down": {"uv": [12, 3.5, 13.25, 1.5], "rotation": 90, "texture": "#0"}
			}
		},
		{
			"from": [3.52945, -0.6593, 5.0569],
			"to": [5.47945, 0.9907, 7.3819],
			"rotation": {"angle": 0, "axis": "y", "origin": [4.50445, 5.4157, 6.4069]},
			"faces": {
				"north": {"uv": [12, 3.5, 13.25, 1.5], "rotation": 90, "texture": "#0"},
				"east": {"uv": [12, 3.5, 13.25, 1.5], "rotation": 90, "texture": "#0"},
				"south": {"uv": [12, 3.5, 13.25, 1.5], "rotation": 90, "texture": "#0"},
				"west": {"uv": [12, 3.5, 13.25, 1.5], "rotation": 90, "texture": "#0"},
				"up": {"uv": [12, 3.5, 13.25, 1.5], "rotation": 90, "texture": "#0"},
				"down": {"uv": [12, 3.5, 13.25, 1.5], "rotation": 90, "texture": "#0"}
			}
		},
		{
			"from": [3.82945, -0.3593, 4.0069],
			"to": [5.17945, 0.8407, 6.3319],
			"rotation": {"angle": 0, "axis": "y", "origin": [4.50445, 0.0907, 5.1694]},
			"faces": {
				"north": {"uv": [4, 10.5, 7, 10], "rotation": 90, "texture": "#0"},
				"east": {"uv": [4, 10.5, 7, 10], "rotation": 90, "texture": "#0"},
				"south": {"uv": [4, 10.5, 7, 10], "rotation": 90, "texture": "#0"},
				"west": {"uv": [4, 10.5, 7, 10], "rotation": 90, "texture": "#0"},
				"up": {"uv": [4, 10.5, 7, 10], "rotation": 90, "texture": "#0"},
				"down": {"uv": [4, 10.5, 7, 10], "rotation": 90, "texture": "#0"}
			}
		},
		{
			"from": [3.97945, -0.2093, 3.7069],
			"to": [5.02945, 0.8407, 4.6819],
			"rotation": {"angle": -45, "axis": "x", "origin": [4.50445, 0.0907, 4.4194]},
			"faces": {
				"north": {"uv": [4, 10.5, 7, 10], "rotation": 90, "texture": "#0"},
				"east": {"uv": [4, 10.5, 7, 10], "rotation": 90, "texture": "#0"},
				"south": {"uv": [4, 10.5, 7, 10], "rotation": 90, "texture": "#0"},
				"west": {"uv": [4, 10.5, 7, 10], "rotation": 90, "texture": "#0"},
				"up": {"uv": [4, 10.5, 7, 10], "rotation": 90, "texture": "#0"},
				"down": {"uv": [4, 10.5, 7, 10], "rotation": 90, "texture": "#0"}
			}
		},
		{
			"from": [4.12945, -0.9218, 3.3694],
			"to": [4.87945, -0.0968, 4.2694],
			"rotation": {"angle": 22.5, "axis": "x", "origin": [4.50445, -0.2093, 4.1194]},
			"faces": {
				"north": {"uv": [7, 10, 4, 10.5], "texture": "#0"},
				"east": {"uv": [7, 10, 4, 10.5], "texture": "#0"},
				"south": {"uv": [7, 10, 4, 10.5], "texture": "#0"},
				"west": {"uv": [7, 10, 4, 10.5], "texture": "#0"},
				"up": {"uv": [7, 10, 4, 10.5], "texture": "#0"},
				"down": {"uv": [7, 10, 4, 10.5], "texture": "#0"}
			}
		},
		{
			"from": [5.70445, 0.2407, 6.4069],
			"to": [7.35445, 1.8907, 8.7319],
			"rotation": {"angle": -45, "axis": "x", "origin": [6.52945, 1.0657, 7.5694]},
			"faces": {
				"north": {"uv": [12, 3.5, 13.25, 1.5], "rotation": 90, "texture": "#0"},
				"east": {"uv": [12, 3.5, 13.25, 1.5], "rotation": 90, "texture": "#0"},
				"south": {"uv": [12, 3.5, 13.25, 1.5], "rotation": 90, "texture": "#0"},
				"west": {"uv": [12, 3.5, 13.25, 1.5], "rotation": 90, "texture": "#0"},
				"up": {"uv": [12, 3.5, 13.25, 1.5], "rotation": 90, "texture": "#0"},
				"down": {"uv": [12, 3.5, 13.25, 1.5], "rotation": 90, "texture": "#0"}
			}
		},
		{
			"from": [5.55445, -0.6593, 5.0569],
			"to": [7.50445, 0.9907, 7.3819],
			"rotation": {"angle": 0, "axis": "y", "origin": [6.52945, 5.4157, 6.4069]},
			"faces": {
				"north": {"uv": [12, 3.5, 13.25, 1.5], "rotation": 90, "texture": "#0"},
				"east": {"uv": [12, 3.5, 13.25, 1.5], "rotation": 90, "texture": "#0"},
				"south": {"uv": [12, 3.5, 13.25, 1.5], "rotation": 90, "texture": "#0"},
				"west": {"uv": [12, 3.5, 13.25, 1.5], "rotation": 90, "texture": "#0"},
				"up": {"uv": [12, 3.5, 13.25, 1.5], "rotation": 90, "texture": "#0"},
				"down": {"uv": [12, 3.5, 13.25, 1.5], "rotation": 90, "texture": "#0"}
			}
		},
		{
			"from": [5.85445, -0.3593, 4.0069],
			"to": [7.20445, 0.8407, 6.3319],
			"rotation": {"angle": 0, "axis": "y", "origin": [6.52945, 0.0907, 5.1694]},
			"faces": {
				"north": {"uv": [4, 10.5, 7, 10], "rotation": 90, "texture": "#0"},
				"east": {"uv": [4, 10.5, 7, 10], "rotation": 90, "texture": "#0"},
				"south": {"uv": [4, 10.5, 7, 10], "rotation": 90, "texture": "#0"},
				"west": {"uv": [4, 10.5, 7, 10], "rotation": 90, "texture": "#0"},
				"up": {"uv": [4, 10.5, 7, 10], "rotation": 90, "texture": "#0"},
				"down": {"uv": [4, 10.5, 7, 10], "rotation": 90, "texture": "#0"}
			}
		},
		{
			"from": [6.00445, -0.2093, 3.7069],
			"to": [7.05445, 0.8407, 4.6819],
			"rotation": {"angle": -45, "axis": "x", "origin": [6.52945, 0.0907, 4.4194]},
			"faces": {
				"north": {"uv": [4, 10.5, 7, 10], "rotation": 90, "texture": "#0"},
				"east": {"uv": [4, 10.5, 7, 10], "rotation": 90, "texture": "#0"},
				"south": {"uv": [4, 10.5, 7, 10], "rotation": 90, "texture": "#0"},
				"west": {"uv": [4, 10.5, 7, 10], "rotation": 90, "texture": "#0"},
				"up": {"uv": [4, 10.5, 7, 10], "rotation": 90, "texture": "#0"},
				"down": {"uv": [4, 10.5, 7, 10], "rotation": 90, "texture": "#0"}
			}
		},
		{
			"from": [6.15445, -0.9218, 3.3694],
			"to": [6.90445, -0.0968, 4.2694],
			"rotation": {"angle": 22.5, "axis": "x", "origin": [6.52945, -0.2093, 4.1194]},
			"faces": {
				"north": {"uv": [7, 10, 4, 10.5], "texture": "#0"},
				"east": {"uv": [7, 10, 4, 10.5], "texture": "#0"},
				"south": {"uv": [7, 10, 4, 10.5], "texture": "#0"},
				"west": {"uv": [7, 10, 4, 10.5], "texture": "#0"},
				"up": {"uv": [7, 10, 4, 10.5], "texture": "#0"},
				"down": {"uv": [7, 10, 4, 10.5], "texture": "#0"}
			}
		},
		{
			"from": [7.72945, 0.2407, 6.4069],
			"to": [9.37945, 1.8907, 8.7319],
			"rotation": {"angle": -45, "axis": "x", "origin": [8.55445, 1.0657, 7.5694]},
			"faces": {
				"north": {"uv": [12, 3.5, 13.25, 1.5], "rotation": 90, "texture": "#0"},
				"east": {"uv": [12, 3.5, 13.25, 1.5], "rotation": 90, "texture": "#0"},
				"south": {"uv": [12, 3.5, 13.25, 1.5], "rotation": 90, "texture": "#0"},
				"west": {"uv": [12, 3.5, 13.25, 1.5], "rotation": 90, "texture": "#0"},
				"up": {"uv": [12, 3.5, 13.25, 1.5], "rotation": 90, "texture": "#0"},
				"down": {"uv": [12, 3.5, 13.25, 1.5], "rotation": 90, "texture": "#0"}
			}
		},
		{
			"from": [7.57945, -0.6593, 5.0569],
			"to": [9.52945, 0.9907, 7.3819],
			"rotation": {"angle": 0, "axis": "y", "origin": [8.55445, 5.4157, 6.4069]},
			"faces": {
				"north": {"uv": [12, 3.5, 13.25, 1.5], "rotation": 90, "texture": "#0"},
				"east": {"uv": [12, 3.5, 13.25, 1.5], "rotation": 90, "texture": "#0"},
				"south": {"uv": [12, 3.5, 13.25, 1.5], "rotation": 90, "texture": "#0"},
				"west": {"uv": [12, 3.5, 13.25, 1.5], "rotation": 90, "texture": "#0"},
				"up": {"uv": [12, 3.5, 13.25, 1.5], "rotation": 90, "texture": "#0"},
				"down": {"uv": [12, 3.5, 13.25, 1.5], "rotation": 90, "texture": "#0"}
			}
		},
		{
			"from": [7.87945, -0.3593, 4.0069],
			"to": [9.22945, 0.8407, 6.3319],
			"rotation": {"angle": 0, "axis": "y", "origin": [8.55445, 0.0907, 5.1694]},
			"faces": {
				"north": {"uv": [4, 10.5, 7, 10], "rotation": 90, "texture": "#0"},
				"east": {"uv": [4, 10.5, 7, 10], "rotation": 90, "texture": "#0"},
				"south": {"uv": [4, 10.5, 7, 10], "rotation": 90, "texture": "#0"},
				"west": {"uv": [4, 10.5, 7, 10], "rotation": 90, "texture": "#0"},
				"up": {"uv": [4, 10.5, 7, 10], "rotation": 90, "texture": "#0"},
				"down": {"uv": [4, 10.5, 7, 10], "rotation": 90, "texture": "#0"}
			}
		},
		{
			"from": [8.02945, -0.2093, 3.7069],
			"to": [9.07945, 0.8407, 4.6819],
			"rotation": {"angle": -45, "axis": "x", "origin": [8.55445, 0.0907, 4.4194]},
			"faces": {
				"north": {"uv": [4, 10.5, 7, 10], "rotation": 90, "texture": "#0"},
				"east": {"uv": [4, 10.5, 7, 10], "rotation": 90, "texture": "#0"},
				"south": {"uv": [4, 10.5, 7, 10], "rotation": 90, "texture": "#0"},
				"west": {"uv": [4, 10.5, 7, 10], "rotation": 90, "texture": "#0"},
				"up": {"uv": [4, 10.5, 7, 10], "rotation": 90, "texture": "#0"},
				"down": {"uv": [4, 10.5, 7, 10], "rotation": 90, "texture": "#0"}
			}
		},
		{
			"from": [8.17945, -0.9218, 3.3694],
			"to": [8.92945, -0.0968, 4.2694],
			"rotation": {"angle": 22.5, "axis": "x", "origin": [8.55445, -0.2093, 4.1194]},
			"faces": {
				"north": {"uv": [7, 10, 4, 10.5], "texture": "#0"},
				"east": {"uv": [7, 10, 4, 10.5], "texture": "#0"},
				"south": {"uv": [7, 10, 4, 10.5], "texture": "#0"},
				"west": {"uv": [7, 10, 4, 10.5], "texture": "#0"},
				"up": {"uv": [7, 10, 4, 10.5], "texture": "#0"},
				"down": {"uv": [7, 10, 4, 10.5], "texture": "#0"}
			}
		},
		{
			"from": [8.64504, -0.66832, 7.4944],
			"to": [9.99504, 0.98168, 9.1444],
			"rotation": {"angle": 0, "axis": "y", "origin": [10.98325, 1.59081, 8.3194]},
			"faces": {
				"north": {"uv": [12, 3.5, 13.25, 1.5], "rotation": 270, "texture": "#0"},
				"east": {"uv": [12, 3.5, 13.25, 1.5], "rotation": 270, "texture": "#0"},
				"south": {"uv": [12, 3.5, 13.25, 1.5], "rotation": 270, "texture": "#0"},
				"west": {"uv": [12, 3.5, 13.25, 1.5], "rotation": 270, "texture": "#0"},
				"up": {"uv": [12, 3.5, 13.25, 1.5], "rotation": 270, "texture": "#0"},
				"down": {"uv": [12, 3.5, 13.25, 1.5], "rotation": 270, "texture": "#0"}
			}
		},
		{
			"from": [8.74195, 0.8407, 7.6444],
			"to": [10.46695, 2.3407, 8.9944],
			"rotation": {"angle": 45, "axis": "z", "origin": [10.98325, 1.59081, 8.3194]},
			"faces": {
				"north": {"uv": [12, 3.5, 13.25, 1.5], "rotation": 270, "texture": "#0"},
				"east": {"uv": [12, 3.5, 13.25, 1.5], "rotation": 270, "texture": "#0"},
				"south": {"uv": [12, 3.5, 13.25, 1.5], "rotation": 270, "texture": "#0"},
				"west": {"uv": [12, 3.5, 13.25, 1.5], "rotation": 270, "texture": "#0"},
				"up": {"uv": [12, 3.5, 13.25, 1.5], "rotation": 270, "texture": "#0"},
				"down": {"uv": [12, 3.5, 13.25, 1.5], "rotation": 270, "texture": "#0"}
			}
		},
		{
			"from": [9.79195, 1.1407, 8.0944],
			"to": [12.49195, 1.8907, 8.5444],
			"rotation": {"angle": 45, "axis": "z", "origin": [10.98325, 1.59081, 8.3194]},
			"faces": {
				"north": {"uv": [4, 10.5, 7, 10], "rotation": 270, "texture": "#0"},
				"east": {"uv": [4, 10.5, 7, 10], "rotation": 270, "texture": "#0"},
				"south": {"uv": [4, 10.5, 7, 10], "rotation": 270, "texture": "#0"},
				"west": {"uv": [4, 10.5, 7, 10], "rotation": 270, "texture": "#0"},
				"up": {"uv": [4, 10.5, 7, 10], "rotation": 270, "texture": "#0"},
				"down": {"uv": [4, 10.5, 7, 10], "rotation": 270, "texture": "#0"}
			}
		},
		{
			"from": [11.65506, 2.16283, 8.0194],
			"to": [12.85506, 2.91283, 8.6194],
			"rotation": {"angle": 0, "axis": "y", "origin": [10.98325, 1.59081, 8.3194]},
			"faces": {
				"north": {"uv": [4, 10.5, 7, 10], "rotation": 270, "texture": "#0"},
				"east": {"uv": [4, 10.5, 7, 10], "rotation": 270, "texture": "#0"},
				"south": {"uv": [4, 10.5, 7, 10], "rotation": 270, "texture": "#0"},
				"west": {"uv": [4, 10.5, 7, 10], "rotation": 270, "texture": "#0"},
				"up": {"uv": [4, 10.5, 7, 10], "rotation": 270, "texture": "#0"},
				"down": {"uv": [4, 10.5, 7, 10], "rotation": 270, "texture": "#0"}
			}
		},
		{
			"from": [10.75506, 2.46283, 8.1694],
			"to": [11.95506, 2.91283, 8.4694],
			"rotation": {"angle": -22.5, "axis": "z", "origin": [11.35506, 2.68783, 8.3194]},
			"faces": {
				"north": {"uv": [4, 10.5, 7, 10], "rotation": 270, "texture": "#0"},
				"east": {"uv": [4, 10.5, 7, 10], "rotation": 270, "texture": "#0"},
				"south": {"uv": [4, 10.5, 7, 10], "rotation": 270, "texture": "#0"},
				"west": {"uv": [4, 10.5, 7, 10], "rotation": 270, "texture": "#0"},
				"up": {"uv": [4, 10.5, 7, 10], "rotation": 270, "texture": "#0"},
				"down": {"uv": [4, 10.5, 7, 10], "rotation": 270, "texture": "#0"}
			}
		},
		{
			"from": [10.38006, 2.76283, 8.2444],
			"to": [10.90506, 3.06283, 8.3944],
			"rotation": {"angle": 0, "axis": "y", "origin": [10.83006, 2.91283, 8.3194]},
			"faces": {
				"north": {"uv": [4, 10.5, 7, 10], "rotation": 270, "texture": "#0"},
				"east": {"uv": [4, 10.5, 7, 10], "rotation": 270, "texture": "#0"},
				"south": {"uv": [4, 10.5, 7, 10], "rotation": 270, "texture": "#0"},
				"west": {"uv": [4, 10.5, 7, 10], "rotation": 270, "texture": "#0"},
				"up": {"uv": [4, 10.5, 7, 10], "rotation": 270, "texture": "#0"},
				"down": {"uv": [4, 10.5, 7, 10], "rotation": 270, "texture": "#0"}
			}
		},
		{
			"from": [12.20763, 2.91542, 8.0944],
			"to": [13.10763, 3.36542, 8.5444],
			"rotation": {"angle": -22.5, "axis": "z", "origin": [10.98325, 1.59081, 8.3194]},
			"faces": {
				"north": {"uv": [4, 10.5, 7, 10], "rotation": 270, "texture": "#0"},
				"east": {"uv": [4, 10.5, 7, 10], "rotation": 270, "texture": "#0"},
				"south": {"uv": [4, 10.5, 7, 10], "rotation": 270, "texture": "#0"},
				"west": {"uv": [4, 10.5, 7, 10], "rotation": 270, "texture": "#0"},
				"up": {"uv": [4, 10.5, 7, 10], "rotation": 270, "texture": "#0"},
				"down": {"uv": [4, 10.5, 7, 10], "rotation": 270, "texture": "#0"}
			}
		},
		{
			"from": [8.94226, -0.66625, 9.2434],
			"to": [10.13026, 0.78575, 10.6954],
			"rotation": {"angle": 0, "axis": "y", "origin": [10.99988, 1.32178, 9.9694]},
			"faces": {
				"north": {"uv": [12, 3.5, 13.25, 1.5], "rotation": 270, "texture": "#0"},
				"east": {"uv": [12, 3.5, 13.25, 1.5], "rotation": 270, "texture": "#0"},
				"south": {"uv": [12, 3.5, 13.25, 1.5], "rotation": 270, "texture": "#0"},
				"west": {"uv": [12, 3.5, 13.25, 1.5], "rotation": 270, "texture": "#0"},
				"up": {"uv": [12, 3.5, 13.25, 1.5], "rotation": 270, "texture": "#0"},
				"down": {"uv": [12, 3.5, 13.25, 1.5], "rotation": 270, "texture": "#0"}
			}
		},
		{
			"from": [9.02754, 0.66169, 9.3754],
			"to": [10.54554, 1.98169, 10.5634],
			"rotation": {"angle": 45, "axis": "z", "origin": [10.99988, 1.32178, 9.9694]},
			"faces": {
				"north": {"uv": [12, 3.5, 13.25, 1.5], "rotation": 270, "texture": "#0"},
				"east": {"uv": [12, 3.5, 13.25, 1.5], "rotation": 270, "texture": "#0"},
				"south": {"uv": [12, 3.5, 13.25, 1.5], "rotation": 270, "texture": "#0"},
				"west": {"uv": [12, 3.5, 13.25, 1.5], "rotation": 270, "texture": "#0"},
				"up": {"uv": [12, 3.5, 13.25, 1.5], "rotation": 270, "texture": "#0"},
				"down": {"uv": [12, 3.5, 13.25, 1.5], "rotation": 270, "texture": "#0"}
			}
		},
		{
			"from": [9.95154, 0.92569, 9.7714],
			"to": [12.32754, 1.58569, 10.1674],
			"rotation": {"angle": 45, "axis": "z", "origin": [10.99988, 1.32178, 9.9694]},
			"faces": {
				"north": {"uv": [4, 10.5, 7, 10], "rotation": 270, "texture": "#0"},
				"east": {"uv": [4, 10.5, 7, 10], "rotation": 270, "texture": "#0"},
				"south": {"uv": [4, 10.5, 7, 10], "rotation": 270, "texture": "#0"},
				"west": {"uv": [4, 10.5, 7, 10], "rotation": 270, "texture": "#0"},
				"up": {"uv": [4, 10.5, 7, 10], "rotation": 270, "texture": "#0"},
				"down": {"uv": [4, 10.5, 7, 10], "rotation": 270, "texture": "#0"}
			}
		},
		{
			"from": [11.59107, 1.82517, 9.7054],
			"to": [12.64707, 2.48517, 10.2334],
			"rotation": {"angle": 0, "axis": "y", "origin": [10.99988, 1.32178, 9.9694]},
			"faces": {
				"north": {"uv": [4, 10.5, 7, 10], "rotation": 270, "texture": "#0"},
				"east": {"uv": [4, 10.5, 7, 10], "rotation": 270, "texture": "#0"},
				"south": {"uv": [4, 10.5, 7, 10], "rotation": 270, "texture": "#0"},
				"west": {"uv": [4, 10.5, 7, 10], "rotation": 270, "texture": "#0"},
				"up": {"uv": [4, 10.5, 7, 10], "rotation": 270, "texture": "#0"},
				"down": {"uv": [4, 10.5, 7, 10], "rotation": 270, "texture": "#0"}
			}
		},
		{
			"from": [10.79907, 2.08917, 9.8374],
			"to": [11.85507, 2.48517, 10.1014],
			"rotation": {"angle": -22.5, "axis": "z", "origin": [11.32707, 2.28717, 9.9694]},
			"faces": {
				"north": {"uv": [4, 10.5, 7, 10], "rotation": 270, "texture": "#0"},
				"east": {"uv": [4, 10.5, 7, 10], "rotation": 270, "texture": "#0"},
				"south": {"uv": [4, 10.5, 7, 10], "rotation": 270, "texture": "#0"},
				"west": {"uv": [4, 10.5, 7, 10], "rotation": 270, "texture": "#0"},
				"up": {"uv": [4, 10.5, 7, 10], "rotation": 270, "texture": "#0"},
				"down": {"uv": [4, 10.5, 7, 10], "rotation": 270, "texture": "#0"}
			}
		},
		{
			"from": [10.46907, 2.35317, 9.9034],
			"to": [10.93107, 2.61717, 10.0354],
			"rotation": {"angle": 0, "axis": "y", "origin": [10.86507, 2.48517, 9.9694]},
			"faces": {
				"north": {"uv": [4, 10.5, 7, 10], "rotation": 270, "texture": "#0"},
				"east": {"uv": [4, 10.5, 7, 10], "rotation": 270, "texture": "#0"},
				"south": {"uv": [4, 10.5, 7, 10], "rotation": 270, "texture": "#0"},
				"west": {"uv": [4, 10.5, 7, 10], "rotation": 270, "texture": "#0"},
				"up": {"uv": [4, 10.5, 7, 10], "rotation": 270, "texture": "#0"},
				"down": {"uv": [4, 10.5, 7, 10], "rotation": 270, "texture": "#0"}
			}
		},
		{
			"from": [12.07733, 2.48744, 9.7714],
			"to": [12.86933, 2.88344, 10.1674],
			"rotation": {"angle": -22.5, "axis": "z", "origin": [10.99988, 1.32178, 9.9694]},
			"faces": {
				"north": {"uv": [4, 10.5, 7, 10], "rotation": 270, "texture": "#0"},
				"east": {"uv": [4, 10.5, 7, 10], "rotation": 270, "texture": "#0"},
				"south": {"uv": [4, 10.5, 7, 10], "rotation": 270, "texture": "#0"},
				"west": {"uv": [4, 10.5, 7, 10], "rotation": 270, "texture": "#0"},
				"up": {"uv": [4, 10.5, 7, 10], "rotation": 270, "texture": "#0"},
				"down": {"uv": [4, 10.5, 7, 10], "rotation": 270, "texture": "#0"}
			}
		}
	],
	"display": {
		"head": {
			"translation": [5.75, 22.75, -14.75],
			"scale": [4, 4, 4]
		}
	},
	"groups": [
		{
			"name": "root_normal",
			"origin": [8, 8, 8],
			"children": [
				{
					"name": "arm_l",
					"origin": [8, 8, 8],
					"children": [
						{
							"name": "2",
							"origin": [8, 8, 8],
							"children": [0,
								{
									"name": "group",
									"origin": [1.44438, 3.81398, -4.60836],
									"children": [1, 2, 3, 4, 5]
								},
								{
									"name": "group",
									"origin": [1.44438, 3.81398, -4.60836],
									"children": [6, 7, 8, 9, 10]
								},
								{
									"name": "group",
									"origin": [1.44438, 3.81398, -4.60836],
									"children": [11, 12, 13, 14, 15]
								},
								{
									"name": "group",
									"origin": [1.44438, 3.81398, -4.60836],
									"children": [16, 17, 18, 19, 20, 21, 22]
								},
								{
									"name": "group",
									"origin": [1.44438, 3.81398, -4.60836],
									"children": [23, 24, 25, 26, 27, 28, 29]
								}
							]
						}
					]
				}
			]
		}
	]
}