{
	"credit": "Made with Blockbench",
	"texture_size": [32, 32],
	"textures": {
		"0": "zinogre/head",
		"particle": "zinogre/head"
	},
	"elements": [
		{
			"from": [5.33234, 12.48851, 9.49332],
			"to": [9.83234, 17.25851, 14.17332],
			"rotation": {"angle": -22.5, "axis": "x", "origin": [7.58234, 14.75644, 7.79412]},
			"faces": {
				"north": {"uv": [1.75, 0.75, 0.25, 2.75], "texture": "#0"},
				"east": {"uv": [1.75, 0.75, 0.25, 2.75], "texture": "#0"},
				"south": {"uv": [1.75, 0.75, 0.25, 2.75], "texture": "#0"},
				"west": {"uv": [1.75, 0.75, 0.25, 2.75], "texture": "#0"},
				"up": {"uv": [1.75, 0.75, 0.25, 2.75], "texture": "#0"},
				"down": {"uv": [1.75, 0.75, 0.25, 2.75], "texture": "#0"}
			}
		},
		{
			"from": [5.70734, 12.63851, 13.24332],
			"to": [8.70734, 15.75851, 15.67332],
			"rotation": {"angle": -22.5, "axis": "x", "origin": [7.58234, 14.75644, 7.79412]},
			"faces": {
				"north": {"uv": [1.75, 0.75, 0.25, 2.75], "texture": "#0"},
				"east": {"uv": [1.75, 0.75, 0.25, 2.75], "texture": "#0"},
				"south": {"uv": [1.75, 0.75, 0.25, 2.75], "texture": "#0"},
				"west": {"uv": [1.75, 0.75, 0.25, 2.75], "texture": "#0"},
				"up": {"uv": [1.75, 0.75, 0.25, 2.75], "texture": "#0"},
				"down": {"uv": [1.75, 0.75, 0.25, 2.75], "texture": "#0"}
			}
		},
		{
			"from": [5.51234, 11.72489, 6.14898],
			"to": [9.65234, 15.77489, 11.00898],
			"rotation": {"angle": -45, "axis": "x", "origin": [7.58234, 14.75644, 7.79412]},
			"faces": {
				"north": {"uv": [1.75, 0.75, 0.25, 2.75], "texture": "#0"},
				"east": {"uv": [1.75, 0.75, 0.25, 2.75], "texture": "#0"},
				"south": {"uv": [1.75, 0.75, 0.25, 2.75], "texture": "#0"},
				"west": {"uv": [1.75, 0.75, 0.25, 2.75], "texture": "#0"},
				"up": {"uv": [1.75, 0.75, 0.25, 2.75], "texture": "#0"},
				"down": {"uv": [1.75, 0.75, 0.25, 2.75], "texture": "#0"}
			}
		},
		{
			"from": [5.51234, 12.62489, 5.24898],
			"to": [9.65234, 15.32489, 6.23898],
			"rotation": {"angle": -45, "axis": "x", "origin": [7.58234, 14.75644, 7.79412]},
			"faces": {
				"north": {"uv": [1.75, 0.75, 0.25, 2.75], "texture": "#0"},
				"east": {"uv": [1.75, 0.75, 0.25, 2.75], "texture": "#0"},
				"south": {"uv": [1.75, 0.75, 0.25, 2.75], "texture": "#0"},
				"west": {"uv": [1.75, 0.75, 0.25, 2.75], "texture": "#0"},
				"up": {"uv": [1.75, 0.75, 0.25, 2.75], "texture": "#0"},
				"down": {"uv": [1.75, 0.75, 0.25, 2.75], "texture": "#0"}
			}
		},
		{
			"from": [6.32234, 14.60489, 6.95898],
			"to": [7.04234, 16.22489, 7.67898],
			"rotation": {"angle": -45, "axis": "x", "origin": [7.58234, 14.75644, 7.79412]},
			"faces": {
				"north": {"uv": [14, 1, 11.5, 3.5], "texture": "#0"},
				"east": {"uv": [14, 1, 11.5, 3.5], "texture": "#0"},
				"south": {"uv": [14, 1, 11.5, 3.5], "texture": "#0"},
				"west": {"uv": [14, 1, 11.5, 3.5], "texture": "#0"},
				"up": {"uv": [14, 1, 11.5, 3.5], "texture": "#0"},
				"down": {"uv": [14, 1, 11.5, 3.5], "texture": "#0"}
			}
		},
		{
			"from": [8.12234, 14.60489, 6.95898],
			"to": [8.84234, 16.22489, 7.67898],
			"rotation": {"angle": -45, "axis": "x", "origin": [7.58234, 14.75644, 7.79412]},
			"faces": {
				"north": {"uv": [14, 1, 11.5, 3.5], "texture": "#0"},
				"east": {"uv": [14, 1, 11.5, 3.5], "texture": "#0"},
				"south": {"uv": [14, 1, 11.5, 3.5], "texture": "#0"},
				"west": {"uv": [14, 1, 11.5, 3.5], "texture": "#0"},
				"up": {"uv": [14, 1, 11.5, 3.5], "texture": "#0"},
				"down": {"uv": [14, 1, 11.5, 3.5], "texture": "#0"}
			}
		},
		{
			"from": [6.32234, 14.51237, 9.06379],
			"to": [7.04234, 16.13237, 9.78379],
			"rotation": {"angle": -45, "axis": "x", "origin": [7.58234, 14.75644, 7.79412]},
			"faces": {
				"north": {"uv": [14, 1, 11.5, 3.5], "texture": "#0"},
				"east": {"uv": [14, 1, 11.5, 3.5], "texture": "#0"},
				"south": {"uv": [14, 1, 11.5, 3.5], "texture": "#0"},
				"west": {"uv": [14, 1, 11.5, 3.5], "texture": "#0"},
				"up": {"uv": [14, 1, 11.5, 3.5], "texture": "#0"},
				"down": {"uv": [14, 1, 11.5, 3.5], "texture": "#0"}
			}
		},
		{
			"from": [8.12234, 14.51237, 9.06379],
			"to": [8.84234, 16.13237, 9.78379],
			"rotation": {"angle": -45, "axis": "x", "origin": [7.58234, 14.75644, 7.79412]},
			"faces": {
				"north": {"uv": [14, 1, 11.5, 3.5], "texture": "#0"},
				"east": {"uv": [14, 1, 11.5, 3.5], "texture": "#0"},
				"south": {"uv": [14, 1, 11.5, 3.5], "texture": "#0"},
				"west": {"uv": [14, 1, 11.5, 3.5], "texture": "#0"},
				"up": {"uv": [14, 1, 11.5, 3.5], "texture": "#0"},
				"down": {"uv": [14, 1, 11.5, 3.5], "texture": "#0"}
			}
		},
		{
			"from": [6.32234, 14.78489, 5.15898],
			"to": [8.84234, 15.68489, 6.23898],
			"rotation": {"angle": -45, "axis": "x", "origin": [7.58234, 14.75644, 7.79412]},
			"faces": {
				"north": {"uv": [14, 1, 11.5, 3.5], "texture": "#0"},
				"east": {"uv": [14, 1, 11.5, 3.5], "texture": "#0"},
				"south": {"uv": [14, 1, 11.5, 3.5], "texture": "#0"},
				"west": {"uv": [14, 1, 11.5, 3.5], "texture": "#0"},
				"up": {"uv": [14, 1, 11.5, 3.5], "texture": "#0"},
				"down": {"uv": [14, 1, 11.5, 3.5], "texture": "#0"}
			}
		},
		{
			"from": [6.86234, 14.60489, 3.89898],
			"to": [8.30234, 15.50489, 6.23898],
			"rotation": {"angle": -45, "axis": "x", "origin": [7.58234, 14.75644, 7.79412]},
			"faces": {
				"north": {"uv": [14, 1, 11.5, 3.5], "texture": "#0"},
				"east": {"uv": [14, 1, 11.5, 3.5], "texture": "#0"},
				"south": {"uv": [14, 1, 11.5, 3.5], "texture": "#0"},
				"west": {"uv": [14, 1, 11.5, 3.5], "texture": "#0"},
				"up": {"uv": [14, 1, 11.5, 3.5], "texture": "#0"},
				"down": {"uv": [14, 1, 11.5, 3.5], "texture": "#0"}
			}
		}
	],
	"display": {
		"head": {
			"translation": [1.75, -40.25, -15.5],
			"scale": [4, 4, 4]
		}
	},
	"groups": [
		{
			"name": "root_normal",
			"origin": [8, 8, 8],
			"children": [
				{
					"name": "leg_l",
					"origin": [8, 8, 8],
					"children": [
						{
							"name": "0",
							"origin": [8, 8, 8],
							"children": [0, 1, 2, 3, 4, 5, 6, 7, 8, 9]
						}
					]
				}
			]
		}
	]
}