{
	"credit": "Made with Blockbench",
	"texture_size": [32, 32],
	"textures": {
		"2": "reia/head"
	},
	"elements": [
		{
			"from": [4.41372, 2.84273, -1.94251],
			"to": [11.58583, 7.31319, 2.37867],
			"rotation": {"angle": 0, "axis": "y", "origin": [12.59797, 7.44092, -15.5032]},
			"faces": {
				"north": {"uv": [2, 9.25, 3, 10.5], "texture": "#2"},
				"east": {"uv": [2, 9.25, 3, 10.5], "texture": "#2"},
				"south": {"uv": [2, 9.25, 3, 10.5], "texture": "#2"},
				"west": {"uv": [2, 9.25, 3, 10.5], "texture": "#2"},
				"up": {"uv": [2, 9.5, 3, 10.5], "texture": "#2"},
				"down": {"uv": [2, 9.25, 3, 10.5], "texture": "#2"}
			}
		},
		{
			"from": [3.84822, 3.78523, 0.13099],
			"to": [12.15133, 6.37069, 3.13267],
			"rotation": {"angle": 0, "axis": "y", "origin": [12.59797, 8.38342, -15.8802]},
			"faces": {
				"north": {"uv": [2, 9.25, 3, 10.5], "texture": "#2"},
				"east": {"uv": [2, 9.25, 3, 10.5], "texture": "#2"},
				"south": {"uv": [2, 9.25, 3, 10.5], "texture": "#2"},
				"west": {"uv": [2, 9.25, 3, 10.5], "texture": "#2"},
				"up": {"uv": [2, 9.5, 3, 10.5], "texture": "#2"},
				"down": {"uv": [2, 9.25, 3, 10.5], "texture": "#2"}
			}
		},
		{
			"from": [5.50721, 7.31319, -1.11311],
			"to": [10.49234, 8.65889, 3.74341],
			"rotation": {"angle": 0, "axis": "y", "origin": [12.59797, 7.44092, -15.5032]},
			"faces": {
				"north": {"uv": [2, 9.25, 3, 10.5], "texture": "#2"},
				"east": {"uv": [2, 9.25, 3, 10.5], "texture": "#2"},
				"south": {"uv": [2, 9.25, 3, 10.5], "texture": "#2"},
				"west": {"uv": [0, 11, 1.5, 11.75], "texture": "#2"},
				"up": {"uv": [2, 9.5, 3, 10.5], "texture": "#2"},
				"down": {"uv": [2, 9.25, 3, 10.5], "texture": "#2"}
			}
		},
		{
			"from": [5.03596, 7.31319, 0.77189],
			"to": [10.96359, 9.60139, 7.04216],
			"rotation": {"angle": 0, "axis": "y", "origin": [12.59797, 7.44092, -15.5032]},
			"faces": {
				"north": {"uv": [2, 9.25, 3, 10.5], "texture": "#2"},
				"east": {"uv": [2, 9.25, 3, 10.5], "texture": "#2"},
				"south": {"uv": [2, 9.25, 3, 10.5], "texture": "#2"},
				"west": {"uv": [0, 11, 1.5, 11.75], "texture": "#2"},
				"up": {"uv": [2, 9.5, 3, 10.5], "texture": "#2"},
				"down": {"uv": [2, 9.25, 3, 10.5], "texture": "#2"}
			}
		},
		{
			"from": [6.92096, 9.48094, 0.77189],
			"to": [9.07859, 9.97839, 7.04216],
			"rotation": {"angle": 0, "axis": "y", "origin": [12.59797, 9.32592, -15.5032]},
			"faces": {
				"north": {"uv": [9.5, 8.25, 10.5, 9.25], "texture": "#2"},
				"east": {"uv": [9.5, 8.25, 10.5, 9.25], "texture": "#2"},
				"south": {"uv": [9.5, 8.25, 10.5, 9.25], "texture": "#2"},
				"west": {"uv": [9.5, 8.25, 10.5, 9.25], "texture": "#2"},
				"up": {"uv": [9.5, 8.25, 10.5, 9.25], "texture": "#2"},
				"down": {"uv": [9.5, 8.25, 10.5, 9.25], "texture": "#2"}
			}
		},
		{
			"from": [3.86933, 2.84273, 2.37867],
			"to": [12.13022, 7.31319, 7.02331],
			"rotation": {"angle": 0, "axis": "y", "origin": [12.59797, 7.44092, -15.5032]},
			"faces": {
				"north": {"uv": [2, 9.25, 3, 10.5], "texture": "#2"},
				"east": {"uv": [2, 9.25, 3, 10.5], "texture": "#2"},
				"south": {"uv": [2, 9.25, 3, 10.5], "texture": "#2"},
				"west": {"uv": [2, 9.25, 3, 10.5], "texture": "#2"},
				"up": {"uv": [2, 9.5, 3, 10.5], "texture": "#2"},
				"down": {"uv": [2, 9.25, 3, 10.5], "texture": "#2"}
			}
		},
		{
			"from": [6.00722, 0.48286, -1.94251],
			"to": [9.99232, 2.84273, 2.49478],
			"rotation": {"angle": 0, "axis": "y", "origin": [12.59797, 7.44092, -15.5032]},
			"faces": {
				"north": {"uv": [0, 1.5, 1.5, 3], "texture": "#2"},
				"east": {"uv": [0, 1.5, 1.5, 3], "texture": "#2"},
				"south": {"uv": [0, 1.5, 1.5, 3], "texture": "#2"},
				"west": {"uv": [0, 1.5, 1.5, 3], "texture": "#2"},
				"up": {"uv": [0, 1.5, 1.5, 3], "texture": "#2"},
				"down": {"uv": [0, 1.5, 1.5, 3], "texture": "#2"}
			}
		},
		{
			"from": [4.59347, 1.61386, -0.43451],
			"to": [11.40607, 2.84273, 4.00278],
			"rotation": {"angle": 0, "axis": "y", "origin": [12.59797, 7.44092, -13.9952]},
			"faces": {
				"north": {"uv": [0, 1.5, 1.5, 3], "texture": "#2"},
				"east": {"uv": [0, 1.5, 1.5, 3], "texture": "#2"},
				"south": {"uv": [0, 1.5, 1.5, 3], "texture": "#2"},
				"west": {"uv": [0, 1.5, 1.5, 3], "texture": "#2"},
				"up": {"uv": [0, 1.5, 1.5, 3], "texture": "#2"},
				"down": {"uv": [0, 1.5, 1.5, 3], "texture": "#2"}
			}
		},
		{
			"from": [4.12222, 2.55636, 0.31949],
			"to": [11.87732, 3.78523, 3.15453],
			"rotation": {"angle": 0, "axis": "y", "origin": [12.59797, 7.44092, -13.9952]},
			"faces": {
				"north": {"uv": [0, 1.5, 1.5, 3], "texture": "#2"},
				"east": {"uv": [0, 1.5, 1.5, 3], "texture": "#2"},
				"south": {"uv": [0, 1.5, 1.5, 3], "texture": "#2"},
				"west": {"uv": [0, 1.5, 1.5, 3], "texture": "#2"},
				"up": {"uv": [0, 1.5, 1.5, 3], "texture": "#2"},
				"down": {"uv": [0, 1.5, 1.5, 3], "texture": "#2"}
			}
		},
		{
			"from": [4.99159, -0.15578, 2.37867],
			"to": [11.00796, 2.84273, 7.13942],
			"rotation": {"angle": 0, "axis": "y", "origin": [12.59797, 7.44092, -15.5032]},
			"faces": {
				"north": {"uv": [0, 1.5, 1.5, 3], "texture": "#2"},
				"east": {"uv": [0, 1.5, 1.5, 3], "texture": "#2"},
				"south": {"uv": [0, 1.5, 1.5, 3], "texture": "#2"},
				"west": {"uv": [0, 1.5, 1.5, 3], "texture": "#2"},
				"up": {"uv": [0, 1.5, 1.5, 3], "texture": "#2"},
				"down": {"uv": [0, 1.5, 1.5, 3], "texture": "#2"}
			}
		},
		{
			"from": [7.56622, 9.62176, 0.14597],
			"to": [8.43332, 11.97801, 0.71147],
			"rotation": {"angle": 22.5, "axis": "x", "origin": [7.90552, 8.90546, -0.79653]},
			"faces": {
				"north": {"uv": [1.25, 3.5, 1.5, 4.25], "rotation": 180, "texture": "#2"},
				"east": {"uv": [1.25, 3.5, 1.5, 4.25], "rotation": 90, "texture": "#2"},
				"south": {"uv": [1.25, 3.5, 1.5, 4.25], "texture": "#2"},
				"west": {"uv": [1.25, 3.5, 1.5, 4.25], "rotation": 270, "texture": "#2"},
				"up": {"uv": [1.25, 3.5, 1.5, 4.25], "texture": "#2"},
				"down": {"uv": [1.25, 3.5, 1.5, 4.25], "rotation": 180, "texture": "#2"}
			}
		},
		{
			"from": [7.56622, 9.56321, 2.812],
			"to": [8.43332, 12.29646, 3.3775],
			"rotation": {"angle": 22.5, "axis": "x", "origin": [7.99977, 10.41146, 3.189]},
			"faces": {
				"north": {"uv": [1.25, 3.5, 1.5, 4.25], "rotation": 180, "texture": "#2"},
				"east": {"uv": [1.25, 3.5, 1.5, 4.25], "rotation": 90, "texture": "#2"},
				"south": {"uv": [1.25, 3.5, 1.5, 4.25], "texture": "#2"},
				"west": {"uv": [1.25, 3.5, 1.5, 4.25], "rotation": 270, "texture": "#2"},
				"up": {"uv": [1.25, 3.5, 1.5, 4.25], "texture": "#2"},
				"down": {"uv": [1.25, 3.5, 1.5, 4.25], "rotation": 180, "texture": "#2"}
			}
		},
		{
			"from": [7.56622, 10.03446, 4.97975],
			"to": [8.43332, 10.59996, 7.9015],
			"rotation": {"angle": -45, "axis": "x", "origin": [7.99977, 10.22296, 5.828]},
			"faces": {
				"north": {"uv": [1.25, 3.5, 1.5, 4.25], "texture": "#2"},
				"east": {"uv": [1.25, 3.5, 1.5, 4.25], "texture": "#2"},
				"south": {"uv": [1.25, 3.5, 1.5, 4.25], "texture": "#2"},
				"west": {"uv": [1.25, 3.5, 1.5, 4.25], "texture": "#2"},
				"up": {"uv": [1.25, 3.5, 1.5, 4.25], "texture": "#2"},
				"down": {"uv": [1.25, 3.5, 1.5, 4.25], "texture": "#2"}
			}
		},
		{
			"from": [7.56622, 7.84205, -1.1801],
			"to": [8.43332, 10.5753, -0.6146],
			"rotation": {"angle": 22.5, "axis": "x", "origin": [7.99977, 8.5018, -0.89735]},
			"faces": {
				"north": {"uv": [1.25, 3.5, 1.5, 4.25], "rotation": 180, "texture": "#2"},
				"east": {"uv": [1.25, 3.5, 1.5, 4.25], "rotation": 90, "texture": "#2"},
				"south": {"uv": [1.25, 3.5, 1.5, 4.25], "texture": "#2"},
				"west": {"uv": [1.25, 3.5, 1.5, 4.25], "rotation": 270, "texture": "#2"},
				"up": {"uv": [1.25, 3.5, 1.5, 4.25], "texture": "#2"},
				"down": {"uv": [1.25, 3.5, 1.5, 4.25], "rotation": 180, "texture": "#2"}
			}
		},
		{
			"from": [6.81222, 8.77351, -0.23103],
			"to": [9.18732, 10.94126, 1.46547],
			"rotation": {"angle": 22.5, "axis": "x", "origin": [7.90552, 8.90546, -0.79653]},
			"faces": {
				"north": {"uv": [8.5, 1.75, 9.25, 2.75], "rotation": 270, "texture": "#2"},
				"east": {"uv": [8.5, 1.75, 9.25, 2.75], "rotation": 270, "texture": "#2"},
				"south": {"uv": [8.5, 1.75, 9.25, 2.75], "rotation": 270, "texture": "#2"},
				"west": {"uv": [8.5, 1.75, 9.25, 2.75], "rotation": 270, "texture": "#2"},
				"up": {"uv": [8.5, 1.75, 9.25, 2.75], "rotation": 270, "texture": "#2"},
				"down": {"uv": [8.5, 1.75, 9.25, 2.75], "rotation": 270, "texture": "#2"}
			}
		},
		{
			"from": [6.81222, 8.71496, 2.435],
			"to": [9.18732, 10.69421, 4.1315],
			"rotation": {"angle": 22.5, "axis": "x", "origin": [7.99977, 10.41146, 3.189]},
			"faces": {
				"north": {"uv": [8.5, 1.75, 9.25, 2.75], "rotation": 270, "texture": "#2"},
				"east": {"uv": [8.5, 1.75, 9.25, 2.75], "rotation": 270, "texture": "#2"},
				"south": {"uv": [8.5, 1.75, 9.25, 2.75], "rotation": 270, "texture": "#2"},
				"west": {"uv": [8.5, 1.75, 9.25, 2.75], "rotation": 270, "texture": "#2"},
				"up": {"uv": [8.5, 1.75, 9.25, 2.75], "rotation": 270, "texture": "#2"},
				"down": {"uv": [8.5, 1.75, 9.25, 2.75], "rotation": 270, "texture": "#2"}
			}
		},
		{
			"from": [6.81222, 9.28046, 4.1315],
			"to": [9.18732, 10.97696, 6.29925],
			"rotation": {"angle": -45, "axis": "x", "origin": [7.99977, 10.22296, 5.828]},
			"faces": {
				"north": {"uv": [8.5, 1.75, 9.25, 2.75], "rotation": 90, "texture": "#2"},
				"east": {"uv": [8.5, 1.75, 9.25, 2.75], "rotation": 180, "texture": "#2"},
				"south": {"uv": [8.5, 1.75, 9.25, 2.75], "rotation": 270, "texture": "#2"},
				"west": {"uv": [8.5, 1.75, 9.25, 2.75], "texture": "#2"},
				"up": {"uv": [8.5, 1.75, 9.25, 2.75], "rotation": 90, "texture": "#2"},
				"down": {"uv": [8.5, 1.75, 9.25, 2.75], "rotation": 270, "texture": "#2"}
			}
		},
		{
			"from": [7.00072, 6.9938, -1.7456],
			"to": [8.99882, 9.16155, -0.0491],
			"rotation": {"angle": 22.5, "axis": "x", "origin": [7.99977, 8.5018, -0.89735]},
			"faces": {
				"north": {"uv": [8.5, 1.75, 9.25, 2.75], "rotation": 270, "texture": "#2"},
				"east": {"uv": [8.5, 1.75, 9.25, 2.75], "rotation": 270, "texture": "#2"},
				"south": {"uv": [8.5, 1.75, 9.25, 2.75], "rotation": 270, "texture": "#2"},
				"west": {"uv": [8.5, 1.75, 9.25, 2.75], "rotation": 270, "texture": "#2"},
				"up": {"uv": [8.5, 1.75, 9.25, 2.75], "rotation": 270, "texture": "#2"},
				"down": {"uv": [8.5, 1.75, 9.25, 2.75], "rotation": 270, "texture": "#2"}
			}
		},
		{
			"from": [3.69445, 7.86901, 1.50811],
			"to": [5.19981, 9.00943, 3.48736],
			"rotation": {"angle": -45, "axis": "y", "origin": [4.29032, 8.43922, 3.44024]},
			"faces": {
				"north": {"uv": [3.25, 9, 2.25, 9.75], "texture": "#2"},
				"east": {"uv": [3.25, 9, 2.25, 9.75], "texture": "#2"},
				"south": {"uv": [3.25, 9, 2.25, 9.75], "texture": "#2"},
				"west": {"uv": [3.25, 9, 2.25, 9.75], "texture": "#2"},
				"up": {"uv": [3.25, 9, 2.25, 9.75], "texture": "#2"},
				"down": {"uv": [3.25, 9, 2.25, 9.75], "texture": "#2"}
			}
		},
		{
			"from": [10.79973, 7.86901, 1.50811],
			"to": [12.30509, 9.00943, 3.48736],
			"rotation": {"angle": 45, "axis": "y", "origin": [11.70922, 8.43922, 3.44024]},
			"faces": {
				"north": {"uv": [2.25, 9, 3.25, 9.75], "texture": "#2"},
				"east": {"uv": [2.25, 9, 3.25, 9.75], "texture": "#2"},
				"south": {"uv": [2.25, 9, 3.25, 9.75], "texture": "#2"},
				"west": {"uv": [2.25, 9, 3.25, 9.75], "texture": "#2"},
				"up": {"uv": [2.25, 9, 3.25, 9.75], "texture": "#2"},
				"down": {"uv": [2.25, 9, 3.25, 9.75], "texture": "#2"}
			}
		},
		{
			"from": [4.07145, 7.30351, -0.56539],
			"to": [5.57681, 8.44393, 1.41386],
			"rotation": {"angle": -45, "axis": "y", "origin": [4.66732, 7.87372, 1.36674]},
			"faces": {
				"north": {"uv": [3.25, 9, 2.25, 9.75], "texture": "#2"},
				"east": {"uv": [3.25, 9, 2.25, 9.75], "texture": "#2"},
				"south": {"uv": [3.25, 9, 2.25, 9.75], "texture": "#2"},
				"west": {"uv": [3.25, 9, 2.25, 9.75], "texture": "#2"},
				"up": {"uv": [3.25, 9, 2.25, 9.75], "texture": "#2"},
				"down": {"uv": [3.25, 9, 2.25, 9.75], "texture": "#2"}
			}
		},
		{
			"from": [10.42273, 7.30351, -0.56539],
			"to": [11.92809, 8.44393, 1.41386],
			"rotation": {"angle": 45, "axis": "y", "origin": [11.33222, 7.87372, 1.36674]},
			"faces": {
				"north": {"uv": [2.25, 9, 3.25, 9.75], "texture": "#2"},
				"east": {"uv": [2.25, 9, 3.25, 9.75], "texture": "#2"},
				"south": {"uv": [2.25, 9, 3.25, 9.75], "texture": "#2"},
				"west": {"uv": [2.25, 9, 3.25, 9.75], "texture": "#2"},
				"up": {"uv": [2.25, 9, 3.25, 9.75], "texture": "#2"},
				"down": {"uv": [2.25, 9, 3.25, 9.75], "texture": "#2"}
			}
		},
		{
			"from": [3.69445, 7.86901, 4.14711],
			"to": [5.19981, 9.00943, 6.31486],
			"rotation": {"angle": -45, "axis": "y", "origin": [4.29032, 8.43922, 6.07924]},
			"faces": {
				"north": {"uv": [3.25, 9, 2.25, 9.75], "texture": "#2"},
				"east": {"uv": [3.25, 9, 2.25, 9.75], "texture": "#2"},
				"south": {"uv": [3.25, 9, 2.25, 9.75], "texture": "#2"},
				"west": {"uv": [3.25, 9, 2.25, 9.75], "texture": "#2"},
				"up": {"uv": [3.25, 9, 2.25, 9.75], "texture": "#2"},
				"down": {"uv": [3.25, 9, 2.25, 9.75], "texture": "#2"}
			}
		},
		{
			"from": [10.79973, 7.86901, 4.14711],
			"to": [12.30509, 9.00943, 6.31486],
			"rotation": {"angle": 45, "axis": "y", "origin": [11.70922, 8.43922, 6.07924]},
			"faces": {
				"north": {"uv": [2.25, 9, 3.25, 9.75], "texture": "#2"},
				"east": {"uv": [2.25, 9, 3.25, 9.75], "texture": "#2"},
				"south": {"uv": [2.25, 9, 3.25, 9.75], "texture": "#2"},
				"west": {"uv": [2.25, 9, 3.25, 9.75], "texture": "#2"},
				"up": {"uv": [2.25, 9, 3.25, 9.75], "texture": "#2"},
				"down": {"uv": [2.25, 9, 3.25, 9.75], "texture": "#2"}
			}
		},
		{
			"from": [3.75147, 8.04007, 3.34599],
			"to": [4.51556, 8.83837, 5.18386],
			"rotation": {"angle": -45, "axis": "y", "origin": [4.29032, 8.43922, 3.44024]},
			"faces": {
				"north": {"uv": [8.25, 9, 9.25, 9.75], "texture": "#2"},
				"east": {"uv": [8.25, 9, 9.25, 9.75], "texture": "#2"},
				"south": {"uv": [8.25, 9, 9.25, 9.75], "texture": "#2"},
				"west": {"uv": [8.25, 9, 9.25, 9.75], "texture": "#2"},
				"up": {"uv": [8.25, 9, 9.25, 9.75], "texture": "#2"},
				"down": {"uv": [8.25, 9, 9.25, 9.75], "texture": "#2"}
			}
		},
		{
			"from": [11.48399, 8.04007, 3.53449],
			"to": [12.24807, 8.83837, 5.18386],
			"rotation": {"angle": 45, "axis": "y", "origin": [11.70922, 8.43922, 3.44024]},
			"faces": {
				"north": {"uv": [9.25, 9, 8.25, 9.75], "texture": "#2"},
				"east": {"uv": [9.25, 9, 8.25, 9.75], "texture": "#2"},
				"south": {"uv": [9.25, 9, 8.25, 9.75], "texture": "#2"},
				"west": {"uv": [9.25, 9, 8.25, 9.75], "texture": "#2"},
				"up": {"uv": [9.25, 9, 8.25, 9.75], "texture": "#2"},
				"down": {"uv": [9.25, 9, 8.25, 9.75], "texture": "#2"}
			}
		},
		{
			"from": [4.12847, 7.47457, 1.27249],
			"to": [4.89256, 8.27287, 2.92186],
			"rotation": {"angle": -45, "axis": "y", "origin": [4.66732, 7.87372, 1.36674]},
			"faces": {
				"north": {"uv": [8.25, 9, 9.25, 9.75], "texture": "#2"},
				"east": {"uv": [8.25, 9, 9.25, 9.75], "texture": "#2"},
				"south": {"uv": [8.25, 9, 9.25, 9.75], "texture": "#2"},
				"west": {"uv": [8.25, 9, 9.25, 9.75], "texture": "#2"},
				"up": {"uv": [8.25, 9, 9.25, 9.75], "texture": "#2"},
				"down": {"uv": [8.25, 9, 9.25, 9.75], "texture": "#2"}
			}
		},
		{
			"from": [11.10699, 7.47457, 1.27249],
			"to": [11.87107, 8.27287, 2.92186],
			"rotation": {"angle": 45, "axis": "y", "origin": [11.33222, 7.87372, 1.36674]},
			"faces": {
				"north": {"uv": [9.25, 9, 8.25, 9.75], "texture": "#2"},
				"east": {"uv": [9.25, 9, 8.25, 9.75], "texture": "#2"},
				"south": {"uv": [9.25, 9, 8.25, 9.75], "texture": "#2"},
				"west": {"uv": [9.25, 9, 8.25, 9.75], "texture": "#2"},
				"up": {"uv": [9.25, 9, 8.25, 9.75], "texture": "#2"},
				"down": {"uv": [9.25, 9, 8.25, 9.75], "texture": "#2"}
			}
		},
		{
			"from": [3.75147, 8.04007, 6.22061],
			"to": [4.51556, 8.83837, 8.01136],
			"rotation": {"angle": -45, "axis": "y", "origin": [4.29032, 8.43922, 6.07924]},
			"faces": {
				"north": {"uv": [8.25, 9, 9.25, 9.75], "texture": "#2"},
				"east": {"uv": [8.25, 9, 9.25, 9.75], "texture": "#2"},
				"south": {"uv": [8.25, 9, 9.25, 9.75], "texture": "#2"},
				"west": {"uv": [8.25, 9, 9.25, 9.75], "texture": "#2"},
				"up": {"uv": [8.25, 9, 9.25, 9.75], "texture": "#2"},
				"down": {"uv": [8.25, 9, 9.25, 9.75], "texture": "#2"}
			}
		},
		{
			"from": [11.48399, 8.04007, 6.22061],
			"to": [12.24807, 8.83837, 8.01136],
			"rotation": {"angle": 45, "axis": "y", "origin": [11.70922, 8.43922, 6.07924]},
			"faces": {
				"north": {"uv": [9.25, 9, 8.25, 9.75], "texture": "#2"},
				"east": {"uv": [9.25, 9, 8.25, 9.75], "texture": "#2"},
				"south": {"uv": [9.25, 9, 8.25, 9.75], "texture": "#2"},
				"west": {"uv": [9.25, 9, 8.25, 9.75], "texture": "#2"},
				"up": {"uv": [9.25, 9, 8.25, 9.75], "texture": "#2"},
				"down": {"uv": [9.25, 9, 8.25, 9.75], "texture": "#2"}
			}
		},
		{
			"from": [4.73872, 6.39896, -1.34625],
			"to": [7.11382, 9.88621, 0.35025],
			"rotation": {"angle": 22.5, "axis": "x", "origin": [5.92627, 7.95408, -0.498]},
			"faces": {
				"north": {"uv": [10.5, 5, 16, 7], "rotation": 180, "texture": "#2"},
				"east": {"uv": [10.5, 5, 16, 7], "rotation": 180, "texture": "#2"},
				"south": {"uv": [10.5, 5, 16, 7], "rotation": 180, "texture": "#2"},
				"west": {"uv": [10.5, 5, 16, 7], "rotation": 180, "texture": "#2"}
			}
		},
		{
			"from": [8.88572, 6.39896, -1.34625],
			"to": [11.26082, 9.88621, 0.35025],
			"rotation": {"angle": 22.5, "axis": "x", "origin": [10.07327, 7.95408, -0.498]},
			"faces": {
				"north": {"uv": [16, 5, 10.5, 7], "rotation": 180, "texture": "#2"},
				"east": {"uv": [16, 5, 10.5, 7], "rotation": 180, "texture": "#2"},
				"south": {"uv": [16, 5, 10.5, 7], "rotation": 180, "texture": "#2"},
				"west": {"uv": [16, 5, 10.5, 7], "rotation": 180, "texture": "#2"}
			}
		},
		{
			"from": [5.30422, 6.57311, 0.23388],
			"to": [7.49082, 11.37986, 1.93038],
			"rotation": {"angle": 45, "axis": "x", "origin": [5.92627, 9.07073, 1.08213]},
			"faces": {
				"north": {"uv": [10.5, 5, 16, 7], "rotation": 180, "texture": "#2"},
				"east": {"uv": [10.5, 5, 16, 7], "rotation": 180, "texture": "#2"},
				"south": {"uv": [10.5, 5, 16, 7], "rotation": 180, "texture": "#2"},
				"west": {"uv": [10.5, 5, 16, 7], "rotation": 180, "texture": "#2"}
			}
		},
		{
			"from": [8.50872, 6.57311, 0.23388],
			"to": [10.69532, 11.37986, 1.93038],
			"rotation": {"angle": 45, "axis": "x", "origin": [10.07327, 9.07073, 1.08213]},
			"faces": {
				"north": {"uv": [16, 5, 10.5, 7], "rotation": 180, "texture": "#2"},
				"east": {"uv": [16, 5, 10.5, 7], "rotation": 180, "texture": "#2"},
				"south": {"uv": [16, 5, 10.5, 7], "rotation": 180, "texture": "#2"},
				"west": {"uv": [16, 5, 10.5, 7], "rotation": 180, "texture": "#2"}
			}
		}
	],
	"display": {
		"head": {
			"translation": [0, 5.25, 10.75],
			"scale": [4, 4, 4]
		}
	},
	"groups": [
		{
			"name": "root",
			"origin": [8, 8, 8],
			"children": [
				{
					"name": "body",
					"origin": [8, 8, 8],
					"children": [
						{
							"name": "0",
							"origin": [8, 8, 8],
							"children": [0, 1, 2, 3, 4, 5, 6, 7, 8, 9,
								{
									"name": "group",
									"origin": [8, 9.68615, -3.23345],
									"children": [10, 11, 12, 13, 14, 15, 16, 17]
								},
								{
									"name": "group",
									"origin": [6.79135, 9.2598, -1.86953],
									"children": [18, 19, 20, 21, 22, 23, 24, 25, 26, 27, 28, 29]
								}, 30, 31, 32, 33]
						}
					]
				}
			]
		}
	]
}