{
	"credit": "Made with Blockbench",
	"texture_size": [32, 32],
	"textures": {
		"0": "reia/head",
		"particle": "reia/head"
	},
	"elements": [
		{
			"from": [5.88403, 5.48949, 0.18717],
			"to": [10.06638, 7.71869, 5.64413],
			"rotation": {"angle": 0, "axis": "y", "origin": [11.05334, 8.56762, -25.17992]},
			"faces": {
				"north": {"uv": [2, 9, 3.25, 10.25], "texture": "#0"},
				"east": {"uv": [2, 9, 3.25, 10.25], "texture": "#0"},
				"south": {"uv": [2, 9, 3.25, 10.25], "texture": "#0"},
				"west": {"uv": [2, 9, 3.25, 10.25], "texture": "#0"},
				"up": {"uv": [0, 11, 1.5, 11.75], "texture": "#0"},
				"down": {"uv": [2, 9, 3.25, 10.25], "texture": "#0"}
			}
		},
		{
			"from": [6.34209, 7.62708, 0.18717],
			"to": [9.60833, 8.86382, 5.64413],
			"rotation": {"angle": 0, "axis": "y", "origin": [11.05334, 8.56762, -25.17992]},
			"faces": {
				"north": {"uv": [2, 9, 3.25, 10.25], "texture": "#0"},
				"east": {"uv": [2, 9, 3.25, 10.25], "texture": "#0"},
				"south": {"uv": [2, 9, 3.25, 10.25], "texture": "#0"},
				"west": {"uv": [2, 9, 3.25, 10.25], "texture": "#0"},
				"up": {"uv": [0, 11, 1.5, 11.75], "texture": "#0"},
				"down": {"uv": [2, 9, 3.25, 10.25], "texture": "#0"}
			}
		},
		{
			"from": [7.10551, 8.84856, 0.18717],
			"to": [8.8449, 9.32188, 5.64413],
			"rotation": {"angle": 0, "axis": "y", "origin": [11.05334, 9.02567, -25.17992]},
			"faces": {
				"north": {"uv": [9, 8.25, 10.25, 9.5], "texture": "#0"},
				"east": {"uv": [9, 8.25, 10.25, 9.5], "texture": "#0"},
				"south": {"uv": [9, 8.25, 10.25, 9.5], "texture": "#0"},
				"west": {"uv": [9, 8.25, 10.25, 9.5], "texture": "#0"},
				"up": {"uv": [9, 8.25, 10.25, 9.5], "texture": "#0"},
				"down": {"uv": [9, 8.25, 10.25, 9.5], "texture": "#0"}
			}
		},
		{
			"from": [6.57112, 4.45886, 0.18717],
			"to": [9.3793, 5.54293, 5.64413],
			"rotation": {"angle": 0, "axis": "y", "origin": [11.05334, 8.56762, -25.17992]},
			"faces": {
				"north": {"uv": [0, 1.5, 1.5, 3], "texture": "#0"},
				"east": {"uv": [0, 1.5, 1.5, 3], "texture": "#0"},
				"south": {"uv": [0, 1.5, 1.5, 3], "texture": "#0"},
				"west": {"uv": [0, 1.5, 1.5, 3], "texture": "#0"},
				"up": {"uv": [0, 1.5, 1.5, 3], "texture": "#0"},
				"down": {"uv": [0, 1.5, 1.5, 3], "texture": "#0"}
			}
		},
		{
			"from": [7.16598, 8.97578, 0.34438],
			"to": [8.93712, 9.96824, 2.25294],
			"rotation": {"angle": -22.5, "axis": "x", "origin": [8.05155, 9.41475, 1.96666]},
			"faces": {
				"north": {"uv": [8.5, 1.75, 9.25, 2.75], "texture": "#0"},
				"east": {"uv": [8.5, 1.75, 9.25, 2.75], "texture": "#0"},
				"south": {"uv": [8.5, 1.75, 9.25, 2.75], "texture": "#0"},
				"west": {"uv": [8.5, 1.75, 9.25, 2.75], "texture": "#0"},
				"up": {"uv": [8.5, 1.75, 9.25, 2.75], "texture": "#0"},
				"down": {"uv": [8.5, 1.75, 9.25, 2.75], "texture": "#0"}
			}
		},
		{
			"from": [7.16598, 8.97578, 3.09271],
			"to": [8.93712, 9.96824, 5.00127],
			"rotation": {"angle": -22.5, "axis": "x", "origin": [8.05155, 9.41475, 4.71499]},
			"faces": {
				"north": {"uv": [8.5, 1.75, 9.25, 2.75], "texture": "#0"},
				"east": {"uv": [8.5, 1.75, 9.25, 2.75], "texture": "#0"},
				"south": {"uv": [8.5, 1.75, 9.25, 2.75], "texture": "#0"},
				"west": {"uv": [8.5, 1.75, 9.25, 2.75], "texture": "#0"},
				"up": {"uv": [8.5, 1.75, 9.25, 2.75], "texture": "#0"},
				"down": {"uv": [8.5, 1.75, 9.25, 2.75], "texture": "#0"}
			}
		},
		{
			"from": [7.73854, 9.28115, 1.03146],
			"to": [8.36455, 9.73921, 3.77979],
			"rotation": {"angle": -22.5, "axis": "x", "origin": [8.05155, 9.41475, 1.96666]},
			"faces": {
				"north": {"uv": [1.25, 3.5, 1.5, 4.25], "texture": "#0"},
				"east": {"uv": [1.25, 3.5, 1.5, 4.25], "texture": "#0"},
				"south": {"uv": [1.25, 3.5, 1.5, 4.25], "texture": "#0"},
				"west": {"uv": [1.25, 3.5, 1.5, 4.25], "texture": "#0"},
				"up": {"uv": [1.25, 3.5, 1.5, 4.25], "texture": "#0"},
				"down": {"uv": [1.25, 3.5, 1.5, 4.25], "texture": "#0"}
			}
		},
		{
			"from": [7.73854, 9.28115, 3.77979],
			"to": [8.36455, 9.73921, 6.52812],
			"rotation": {"angle": -22.5, "axis": "x", "origin": [8.05155, 9.41475, 4.71499]},
			"faces": {
				"north": {"uv": [1.25, 3.5, 1.5, 4.25], "texture": "#0"},
				"east": {"uv": [1.25, 3.5, 1.5, 4.25], "texture": "#0"},
				"south": {"uv": [1.25, 3.5, 1.5, 4.25], "texture": "#0"},
				"west": {"uv": [1.25, 3.5, 1.5, 4.25], "texture": "#0"},
				"up": {"uv": [1.25, 3.5, 1.5, 4.25], "texture": "#0"},
				"down": {"uv": [1.25, 3.5, 1.5, 4.25], "texture": "#0"}
			}
		},
		{
			"from": [6.09697, 5.62162, 5.51313],
			"to": [9.86108, 7.6279, 10.4244],
			"rotation": {"angle": 0, "axis": "y", "origin": [10.74934, 8.39194, -17.31725]},
			"faces": {
				"north": {"uv": [2, 9, 3.25, 10.25], "texture": "#0"},
				"east": {"uv": [2, 9, 3.25, 10.25], "texture": "#0"},
				"south": {"uv": [2, 9, 3.25, 10.25], "texture": "#0"},
				"west": {"uv": [2, 9, 3.25, 10.25], "texture": "#0"},
				"up": {"uv": [0, 11, 1.5, 11.75], "texture": "#0"},
				"down": {"uv": [2, 9, 3.25, 10.25], "texture": "#0"}
			}
		},
		{
			"from": [6.84697, 5.57162, 10.4244],
			"to": [9.11108, 7.9279, 10.4494],
			"rotation": {"angle": 0, "axis": "y", "origin": [10.74934, 8.39194, -17.31725]},
			"faces": {
				"north": {"uv": [5.25, 10.5, 7.25, 12.5], "texture": "#0"},
				"east": {"uv": [5.25, 10.5, 7.25, 12.5], "texture": "#0"},
				"south": {"uv": [5.25, 10.5, 7.25, 12.5], "texture": "#0"},
				"west": {"uv": [5.25, 10.5, 7.25, 12.5], "texture": "#0"},
				"up": {"uv": [5.25, 10.5, 7.25, 12.5], "texture": "#0"},
				"down": {"uv": [5.25, 10.5, 7.25, 12.5], "texture": "#0"}
			}
		},
		{
			"from": [7.09697, 7.92162, 10.4244],
			"to": [8.86108, 8.1779, 10.4494],
			"rotation": {"angle": 0, "axis": "y", "origin": [10.74934, 8.39194, -17.31725]},
			"faces": {
				"north": {"uv": [5.25, 10.5, 7.25, 12.5], "texture": "#0"},
				"east": {"uv": [5.25, 10.5, 7.25, 12.5], "texture": "#0"},
				"south": {"uv": [5.75, 10.5, 6.75, 10.75], "texture": "#0"},
				"west": {"uv": [5.25, 10.5, 7.25, 12.5], "texture": "#0"},
				"up": {"uv": [5.25, 10.5, 7.25, 12.5], "texture": "#0"},
				"down": {"uv": [5.25, 10.5, 7.25, 12.5], "texture": "#0"}
			}
		},
		{
			"from": [7.09697, 5.32162, 10.4244],
			"to": [8.86108, 5.5779, 10.4494],
			"rotation": {"angle": 0, "axis": "y", "origin": [10.74934, 5.79194, -17.31725]},
			"faces": {
				"north": {"uv": [5.25, 10.5, 7.25, 12.5], "texture": "#0"},
				"east": {"uv": [5.25, 10.5, 7.25, 12.5], "texture": "#0"},
				"south": {"uv": [5.75, 10.5, 6.75, 10.75], "texture": "#0"},
				"west": {"uv": [5.25, 10.5, 7.25, 12.5], "texture": "#0"},
				"up": {"uv": [5.25, 10.5, 7.25, 12.5], "texture": "#0"},
				"down": {"uv": [5.25, 10.5, 7.25, 12.5], "texture": "#0"}
			}
		},
		{
			"from": [9.10088, 5.8677, 10.4244],
			"to": [9.35716, 7.63181, 10.4494],
			"rotation": {"angle": 0, "axis": "z", "origin": [9.22902, 6.74976, 10.4369]},
			"faces": {
				"north": {"uv": [5.25, 10.5, 7.25, 12.5], "rotation": 270, "texture": "#0"},
				"east": {"uv": [5.25, 10.5, 7.25, 12.5], "rotation": 90, "texture": "#0"},
				"south": {"uv": [5.75, 10.5, 6.75, 10.75], "rotation": 90, "texture": "#0"},
				"west": {"uv": [5.25, 10.5, 7.25, 12.5], "rotation": 90, "texture": "#0"},
				"up": {"uv": [5.25, 10.5, 7.25, 12.5], "rotation": 90, "texture": "#0"},
				"down": {"uv": [5.25, 10.5, 7.25, 12.5], "rotation": 90, "texture": "#0"}
			}
		},
		{
			"from": [6.60089, 5.8677, 10.4244],
			"to": [6.85717, 7.63181, 10.4494],
			"rotation": {"angle": 0, "axis": "z", "origin": [6.72903, 6.74976, 10.4369]},
			"faces": {
				"north": {"uv": [5.25, 10.5, 7.25, 12.5], "rotation": 270, "texture": "#0"},
				"east": {"uv": [5.25, 10.5, 7.25, 12.5], "rotation": 90, "texture": "#0"},
				"south": {"uv": [5.75, 10.5, 6.75, 10.75], "rotation": 90, "texture": "#0"},
				"west": {"uv": [5.25, 10.5, 7.25, 12.5], "rotation": 90, "texture": "#0"},
				"up": {"uv": [5.25, 10.5, 7.25, 12.5], "rotation": 90, "texture": "#0"},
				"down": {"uv": [5.25, 10.5, 7.25, 12.5], "rotation": 90, "texture": "#0"}
			}
		},
		{
			"from": [6.50922, 7.54545, 5.51313],
			"to": [9.44883, 8.65853, 10.4244],
			"rotation": {"angle": 0, "axis": "y", "origin": [10.74934, 8.39194, -17.31725]},
			"faces": {
				"north": {"uv": [2, 9, 3.25, 10.25], "texture": "#0"},
				"east": {"uv": [2, 9, 3.25, 10.25], "texture": "#0"},
				"south": {"uv": [2, 9, 3.25, 10.25], "texture": "#0"},
				"west": {"uv": [2, 9, 3.25, 10.25], "texture": "#0"},
				"up": {"uv": [0, 11, 1.5, 11.75], "texture": "#0"},
				"down": {"uv": [2, 9, 3.25, 10.25], "texture": "#0"}
			}
		},
		{
			"from": [7.1963, 8.64478, 5.51313],
			"to": [8.76175, 9.07078, 10.4244],
			"rotation": {"angle": 0, "axis": "y", "origin": [10.74934, 8.80419, -17.31725]},
			"faces": {
				"north": {"uv": [9, 8.25, 10.25, 9.5], "texture": "#0"},
				"east": {"uv": [9, 8.25, 10.25, 9.5], "texture": "#0"},
				"south": {"uv": [9, 8.25, 10.25, 9.5], "texture": "#0"},
				"west": {"uv": [9, 8.25, 10.25, 9.5], "texture": "#0"},
				"up": {"uv": [9, 8.25, 10.25, 9.5], "texture": "#0"},
				"down": {"uv": [9, 8.25, 10.25, 9.5], "texture": "#0"}
			}
		},
		{
			"from": [6.71534, 4.69406, 5.51313],
			"to": [9.24271, 5.66972, 10.4244],
			"rotation": {"angle": 0, "axis": "y", "origin": [10.74934, 8.39194, -17.31725]},
			"faces": {
				"north": {"uv": [0, 1.5, 1.5, 3], "texture": "#0"},
				"east": {"uv": [0, 1.5, 1.5, 3], "texture": "#0"},
				"south": {"uv": [0, 1.5, 1.5, 3], "texture": "#0"},
				"west": {"uv": [0, 1.5, 1.5, 3], "texture": "#0"},
				"up": {"uv": [0, 1.5, 1.5, 3], "texture": "#0"},
				"down": {"uv": [0, 1.5, 1.5, 3], "texture": "#0"}
			}
		},
		{
			"from": [7.25072, 8.75929, 5.65462],
			"to": [8.84475, 9.6525, 7.37233],
			"rotation": {"angle": -22.5, "axis": "x", "origin": [8.04773, 9.15436, 7.11467]},
			"faces": {
				"north": {"uv": [8.5, 1.75, 9.25, 2.75], "texture": "#0"},
				"east": {"uv": [8.5, 1.75, 9.25, 2.75], "texture": "#0"},
				"south": {"uv": [8.5, 1.75, 9.25, 2.75], "texture": "#0"},
				"west": {"uv": [8.5, 1.75, 9.25, 2.75], "texture": "#0"},
				"up": {"uv": [8.5, 1.75, 9.25, 2.75], "texture": "#0"},
				"down": {"uv": [8.5, 1.75, 9.25, 2.75], "texture": "#0"}
			}
		},
		{
			"from": [7.25072, 8.75929, 8.12812],
			"to": [8.84475, 9.6525, 9.84582],
			"rotation": {"angle": -22.5, "axis": "x", "origin": [8.04773, 9.15436, 9.58817]},
			"faces": {
				"north": {"uv": [8.5, 1.75, 9.25, 2.75], "texture": "#0"},
				"east": {"uv": [8.5, 1.75, 9.25, 2.75], "texture": "#0"},
				"south": {"uv": [8.5, 1.75, 9.25, 2.75], "texture": "#0"},
				"west": {"uv": [8.5, 1.75, 9.25, 2.75], "texture": "#0"},
				"up": {"uv": [8.5, 1.75, 9.25, 2.75], "texture": "#0"},
				"down": {"uv": [8.5, 1.75, 9.25, 2.75], "texture": "#0"}
			}
		},
		{
			"from": [7.76603, 9.03412, 6.27299],
			"to": [8.32944, 9.44637, 8.74649],
			"rotation": {"angle": -22.5, "axis": "x", "origin": [8.04773, 9.15436, 7.11467]},
			"faces": {
				"north": {"uv": [1.25, 3.5, 1.5, 4.25], "texture": "#0"},
				"east": {"uv": [1.25, 3.5, 1.5, 4.25], "texture": "#0"},
				"south": {"uv": [1.25, 3.5, 1.5, 4.25], "texture": "#0"},
				"west": {"uv": [1.25, 3.5, 1.5, 4.25], "texture": "#0"},
				"up": {"uv": [1.25, 3.5, 1.5, 4.25], "texture": "#0"},
				"down": {"uv": [1.25, 3.5, 1.5, 4.25], "texture": "#0"}
			}
		},
		{
			"from": [7.76603, 9.03412, 8.74649],
			"to": [8.32944, 9.44637, 11.21999],
			"rotation": {"angle": -22.5, "axis": "x", "origin": [8.04773, 9.15436, 9.58817]},
			"faces": {
				"north": {"uv": [1.25, 3.5, 1.5, 4.25], "texture": "#0"},
				"east": {"uv": [1.25, 3.5, 1.5, 4.25], "texture": "#0"},
				"south": {"uv": [1.25, 3.5, 1.5, 4.25], "texture": "#0"},
				"west": {"uv": [1.25, 3.5, 1.5, 4.25], "texture": "#0"},
				"up": {"uv": [1.25, 3.5, 1.5, 4.25], "texture": "#0"},
				"down": {"uv": [1.25, 3.5, 1.5, 4.25], "texture": "#0"}
			}
		}
	],
	"display": {
		"head": {
			"translation": [0, -1.75, 24.25],
			"scale": [4, 4, 4]
		}
	},
	"groups": [
		{
			"name": "root",
			"origin": [8, 8, 8],
			"children": [
				{
					"name": "tail",
					"origin": [8, 8, 8],
					"children": [
						{
							"name": "1",
							"origin": [8, 8, 8],
							"children": [
								{
									"name": "group",
									"origin": [8, 8, 8],
									"children": [0, 1, 2, 3,
										{
											"name": "group",
											"origin": [8.05, 10.48413, 9.47217],
											"children": [4, 5, 6, 7]
										}
									]
								},
								{
									"name": "group",
									"origin": [8, 8, 8],
									"children": [8, 9, 10, 11, 12, 13, 14, 15, 16,
										{
											"name": "group",
											"origin": [8.05, 10.48413, 9.47217],
											"children": [17, 18, 19, 20]
										}
									]
								}
							]
						}
					]
				}
			]
		}
	]
}