{
	"credit": "Made with Blockbench",
	"textures": {
		"1": "tiga/tiga"
	},
	"elements": [
		{
			"from": [6.01796, -2.91439, 7.38263],
			"to": [12.10196, 0.46561, 11.60763],
			"rotation": {"angle": 0, "axis": "y", "origin": [29.33996, 10.60561, 9.91763]},
			"faces": {
				"north": {"uv": [2.3125, 7.75, 1.875, 7.5], "rotation": 180, "texture": "#1"},
				"east": {"uv": [8, 7, 8.25, 7.3125], "rotation": 90, "texture": "#1"},
				"south": {"uv": [7.9375, 3.25, 7.5, 3.5], "texture": "#1"},
				"west": {"uv": [7.375, 8, 7.625, 8.3125], "rotation": 270, "texture": "#1"},
				"up": {"uv": [2.5, 6.875, 2.9375, 7.1875], "texture": "#1"},
				"down": {"uv": [2, 6.875, 2.4375, 7.1875], "rotation": 180, "texture": "#1"}
			}
		},
		{
			"from": [10.41196, -5.02689, 8.22763],
			"to": [12.10196, -2.91439, 11.60763],
			"rotation": {"angle": 0, "axis": "y", "origin": [29.33996, 10.60561, 9.91763]},
			"faces": {
				"north": {"uv": [6.5, 9.53125, 6.375, 9.375], "rotation": 180, "texture": "#1"},
				"east": {"uv": [7.75, 8.75, 7.90625, 9], "rotation": 90, "texture": "#1"},
				"south": {"uv": [7, 9.375, 6.875, 9.53125], "texture": "#1"},
				"west": {"uv": [8, 8.75, 8.15625, 9], "rotation": 270, "texture": "#1"},
				"up": {"uv": [1.625, 6.375, 1.75, 6.625], "texture": "#1"},
				"down": {"uv": [1.625, 5.125, 1.75, 5.375], "rotation": 180, "texture": "#1"}
			}
		},
		{
			"from": [8.21496, -5.87189, 7.72063],
			"to": [9.90496, -2.91439, 11.60763],
			"rotation": {"angle": 0, "axis": "y", "origin": [29.33996, 10.60561, 9.91763]},
			"faces": {
				"north": {"uv": [3.75, 9.34375, 3.625, 9.125], "rotation": 180, "texture": "#1"},
				"east": {"uv": [0.125, 8.25, 0.34375, 8.53125], "rotation": 90, "texture": "#1"},
				"south": {"uv": [9.25, 6.25, 9.125, 6.46875], "texture": "#1"},
				"west": {"uv": [0.875, 8.25, 1.09375, 8.53125], "rotation": 270, "texture": "#1"},
				"up": {"uv": [3.75, 8.875, 3.875, 9.15625], "texture": "#1"},
				"down": {"uv": [2.5, 8.875, 2.625, 9.15625], "rotation": 180, "texture": "#1"}
			}
		},
		{
			"from": [6.01796, -5.02689, 8.22763],
			"to": [7.70796, -2.91439, 11.60763],
			"rotation": {"angle": 0, "axis": "y", "origin": [29.33996, 10.60561, 9.91763]},
			"faces": {
				"north": {"uv": [7.125, 9.53125, 7, 9.375], "rotation": 180, "texture": "#1"},
				"east": {"uv": [8.25, 8.75, 8.40625, 9], "rotation": 90, "texture": "#1"},
				"south": {"uv": [9.5, 7, 9.375, 7.15625], "texture": "#1"},
				"west": {"uv": [8.5, 8.75, 8.65625, 9], "rotation": 270, "texture": "#1"},
				"up": {"uv": [2, 6.625, 2.125, 6.875], "texture": "#1"},
				"down": {"uv": [6.125, 6.375, 6.25, 6.625], "rotation": 180, "texture": "#1"}
			}
		},
		{
			"from": [8.55296, -7.56189, 8.22763],
			"to": [9.56696, -5.87189, 11.60763],
			"rotation": {"angle": 0, "axis": "y", "origin": [29.33996, 10.60561, 9.91763]},
			"faces": {
				"north": {"uv": [9.8125, 6.25, 9.75, 6.125], "rotation": 180, "texture": "#1"},
				"east": {"uv": [5.75, 6.875, 5.875, 7.125], "rotation": 90, "texture": "#1"},
				"south": {"uv": [9.8125, 6.25, 9.75, 6.375], "texture": "#1"},
				"west": {"uv": [1.5, 9, 1.625, 9.25], "rotation": 270, "texture": "#1"},
				"up": {"uv": [9.5, 5, 9.5625, 5.25], "texture": "#1"},
				"down": {"uv": [4.5, 9.5, 4.5625, 9.75], "rotation": 180, "texture": "#1"}
			}
		},
		{
			"from": [10.74996, -6.71689, 8.73463],
			"to": [11.76396, -5.02689, 11.60763],
			"rotation": {"angle": 0, "axis": "y", "origin": [29.33996, 10.60561, 9.91763]},
			"faces": {
				"north": {"uv": [9.8125, 6.5, 9.75, 6.375], "rotation": 180, "texture": "#1"},
				"east": {"uv": [7, 9.125, 7.125, 9.34375], "rotation": 90, "texture": "#1"},
				"south": {"uv": [6.5625, 9.75, 6.5, 9.875], "texture": "#1"},
				"west": {"uv": [7.125, 9.125, 7.25, 9.34375], "rotation": 270, "texture": "#1"},
				"up": {"uv": [0.125, 9.625, 0.1875, 9.84375], "texture": "#1"},
				"down": {"uv": [9.625, 0, 9.6875, 0.21875], "rotation": 180, "texture": "#1"}
			}
		},
		{
			"from": [6.35596, -6.71689, 8.73463],
			"to": [7.36996, -5.02689, 11.60763],
			"rotation": {"angle": 0, "axis": "y", "origin": [29.33996, 10.60561, 9.91763]},
			"faces": {
				"north": {"uv": [9.8125, 6.625, 9.75, 6.5], "rotation": 180, "texture": "#1"},
				"east": {"uv": [7.25, 9.125, 7.375, 9.34375], "rotation": 90, "texture": "#1"},
				"south": {"uv": [6.6875, 9.75, 6.625, 9.875], "texture": "#1"},
				"west": {"uv": [9.125, 7.25, 9.25, 7.46875], "rotation": 270, "texture": "#1"},
				"up": {"uv": [9.625, 0.25, 9.6875, 0.46875], "texture": "#1"},
				"down": {"uv": [0.25, 9.625, 0.3125, 9.84375], "rotation": 180, "texture": "#1"}
			}
		}
	],
	"display": {
		"head": {
			"rotation": [90, 0, 0],
			"translation": [-4.25, -2, 36.75],
			"scale": [4, 4, 4]
		}
	},
	"groups": [
		{
			"name": "root",
			"origin": [24, -15, 15],
			"color": 2,
			"children": [
				{
					"name": "wing_l",
					"origin": [24, -15, 15],
					"color": 2,
					"children": [
						{
							"name": "11",
							"origin": [24, 0, 14],
							"color": 0,
							"children": [0, 1, 2, 3, 4, 5, 6]
						}
					]
				}
			]
		}
	]
}