{
	"credit": "Made with Blockbench",
	"textures": {
		"1": "tiga/tiga"
	},
	"elements": [
		{
			"from": [1.24, 1.91797, 4.70581],
			"to": [14.76, 7.83297, 11.46581],
			"rotation": {"angle": 0, "axis": "y", "origin": [8, 2.76297, -1.20919]},
			"faces": {
				"north": {"uv": [3.25, 0.375, 4.25, 0.8125], "texture": "#1"},
				"east": {"uv": [5.75, 2, 6.25, 2.4375], "texture": "#1"},
				"south": {"uv": [0.5, 3.25, 1.5, 3.6875], "texture": "#1"},
				"west": {"uv": [2.125, 5.75, 2.625, 6.1875], "texture": "#1"},
				"up": {"uv": [3.75, 2.5, 2.75, 2], "texture": "#1"},
				"down": {"uv": [3.75, 2.5, 2.75, 3], "texture": "#1"}
			}
		},
		{
			"from": [3.944, 0.73497, 4.70412],
			"to": [12.056, 2.76297, 13.99912],
			"rotation": {"angle": 0, "axis": "y", "origin": [8, 2.76297, -1.20919]},
			"faces": {
				"north": {"uv": [7.75, 3.5, 8.34375, 3.65625], "texture": "#1"},
				"east": {"uv": [3.75, 7.625, 4.4375, 7.78125], "texture": "#1"},
				"south": {"uv": [7.75, 4.375, 8.34375, 4.53125], "texture": "#1"},
				"west": {"uv": [7.625, 4.875, 8.3125, 5.03125], "texture": "#1"},
				"up": {"uv": [4.09375, 1.9375, 3.5, 1.25], "texture": "#1"},
				"down": {"uv": [4.21875, 3.375, 3.625, 4.0625], "texture": "#1"}
			}
		},
		{
			"from": [3.944, 3.60797, 2.50881],
			"to": [5.465, 7.66397, 3.86081],
			"rotation": {"angle": 0, "axis": "y", "origin": [8, 2.76297, -1.20919]},
			"faces": {
				"north": {"uv": [8.75, 8.5, 8.875, 8.8125], "texture": "#1"},
				"east": {"uv": [6.375, 9, 6.46875, 9.3125], "texture": "#1"},
				"south": {"uv": [0.125, 8.875, 0.25, 9.1875], "texture": "#1"},
				"west": {"uv": [1.625, 9.125, 1.71875, 9.4375], "texture": "#1"},
				"up": {"uv": [7.625, 6.09375, 7.5, 6], "texture": "#1"},
				"down": {"uv": [4.625, 7.625, 4.5, 7.71875], "texture": "#1"}
			}
		},
		{
			"from": [10.535, 3.60797, 2.50881],
			"to": [12.056, 7.66397, 3.86081],
			"rotation": {"angle": 0, "axis": "y", "origin": [8, 2.76297, -1.20919]},
			"faces": {
				"north": {"uv": [0.25, 8.875, 0.375, 9.1875], "texture": "#1"},
				"east": {"uv": [2.625, 9.125, 2.71875, 9.4375], "texture": "#1"},
				"south": {"uv": [0.375, 8.875, 0.5, 9.1875], "texture": "#1"},
				"west": {"uv": [2.75, 9.125, 2.84375, 9.4375], "texture": "#1"},
				"up": {"uv": [2.75, 7.84375, 2.625, 7.75], "texture": "#1"},
				"down": {"uv": [6.25, 7.75, 6.125, 7.84375], "texture": "#1"}
			}
		},
		{
			"from": [2.254, 9.86097, 3.35381],
			"to": [3.268, 13.24097, 10.95881],
			"rotation": {"angle": 22.5, "axis": "x", "origin": [8, 2.76297, -1.20919]},
			"faces": {
				"north": {"uv": [5.125, 9.5, 5.1875, 9.75], "texture": "#1"},
				"east": {"uv": [6.625, 1.75, 7.1875, 2], "texture": "#1"},
				"south": {"uv": [5.25, 9.5, 5.3125, 9.75], "texture": "#1"},
				"west": {"uv": [6.625, 2, 7.1875, 2.25], "texture": "#1"},
				"up": {"uv": [6.0625, 9.4375, 6, 8.875], "texture": "#1"},
				"down": {"uv": [6.1875, 8.875, 6.125, 9.4375], "texture": "#1"}
			}
		},
		{
			"from": [3.268, 8.67797, 0.48081],
			"to": [4.5355, 14.59297, 4.70581],
			"rotation": {"angle": 22.5, "axis": "x", "origin": [8, 2.76297, -1.20919]},
			"faces": {
				"north": {"uv": [2.125, 8.75, 2.21875, 9.1875], "texture": "#1"},
				"east": {"uv": [1.25, 6.875, 1.5625, 7.3125], "texture": "#1"},
				"south": {"uv": [3.875, 8.75, 3.96875, 9.1875], "texture": "#1"},
				"west": {"uv": [3, 6.875, 3.3125, 7.3125], "texture": "#1"},
				"up": {"uv": [2.96875, 9.4375, 2.875, 9.125], "texture": "#1"},
				"down": {"uv": [3.09375, 9.125, 3, 9.4375], "texture": "#1"}
			}
		},
		{
			"from": [3.26462, 2.76297, 3.86081],
			"to": [12.73538, 7.83297, 14.00081],
			"rotation": {"angle": 0, "axis": "y", "origin": [8, 2.76297, -1.20919]},
			"faces": {
				"north": {"uv": [5.125, 2.875, 5.8125, 3.25], "texture": "#1"},
				"east": {"uv": [4.625, 1.25, 5.375, 1.625], "texture": "#1"},
				"south": {"uv": [3.5, 5.125, 4.1875, 5.5], "texture": "#1"},
				"west": {"uv": [4.625, 1.625, 5.375, 2], "texture": "#1"},
				"up": {"uv": [1.1875, 3.25, 0.5, 2.5], "texture": "#1"},
				"down": {"uv": [1.9375, 2.5, 1.25, 3.25], "texture": "#1"}
			}
		},
		{
			"from": [5.803, 7.83297, 3.81856],
			"to": [10.197, 9.86097, 13.15581],
			"rotation": {"angle": 0, "axis": "y", "origin": [8, 2.76297, -1.20919]},
			"faces": {
				"north": {"uv": [8.625, 2.125, 8.9375, 2.28125], "texture": "#1"},
				"east": {"uv": [7.625, 5.125, 8.3125, 5.28125], "texture": "#1"},
				"south": {"uv": [2.25, 8.625, 2.5625, 8.78125], "texture": "#1"},
				"west": {"uv": [7.625, 6, 8.3125, 6.15625], "texture": "#1"},
				"up": {"uv": [0.8125, 6.5625, 0.5, 5.875], "texture": "#1"},
				"down": {"uv": [2.0625, 5.875, 1.75, 6.5625], "texture": "#1"}
			}
		},
		{
			"from": [4.62, 7.83297, 3.86081],
			"to": [11.38, 8.67797, 14.00081],
			"rotation": {"angle": 0, "axis": "y", "origin": [8, 2.76297, -1.20919]},
			"faces": {
				"north": {"uv": [9, 3, 9.5, 3.0625], "texture": "#1"},
				"east": {"uv": [8.625, 4, 9.375, 4.0625], "texture": "#1"},
				"south": {"uv": [9, 4.75, 9.5, 4.8125], "texture": "#1"},
				"west": {"uv": [8.625, 4.625, 9.375, 4.6875], "texture": "#1"},
				"up": {"uv": [0.5, 4.625, 0, 3.875], "texture": "#1"},
				"down": {"uv": [4.5, 2.625, 4, 3.375], "texture": "#1"}
			}
		},
		{
			"from": [7.493, 9.86097, 7.24081],
			"to": [8.507, 11.88897, 13.15581],
			"rotation": {"angle": 0, "axis": "y", "origin": [8, 2.76297, -1.20919]},
			"faces": {
				"north": {"uv": [7.75, 9.625, 7.8125, 9.78125], "texture": "#1"},
				"east": {"uv": [8.125, 4.625, 8.5625, 4.78125], "texture": "#1"},
				"south": {"uv": [9.625, 7.75, 9.6875, 7.90625], "texture": "#1"},
				"west": {"uv": [4.75, 8.125, 5.1875, 8.28125], "texture": "#1"},
				"up": {"uv": [7.4375, 9.5625, 7.375, 9.125], "texture": "#1"},
				"down": {"uv": [7.5625, 9.125, 7.5, 9.5625], "texture": "#1"}
			}
		},
		{
			"from": [3.26631, 10.02997, -0.87119],
			"to": [4.53719, 19.15597, 2.17081],
			"rotation": {"angle": 45, "axis": "x", "origin": [8.338, 2.76297, -1.20919]},
			"faces": {
				"north": {"uv": [3.75, 8.125, 3.84375, 8.8125], "texture": "#1"},
				"east": {"uv": [3.625, 6.375, 3.84375, 7.0625], "texture": "#1"},
				"south": {"uv": [6.625, 8.125, 6.71875, 8.8125], "texture": "#1"},
				"west": {"uv": [5.875, 6.375, 6.09375, 7.0625], "texture": "#1"},
				"up": {"uv": [9.46875, 2.59375, 9.375, 2.375], "texture": "#1"},
				"down": {"uv": [9.46875, 3.25, 9.375, 3.46875], "texture": "#1"}
			}
		},
		{
			"from": [3.268, 10.87497, 5.38181],
			"to": [4.5355, 17.63497, 9.09981],
			"rotation": {"angle": 22.5, "axis": "x", "origin": [7.662, 2.76297, -1.20919]},
			"faces": {
				"north": {"uv": [1.5, 7.375, 1.59375, 7.875], "texture": "#1"},
				"east": {"uv": [1.625, 6.625, 1.90625, 7.125], "texture": "#1"},
				"south": {"uv": [1.625, 8.625, 1.71875, 9.125], "texture": "#1"},
				"west": {"uv": [6.625, 2.25, 6.90625, 2.75], "texture": "#1"},
				"up": {"uv": [0.21875, 9.53125, 0.125, 9.25], "texture": "#1"},
				"down": {"uv": [0.34375, 9.25, 0.25, 9.53125], "texture": "#1"}
			}
		},
		{
			"from": [11.4645, 8.67797, 0.48081],
			"to": [12.732, 14.59297, 4.70581],
			"rotation": {"angle": 22.5, "axis": "x", "origin": [8, 2.76297, -1.20919]},
			"faces": {
				"north": {"uv": [5.875, 8.75, 5.96875, 9.1875], "texture": "#1"},
				"east": {"uv": [3.875, 6.875, 4.1875, 7.3125], "texture": "#1"},
				"south": {"uv": [6.5, 8.75, 6.59375, 9.1875], "texture": "#1"},
				"west": {"uv": [4.25, 6.875, 4.5625, 7.3125], "texture": "#1"},
				"up": {"uv": [3.21875, 9.4375, 3.125, 9.125], "texture": "#1"},
				"down": {"uv": [3.34375, 9.125, 3.25, 9.4375], "texture": "#1"}
			}
		},
		{
			"from": [12.732, 9.86097, 3.35381],
			"to": [13.746, 13.24097, 10.95881],
			"rotation": {"angle": 22.5, "axis": "x", "origin": [8, 2.76297, -1.20919]},
			"faces": {
				"north": {"uv": [9.5, 5.25, 9.5625, 5.5], "texture": "#1"},
				"east": {"uv": [6.625, 4.5, 7.1875, 4.75], "texture": "#1"},
				"south": {"uv": [5.375, 9.5, 5.4375, 9.75], "texture": "#1"},
				"west": {"uv": [6.625, 4.75, 7.1875, 5], "texture": "#1"},
				"up": {"uv": [6.6875, 9.4375, 6.625, 8.875], "texture": "#1"},
				"down": {"uv": [6.8125, 8.875, 6.75, 9.4375], "texture": "#1"}
			}
		},
		{
			"from": [11.46281, 10.02997, -0.87119],
			"to": [12.73369, 19.15597, 2.17081],
			"rotation": {"angle": 45, "axis": "x", "origin": [7.662, 2.76297, -1.20919]},
			"faces": {
				"north": {"uv": [6.75, 8.125, 6.84375, 8.8125], "texture": "#1"},
				"east": {"uv": [6.5, 6.125, 6.71875, 6.8125], "texture": "#1"},
				"south": {"uv": [6.875, 8.125, 6.96875, 8.8125], "texture": "#1"},
				"west": {"uv": [6.625, 0, 6.84375, 0.6875], "texture": "#1"},
				"up": {"uv": [3.46875, 9.59375, 3.375, 9.375], "texture": "#1"},
				"down": {"uv": [3.59375, 9.375, 3.5, 9.59375], "texture": "#1"}
			}
		},
		{
			"from": [7.493, 9.86097, 3.86081],
			"to": [8.507, 11.21297, 7.24081],
			"rotation": {"angle": 0, "axis": "y", "origin": [8, 2.76297, -1.20919]},
			"faces": {
				"north": {"uv": [1.5, 9.875, 1.5625, 9.96875], "texture": "#1"},
				"east": {"uv": [9.25, 7.25, 9.5, 7.34375], "texture": "#1"},
				"south": {"uv": [9.875, 1.5, 9.9375, 1.59375], "texture": "#1"},
				"west": {"uv": [9.25, 7.375, 9.5, 7.46875], "texture": "#1"},
				"up": {"uv": [5.5625, 9.75, 5.5, 9.5], "texture": "#1"},
				"down": {"uv": [9.5625, 5.5, 9.5, 5.75], "texture": "#1"}
			}
		},
		{
			"from": [11.4645, 10.87497, 5.38181],
			"to": [12.732, 17.63497, 9.09981],
			"rotation": {"angle": 22.5, "axis": "x", "origin": [8.338, 2.76297, -1.20919]},
			"faces": {
				"north": {"uv": [3.125, 8.625, 3.21875, 9.125], "texture": "#1"},
				"east": {"uv": [6.125, 6.625, 6.40625, 7.125], "texture": "#1"},
				"south": {"uv": [4.75, 8.625, 4.84375, 9.125], "texture": "#1"},
				"west": {"uv": [6.75, 0.75, 7.03125, 1.25], "texture": "#1"},
				"up": {"uv": [0.46875, 9.53125, 0.375, 9.25], "texture": "#1"},
				"down": {"uv": [1.59375, 9.25, 1.5, 9.53125], "texture": "#1"}
			}
		}
	],
	"display": {
		"head": {
			"translation": [0, 5, -16.75],
			"scale": [4, 4, 4]
		}
	},
	"groups": [
		{
			"name": "root",
			"origin": [24, -15, 15],
			"color": 2,
			"children": [
				{
					"name": "body",
					"origin": [12, 0, 1],
					"color": 2,
					"children": [
						{
							"name": "front",
							"origin": [12.2, 0, 1],
							"color": 0,
							"children": [0, 1, 2, 3, 4, 5, 6, 7, 8, 9, 10, 11, 12, 13, 14, 15, 16]
						}
					]
				}
			]
		}
	]
}