{
	"credit": "Made with Blockbench",
	"textures": {
		"1": "tiga/tiga"
	},
	"elements": [
		{
			"from": [7.493, 8.04043, 4.77634],
			"to": [8.507, 8.54743, 9.42384],
			"rotation": {"angle": 22.5, "axis": "x", "origin": [8, 1.11143, 14.36709]},
			"faces": {
				"north": {"uv": [4.625, 9.875, 4.6875, 9.90625], "texture": "#1"},
				"east": {"uv": [9.625, 5.5, 9.96875, 5.53125], "texture": "#1"},
				"south": {"uv": [9.875, 4.625, 9.9375, 4.65625], "texture": "#1"},
				"west": {"uv": [5.625, 9.625, 5.96875, 9.65625], "texture": "#1"},
				"up": {"uv": [0.8125, 9.71875, 0.75, 9.375], "texture": "#1"},
				"down": {"uv": [0.9375, 9.375, 0.875, 9.71875], "texture": "#1"}
			}
		},
		{
			"from": [6.479, 6.01243, 1.69209],
			"to": [9.521, 7.27993, 4.64959],
			"rotation": {"angle": 22.5, "axis": "x", "origin": [8, 1.11143, 14.36709]},
			"faces": {
				"north": {"uv": [1, 9.375, 1.21875, 9.46875], "texture": "#1"},
				"east": {"uv": [9.375, 1.25, 9.59375, 1.34375], "texture": "#1"},
				"south": {"uv": [9.375, 1.375, 9.59375, 1.46875], "texture": "#1"},
				"west": {"uv": [1.75, 9.375, 1.96875, 9.46875], "texture": "#1"},
				"up": {"uv": [0.71875, 8.84375, 0.5, 8.625], "texture": "#1"},
				"down": {"uv": [8.84375, 2.375, 8.625, 2.59375], "texture": "#1"}
			}
		},
		{
			"from": [6.48069, 0.43543, 0.00209],
			"to": [9.51931, 1.95643, 0.84709],
			"rotation": {"angle": 45, "axis": "x", "origin": [8, 1.11143, 14.36709]},
			"faces": {
				"north": {"uv": [6.375, 4.5, 6.59375, 4.625], "texture": "#1"},
				"east": {"uv": [4.125, 9.75, 4.1875, 9.875], "texture": "#1"},
				"south": {"uv": [6.5, 3.5, 6.71875, 3.625], "texture": "#1"},
				"west": {"uv": [9.75, 4.125, 9.8125, 4.25], "texture": "#1"},
				"up": {"uv": [9.71875, 8.1875, 9.5, 8.125], "texture": "#1"},
				"down": {"uv": [9.71875, 8.375, 9.5, 8.4375], "texture": "#1"}
			}
		},
		{
			"from": [6.648, 10.40643, 6.00159],
			"to": [9.352, 11.25143, 8.11409],
			"rotation": {"angle": 0, "axis": "y", "origin": [8, 1.11143, 14.36709]},
			"faces": {
				"north": {"uv": [9.5, 9.375, 9.6875, 9.4375], "texture": "#1"},
				"east": {"uv": [9.625, 5.625, 9.78125, 5.6875], "texture": "#1"},
				"south": {"uv": [9.625, 0.5, 9.8125, 0.5625], "texture": "#1"},
				"west": {"uv": [9.625, 5.75, 9.78125, 5.8125], "texture": "#1"},
				"up": {"uv": [7.9375, 9.15625, 7.75, 9], "texture": "#1"},
				"down": {"uv": [8.1875, 9, 8, 9.15625], "texture": "#1"}
			}
		},
		{
			"from": [5.972, 6.51943, 5.15659],
			"to": [6.479, 6.62643, 5.66359],
			"rotation": {"angle": 22.5, "axis": "x", "origin": [8, 1.11143, 14.36709]},
			"faces": {
				"north": {"uv": [0, 9.75, 0.09375, 9.84375], "texture": "#1"},
				"east": {"uv": [0.5, 9.75, 0.59375, 9.84375], "texture": "#1"},
				"south": {"uv": [0.625, 9.75, 0.71875, 9.84375], "texture": "#1"},
				"west": {"uv": [0.75, 9.75, 0.84375, 9.78125], "texture": "#1"},
				"up": {"uv": [0.96875, 9.84375, 0.875, 9.75], "texture": "#1"},
				"down": {"uv": [9.84375, 0.875, 9.75, 0.96875], "texture": "#1"}
			}
		},
		{
			"from": [9.521, 6.51943, 5.15659],
			"to": [10.028, 6.62643, 5.66359],
			"rotation": {"angle": 22.5, "axis": "x", "origin": [8, 1.11143, 14.36709]},
			"faces": {
				"north": {"uv": [0.09375, 9.75, 0, 9.84375], "texture": "#1"},
				"east": {"uv": [0.84375, 9.75, 0.75, 9.78125], "texture": "#1"},
				"south": {"uv": [0.71875, 9.75, 0.625, 9.84375], "texture": "#1"},
				"west": {"uv": [0.59375, 9.75, 0.5, 9.84375], "texture": "#1"},
				"up": {"uv": [0.875, 9.84375, 0.96875, 9.75], "texture": "#1"},
				"down": {"uv": [9.75, 0.875, 9.84375, 0.96875], "texture": "#1"}
			}
		},
		{
			"from": [5.80317, 8.54743, 6.76209],
			"to": [10.19683, 9.56143, 10.81809],
			"rotation": {"angle": 0, "axis": "y", "origin": [8, 1.11143, 14.36709]},
			"faces": {
				"north": {"uv": [9.375, 3.75, 9.6875, 3.8125], "texture": "#1"},
				"east": {"uv": [9.375, 3.875, 9.6875, 3.9375], "texture": "#1"},
				"south": {"uv": [9.375, 4, 9.6875, 4.0625], "texture": "#1"},
				"west": {"uv": [9.375, 4.125, 9.6875, 4.1875], "texture": "#1"},
				"up": {"uv": [7.9375, 7.3125, 7.625, 7], "texture": "#1"},
				"down": {"uv": [7.6875, 7.625, 7.375, 7.9375], "texture": "#1"}
			}
		},
		{
			"from": [3.775, 9.22174, 7.77609],
			"to": [5.127, 10.91174, 8.95909],
			"rotation": {"angle": -22.5, "axis": "y", "origin": [8, 1.11143, 14.36709]},
			"faces": {
				"north": {"uv": [5, 3.75, 5.09375, 3.875], "texture": "#1"},
				"east": {"uv": [0.375, 5.25, 0.46875, 5.375], "texture": "#1"},
				"south": {"uv": [5.25, 1.125, 5.34375, 1.25], "texture": "#1"},
				"west": {"uv": [3.375, 5.375, 3.46875, 5.5], "texture": "#1"},
				"up": {"uv": [9.84375, 1.09375, 9.75, 1], "texture": "#1"},
				"down": {"uv": [9.84375, 1.125, 9.75, 1.21875], "texture": "#1"}
			}
		},
		{
			"from": [10.873, 9.22174, 7.77609],
			"to": [12.225, 10.91174, 8.95909],
			"rotation": {"angle": 22.5, "axis": "y", "origin": [8, 1.11143, 14.36709]},
			"faces": {
				"north": {"uv": [6.125, 1.875, 6.21875, 2], "texture": "#1"},
				"east": {"uv": [2.5, 6.25, 2.59375, 6.375], "texture": "#1"},
				"south": {"uv": [4.625, 6.25, 4.71875, 6.375], "texture": "#1"},
				"west": {"uv": [6.375, 1.25, 6.46875, 1.375], "texture": "#1"},
				"up": {"uv": [9.84375, 1.34375, 9.75, 1.25], "texture": "#1"},
				"down": {"uv": [1.46875, 9.75, 1.375, 9.84375], "texture": "#1"}
			}
		},
		{
			"from": [6.31, 6.35043, 5.45234],
			"to": [9.69, 8.04043, 9.67734],
			"rotation": {"angle": 22.5, "axis": "x", "origin": [8, 1.11143, 14.36709]},
			"faces": {
				"north": {"uv": [2, 2.5, 2.25, 2.625], "texture": "#1"},
				"east": {"uv": [8.625, 7.625, 8.9375, 7.75], "texture": "#1"},
				"south": {"uv": [3.5, 5, 3.75, 5.125], "texture": "#1"},
				"west": {"uv": [8.75, 5.625, 9.0625, 5.75], "texture": "#1"},
				"up": {"uv": [7.375, 8.1875, 7.125, 7.875], "texture": "#1"},
				"down": {"uv": [1.5, 8, 1.25, 8.3125], "texture": "#1"}
			}
		},
		{
			"from": [6.648, 6.35043, 4.60734],
			"to": [9.352, 8.04043, 5.45234],
			"rotation": {"angle": 22.5, "axis": "x", "origin": [8, 1.11143, 14.36709]},
			"faces": {
				"north": {"uv": [9.25, 3.125, 9.4375, 3.25], "texture": "#1"},
				"east": {"uv": [4.25, 9.75, 4.3125, 9.875], "texture": "#1"},
				"south": {"uv": [9.25, 4.875, 9.4375, 5], "texture": "#1"},
				"west": {"uv": [9.75, 4.25, 9.8125, 4.375], "texture": "#1"},
				"up": {"uv": [9.8125, 0.6875, 9.625, 0.625], "texture": "#1"},
				"down": {"uv": [9.8125, 0.75, 9.625, 0.8125], "texture": "#1"}
			}
		},
		{
			"from": [7.493, 7.11093, 1.56534],
			"to": [8.507, 7.95593, 3.25534],
			"rotation": {"angle": 22.5, "axis": "x", "origin": [8, 1.11143, 14.36709]},
			"faces": {
				"north": {"uv": [2.75, 9.875, 2.8125, 9.9375], "texture": "#1"},
				"east": {"uv": [4.375, 9.75, 4.5, 9.8125], "texture": "#1"},
				"south": {"uv": [9.875, 2.75, 9.9375, 2.8125], "texture": "#1"},
				"west": {"uv": [9.75, 4.375, 9.875, 4.4375], "texture": "#1"},
				"up": {"uv": [4.5625, 9.875, 4.5, 9.75], "texture": "#1"},
				"down": {"uv": [9.8125, 4.5, 9.75, 4.625], "texture": "#1"}
			}
		},
		{
			"from": [7.49469, 11.16693, 6.25509],
			"to": [8.50531, 11.67393, 8.36759],
			"rotation": {"angle": 0, "axis": "y", "origin": [8, 1.11143, 14.36709]},
			"faces": {
				"north": {"uv": [4.75, 9.875, 4.8125, 9.90625], "texture": "#1"},
				"east": {"uv": [2.25, 9.875, 2.40625, 9.90625], "texture": "#1"},
				"south": {"uv": [9.875, 4.75, 9.9375, 4.78125], "texture": "#1"},
				"west": {"uv": [2.5, 9.875, 2.65625, 9.90625], "texture": "#1"},
				"up": {"uv": [6.0625, 9.78125, 6, 9.625], "texture": "#1"},
				"down": {"uv": [6.1875, 9.625, 6.125, 9.78125], "texture": "#1"}
			}
		},
		{
			"from": [7.49317, 0.39318, -0.08241],
			"to": [8.50683, 2.50568, 0.76259],
			"rotation": {"angle": 45, "axis": "x", "origin": [8, 1.11143, 14.36709]},
			"faces": {
				"north": {"uv": [6.25, 9.625, 6.3125, 9.78125], "texture": "#1"},
				"east": {"uv": [6.375, 9.625, 6.4375, 9.78125], "texture": "#1"},
				"south": {"uv": [9.625, 6.75, 9.6875, 6.90625], "texture": "#1"},
				"west": {"uv": [6.875, 9.625, 6.9375, 9.78125], "texture": "#1"},
				"up": {"uv": [2.9375, 9.9375, 2.875, 9.875], "texture": "#1"},
				"down": {"uv": [9.9375, 2.875, 9.875, 2.9375], "texture": "#1"}
			}
		},
		{
			"from": [9.64775, 3.05493, 1.69209],
			"to": [9.64775, 3.47743, 5.49459],
			"rotation": {"angle": 22.5, "axis": "x", "origin": [8, 1.11143, 14.36709]},
			"faces": {
				"north": {"uv": [0, 0, 0, 0.03125], "texture": "#1"},
				"east": {"uv": [9.75, 2.25, 10.03125, 2.28125], "texture": "#1"},
				"south": {"uv": [0, 0, 0, 0.03125], "texture": "#1"},
				"west": {"uv": [9.75, 2.375, 10.03125, 2.40625], "texture": "#1"},
				"up": {"uv": [0, 0.28125, 0, 0], "texture": "#1"},
				"down": {"uv": [0, 0, 0, 0.28125], "texture": "#1"}
			}
		},
		{
			"from": [6.35225, 3.05493, 1.69209],
			"to": [6.35225, 3.47743, 5.49459],
			"rotation": {"angle": 22.5, "axis": "x", "origin": [8, 1.11143, 14.36709]},
			"faces": {
				"north": {"uv": [0, 0, 0, 0.03125], "texture": "#1"},
				"east": {"uv": [9.75, 2.5, 10.03125, 2.53125], "texture": "#1"},
				"south": {"uv": [0, 0, 0, 0.03125], "texture": "#1"},
				"west": {"uv": [9.75, 2.625, 10.03125, 2.65625], "texture": "#1"},
				"up": {"uv": [0, 0.28125, 0, 0], "texture": "#1"},
				"down": {"uv": [0, 0, 0, 0.28125], "texture": "#1"}
			}
		},
		{
			"from": [6.479, 3.05493, 1.31184],
			"to": [9.521, 3.47743, 1.31184],
			"rotation": {"angle": 22.5, "axis": "x", "origin": [8, 1.11143, 14.36709]},
			"faces": {
				"north": {"uv": [7.125, 9.75, 7.34375, 9.78125], "texture": "#1"},
				"east": {"uv": [0, 0, 0, 0.03125], "texture": "#1"},
				"south": {"uv": [9.75, 7.125, 9.96875, 7.15625], "texture": "#1"},
				"west": {"uv": [0, 0, 0, 0.03125], "texture": "#1"},
				"up": {"uv": [0.21875, 0, 0, 0], "texture": "#1"},
				"down": {"uv": [0.21875, 0, 0, 0], "texture": "#1"}
			}
		},
		{
			"from": [3.6905, 10.74443, 12.33909],
			"to": [4.958, 11.42043, 15.71909],
			"rotation": {"angle": -22.5, "axis": "y", "origin": [8, 1.11143, 14.36709]},
			"faces": {
				"north": {"uv": [9.75, 7.375, 9.84375, 7.4375], "texture": "#1"},
				"east": {"uv": [9.5, 3.375, 9.75, 3.4375], "texture": "#1"},
				"south": {"uv": [7.625, 9.75, 7.71875, 9.8125], "texture": "#1"},
				"west": {"uv": [9.5, 4.75, 9.75, 4.8125], "texture": "#1"},
				"up": {"uv": [2.21875, 9.5, 2.125, 9.25], "texture": "#1"},
				"down": {"uv": [2.59375, 9.25, 2.5, 9.5], "texture": "#1"}
			}
		},
		{
			"from": [4.789, 11.25143, 13.69109],
			"to": [6.0565, 11.92743, 15.38109],
			"rotation": {"angle": -22.5, "axis": "x", "origin": [8, 1.11143, 14.36709]},
			"faces": {
				"north": {"uv": [9.75, 7.75, 9.84375, 7.8125], "texture": "#1"},
				"east": {"uv": [4.625, 9.75, 4.75, 9.8125], "texture": "#1"},
				"south": {"uv": [7.875, 9.75, 7.96875, 9.8125], "texture": "#1"},
				"west": {"uv": [9.75, 4.625, 9.875, 4.6875], "texture": "#1"},
				"up": {"uv": [6.59375, 1.875, 6.5, 1.75], "texture": "#1"},
				"down": {"uv": [5.09375, 6.75, 5, 6.875], "texture": "#1"}
			}
		},
		{
			"from": [3.268, 10.23743, 8.28309],
			"to": [4.5355, 10.91343, 11.32509],
			"rotation": {"angle": -22.5, "axis": "y", "origin": [8, 1.11143, 14.36709]},
			"faces": {
				"north": {"uv": [9.75, 7.875, 9.84375, 7.9375], "texture": "#1"},
				"east": {"uv": [8.5, 9.5, 8.71875, 9.5625], "texture": "#1"},
				"south": {"uv": [8, 9.75, 8.09375, 9.8125], "texture": "#1"},
				"west": {"uv": [9.5, 8.5, 9.71875, 8.5625], "texture": "#1"},
				"up": {"uv": [9.46875, 2.09375, 9.375, 1.875], "texture": "#1"},
				"down": {"uv": [2.09375, 9.375, 2, 9.59375], "texture": "#1"}
			}
		},
		{
			"from": [1.409, 10.23912, 9.29709],
			"to": [2.592, 10.91512, 10.48009],
			"rotation": {"angle": -45, "axis": "y", "origin": [8, 1.11143, 14.36709]},
			"faces": {
				"north": {"uv": [9.75, 8, 9.84375, 8.0625], "texture": "#1"},
				"east": {"uv": [8.125, 9.75, 8.21875, 9.8125], "texture": "#1"},
				"south": {"uv": [9.75, 8.125, 9.84375, 8.1875], "texture": "#1"},
				"west": {"uv": [8.25, 9.75, 8.34375, 9.8125], "texture": "#1"},
				"up": {"uv": [2.59375, 9.84375, 2.5, 9.75], "texture": "#1"},
				"down": {"uv": [2.71875, 9.75, 2.625, 9.84375], "texture": "#1"}
			}
		},
		{
			"from": [4.451, 7.53343, 9.63509],
			"to": [4.451, 10.91343, 15.55009],
			"rotation": {"angle": -22.5, "axis": "y", "origin": [8, 1.11143, 14.36709]},
			"faces": {
				"north": {"uv": [0, 0, 0, 0.25], "texture": "#1"},
				"east": {"uv": [7.375, 5.5, 7.8125, 5.75], "texture": "#1"},
				"south": {"uv": [0, 0, 0, 0.25], "texture": "#1"},
				"west": {"uv": [6.75, 7.375, 7.1875, 7.625], "texture": "#1"},
				"up": {"uv": [0, 0.4375, 0, 0], "texture": "#1"},
				"down": {"uv": [0, 0, 0, 0.4375], "texture": "#1"}
			}
		},
		{
			"from": [13.408, 10.23912, 9.29709],
			"to": [14.591, 10.91512, 10.48009],
			"rotation": {"angle": 45, "axis": "y", "origin": [8, 1.11143, 14.36709]},
			"faces": {
				"north": {"uv": [9.75, 8.25, 9.84375, 8.3125], "texture": "#1"},
				"east": {"uv": [8.375, 9.75, 8.46875, 9.8125], "texture": "#1"},
				"south": {"uv": [9.75, 8.375, 9.84375, 8.4375], "texture": "#1"},
				"west": {"uv": [8.5, 9.75, 8.59375, 9.8125], "texture": "#1"},
				"up": {"uv": [9.84375, 2.84375, 9.75, 2.75], "texture": "#1"},
				"down": {"uv": [9.84375, 2.875, 9.75, 2.96875], "texture": "#1"}
			}
		},
		{
			"from": [11.4645, 10.23743, 8.28309],
			"to": [12.732, 10.91343, 11.32509],
			"rotation": {"angle": 22.5, "axis": "y", "origin": [8, 1.11143, 14.36709]},
			"faces": {
				"north": {"uv": [9.75, 8.5, 9.84375, 8.5625], "texture": "#1"},
				"east": {"uv": [9.5, 8.625, 9.71875, 8.6875], "texture": "#1"},
				"south": {"uv": [8.625, 9.75, 8.71875, 9.8125], "texture": "#1"},
				"west": {"uv": [8.75, 9.5, 8.96875, 9.5625], "texture": "#1"},
				"up": {"uv": [2.34375, 9.59375, 2.25, 9.375], "texture": "#1"},
				"down": {"uv": [2.46875, 9.375, 2.375, 9.59375], "texture": "#1"}
			}
		},
		{
			"from": [9.9435, 11.25143, 13.69109],
			"to": [11.211, 11.92743, 15.38109],
			"rotation": {"angle": -22.5, "axis": "x", "origin": [8, 1.11143, 14.36709]},
			"faces": {
				"north": {"uv": [9.75, 8.625, 9.84375, 8.6875], "texture": "#1"},
				"east": {"uv": [4.75, 9.75, 4.875, 9.8125], "texture": "#1"},
				"south": {"uv": [9.75, 8.75, 9.84375, 8.8125], "texture": "#1"},
				"west": {"uv": [9.75, 4.75, 9.875, 4.8125], "texture": "#1"},
				"up": {"uv": [7.21875, 1.75, 7.125, 1.625], "texture": "#1"},
				"down": {"uv": [1.96875, 7.125, 1.875, 7.25], "texture": "#1"}
			}
		},
		{
			"from": [11.042, 10.74443, 12.33909],
			"to": [12.3095, 11.42043, 15.71909],
			"rotation": {"angle": 22.5, "axis": "y", "origin": [8, 1.11143, 14.36709]},
			"faces": {
				"north": {"uv": [9.75, 8.875, 9.84375, 8.9375], "texture": "#1"},
				"east": {"uv": [4.875, 9.5, 5.125, 9.5625], "texture": "#1"},
				"south": {"uv": [9, 9.75, 9.09375, 9.8125], "texture": "#1"},
				"west": {"uv": [9.5, 4.875, 9.75, 4.9375], "texture": "#1"},
				"up": {"uv": [4.59375, 9.5, 4.5, 9.25], "texture": "#1"},
				"down": {"uv": [5.09375, 9.25, 5, 9.5], "texture": "#1"}
			}
		},
		{
			"from": [11.549, 7.53343, 9.63509],
			"to": [11.549, 10.91343, 15.55009],
			"rotation": {"angle": 22.5, "axis": "y", "origin": [8, 1.11143, 14.36709]},
			"faces": {
				"north": {"uv": [0, 0, 0, 0.25], "texture": "#1"},
				"east": {"uv": [7.25, 7.375, 7.6875, 7.625], "texture": "#1"},
				"south": {"uv": [0, 0, 0, 0.25], "texture": "#1"},
				"west": {"uv": [7.5, 0.75, 7.9375, 1], "texture": "#1"},
				"up": {"uv": [0, 0.4375, 0, 0], "texture": "#1"},
				"down": {"uv": [0, 0, 0, 0.4375], "texture": "#1"}
			}
		},
		{
			"from": [4.95817, 6.68843, 7.10009],
			"to": [6.64817, 9.22343, 9.21259],
			"rotation": {"angle": 0, "axis": "y", "origin": [8, 1.11143, 14.36709]},
			"faces": {
				"north": {"uv": [5.25, 9.25, 5.375, 9.4375], "texture": "#1"},
				"east": {"uv": [8.25, 9, 8.40625, 9.1875], "texture": "#1"},
				"south": {"uv": [5.375, 9.25, 5.5, 9.4375], "texture": "#1"},
				"west": {"uv": [8.5, 9, 8.65625, 9.1875], "texture": "#1"},
				"up": {"uv": [3.75, 9.53125, 3.625, 9.375], "texture": "#1"},
				"down": {"uv": [4.125, 9.375, 4, 9.53125], "texture": "#1"}
			}
		},
		{
			"from": [4.958, 3.98443, 6.50859],
			"to": [6.648, 6.68843, 8.62109],
			"rotation": {"angle": 22.5, "axis": "x", "origin": [8, 1.11143, 14.36709]},
			"faces": {
				"north": {"uv": [5.5, 9.25, 5.625, 9.4375], "texture": "#1"},
				"east": {"uv": [8.75, 9, 8.90625, 9.1875], "texture": "#1"},
				"south": {"uv": [5.875, 9.25, 6, 9.4375], "texture": "#1"},
				"west": {"uv": [9, 9, 9.15625, 9.1875], "texture": "#1"},
				"up": {"uv": [4.25, 9.53125, 4.125, 9.375], "texture": "#1"},
				"down": {"uv": [4.75, 9.375, 4.625, 9.53125], "texture": "#1"}
			}
		},
		{
			"from": [9.352, 3.98443, 6.50859],
			"to": [11.042, 6.68843, 8.62109],
			"rotation": {"angle": 22.5, "axis": "x", "origin": [8, 1.11143, 14.36709]},
			"faces": {
				"north": {"uv": [9.25, 6.25, 9.375, 6.4375], "texture": "#1"},
				"east": {"uv": [0.5, 9.125, 0.65625, 9.3125], "texture": "#1"},
				"south": {"uv": [6.5, 9.25, 6.625, 9.4375], "texture": "#1"},
				"west": {"uv": [0.75, 9.125, 0.90625, 9.3125], "texture": "#1"},
				"up": {"uv": [4.875, 9.53125, 4.75, 9.375], "texture": "#1"},
				"down": {"uv": [5.75, 9.375, 5.625, 9.53125], "texture": "#1"}
			}
		},
		{
			"from": [9.35183, 6.68843, 7.10009],
			"to": [11.04183, 9.22343, 9.21259],
			"rotation": {"angle": 0, "axis": "y", "origin": [8, 1.11143, 14.36709]},
			"faces": {
				"north": {"uv": [9.25, 6.5, 9.375, 6.6875], "texture": "#1"},
				"east": {"uv": [1, 9.125, 1.15625, 9.3125], "texture": "#1"},
				"south": {"uv": [9.25, 7, 9.375, 7.1875], "texture": "#1"},
				"west": {"uv": [9.125, 1, 9.28125, 1.1875], "texture": "#1"},
				"up": {"uv": [5.875, 9.53125, 5.75, 9.375], "texture": "#1"},
				"down": {"uv": [9.5, 6.25, 9.375, 6.40625], "texture": "#1"}
			}
		},
		{
			"from": [5.972, 3.47743, 8.02959],
			"to": [5.972, 6.85743, 10.98709],
			"rotation": {"angle": 0, "axis": "y", "origin": [8, 1.11143, 14.36709]},
			"faces": {
				"east": {"uv": [7.34375, 8.25, 7.125, 8.5], "texture": "#1"},
				"west": {"uv": [7.125, 8.25, 7.34375, 8.5], "texture": "#1"}
			}
		},
		{
			"from": [10.028, 3.47743, 8.02959],
			"to": [10.028, 6.85743, 10.98709],
			"rotation": {"angle": 0, "axis": "y", "origin": [8, 1.11143, 14.36709]},
			"faces": {
				"east": {"uv": [1.5, 8.375, 1.71875, 8.625], "texture": "#1"},
				"west": {"uv": [1.71875, 8.375, 1.5, 8.625], "texture": "#1"}
			}
		},
		{
			"from": [5.972, 3.98443, 9.46609],
			"to": [10.028, 6.68843, 9.97309],
			"rotation": {"angle": 22.5, "axis": "x", "origin": [8, 1.11143, 14.36709]},
			"faces": {
				"north": {"uv": [1.875, 8.25, 2.1875, 8.4375], "texture": "#1"},
				"east": {"uv": [9.75, 9, 9.78125, 9.1875], "texture": "#1"},
				"south": {"uv": [8.125, 8.25, 8.4375, 8.4375], "texture": "#1"},
				"west": {"uv": [9.125, 9.75, 9.15625, 9.9375], "texture": "#1"},
				"up": {"uv": [7.3125, 9.65625, 7, 9.625], "texture": "#1"},
				"down": {"uv": [7.6875, 9.625, 7.375, 9.65625], "texture": "#1"}
			}
		},
		{
			"from": [5.296, 3.98443, 8.62109],
			"to": [6.648, 6.68843, 9.46609],
			"rotation": {"angle": 22.5, "axis": "x", "origin": [8, 1.11143, 14.36709]},
			"faces": {
				"north": {"uv": [9.375, 8.5, 9.46875, 8.6875], "texture": "#1"},
				"east": {"uv": [0.375, 9.625, 0.4375, 9.8125], "texture": "#1"},
				"south": {"uv": [9.375, 9.25, 9.46875, 9.4375], "texture": "#1"},
				"west": {"uv": [9.625, 1.25, 9.6875, 1.4375], "texture": "#1"},
				"up": {"uv": [9.34375, 9.8125, 9.25, 9.75], "texture": "#1"},
				"down": {"uv": [9.84375, 9.25, 9.75, 9.3125], "texture": "#1"}
			}
		},
		{
			"from": [9.352, 3.98443, 8.62109],
			"to": [10.704, 6.68843, 9.46609],
			"rotation": {"angle": 22.5, "axis": "x", "origin": [8, 1.11143, 14.36709]},
			"faces": {
				"north": {"uv": [9.5, 0, 9.59375, 0.1875], "texture": "#1"},
				"east": {"uv": [1.5, 9.625, 1.5625, 9.8125], "texture": "#1"},
				"south": {"uv": [9.5, 0.25, 9.59375, 0.4375], "texture": "#1"},
				"west": {"uv": [1.625, 9.625, 1.6875, 9.8125], "texture": "#1"},
				"up": {"uv": [9.84375, 9.4375, 9.75, 9.375], "texture": "#1"},
				"down": {"uv": [9.84375, 9.5, 9.75, 9.5625], "texture": "#1"}
			}
		},
		{
			"from": [5.803, 3.47743, 1.69209],
			"to": [6.648, 6.01243, 5.57909],
			"rotation": {"angle": 22.5, "axis": "x", "origin": [8, 1.11143, 14.36709]},
			"faces": {
				"north": {"uv": [1.75, 9.625, 1.8125, 9.8125], "texture": "#1"},
				"east": {"uv": [7.625, 8.5, 7.90625, 8.6875], "texture": "#1"},
				"south": {"uv": [1.875, 9.625, 1.9375, 9.8125], "texture": "#1"},
				"west": {"uv": [8, 8.5, 8.28125, 8.6875], "texture": "#1"},
				"up": {"uv": [9.5625, 0.90625, 9.5, 0.625], "texture": "#1"},
				"down": {"uv": [1.0625, 9.5, 1, 9.78125], "texture": "#1"}
			}
		},
		{
			"from": [9.352, 3.47743, 1.69209],
			"to": [10.197, 6.01243, 5.57909],
			"rotation": {"angle": 22.5, "axis": "x", "origin": [8, 1.11143, 14.36709]},
			"faces": {
				"north": {"uv": [2, 9.625, 2.0625, 9.8125], "texture": "#1"},
				"east": {"uv": [8.5, 8.25, 8.78125, 8.4375], "texture": "#1"},
				"south": {"uv": [9.625, 2.125, 9.6875, 2.3125], "texture": "#1"},
				"west": {"uv": [8.375, 8.5, 8.65625, 8.6875], "texture": "#1"},
				"up": {"uv": [1.1875, 9.78125, 1.125, 9.5], "texture": "#1"},
				"down": {"uv": [1.3125, 9.5, 1.25, 9.78125], "texture": "#1"}
			}
		},
		{
			"from": [6.648, 4.15343, 1.69209],
			"to": [9.352, 6.18143, 9.63509],
			"rotation": {"angle": 22.5, "axis": "x", "origin": [8, 1.11143, 14.36709]},
			"faces": {
				"north": {"uv": [9.125, 1.25, 9.3125, 1.40625], "texture": "#1"},
				"east": {"uv": [7.75, 2.125, 8.34375, 2.28125], "texture": "#1"},
				"south": {"uv": [9.125, 1.875, 9.3125, 2.03125], "texture": "#1"},
				"west": {"uv": [7.75, 2.375, 8.34375, 2.53125], "texture": "#1"},
				"up": {"uv": [3.1875, 7.96875, 3, 7.375], "texture": "#1"},
				"down": {"uv": [7.5625, 4.875, 7.375, 5.46875], "texture": "#1"}
			}
		},
		{
			"from": [6.141, 9.39243, 7.77609],
			"to": [6.648, 10.57543, 9.63509],
			"rotation": {"angle": 0, "axis": "y", "origin": [8, 1.11143, 14.36709]},
			"faces": {
				"north": {"uv": [4.375, 9.875, 4.40625, 9.96875], "texture": "#1"},
				"east": {"uv": [7.125, 7, 7.25, 7.09375], "texture": "#1"},
				"south": {"uv": [9.875, 4.375, 9.90625, 4.46875], "texture": "#1"},
				"west": {"uv": [7.25, 4.875, 7.375, 4.96875], "texture": "#1"},
				"up": {"uv": [3.03125, 10, 3, 9.875], "texture": "#1"},
				"down": {"uv": [9.90625, 3, 9.875, 3.125], "texture": "#1"}
			}
		},
		{
			"from": [9.352, 9.39243, 7.77609],
			"to": [9.859, 10.57543, 9.63509],
			"rotation": {"angle": 0, "axis": "y", "origin": [8, 1.11143, 14.36709]},
			"faces": {
				"north": {"uv": [4.5, 9.875, 4.53125, 9.96875], "texture": "#1"},
				"east": {"uv": [3.25, 7.375, 3.375, 7.46875], "texture": "#1"},
				"south": {"uv": [9.875, 4.5, 9.90625, 4.59375], "texture": "#1"},
				"west": {"uv": [5.125, 7.5, 5.25, 7.59375], "texture": "#1"},
				"up": {"uv": [3.15625, 10, 3.125, 9.875], "texture": "#1"},
				"down": {"uv": [3.28125, 9.875, 3.25, 10], "texture": "#1"}
			}
		},
		{
			"from": [6.479, 3.47743, 0.84709],
			"to": [9.521, 6.01243, 1.69209],
			"rotation": {"angle": 22.5, "axis": "x", "origin": [8, 1.11143, 14.36709]},
			"faces": {
				"north": {"uv": [1.875, 8.75, 2.09375, 8.9375], "texture": "#1"},
				"east": {"uv": [2.25, 9.625, 2.3125, 9.8125], "texture": "#1"},
				"south": {"uv": [2.625, 8.75, 2.84375, 8.9375], "texture": "#1"},
				"west": {"uv": [2.375, 9.625, 2.4375, 9.8125], "texture": "#1"},
				"up": {"uv": [9.71875, 8.8125, 9.5, 8.75], "texture": "#1"},
				"down": {"uv": [9.71875, 8.875, 9.5, 8.9375], "texture": "#1"}
			}
		}
	],
	"display": {
		"head": {
			"rotation": [-22.5, 0, 0],
			"translation": [0, -9.25, -8.25],
			"scale": [4, 4, 4]
		}
	},
	"groups": [
		{
			"name": "root",
			"origin": [24, -15, 15],
			"color": 2,
			"children": [
				{
					"name": "head",
					"origin": [24, 0, 14],
					"color": 2,
					"children": [
						{
							"name": "upper",
							"origin": [24, -1, 11],
							"color": 0,
							"children": [0, 1, 2, 3, 4, 5, 6, 7, 8, 9, 10, 11, 12, 13, 14, 15, 16, 17, 18, 19, 20, 21, 22, 23, 24, 25, 26, 27, 28, 29, 30, 31, 32, 33, 34, 35, 36, 37, 38, 39, 40, 41]
						}
					]
				}
			]
		}
	]
}