{
	"credit": "Made with Blockbench",
	"textures": {
		"1": "tiga/tiga"
	},
	"elements": [
		{
			"from": [6.25171, 19.96712, -0.46788],
			"to": [10.64571, 30.10712, 6.29212],
			"rotation": {"angle": 22.5, "axis": "x", "origin": [2.53371, 16.58712, -19.05788]},
			"faces": {
				"north": {"uv": [1.1875, 5.375, 0.875, 6.125], "texture": "#1"},
				"east": {"uv": [3.75, 4.125, 3.25, 4.875], "texture": "#1"},
				"south": {"uv": [4.1875, 5.5, 3.875, 6.25], "texture": "#1"},
				"west": {"uv": [4.625, 1.25, 4.125, 2], "texture": "#1"},
				"up": {"uv": [5.125, 6.875, 5.4375, 6.375], "texture": "#1"},
				"down": {"uv": [5.5, 6.375, 5.8125, 6.875], "texture": "#1"}
			}
		},
		{
			"from": [6.58971, 11.18612, 3.71212],
			"to": [10.30771, 13.72112, 9.62712],
			"rotation": {"angle": 45, "axis": "x", "origin": [8.44871, 12.31987, 6.50337]},
			"faces": {
				"north": {"uv": [0.40625, 8.625, 0.125, 8.8125], "texture": "#1"},
				"east": {"uv": [7.0625, 7.875, 6.625, 8.0625], "texture": "#1"},
				"south": {"uv": [1.15625, 8.625, 0.875, 8.8125], "texture": "#1"},
				"west": {"uv": [6.5625, 7.875, 6.125, 8.0625], "texture": "#1"},
				"up": {"uv": [2.375, 7.6875, 2.65625, 7.25], "texture": "#1"},
				"down": {"uv": [7.25, 2.75, 7.53125, 3.1875], "texture": "#1"}
			}
		},
		{
			"from": [6.92771, 9.49612, 3.71212],
			"to": [9.96971, 12.87612, 12.16212],
			"rotation": {"angle": 45, "axis": "x", "origin": [8.44871, 12.31987, 6.50337]},
			"faces": {
				"north": {"uv": [2.96875, 8.375, 2.75, 8.625], "texture": "#1"},
				"east": {"uv": [7.125, 1.5, 6.5, 1.75], "texture": "#1"},
				"south": {"uv": [3.21875, 8.375, 3, 8.625], "texture": "#1"},
				"west": {"uv": [7.125, 1.25, 6.5, 1.5], "texture": "#1"},
				"up": {"uv": [3.375, 7.5, 3.59375, 6.875], "texture": "#1"},
				"down": {"uv": [5, 6.875, 5.21875, 7.5], "texture": "#1"}
			}
		}
	],
	"display": {
		"head": {
			"rotation": [-22.5, 0, 0],
			"translation": [-1.75, -31, 25.5],
			"scale": [4, 4, 4]
		}
	},
	"groups": [
		{
			"name": "root",
			"origin": [24, -15, 15],
			"color": 2,
			"children": [
				{
					"name": "leg_l",
					"origin": [16, 7, -6],
					"color": 2,
					"children": [0, 1, 2]
				}
			]
		}
	]
}