{
	"credit": "Made with Blockbench",
	"textures": {
		"1": "tiga/tiga"
	},
	"elements": [
		{
			"from": [5.69229, 5.06445, 11.04735],
			"to": [9.41029, 13.51445, 13.58235],
			"rotation": {"angle": -22.5, "axis": "x", "origin": [8.41742, 8.78809, 12.93236]},
			"faces": {
				"north": {"uv": [3.875, 6.25, 4.15625, 6.875], "texture": "#1"},
				"east": {"uv": [2.75, 7.25, 2.9375, 7.875], "texture": "#1"},
				"south": {"uv": [4.25, 6.25, 4.53125, 6.875], "texture": "#1"},
				"west": {"uv": [1.25, 7.375, 1.4375, 8], "texture": "#1"},
				"up": {"uv": [1.53125, 8.8125, 1.25, 8.625], "texture": "#1"},
				"down": {"uv": [8.90625, 1.5, 8.625, 1.6875], "texture": "#1"}
			}
		},
		{
			"from": [8.73429, 8.92149, 11.06478],
			"to": [9.91729, 10.61149, 14.44478],
			"rotation": {"angle": 22.5, "axis": "x", "origin": [8.41742, 8.78809, 12.93236]},
			"faces": {
				"north": {"uv": [0.96875, 8, 0.875, 7.875], "rotation": 180, "texture": "#1"},
				"east": {"uv": [1.875, 9, 2, 9.25], "rotation": 90, "texture": "#1"},
				"south": {"uv": [2.96875, 7.875, 2.875, 8], "texture": "#1"},
				"west": {"uv": [2, 9, 2.125, 9.25], "rotation": 270, "texture": "#1"},
				"up": {"uv": [9.25, 8.125, 9.34375, 8.375], "texture": "#1"},
				"down": {"uv": [8.125, 9.25, 8.21875, 9.5], "rotation": 180, "texture": "#1"}
			}
		},
		{
			"from": [8.90329, 9.25949, 14.44478],
			"to": [9.74829, 10.27349, 16.13478],
			"rotation": {"angle": 22.5, "axis": "x", "origin": [8.41742, 8.78809, 12.93236]},
			"faces": {
				"north": {"uv": [4.3125, 9.9375, 4.25, 9.875], "rotation": 180, "texture": "#1"},
				"east": {"uv": [6.75, 9.75, 6.8125, 9.875], "rotation": 90, "texture": "#1"},
				"south": {"uv": [9.9375, 4.25, 9.875, 4.3125], "texture": "#1"},
				"west": {"uv": [9.75, 6.875, 9.8125, 7], "rotation": 270, "texture": "#1"},
				"up": {"uv": [9.75, 6.75, 9.8125, 6.875], "texture": "#1"},
				"down": {"uv": [9.75, 6.625, 9.8125, 6.75], "rotation": 180, "texture": "#1"}
			}
		},
		{
			"from": [6.36829, 5.06445, 10.20235],
			"to": [8.56529, 11.82445, 11.04735],
			"rotation": {"angle": -22.5, "axis": "x", "origin": [8.41742, 8.78809, 12.93236]},
			"faces": {
				"north": {"uv": [7.625, 8, 7.78125, 8.5], "texture": "#1"},
				"east": {"uv": [4.875, 9, 4.9375, 9.5], "texture": "#1"},
				"south": {"uv": [7.875, 8, 8.03125, 8.5], "texture": "#1"},
				"west": {"uv": [5.125, 9, 5.1875, 9.5], "texture": "#1"},
				"up": {"uv": [8.03125, 9.6875, 7.875, 9.625], "texture": "#1"},
				"down": {"uv": [8.65625, 9.625, 8.5, 9.6875], "texture": "#1"}
			}
		}
	],
	"display": {
		"head": {
			"translation": [1.75, -20.75, -12.5],
			"scale": [4, 4, 4]
		}
	},
	"groups": [
		{
			"name": "root",
			"origin": [24, -15, 15],
			"color": 2,
			"children": [
				{
					"name": "leg_l",
					"origin": [16, 7, -6],
					"color": 2,
					"children": [
						{
							"name": "7",
							"origin": [16, 7, -6],
							"color": 2,
							"children": [0, 1, 2, 3]
						}
					]
				}
			]
		}
	]
}