{
	"credit": "Made with Blockbench",
	"textures": {
		"1": "tiga/tiga"
	},
	"elements": [
		{
			"from": [5.91371, 3.06712, 5.44712],
			"to": [10.98371, 5.94012, 9.67212],
			"rotation": {"angle": 0, "axis": "y", "origin": [2.53371, 16.58712, -19.05788]},
			"faces": {
				"north": {"uv": [0.375, 8, 0, 8.21875], "texture": "#1"},
				"east": {"uv": [6.0625, 8.125, 5.75, 8.34375], "texture": "#1"},
				"south": {"uv": [8.375, 0.25, 8, 0.46875], "texture": "#1"},
				"west": {"uv": [5.5625, 8.125, 5.25, 8.34375], "texture": "#1"},
				"up": {"uv": [7.375, 0.6875, 7.75, 0.375], "texture": "#1"},
				"down": {"uv": [7.375, 2.25, 7.75, 2.5625], "texture": "#1"}
			}
		},
		{
			"from": [7.26571, 3.06881, 4.85562],
			"to": [9.63171, 6.44881, 9.50312],
			"rotation": {"angle": 0, "axis": "y", "origin": [2.53371, 16.58712, -19.05788]},
			"faces": {
				"north": {"uv": [8.8125, 6.625, 8.625, 6.875], "texture": "#1"},
				"east": {"uv": [8.09375, 7.75, 7.75, 8], "texture": "#1"},
				"south": {"uv": [8.8125, 7.375, 8.625, 7.625], "texture": "#1"},
				"west": {"uv": [8.09375, 4.625, 7.75, 4.875], "texture": "#1"},
				"up": {"uv": [8.125, 6.96875, 8.3125, 6.625], "texture": "#1"},
				"down": {"uv": [8.125, 7.375, 8.3125, 7.71875], "texture": "#1"}
			}
		},
		{
			"from": [9.71621, 3.06712, 3.41912],
			"to": [10.73021, 5.43312, 5.44712],
			"rotation": {"angle": 0, "axis": "y", "origin": [2.53371, 16.58712, -19.05788]},
			"faces": {
				"north": {"uv": [3.5625, 9.625, 3.5, 9.8125], "texture": "#1"},
				"east": {"uv": [3.53125, 9.125, 3.375, 9.3125], "texture": "#1"},
				"south": {"uv": [9.6875, 3.5, 9.625, 3.6875], "texture": "#1"},
				"west": {"uv": [9.28125, 3.25, 9.125, 3.4375], "texture": "#1"},
				"up": {"uv": [8.75, 9.78125, 8.8125, 9.625], "texture": "#1"},
				"down": {"uv": [8.875, 9.625, 8.9375, 9.78125], "texture": "#1"}
			}
		},
		{
			"from": [7.85721, 3.06712, 2.82762],
			"to": [9.04021, 5.60212, 4.85562],
			"rotation": {"angle": 0, "axis": "y", "origin": [2.53371, 16.58712, -19.05788]},
			"faces": {
				"north": {"uv": [9.59375, 2.125, 9.5, 2.3125], "texture": "#1"},
				"east": {"uv": [9.28125, 3.75, 9.125, 3.9375], "texture": "#1"},
				"south": {"uv": [9.59375, 2.375, 9.5, 2.5625], "texture": "#1"},
				"west": {"uv": [9.28125, 3.5, 9.125, 3.6875], "texture": "#1"},
				"up": {"uv": [6.5, 9.65625, 6.59375, 9.5], "texture": "#1"},
				"down": {"uv": [6.625, 9.5, 6.71875, 9.65625], "texture": "#1"}
			}
		},
		{
			"from": [6.16721, 3.06712, 3.41912],
			"to": [7.18121, 5.43312, 5.44712],
			"rotation": {"angle": 0, "axis": "y", "origin": [2.53371, 16.58712, -19.05788]},
			"faces": {
				"north": {"uv": [3.6875, 9.625, 3.625, 9.8125], "texture": "#1"},
				"east": {"uv": [9.28125, 4.125, 9.125, 4.3125], "texture": "#1"},
				"south": {"uv": [4.0625, 9.625, 4, 9.8125], "texture": "#1"},
				"west": {"uv": [4.15625, 9.125, 4, 9.3125], "texture": "#1"},
				"up": {"uv": [9.625, 9.15625, 9.6875, 9], "texture": "#1"},
				"down": {"uv": [9.375, 9.625, 9.4375, 9.78125], "texture": "#1"}
			}
		}
	],
	"display": {
		"head": {
			"translation": [-1.75, 6.75, 0.5],
			"scale": [4, 4, 4]
		}
	},
	"groups": [
		{
			"name": "root",
			"origin": [24, -15, 15],
			"color": 2,
			"children": [
				{
					"name": "leg_l",
					"origin": [16, 7, -6],
					"color": 2,
					"children": [
						{
							"name": "8",
							"origin": [16, 7, -6],
							"color": 0,
							"children": [0, 1, 2, 3, 4]
						}
					]
				}
			]
		}
	]
}