{
	"credit": "Made with Blockbench",
	"texture_size": [32, 32],
	"textures": {
		"2": "brachy/raging_phase2",
		"particle": "head"
	},
	"elements": [
		{
			"from": [5.13752, 8.14779, 6.39585],
			"to": [10.84178, 23.01384, 11.60905],
			"rotation": {"angle": 0, "axis": "x", "origin": [8.01207, 17.04859, 8.35676]},
			"faces": {
				"north": {"uv": [6.25, 6.5, 4.5, 8.5], "texture": "#2"},
				"east": {"uv": [6.25, 6.5, 4.5, 8.5], "texture": "#2"},
				"south": {"uv": [6.25, 6.5, 4.5, 8.5], "texture": "#2"},
				"west": {"uv": [6.25, 6.5, 4.5, 8.5], "texture": "#2"},
				"up": {"uv": [6.25, 6.5, 4.5, 8.5], "texture": "#2"},
				"down": {"uv": [6.25, 6.5, 4.5, 8.5], "texture": "#2"}
			}
		},
		{
			"from": [5.77452, 12.60679, 8.30685],
			"to": [10.20478, 22.37684, 14.15705],
			"rotation": {"angle": 0, "axis": "x", "origin": [8.01207, 17.04859, 8.35676]},
			"faces": {
				"north": {"uv": [6.25, 6.5, 4.5, 8.5], "texture": "#2"},
				"east": {"uv": [6.25, 6.5, 4.5, 8.5], "texture": "#2"},
				"south": {"uv": [6.25, 6.5, 4.5, 8.5], "texture": "#2"},
				"west": {"uv": [6.25, 6.5, 4.5, 8.5], "texture": "#2"},
				"up": {"uv": [6.25, 6.5, 4.5, 8.5], "texture": "#2"},
				"down": {"uv": [6.25, 6.5, 4.5, 8.5], "texture": "#2"}
			}
		},
		{
			"from": [5.81019, 6.80245, 6.66492],
			"to": [9.49644, 9.5604, 10.26371],
			"rotation": {"angle": 0, "axis": "x", "origin": [8.01207, 17.04859, 8.35676]},
			"faces": {
				"north": {"uv": [6.25, 6.5, 4.5, 8.5], "rotation": 180, "texture": "#2"},
				"east": {"uv": [6.25, 6.5, 4.5, 8.5], "rotation": 180, "texture": "#2"},
				"south": {"uv": [6.25, 6.5, 4.5, 8.5], "rotation": 180, "texture": "#2"},
				"west": {"uv": [6.25, 6.5, 4.5, 8.5], "rotation": 180, "texture": "#2"},
				"up": {"uv": [6.25, 6.5, 4.5, 8.5], "rotation": 180, "texture": "#2"},
				"down": {"uv": [6.25, 6.5, 4.5, 8.5], "rotation": 180, "texture": "#2"}
			}
		},
		{
			"from": [5.81019, 11.10755, 9.75921],
			"to": [9.49644, 21.6685, 12.9544],
			"rotation": {"angle": 0, "axis": "x", "origin": [8.01207, 17.04859, 8.35676]},
			"faces": {
				"north": {"uv": [16, 0, 13.25, 1.5], "texture": "#2"},
				"east": {"uv": [16, 0, 13.25, 1.5], "texture": "#2"},
				"south": {"uv": [16, 0, 13.25, 1.5], "texture": "#2"},
				"west": {"uv": [16, 0, 13.25, 1.5], "texture": "#2"},
				"up": {"uv": [16, 0, 13.25, 1.5], "texture": "#2"},
				"down": {"uv": [16, 0, 13.25, 1.5], "texture": "#2"}
			}
		},
		{
			"from": [5.40659, 10.43488, 3.70516],
			"to": [10.61756, 20.99583, 9.59104],
			"rotation": {"angle": 0, "axis": "x", "origin": [8.01207, 17.04859, 8.35676]},
			"faces": {
				"north": {"uv": [6.25, 6.5, 4.5, 8.5], "rotation": 180, "texture": "#2"},
				"east": {"uv": [6.25, 6.5, 4.5, 8.5], "rotation": 180, "texture": "#2"},
				"south": {"uv": [6.25, 6.5, 4.5, 8.5], "rotation": 180, "texture": "#2"},
				"west": {"uv": [6.25, 6.5, 4.5, 8.5], "rotation": 180, "texture": "#2"},
				"up": {"uv": [6.25, 6.5, 4.5, 8.5], "rotation": 180, "texture": "#2"},
				"down": {"uv": [6.25, 6.5, 4.5, 8.5], "rotation": 180, "texture": "#2"}
			}
		},
		{
			"from": [6.2138, 20.52496, 4.37783],
			"to": [9.76551, 23.68651, 9.59104],
			"rotation": {"angle": 0, "axis": "x", "origin": [8.01207, 17.04859, 8.35676]},
			"faces": {
				"north": {"uv": [6.25, 6.5, 4.5, 8.5], "rotation": 180, "texture": "#2"},
				"east": {"uv": [6.25, 6.5, 4.5, 8.5], "rotation": 180, "texture": "#2"},
				"south": {"uv": [6.25, 6.5, 4.5, 8.5], "rotation": 180, "texture": "#2"},
				"west": {"uv": [6.25, 6.5, 4.5, 8.5], "rotation": 180, "texture": "#2"},
				"up": {"uv": [6.25, 6.5, 4.5, 8.5], "rotation": 180, "texture": "#2"},
				"down": {"uv": [6.25, 6.5, 4.5, 8.5], "rotation": 180, "texture": "#2"}
			}
		},
		{
			"from": [7.29007, 19.3148, 5.00776],
			"to": [10.03457, 22.51, 7.63118],
			"rotation": {"angle": 0, "axis": "x", "origin": [8.01207, 17.04859, 8.35676]},
			"faces": {
				"north": {"uv": [6.25, 6.5, 4.5, 8.5], "rotation": 180, "texture": "#2"},
				"east": {"uv": [6.25, 6.5, 4.5, 8.5], "rotation": 180, "texture": "#2"},
				"south": {"uv": [6.25, 6.5, 4.5, 8.5], "rotation": 180, "texture": "#2"},
				"west": {"uv": [6.25, 6.5, 4.5, 8.5], "rotation": 180, "texture": "#2"},
				"up": {"uv": [6.25, 6.5, 4.5, 8.5], "rotation": 180, "texture": "#2"},
				"down": {"uv": [6.25, 6.5, 4.5, 8.5], "rotation": 180, "texture": "#2"}
			}
		},
		{
			"from": [7.26765, 21.65413, 3.05367],
			"to": [9.20495, 25.17649, 4.63649],
			"rotation": {"angle": 22.5, "axis": "x", "origin": [8.01207, 17.04859, 8.35676]},
			"faces": {
				"north": {"uv": [6.25, 6.5, 4.5, 8.5], "texture": "#2"},
				"east": {"uv": [4.5, 8.5, 6.25, 6.5], "rotation": 90, "texture": "#2"},
				"south": {"uv": [6.25, 6.5, 4.5, 8.5], "rotation": 180, "texture": "#2"},
				"west": {"uv": [4.5, 8.5, 6.25, 6.5], "rotation": 270, "texture": "#2"},
				"up": {"uv": [6.25, 6.5, 4.5, 8.5], "rotation": 180, "texture": "#2"},
				"down": {"uv": [6.25, 6.5, 4.5, 8.5], "texture": "#2"}
			}
		},
		{
			"from": [7.26765, 19.28698, 13.33363],
			"to": [9.20495, 22.80934, 14.91645],
			"rotation": {"angle": -22.5, "axis": "x", "origin": [8.01207, 17.04859, 8.35676]},
			"faces": {
				"north": {"uv": [6.25, 6.5, 4.5, 8.5], "texture": "#2"},
				"east": {"uv": [4.5, 8.5, 6.25, 6.5], "rotation": 90, "texture": "#2"},
				"south": {"uv": [6.25, 6.5, 4.5, 8.5], "rotation": 180, "texture": "#2"},
				"west": {"uv": [4.5, 8.5, 6.25, 6.5], "rotation": 270, "texture": "#2"},
				"up": {"uv": [6.25, 6.5, 4.5, 8.5], "rotation": 180, "texture": "#2"},
				"down": {"uv": [6.25, 6.5, 4.5, 8.5], "texture": "#2"}
			}
		},
		{
			"from": [7.26765, 22.16373, 5.39783],
			"to": [9.20495, 27.67353, 7.61765],
			"rotation": {"angle": 22.5, "axis": "x", "origin": [8.01207, 17.04859, 8.35676]},
			"faces": {
				"north": {"uv": [6.25, 6.5, 4.5, 8.5], "texture": "#2"},
				"east": {"uv": [4.5, 8.5, 6.25, 6.5], "rotation": 90, "texture": "#2"},
				"south": {"uv": [6.25, 6.5, 4.5, 8.5], "rotation": 180, "texture": "#2"},
				"west": {"uv": [4.5, 8.5, 6.25, 6.5], "rotation": 270, "texture": "#2"},
				"up": {"uv": [6.25, 6.5, 4.5, 8.5], "rotation": 180, "texture": "#2"},
				"down": {"uv": [6.25, 6.5, 4.5, 8.5], "texture": "#2"}
			}
		},
		{
			"from": [5.67566, 7.07152, 4.2433],
			"to": [9.81035, 12.92376, 6.63128],
			"rotation": {"angle": 0, "axis": "x", "origin": [8.01207, 17.04859, 8.35676]},
			"faces": {
				"north": {"uv": [6.25, 6.5, 4.5, 8.5], "rotation": 180, "texture": "#2"},
				"east": {"uv": [6.25, 6.5, 4.5, 8.5], "rotation": 180, "texture": "#2"},
				"south": {"uv": [6.25, 6.5, 4.5, 8.5], "rotation": 180, "texture": "#2"},
				"west": {"uv": [6.25, 6.5, 4.5, 8.5], "rotation": 180, "texture": "#2"},
				"up": {"uv": [6.25, 6.5, 4.5, 8.5], "rotation": 180, "texture": "#2"},
				"down": {"uv": [6.25, 6.5, 4.5, 8.5], "rotation": 180, "texture": "#2"}
			}
		},
		{
			"from": [6.50529, 4.93099, 0.96004],
			"to": [8.98072, 9.46541, 3.34803],
			"rotation": {"angle": -22.5, "axis": "x", "origin": [8.01207, 17.04859, 8.35676]},
			"faces": {
				"north": {"uv": [6.25, 6.5, 4.5, 8.5], "rotation": 180, "texture": "#2"},
				"east": {"uv": [6.25, 6.5, 4.5, 8.5], "rotation": 180, "texture": "#2"},
				"south": {"uv": [6.25, 6.5, 4.5, 8.5], "rotation": 180, "texture": "#2"},
				"west": {"uv": [6.25, 6.5, 4.5, 8.5], "rotation": 180, "texture": "#2"},
				"up": {"uv": [6.25, 6.5, 4.5, 8.5], "rotation": 180, "texture": "#2"},
				"down": {"uv": [6.25, 6.5, 4.5, 8.5], "rotation": 180, "texture": "#2"}
			}
		}
	],
	"display": {
		"head": {
			"translation": [0, -43, -4.25],
			"scale": [4, 4, 4]
		}
	},
	"groups": [
		{
			"name": "root_raging_2",
			"origin": [8, 8, 8],
			"color": 0,
			"children": [
				{
					"name": "leg_l",
					"origin": [8, 8, 8],
					"color": 5,
					"children": [
						{
							"name": "0",
							"origin": [8, 8, 8],
							"color": 5,
							"children": [0, 1, 2, 3, 4, 5, 6, 7, 8, 9, 10, 11]
						}
					]
				}
			]
		}
	]
}