{
	"credit": "Made with Blockbench",
	"texture_size": [32, 32],
	"textures": {
		"2": "brachy/raging_phase2",
		"particle": "brachy/head"
	},
	"elements": [
		{
			"from": [4.97734, 8.47771, 4.98582],
			"to": [11.02266, 11.0101, 8.64112],
			"rotation": {"angle": 0, "axis": "y", "origin": [7.99648, 8.57611, 7.04829]},
			"faces": {
				"north": {"uv": [6.5, 1, 7.5, 1.5], "texture": "#2"},
				"east": {"uv": [7.5, 1, 8.25, 1.5], "texture": "#2"},
				"south": {"uv": [3.5, 6.5, 4.5, 7], "texture": "#2"},
				"west": {"uv": [1.5, 7.5, 2.25, 8], "texture": "#2"},
				"up": {"uv": [4.5, 5.75, 3.5, 5], "texture": "#2"},
				"down": {"uv": [5.5, 5, 4.5, 5.75], "texture": "#2"}
			}
		},
		{
			"from": [4.27664, 9.59883, 6.38722],
			"to": [11.72336, 10.72982, 11.16364],
			"rotation": {"angle": 0, "axis": "y", "origin": [7.99648, 8.57611, 7.04829]},
			"faces": {
				"north": {"uv": [6.5, 1, 7.5, 1.5], "texture": "#2"},
				"east": {"uv": [7.5, 1, 8.25, 1.5], "texture": "#2"},
				"south": {"uv": [3.5, 6.5, 4.5, 7], "texture": "#2"},
				"west": {"uv": [1.5, 7.5, 2.25, 8], "texture": "#2"},
				"up": {"uv": [4.5, 5.75, 3.5, 5], "texture": "#2"},
				"down": {"uv": [5.5, 5, 4.5, 5.75], "texture": "#2"}
			}
		},
		{
			"from": [4.27441, 8.19653, 8.64112],
			"to": [11.72559, 12.55119, 14.12407],
			"rotation": {"angle": 0, "axis": "y", "origin": [7.99648, 8.57611, 7.04829]},
			"faces": {
				"north": {"uv": [5.5, 4, 6.75, 4.5], "texture": "#2"},
				"east": {"uv": [4.5, 6.5, 5.5, 7], "texture": "#2"},
				"south": {"uv": [5.5, 4.5, 6.75, 5], "texture": "#2"},
				"west": {"uv": [5.5, 6.5, 6.5, 7], "texture": "#2"},
				"up": {"uv": [3.25, 3, 2, 2], "texture": "#2"},
				"down": {"uv": [4.25, 0, 3, 1], "texture": "#2"}
			}
		},
		{
			"from": [3.57147, 4.68182, 8.64112],
			"to": [12.42853, 8.19653, 14.12407],
			"rotation": {"angle": 0, "axis": "y", "origin": [7.99648, 8.57611, 7.04829]},
			"faces": {
				"north": {"uv": [3, 1, 4.5, 1.75], "texture": "#2"},
				"east": {"uv": [0, 5.5, 1, 6.25], "texture": "#2"},
				"south": {"uv": [2, 3, 3.5, 3.75], "texture": "#2"},
				"west": {"uv": [5.5, 3, 6.5, 3.75], "texture": "#2"},
				"up": {"uv": [1.5, 1, 0, 0], "texture": "#2"},
				"down": {"uv": [1.5, 1, 0, 2], "texture": "#2"}
			}
		},
		{
			"from": [5.46941, 4.68182, 2.87699],
			"to": [10.53059, 9.60601, 4.98582],
			"rotation": {"angle": 0, "axis": "y", "origin": [7.99648, 8.57611, 7.04829]},
			"faces": {
				"north": {"uv": [0, 3.5, 1, 4.5], "texture": "#2"},
				"east": {"uv": [2.5, 6.5, 3, 7.5], "texture": "#2"},
				"south": {"uv": [1, 3.5, 2, 4.5], "texture": "#2"},
				"west": {"uv": [6.5, 6, 7, 7], "texture": "#2"},
				"up": {"uv": [8, 2.5, 7, 2], "texture": "#2"},
				"down": {"uv": [8, 2.5, 7, 3], "texture": "#2"}
			}
		},
		{
			"from": [4.76646, 4.68182, 4.98582],
			"to": [11.23354, 8.47771, 8.64112],
			"rotation": {"angle": 0, "axis": "y", "origin": [7.99648, 8.57611, 7.04829]},
			"faces": {
				"north": {"uv": [3.5, 2, 4.75, 2.75], "texture": "#2"},
				"east": {"uv": [0, 6.5, 0.75, 7.25], "texture": "#2"},
				"south": {"uv": [3.5, 3, 4.75, 3.75], "texture": "#2"},
				"west": {"uv": [6.5, 0, 7.25, 0.75], "texture": "#2"},
				"up": {"uv": [3.25, 4.75, 2, 4], "texture": "#2"},
				"down": {"uv": [4.75, 4, 3.5, 4.75], "texture": "#2"}
			}
		},
		{
			"from": [4.20411, 1.62341, 9.76583],
			"to": [11.79589, 4.68182, 14.12407],
			"rotation": {"angle": 0, "axis": "y", "origin": [7.99648, 8.57611, 7.04829]},
			"faces": {
				"north": {"uv": [5.5, 5, 6.75, 5.5], "texture": "#2"},
				"east": {"uv": [7.5, 1.5, 8.25, 2], "texture": "#2"},
				"south": {"uv": [5.5, 5.5, 6.75, 6], "texture": "#2"},
				"west": {"uv": [7.5, 3, 8.25, 3.5], "texture": "#2"},
				"up": {"uv": [1.25, 5.25, 0, 4.5], "texture": "#2"},
				"down": {"uv": [5.75, 0, 4.5, 0.75], "texture": "#2"}
			}
		},
		{
			"from": [6.31294, 4.68182, 0.06522],
			"to": [9.68706, 8.76248, 2.87699],
			"rotation": {"angle": 0, "axis": "y", "origin": [7.99648, 8.57611, 7.04829]},
			"faces": {
				"north": {"uv": [1, 7, 1.5, 8], "texture": "#2"},
				"east": {"uv": [3, 7, 3.5, 8], "texture": "#2"},
				"south": {"uv": [3.5, 7, 4, 8], "texture": "#2"},
				"west": {"uv": [4, 7, 4.5, 8], "texture": "#2"},
				"up": {"uv": [2, 5, 1.5, 4.5], "texture": "#2"},
				"down": {"uv": [4, 8.5, 3.5, 9], "texture": "#2"}
			}
		},
		{
			"from": [6.94558, 5.82152, -2.11682],
			"to": [9.05442, 8.77388, 1.67907],
			"rotation": {"angle": 22.5, "axis": "x", "origin": [8, 8.07093, -0.21888]},
			"faces": {
				"north": {"uv": [11.5, 0.5, 11.75, 1], "texture": "#2"},
				"east": {"uv": [7.5, 3.5, 8.25, 4], "texture": "#2"},
				"south": {"uv": [1, 11.5, 1.25, 12], "texture": "#2"},
				"west": {"uv": [7.5, 4, 8.25, 4.5], "texture": "#2"},
				"up": {"uv": [9.75, 5.25, 9.5, 4.5], "texture": "#2"},
				"down": {"uv": [5.25, 9.5, 5, 10.25], "texture": "#2"}
			}
		},
		{
			"from": [7.29706, 6.10269, -3.80388],
			"to": [8.70294, 7.78975, -1.41388],
			"rotation": {"angle": 45, "axis": "x", "origin": [8, 8.07093, -0.21888]},
			"faces": {
				"north": {"uv": [6, 12, 6.25, 12.25], "texture": "#2"},
				"east": {"uv": [11.5, 1, 12, 1.25], "texture": "#2"},
				"south": {"uv": [12, 6, 12.25, 6.25], "texture": "#2"},
				"west": {"uv": [1.5, 11.5, 2, 11.75], "texture": "#2"},
				"up": {"uv": [11.75, 2, 11.5, 1.5], "texture": "#2"},
				"down": {"uv": [2.25, 11.5, 2, 12], "texture": "#2"}
			}
		},
		{
			"from": [6.87529, 1.84108, 0.39803],
			"to": [9.12471, 5.77757, 2.29597],
			"rotation": {"angle": 22.5, "axis": "x", "origin": [7.99648, 8.57611, 7.04829]},
			"faces": {
				"north": {"uv": [2.5, 7.5, 3, 8.25], "texture": "#2"},
				"east": {"uv": [5.5, 9.5, 5.75, 10.25], "texture": "#2"},
				"south": {"uv": [7.5, 4.5, 8, 5.25], "texture": "#2"},
				"west": {"uv": [6, 9.5, 6.25, 10.25], "texture": "#2"},
				"up": {"uv": [12, 2.25, 11.5, 2], "texture": "#2"},
				"down": {"uv": [3, 11.5, 2.5, 11.75], "texture": "#2"}
			}
		},
		{
			"from": [6.94558, 5.12381, 0.23799],
			"to": [9.05442, 7.86529, 3.33094],
			"rotation": {"angle": 45, "axis": "x", "origin": [8, 6.35397, -0.04319]},
			"faces": {
				"north": {"uv": [0, 9, 0.5, 9.5], "texture": "#2"},
				"east": {"uv": [9, 0, 9.5, 0.5], "texture": "#2"},
				"south": {"uv": [0.5, 9, 1, 9.5], "texture": "#2"},
				"west": {"uv": [9, 0.5, 9.5, 1], "texture": "#2"},
				"up": {"uv": [1.5, 9.5, 1, 9], "texture": "#2"},
				"down": {"uv": [9.5, 1, 9, 1.5], "texture": "#2"}
			}
		},
		{
			"from": [7.11373, 10.77568, -9.02468],
			"to": [8.88627, 17.10621, 0.9591],
			"rotation": {"angle": 0, "axis": "y", "origin": [8, 13.93434, 1.70581]},
			"faces": {
				"north": {"uv": [2.25, 12.75, 3.75, 13.75], "rotation": 180, "texture": "#2", "tintindex": 0},
				"east": {"uv": [2.25, 11.5, 3.75, 13.75], "rotation": 270, "texture": "#2", "tintindex": 0},
				"south": {"uv": [2.25, 11.5, 3.75, 13.75], "rotation": 180, "texture": "#2", "tintindex": 0},
				"west": {"uv": [2.25, 11.5, 3.75, 13.75], "rotation": 90, "texture": "#2"},
				"up": {"uv": [2.25, 11.5, 2.75, 13.75], "rotation": 180, "texture": "#2", "tintindex": 0},
				"down": {"uv": [2.25, 11.5, 2.75, 13.75], "texture": "#2", "tintindex": 0}
			}
		},
		{
			"from": [4.83474, 13.05467, -7.02468],
			"to": [11.16526, 14.82722, 0.9591],
			"rotation": {"angle": 0, "axis": "y", "origin": [8, 13.94094, -4.03279]},
			"faces": {
				"north": {"uv": [2.75, 14.75, 3, 15.25], "rotation": 270, "texture": "#2", "tintindex": 0},
				"east": {"uv": [3.25, 11.5, 3.75, 13.75], "rotation": 270, "texture": "#2", "tintindex": 0},
				"south": {"uv": [2.25, 11.5, 3.75, 13.75], "rotation": 90, "texture": "#2", "tintindex": 0},
				"west": {"uv": [2.25, 11.5, 2.75, 13.75], "rotation": 90, "texture": "#2", "tintindex": 0},
				"up": {"uv": [2.25, 11.5, 3.75, 13.75], "rotation": 180, "texture": "#2", "tintindex": 0},
				"down": {"uv": [2.25, 11.5, 3.75, 13.75], "texture": "#2"}
			}
		},
		{
			"from": [7.85084, 13.79179, -10.65704],
			"to": [9.89916, 15.8401, -9.43383],
			"rotation": {"angle": 0, "axis": "y", "origin": [8, 13.93434, 1.70581]},
			"faces": {
				"north": {"uv": [1.5, 13.5, 2.25, 14.5], "rotation": 270, "texture": "#2"},
				"east": {"uv": [1.5, 13.5, 2.25, 14.5], "rotation": 270, "texture": "#2"},
				"south": {"uv": [1.5, 13.5, 2.25, 14.5], "rotation": 270, "texture": "#2"},
				"west": {"uv": [2.75, 15, 3.5, 15.25], "rotation": 270, "texture": "#2"},
				"up": {"uv": [1.5, 13.5, 2.25, 14.5], "rotation": 270, "texture": "#2"},
				"down": {"uv": [2.75, 15, 3.5, 15.25], "rotation": 270, "texture": "#2"}
			}
		},
		{
			"from": [6.10084, 12.04179, -9.40704],
			"to": [9.89916, 15.8401, 2.31617],
			"rotation": {"angle": 0, "axis": "y", "origin": [8, 13.93434, 1.70581]},
			"faces": {
				"north": {"uv": [1.5, 12.75, 3.75, 14.5], "rotation": 90, "texture": "#2"},
				"east": {"uv": [1.5, 11.5, 3.75, 13.25], "rotation": 270, "texture": "#2"},
				"south": {"uv": [2.75, 10, 5, 11.75], "rotation": 90, "texture": "#2"},
				"west": {"uv": [1.5, 11.5, 3.75, 13.25], "rotation": 90, "texture": "#2"},
				"up": {"uv": [1.5, 11.5, 3.75, 13.25], "rotation": 180, "texture": "#2"},
				"down": {"uv": [1.5, 11.5, 3.75, 13.25], "texture": "#2"}
			}
		},
		{
			"from": [6.8394, 12.70539, 1.70396],
			"to": [9.1606, 15.02659, 6.23646],
			"rotation": {"angle": 0, "axis": "y", "origin": [8, 13.93434, 1.70581]},
			"faces": {
				"north": {"uv": [6.5, 12, 6.75, 12.25], "texture": "#2"},
				"east": {"uv": [9.5, 7, 10.25, 7.25], "texture": "#2"},
				"south": {"uv": [12, 6.5, 12.25, 6.75], "texture": "#2"},
				"west": {"uv": [9.5, 7.5, 10.25, 7.75], "texture": "#2"},
				"up": {"uv": [6.75, 10.25, 6.5, 9.5], "texture": "#2"},
				"down": {"uv": [9.75, 8, 9.5, 8.75], "texture": "#2"}
			}
		},
		{
			"from": [6.48771, 4.91899, 2.33538],
			"to": [9.51229, 11.56166, 6.00969],
			"rotation": {"angle": -45, "axis": "x", "origin": [8, 13.93434, 1.70581]},
			"faces": {
				"north": {"uv": [7, 4, 7.5, 5], "texture": "#2"},
				"east": {"uv": [4.5, 7, 5, 8], "texture": "#2"},
				"south": {"uv": [5, 7, 5.5, 8], "texture": "#2"},
				"west": {"uv": [7, 5, 7.5, 6], "texture": "#2"},
				"up": {"uv": [5.5, 9.5, 5, 9], "texture": "#2"},
				"down": {"uv": [6, 9, 5.5, 9.5], "texture": "#2"}
			}
		},
		{
			"from": [5.99533, 13.23294, 0.01582],
			"to": [10.00467, 14.49904, 6.23646],
			"rotation": {"angle": 0, "axis": "y", "origin": [8, 13.93434, 1.70581]},
			"faces": {
				"north": {"uv": [11.5, 3, 12, 3.25], "texture": "#2"},
				"east": {"uv": [9, 5.5, 10, 5.75], "texture": "#2"},
				"south": {"uv": [3.5, 11.5, 4, 11.75], "texture": "#2"},
				"west": {"uv": [6, 9, 7, 9.25], "texture": "#2"},
				"up": {"uv": [6, 8, 5.5, 7], "texture": "#2"},
				"down": {"uv": [6.5, 7, 6, 8], "texture": "#2"}
			}
		},
		{
			"from": [7.36695, 11.50962, 0.01582],
			"to": [8.63305, 13.76048, 6.23646],
			"rotation": {"angle": 0, "axis": "y", "origin": [8, 13.93434, 1.70581]},
			"faces": {
				"north": {"uv": [7, 12, 7.25, 12.25], "texture": "#2"},
				"east": {"uv": [9, 6, 10, 6.25], "texture": "#2"},
				"south": {"uv": [12, 7, 12.25, 7.25], "texture": "#2"},
				"west": {"uv": [9, 6.5, 10, 6.75], "texture": "#2"},
				"up": {"uv": [7.25, 10, 7, 9], "texture": "#2"},
				"down": {"uv": [9.25, 7, 9, 8], "texture": "#2"}
			}
		},
		{
			"from": [7.36695, 15.02659, 0.64887],
			"to": [8.63305, 16.3982, 6.23646],
			"rotation": {"angle": 0, "axis": "y", "origin": [8, 13.93434, 1.70581]},
			"faces": {
				"north": {"uv": [7.5, 12, 7.75, 12.25], "texture": "#2"},
				"east": {"uv": [9.5, 9, 10.25, 9.25], "texture": "#2"},
				"south": {"uv": [12, 7.5, 12.25, 7.75], "texture": "#2"},
				"west": {"uv": [9.5, 9.5, 10.25, 9.75], "texture": "#2"},
				"up": {"uv": [0.25, 10.75, 0, 10], "texture": "#2"},
				"down": {"uv": [0.75, 10, 0.5, 10.75], "texture": "#2"}
			}
		},
		{
			"from": [7.47245, 13.14545, 6.04685],
			"to": [8.52755, 14.41157, 8.15263],
			"rotation": {"angle": -22.5, "axis": "x", "origin": [8, 13.93434, 1.70581]},
			"faces": {
				"north": {"uv": [8, 12, 8.25, 12.25], "texture": "#2"},
				"east": {"uv": [12, 8, 12.25, 8.25], "texture": "#2"},
				"south": {"uv": [8.5, 12, 8.75, 12.25], "texture": "#2"},
				"west": {"uv": [12, 8.5, 12.25, 8.75], "texture": "#2"},
				"up": {"uv": [9.25, 12.25, 9, 12], "texture": "#2"},
				"down": {"uv": [12.25, 9, 12, 9.25], "texture": "#2"}
			}
		},
		{
			"from": [7.08618, 11.60949, 11.87193],
			"to": [8.91383, 14.84303, 17.77664],
			"rotation": {"angle": -22.5, "axis": "x", "origin": [8, 11.75008, 11.23928]},
			"faces": {
				"north": {"uv": [11.5, 3.5, 11.75, 4], "texture": "#2"},
				"east": {"uv": [7, 6, 8, 6.5], "texture": "#2"},
				"south": {"uv": [4, 11.5, 4.25, 12], "texture": "#2"},
				"west": {"uv": [6.5, 7, 7.5, 7.5], "texture": "#2"},
				"up": {"uv": [7.25, 13.75, 7, 12.75], "texture": "#2"},
				"down": {"uv": [8.25, 9, 8, 10], "texture": "#2"}
			}
		},
		{
			"from": [6.52382, 10.62538, 6.95133],
			"to": [9.47618, 15.12421, 14.26193],
			"rotation": {"angle": -45, "axis": "x", "origin": [8, 11.75008, 11.23928]},
			"faces": {
				"north": {"uv": [7.5, 7.5, 8, 8.25], "texture": "#2"},
				"east": {"uv": [4.5, 1, 5.75, 1.75], "texture": "#2"},
				"south": {"uv": [0, 8, 0.5, 8.75], "texture": "#2"},
				"west": {"uv": [1.5, 5, 2.75, 5.75], "texture": "#2"},
				"up": {"uv": [1.5, 6.75, 1, 5.5], "texture": "#2"},
				"down": {"uv": [6.5, 0, 6, 1.25], "texture": "#2"}
			}
		},
		{
			"from": [7.36736, 14.66593, 14.80436],
			"to": [8.63264, 16.77475, 20.28731],
			"rotation": {"angle": -22.5, "axis": "x", "origin": [8, 14.03328, 16.98347]},
			"faces": {
				"north": {"uv": [11.5, 4, 11.75, 4.5], "texture": "#2"},
				"east": {"uv": [7, 6.5, 8, 7], "texture": "#2"},
				"south": {"uv": [11.5, 4.5, 11.75, 5], "texture": "#2"},
				"west": {"uv": [0, 7.5, 1, 8], "texture": "#2"},
				"up": {"uv": [8.25, 13.75, 8, 12.75], "texture": "#2"},
				"down": {"uv": [9.25, 9, 9, 10], "texture": "#2"}
			}
		},
		{
			"from": [3.12709, 5.19634, 9.91659],
			"to": [5.65768, 6.74281, 14.6966],
			"rotation": {"angle": 22.5, "axis": "z", "origin": [3.30282, 4.14192, 14.6966]},
			"faces": {
				"north": {"uv": [7, 13.25, 7.5, 13.5], "texture": "#2"},
				"east": {"uv": [10, 0, 10.75, 0.25], "texture": "#2"},
				"south": {"uv": [5.5, 11.5, 6, 11.75], "texture": "#2"},
				"west": {"uv": [6.25, 13.5, 7, 13.75], "texture": "#2"},
				"up": {"uv": [1, 8.75, 0.5, 8], "texture": "#2"},
				"down": {"uv": [1.5, 8, 1, 8.75], "texture": "#2"}
			}
		},
		{
			"from": [2.42415, 5.47752, 13.57189],
			"to": [4.25181, 6.46163, 18.3519],
			"rotation": {"angle": 22.5, "axis": "z", "origin": [3.30282, 4.14192, 14.6966]},
			"faces": {
				"north": {"uv": [9.5, 12, 9.75, 12.25], "texture": "#2"},
				"east": {"uv": [2, 10, 2.75, 10.25], "texture": "#2"},
				"south": {"uv": [12, 9.5, 12.25, 9.75], "texture": "#2"},
				"west": {"uv": [6.75, 13, 7.5, 13.25], "texture": "#2"},
				"up": {"uv": [3.25, 10.75, 3, 10], "texture": "#2"},
				"down": {"uv": [10.25, 3, 10, 3.75], "texture": "#2"}
			}
		},
		{
			"from": [4.27441, 13.66113, 14.13425],
			"to": [5.25853, 15.48878, 18.91425],
			"rotation": {"angle": 45, "axis": "z", "origin": [8, 11.6226, 12.16601]},
			"faces": {
				"north": {"uv": [10, 12, 10.25, 12.25], "texture": "#2"},
				"east": {"uv": [3.5, 10, 4.25, 10.25], "texture": "#2"},
				"south": {"uv": [12, 10, 12.25, 10.25], "texture": "#2"},
				"west": {"uv": [10, 4, 10.75, 4.25], "texture": "#2"},
				"up": {"uv": [4.75, 10.75, 4.5, 10], "texture": "#2"},
				"down": {"uv": [10.25, 4.5, 10, 5.25], "texture": "#2"}
			}
		},
		{
			"from": [3.99323, 12.25526, 10.47895],
			"to": [5.53971, 14.78584, 15.25895],
			"rotation": {"angle": 45, "axis": "z", "origin": [8, 11.6226, 12.16601]},
			"faces": {
				"north": {"uv": [11.5, 5.5, 11.75, 6], "texture": "#2"},
				"east": {"uv": [1.5, 8, 2.25, 8.5], "texture": "#2"},
				"south": {"uv": [6, 11.5, 6.25, 12], "texture": "#2"},
				"west": {"uv": [8, 2, 8.75, 2.5], "texture": "#2"},
				"up": {"uv": [10.25, 6.25, 10, 5.5], "texture": "#2"},
				"down": {"uv": [7.25, 10, 7, 10.75], "texture": "#2"}
			}
		},
		{
			"from": [1.84443, 7.3829, 10.76013],
			"to": [5.07797, 9.49173, 15.54013],
			"rotation": {"angle": -45, "axis": "y", "origin": [4.02355, 11.38967, 12.86895]},
			"faces": {
				"north": {"uv": [9, 8, 9.5, 8.5], "texture": "#2"},
				"east": {"uv": [8, 2.5, 8.75, 3], "texture": "#2"},
				"south": {"uv": [0, 9.5, 0.5, 10], "texture": "#2"},
				"west": {"uv": [9, 12.5, 9.75, 13], "texture": "#2"},
				"up": {"uv": [4.5, 8.75, 4, 8], "texture": "#2"},
				"down": {"uv": [5, 8, 4.5, 8.75], "texture": "#2"}
			}
		},
		{
			"from": [-0.6185, 7.66408, 13.47086],
			"to": [1.63092, 9.21055, 17.54793],
			"rotation": {"angle": -22.5, "axis": "y", "origin": [0.70279, 8.5779, 17.17795]},
			"faces": {
				"north": {"uv": [11.5, 6, 12, 6.25], "texture": "#2"},
				"east": {"uv": [10, 6.5, 10.75, 6.75], "texture": "#2"},
				"south": {"uv": [6.5, 11.5, 7, 11.75], "texture": "#2"},
				"west": {"uv": [7, 12.75, 7.75, 13], "texture": "#2"},
				"up": {"uv": [8.5, 5.25, 8, 4.5], "texture": "#2"},
				"down": {"uv": [5.5, 8, 5, 8.75], "texture": "#2"}
			}
		},
		{
			"from": [-0.52737, 7.94526, 16.89676],
			"to": [1.01911, 8.92937, 20.69266],
			"rotation": {"angle": 0, "axis": "y", "origin": [0.70279, 8.5779, 17.17795]},
			"faces": {
				"north": {"uv": [10.5, 12, 10.75, 12.25], "texture": "#2"},
				"east": {"uv": [10, 8, 10.75, 8.25], "texture": "#2"},
				"south": {"uv": [12, 10.5, 12.25, 10.75], "texture": "#2"},
				"west": {"uv": [7, 13.25, 7.75, 13.5], "texture": "#2"},
				"up": {"uv": [9.75, 10.75, 9.5, 10], "texture": "#2"},
				"down": {"uv": [10.25, 10, 10, 10.75], "texture": "#2"}
			}
		},
		{
			"from": [10.34232, 5.19634, 9.91659],
			"to": [12.87291, 6.74281, 14.6966],
			"rotation": {"angle": -22.5, "axis": "z", "origin": [12.69718, 4.14192, 14.6966]},
			"faces": {
				"north": {"uv": [7, 13.25, 7.5, 13.5], "texture": "#2"},
				"east": {"uv": [7.25, 13.5, 8, 13.75], "texture": "#2"},
				"south": {"uv": [11.5, 7, 12, 7.25], "texture": "#2"},
				"west": {"uv": [10.5, 0.5, 11.25, 0.75], "texture": "#2"},
				"up": {"uv": [6, 8.75, 5.5, 8], "texture": "#2"},
				"down": {"uv": [6.5, 8, 6, 8.75], "texture": "#2"}
			}
		},
		{
			"from": [11.7482, 5.47752, 13.57189],
			"to": [13.57585, 6.46163, 18.3519],
			"rotation": {"angle": -22.5, "axis": "z", "origin": [12.69718, 4.14192, 14.6966]},
			"faces": {
				"north": {"uv": [11, 12, 11.25, 12.25], "texture": "#2"},
				"east": {"uv": [6.75, 13, 7.5, 13.25], "texture": "#2"},
				"south": {"uv": [12, 11, 12.25, 11.25], "texture": "#2"},
				"west": {"uv": [10.5, 1, 11.25, 1.25], "texture": "#2"},
				"up": {"uv": [10.75, 2.25, 10.5, 1.5], "texture": "#2"},
				"down": {"uv": [2.25, 10.5, 2, 11.25], "texture": "#2"}
			}
		},
		{
			"from": [10.74148, 13.66113, 14.13425],
			"to": [11.72559, 15.48878, 18.91425],
			"rotation": {"angle": -45, "axis": "z", "origin": [8, 11.6226, 12.16601]},
			"faces": {
				"north": {"uv": [11.5, 12, 11.75, 12.25], "texture": "#2"},
				"east": {"uv": [10.5, 3, 11.25, 3.25], "texture": "#2"},
				"south": {"uv": [12, 11.5, 12.25, 11.75], "texture": "#2"},
				"west": {"uv": [3.5, 10.5, 4.25, 10.75], "texture": "#2"},
				"up": {"uv": [2.75, 11.25, 2.5, 10.5], "texture": "#2"},
				"down": {"uv": [10.75, 4.5, 10.5, 5.25], "texture": "#2"}
			}
		},
		{
			"from": [10.46029, 12.25526, 10.47895],
			"to": [12.00677, 14.78584, 15.25895],
			"rotation": {"angle": -45, "axis": "z", "origin": [8, 11.6226, 12.16601]},
			"faces": {
				"north": {"uv": [7.5, 11.5, 7.75, 12], "texture": "#2"},
				"east": {"uv": [8, 6, 8.75, 6.5], "texture": "#2"},
				"south": {"uv": [8, 11.5, 8.25, 12], "texture": "#2"},
				"west": {"uv": [8, 6.5, 8.75, 7], "texture": "#2"},
				"up": {"uv": [5.25, 11.25, 5, 10.5], "texture": "#2"},
				"down": {"uv": [5.75, 10.5, 5.5, 11.25], "texture": "#2"}
			}
		},
		{
			"from": [10.92203, 7.3829, 10.76013],
			"to": [14.15557, 9.49173, 15.54013],
			"rotation": {"angle": 45, "axis": "y", "origin": [11.97645, 11.38967, 12.86895]},
			"faces": {
				"north": {"uv": [9.5, 0, 10, 0.5], "texture": "#2"},
				"east": {"uv": [9, 13, 9.75, 12.5], "texture": "#2"},
				"south": {"uv": [0.5, 9.5, 1, 10], "texture": "#2"},
				"west": {"uv": [8, 8, 8.75, 8.5], "texture": "#2"},
				"up": {"uv": [9, 0.75, 8.5, 0], "texture": "#2"},
				"down": {"uv": [9, 1, 8.5, 1.75], "texture": "#2"}
			}
		},
		{
			"from": [14.36908, 7.66408, 13.47086],
			"to": [16.6185, 9.21055, 17.54793],
			"rotation": {"angle": 22.5, "axis": "y", "origin": [15.29721, 8.5779, 17.17795]},
			"faces": {
				"north": {"uv": [8.5, 11.5, 9, 11.75], "texture": "#2"},
				"east": {"uv": [7.25, 13, 8, 12.5], "texture": "#2"},
				"south": {"uv": [9, 11.5, 9.5, 11.75], "texture": "#2"},
				"west": {"uv": [10.5, 5.5, 11.25, 5.75], "texture": "#2"},
				"up": {"uv": [2, 9.25, 1.5, 8.5], "texture": "#2"},
				"down": {"uv": [2.5, 8.5, 2, 9.25], "texture": "#2"}
			}
		},
		{
			"from": [14.98089, 7.94526, 16.89676],
			"to": [16.52737, 8.92937, 20.69266],
			"rotation": {"angle": 0, "axis": "y", "origin": [15.29721, 8.5779, 17.17795]},
			"faces": {
				"north": {"uv": [12, 12, 12.25, 12.25], "texture": "#2"},
				"east": {"uv": [6.75, 14.25, 7.5, 13.75], "texture": "#2"},
				"south": {"uv": [0, 12.5, 0.25, 12.75], "texture": "#2"},
				"west": {"uv": [10.5, 6, 11.25, 6.25], "texture": "#2"},
				"up": {"uv": [10.75, 7.75, 10.5, 7], "texture": "#2"},
				"down": {"uv": [7.75, 10.5, 7.5, 11.25], "texture": "#2"}
			}
		},
		{
			"from": [2.58574, 3.29875, 10.44476],
			"to": [4.41339, 5.82934, 14.52182],
			"rotation": {"angle": 22.5, "axis": "x", "origin": [8, 7.02268, 8.00966]},
			"faces": {
				"north": {"uv": [11.5, 9, 11.75, 9.5], "texture": "#2"},
				"east": {"uv": [2.5, 8.5, 3.25, 9], "texture": "#2"},
				"south": {"uv": [11.5, 9.5, 11.75, 10], "texture": "#2"},
				"west": {"uv": [8.5, 3, 9.25, 3.5], "texture": "#2"},
				"up": {"uv": [8.25, 11.25, 8, 10.5], "texture": "#2"},
				"down": {"uv": [8.75, 10.5, 8.5, 11.25], "texture": "#2"}
			}
		},
		{
			"from": [3.1481, 4.00169, 7.63298],
			"to": [4.41339, 5.68875, 11.00711],
			"rotation": {"angle": 22.5, "axis": "x", "origin": [8, 7.02268, 8.00966]},
			"faces": {
				"north": {"uv": [12.5, 0, 12.75, 0.25], "texture": "#2"},
				"east": {"uv": [11.5, 10.5, 12, 10.75], "texture": "#2"},
				"south": {"uv": [0.5, 12.5, 0.75, 12.75], "texture": "#2"},
				"west": {"uv": [11, 11.5, 11.5, 11.75], "texture": "#2"},
				"up": {"uv": [11.75, 11.5, 11.5, 11], "texture": "#2"},
				"down": {"uv": [11.75, 11.5, 11.5, 12], "texture": "#2"}
			}
		},
		{
			"from": [2.86693, 3.15816, 13.39711],
			"to": [4.13221, 4.70464, 18.17712],
			"rotation": {"angle": 22.5, "axis": "x", "origin": [8, 7.02268, 8.00966]},
			"faces": {
				"north": {"uv": [12.5, 0.5, 12.75, 0.75], "texture": "#2"},
				"east": {"uv": [10.5, 9, 11.25, 9.25], "texture": "#2"},
				"south": {"uv": [1, 12.5, 1.25, 12.75], "texture": "#2"},
				"west": {"uv": [10.5, 9.5, 11.25, 9.75], "texture": "#2"},
				"up": {"uv": [9.25, 11.25, 9, 10.5], "texture": "#2"},
				"down": {"uv": [10.75, 10, 10.5, 10.75], "texture": "#2"}
			}
		},
		{
			"from": [11.58661, 3.29875, 10.44476],
			"to": [13.41426, 5.82934, 14.52182],
			"rotation": {"angle": 22.5, "axis": "x", "origin": [8, 7.02268, 8.00966]},
			"faces": {
				"north": {"uv": [0, 12, 0.25, 12.5], "texture": "#2"},
				"east": {"uv": [8.5, 3.5, 9.25, 4], "texture": "#2"},
				"south": {"uv": [12, 0, 12.25, 0.5], "texture": "#2"},
				"west": {"uv": [8.5, 4, 9.25, 4.5], "texture": "#2"},
				"up": {"uv": [0.25, 11.75, 0, 11], "texture": "#2"},
				"down": {"uv": [0.75, 11, 0.5, 11.75], "texture": "#2"}
			}
		},
		{
			"from": [11.58661, 4.00169, 7.63298],
			"to": [12.8519, 5.68875, 11.00711],
			"rotation": {"angle": 22.5, "axis": "x", "origin": [8, 7.02268, 8.00966]},
			"faces": {
				"north": {"uv": [12.5, 1, 12.75, 1.25], "texture": "#2"},
				"east": {"uv": [0.5, 12, 1, 12.25], "texture": "#2"},
				"south": {"uv": [1.5, 12.5, 1.75, 12.75], "texture": "#2"},
				"west": {"uv": [12, 0.5, 12.5, 0.75], "texture": "#2"},
				"up": {"uv": [1.25, 12.5, 1, 12], "texture": "#2"},
				"down": {"uv": [12.25, 1, 12, 1.5], "texture": "#2"}
			}
		},
		{
			"from": [11.86779, 3.15816, 13.39711],
			"to": [13.13307, 4.70464, 18.17712],
			"rotation": {"angle": 22.5, "axis": "x", "origin": [8, 7.02268, 8.00966]},
			"faces": {
				"north": {"uv": [12.5, 1.5, 12.75, 1.75], "texture": "#2"},
				"east": {"uv": [11, 0, 11.75, 0.25], "texture": "#2"},
				"south": {"uv": [2, 12.5, 2.25, 12.75], "texture": "#2"},
				"west": {"uv": [1, 11, 1.75, 11.25], "texture": "#2"},
				"up": {"uv": [11.25, 2.25, 11, 1.5], "texture": "#2"},
				"down": {"uv": [3.25, 11, 3, 11.75], "texture": "#2"}
			}
		},
		{
			"from": [4.71023, 7.91536, 4.70464],
			"to": [11.28977, 9.18066, 6.25112],
			"rotation": {"angle": 0, "axis": "y", "origin": [7.99648, 8.29494, 4.79887]},
			"faces": {
				"north": {"uv": [12.75, 2, 13, 2.25], "texture": "#2"},
				"east": {"uv": [12.5, 2, 13, 2.25], "texture": "#2"},
				"south": {"uv": [12.5, 2, 13, 2.25], "texture": "#2"},
				"west": {"uv": [13, 2, 12.5, 2.25], "texture": "#2"},
				"up": {"uv": [12.5, 2, 13, 2.25], "texture": "#2"},
				"down": {"uv": [12.5, 2, 13, 2.25], "texture": "#2"}
			}
		},
		{
			"from": [4.63994, 7.49359, 4.28288],
			"to": [11.36006, 8.19653, 6.81347],
			"rotation": {"angle": -22.5, "axis": "x", "origin": [8, 8.33712, 1.96316]},
			"faces": {
				"north": {"uv": [9.5, 2, 10.5, 2.25], "texture": "#2"},
				"east": {"uv": [1.5, 12, 2, 12.25], "texture": "#2"},
				"south": {"uv": [3, 9.5, 4, 9.75], "texture": "#2"},
				"west": {"uv": [12, 1.5, 12.5, 1.75], "texture": "#2"},
				"up": {"uv": [8.5, 0.5, 7.5, 0], "texture": "#2"},
				"down": {"uv": [8.5, 0.5, 7.5, 1], "texture": "#2"}
			}
		},
		{
			"from": [7.03741, 10.63146, -9.11972],
			"to": [8.9366, 17.27428, -5.49576],
			"rotation": {"angle": 0, "axis": "y", "origin": [7.912, 12.47315, 6.24384]},
			"faces": {
				"north": {"uv": [5, 12.75, 5.25, 13.5], "texture": "#2"},
				"east": {"uv": [5.5, 13.75, 6.25, 14.75], "texture": "#2"},
				"south": {"uv": [5.25, 12.75, 5.5, 13.5], "texture": "#2"},
				"west": {"uv": [5.5, 12.75, 6.25, 13.75], "texture": "#2"},
				"up": {"uv": [4.75, 13.5, 4.5, 12.75], "texture": "#2"},
				"down": {"uv": [5, 12.75, 4.75, 13.5], "texture": "#2"}
			}
		},
		{
			"from": [5.99077, 11.93975, -9.48827],
			"to": [9.98323, 15.93221, -5.44549],
			"rotation": {"angle": 0, "axis": "y", "origin": [7.912, 12.47315, 6.24384]},
			"faces": {
				"north": {"uv": [3.5, 14, 4, 14.5], "texture": "#2"},
				"east": {"uv": [2.5, 15, 3.5, 15.5], "texture": "#2"},
				"south": {"uv": [4, 12.75, 4.5, 13.25], "texture": "#2"},
				"west": {"uv": [2.5, 14.5, 3.5, 15], "texture": "#2"},
				"up": {"uv": [4, 15.5, 3.5, 14.5], "texture": "#2"},
				"down": {"uv": [4.5, 13.25, 4, 14.25], "texture": "#2"}
			}
		}
	],
	"display": {
		"head": {
			"translation": [0, -1.75, -14.25],
			"scale": [4, 4, 4]
		}
	},
	"groups": [
		{
			"name": "root_raging_2",
			"origin": [8, 8, 8],
			"color": 0,
			"children": [
				{
					"name": "head",
					"origin": [8, 8, 8],
					"color": 0,
					"children": [
						{
							"name": "upper",
							"origin": [8, 8, 8],
							"color": 0,
							"children": [
								0,
								1,
								2,
								3,
								4,
								5,
								6,
								7,
								8,
								9,
								10,
								11,
								{
									"name": "bomb",
									"origin": [8, 8, 8],
									"color": 0,
									"children": [12, 13, 14, 15, 16, 17, 18, 19, 20, 21]
								},
								{
									"name": "horne",
									"origin": [8, 8, 8],
									"color": 0,
									"children": [
										22,
										23,
										24,
										{
											"name": "group",
											"origin": [5.40476, 17.13563, -7.41389],
											"color": 0,
											"children": [25, 26, 27, 28, 29, 30, 31]
										},
										{
											"name": "group",
											"origin": [5.40476, 17.13563, -7.41389],
											"color": 0,
											"children": [32, 33, 34, 35, 36, 37, 38]
										},
										{
											"name": "group",
											"origin": [6.32946, 15.55799, -8.29638],
											"color": 0,
											"children": [39, 40, 41]
										},
										{
											"name": "group",
											"origin": [6.32946, 15.55799, -8.29638],
											"color": 0,
											"children": [42, 43, 44]
										}
									]
								},
								45,
								46
							]
						}
					]
				}
			]
		},
		47,
		48
	]
}