{
	"credit": "Made with Blockbench",
	"texture_size": [32, 32],
	"textures": {
		"2": "brachy/raging_phase2",
		"particle": "head"
	},
	"elements": [
		{
			"from": [3.85631, 3.98384, 9.73264],
			"to": [12.14363, 8.91677, 14.42096],
			"rotation": {"angle": 0, "axis": "y", "origin": [12.4396, -10.81494, 5.14624]},
			"faces": {
				"north": {"uv": [4.25, 6.5, 6, 8], "texture": "#2"},
				"east": {"uv": [4.25, 6.5, 6, 8], "texture": "#2"},
				"south": {"uv": [4.25, 6.5, 6, 8], "texture": "#2"},
				"west": {"uv": [4.25, 6.5, 6, 8], "texture": "#2"},
				"up": {"uv": [4.25, 6.5, 6, 8], "texture": "#2"},
				"down": {"uv": [4.25, 6.5, 6, 8], "texture": "#2"}
			}
		},
		{
			"from": [4.59625, 8.91677, 9.73264],
			"to": [11.40369, 10.76662, 14.42096],
			"rotation": {"angle": 0, "axis": "y", "origin": [12.4396, -10.81494, 5.14624]},
			"faces": {
				"north": {"uv": [4.25, 6.5, 6, 8], "texture": "#2"},
				"east": {"uv": [4.25, 6.5, 6, 8], "texture": "#2"},
				"south": {"uv": [4.25, 6.5, 6, 8], "texture": "#2"},
				"west": {"uv": [4.25, 6.5, 6, 8], "texture": "#2"},
				"up": {"uv": [4.25, 6.5, 6, 8], "texture": "#2"},
				"down": {"uv": [4.25, 6.5, 6, 8], "texture": "#2"}
			}
		},
		{
			"from": [6.07613, 10.76662, 9.73264],
			"to": [9.92381, 14.03825, 14.42096],
			"rotation": {"angle": 0, "axis": "y", "origin": [12.4396, -10.81494, 5.14624]},
			"faces": {
				"north": {"uv": [4.25, 6.5, 6, 8], "texture": "#2"},
				"east": {"uv": [4.25, 6.5, 6, 8], "texture": "#2"},
				"south": {"uv": [4.25, 6.5, 6, 8], "texture": "#2"},
				"west": {"uv": [4.25, 6.5, 6, 8], "texture": "#2"},
				"up": {"uv": [4.25, 6.5, 6, 8], "texture": "#2"},
				"down": {"uv": [4.25, 6.5, 6, 8], "texture": "#2"}
			}
		},
		{
			"from": [4.89222, 2.62729, 9.73264],
			"to": [11.10771, 3.98384, 14.42096],
			"rotation": {"angle": 0, "axis": "y", "origin": [12.4396, -12.04817, 5.14624]},
			"faces": {
				"north": {"uv": [13.25, 0, 16, 1.5], "texture": "#2"},
				"east": {"uv": [13.25, 0, 16, 1.5], "texture": "#2"},
				"south": {"uv": [13.25, 0, 16, 1.5], "texture": "#2"},
				"west": {"uv": [13.25, 0, 16, 1.5], "texture": "#2"},
				"up": {"uv": [13.25, 0, 16, 1.5], "texture": "#2"},
				"down": {"uv": [13.25, 0, 16, 1.5], "texture": "#2"}
			}
		}
	],
	"display": {
		"head": {
			"translation": [0, -8.75, -21.5],
			"scale": [4, 4, 4]
		}
	},
	"groups": [
		{
			"name": "root_raging_2",
			"origin": [8, 8, 8],
			"color": 0,
			"children": [
				{
					"name": "neck",
					"origin": [8, 8, 8],
					"color": 0,
					"children": [
						{
							"name": "2",
							"origin": [8, 8, 8],
							"color": 0,
							"children": [0, 1, 2, 3]
						}
					]
				}
			]
		}
	]
}