{
	"credit": "Made with Blockbench",
	"textures": {
		"2": "kushala/head",
		"3": "block/prismarine_bricks"
	},
	"elements": [
		{
			"from": [7.35, -3.5, 7.35],
			"to": [8.65, 4, 8.65],
			"rotation": {"angle": 0, "axis": "y", "origin": [0, -2, 0]},
			"faces": {
				"north": {"uv": [0.5, 12.5, 1.25, 13.625], "texture": "#2"},
				"east": {"uv": [0.5, 12.5, 1.25, 13.625], "texture": "#2"},
				"south": {"uv": [0.5, 12.5, 1.25, 13.625], "texture": "#2"},
				"west": {"uv": [0.5, 12.5, 1.25, 13.625], "texture": "#2"},
				"up": {"uv": [0.5, 12.5, 1.25, 13.625], "texture": "#2"},
				"down": {"uv": [0.5, 12.5, 1.25, 13.625], "texture": "#2"}
			}
		},
		{
			"from": [7.1, 3.25, 7.1],
			"to": [8.9, 5.75, 8.9],
			"rotation": {"angle": 0, "axis": "y", "origin": [0, -2, 0]},
			"faces": {
				"north": {"uv": [3.125, 9.125, 3.875, 9.875], "texture": "#2"},
				"east": {"uv": [3.125, 9.125, 3.875, 9.875], "texture": "#2"},
				"south": {"uv": [3.125, 9.125, 3.875, 9.875], "texture": "#2"},
				"west": {"uv": [3.125, 9.125, 3.875, 9.875], "texture": "#2"},
				"up": {"uv": [3.125, 9.125, 3.875, 9.875], "texture": "#2"},
				"down": {"uv": [3.125, 9.125, 3.875, 9.875], "texture": "#2"}
			}
		},
		{
			"from": [6.6, 5.25, 6.6],
			"to": [9.4, 6, 9.4],
			"rotation": {"angle": 0, "axis": "y", "origin": [0, -2, 0]},
			"faces": {
				"north": {"uv": [3.125, 9.125, 3.875, 9.875], "texture": "#2"},
				"east": {"uv": [3.125, 9.125, 3.875, 9.875], "texture": "#2"},
				"south": {"uv": [3.125, 9.125, 3.875, 9.875], "texture": "#2"},
				"west": {"uv": [3.125, 9.125, 3.875, 9.875], "texture": "#2"},
				"up": {"uv": [3.125, 9.125, 3.875, 9.875], "texture": "#2"},
				"down": {"uv": [3.125, 9.125, 3.875, 9.875], "texture": "#2"}
			}
		},
		{
			"from": [6.6, 5.225, 6.6],
			"to": [9.4, 5.975, 9.4],
			"rotation": {"angle": -45, "axis": "y", "origin": [8, 5.625, 8]},
			"faces": {
				"north": {"uv": [3.125, 9.125, 3.875, 9.875], "texture": "#2"},
				"east": {"uv": [3.125, 9.125, 3.875, 9.875], "texture": "#2"},
				"south": {"uv": [3.125, 9.125, 3.875, 9.875], "texture": "#2"},
				"west": {"uv": [3.125, 9.125, 3.875, 9.875], "texture": "#2"},
				"up": {"uv": [3.125, 9.125, 3.875, 9.875], "texture": "#2"},
				"down": {"uv": [3.125, 9.125, 3.875, 9.875], "texture": "#2"}
			}
		},
		{
			"from": [6.85, 2.25, 6.85],
			"to": [9.15, 3.5, 9.15],
			"rotation": {"angle": 0, "axis": "y", "origin": [8, -1.375, 8]},
			"faces": {
				"north": {"uv": [3.125, 9.125, 3.875, 9.875], "texture": "#2"},
				"east": {"uv": [3.125, 9.125, 3.875, 9.875], "texture": "#2"},
				"south": {"uv": [3.125, 9.125, 3.875, 9.875], "texture": "#2"},
				"west": {"uv": [3.125, 9.125, 3.875, 9.875], "texture": "#2"},
				"up": {"uv": [3.125, 9.125, 3.875, 9.875], "texture": "#2"},
				"down": {"uv": [3.125, 9.125, 3.875, 9.875], "texture": "#2"}
			}
		},
		{
			"from": [7.1, 2.5, 3],
			"to": [8.9, 3.25, 13],
			"rotation": {"angle": 0, "axis": "y", "origin": [8, -1.375, 8.15]},
			"faces": {
				"north": {"uv": [3.125, 9.125, 3.875, 9.875], "texture": "#2"},
				"east": {"uv": [3.125, 9.125, 3.875, 9.875], "texture": "#2"},
				"south": {"uv": [3.125, 9.125, 3.875, 9.875], "texture": "#2"},
				"west": {"uv": [3.125, 9.125, 3.875, 9.875], "texture": "#2"},
				"up": {"uv": [3.125, 9.125, 3.875, 9.875], "texture": "#2"},
				"down": {"uv": [3.125, 9.125, 3.875, 9.875], "texture": "#2"}
			}
		},
		{
			"from": [7.1, -5.5, 7.1],
			"to": [8.9, -3.5, 8.9],
			"rotation": {"angle": 0, "axis": "y", "origin": [0, -2, 0]},
			"faces": {
				"north": {"uv": [3.125, 9.125, 3.875, 9.875], "texture": "#2"},
				"east": {"uv": [3.125, 9.125, 3.875, 9.875], "texture": "#2"},
				"south": {"uv": [3.125, 9.125, 3.875, 9.875], "texture": "#2"},
				"west": {"uv": [3.125, 9.125, 3.875, 9.875], "texture": "#2"},
				"up": {"uv": [3.125, 9.125, 3.875, 9.875], "texture": "#2"},
				"down": {"uv": [3.125, 9.125, 3.875, 9.875], "texture": "#2"}
			}
		},
		{
			"from": [7.6, -7, 7.6],
			"to": [8.4, -5.5, 8.4],
			"rotation": {"angle": 0, "axis": "y", "origin": [0, -2, 0]},
			"faces": {
				"north": {"uv": [3.125, 9.125, 3.875, 9.875], "texture": "#2"},
				"east": {"uv": [3.125, 9.125, 3.875, 9.875], "texture": "#2"},
				"south": {"uv": [3.125, 9.125, 3.875, 9.875], "texture": "#2"},
				"west": {"uv": [3.125, 9.125, 3.875, 9.875], "texture": "#2"},
				"up": {"uv": [3.125, 9.125, 3.875, 9.875], "texture": "#2"},
				"down": {"uv": [3.125, 9.125, 3.875, 9.875], "texture": "#2"}
			}
		},
		{
			"from": [7.6, 5.845, 6.9018],
			"to": [8.4, 25.195, 9.0982],
			"rotation": {"angle": 0, "axis": "y", "origin": [0, 2.395, 1.376]},
			"faces": {
				"north": {"uv": [0, 0, 15, 15], "texture": "#3"},
				"east": {"uv": [0, 0, 15, 15], "texture": "#3"},
				"south": {"uv": [0, 0, 15, 15], "texture": "#3"},
				"west": {"uv": [0, 0, 15, 15], "texture": "#3"},
				"up": {"uv": [0, 0, 15, 15], "texture": "#3"},
				"down": {"uv": [0, 0, 15, 15], "texture": "#3"}
			}
		},
		{
			"from": [7.6, 25.195, 7.2978],
			"to": [8.4, 26.995, 8.7022],
			"rotation": {"angle": 0, "axis": "y", "origin": [0, 2.395, 1.376]},
			"faces": {
				"north": {"uv": [0, 0, 3, 14], "texture": "#3"},
				"east": {"uv": [0, 0, 3, 14], "texture": "#3"},
				"south": {"uv": [0, 0, 3, 14], "texture": "#3"},
				"west": {"uv": [0, 0, 3, 14], "texture": "#3"},
				"up": {"uv": [0, 0, 3, 14], "texture": "#3"},
				"down": {"uv": [0, 0, 3, 14], "texture": "#3"}
			}
		},
		{
			"from": [7.6, 26.995, 7.64],
			"to": [8.4, 27.895, 8.36],
			"rotation": {"angle": 0, "axis": "y", "origin": [0, 2.395, 0.8]},
			"faces": {
				"north": {"uv": [0, 0, 3, 15], "texture": "#3"},
				"east": {"uv": [0, 0, 3, 15], "texture": "#3"},
				"south": {"uv": [0, 0, 3, 15], "texture": "#3"},
				"west": {"uv": [0, 0, 3, 15], "texture": "#3"},
				"up": {"uv": [0, 0, 3, 15], "texture": "#3"},
				"down": {"uv": [0, 0, 3, 15], "texture": "#3"}
			}
		},
		{
			"from": [7.85, 5.8775, 6.61868],
			"to": [8.15, 25.6625, 9.38132],
			"rotation": {"angle": 0, "axis": "y", "origin": [0, 0.3125, -0.01504]},
			"faces": {
				"north": {"uv": [9, 13, 9.25, 13.5], "texture": "#2"},
				"east": {"uv": [9, 13, 9.25, 13.5], "texture": "#2"},
				"south": {"uv": [9, 13, 9.25, 13.5], "texture": "#2"},
				"west": {"uv": [9, 13, 9.25, 13.5], "texture": "#2"},
				"up": {"uv": [9, 13, 9.25, 13.5], "texture": "#2"},
				"down": {"uv": [9, 13, 9.25, 13.5], "texture": "#2"}
			}
		},
		{
			"from": [7.85, 25.6625, 6.84784],
			"to": [8.15, 27.1425, 9.15216],
			"rotation": {"angle": 0, "axis": "y", "origin": [0, 0.3125, -0.01504]},
			"faces": {
				"north": {"uv": [9, 13, 9.25, 13.5], "texture": "#2"},
				"east": {"uv": [9, 13, 9.25, 13.5], "texture": "#2"},
				"south": {"uv": [9, 13, 9.25, 13.5], "texture": "#2"},
				"west": {"uv": [9, 13, 9.25, 13.5], "texture": "#2"},
				"up": {"uv": [9, 13, 9.25, 13.5], "texture": "#2"},
				"down": {"uv": [9, 13, 9.25, 13.5], "texture": "#2"}
			}
		},
		{
			"from": [7.85, 27.1425, 7.3144],
			"to": [8.15, 28.1325, 8.6856],
			"rotation": {"angle": 0, "axis": "y", "origin": [0, 0.3125, -0.712]},
			"faces": {
				"north": {"uv": [9, 13, 9.25, 13.5], "texture": "#2"},
				"east": {"uv": [9, 13, 9.25, 13.5], "texture": "#2"},
				"south": {"uv": [9, 13, 9.25, 13.5], "texture": "#2"},
				"west": {"uv": [9, 13, 9.25, 13.5], "texture": "#2"},
				"up": {"uv": [9, 13, 9.25, 13.5], "texture": "#2"},
				"down": {"uv": [9, 13, 9.25, 13.5], "texture": "#2"}
			}
		},
		{
			"from": [7.85, 28.1325, 7.5644],
			"to": [8.15, 28.8825, 8.4356],
			"rotation": {"angle": 0, "axis": "y", "origin": [0, 0.3125, -0.712]},
			"faces": {
				"north": {"uv": [9, 13, 9.25, 13.5], "texture": "#2"},
				"east": {"uv": [9, 13, 9.25, 13.5], "texture": "#2"},
				"south": {"uv": [9, 13, 9.25, 13.5], "texture": "#2"},
				"west": {"uv": [9, 13, 9.25, 13.5], "texture": "#2"},
				"up": {"uv": [9, 13, 9.25, 13.5], "texture": "#2"},
				"down": {"uv": [9, 13, 9.25, 13.5], "texture": "#2"}
			}
		},
		{
			"from": [7.35, 5.845, 7.44],
			"to": [8.65, 24.745, 8.56],
			"rotation": {"angle": 0, "axis": "y", "origin": [0, 2.395, 0.8]},
			"faces": {
				"north": {"uv": [0, 0, 3, 15], "texture": "#3"},
				"east": {"uv": [0, 0, 3, 15], "texture": "#3"},
				"south": {"uv": [0, 0, 3, 15], "texture": "#3"},
				"west": {"uv": [0, 0, 3, 15], "texture": "#3"},
				"up": {"uv": [0, 0, 3, 15], "texture": "#3"},
				"down": {"uv": [0, 0, 3, 15], "texture": "#3"}
			}
		},
		{
			"from": [7.35, 24.745, 7.665],
			"to": [8.65, 26.545, 8.335],
			"rotation": {"angle": 0, "axis": "y", "origin": [0, 2.395, 0.8]},
			"faces": {
				"north": {"uv": [0, 0, 6, 5], "texture": "#3"},
				"east": {"uv": [0, 0, 6, 5], "texture": "#3"},
				"south": {"uv": [0, 0, 6, 5], "texture": "#3"},
				"west": {"uv": [0, 0, 6, 5], "texture": "#3"},
				"up": {"uv": [0, 0, 6, 5], "texture": "#3"},
				"down": {"uv": [0, 0, 6, 5], "texture": "#3"}
			}
		}
	],
	"display": {
		"thirdperson_righthand": {
			"rotation": [-22, -55, 92],
			"translation": [-2.25, -4.75, 10]
		},
		"thirdperson_lefthand": {
			"rotation": [-22, -55, 92],
			"translation": [-2.25, -4.75, 10]
		},
		"firstperson_righthand": {
			"scale": [0, 0, 0]
		},
		"firstperson_lefthand": {
			"scale": [0, 0, 0]
		},
		"ground": {
			"rotation": [-45, 0, 0],
			"translation": [0, 6.75, 0]
		},
		"gui": {
			"rotation": [90, 45, -90],
			"translation": [-1, -1, 0],
			"scale": [0.55, 0.55, 0.65]
		},
		"fixed": {
			"rotation": [90, -45, 90],
			"translation": [1.25, -1.25, -0.5],
			"scale": [0.6, 0.6, 0.7]
		}
	},
	"groups": [
		{
			"name": "group",
			"origin": [8, 8, 8],
			"color": 0,
			"children": [
				0,
				1,
				2,
				3,
				4,
				5,
				6,
				7,
				{
					"name": "group",
					"origin": [0, 0, 0],
					"color": 0,
					"children": [8, 9, 10, 11, 12, 13, 14, 15, 16]
				}
			]
		}
	]
}