{
  "pools": [
    {
      "rolls": 1,
      "entries": [
        {
          "type": "minecraft:group",
          "children": [
            {
              "type": "minecraft:item",
              "name": "minecraft:paper",
              "weight": 25,
              "functions": [
                {
                "function": "minecraft:set_nbt",
                "tag": "{ActPaper:1,Act:1}"
                }
              ]
            }
            ,
            {
              "type": "minecraft:item",
              "name": "minecraft:paper",
              "weight": 15,
              "functions": [
                {
                "function": "minecraft:set_nbt",
                "tag": "{ActPaper:1,Act:2}"
                }
              ]
            }
            ,
            {
              "type": "minecraft:item",
              "name": "minecraft:paper",
              "weight": 20,
              "functions": [
                {
                "function": "minecraft:set_nbt",
                "tag": "{ActPaper:1,Act:3}"
                }
              ]
            }
            ,
            {
              "type": "minecraft:item",
              "name": "minecraft:paper",
              "weight": 25,
              "functions": [
                {
                "function": "minecraft:set_nbt",
                "tag": "{ActPaper:1,Act:4}"
                }
              ]
            }
            ,
            {
              "type": "minecraft:item",
              "name": "minecraft:paper",
              "weight": 15,
              "functions": [
                {
                "function": "minecraft:set_nbt",
                "tag": "{ActPaper:1,Act:5}"
                }
              ]
            }
          ]
        }
      ]
    }
  ]
}