{
  "condition": "minecraft:inverted",
  "term": {
    "condition": "minecraft:alternative",
    "terms": [
      {
        "condition": "minecraft:entity_properties",
        "entity": "this",
        "predicate": {
          "nbt": "{Tags:[\"AnmBite\"]}"
        }
      },
      {
        "condition": "minecraft:entity_properties",
        "entity": "this",
        "predicate": {
          "nbt": "{Tags:[\"AnmBite2\"]}"
        }
      },
      {
        "condition": "minecraft:entity_properties",
        "entity": "this",
        "predicate": {
          "nbt": "{Tags:[\"AnmHandL\"]}"
        }
      },
      {
        "condition": "minecraft:entity_properties",
        "entity": "this",
        "predicate": {
          "nbt": "{Tags:[\"AnmHandR\"]}"
        }
      },
      {
        "condition": "minecraft:entity_properties",
        "entity": "this",
        "predicate": {
          "nbt": "{Tags:[\"AnmShotL\"]}"
        }
      },
      {
        "condition": "minecraft:entity_properties",
        "entity": "this",
        "predicate": {
          "nbt": "{Tags:[\"AnmShotCL\"]}"
        }
      },
      {
        "condition": "minecraft:entity_properties",
        "entity": "this",
        "predicate": {
          "nbt": "{Tags:[\"AnmSpin\"]}"
        }
      },
      {
        "condition": "minecraft:entity_properties",
        "entity": "this",
        "predicate": {
          "nbt": "{Tags:[\"AnmJump\"]}"
        }
      },
      {
        "condition": "minecraft:entity_properties",
        "entity": "this",
        "predicate": {
          "nbt": "{Tags:[\"AnmDashStart\"]}"
        }
      },
      {
        "condition": "minecraft:entity_properties",
        "entity": "this",
        "predicate": {
          "nbt": "{Tags:[\"AnmDash\"]}"
        }
      },
      {
        "condition": "minecraft:entity_properties",
        "entity": "this",
        "predicate": {
          "nbt": "{Tags:[\"AnmDashJump\"]}"
        }
      },
      {
        "condition": "minecraft:entity_properties",
        "entity": "this",
        "predicate": {
          "nbt": "{Tags:[\"AnmDashTurnLN\"]}"
        }
      },
      {
        "condition": "minecraft:entity_properties",
        "entity": "this",
        "predicate": {
          "nbt": "{Tags:[\"AnmDashTurnRN\"]}"
        }
      },
      {
        "condition": "minecraft:entity_properties",
        "entity": "this",
        "predicate": {
          "nbt": "{Tags:[\"AnmDashTurnLS\"]}"
        }
      },
      {
        "condition": "minecraft:entity_properties",
        "entity": "this",
        "predicate": {
          "nbt": "{Tags:[\"AnmDashTurnRS\"]}"
        }
      },
      {
        "condition": "minecraft:entity_properties",
        "entity": "this",
        "predicate": {
          "nbt": "{Tags:[\"AnmDashStop\"]}"
        }
      },
      {
        "condition": "minecraft:entity_properties",
        "entity": "this",
        "predicate": {
          "nbt": "{Tags:[\"AnmDashBite\"]}"
        }
      },
      {
        "condition": "minecraft:entity_properties",
        "entity": "this",
        "predicate": {
          "nbt": "{Tags:[\"AnmDashSpin\"]}"
        }
      },
      {
        "condition": "minecraft:entity_properties",
        "entity": "this",
        "predicate": {
          "nbt": "{Tags:[\"AnmSummon\"]}"
        }
      },
      {
        "condition": "minecraft:entity_properties",
        "entity": "this",
        "predicate": {
          "nbt": "{Tags:[\"AnmBStep\"]}"
        }
      },
      {
        "condition": "minecraft:entity_properties",
        "entity": "this",
        "predicate": {
          "nbt": "{Tags:[\"AnmVoice\"]}"
        }
      },
      {
        "condition": "minecraft:entity_properties",
        "entity": "this",
        "predicate": {
          "nbt": "{Tags:[\"AnmVoice2\"]}"
        }
      },
      {
        "condition": "minecraft:entity_properties",
        "entity": "this",
        "predicate": {
          "nbt": "{Tags:[\"AnmBStepA\"]}"
        }
      },
      {
        "condition": "minecraft:entity_properties",
        "entity": "this",
        "predicate": {
          "nbt": "{Tags:[\"AnmAnger\"]}"
        }
      },
      {
        "condition": "minecraft:entity_properties",
        "entity": "this",
        "predicate": {
          "nbt": "{Tags:[\"AnmDeath\"]}"
        }
      },
      {
        "condition": "minecraft:entity_properties",
        "entity": "this",
        "predicate": {
          "nbt": "{Tags:[\"AnmDHead\"]}"
        }
      },
      {
        "condition": "minecraft:entity_properties",
        "entity": "this",
        "predicate": {
          "nbt": "{Tags:[\"AnmDHeadH\"]}"
        }
      },
      {
        "condition": "minecraft:entity_properties",
        "entity": "this",
        "predicate": {
          "nbt": "{Tags:[\"AnmDTail\"]}"
        }
      },
      {
        "condition": "minecraft:entity_properties",
        "entity": "this",
        "predicate": {
          "nbt": "{Tags:[\"AnmDArmL\"]}"
        }
      },
      {
        "condition": "minecraft:entity_properties",
        "entity": "this",
        "predicate": {
          "nbt": "{Tags:[\"AnmDArmR\"]}"
        }
      },
      {
        "condition": "minecraft:entity_properties",
        "entity": "this",
        "predicate": {
          "nbt": "{Tags:[\"AnmTurnL\"]}"
        }
      },
      {
        "condition": "minecraft:entity_properties",
        "entity": "this",
        "predicate": {
          "nbt": "{Tags:[\"AnmTurnR\"]}"
        }
      }
    ]
  }
}
