{
	"credit": "Made with Blockbench",
	"texture_size": [32, 32],
	"textures": {
		"0": "brachy/head",
		"particle": "brachy/head"
	},
	"elements": [
		{
			"from": [6.51421, 8.28394, 13.04158],
			"to": [9.64002, 19.88342, 16.9797],
			"rotation": {"angle": 0, "axis": "z", "origin": [8, 7.22104, 7.22104]},
			"faces": {
				"north": {"uv": [0, 4.75, 2.5, 6.25], "texture": "#0"},
				"east": {"uv": [0, 4.75, 2.5, 6.25], "texture": "#0"},
				"south": {"uv": [0, 4.75, 2.5, 6.25], "texture": "#0"},
				"west": {"uv": [0, 4.75, 2.5, 6.25], "texture": "#0"},
				"up": {"uv": [0, 4.75, 2.5, 6.25], "texture": "#0"},
				"down": {"uv": [0, 4.75, 2.5, 6.25], "texture": "#0"}
			}
		},
		{
			"from": [6.0001, 11.99178, 12.52747],
			"to": [9.84566, 19.88342, 17.49381],
			"rotation": {"angle": 0, "axis": "z", "origin": [8, 7.22104, 7.22104]},
			"faces": {
				"north": {"uv": [0, 4.75, 2.5, 6.25], "texture": "#0"},
				"east": {"uv": [0, 4.75, 2.5, 6.25], "texture": "#0"},
				"south": {"uv": [0, 4.75, 2.5, 6.25], "texture": "#0"},
				"west": {"uv": [0, 4.75, 2.5, 6.25], "texture": "#0"},
				"up": {"uv": [0, 4.75, 2.5, 6.25], "texture": "#0"},
				"down": {"uv": [0, 4.75, 2.5, 6.25], "texture": "#0"}
			}
		}
	],
	"display": {
		"head": {
			"translation": [0.25, -46, -27.75],
			"scale": [4, 4, 4]
		}
	},
	"groups": [
		{
			"name": "root",
			"origin": [8, 8, 8],
			"color": 0,
			"children": [
				{
					"name": "arm_l",
					"origin": [8, 8, 8],
					"color": 0,
					"children": [
						{
							"name": "0",
							"origin": [8, 8, 8],
							"color": 0,
							"children": [0, 1]
						}
					]
				}
			]
		}
	]
}