{
	"credit": "Made with Blockbench",
	"texture_size": [32, 32],
	"textures": {
		"0": "brachy/head",
		"particle": "brachy/head"
	},
	"elements": [
		{
			"from": [5.31376, 3.51387, 7.66141],
			"to": [10.68624, 5.85138, 9.81041],
			"rotation": {"angle": 0, "axis": "y", "origin": [8, 7.37811, 11.21875]},
			"faces": {
				"north": {"uv": [1.5, 6, 2.75, 6.5], "texture": "#0"},
				"east": {"uv": [2, 9.5, 2.5, 10], "texture": "#0"},
				"south": {"uv": [6, 1.5, 7.25, 2], "texture": "#0"},
				"west": {"uv": [9.5, 3, 10, 3.5], "texture": "#0"},
				"up": {"uv": [4.75, 6.5, 3.5, 6], "texture": "#0"},
				"down": {"uv": [6.25, 6, 5, 6.5], "texture": "#0"}
			}
		},
		{
			"from": [6.2808, 3.72877, 4.43792],
			"to": [9.7192, 5.85138, 7.66141],
			"rotation": {"angle": 0, "axis": "y", "origin": [8, 7.37811, 11.21875]},
			"faces": {
				"north": {"uv": [8.5, 4.5, 9.25, 5], "texture": "#0"},
				"east": {"uv": [8.5, 5, 9.25, 5.5], "texture": "#0"},
				"south": {"uv": [7.5, 8.5, 8.25, 9], "texture": "#0"},
				"west": {"uv": [8.5, 8.5, 9.25, 9], "texture": "#0"},
				"up": {"uv": [2.25, 7.25, 1.5, 6.5], "texture": "#0"},
				"down": {"uv": [7.25, 3, 6.5, 3.75], "texture": "#0"}
			}
		},
		{
			"from": [7.14041, 4.05112, 2.28893],
			"to": [8.85959, 5.85138, 3.36342],
			"rotation": {"angle": 0, "axis": "y", "origin": [8, 7.37811, 11.21875]},
			"faces": {
				"north": {"uv": [9.5, 3.5, 10, 4], "texture": "#0"},
				"east": {"uv": [2, 12, 2.25, 12.5], "texture": "#0"},
				"south": {"uv": [4, 9.5, 4.5, 10], "texture": "#0"},
				"west": {"uv": [12, 2, 12.25, 2.5], "texture": "#0"},
				"up": {"uv": [3, 12.25, 2.5, 12], "texture": "#0"},
				"down": {"uv": [12.5, 2.5, 12, 2.75], "texture": "#0"}
			}
		},
		{
			"from": [6.81806, 4.23964, 3.36342],
			"to": [9.18194, 5.85138, 4.43792],
			"rotation": {"angle": 0, "axis": "y", "origin": [8, 7.37811, 11.21875]},
			"faces": {
				"north": {"uv": [9.5, 4, 10, 4.5], "texture": "#0"},
				"east": {"uv": [3, 12, 3.25, 12.5], "texture": "#0"},
				"south": {"uv": [4.5, 9.5, 5, 10], "texture": "#0"},
				"west": {"uv": [12, 3, 12.25, 3.5], "texture": "#0"},
				"up": {"uv": [4, 12.25, 3.5, 12], "texture": "#0"},
				"down": {"uv": [12.5, 3.5, 12, 3.75], "texture": "#0"}
			}
		},
		{
			"from": [7.3553, 7.40011, 1.76286],
			"to": [8.6447, 9.65655, 2.83736],
			"rotation": {"angle": -22.5, "axis": "x", "origin": [8, 7.37811, 11.21875]},
			"faces": {
				"north": {"uv": [4, 12, 4.25, 12.5], "texture": "#0"},
				"east": {"uv": [12, 4, 12.25, 4.5], "texture": "#0"},
				"south": {"uv": [4.5, 12, 4.75, 12.5], "texture": "#0"},
				"west": {"uv": [12, 4.5, 12.25, 5], "texture": "#0"},
				"up": {"uv": [12.75, 2.75, 12.5, 2.5], "texture": "#0"},
				"down": {"uv": [3.25, 12.5, 3, 12.75], "texture": "#0"}
			}
		},
		{
			"from": [7.57021, 6.3256, 2.30011],
			"to": [8.42979, 7.93736, 3.3746],
			"rotation": {"angle": -22.5, "axis": "x", "origin": [8, 7.37811, 11.21875]},
			"faces": {
				"north": {"uv": [5, 12, 5.25, 12.5], "texture": "#0"},
				"east": {"uv": [12, 5, 12.25, 5.5], "texture": "#0"},
				"south": {"uv": [5.5, 12, 5.75, 12.5], "texture": "#0"},
				"west": {"uv": [12, 5.5, 12.25, 6], "texture": "#0"},
				"up": {"uv": [12.75, 3.25, 12.5, 3], "texture": "#0"},
				"down": {"uv": [3.75, 12.5, 3.5, 12.75], "texture": "#0"}
			}
		},
		{
			"from": [6.0659, 0.44278, 6.88379],
			"to": [6.92551, 1.51728, 9.99983],
			"rotation": {"angle": 45, "axis": "x", "origin": [8, 7.37811, 11.21875]},
			"faces": {
				"north": {"uv": [12.5, 3.5, 12.75, 3.75], "texture": "#0"},
				"east": {"uv": [11, 2.5, 11.75, 2.75], "texture": "#0"},
				"south": {"uv": [4, 12.5, 4.25, 12.75], "texture": "#0"},
				"west": {"uv": [3.5, 11, 4.25, 11.25], "texture": "#0"},
				"up": {"uv": [11.25, 4.75, 11, 4], "texture": "#0"},
				"down": {"uv": [4.75, 11, 4.5, 11.75], "texture": "#0"}
			}
		},
		{
			"from": [5.4212, 2.37688, 8.81789],
			"to": [6.2808, 3.45137, 11.93392],
			"rotation": {"angle": 45, "axis": "x", "origin": [8, 7.37811, 11.21875]},
			"faces": {
				"north": {"uv": [12.5, 4, 12.75, 4.25], "texture": "#0"},
				"east": {"uv": [11, 5, 11.75, 5.25], "texture": "#0"},
				"south": {"uv": [4.5, 12.5, 4.75, 12.75], "texture": "#0"},
				"west": {"uv": [6, 11, 6.75, 11.25], "texture": "#0"},
				"up": {"uv": [11.25, 7.25, 11, 6.5], "texture": "#0"},
				"down": {"uv": [7.25, 11, 7, 11.75], "texture": "#0"}
			}
		},
		{
			"from": [9.07449, 0.44278, 6.88379],
			"to": [9.9341, 1.51728, 9.99983],
			"rotation": {"angle": 45, "axis": "x", "origin": [8, 7.37811, 11.21875]},
			"faces": {
				"north": {"uv": [12.5, 4.5, 12.75, 4.75], "texture": "#0"},
				"east": {"uv": [11, 7.5, 11.75, 7.75], "texture": "#0"},
				"south": {"uv": [5, 12.5, 5.25, 12.75], "texture": "#0"},
				"west": {"uv": [11, 8, 11.75, 8.25], "texture": "#0"},
				"up": {"uv": [9.75, 11.75, 9.5, 11], "texture": "#0"},
				"down": {"uv": [10.25, 11, 10, 11.75], "texture": "#0"}
			}
		},
		{
			"from": [9.7192, 2.37688, 8.81789],
			"to": [10.5788, 3.45137, 11.93392],
			"rotation": {"angle": 45, "axis": "x", "origin": [8, 7.37811, 11.21875]},
			"faces": {
				"north": {"uv": [12.5, 5, 12.75, 5.25], "texture": "#0"},
				"east": {"uv": [11, 8.5, 11.75, 8.75], "texture": "#0"},
				"south": {"uv": [5.5, 12.5, 5.75, 12.75], "texture": "#0"},
				"west": {"uv": [11, 10, 11.75, 10.25], "texture": "#0"},
				"up": {"uv": [10.75, 11.75, 10.5, 11], "texture": "#0"},
				"down": {"uv": [11.25, 10.5, 11, 11.25], "texture": "#0"}
			}
		}
	],
	"display": {
		"head": {
			"translation": [0, -3, -3],
			"scale": [4, 4, 4]
		}
	},
	"groups": [
		{
			"name": "root",
			"origin": [8, 8, 8],
			"color": 0,
			"children": [
				{
					"name": "head",
					"origin": [8, 8, 8],
					"color": 0,
					"children": [
						{
							"name": "lower",
							"origin": [8, 8, 8],
							"color": 0,
							"children": [
								0,
								1,
								2,
								3,
								{
									"name": "group",
									"origin": [8, 8, 8],
									"color": 0,
									"children": [4, 5, 6, 7, 8, 9]
								}
							]
						}
					]
				}
			]
		}
	]
}