{
	"credit": "Made with Blockbench",
	"texture_size": [32, 32],
	"textures": {
		"0": "brachy/head",
		"particle": "brachy/head"
	},
	"elements": [
		{
			"from": [5.51357, 5.42943, 3.09255],
			"to": [10.48644, 8.54527, 6.67577],
			"rotation": {"angle": 0, "axis": "y", "origin": [10.66404, -3.91809, 5.81891]},
			"faces": {
				"north": {"uv": [4.25, 6.5, 6, 8], "texture": "#0"},
				"east": {"uv": [4.25, 6.5, 6, 8], "texture": "#0"},
				"south": {"uv": [4.25, 6.5, 6, 8], "texture": "#0"},
				"west": {"uv": [4.25, 6.5, 6, 8], "texture": "#0"},
				"up": {"uv": [4.25, 6.5, 6, 8], "texture": "#0"},
				"down": {"uv": [4.25, 6.5, 6, 8], "texture": "#0"}
			}
		},
		{
			"from": [5.95757, 8.54527, 3.09255],
			"to": [10.04244, 9.71371, 6.67577],
			"rotation": {"angle": 0, "axis": "y", "origin": [10.66404, -3.91809, 5.81891]},
			"faces": {
				"north": {"uv": [4.25, 6.5, 6, 8], "texture": "#0"},
				"east": {"uv": [4.25, 6.5, 6, 8], "texture": "#0"},
				"south": {"uv": [4.25, 6.5, 6, 8], "texture": "#0"},
				"west": {"uv": [4.25, 6.5, 6, 8], "texture": "#0"},
				"up": {"uv": [4.25, 6.5, 6, 8], "texture": "#0"},
				"down": {"uv": [4.25, 6.5, 6, 8], "texture": "#0"}
			}
		},
		{
			"from": [6.84559, 9.71371, 3.09255],
			"to": [9.15442, 12.05059, 6.67577],
			"rotation": {"angle": 0, "axis": "y", "origin": [10.66404, -3.91809, 5.81891]},
			"faces": {
				"north": {"uv": [4.25, 6.5, 6, 8], "texture": "#0"},
				"east": {"uv": [4.25, 6.5, 6, 8], "texture": "#0"},
				"south": {"uv": [4.25, 6.5, 6, 8], "texture": "#0"},
				"west": {"uv": [4.25, 6.5, 6, 8], "texture": "#0"},
				"up": {"uv": [4.25, 6.5, 6, 8], "texture": "#0"},
				"down": {"uv": [4.25, 6.5, 6, 8], "texture": "#0"}
			}
		},
		{
			"from": [6.13517, 4.57258, 3.09255],
			"to": [9.86483, 5.42943, 6.67577],
			"rotation": {"angle": 0, "axis": "y", "origin": [10.66404, -4.69705, 5.81891]},
			"faces": {
				"north": {"uv": [16, 0, 13.25, 1.5], "texture": "#0"},
				"east": {"uv": [16, 0, 13.25, 1.5], "texture": "#0"},
				"south": {"uv": [16, 0, 13.25, 1.5], "texture": "#0"},
				"west": {"uv": [16, 0, 13.25, 1.5], "texture": "#0"},
				"up": {"uv": [16, 0, 13.25, 1.5], "texture": "#0"},
				"down": {"uv": [16, 0, 13.25, 1.5], "texture": "#0"}
			}
		}
	],
	"display": {
		"head": {
			"translation": [0, -8.75, 9.5],
			"scale": [4, 4, 4]
		}
	},
	"groups": [
		{
			"name": "root",
			"origin": [8, 8, 8],
			"color": 0,
			"children": [
				{
					"name": "neck",
					"origin": [8, 8, 8],
					"color": 0,
					"children": [
						{
							"name": "0",
							"origin": [8, 8, 8],
							"color": 0,
							"children": [0, 1, 2, 3]
						}
					]
				}
			]
		}
	]
}