{
	"credit": "Made with Blockbench",
	"texture_size": [24, 24],
	"textures": {
		"8": "brachy/sword",
		"particle": "brachy/sword_r"
	},
	"elements": [
		{
			"from": [7.145, 10.5, 6.6],
			"to": [8.905, 15.25, 9.5],
			"rotation": {"angle": -22.5, "axis": "x", "origin": [8.65, 10.875, 7.5]},
			"faces": {
				"north": {"uv": [3.25, 2, 4.42333, 5.16667], "texture": "#8"},
				"east": {"uv": [4.93333, 1.75, 3, 4.91667], "texture": "#8"},
				"south": {"uv": [0, 0, 0.875, 2.375], "texture": "#8"},
				"west": {"uv": [3, 1.75, 4.93333, 4.91667], "texture": "#8"},
				"up": {"uv": [0, 0, 0.875, 0.95], "texture": "#8"},
				"down": {"uv": [0, 0, 0.875, 0.95], "texture": "#8"}
			}
		},
		{
			"from": [7.1475, 4, 6.75],
			"to": [8.9025, 15.75, 9.75],
			"rotation": {"angle": 0, "axis": "y", "origin": [-0.85, 0, 0]},
			"faces": {
				"north": {"uv": [3.25, 1.75, 4.41667, 9.58333], "texture": "#8"},
				"east": {"uv": [5.75, 1.5, 3.75, 9.33333], "texture": "#8"},
				"south": {"uv": [7, 0, 8.16667, 7.83333], "texture": "#8"},
				"west": {"uv": [3.75, 1.5, 5.75, 9.33333], "texture": "#8"},
				"up": {"uv": [0, 0, 1.16667, 2], "texture": "#8"},
				"down": {"uv": [0, 0, 1.16667, 2], "texture": "#8"}
			}
		},
		{
			"from": [7.15, 2, 7.25],
			"to": [8.9, 3, 9.75],
			"rotation": {"angle": 0, "axis": "y", "origin": [-0.85, 0, 0]},
			"faces": {
				"north": {"uv": [6.75, 0, 8.41667, 0.83333], "texture": "#8"},
				"east": {"uv": [6.75, 0, 8.41667, 0.83333], "texture": "#8"},
				"south": {"uv": [6.75, 0, 8.41667, 0.83333], "texture": "#8"},
				"west": {"uv": [6.75, 0, 8.41667, 0.83333], "texture": "#8"},
				"up": {"uv": [6.75, 0, 8.41667, 0.83333], "texture": "#8"},
				"down": {"uv": [6.75, 0, 8.41667, 0.83333], "texture": "#8"}
			}
		},
		{
			"from": [7.4, 0.75, 7.75],
			"to": [8.65, 2, 9.25],
			"rotation": {"angle": 0, "axis": "y", "origin": [-0.85, 0, 0]},
			"faces": {
				"north": {"uv": [11.25, 15, 12.25, 15.76667], "texture": "#8"},
				"east": {"uv": [11.25, 15, 12.25, 15.76667], "texture": "#8"},
				"south": {"uv": [11.25, 15, 12.25, 15.76667], "texture": "#8"},
				"west": {"uv": [11.25, 15, 12.25, 15.76667], "texture": "#8"},
				"up": {"uv": [11.25, 15, 12.25, 15.76667], "texture": "#8"},
				"down": {"uv": [11.25, 15, 12.25, 15.76667], "texture": "#8"}
			}
		},
		{
			"from": [7.4, -5, 7.75],
			"to": [8.65, -4.5, 9.25],
			"rotation": {"angle": 0, "axis": "y", "origin": [-0.85, 0, 0]},
			"faces": {
				"north": {"uv": [11.25, 15, 12.25, 15.76667], "texture": "#8"},
				"east": {"uv": [11.25, 15, 12.25, 15.76667], "texture": "#8"},
				"south": {"uv": [11.25, 15, 12.25, 15.76667], "texture": "#8"},
				"west": {"uv": [11.25, 15, 12.25, 15.76667], "texture": "#8"},
				"up": {"uv": [11.25, 15, 12.25, 15.76667], "texture": "#8"},
				"down": {"uv": [11.25, 15, 12.25, 15.76667], "texture": "#8"}
			}
		},
		{
			"from": [7.4, -3, 7.75],
			"to": [8.65, -2.5, 9.25],
			"rotation": {"angle": 0, "axis": "y", "origin": [-0.85, 0, 0]},
			"faces": {
				"north": {"uv": [11.25, 15, 12.25, 15.76667], "texture": "#8"},
				"east": {"uv": [11.25, 15, 12.25, 15.76667], "texture": "#8"},
				"south": {"uv": [11.25, 15, 12.25, 15.76667], "texture": "#8"},
				"west": {"uv": [11.25, 15, 12.25, 15.76667], "texture": "#8"},
				"up": {"uv": [11.25, 15, 12.25, 15.76667], "texture": "#8"},
				"down": {"uv": [11.25, 15, 12.25, 15.76667], "texture": "#8"}
			}
		},
		{
			"from": [7.55, -5.5, 8],
			"to": [8.5, 5, 8.95],
			"rotation": {"angle": 0, "axis": "y", "origin": [-0.85, 0, 0]},
			"faces": {
				"north": {"uv": [15.36667, 12.33333, 16, 16], "texture": "#8"},
				"east": {"uv": [15.36667, 12.33333, 16, 16], "texture": "#8"},
				"south": {"uv": [15.36667, 12.33333, 16, 16], "texture": "#8"},
				"west": {"uv": [15.36667, 12.33333, 16, 16], "texture": "#8"},
				"up": {"uv": [0, 0, 0.475, 0.475], "texture": "#8"},
				"down": {"uv": [0, 0, 0.475, 0.475], "texture": "#8"}
			}
		},
		{
			"from": [7.14, 14.55, 5],
			"to": [8.91, 17.5, 9.75],
			"rotation": {"angle": 0, "axis": "y", "origin": [-0.85, 0, 0]},
			"faces": {
				"north": {"uv": [4.43, 2.25, 3.25, 4.21667], "texture": "#8"},
				"east": {"uv": [6.41667, 2, 3.25, 3.96667], "texture": "#8"},
				"south": {"uv": [6.75, 0, 7.93, 1.96667], "texture": "#8"},
				"west": {"uv": [3.25, 2, 6.41667, 3.96667], "texture": "#8"},
				"up": {"uv": [7.5, 3, 8.68, 6.16667], "texture": "#8"},
				"down": {"uv": [0, 0, 1.18, 3.16667], "texture": "#8"}
			}
		},
		{
			"from": [7.15, 16.7, 4.5],
			"to": [8.9, 19.825, 9.25],
			"rotation": {"angle": 22.5, "axis": "x", "origin": [8.65, 15.875, 6.625]},
			"faces": {
				"north": {"uv": [3, 1.5, 4.16667, 3.58333], "texture": "#8"},
				"east": {"uv": [6.16667, 1.25, 3, 3.33333], "texture": "#8"},
				"south": {"uv": [0, 0, 0.875, 1.5625], "texture": "#8"},
				"west": {"uv": [3, 1.25, 6.16667, 3.33333], "texture": "#8"},
				"up": {"uv": [6.125, 0, 7, 2.375], "texture": "#8"},
				"down": {"uv": [0, 0, 0.875, 2.375], "texture": "#8"}
			}
		},
		{
			"from": [7.15, 15.35, 9],
			"to": [8.9, 19.35, 10],
			"rotation": {"angle": 22.5, "axis": "x", "origin": [8.65, 15.875, 6.625]},
			"faces": {
				"north": {"uv": [7.5, 0, 8.66667, 2.66667], "texture": "#8"},
				"east": {"uv": [7.75, 0, 8.41667, 2.66667], "texture": "#8"},
				"south": {"uv": [7.25, 0, 8.41667, 2.66667], "texture": "#8"},
				"west": {"uv": [7.25, 0, 7.91667, 2.66667], "texture": "#8"},
				"up": {"uv": [6.75, 0, 7.91667, 0.66667], "texture": "#8"},
				"down": {"uv": [7.75, 0, 8.91667, 0.66667], "texture": "#8"}
			}
		},
		{
			"from": [7.14, 3.6, 10.05],
			"to": [8.91, 8.05, 13.25],
			"rotation": {"angle": 22.5, "axis": "x", "origin": [8.65, 15.875, 6.625]},
			"faces": {
				"north": {"uv": [0, 0, 1.18, 2.96667], "texture": "#8"},
				"east": {"uv": [5.88333, 9.5, 3.75, 12.46667], "texture": "#8"},
				"south": {"uv": [0, 0, 1.18, 2.96667], "texture": "#8"},
				"west": {"uv": [3.75, 9.5, 5.88333, 12.46667], "texture": "#8"},
				"up": {"uv": [0, 0, 1.18, 2.3], "texture": "#8"},
				"down": {"uv": [0, 0, 1.18, 2.3], "texture": "#8"}
			}
		},
		{
			"from": [7.4, 0.7, 11.5],
			"to": [8.65, 3.6, 13],
			"rotation": {"angle": 22.5, "axis": "x", "origin": [8.65, 15.875, 6.625]},
			"faces": {
				"north": {"uv": [6.75, 4, 7.5, 5.45], "texture": "#8"},
				"east": {"uv": [6.75, 4, 7.5, 5.45], "texture": "#8"},
				"south": {"uv": [6.75, 4, 7.5, 5.45], "texture": "#8"},
				"west": {"uv": [6.75, 4, 7.5, 5.45], "texture": "#8"},
				"up": {"uv": [6.75, 4, 7.5, 5.45], "texture": "#8"},
				"down": {"uv": [6.75, 4, 7.5, 5.45], "texture": "#8"}
			}
		},
		{
			"from": [7.4, -1.50403, 5.30036],
			"to": [8.65, -0.00403, 6.80036],
			"rotation": {"angle": 0, "axis": "y", "origin": [8.025, 0.99597, 6.55036]},
			"faces": {
				"north": {"uv": [6.75, 4, 7.75, 5], "texture": "#8"},
				"east": {"uv": [6.75, 4, 7.75, 5], "texture": "#8"},
				"south": {"uv": [6.75, 4, 7.75, 5], "texture": "#8"},
				"west": {"uv": [6.75, 4, 7.75, 5], "texture": "#8"},
				"up": {"uv": [6.75, 4, 7.75, 5], "texture": "#8"},
				"down": {"uv": [6.75, 4, 7.75, 5], "texture": "#8"}
			}
		},
		{
			"from": [7.4, -4.50403, 6.45036],
			"to": [8.65, -3.00403, 9.80036],
			"rotation": {"angle": 0, "axis": "y", "origin": [8.025, 0.49597, 6.55036]},
			"faces": {
				"north": {"uv": [6.75, 4, 8.98333, 5], "texture": "#8"},
				"east": {"uv": [6.75, 4, 8.98333, 5], "texture": "#8"},
				"south": {"uv": [6.75, 4, 8.98333, 5], "texture": "#8"},
				"west": {"uv": [6.75, 4, 8.98333, 5], "texture": "#8"},
				"up": {"uv": [6.75, 4, 8.98333, 5], "texture": "#8"},
				"down": {"uv": [6.75, 4, 8.98333, 5], "texture": "#8"}
			}
		},
		{
			"from": [7.4, -3.85403, 4.65036],
			"to": [8.65, -0.85403, 6.15036],
			"rotation": {"angle": -22.5, "axis": "x", "origin": [8.025, 0.49597, 6.55036]},
			"faces": {
				"north": {"uv": [6.75, 4, 7.75, 6], "texture": "#8"},
				"east": {"uv": [6.75, 4, 7.75, 6], "texture": "#8"},
				"south": {"uv": [6.75, 4, 7.75, 6], "texture": "#8"},
				"west": {"uv": [6.75, 4, 7.75, 6], "texture": "#8"},
				"up": {"uv": [6.75, 4, 7.75, 6], "texture": "#8"},
				"down": {"uv": [6.75, 4, 7.75, 6], "texture": "#8"}
			}
		},
		{
			"from": [7.16, 18.7, 3.15],
			"to": [8.89, 21.1, 8.5],
			"rotation": {"angle": 45, "axis": "x", "origin": [8.65, 15.875, 6.625]},
			"faces": {
				"north": {"uv": [3.25, 0, 4.40333, 1.6], "texture": "#8"},
				"east": {"uv": [7.33333, 0, 3.76667, 1.6], "texture": "#8"},
				"south": {"uv": [7.25, 0, 8.125, 1.2], "texture": "#8"},
				"west": {"uv": [3.75, 0, 7.31667, 1.6], "texture": "#8"},
				"up": {"uv": [3.75, 1.5, 7.31667, 2.65333], "rotation": 90, "texture": "#8"},
				"down": {"uv": [0, 0, 0.875, 2.675], "texture": "#8"}
			}
		},
		{
			"from": [7.65, 18.6, 3.15],
			"to": [8.4, 21.35, 8.75],
			"rotation": {"angle": 45, "axis": "x", "origin": [8.65, 15.875, 6.625]},
			"faces": {
				"north": {"uv": [0, 0, 0.375, 1.375], "texture": "#8"},
				"east": {"uv": [3.75, 0, 7.48333, 1.83333], "rotation": 180, "texture": "#8"},
				"south": {"uv": [8.25, 0, 8.75, 1.83333], "texture": "#8"},
				"west": {"uv": [3.75, 0, 7.48333, 1.83333], "texture": "#8"},
				"up": {"uv": [3.75, 0.5, 7.48333, 1], "rotation": 90, "texture": "#8"},
				"down": {"uv": [0, 0, 0.375, 2.8], "texture": "#8"}
			}
		},
		{
			"from": [7.9, 20.6, 2.65],
			"to": [8.15, 21.35, 3.15],
			"rotation": {"angle": 45, "axis": "x", "origin": [8.65, 15.875, 6.625]},
			"faces": {
				"north": {"uv": [0, 0, 0.16667, 0.5], "texture": "#8"},
				"east": {"uv": [0, 0, 0.33333, 0.5], "texture": "#8"},
				"south": {"uv": [0, 0, 0.16667, 0.5], "texture": "#8"},
				"west": {"uv": [0, 0, 0.33333, 0.5], "texture": "#8"},
				"up": {"uv": [0, 0, 0.16667, 0.33333], "texture": "#8"},
				"down": {"uv": [0, 0, 0.16667, 0.33333], "texture": "#8"}
			}
		},
		{
			"from": [7.65, 15.35, 9],
			"to": [8.4, 19.35, 10.25],
			"rotation": {"angle": 22.5, "axis": "x", "origin": [8.65, 15.875, 6.625]},
			"faces": {
				"north": {"uv": [7, 0.25, 7.375, 2.25], "texture": "#8"},
				"east": {"uv": [7, 0.25, 7.375, 2.25], "texture": "#8"},
				"south": {"uv": [7, 0.25, 7.375, 2.25], "texture": "#8"},
				"west": {"uv": [7, 0.25, 7.375, 2.25], "texture": "#8"},
				"up": {"uv": [7, 0.25, 7.375, 2.25], "texture": "#8"},
				"down": {"uv": [7, 0.25, 7.375, 2.25], "texture": "#8"}
			}
		},
		{
			"from": [7.65, 4, 6.75],
			"to": [8.4, 15.75, 10],
			"rotation": {"angle": 0, "axis": "y", "origin": [-0.85, 0, 0]},
			"faces": {
				"north": {"uv": [7, 0, 7.375, 5.875], "texture": "#8"},
				"east": {"uv": [7.25, 0.5, 9.41667, 8.33333], "texture": "#8"},
				"south": {"uv": [7.25, 1.5, 7.625, 7.375], "texture": "#8"},
				"west": {"uv": [6.5, 0, 8.66667, 7.83333], "texture": "#8"},
				"up": {"uv": [8, 1, 8.375, 2.625], "texture": "#8"},
				"down": {"uv": [7, 1, 7.375, 2.625], "texture": "#8"}
			}
		},
		{
			"from": [7.65, 8.5, 8.75],
			"to": [8.4, 10.75, 10.25],
			"rotation": {"angle": -22.5, "axis": "x", "origin": [8.65, 10.375, 7.5]},
			"faces": {
				"north": {"uv": [7.75, 1, 8.125, 2.125], "texture": "#8"},
				"east": {"uv": [7.75, 1, 8.125, 2.125], "texture": "#8"},
				"south": {"uv": [7.75, 1, 8.125, 2.125], "texture": "#8"},
				"west": {"uv": [7.75, 1, 8.125, 2.125], "texture": "#8"},
				"up": {"uv": [7.75, 1, 8.125, 2.125], "texture": "#8"},
				"down": {"uv": [7.75, 1, 8.125, 2.125], "texture": "#8"}
			}
		},
		{
			"from": [7.65, 13.55, 12.65],
			"to": [8.4, 14.35, 17],
			"rotation": {"angle": 45, "axis": "x", "origin": [8.65, 15.375, 6.625]},
			"faces": {
				"north": {"uv": [7.75, 1, 8.125, 1.4], "texture": "#8"},
				"east": {"uv": [7.75, 1, 8.125, 1.4], "texture": "#8"},
				"south": {"uv": [7.75, 1, 8.125, 1.4], "texture": "#8"},
				"west": {"uv": [7.75, 1, 8.125, 1.4], "texture": "#8"},
				"up": {"uv": [7.75, 1, 8.125, 1.4], "texture": "#8"},
				"down": {"uv": [7.75, 1, 8.125, 1.4], "texture": "#8"}
			}
		},
		{
			"from": [7.65, 5.76095, 7.80572],
			"to": [8.4, 7.06095, 12.30572],
			"rotation": {"angle": -22.5, "axis": "x", "origin": [8.65, 7.26095, 9.93072]},
			"faces": {
				"north": {"uv": [7.5, 0.25, 7.875, 2.5], "texture": "#8"},
				"east": {"uv": [7.5, 0.25, 7.875, 2.5], "texture": "#8"},
				"south": {"uv": [7.5, 0.25, 7.875, 2.5], "texture": "#8"},
				"west": {"uv": [7.5, 0.25, 7.875, 2.5], "texture": "#8"},
				"up": {"uv": [7.5, 0.25, 7.875, 2.5], "texture": "#8"},
				"down": {"uv": [7.5, 0.25, 7.875, 2.5], "texture": "#8"}
			}
		},
		{
			"from": [7.65, 10.45, 12.9],
			"to": [8.4, 11.35, 17.25],
			"rotation": {"angle": 45, "axis": "x", "origin": [8.65, 12.375, 6.875]},
			"faces": {
				"north": {"uv": [7, 1, 9.175, 1.45], "texture": "#8"},
				"east": {"uv": [7, 1, 9.175, 1.45], "texture": "#8"},
				"south": {"uv": [7, 1, 9.175, 1.45], "texture": "#8"},
				"west": {"uv": [7, 1, 9.175, 1.45], "texture": "#8"},
				"up": {"uv": [7, 1, 9.175, 1.45], "texture": "#8"},
				"down": {"uv": [7, 1, 9.175, 1.45], "texture": "#8"}
			}
		},
		{
			"from": [7.65, 2.71095, 8.05572],
			"to": [8.4, 4.06095, 12.45572],
			"rotation": {"angle": -22.5, "axis": "x", "origin": [8.65, 4.26095, 10.18072]},
			"faces": {
				"north": {"uv": [6.75, 0, 7.125, 2.2], "texture": "#8"},
				"east": {"uv": [6.75, 0, 7.125, 2.2], "texture": "#8"},
				"south": {"uv": [6.75, 0, 7.125, 2.2], "texture": "#8"},
				"west": {"uv": [6.75, 0, 7.125, 2.2], "texture": "#8"},
				"up": {"uv": [6.75, 0, 7.125, 2.2], "texture": "#8"},
				"down": {"uv": [6.75, 0, 7.125, 2.2], "texture": "#8"}
			}
		},
		{
			"from": [7.4, 18.55, 2.65],
			"to": [8.65, 21.1, 3.15],
			"rotation": {"angle": 45, "axis": "x", "origin": [8.65, 15.875, 6.625]},
			"faces": {
				"north": {"uv": [3.33333, 3, 2.5, 4.7], "texture": "#8"},
				"east": {"uv": [3.25, 0, 3.58333, 1.7], "texture": "#8"},
				"south": {"uv": [0, 0, 0.625, 1.275], "texture": "#8"},
				"west": {"uv": [3.25, 0, 3.5, 1.275], "texture": "#8"},
				"up": {"uv": [0, 0, 0.625, 0.25], "texture": "#8"},
				"down": {"uv": [0, 0, 0.625, 0.25], "texture": "#8"}
			}
		},
		{
			"from": [7.41, 16.55, 4],
			"to": [8.64, 19.9, 5.25],
			"rotation": {"angle": 22.5, "axis": "x", "origin": [8.65, 15.875, 6.625]},
			"faces": {
				"north": {"uv": [2.25, 4.25, 3.07, 6.48333], "texture": "#8"},
				"east": {"uv": [2.5, 0, 3.33333, 2.23333], "texture": "#8"},
				"south": {"uv": [0, 0, 0.625, 1.675], "texture": "#8"},
				"west": {"uv": [3, 0, 3.83333, 2.23333], "texture": "#8"},
				"up": {"uv": [0, 0, 0.625, 2.625], "texture": "#8"},
				"down": {"uv": [0, 0, 0.625, 2.625], "texture": "#8"}
			}
		},
		{
			"from": [7.4, 10.5, 6],
			"to": [8.65, 15.25, 7.5],
			"rotation": {"angle": -22.5, "axis": "x", "origin": [8.65, 10.875, 7.5]},
			"faces": {
				"north": {"uv": [2.25, 11.25, 3.08333, 14.41667], "texture": "#8"},
				"east": {"uv": [2.25, 5.75, 3.25, 8.91667], "texture": "#8"},
				"south": {"uv": [0, 0, 0.625, 2.375], "texture": "#8"},
				"west": {"uv": [2.75, 4, 3.75, 7.16667], "texture": "#8"},
				"up": {"uv": [0, 0, 0.625, 0.75], "texture": "#8"},
				"down": {"uv": [0, 0, 0.625, 0.75], "texture": "#8"}
			}
		},
		{
			"from": [7.4, 14.35, 4.45],
			"to": [8.65, 17.55, 5.75],
			"rotation": {"angle": 0, "axis": "y", "origin": [-0.85, 0, 0]},
			"faces": {
				"north": {"uv": [3.33333, 5.75, 2.5, 7.88333], "texture": "#8"},
				"east": {"uv": [2.75, 1.75, 3.61667, 3.88333], "texture": "#8"},
				"south": {"uv": [0, 0, 0.66667, 2.5], "texture": "#8"},
				"west": {"uv": [2.8125, 1.75, 3.67917, 3.88333], "texture": "#8"},
				"up": {"uv": [0, 0, 0.66667, 4.16667], "texture": "#8"},
				"down": {"uv": [0, 0, 0.66667, 4.16667], "texture": "#8"}
			}
		},
		{
			"from": [7.4, 3.6, 9.5],
			"to": [8.65, 8.05, 10.5],
			"rotation": {"angle": 22.5, "axis": "x", "origin": [8.65, 15.875, 6.625]},
			"faces": {
				"north": {"uv": [2.25, 5.25, 3.08333, 8.21667], "texture": "#8"},
				"east": {"uv": [2.25, 9, 2.91667, 11.96667], "texture": "#8"},
				"south": {"uv": [0, 0, 0.625, 2.225], "texture": "#8"},
				"west": {"uv": [2.75, 12, 3.41667, 14.96667], "texture": "#8"},
				"up": {"uv": [0, 0, 0.625, 2], "texture": "#8"},
				"down": {"uv": [0, 0, 0.625, 2], "texture": "#8"}
			}
		},
		{
			"from": [7.39, 4, 6.25],
			"to": [8.66, 12.75, 6.75],
			"rotation": {"angle": 0, "axis": "y", "origin": [-0.85, 0, 0]},
			"faces": {
				"north": {"uv": [3.09667, 2.25, 2.25, 8.08333], "texture": "#8"},
				"east": {"uv": [3.25, 2.5, 3.58333, 8.33333], "texture": "#8"},
				"south": {"uv": [0, 0, 0.625, 5.875], "texture": "#8"},
				"west": {"uv": [3.25, 2.5, 3.58333, 8.33333], "texture": "#8"},
				"up": {"uv": [0, 0, 0.625, 1.25], "texture": "#8"},
				"down": {"uv": [0, 0, 0.625, 1.25], "texture": "#8"}
			}
		},
		{
			"from": [7.65, 18.45, 2.15],
			"to": [8.4, 21.1, 3.5],
			"rotation": {"angle": 45, "axis": "x", "origin": [8.65, 15.875, 6.625]},
			"faces": {
				"north": {"uv": [0, 0, 0.375, 1.325], "texture": "#8"},
				"east": {"uv": [2.5, 1.5, 3.4, 3.26667], "texture": "#8"},
				"south": {"uv": [0, 0, 0.375, 1.325], "texture": "#8"},
				"west": {"uv": [2.5, 1.5, 3.4, 3.26667], "texture": "#8"},
				"up": {"uv": [0, 0, 0.375, 3.175], "texture": "#8"},
				"down": {"uv": [0, 0, 0.375, 3.175], "texture": "#8"}
			}
		},
		{
			"from": [7.65, 16.45, 3.5],
			"to": [8.4, 20, 5.25],
			"rotation": {"angle": 22.5, "axis": "x", "origin": [8.65, 15.875, 6.625]},
			"faces": {
				"north": {"uv": [0, 0, 0.375, 1.775], "texture": "#8"},
				"east": {"uv": [3.41667, 9.25, 2.25, 11.61667], "texture": "#8"},
				"south": {"uv": [0, 0, 0.375, 1.775], "texture": "#8"},
				"west": {"uv": [2.25, 9.25, 3.41667, 11.61667], "texture": "#8"},
				"up": {"uv": [0, 0, 0.375, 2.875], "texture": "#8"},
				"down": {"uv": [0, 0, 0.375, 2.875], "texture": "#8"}
			}
		},
		{
			"from": [7.6, 10.5, 5.5],
			"to": [8.36, 15.25, 7.5],
			"rotation": {"angle": -22.5, "axis": "x", "origin": [8.65, 10.875, 7.5]},
			"faces": {
				"north": {"uv": [0, 0, 0.375, 2.375], "texture": "#8"},
				"east": {"uv": [4.08333, 8.5, 2.75, 11.66667], "texture": "#8"},
				"south": {"uv": [0, 0, 0.375, 2.375], "texture": "#8"},
				"west": {"uv": [2.75, 8.75, 4.08333, 11.91667], "texture": "#8"},
				"up": {"uv": [0, 0, 0.375, 1], "texture": "#8"},
				"down": {"uv": [0, 0, 0.375, 1], "texture": "#8"}
			}
		},
		{
			"from": [7.65, 14.15, 3.95],
			"to": [8.4, 17.65, 5.75],
			"rotation": {"angle": 0, "axis": "y", "origin": [-0.85, 0, 0]},
			"faces": {
				"north": {"uv": [0, 0, 0.66667, 2.5], "texture": "#8"},
				"east": {"uv": [3.7, 9.25, 2.5, 11.58333], "texture": "#8"},
				"south": {"uv": [0, 0, 0.66667, 2.5], "texture": "#8"},
				"west": {"uv": [2.5, 9.25, 3.7, 11.58333], "texture": "#8"},
				"up": {"uv": [0, 0, 0.66667, 4.16667], "texture": "#8"},
				"down": {"uv": [0, 0, 0.66667, 4.16667], "texture": "#8"}
			}
		},
		{
			"from": [7.6, 3.6, 9],
			"to": [8.36, 7.85, 13.5],
			"rotation": {"angle": 22.5, "axis": "x", "origin": [8.65, 15.875, 6.625]},
			"faces": {
				"north": {"uv": [0, 0, 0.375, 2.125], "texture": "#8"},
				"east": {"uv": [5.5, 10, 2.5, 12.83333], "texture": "#8"},
				"south": {"uv": [0, 0, 0.375, 2.125], "texture": "#8"},
				"west": {"uv": [2.375, 10, 5.375, 12.83333], "texture": "#8"},
				"up": {"uv": [0, 0, 0.375, 2.25], "texture": "#8"},
				"down": {"uv": [0, 0, 0.375, 2.25], "texture": "#8"}
			}
		},
		{
			"from": [7.65, 4, 5.75],
			"to": [8.4, 15.75, 8.75],
			"rotation": {"angle": 0, "axis": "y", "origin": [-0.85, 0, 0]},
			"faces": {
				"north": {"uv": [0, 0, 0.375, 5.875], "texture": "#8"},
				"east": {"uv": [4.75, 3.75, 2.75, 11.58333], "texture": "#8"},
				"south": {"uv": [0, 0, 0.375, 5.875], "texture": "#8"},
				"west": {"uv": [2.75, 3.75, 4.75, 11.58333], "texture": "#8"},
				"up": {"uv": [0, 0, 0.375, 1.5], "texture": "#8"},
				"down": {"uv": [0, 0, 0.375, 1.5], "texture": "#8"}
			}
		},
		{
			"from": [7.91, 18.35, 1.65],
			"to": [8.155, 21.1, 8.5],
			"rotation": {"angle": 45, "axis": "x", "origin": [8.65, 15.875, 6.625]},
			"faces": {
				"north": {"uv": [0, 0, 0.16333, 1.83333], "texture": "#8"},
				"east": {"uv": [0, 0, 4.56667, 1.83333], "texture": "#8"},
				"south": {"uv": [0, 0, 0.16333, 1.83333], "texture": "#8"},
				"west": {"uv": [0, 0, 4.56667, 1.83333], "texture": "#8"},
				"up": {"uv": [0, 0, 0.16333, 4.56667], "texture": "#8"},
				"down": {"uv": [0, 0, 0.16333, 4.56667], "texture": "#8"}
			}
		},
		{
			"from": [7.9, 16.35, 3],
			"to": [8.15, 20.1, 9.25],
			"rotation": {"angle": 22.5, "axis": "x", "origin": [8.65, 15.875, 6.625]},
			"faces": {
				"north": {"uv": [0, 0, 0.16667, 2.5], "texture": "#8"},
				"east": {"uv": [0, 0, 4.16667, 2.5], "texture": "#8"},
				"south": {"uv": [0, 0, 0.16667, 2.5], "texture": "#8"},
				"west": {"uv": [0, 0, 4.16667, 2.5], "texture": "#8"},
				"up": {"uv": [0, 0, 0.16667, 4.16667], "texture": "#8"},
				"down": {"uv": [0, 0, 0.16667, 4.16667], "texture": "#8"}
			}
		},
		{
			"from": [7.9, 10.5, 5],
			"to": [8.15, 15.3, 7.5],
			"rotation": {"angle": -22.5, "axis": "x", "origin": [8.65, 10.875, 7.5]},
			"faces": {
				"north": {"uv": [0, 0, 0.16667, 3.2], "texture": "#8"},
				"east": {"uv": [0, 0, 1.66667, 3.2], "texture": "#8"},
				"south": {"uv": [0, 0, 0.16667, 3.2], "texture": "#8"},
				"west": {"uv": [0, 0, 1.66667, 3.2], "texture": "#8"},
				"up": {"uv": [0, 0, 0.16667, 1.66667], "texture": "#8"},
				"down": {"uv": [0, 0, 0.16667, 1.66667], "texture": "#8"}
			}
		},
		{
			"from": [7.91, 14, 3.5],
			"to": [8.155, 17.75, 7.75],
			"rotation": {"angle": 0, "axis": "y", "origin": [-0.85, 0, 0]},
			"faces": {
				"north": {"uv": [0, 0, 0.66667, 2.5], "texture": "#8"},
				"east": {"uv": [0, 0, 2.83333, 2.5], "texture": "#8"},
				"south": {"uv": [0, 0, 0.66667, 2.5], "texture": "#8"},
				"west": {"uv": [0, 0, 2.83333, 2.5], "texture": "#8"},
				"up": {"uv": [0, 0, 0.66667, 4.16667], "texture": "#8"},
				"down": {"uv": [0, 0, 0.66667, 4.16667], "texture": "#8"}
			}
		},
		{
			"from": [7.9, 3.6, 8.5],
			"to": [8.15, 7.85, 13.5],
			"rotation": {"angle": 22.5, "axis": "x", "origin": [8.65, 15.875, 6.625]},
			"faces": {
				"north": {"uv": [0, 0, 0.16667, 2.83333], "texture": "#8"},
				"east": {"uv": [0, 0, 3.33333, 2.83333], "texture": "#8"},
				"south": {"uv": [0, 0, 0.16667, 2.83333], "texture": "#8"},
				"west": {"uv": [0, 0, 3.33333, 2.83333], "texture": "#8"},
				"up": {"uv": [0, 0, 0.16667, 3.33333], "texture": "#8"},
				"down": {"uv": [0, 0, 0.16667, 3.33333], "texture": "#8"}
			}
		},
		{
			"from": [7.91, 4, 5.25],
			"to": [8.155, 15.75, 8.75],
			"rotation": {"angle": 0, "axis": "y", "origin": [-0.85, 0, 0]},
			"faces": {
				"north": {"uv": [0, 0, 0.16333, 7.83333], "texture": "#8"},
				"east": {"uv": [0, 0, 2.33333, 7.83333], "texture": "#8"},
				"south": {"uv": [0, 0, 0.16333, 7.83333], "texture": "#8"},
				"west": {"uv": [0, 0, 2.33333, 7.83333], "texture": "#8"},
				"up": {"uv": [0, 0, 0.16333, 2.33333], "texture": "#8"},
				"down": {"uv": [0, 0, 0.16333, 2.33333], "texture": "#8"}
			}
		},
		{
			"from": [7.15, 2.96095, 8.05572],
			"to": [8.9, 4.56095, 12.30572],
			"rotation": {"angle": -22.5, "axis": "x", "origin": [8.65, 4.26095, 10.18072]},
			"faces": {
				"north": {"uv": [7, 1, 7.55, 3.125], "rotation": 90, "texture": "#8"},
				"east": {"uv": [7, 1, 7.55, 3.125], "rotation": 90, "texture": "#8"},
				"south": {"uv": [7, 1, 7.55, 3.125], "rotation": 90, "texture": "#8"},
				"west": {"uv": [7, 1, 7.55, 3.125], "rotation": 90, "texture": "#8"},
				"up": {"uv": [7, 1, 7.55, 3.125], "rotation": 90, "texture": "#8"},
				"down": {"uv": [7, 1, 7.55, 3.125], "rotation": 90, "texture": "#8"}
			}
		},
		{
			"from": [7.15, 10.45, 12.9],
			"to": [8.9, 11.1, 16.95],
			"rotation": {"angle": 45, "axis": "x", "origin": [8.65, 12.375, 6.875]},
			"faces": {
				"north": {"uv": [7, 1, 9.025, 1.325], "texture": "#8"},
				"east": {"uv": [7, 1, 9.025, 1.325], "texture": "#8"},
				"south": {"uv": [7, 1, 9.025, 1.325], "texture": "#8"},
				"west": {"uv": [7, 1, 9.025, 1.325], "texture": "#8"},
				"up": {"uv": [7, 1, 9.025, 1.325], "texture": "#8"},
				"down": {"uv": [7, 1, 9.025, 1.325], "texture": "#8"}
			}
		},
		{
			"from": [7.15, 8.35, 12.9],
			"to": [8.9, 10.45, 16],
			"rotation": {"angle": 45, "axis": "x", "origin": [8.65, 12.375, 6.875]},
			"faces": {
				"north": {"uv": [7, 1, 8.55, 2.05], "texture": "#8"},
				"east": {"uv": [7, 1, 8.55, 2.05], "texture": "#8"},
				"south": {"uv": [7, 1, 8.55, 2.05], "texture": "#8"},
				"west": {"uv": [7, 1, 8.55, 2.05], "texture": "#8"},
				"up": {"uv": [7, 1, 8.55, 2.05], "texture": "#8"},
				"down": {"uv": [7, 1, 8.55, 2.05], "texture": "#8"}
			}
		},
		{
			"from": [7.15, 5.75, 9],
			"to": [8.9, 7.75, 10.25],
			"rotation": {"angle": -22.5, "axis": "x", "origin": [8.65, 7.375, 7.75]},
			"faces": {
				"north": {"uv": [7.5, 0.75, 8.125, 1.75], "texture": "#8"},
				"east": {"uv": [7.5, 0.75, 8.125, 1.75], "texture": "#8"},
				"south": {"uv": [7.5, 0.75, 8.125, 1.75], "texture": "#8"},
				"west": {"uv": [7.5, 0.75, 8.125, 1.75], "texture": "#8"},
				"up": {"uv": [7.5, 0.75, 8.125, 1.75], "texture": "#8"},
				"down": {"uv": [7.5, 0.75, 8.125, 1.75], "texture": "#8"}
			}
		},
		{
			"from": [7.15, 5.96095, 7.80572],
			"to": [8.9, 7.06095, 12.05572],
			"rotation": {"angle": -22.5, "axis": "x", "origin": [8.65, 7.26095, 9.93072]},
			"faces": {
				"north": {"uv": [7.5, 1, 8.375, 3.125], "texture": "#8"},
				"east": {"uv": [7.5, 1, 8.375, 3.125], "texture": "#8"},
				"south": {"uv": [7.5, 1, 8.375, 3.125], "texture": "#8"},
				"west": {"uv": [7.5, 1, 8.375, 3.125], "texture": "#8"},
				"up": {"uv": [7.5, 1, 8.375, 3.125], "texture": "#8"},
				"down": {"uv": [7.5, 1, 8.375, 3.125], "texture": "#8"}
			}
		},
		{
			"from": [7.15, 13.45, 12.65],
			"to": [8.9, 14.1, 16.7],
			"rotation": {"angle": 45, "axis": "x", "origin": [8.65, 15.375, 6.625]},
			"faces": {
				"north": {"uv": [7.75, 1, 8.625, 1.325], "texture": "#8"},
				"east": {"uv": [7.75, 1, 8.625, 1.325], "texture": "#8"},
				"south": {"uv": [7.75, 1, 8.625, 1.325], "texture": "#8"},
				"west": {"uv": [7.75, 1, 8.625, 1.325], "texture": "#8"},
				"up": {"uv": [7.75, 1, 8.625, 1.325], "texture": "#8"},
				"down": {"uv": [7.75, 1, 8.625, 1.325], "texture": "#8"}
			}
		},
		{
			"from": [7.15, 11.35, 12.65],
			"to": [8.9, 13.45, 15.75],
			"rotation": {"angle": 45, "axis": "x", "origin": [8.65, 15.375, 6.625]},
			"faces": {
				"north": {"uv": [7, 1, 8.55, 2.05], "texture": "#8"},
				"east": {"uv": [7, 1, 8.55, 2.05], "texture": "#8"},
				"south": {"uv": [7, 1, 8.55, 2.05], "texture": "#8"},
				"west": {"uv": [7, 1, 8.55, 2.05], "texture": "#8"},
				"up": {"uv": [7, 1, 8.55, 2.05], "texture": "#8"},
				"down": {"uv": [7, 1, 8.55, 2.05], "texture": "#8"}
			}
		},
		{
			"from": [7.15, 8.5, 8.75],
			"to": [8.9, 10.75, 10],
			"rotation": {"angle": -22.5, "axis": "x", "origin": [8.65, 10.375, 7.5]},
			"faces": {
				"north": {"uv": [7.75, 1, 8.625, 2.125], "texture": "#8"},
				"east": {"uv": [7.75, 1, 8.625, 2.125], "texture": "#8"},
				"south": {"uv": [7.75, 1, 8.625, 2.125], "texture": "#8"},
				"west": {"uv": [7.75, 1, 8.625, 2.125], "texture": "#8"},
				"up": {"uv": [7.75, 1, 8.625, 2.125], "texture": "#8"},
				"down": {"uv": [7.75, 1, 8.625, 2.125], "texture": "#8"}
			}
		}
	],
	"gui_light": "front",
	"display": {
		"thirdperson_righthand": {
			"translation": [0, 9, 1],
			"scale": [1.25, 1.25, 1.25]
		},
		"thirdperson_lefthand": {
			"translation": [0, 9, 1],
			"scale": [1.25, 1.25, 1.25]
		},
		"firstperson_righthand": {
			"translation": [2, 4, 0],
			"scale": [0.8, 0.8, 0.8]
		},
		"firstperson_lefthand": {
			"translation": [2, 4, 0],
			"scale": [0.8, 0.8, 0.8]
		},
		"ground": {
			"rotation": [-45, 0, 0],
			"translation": [-0.75, 4.25, 0],
			"scale": [0.8, 0.8, 0.8]
		},
		"gui": {
			"rotation": [-90, -45, -90],
			"translation": [-0.75, 0, 0],
			"scale": [0.75, 0.75, 0.75]
		},
		"head": {
			"rotation": [-60, 0, 0],
			"translation": [0, 5.75, -5.5],
			"scale": [4, 1, 1]
		},
		"fixed": {
			"rotation": [-90, 45, 90],
			"translation": [0.5, -0.25, -1],
			"scale": [0.9, 0.9, 0.9]
		}
	},
	"groups": [
		{
			"name": "group",
			"origin": [8, 8, 8],
			"color": 0,
			"children": [
				0,
				1,
				2,
				3,
				4,
				5,
				6,
				7,
				8,
				9,
				10,
				{
					"name": "group",
					"origin": [9.5, 15.875, 6.625],
					"color": 0,
					"children": []
				},
				11,
				12,
				13,
				14,
				15,
				{
					"name": "group",
					"origin": [9.5, 4.26095, 10.18072],
					"color": 0,
					"children": [16, 17, 18, 19, 20, 21, 22, 23, 24]
				},
				{
					"name": "group",
					"origin": [0, 0, 0],
					"color": 0,
					"children": [25, 26, 27, 28, 29, 30]
				},
				{
					"name": "group",
					"origin": [0, 0, 0],
					"color": 0,
					"children": [31, 32, 33, 34, 35, 36]
				},
				{
					"name": "group",
					"origin": [0, 0, 0],
					"color": 0,
					"children": [37, 38, 39, 40, 41, 42]
				},
				{
					"name": "group",
					"origin": [9.5, 10.875, 7.5],
					"color": 0,
					"children": [43, 44, 45, 46]
				},
				{
					"name": "group",
					"origin": [9.5, 10.875, 7.5],
					"color": 0,
					"children": [47, 48, 49, 50]
				}
			]
		}
	]
}