{
	"credit": "Made with Blockbench",
	"texture_size": [64, 64],
	"textures": {
		"0": "bell/head",
		"particle": "bell/head"
	},
	"elements": [
		{
			"from": [3.49304, 18.14904, 2.45344],
			"to": [12.50792, 27.28571, 9.28015],
			"rotation": {"angle": -22.5, "axis": "x", "origin": [8.00048, 19.65921, 9.19661]},
			"faces": {
				"north": {"uv": [4.8125, 5.25, 5.9375, 5.75], "rotation": 180, "texture": "#0"},
				"east": {"uv": [4.8125, 5.25, 5.9375, 5.75], "rotation": 270, "texture": "#0"},
				"south": {"uv": [4.8125, 5.25, 5.9375, 5.75], "texture": "#0"},
				"west": {"uv": [4.8125, 5.25, 5.9375, 5.75], "rotation": 90, "texture": "#0"},
				"up": {"uv": [4.8125, 5.25, 5.9375, 5.75], "rotation": 180, "texture": "#0"},
				"down": {"uv": [4.8125, 5.25, 5.9375, 5.75], "texture": "#0"}
			}
		},
		{
			"from": [2.55054, 13.43749, 5.77784],
			"to": [13.45042, 18.23866, 7.42081],
			"rotation": {"angle": -22.5, "axis": "x", "origin": [8.00048, 21.21032, 4.94995]},
			"faces": {
				"north": {"uv": [4.8125, 5.25, 5.9375, 5.75], "rotation": 180, "texture": "#0"},
				"east": {"uv": [4.8125, 5.25, 5.9375, 5.75], "rotation": 270, "texture": "#0"},
				"south": {"uv": [4.8125, 5.25, 5.9375, 5.75], "texture": "#0"},
				"west": {"uv": [4.8125, 5.25, 5.9375, 5.75], "rotation": 90, "texture": "#0"},
				"up": {"uv": [4.8125, 5.25, 5.9375, 5.75], "rotation": 180, "texture": "#0"},
				"down": {"uv": [4.8125, 5.25, 5.9375, 5.75], "texture": "#0"}
			}
		},
		{
			"from": [4.37899, 14.00204, 2.92469],
			"to": [11.62197, 18.26599, 7.8664],
			"rotation": {"angle": -22.5, "axis": "x", "origin": [8.00048, 19.65921, 9.19661]},
			"faces": {
				"north": {"uv": [4.8125, 5.25, 5.9375, 5.75], "rotation": 180, "texture": "#0"},
				"east": {"uv": [4.8125, 5.25, 5.9375, 5.75], "rotation": 270, "texture": "#0"},
				"south": {"uv": [4.8125, 5.25, 5.9375, 5.75], "texture": "#0"},
				"west": {"uv": [4.8125, 5.25, 5.9375, 5.75], "rotation": 90, "texture": "#0"},
				"up": {"uv": [4.8125, 5.25, 5.9375, 5.75], "rotation": 180, "texture": "#0"},
				"down": {"uv": [4.8125, 5.25, 5.9375, 5.75], "texture": "#0"}
			}
		},
		{
			"from": [5.97445, 17.19523, 7.8664],
			"to": [10.02651, 22.57321, 10.63057],
			"rotation": {"angle": -22.5, "axis": "x", "origin": [8.00048, 19.65921, 9.19661]},
			"faces": {
				"north": {"uv": [4.8125, 5.25, 5.9375, 5.75], "rotation": 180, "texture": "#0"},
				"east": {"uv": [4.8125, 5.25, 5.9375, 5.75], "rotation": 270, "texture": "#0"},
				"south": {"uv": [4.8125, 5.25, 5.9375, 5.75], "texture": "#0"},
				"west": {"uv": [4.8125, 5.25, 5.9375, 5.75], "rotation": 90, "texture": "#0"},
				"up": {"uv": [4.8125, 5.25, 5.9375, 5.75], "rotation": 180, "texture": "#0"},
				"down": {"uv": [4.8125, 5.25, 5.9375, 5.75], "texture": "#0"}
			}
		},
		{
			"from": [5.97445, 22.57321, 7.8664],
			"to": [10.02651, 27.28571, 11.10182],
			"rotation": {"angle": -22.5, "axis": "x", "origin": [8.00048, 19.65921, 9.19661]},
			"faces": {
				"north": {"uv": [4.8125, 5.25, 5.9375, 5.75], "rotation": 180, "texture": "#0"},
				"east": {"uv": [4.8125, 5.25, 5.9375, 5.75], "rotation": 270, "texture": "#0"},
				"south": {"uv": [4.8125, 5.25, 5.9375, 5.75], "texture": "#0"},
				"west": {"uv": [4.8125, 5.25, 5.9375, 5.75], "rotation": 90, "texture": "#0"},
				"up": {"uv": [4.8125, 5.25, 5.9375, 5.75], "rotation": 180, "texture": "#0"},
				"down": {"uv": [4.8125, 5.25, 5.9375, 5.75], "texture": "#0"}
			}
		},
		{
			"from": [6.0687, 14.03315, 7.39515],
			"to": [9.93226, 17.22924, 9.59382],
			"rotation": {"angle": -22.5, "axis": "x", "origin": [8.00048, 19.65921, 9.19661]},
			"faces": {
				"north": {"uv": [4.8125, 5.25, 5.9375, 5.75], "rotation": 180, "texture": "#0"},
				"east": {"uv": [4.8125, 5.25, 5.9375, 5.75], "rotation": 270, "texture": "#0"},
				"south": {"uv": [4.8125, 5.25, 5.9375, 5.75], "texture": "#0"},
				"west": {"uv": [4.8125, 5.25, 5.9375, 5.75], "rotation": 90, "texture": "#0"},
				"up": {"uv": [4.8125, 5.25, 5.9375, 5.75], "rotation": 180, "texture": "#0"},
				"down": {"uv": [4.8125, 5.25, 5.9375, 5.75], "texture": "#0"}
			}
		},
		{
			"from": [5.18079, 18.66742, 0.02043],
			"to": [10.82017, 27.28571, 2.45344],
			"rotation": {"angle": -22.5, "axis": "x", "origin": [8.00048, 19.65921, 9.19661]},
			"faces": {
				"north": {"uv": [0, 0, 1.1875, 0.75], "rotation": 180, "texture": "#0"},
				"east": {"uv": [0, 0, 1.1875, 0.75], "texture": "#0"},
				"south": {"uv": [0, 0, 1.1875, 0.75], "texture": "#0"},
				"west": {"uv": [0, 0, 1.125, 0.75], "texture": "#0"},
				"up": {"uv": [0, 0, 1.1875, 0.75], "rotation": 180, "texture": "#0"},
				"down": {"uv": [0, 0, 1.1875, 0.75], "texture": "#0"}
			}
		},
		{
			"from": [5.74629, 14.00204, 1.24568],
			"to": [10.25467, 18.68069, 2.92469],
			"rotation": {"angle": -22.5, "axis": "x", "origin": [8.00048, 19.65921, 9.19661]},
			"faces": {
				"north": {"uv": [0, 0, 1.1875, 0.75], "rotation": 180, "texture": "#0"},
				"east": {"uv": [0, 0, 1.1875, 0.75], "texture": "#0"},
				"south": {"uv": [0, 0, 1.1875, 0.75], "texture": "#0"},
				"west": {"uv": [0, 0, 1.125, 0.75], "texture": "#0"},
				"up": {"uv": [0, 0, 1.1875, 0.75], "rotation": 180, "texture": "#0"},
				"down": {"uv": [0, 0, 1.1875, 0.75], "texture": "#0"}
			}
		},
		{
			"from": [7.43042, 25.63177, 7.75801],
			"to": [8.57053, 27.04552, 10.66544],
			"rotation": {"angle": 0, "axis": "y", "origin": [8.00048, 19.65921, 9.19661]},
			"faces": {
				"north": {"uv": [4, 7.8125, 4.4375, 7.9375], "rotation": 270, "texture": "#0"},
				"east": {"uv": [4, 7.8125, 4.4375, 7.9375], "texture": "#0"},
				"south": {"uv": [4, 7.8125, 4.4375, 7.9375], "rotation": 90, "texture": "#0"},
				"west": {"uv": [4, 7.8125, 4.4375, 7.9375], "rotation": 180, "texture": "#0"},
				"up": {"uv": [4, 7.8125, 4.4375, 7.9375], "rotation": 270, "texture": "#0"},
				"down": {"uv": [4, 7.8125, 4.4375, 7.9375], "rotation": 90, "texture": "#0"}
			}
		},
		{
			"from": [7.61892, 26.00877, 10.58551],
			"to": [8.38203, 26.85702, 13.49294],
			"rotation": {"angle": 0, "axis": "y", "origin": [8.00048, 19.65921, 9.19661]},
			"faces": {
				"north": {"uv": [3.75, 7.3125, 3.9375, 7.5], "rotation": 90, "texture": "#0"},
				"east": {"uv": [3.75, 7.3125, 3.9375, 7.5], "rotation": 180, "texture": "#0"},
				"south": {"uv": [3.75, 7.3125, 3.9375, 7.5], "rotation": 270, "texture": "#0"},
				"west": {"uv": [3.75, 7.3125, 3.9375, 7.5], "texture": "#0"},
				"up": {"uv": [3.75, 7.3125, 3.9375, 7.5], "rotation": 90, "texture": "#0"},
				"down": {"uv": [3.75, 7.3125, 3.9375, 7.5], "rotation": 270, "texture": "#0"}
			}
		},
		{
			"from": [4.13167, 22.80427, 7.28676],
			"to": [5.27178, 24.21802, 10.19419],
			"rotation": {"angle": 22.5, "axis": "x", "origin": [8.00048, 26.38577, 10.62548]},
			"faces": {
				"north": {"uv": [4, 7.8125, 4.4375, 7.9375], "rotation": 270, "texture": "#0"},
				"east": {"uv": [4, 7.8125, 4.4375, 7.9375], "texture": "#0"},
				"south": {"uv": [4, 7.8125, 4.4375, 7.9375], "rotation": 90, "texture": "#0"},
				"west": {"uv": [4, 7.8125, 4.4375, 7.9375], "rotation": 180, "texture": "#0"},
				"up": {"uv": [4, 7.8125, 4.4375, 7.9375], "rotation": 270, "texture": "#0"},
				"down": {"uv": [4, 7.8125, 4.4375, 7.9375], "rotation": 90, "texture": "#0"}
			}
		},
		{
			"from": [4.32017, 23.18127, 10.11426],
			"to": [5.08328, 24.02952, 13.02169],
			"rotation": {"angle": 22.5, "axis": "x", "origin": [8.00048, 26.38577, 10.62548]},
			"faces": {
				"north": {"uv": [3.75, 7.3125, 3.9375, 7.5], "rotation": 90, "texture": "#0"},
				"east": {"uv": [3.75, 7.3125, 3.9375, 7.5], "rotation": 180, "texture": "#0"},
				"south": {"uv": [3.75, 7.3125, 3.9375, 7.5], "rotation": 270, "texture": "#0"},
				"west": {"uv": [3.75, 7.3125, 3.9375, 7.5], "texture": "#0"},
				"up": {"uv": [3.75, 7.3125, 3.9375, 7.5], "rotation": 90, "texture": "#0"},
				"down": {"uv": [3.75, 7.3125, 3.9375, 7.5], "rotation": 270, "texture": "#0"}
			}
		},
		{
			"from": [4.13167, 16.67802, 11.99926],
			"to": [5.27178, 18.09177, 14.90669],
			"rotation": {"angle": 22.5, "axis": "x", "origin": [8.00048, 26.38577, 10.62548]},
			"faces": {
				"north": {"uv": [4, 7.8125, 4.4375, 7.9375], "rotation": 270, "texture": "#0"},
				"east": {"uv": [4, 7.8125, 4.4375, 7.9375], "texture": "#0"},
				"south": {"uv": [4, 7.8125, 4.4375, 7.9375], "rotation": 90, "texture": "#0"},
				"west": {"uv": [4, 7.8125, 4.4375, 7.9375], "rotation": 180, "texture": "#0"},
				"up": {"uv": [4, 7.8125, 4.4375, 7.9375], "rotation": 270, "texture": "#0"},
				"down": {"uv": [4, 7.8125, 4.4375, 7.9375], "rotation": 90, "texture": "#0"}
			}
		},
		{
			"from": [4.32017, 17.05502, 14.82676],
			"to": [5.08328, 17.90327, 17.73419],
			"rotation": {"angle": 22.5, "axis": "x", "origin": [8.00048, 26.38577, 10.62548]},
			"faces": {
				"north": {"uv": [3.75, 7.3125, 3.9375, 7.5], "rotation": 90, "texture": "#0"},
				"east": {"uv": [3.75, 7.3125, 3.9375, 7.5], "rotation": 180, "texture": "#0"},
				"south": {"uv": [3.75, 7.3125, 3.9375, 7.5], "rotation": 270, "texture": "#0"},
				"west": {"uv": [3.75, 7.3125, 3.9375, 7.5], "texture": "#0"},
				"up": {"uv": [3.75, 7.3125, 3.9375, 7.5], "rotation": 90, "texture": "#0"},
				"down": {"uv": [3.75, 7.3125, 3.9375, 7.5], "rotation": 270, "texture": "#0"}
			}
		},
		{
			"from": [4.13167, 19.50552, 8.22926],
			"to": [5.27178, 20.91927, 11.13669],
			"rotation": {"angle": 0, "axis": "y", "origin": [8.00048, 26.38577, 10.62548]},
			"faces": {
				"north": {"uv": [4, 7.8125, 4.4375, 7.9375], "rotation": 270, "texture": "#0"},
				"east": {"uv": [4, 7.8125, 4.4375, 7.9375], "texture": "#0"},
				"south": {"uv": [4, 7.8125, 4.4375, 7.9375], "rotation": 90, "texture": "#0"},
				"west": {"uv": [4, 7.8125, 4.4375, 7.9375], "rotation": 180, "texture": "#0"},
				"up": {"uv": [4, 7.8125, 4.4375, 7.9375], "rotation": 270, "texture": "#0"},
				"down": {"uv": [4, 7.8125, 4.4375, 7.9375], "rotation": 90, "texture": "#0"}
			}
		},
		{
			"from": [4.32017, 19.88252, 11.05676],
			"to": [5.08328, 20.73077, 13.96419],
			"rotation": {"angle": 0, "axis": "y", "origin": [8.00048, 26.38577, 10.62548]},
			"faces": {
				"north": {"uv": [3.75, 7.3125, 3.9375, 7.5], "rotation": 90, "texture": "#0"},
				"east": {"uv": [3.75, 7.3125, 3.9375, 7.5], "rotation": 180, "texture": "#0"},
				"south": {"uv": [3.75, 7.3125, 3.9375, 7.5], "rotation": 270, "texture": "#0"},
				"west": {"uv": [3.75, 7.3125, 3.9375, 7.5], "texture": "#0"},
				"up": {"uv": [3.75, 7.3125, 3.9375, 7.5], "rotation": 90, "texture": "#0"},
				"down": {"uv": [3.75, 7.3125, 3.9375, 7.5], "rotation": 270, "texture": "#0"}
			}
		},
		{
			"from": [10.72917, 16.67802, 11.99926],
			"to": [11.86928, 18.09177, 14.90669],
			"rotation": {"angle": 22.5, "axis": "x", "origin": [8.00048, 26.38577, 10.62548]},
			"faces": {
				"north": {"uv": [4, 7.9375, 4.4375, 7.8125], "rotation": 270, "texture": "#0"},
				"east": {"uv": [4, 7.9375, 4.4375, 7.8125], "texture": "#0"},
				"south": {"uv": [4, 7.9375, 4.4375, 7.8125], "rotation": 90, "texture": "#0"},
				"west": {"uv": [4, 7.9375, 4.4375, 7.8125], "rotation": 180, "texture": "#0"},
				"up": {"uv": [4, 7.9375, 4.4375, 7.8125], "rotation": 270, "texture": "#0"},
				"down": {"uv": [4, 7.9375, 4.4375, 7.8125], "rotation": 90, "texture": "#0"}
			}
		},
		{
			"from": [10.91767, 17.05502, 14.82676],
			"to": [11.68078, 17.90327, 17.73419],
			"rotation": {"angle": 22.5, "axis": "x", "origin": [8.00048, 26.38577, 10.62548]},
			"faces": {
				"north": {"uv": [3.75, 7.5, 3.9375, 7.3125], "rotation": 270, "texture": "#0"},
				"east": {"uv": [3.75, 7.5, 3.9375, 7.3125], "texture": "#0"},
				"south": {"uv": [3.75, 7.5, 3.9375, 7.3125], "rotation": 90, "texture": "#0"},
				"west": {"uv": [3.75, 7.5, 3.9375, 7.3125], "rotation": 180, "texture": "#0"},
				"up": {"uv": [3.75, 7.5, 3.9375, 7.3125], "rotation": 270, "texture": "#0"},
				"down": {"uv": [3.75, 7.5, 3.9375, 7.3125], "rotation": 90, "texture": "#0"}
			}
		},
		{
			"from": [10.72917, 19.50552, 8.22926],
			"to": [11.86928, 20.91927, 11.13669],
			"rotation": {"angle": 0, "axis": "y", "origin": [8.00048, 26.38577, 10.62548]},
			"faces": {
				"north": {"uv": [4, 7.9375, 4.4375, 7.8125], "rotation": 270, "texture": "#0"},
				"east": {"uv": [4, 7.9375, 4.4375, 7.8125], "texture": "#0"},
				"south": {"uv": [4, 7.9375, 4.4375, 7.8125], "rotation": 90, "texture": "#0"},
				"west": {"uv": [4, 7.9375, 4.4375, 7.8125], "rotation": 180, "texture": "#0"},
				"up": {"uv": [4, 7.9375, 4.4375, 7.8125], "rotation": 270, "texture": "#0"},
				"down": {"uv": [4, 7.9375, 4.4375, 7.8125], "rotation": 90, "texture": "#0"}
			}
		},
		{
			"from": [10.91767, 19.88252, 11.05676],
			"to": [11.68078, 20.73077, 13.96419],
			"rotation": {"angle": 0, "axis": "y", "origin": [8.00048, 26.38577, 10.62548]},
			"faces": {
				"north": {"uv": [3.75, 7.5, 3.9375, 7.3125], "rotation": 270, "texture": "#0"},
				"east": {"uv": [3.75, 7.5, 3.9375, 7.3125], "texture": "#0"},
				"south": {"uv": [3.75, 7.5, 3.9375, 7.3125], "rotation": 90, "texture": "#0"},
				"west": {"uv": [3.75, 7.5, 3.9375, 7.3125], "rotation": 180, "texture": "#0"},
				"up": {"uv": [3.75, 7.5, 3.9375, 7.3125], "rotation": 270, "texture": "#0"},
				"down": {"uv": [3.75, 7.5, 3.9375, 7.3125], "rotation": 90, "texture": "#0"}
			}
		},
		{
			"from": [10.72917, 22.80427, 7.28676],
			"to": [11.86928, 24.21802, 10.19419],
			"rotation": {"angle": 22.5, "axis": "x", "origin": [8.00048, 26.38577, 10.62548]},
			"faces": {
				"north": {"uv": [4, 7.9375, 4.4375, 7.8125], "rotation": 270, "texture": "#0"},
				"east": {"uv": [4, 7.9375, 4.4375, 7.8125], "texture": "#0"},
				"south": {"uv": [4, 7.9375, 4.4375, 7.8125], "rotation": 90, "texture": "#0"},
				"west": {"uv": [4, 7.9375, 4.4375, 7.8125], "rotation": 180, "texture": "#0"},
				"up": {"uv": [4, 7.9375, 4.4375, 7.8125], "rotation": 270, "texture": "#0"},
				"down": {"uv": [4, 7.9375, 4.4375, 7.8125], "rotation": 90, "texture": "#0"}
			}
		},
		{
			"from": [10.91767, 23.18127, 10.11426],
			"to": [11.68078, 24.02952, 13.02169],
			"rotation": {"angle": 22.5, "axis": "x", "origin": [8.00048, 26.38577, 10.62548]},
			"faces": {
				"north": {"uv": [3.75, 7.5, 3.9375, 7.3125], "rotation": 270, "texture": "#0"},
				"east": {"uv": [3.75, 7.5, 3.9375, 7.3125], "texture": "#0"},
				"south": {"uv": [3.75, 7.5, 3.9375, 7.3125], "rotation": 90, "texture": "#0"},
				"west": {"uv": [3.75, 7.5, 3.9375, 7.3125], "rotation": 180, "texture": "#0"},
				"up": {"uv": [3.75, 7.5, 3.9375, 7.3125], "rotation": 270, "texture": "#0"},
				"down": {"uv": [3.75, 7.5, 3.9375, 7.3125], "rotation": 90, "texture": "#0"}
			}
		},
		{
			"from": [7.43042, 21.86177, 8.70051],
			"to": [8.57053, 23.27552, 11.60794],
			"rotation": {"angle": 0, "axis": "y", "origin": [8.00048, 22.14452, 11.56798]},
			"faces": {
				"north": {"uv": [4, 7.8125, 4.4375, 7.9375], "rotation": 270, "texture": "#0"},
				"east": {"uv": [4, 7.8125, 4.4375, 7.9375], "texture": "#0"},
				"south": {"uv": [4, 7.8125, 4.4375, 7.9375], "rotation": 90, "texture": "#0"},
				"west": {"uv": [4, 7.8125, 4.4375, 7.9375], "rotation": 180, "texture": "#0"},
				"up": {"uv": [4, 7.8125, 4.4375, 7.9375], "rotation": 270, "texture": "#0"},
				"down": {"uv": [4, 7.8125, 4.4375, 7.9375], "rotation": 90, "texture": "#0"}
			}
		},
		{
			"from": [7.61892, 22.23877, 11.52801],
			"to": [8.38203, 23.08702, 14.43544],
			"rotation": {"angle": 0, "axis": "y", "origin": [8.00048, 22.14452, 11.56798]},
			"faces": {
				"north": {"uv": [3.75, 7.3125, 3.9375, 7.5], "rotation": 90, "texture": "#0"},
				"east": {"uv": [3.75, 7.3125, 3.9375, 7.5], "rotation": 180, "texture": "#0"},
				"south": {"uv": [3.75, 7.3125, 3.9375, 7.5], "rotation": 270, "texture": "#0"},
				"west": {"uv": [3.75, 7.3125, 3.9375, 7.5], "texture": "#0"},
				"up": {"uv": [3.75, 7.3125, 3.9375, 7.5], "rotation": 90, "texture": "#0"},
				"down": {"uv": [3.75, 7.3125, 3.9375, 7.5], "rotation": 270, "texture": "#0"}
			}
		},
		{
			"from": [7.43042, 19.28131, 9.92517],
			"to": [8.57053, 20.69506, 12.83259],
			"rotation": {"angle": 22.5, "axis": "x", "origin": [8.00048, 19.65921, 9.19661]},
			"faces": {
				"north": {"uv": [4, 7.8125, 4.4375, 7.9375], "rotation": 270, "texture": "#0"},
				"east": {"uv": [4, 7.8125, 4.4375, 7.9375], "texture": "#0"},
				"south": {"uv": [4, 7.8125, 4.4375, 7.9375], "rotation": 90, "texture": "#0"},
				"west": {"uv": [4, 7.8125, 4.4375, 7.9375], "rotation": 180, "texture": "#0"},
				"up": {"uv": [4, 7.8125, 4.4375, 7.9375], "rotation": 270, "texture": "#0"},
				"down": {"uv": [4, 7.8125, 4.4375, 7.9375], "rotation": 90, "texture": "#0"}
			}
		},
		{
			"from": [7.61892, 19.65831, 12.75267],
			"to": [8.38203, 20.50656, 15.66009],
			"rotation": {"angle": 22.5, "axis": "x", "origin": [8.00048, 19.65921, 9.19661]},
			"faces": {
				"north": {"uv": [3.75, 7.3125, 3.9375, 7.5], "rotation": 90, "texture": "#0"},
				"east": {"uv": [3.75, 7.3125, 3.9375, 7.5], "rotation": 180, "texture": "#0"},
				"south": {"uv": [3.75, 7.3125, 3.9375, 7.5], "rotation": 270, "texture": "#0"},
				"west": {"uv": [3.75, 7.3125, 3.9375, 7.5], "texture": "#0"},
				"up": {"uv": [3.75, 7.3125, 3.9375, 7.5], "rotation": 90, "texture": "#0"},
				"down": {"uv": [3.75, 7.3125, 3.9375, 7.5], "rotation": 270, "texture": "#0"}
			}
		},
		{
			"from": [7.43042, 14.5778, 10.73787],
			"to": [8.57053, 15.99155, 12.23154],
			"rotation": {"angle": 0, "axis": "y", "origin": [8.00048, 19.65921, 9.19661]},
			"faces": {
				"north": {"uv": [4, 7.8125, 4.4375, 7.9375], "rotation": 270, "texture": "#0"},
				"east": {"uv": [4, 7.8125, 4.4375, 7.9375], "texture": "#0"},
				"south": {"uv": [4, 7.8125, 4.4375, 7.9375], "rotation": 90, "texture": "#0"},
				"west": {"uv": [4, 7.8125, 4.4375, 7.9375], "rotation": 180, "texture": "#0"},
				"up": {"uv": [4, 7.8125, 4.4375, 7.9375], "rotation": 270, "texture": "#0"},
				"down": {"uv": [4, 7.8125, 4.4375, 7.9375], "rotation": 90, "texture": "#0"}
			}
		},
		{
			"from": [7.61892, 14.9548, 12.15162],
			"to": [8.38203, 15.80305, 15.05904],
			"rotation": {"angle": 0, "axis": "y", "origin": [8.00048, 19.65921, 9.19661]},
			"faces": {
				"north": {"uv": [3.75, 7.3125, 3.9375, 7.5], "rotation": 90, "texture": "#0"},
				"east": {"uv": [3.75, 7.3125, 3.9375, 7.5], "rotation": 180, "texture": "#0"},
				"south": {"uv": [3.75, 7.3125, 3.9375, 7.5], "rotation": 270, "texture": "#0"},
				"west": {"uv": [3.75, 7.3125, 3.9375, 7.5], "texture": "#0"},
				"up": {"uv": [3.75, 7.3125, 3.9375, 7.5], "rotation": 90, "texture": "#0"},
				"down": {"uv": [3.75, 7.3125, 3.9375, 7.5], "rotation": 270, "texture": "#0"}
			}
		},
		{
			"from": [1.81114, 8.80532, 7.67056],
			"to": [2.8472, 18.12766, 8.92672],
			"rotation": {"angle": -45, "axis": "z", "origin": [3.46017, 15.58712, 7.73314]},
			"faces": {
				"north": {"uv": [1.5, 5.5, 1.75, 6.125], "rotation": 180, "texture": "#0"},
				"east": {"uv": [1.5, 5.5, 1.75, 6.125], "rotation": 270, "texture": "#0"},
				"south": {"uv": [1.5, 5.5, 1.75, 6.125], "texture": "#0"},
				"west": {"uv": [1.5, 5.5, 1.75, 6.125], "rotation": 90, "texture": "#0"},
				"up": {"uv": [1.5, 5.5, 1.75, 6.125], "rotation": 180, "texture": "#0"},
				"down": {"uv": [1.5, 5.5, 1.75, 6.125], "texture": "#0"}
			}
		},
		{
			"from": [13.15376, 8.80532, 7.67056],
			"to": [14.18982, 18.12766, 8.92672],
			"rotation": {"angle": 45, "axis": "z", "origin": [12.54079, 15.58712, 7.73314]},
			"faces": {
				"north": {"uv": [1.5, 5.5, 1.75, 6.125], "rotation": 180, "texture": "#0"},
				"east": {"uv": [1.5, 5.5, 1.75, 6.125], "rotation": 270, "texture": "#0"},
				"south": {"uv": [1.5, 5.5, 1.75, 6.125], "texture": "#0"},
				"west": {"uv": [1.5, 5.5, 1.75, 6.125], "rotation": 90, "texture": "#0"},
				"up": {"uv": [1.5, 5.5, 1.75, 6.125], "rotation": 180, "texture": "#0"},
				"down": {"uv": [1.5, 5.5, 1.75, 6.125], "texture": "#0"}
			}
		},
		{
			"from": [2.95845, 9.35857, 7.10506],
			"to": [3.99451, 16.32466, 8.36122],
			"rotation": {"angle": -22.5, "axis": "z", "origin": [8.00048, 14.72661, 9.61814]},
			"faces": {
				"north": {"uv": [1.5, 5.5, 1.75, 6.125], "rotation": 180, "texture": "#0"},
				"east": {"uv": [1.5, 5.5, 1.75, 6.125], "rotation": 270, "texture": "#0"},
				"south": {"uv": [1.5, 5.5, 1.75, 6.125], "texture": "#0"},
				"west": {"uv": [1.5, 5.5, 1.75, 6.125], "rotation": 90, "texture": "#0"},
				"up": {"uv": [1.5, 5.5, 1.75, 6.125], "rotation": 180, "texture": "#0"},
				"down": {"uv": [1.5, 5.5, 1.75, 6.125], "texture": "#0"}
			}
		},
		{
			"from": [-1.90788, 17.42534, 7.10506],
			"to": [5.05821, 18.4614, 8.36122],
			"rotation": {"angle": 22.5, "axis": "z", "origin": [3.46017, 15.58712, 7.73314]},
			"faces": {
				"north": {"uv": [1.5, 5.5, 1.75, 6.125], "rotation": 270, "texture": "#0"},
				"east": {"uv": [1.5, 5.5, 1.75, 6.125], "texture": "#0"},
				"south": {"uv": [1.5, 5.5, 1.75, 6.125], "rotation": 90, "texture": "#0"},
				"west": {"uv": [1.5, 5.5, 1.75, 6.125], "rotation": 180, "texture": "#0"},
				"up": {"uv": [1.5, 5.5, 1.75, 6.125], "rotation": 270, "texture": "#0"},
				"down": {"uv": [1.5, 5.5, 1.75, 6.125], "rotation": 90, "texture": "#0"}
			}
		},
		{
			"from": [12.00645, 9.35857, 7.10506],
			"to": [13.04251, 16.32466, 8.36122],
			"rotation": {"angle": 22.5, "axis": "z", "origin": [8.00048, 14.72661, 9.61814]},
			"faces": {
				"north": {"uv": [1.5, 5.5, 1.75, 6.125], "rotation": 180, "texture": "#0"},
				"east": {"uv": [1.5, 5.5, 1.75, 6.125], "rotation": 270, "texture": "#0"},
				"south": {"uv": [1.5, 5.5, 1.75, 6.125], "texture": "#0"},
				"west": {"uv": [1.5, 5.5, 1.75, 6.125], "rotation": 90, "texture": "#0"},
				"up": {"uv": [1.5, 5.5, 1.75, 6.125], "rotation": 180, "texture": "#0"},
				"down": {"uv": [1.5, 5.5, 1.75, 6.125], "texture": "#0"}
			}
		},
		{
			"from": [10.94274, 17.42534, 7.10506],
			"to": [17.90883, 18.4614, 8.36122],
			"rotation": {"angle": -22.5, "axis": "z", "origin": [12.54079, 15.58712, 7.73314]},
			"faces": {
				"north": {"uv": [1.5, 5.5, 1.75, 6.125], "rotation": 270, "texture": "#0"},
				"east": {"uv": [1.5, 5.5, 1.75, 6.125], "texture": "#0"},
				"south": {"uv": [1.5, 5.5, 1.75, 6.125], "rotation": 90, "texture": "#0"},
				"west": {"uv": [1.5, 5.5, 1.75, 6.125], "rotation": 180, "texture": "#0"},
				"up": {"uv": [1.5, 5.5, 1.75, 6.125], "rotation": 270, "texture": "#0"},
				"down": {"uv": [1.5, 5.5, 1.75, 6.125], "rotation": 90, "texture": "#0"}
			}
		},
		{
			"from": [10.1375, 20.96915, 5.5329],
			"to": [5.8348, 25.62133, 12.33997],
			"rotation": {"angle": 0, "axis": "y", "origin": [7.99331, 28.85599, 6.01469]},
			"faces": {
				"east": {"uv": [8, 0.75, 9.3125, 1.5], "rotation": 90, "texture": "#0"},
				"west": {"uv": [8, 0.75, 9.3125, 1.5], "rotation": 270, "texture": "#0"},
				"up": {"uv": [8, 0.75, 9.3125, 1.5], "texture": "#0"},
				"down": {"uv": [8, 0.75, 9.3125, 1.5], "rotation": 180, "texture": "#0"}
			}
		},
		{
			"from": [5.84913, 20.96915, 5.5329],
			"to": [10.15183, 25.62133, 12.33997],
			"rotation": {"angle": 0, "axis": "y", "origin": [7.99331, 28.85599, 6.01469]},
			"faces": {
				"east": {"uv": [8, 0.75, 9.3125, 1.5], "rotation": 90, "texture": "#0"},
				"west": {"uv": [8, 0.75, 9.3125, 1.5], "rotation": 270, "texture": "#0"},
				"up": {"uv": [8, 0.75, 9.3125, 1.5], "texture": "#0"},
				"down": {"uv": [8, 0.75, 9.3125, 1.5], "rotation": 180, "texture": "#0"}
			}
		},
		{
			"from": [10.1375, 15.7854, 6.4754],
			"to": [5.8348, 20.43758, 13.28247],
			"rotation": {"angle": 0, "axis": "y", "origin": [7.99331, 28.85599, 6.01469]},
			"faces": {
				"east": {"uv": [8, 0.75, 9.3125, 1.5], "rotation": 90, "texture": "#0"},
				"west": {"uv": [8, 0.75, 9.3125, 1.5], "rotation": 270, "texture": "#0"},
				"up": {"uv": [8, 0.75, 9.3125, 1.5], "texture": "#0"},
				"down": {"uv": [8, 0.75, 9.3125, 1.5], "rotation": 180, "texture": "#0"}
			}
		},
		{
			"from": [5.84913, 15.7854, 6.4754],
			"to": [10.15183, 20.43758, 13.28247],
			"rotation": {"angle": 0, "axis": "y", "origin": [7.99331, 28.85599, 6.01469]},
			"faces": {
				"east": {"uv": [8, 0.75, 9.3125, 1.5], "rotation": 90, "texture": "#0"},
				"west": {"uv": [8, 0.75, 9.3125, 1.5], "rotation": 270, "texture": "#0"},
				"up": {"uv": [8, 0.75, 9.3125, 1.5], "texture": "#0"},
				"down": {"uv": [8, 0.75, 9.3125, 1.5], "rotation": 180, "texture": "#0"}
			}
		}
	],
	"display": {
		"head": {
			"rotation": [-67.5, 0, 0],
			"translation": [0, -14.75, 48.25],
			"scale": [4, 4, 4]
		}
	},
	"groups": [
		{
			"name": "root",
			"origin": [8, 8, 8],
			"color": 0,
			"children": [
				{
					"name": "body",
					"origin": [8, 8, 8],
					"color": 0,
					"children": [
						{
							"name": "1",
							"origin": [9.8, 10.53615, -0.43345],
							"color": 0,
							"children": [
								0,
								1,
								2,
								3,
								4,
								5,
								6,
								7,
								{
									"name": "group",
									"origin": [8, 12.14334, 3.29321],
									"color": 0,
									"children": [8, 9, 10, 11, 12, 13, 14, 15, 16, 17, 18, 19, 20, 21, 22, 23, 24, 25, 26, 27]
								},
								{
									"name": "group",
									"origin": [8, 11.62074, 7.83788],
									"color": 0,
									"children": [28, 29, 30, 31, 32, 33]
								},
								{
									"name": "group",
									"origin": [8, 9.29405, -4.31175],
									"color": 0,
									"children": [34, 35]
								},
								{
									"name": "group",
									"origin": [8, 9.29405, -4.31175],
									"color": 0,
									"children": [36, 37]
								}
							]
						}
					]
				}
			]
		}
	]
}