{
	"credit": "Made with Blockbench",
	"texture_size": [64, 64],
	"textures": {
		"0": "bell/head",
		"particle": "bell/head"
	},
	"elements": [
		{
			"from": [4.41473, 4.66487, 2.61899],
			"to": [11.58684, 10.54908, 7.37228],
			"rotation": {"angle": 0, "axis": "y", "origin": [12.59898, 9.26306, -10.41277]},
			"faces": {
				"north": {"uv": [4.8125, 5.25, 5.9375, 5.75], "texture": "#0"},
				"east": {"uv": [4.8125, 5.25, 5.9375, 5.75], "texture": "#0"},
				"south": {"uv": [4.8125, 5.25, 5.9375, 5.75], "texture": "#0"},
				"west": {"uv": [4.8125, 5.25, 5.9375, 5.75], "texture": "#0"},
				"up": {"uv": [4.8125, 5.25, 5.9375, 5.75], "texture": "#0"},
				"down": {"uv": [4.8125, 5.25, 5.9375, 5.75], "texture": "#0"}
			}
		},
		{
			"from": [5.97947, 10.54908, 10.22308],
			"to": [10.0221, 13.30853, 13.53887],
			"rotation": {"angle": 0, "axis": "y", "origin": [12.59898, 9.26306, -10.41277]},
			"faces": {
				"north": {"uv": [4.8125, 5.25, 5.9375, 5.75], "texture": "#0"},
				"east": {"uv": [4.8125, 5.25, 5.9375, 5.75], "texture": "#0"},
				"south": {"uv": [4.8125, 5.25, 5.9375, 5.75], "texture": "#0"},
				"west": {"uv": [4.8125, 5.25, 5.9375, 5.75], "texture": "#0"},
				"up": {"uv": [4.8125, 5.25, 5.9375, 5.75], "texture": "#0"},
				"down": {"uv": [4.8125, 5.25, 5.9375, 5.75], "texture": "#0"}
			}
		},
		{
			"from": [5.97947, 10.54908, 5.60483],
			"to": [10.0221, 12.83728, 10.24012],
			"rotation": {"angle": 0, "axis": "y", "origin": [12.59898, 9.26306, -10.41277]},
			"faces": {
				"north": {"uv": [4.8125, 5.25, 5.9375, 5.75], "texture": "#0"},
				"east": {"uv": [4.8125, 5.25, 5.9375, 5.75], "texture": "#0"},
				"south": {"uv": [4.8125, 5.25, 5.9375, 5.75], "texture": "#0"},
				"west": {"uv": [4.8125, 5.25, 5.9375, 5.75], "texture": "#0"},
				"up": {"uv": [4.8125, 5.25, 5.9375, 5.75], "texture": "#0"},
				"down": {"uv": [4.8125, 5.25, 5.9375, 5.75], "texture": "#0"}
			}
		},
		{
			"from": [6.45072, 10.07783, 2.49458],
			"to": [9.55085, 12.36603, 5.60483],
			"rotation": {"angle": 0, "axis": "y", "origin": [12.59898, 9.26306, -10.41277]},
			"faces": {
				"north": {"uv": [4.8125, 5.25, 5.9375, 5.75], "texture": "#0"},
				"east": {"uv": [4.8125, 5.25, 5.9375, 5.75], "texture": "#0"},
				"south": {"uv": [4.8125, 5.25, 5.9375, 5.75], "texture": "#0"},
				"west": {"uv": [4.8125, 5.25, 5.9375, 5.75], "texture": "#0"},
				"up": {"uv": [4.8125, 5.25, 5.9375, 5.75], "texture": "#0"},
				"down": {"uv": [4.8125, 5.25, 5.9375, 5.75], "texture": "#0"}
			}
		},
		{
			"from": [3.87034, 4.66487, 7.37228],
			"to": [12.13123, 11.02033, 13.51814],
			"rotation": {"angle": 0, "axis": "y", "origin": [12.59898, 9.26306, -10.41277]},
			"faces": {
				"north": {"uv": [4.8125, 5.25, 5.9375, 5.75], "texture": "#0"},
				"east": {"uv": [4.8125, 5.25, 5.9375, 5.75], "texture": "#0"},
				"south": {"uv": [4.8125, 5.25, 5.9375, 5.75], "texture": "#0"},
				"west": {"uv": [4.8125, 5.25, 5.9375, 5.75], "texture": "#0"},
				"up": {"uv": [4.8125, 5.25, 5.9375, 5.75], "texture": "#0"},
				"down": {"uv": [4.8125, 5.25, 5.9375, 5.75], "texture": "#0"}
			}
		},
		{
			"from": [6.00823, 2.305, 2.61899],
			"to": [9.99333, 4.66487, 6.46326],
			"rotation": {"angle": 0, "axis": "y", "origin": [12.59898, 9.26306, -10.41277]},
			"faces": {
				"north": {"uv": [0, 0.5625, 0.75, 0], "texture": "#0"},
				"east": {"uv": [0.6875, 0, 0, 0.5625], "rotation": 90, "texture": "#0"},
				"south": {"uv": [0, 0.5625, 0.75, 0], "texture": "#0"},
				"west": {"uv": [0.6875, 0, 0, 0.5625], "rotation": 90, "texture": "#0"},
				"up": {"uv": [0, 0.5625, 0.75, 0], "texture": "#0"},
				"down": {"uv": [0, 0.5625, 0.75, 0], "texture": "#0"}
			}
		},
		{
			"from": [4.99259, 2.04336, 5.81716],
			"to": [11.00897, 4.66487, 13.64587],
			"rotation": {"angle": 0, "axis": "y", "origin": [12.59898, 9.26306, -10.41277]},
			"faces": {
				"north": {"uv": [0, 0, 1.1875, 0.75], "texture": "#0"},
				"east": {"uv": [0, 0, 1.1875, 0.75], "rotation": 90, "texture": "#0"},
				"south": {"uv": [0, 0, 1.1875, 0.75], "texture": "#0"},
				"west": {"uv": [0, 0, 1.125, 0.75], "rotation": 270, "texture": "#0"},
				"up": {"uv": [0, 0, 1.1875, 0.75], "texture": "#0"},
				"down": {"uv": [0, 0, 1.1875, 0.75], "texture": "#0"}
			}
		},
		{
			"from": [7.43073, 11.34926, 4.59711],
			"to": [8.57084, 14.25669, 6.01086],
			"rotation": {"angle": 22.5, "axis": "x", "origin": [8.00078, 14.59372, 6.01086]},
			"faces": {
				"north": {"uv": [4, 7.8125, 4.4375, 7.9375], "rotation": 90, "texture": "#0"},
				"east": {"uv": [4, 7.8125, 4.4375, 7.9375], "rotation": 90, "texture": "#0"},
				"south": {"uv": [4, 7.8125, 4.4375, 7.9375], "rotation": 90, "texture": "#0"},
				"west": {"uv": [4, 7.8125, 4.4375, 7.9375], "rotation": 90, "texture": "#0"},
				"up": {"uv": [4, 7.8125, 4.4375, 7.9375], "rotation": 90, "texture": "#0"},
				"down": {"uv": [4, 7.8125, 4.4375, 7.9375], "rotation": 90, "texture": "#0"}
			}
		},
		{
			"from": [7.61923, 14.17676, 4.78561],
			"to": [8.38234, 17.08419, 5.63386],
			"rotation": {"angle": 22.5, "axis": "x", "origin": [8.00078, 14.59372, 6.01086]},
			"faces": {
				"north": {"uv": [3.75, 7.3125, 3.9375, 7.5], "rotation": 270, "texture": "#0"},
				"east": {"uv": [3.75, 7.3125, 3.9375, 7.5], "rotation": 270, "texture": "#0"},
				"south": {"uv": [3.75, 7.3125, 3.9375, 7.5], "rotation": 270, "texture": "#0"},
				"west": {"uv": [3.75, 7.3125, 3.9375, 7.5], "rotation": 270, "texture": "#0"},
				"up": {"uv": [3.75, 7.3125, 3.9375, 7.5], "rotation": 270, "texture": "#0"},
				"down": {"uv": [3.75, 7.3125, 3.9375, 7.5], "rotation": 270, "texture": "#0"}
			}
		},
		{
			"from": [4.60323, 8.52176, 6.01086],
			"to": [5.74334, 11.42919, 7.42461],
			"rotation": {"angle": 22.5, "axis": "x", "origin": [8.00078, 14.59372, 6.01086]},
			"faces": {
				"north": {"uv": [4, 7.8125, 4.4375, 7.9375], "rotation": 90, "texture": "#0"},
				"east": {"uv": [4, 7.8125, 4.4375, 7.9375], "rotation": 90, "texture": "#0"},
				"south": {"uv": [4, 7.8125, 4.4375, 7.9375], "rotation": 90, "texture": "#0"},
				"west": {"uv": [4, 7.8125, 4.4375, 7.9375], "rotation": 90, "texture": "#0"},
				"up": {"uv": [4, 7.8125, 4.4375, 7.9375], "rotation": 90, "texture": "#0"},
				"down": {"uv": [4, 7.8125, 4.4375, 7.9375], "rotation": 90, "texture": "#0"}
			}
		},
		{
			"from": [4.79173, 11.34926, 6.19936],
			"to": [5.55484, 14.25669, 7.04761],
			"rotation": {"angle": 22.5, "axis": "x", "origin": [8.00078, 14.59372, 6.01086]},
			"faces": {
				"north": {"uv": [3.75, 7.3125, 3.9375, 7.5], "rotation": 270, "texture": "#0"},
				"east": {"uv": [3.75, 7.3125, 3.9375, 7.5], "rotation": 270, "texture": "#0"},
				"south": {"uv": [3.75, 7.3125, 3.9375, 7.5], "rotation": 270, "texture": "#0"},
				"west": {"uv": [3.75, 7.3125, 3.9375, 7.5], "rotation": 270, "texture": "#0"},
				"up": {"uv": [3.75, 7.3125, 3.9375, 7.5], "rotation": 270, "texture": "#0"},
				"down": {"uv": [3.75, 7.3125, 3.9375, 7.5], "rotation": 270, "texture": "#0"}
			}
		},
		{
			"from": [4.60323, 10.87801, 9.78086],
			"to": [5.74334, 13.78544, 11.19461],
			"rotation": {"angle": 22.5, "axis": "x", "origin": [8.00078, 14.59372, 6.01086]},
			"faces": {
				"north": {"uv": [4, 7.8125, 4.4375, 7.9375], "rotation": 90, "texture": "#0"},
				"east": {"uv": [4, 7.8125, 4.4375, 7.9375], "rotation": 90, "texture": "#0"},
				"south": {"uv": [4, 7.8125, 4.4375, 7.9375], "rotation": 90, "texture": "#0"},
				"west": {"uv": [4, 7.8125, 4.4375, 7.9375], "rotation": 90, "texture": "#0"},
				"up": {"uv": [4, 7.8125, 4.4375, 7.9375], "rotation": 90, "texture": "#0"},
				"down": {"uv": [4, 7.8125, 4.4375, 7.9375], "rotation": 90, "texture": "#0"}
			}
		},
		{
			"from": [4.79173, 13.70551, 9.96936],
			"to": [5.55484, 16.61294, 10.81761],
			"rotation": {"angle": 22.5, "axis": "x", "origin": [8.00078, 14.59372, 6.01086]},
			"faces": {
				"north": {"uv": [3.75, 7.3125, 3.9375, 7.5], "rotation": 270, "texture": "#0"},
				"east": {"uv": [3.75, 7.3125, 3.9375, 7.5], "rotation": 270, "texture": "#0"},
				"south": {"uv": [3.75, 7.3125, 3.9375, 7.5], "rotation": 270, "texture": "#0"},
				"west": {"uv": [3.75, 7.3125, 3.9375, 7.5], "rotation": 270, "texture": "#0"},
				"up": {"uv": [3.75, 7.3125, 3.9375, 7.5], "rotation": 270, "texture": "#0"},
				"down": {"uv": [3.75, 7.3125, 3.9375, 7.5], "rotation": 270, "texture": "#0"}
			}
		},
		{
			"from": [10.25823, 10.87801, 9.78086],
			"to": [11.39834, 13.78544, 11.19461],
			"rotation": {"angle": 22.5, "axis": "x", "origin": [8.00078, 14.59372, 6.01086]},
			"faces": {
				"north": {"uv": [4, 7.9375, 4.4375, 7.8125], "rotation": 90, "texture": "#0"},
				"east": {"uv": [4, 7.9375, 4.4375, 7.8125], "rotation": 90, "texture": "#0"},
				"south": {"uv": [4, 7.9375, 4.4375, 7.8125], "rotation": 90, "texture": "#0"},
				"west": {"uv": [4, 7.9375, 4.4375, 7.8125], "rotation": 90, "texture": "#0"},
				"up": {"uv": [4, 7.9375, 4.4375, 7.8125], "rotation": 90, "texture": "#0"},
				"down": {"uv": [4, 7.9375, 4.4375, 7.8125], "rotation": 90, "texture": "#0"}
			}
		},
		{
			"from": [10.44673, 13.70551, 9.96936],
			"to": [11.20984, 16.61294, 10.81761],
			"rotation": {"angle": 22.5, "axis": "x", "origin": [8.00078, 14.59372, 6.01086]},
			"faces": {
				"north": {"uv": [3.75, 7.5, 3.9375, 7.3125], "rotation": 90, "texture": "#0"},
				"east": {"uv": [3.75, 7.5, 3.9375, 7.3125], "rotation": 90, "texture": "#0"},
				"south": {"uv": [3.75, 7.5, 3.9375, 7.3125], "rotation": 90, "texture": "#0"},
				"west": {"uv": [3.75, 7.5, 3.9375, 7.3125], "rotation": 90, "texture": "#0"},
				"up": {"uv": [3.75, 7.5, 3.9375, 7.3125], "rotation": 90, "texture": "#0"},
				"down": {"uv": [3.75, 7.5, 3.9375, 7.3125], "rotation": 90, "texture": "#0"}
			}
		},
		{
			"from": [10.25823, 8.52176, 6.01086],
			"to": [11.39834, 11.42919, 7.42461],
			"rotation": {"angle": 22.5, "axis": "x", "origin": [8.00078, 14.59372, 6.01086]},
			"faces": {
				"north": {"uv": [4, 7.9375, 4.4375, 7.8125], "rotation": 90, "texture": "#0"},
				"east": {"uv": [4, 7.9375, 4.4375, 7.8125], "rotation": 90, "texture": "#0"},
				"south": {"uv": [4, 7.9375, 4.4375, 7.8125], "rotation": 90, "texture": "#0"},
				"west": {"uv": [4, 7.9375, 4.4375, 7.8125], "rotation": 90, "texture": "#0"},
				"up": {"uv": [4, 7.9375, 4.4375, 7.8125], "rotation": 90, "texture": "#0"},
				"down": {"uv": [4, 7.9375, 4.4375, 7.8125], "rotation": 90, "texture": "#0"}
			}
		},
		{
			"from": [10.44673, 11.34926, 6.19936],
			"to": [11.20984, 14.25669, 7.04761],
			"rotation": {"angle": 22.5, "axis": "x", "origin": [8.00078, 14.59372, 6.01086]},
			"faces": {
				"north": {"uv": [3.75, 7.5, 3.9375, 7.3125], "rotation": 90, "texture": "#0"},
				"east": {"uv": [3.75, 7.5, 3.9375, 7.3125], "rotation": 90, "texture": "#0"},
				"south": {"uv": [3.75, 7.5, 3.9375, 7.3125], "rotation": 90, "texture": "#0"},
				"west": {"uv": [3.75, 7.5, 3.9375, 7.3125], "rotation": 90, "texture": "#0"},
				"up": {"uv": [3.75, 7.5, 3.9375, 7.3125], "rotation": 90, "texture": "#0"},
				"down": {"uv": [3.75, 7.5, 3.9375, 7.3125], "rotation": 90, "texture": "#0"}
			}
		},
		{
			"from": [7.43073, 13.79976, 7.61311],
			"to": [8.57084, 16.70719, 9.02686],
			"rotation": {"angle": 45, "axis": "x", "origin": [8.00078, 14.59372, 6.01086]},
			"faces": {
				"north": {"uv": [4, 7.8125, 4.4375, 7.9375], "rotation": 90, "texture": "#0"},
				"east": {"uv": [4, 7.8125, 4.4375, 7.9375], "rotation": 90, "texture": "#0"},
				"south": {"uv": [4, 7.8125, 4.4375, 7.9375], "rotation": 90, "texture": "#0"},
				"west": {"uv": [4, 7.8125, 4.4375, 7.9375], "rotation": 90, "texture": "#0"},
				"up": {"uv": [4, 7.8125, 4.4375, 7.9375], "rotation": 90, "texture": "#0"},
				"down": {"uv": [4, 7.8125, 4.4375, 7.9375], "rotation": 90, "texture": "#0"}
			}
		},
		{
			"from": [7.61923, 16.62726, 7.80161],
			"to": [8.38234, 20.47719, 8.64986],
			"rotation": {"angle": 45, "axis": "x", "origin": [8.00078, 14.59372, 6.01086]},
			"faces": {
				"north": {"uv": [3.75, 7.3125, 3.9375, 7.5], "rotation": 270, "texture": "#0"},
				"east": {"uv": [3.75, 7.3125, 3.9375, 7.5], "rotation": 270, "texture": "#0"},
				"south": {"uv": [3.75, 7.3125, 3.9375, 7.5], "rotation": 270, "texture": "#0"},
				"west": {"uv": [3.75, 7.3125, 3.9375, 7.5], "rotation": 270, "texture": "#0"},
				"up": {"uv": [3.75, 7.3125, 3.9375, 7.5], "rotation": 270, "texture": "#0"},
				"down": {"uv": [3.75, 7.3125, 3.9375, 7.5], "rotation": 270, "texture": "#0"}
			}
		},
		{
			"from": [7.43073, 14.55376, 10.81761],
			"to": [8.57084, 17.46119, 12.23136],
			"rotation": {"angle": 22.5, "axis": "x", "origin": [8.00078, 14.59372, 6.01086]},
			"faces": {
				"north": {"uv": [4, 7.8125, 4.4375, 7.9375], "rotation": 90, "texture": "#0"},
				"east": {"uv": [4, 7.8125, 4.4375, 7.9375], "rotation": 90, "texture": "#0"},
				"south": {"uv": [4, 7.8125, 4.4375, 7.9375], "rotation": 90, "texture": "#0"},
				"west": {"uv": [4, 7.8125, 4.4375, 7.9375], "rotation": 90, "texture": "#0"},
				"up": {"uv": [4, 7.8125, 4.4375, 7.9375], "rotation": 90, "texture": "#0"},
				"down": {"uv": [4, 7.8125, 4.4375, 7.9375], "rotation": 90, "texture": "#0"}
			}
		},
		{
			"from": [7.61923, 17.38126, 11.00611],
			"to": [8.38234, 20.28869, 11.85436],
			"rotation": {"angle": 22.5, "axis": "x", "origin": [8.00078, 14.59372, 6.01086]},
			"faces": {
				"north": {"uv": [3.75, 7.3125, 3.9375, 7.5], "rotation": 270, "texture": "#0"},
				"east": {"uv": [3.75, 7.3125, 3.9375, 7.5], "rotation": 270, "texture": "#0"},
				"south": {"uv": [3.75, 7.3125, 3.9375, 7.5], "rotation": 270, "texture": "#0"},
				"west": {"uv": [3.75, 7.3125, 3.9375, 7.5], "rotation": 270, "texture": "#0"},
				"up": {"uv": [3.75, 7.3125, 3.9375, 7.5], "rotation": 270, "texture": "#0"},
				"down": {"uv": [3.75, 7.3125, 3.9375, 7.5], "rotation": 270, "texture": "#0"}
			}
		},
		{
			"from": [10.13781, 9.14619, 3.75819],
			"to": [5.83511, 15.95326, 8.41037],
			"rotation": {"angle": 22.5, "axis": "x", "origin": [7.99362, 11.51297, 2.64415]},
			"faces": {
				"north": {"uv": [8, 0.75, 9.3125, 1.5], "rotation": 180, "texture": "#0"},
				"east": {"uv": [8, 0.75, 9.3125, 1.5], "rotation": 180, "texture": "#0"},
				"south": {"uv": [8, 0.75, 9.3125, 1.5], "rotation": 180, "texture": "#0"},
				"west": {"uv": [8, 0.75, 9.3125, 1.5], "rotation": 180, "texture": "#0"}
			}
		},
		{
			"from": [5.84943, 9.14619, 3.75819],
			"to": [10.15213, 15.95326, 8.41037],
			"rotation": {"angle": 22.5, "axis": "x", "origin": [7.99362, 11.51297, 2.64415]},
			"faces": {
				"north": {"uv": [8, 0.75, 9.3125, 1.5], "rotation": 180, "texture": "#0"},
				"east": {"uv": [8, 0.75, 9.3125, 1.5], "rotation": 180, "texture": "#0"},
				"south": {"uv": [8, 0.75, 9.3125, 1.5], "rotation": 180, "texture": "#0"},
				"west": {"uv": [8, 0.75, 9.3125, 1.5], "rotation": 180, "texture": "#0"}
			}
		},
		{
			"from": [10.13781, 10.08869, 7.52819],
			"to": [5.83511, 16.89576, 12.18037],
			"rotation": {"angle": 22.5, "axis": "x", "origin": [7.99362, 11.51297, 2.64415]},
			"faces": {
				"north": {"uv": [8, 0.75, 9.3125, 1.5], "rotation": 180, "texture": "#0"},
				"east": {"uv": [8, 0.75, 9.3125, 1.5], "rotation": 180, "texture": "#0"},
				"south": {"uv": [8, 0.75, 9.3125, 1.5], "rotation": 180, "texture": "#0"},
				"west": {"uv": [8, 0.75, 9.3125, 1.5], "rotation": 180, "texture": "#0"}
			}
		},
		{
			"from": [5.84943, 10.08869, 7.52819],
			"to": [10.15213, 16.89576, 12.18037],
			"rotation": {"angle": 22.5, "axis": "x", "origin": [7.99362, 11.51297, 2.64415]},
			"faces": {
				"north": {"uv": [8, 0.75, 9.3125, 1.5], "rotation": 180, "texture": "#0"},
				"east": {"uv": [8, 0.75, 9.3125, 1.5], "rotation": 180, "texture": "#0"},
				"south": {"uv": [8, 0.75, 9.3125, 1.5], "rotation": 180, "texture": "#0"},
				"west": {"uv": [8, 0.75, 9.3125, 1.5], "rotation": 180, "texture": "#0"}
			}
		}
	],
	"display": {
		"head": {
			"translation": [0, -6.75, -16.25],
			"scale": [4, 4, 4]
		}
	},
	"groups": [
		{
			"name": "root",
			"origin": [8, 8, 8],
			"color": 0,
			"children": [
				{
					"name": "body",
					"origin": [8, 8, 8],
					"color": 0,
					"children": [
						{
							"name": "0",
							"origin": [8, 8, 8],
							"color": 0,
							"children": [
								0,
								1,
								2,
								3,
								4,
								5,
								6,
								{
									"name": "group",
									"origin": [8, 11.19144, -0.39519],
									"color": 0,
									"children": [7, 8, 9, 10, 11, 12, 13, 14, 15, 16, 17, 18, 19, 20]
								},
								{
									"name": "group",
									"origin": [8, 9.29405, -4.31175],
									"color": 0,
									"children": [21, 22]
								},
								{
									"name": "group",
									"origin": [8, 9.29405, -4.31175],
									"color": 0,
									"children": [23, 24]
								}
							]
						}
					]
				}
			]
		}
	]
}