{
	"credit": "Made with Blockbench",
	"texture_size": [64, 64],
	"textures": {
		"0": "bell/head",
		"particle": "bell/head"
	},
	"elements": [
		{
			"from": [1.95986, 11.04788, 4.62119],
			"to": [5.33859, 14.84057, 6.7354],
			"rotation": {"angle": -22.5, "axis": "z", "origin": [1.57572, 15.30048, 5.67829]},
			"faces": {
				"north": {"uv": [1.75, 4.8125, 2, 5.3125], "rotation": 180, "texture": "#0"},
				"east": {"uv": [1.75, 4.8125, 2, 5.3125], "rotation": 270, "texture": "#0"},
				"south": {"uv": [1.75, 4.8125, 2, 5.3125], "texture": "#0"},
				"west": {"uv": [1.75, 4.8125, 2, 5.3125], "rotation": 90, "texture": "#0"},
				"up": {"uv": [1.75, 4.8125, 2, 5.3125], "rotation": 180, "texture": "#0"},
				"down": {"uv": [1.75, 4.8125, 2, 5.3125], "texture": "#0"}
			}
		},
		{
			"from": [2.33686, 14.34663, 4.80969],
			"to": [4.96159, 18.61057, 6.5469],
			"rotation": {"angle": -22.5, "axis": "z", "origin": [1.57572, 15.30048, 5.67829]},
			"faces": {
				"north": {"uv": [1.75, 4.8125, 2, 5.3125], "rotation": 180, "texture": "#0"},
				"east": {"uv": [1.75, 4.8125, 2, 5.3125], "rotation": 270, "texture": "#0"},
				"south": {"uv": [1.75, 4.8125, 2, 5.3125], "texture": "#0"},
				"west": {"uv": [1.75, 4.8125, 2, 5.3125], "rotation": 90, "texture": "#0"},
				"up": {"uv": [1.75, 4.8125, 2, 5.3125], "rotation": 180, "texture": "#0"},
				"down": {"uv": [1.75, 4.8125, 2, 5.3125], "texture": "#0"}
			}
		},
		{
			"from": [1.77136, 4.45038, 4.62119],
			"to": [5.52709, 8.24307, 6.7354],
			"rotation": {"angle": -22.5, "axis": "z", "origin": [1.57572, 15.30048, 5.67829]},
			"faces": {
				"north": {"uv": [1.75, 4.8125, 2, 5.3125], "rotation": 180, "texture": "#0"},
				"east": {"uv": [1.75, 4.8125, 2, 5.3125], "rotation": 270, "texture": "#0"},
				"south": {"uv": [1.75, 4.8125, 2, 5.3125], "texture": "#0"},
				"west": {"uv": [1.75, 4.8125, 2, 5.3125], "rotation": 90, "texture": "#0"},
				"up": {"uv": [1.75, 4.8125, 2, 5.3125], "rotation": 180, "texture": "#0"},
				"down": {"uv": [1.75, 4.8125, 2, 5.3125], "texture": "#0"}
			}
		},
		{
			"from": [2.14836, 7.74913, 4.80969],
			"to": [5.15009, 12.01307, 6.5469],
			"rotation": {"angle": -22.5, "axis": "z", "origin": [1.57572, 15.30048, 5.67829]},
			"faces": {
				"north": {"uv": [1.75, 4.8125, 2, 5.3125], "rotation": 180, "texture": "#0"},
				"east": {"uv": [1.75, 4.8125, 2, 5.3125], "rotation": 270, "texture": "#0"},
				"south": {"uv": [1.75, 4.8125, 2, 5.3125], "texture": "#0"},
				"west": {"uv": [1.75, 4.8125, 2, 5.3125], "rotation": 90, "texture": "#0"},
				"up": {"uv": [1.75, 4.8125, 2, 5.3125], "rotation": 180, "texture": "#0"},
				"down": {"uv": [1.75, 4.8125, 2, 5.3125], "texture": "#0"}
			}
		},
		{
			"from": [-4.73189, -1.85215, 4.48899],
			"to": [-0.59916, 1.94055, 6.60321],
			"rotation": {"angle": -22.5, "axis": "z", "origin": [-3.70228, -0.30924, 5.5461]},
			"faces": {
				"north": {"uv": [1.75, 4.8125, 2, 5.3125], "rotation": 180, "texture": "#0"},
				"east": {"uv": [1.75, 4.8125, 2, 5.3125], "rotation": 270, "texture": "#0"},
				"south": {"uv": [1.75, 4.8125, 2, 5.3125], "texture": "#0"},
				"west": {"uv": [1.75, 4.8125, 2, 5.3125], "rotation": 90, "texture": "#0"},
				"up": {"uv": [1.75, 4.8125, 2, 5.3125], "rotation": 180, "texture": "#0"},
				"down": {"uv": [1.75, 4.8125, 2, 5.3125], "texture": "#0"}
			}
		},
		{
			"from": [-4.35489, 1.4466, 4.67749],
			"to": [-0.97616, 5.71055, 6.41471],
			"rotation": {"angle": -22.5, "axis": "z", "origin": [-3.70228, -0.30924, 5.5461]},
			"faces": {
				"north": {"uv": [1.75, 4.8125, 2, 5.3125], "rotation": 180, "texture": "#0"},
				"east": {"uv": [1.75, 4.8125, 2, 5.3125], "rotation": 270, "texture": "#0"},
				"south": {"uv": [1.75, 4.8125, 2, 5.3125], "texture": "#0"},
				"west": {"uv": [1.75, 4.8125, 2, 5.3125], "rotation": 90, "texture": "#0"},
				"up": {"uv": [1.75, 4.8125, 2, 5.3125], "rotation": 180, "texture": "#0"},
				"down": {"uv": [1.75, 4.8125, 2, 5.3125], "texture": "#0"}
			}
		},
		{
			"from": [-4.92039, -8.9209, 4.48899],
			"to": [-0.41066, -5.1282, 6.60321],
			"rotation": {"angle": -22.5, "axis": "z", "origin": [-3.70228, -0.30924, 5.5461]},
			"faces": {
				"north": {"uv": [0.75, 6.6875, 1.125, 6.875], "rotation": 180, "texture": "#0"},
				"east": {"uv": [0.75, 6.6875, 1.125, 6.875], "texture": "#0"},
				"south": {"uv": [0.75, 6.6875, 1.125, 6.875], "rotation": 180, "texture": "#0"},
				"west": {"uv": [0.75, 6.6875, 1.125, 6.875], "texture": "#0"},
				"up": {"uv": [1.1875, 6.75, 1.5625, 6.9375], "texture": "#0"},
				"down": {"uv": [0.75, 6.6875, 1.125, 6.875], "rotation": 180, "texture": "#0"}
			}
		},
		{
			"from": [-3.50664, -14.5759, 4.86599],
			"to": [-1.82441, -5.1282, 6.22621],
			"rotation": {"angle": -22.5, "axis": "z", "origin": [-3.70228, -0.30924, 5.5461]},
			"faces": {
				"north": {"uv": [2.125, 6.75, 2.3125, 7], "rotation": 180, "texture": "#0"},
				"east": {"uv": [2.125, 6.75, 2.3125, 7], "rotation": 270, "texture": "#0"},
				"south": {"uv": [2.125, 6.75, 2.3125, 7], "texture": "#0"},
				"west": {"uv": [2.125, 6.75, 2.3125, 7], "rotation": 90, "texture": "#0"},
				"up": {"uv": [2.125, 6.75, 2.3125, 7], "rotation": 180, "texture": "#0"},
				"down": {"uv": [2.125, 6.75, 2.3125, 7], "texture": "#0"}
			}
		},
		{
			"from": [-7.56915, -11.63397, 4.86599],
			"to": [-6.07542, -6.89878, 6.22621],
			"rotation": {"angle": -45, "axis": "z", "origin": [-5.31428, -6.91012, 5.5461]},
			"faces": {
				"north": {"uv": [2.125, 6.75, 2.3125, 7], "rotation": 180, "texture": "#0"},
				"east": {"uv": [2.125, 6.75, 2.3125, 7], "rotation": 270, "texture": "#0"},
				"south": {"uv": [2.125, 6.75, 2.3125, 7], "texture": "#0"},
				"west": {"uv": [2.125, 6.75, 2.3125, 7], "rotation": 90, "texture": "#0"},
				"up": {"uv": [2.125, 6.75, 2.3125, 7], "rotation": 180, "texture": "#0"},
				"down": {"uv": [2.125, 6.75, 2.3125, 7], "texture": "#0"}
			}
		},
		{
			"from": [-4.64659, -11.76252, 4.86599],
			"to": [-3.15285, -7.02733, 6.22621],
			"rotation": {"angle": 0, "axis": "y", "origin": [-8.04672, -7.50993, 5.5461]},
			"faces": {
				"north": {"uv": [2.125, 6.75, 2.3125, 7], "rotation": 180, "texture": "#0"},
				"east": {"uv": [2.125, 6.75, 2.3125, 7], "rotation": 270, "texture": "#0"},
				"south": {"uv": [2.125, 6.75, 2.3125, 7], "texture": "#0"},
				"west": {"uv": [2.125, 6.75, 2.3125, 7], "rotation": 90, "texture": "#0"},
				"up": {"uv": [2.125, 6.75, 2.3125, 7], "rotation": 180, "texture": "#0"},
				"down": {"uv": [2.125, 6.75, 2.3125, 7], "texture": "#0"}
			}
		},
		{
			"from": [-4.54339, -5.62215, 4.67749],
			"to": [-0.78766, -1.3582, 6.41471],
			"rotation": {"angle": -22.5, "axis": "z", "origin": [-3.70228, -0.30924, 5.5461]},
			"faces": {
				"north": {"uv": [1.75, 4.8125, 2, 5.3125], "rotation": 180, "texture": "#0"},
				"east": {"uv": [1.75, 4.8125, 2, 5.3125], "rotation": 270, "texture": "#0"},
				"south": {"uv": [1.75, 4.8125, 2, 5.3125], "texture": "#0"},
				"west": {"uv": [1.75, 4.8125, 2, 5.3125], "rotation": 90, "texture": "#0"},
				"up": {"uv": [1.75, 4.8125, 2, 5.3125], "rotation": 180, "texture": "#0"},
				"down": {"uv": [1.75, 4.8125, 2, 5.3125], "texture": "#0"}
			}
		},
		{
			"from": [10.66237, 11.04788, 4.62119],
			"to": [14.0411, 14.84057, 6.7354],
			"rotation": {"angle": 22.5, "axis": "z", "origin": [14.42523, 15.30048, 5.67829]},
			"faces": {
				"north": {"uv": [2, 4.8125, 1.75, 5.3125], "rotation": 180, "texture": "#0"},
				"east": {"uv": [2, 4.8125, 1.75, 5.3125], "rotation": 270, "texture": "#0"},
				"south": {"uv": [2, 4.8125, 1.75, 5.3125], "texture": "#0"},
				"west": {"uv": [2, 4.8125, 1.75, 5.3125], "rotation": 90, "texture": "#0"},
				"up": {"uv": [2, 4.8125, 1.75, 5.3125], "rotation": 180, "texture": "#0"},
				"down": {"uv": [2, 4.8125, 1.75, 5.3125], "texture": "#0"}
			}
		},
		{
			"from": [11.03937, 14.34663, 4.80969],
			"to": [13.6641, 18.61057, 6.5469],
			"rotation": {"angle": 22.5, "axis": "z", "origin": [14.42523, 15.30048, 5.67829]},
			"faces": {
				"north": {"uv": [2, 4.8125, 1.75, 5.3125], "rotation": 180, "texture": "#0"},
				"east": {"uv": [2, 4.8125, 1.75, 5.3125], "rotation": 270, "texture": "#0"},
				"south": {"uv": [2, 4.8125, 1.75, 5.3125], "texture": "#0"},
				"west": {"uv": [2, 4.8125, 1.75, 5.3125], "rotation": 90, "texture": "#0"},
				"up": {"uv": [2, 4.8125, 1.75, 5.3125], "rotation": 180, "texture": "#0"},
				"down": {"uv": [2, 4.8125, 1.75, 5.3125], "texture": "#0"}
			}
		},
		{
			"from": [10.47387, 4.45038, 4.62119],
			"to": [14.2296, 8.24307, 6.7354],
			"rotation": {"angle": 22.5, "axis": "z", "origin": [14.42523, 15.30048, 5.67829]},
			"faces": {
				"north": {"uv": [2, 4.8125, 1.75, 5.3125], "rotation": 180, "texture": "#0"},
				"east": {"uv": [2, 4.8125, 1.75, 5.3125], "rotation": 270, "texture": "#0"},
				"south": {"uv": [2, 4.8125, 1.75, 5.3125], "texture": "#0"},
				"west": {"uv": [2, 4.8125, 1.75, 5.3125], "rotation": 90, "texture": "#0"},
				"up": {"uv": [2, 4.8125, 1.75, 5.3125], "rotation": 180, "texture": "#0"},
				"down": {"uv": [2, 4.8125, 1.75, 5.3125], "texture": "#0"}
			}
		},
		{
			"from": [10.85087, 7.74913, 4.80969],
			"to": [13.8526, 12.01307, 6.5469],
			"rotation": {"angle": 22.5, "axis": "z", "origin": [14.42523, 15.30048, 5.67829]},
			"faces": {
				"north": {"uv": [2, 4.8125, 1.75, 5.3125], "rotation": 180, "texture": "#0"},
				"east": {"uv": [2, 4.8125, 1.75, 5.3125], "rotation": 270, "texture": "#0"},
				"south": {"uv": [2, 4.8125, 1.75, 5.3125], "texture": "#0"},
				"west": {"uv": [2, 4.8125, 1.75, 5.3125], "rotation": 90, "texture": "#0"},
				"up": {"uv": [2, 4.8125, 1.75, 5.3125], "rotation": 180, "texture": "#0"},
				"down": {"uv": [2, 4.8125, 1.75, 5.3125], "texture": "#0"}
			}
		},
		{
			"from": [16.60012, -1.85215, 4.48899],
			"to": [20.73285, 1.94055, 6.60321],
			"rotation": {"angle": 22.5, "axis": "z", "origin": [19.70323, -0.30924, 5.5461]},
			"faces": {
				"north": {"uv": [2, 4.8125, 1.75, 5.3125], "rotation": 180, "texture": "#0"},
				"east": {"uv": [2, 4.8125, 1.75, 5.3125], "rotation": 270, "texture": "#0"},
				"south": {"uv": [2, 4.8125, 1.75, 5.3125], "texture": "#0"},
				"west": {"uv": [2, 4.8125, 1.75, 5.3125], "rotation": 90, "texture": "#0"},
				"up": {"uv": [2, 4.8125, 1.75, 5.3125], "rotation": 180, "texture": "#0"},
				"down": {"uv": [2, 4.8125, 1.75, 5.3125], "texture": "#0"}
			}
		},
		{
			"from": [16.97712, 1.4466, 4.67749],
			"to": [20.35585, 5.71055, 6.41471],
			"rotation": {"angle": 22.5, "axis": "z", "origin": [19.70323, -0.30924, 5.5461]},
			"faces": {
				"north": {"uv": [2, 4.8125, 1.75, 5.3125], "rotation": 180, "texture": "#0"},
				"east": {"uv": [2, 4.8125, 1.75, 5.3125], "rotation": 270, "texture": "#0"},
				"south": {"uv": [2, 4.8125, 1.75, 5.3125], "texture": "#0"},
				"west": {"uv": [2, 4.8125, 1.75, 5.3125], "rotation": 90, "texture": "#0"},
				"up": {"uv": [2, 4.8125, 1.75, 5.3125], "rotation": 180, "texture": "#0"},
				"down": {"uv": [2, 4.8125, 1.75, 5.3125], "texture": "#0"}
			}
		},
		{
			"from": [16.41162, -8.9209, 4.48899],
			"to": [20.92135, -5.1282, 6.60321],
			"rotation": {"angle": 22.5, "axis": "z", "origin": [19.70323, -0.30924, 5.5461]},
			"faces": {
				"north": {"uv": [1.125, 6.6875, 0.75, 6.875], "rotation": 180, "texture": "#0"},
				"east": {"uv": [0.75, 6.875, 1.125, 6.6875], "texture": "#0"},
				"south": {"uv": [1.125, 6.6875, 0.75, 6.875], "rotation": 180, "texture": "#0"},
				"west": {"uv": [0.75, 6.875, 1.125, 6.6875], "texture": "#0"},
				"up": {"uv": [1.6875, 6.75, 1.3125, 6.9375], "texture": "#0"},
				"down": {"uv": [1.125, 6.6875, 0.75, 6.75], "rotation": 180, "texture": "#0"}
			}
		},
		{
			"from": [17.82537, -14.5759, 4.86599],
			"to": [19.5076, -5.1282, 6.22621],
			"rotation": {"angle": 22.5, "axis": "z", "origin": [19.70323, -0.30924, 5.5461]},
			"faces": {
				"north": {"uv": [2.3125, 6.75, 2.125, 7], "rotation": 180, "texture": "#0"},
				"east": {"uv": [2.3125, 6.75, 2.125, 7], "rotation": 270, "texture": "#0"},
				"south": {"uv": [2.3125, 6.75, 2.125, 7], "texture": "#0"},
				"west": {"uv": [2.3125, 6.75, 2.125, 7], "rotation": 90, "texture": "#0"},
				"up": {"uv": [2.3125, 6.75, 2.125, 7], "rotation": 180, "texture": "#0"},
				"down": {"uv": [2.3125, 6.75, 2.125, 7], "texture": "#0"}
			}
		},
		{
			"from": [22.07637, -11.63397, 4.86599],
			"to": [23.57011, -6.89878, 6.22621],
			"rotation": {"angle": 45, "axis": "z", "origin": [21.31524, -6.91012, 5.5461]},
			"faces": {
				"north": {"uv": [2.3125, 6.75, 2.125, 7], "rotation": 180, "texture": "#0"},
				"east": {"uv": [2.3125, 6.75, 2.125, 7], "rotation": 270, "texture": "#0"},
				"south": {"uv": [2.3125, 6.75, 2.125, 7], "texture": "#0"},
				"west": {"uv": [2.3125, 6.75, 2.125, 7], "rotation": 90, "texture": "#0"},
				"up": {"uv": [2.3125, 6.75, 2.125, 7], "rotation": 180, "texture": "#0"},
				"down": {"uv": [2.3125, 6.75, 2.125, 7], "texture": "#0"}
			}
		},
		{
			"from": [19.15381, -11.76252, 4.86599],
			"to": [20.64754, -7.02733, 6.22621],
			"rotation": {"angle": 0, "axis": "y", "origin": [24.04768, -7.50993, 5.5461]},
			"faces": {
				"north": {"uv": [2.3125, 6.75, 2.125, 7], "rotation": 180, "texture": "#0"},
				"east": {"uv": [2.3125, 6.75, 2.125, 7], "rotation": 270, "texture": "#0"},
				"south": {"uv": [2.3125, 6.75, 2.125, 7], "texture": "#0"},
				"west": {"uv": [2.3125, 6.75, 2.125, 7], "rotation": 90, "texture": "#0"},
				"up": {"uv": [2.3125, 6.75, 2.125, 7], "rotation": 180, "texture": "#0"},
				"down": {"uv": [2.3125, 6.75, 2.125, 7], "texture": "#0"}
			}
		},
		{
			"from": [16.78862, -5.62215, 4.67749],
			"to": [20.54435, -1.3582, 6.41471],
			"rotation": {"angle": 22.5, "axis": "z", "origin": [19.70323, -0.30924, 5.5461]},
			"faces": {
				"north": {"uv": [2, 4.8125, 1.75, 5.3125], "rotation": 180, "texture": "#0"},
				"east": {"uv": [2, 4.8125, 1.75, 5.3125], "rotation": 270, "texture": "#0"},
				"south": {"uv": [2, 4.8125, 1.75, 5.3125], "texture": "#0"},
				"west": {"uv": [2, 4.8125, 1.75, 5.3125], "rotation": 90, "texture": "#0"},
				"up": {"uv": [2, 4.8125, 1.75, 5.3125], "rotation": 180, "texture": "#0"},
				"down": {"uv": [2, 4.8125, 1.75, 5.3125], "texture": "#0"}
			}
		}
	],
	"display": {
		"head": {
			"rotation": [-90, 0, 0],
			"translation": [0, 1.5, 35.5],
			"scale": [4, 4, 4]
		}
	},
	"groups": [
		{
			"name": "root",
			"origin": [8, 8, 8],
			"color": 0,
			"children": [
				{
					"name": "body",
					"origin": [8, 8, 8],
					"color": 0,
					"children": [
						{
							"name": "1",
							"origin": [9.8, 10.53615, -0.43345],
							"color": 0,
							"children": [
								{
									"name": "sub_tail_l",
									"origin": [9.8, 10.53615, -0.43345],
									"color": 0,
									"children": [
										{
											"name": "group",
											"origin": [4.59164, 9.28064, 8.03344],
											"color": 0,
											"children": [0, 1]
										},
										{
											"name": "group",
											"origin": [4.59164, 9.28064, 8.03344],
											"color": 0,
											"children": [2, 3]
										},
										{
											"name": "group",
											"origin": [4.59164, 9.28064, 8.03344],
											"color": 0,
											"children": [4, 5]
										},
										{
											"name": "group",
											"origin": [4.59164, 9.28064, 8.03344],
											"color": 0,
											"children": [6, 7, 8, 9, 10]
										}
									]
								},
								{
									"name": "sub_tail_r",
									"origin": [9.8, 10.53615, -0.43345],
									"color": 0,
									"children": [
										{
											"name": "group",
											"origin": [4.59164, 9.28064, 8.03344],
											"color": 0,
											"children": [11, 12]
										},
										{
											"name": "group",
											"origin": [4.59164, 9.28064, 8.03344],
											"color": 0,
											"children": [13, 14]
										},
										{
											"name": "group",
											"origin": [4.59164, 9.28064, 8.03344],
											"color": 0,
											"children": [15, 16]
										},
										{
											"name": "group",
											"origin": [4.59164, 9.28064, 8.03344],
											"color": 0,
											"children": [17, 18, 19, 20, 21]
										}
									]
								}
							]
						}
					]
				}
			]
		}
	]
}