{
	"credit": "Made with Blockbench",
	"texture_size": [64, 64],
	"textures": {
		"0": "bell/head",
		"particle": "bell/head"
	},
	"elements": [
		{
			"from": [6.57966, 9.85371, 7.71794],
			"to": [9.40716, 10.79621, 10.54544],
			"rotation": {"angle": 22.5, "axis": "x", "origin": [7.99341, 9.35083, 8.93903]},
			"faces": {
				"north": {"uv": [6.5, 1.25, 7, 1.5], "texture": "#0"},
				"east": {"uv": [1.5, 6.5, 2, 6.75], "texture": "#0"},
				"south": {"uv": [6.5, 1.5, 7, 1.75], "texture": "#0"},
				"west": {"uv": [6.5, 1.75, 7, 2], "texture": "#0"},
				"up": {"uv": [5.25, 4, 4.75, 3.5], "texture": "#0"},
				"down": {"uv": [4.5, 4.75, 4, 5.25], "texture": "#0"}
			}
		},
		{
			"from": [6.57966, 9.85371, 10.54544],
			"to": [9.40716, 11.26746, 12.90169],
			"rotation": {"angle": 22.5, "axis": "x", "origin": [7.99341, 9.35083, 8.93903]},
			"faces": {
				"north": {"uv": [6, 3.75, 6.5, 4], "texture": "#0"},
				"east": {"uv": [6, 6, 6.5, 6.25], "texture": "#0"},
				"south": {"uv": [6, 4, 6.5, 4.25], "texture": "#0"},
				"west": {"uv": [6.25, 0, 6.75, 0.25], "texture": "#0"},
				"up": {"uv": [5.75, 4.75, 5.25, 4.25], "texture": "#0"},
				"down": {"uv": [6, 0, 5.5, 0.5], "texture": "#0"}
			}
		},
		{
			"from": [6.48541, 8.72271, 6.11569],
			"to": [9.50141, 9.85371, 12.90169],
			"rotation": {"angle": 22.5, "axis": "x", "origin": [7.99341, 9.35083, 8.93903]},
			"faces": {
				"north": {"uv": [2, 6.5, 2.5, 6.75], "texture": "#0"},
				"east": {"uv": [5.5, 3.25, 6.5, 3.5], "texture": "#0"},
				"south": {"uv": [2.75, 6.5, 3.25, 6.75], "texture": "#0"},
				"west": {"uv": [5.5, 3.5, 6.5, 3.75], "texture": "#0"},
				"up": {"uv": [3.5, 1, 3, 0], "texture": "#0"},
				"down": {"uv": [1.5, 3, 1, 4], "texture": "#0"}
			}
		},
		{
			"from": [6.29691, 6.55496, 5.36169],
			"to": [9.68991, 8.81696, 6.77544],
			"rotation": {"angle": 22.5, "axis": "x", "origin": [7.99341, 9.35083, 8.93903]},
			"faces": {
				"north": {"uv": [5, 0, 5.5, 0.5], "texture": "#0"},
				"east": {"uv": [6.25, 0.25, 6.5, 0.75], "texture": "#0"},
				"south": {"uv": [5, 0.5, 5.5, 1], "texture": "#0"},
				"west": {"uv": [1, 6.25, 1.25, 6.75], "texture": "#0"},
				"up": {"uv": [6.25, 5.75, 5.75, 5.5], "texture": "#0"},
				"down": {"uv": [6.5, 0.75, 6, 1], "texture": "#0"}
			}
		},
		{
			"from": [7.61641, 8.34571, 3.47669],
			"to": [8.37041, 9.09971, 5.36169],
			"rotation": {"angle": 22.5, "axis": "x", "origin": [7.99341, 9.35083, 8.93903]},
			"faces": {
				"north": {"uv": [6.75, 7.25, 7, 7.5], "texture": "#0"},
				"east": {"uv": [5.25, 6.75, 5.5, 7], "texture": "#0"},
				"south": {"uv": [0.5, 7.5, 0.75, 7.75], "texture": "#0"},
				"west": {"uv": [6.75, 5.25, 7, 5.5], "texture": "#0"},
				"up": {"uv": [5.75, 7, 5.5, 6.75], "texture": "#0"},
				"down": {"uv": [7, 5.5, 6.75, 5.75], "texture": "#0"}
			}
		},
		{
			"from": [6.01416, 6.55496, 6.49269],
			"to": [9.97266, 8.91121, 12.90169],
			"rotation": {"angle": 22.5, "axis": "x", "origin": [7.99341, 9.35083, 8.93903]},
			"faces": {
				"north": {"uv": [0.5, 4.75, 1, 5.25], "texture": "#0"},
				"east": {"uv": [3, 3.5, 4, 4], "texture": "#0"},
				"south": {"uv": [1, 4.75, 1.5, 5.25], "texture": "#0"},
				"west": {"uv": [0, 3.75, 1, 4.25], "texture": "#0"},
				"up": {"uv": [1.5, 3, 1, 2], "texture": "#0"},
				"down": {"uv": [2, 2.25, 1.5, 3.25], "texture": "#0"}
			}
		},
		{
			"from": [5.82566, 4.38721, 9.13169],
			"to": [10.16116, 6.55496, 12.90169],
			"rotation": {"angle": 22.5, "axis": "x", "origin": [7.99341, 9.35083, 8.93903]},
			"faces": {
				"north": {"uv": [4.5, 4, 5.25, 4.5], "texture": "#0"},
				"east": {"uv": [4.75, 1, 5.25, 1.5], "texture": "#0"},
				"south": {"uv": [4.5, 4.5, 5.25, 5], "texture": "#0"},
				"west": {"uv": [1.5, 4.75, 2, 5.25], "texture": "#0"},
				"up": {"uv": [3, 4, 2.25, 3.5], "texture": "#0"},
				"down": {"uv": [4.25, 2.5, 3.5, 3], "texture": "#0"}
			}
		},
		{
			"from": [6.57966, 6.55496, 3.47669],
			"to": [9.40716, 8.06296, 5.36169],
			"rotation": {"angle": 22.5, "axis": "x", "origin": [7.99341, 9.35083, 8.93903]},
			"faces": {
				"north": {"uv": [4.5, 6, 5, 6.25], "texture": "#0"},
				"east": {"uv": [0.75, 6.5, 1, 6.75], "texture": "#0"},
				"south": {"uv": [6, 4.75, 6.5, 5], "texture": "#0"},
				"west": {"uv": [3.25, 6.5, 3.5, 6.75], "texture": "#0"},
				"up": {"uv": [6, 5.5, 5.5, 5.25], "texture": "#0"},
				"down": {"uv": [6.25, 3, 5.75, 3.25], "texture": "#0"}
			}
		},
		{
			"from": [7.05091, 6.60209, 2.72269],
			"to": [8.93591, 8.62846, 5.83294],
			"rotation": {"angle": 22.5, "axis": "x", "origin": [7.99341, 9.35083, 8.93903]},
			"faces": {
				"north": {"uv": [2.25, 3.25, 2.5, 3.5], "texture": "#0"},
				"east": {"uv": [3.25, 5.5, 3.75, 5.75], "texture": "#0"},
				"south": {"uv": [2, 3.75, 2.25, 4], "texture": "#0"},
				"west": {"uv": [5.5, 3.75, 6, 4], "texture": "#0"},
				"up": {"uv": [4, 6, 3.75, 5.5], "texture": "#0"},
				"down": {"uv": [4.75, 5.5, 4.5, 6], "texture": "#0"}
			}
		},
		{
			"from": [7.42791, 9.01681, 0.45995],
			"to": [8.55891, 9.69273, 2.8162],
			"rotation": {"angle": -22.5, "axis": "x", "origin": [7.99341, 9.73177, 2.0622]},
			"faces": {
				"north": {"uv": [7.75, 2, 8, 2.25], "texture": "#0"},
				"east": {"uv": [7.25, 1, 7.75, 1.25], "texture": "#0"},
				"south": {"uv": [2.25, 7.75, 2.5, 8], "texture": "#0"},
				"west": {"uv": [7.25, 1.25, 7.75, 1.5], "texture": "#0"},
				"up": {"uv": [1, 7.25, 0.75, 6.75], "texture": "#0"},
				"down": {"uv": [1.25, 6.75, 1, 7.25], "texture": "#0"}
			}
		},
		{
			"from": [7.66354, 9.67656, 0.9312],
			"to": [8.32329, 10.3996, 3.5702],
			"rotation": {"angle": -22.5, "axis": "x", "origin": [7.99341, 9.73177, 2.0622]},
			"faces": {
				"north": {"uv": [7.75, 2.25, 8, 2.5], "texture": "#0"},
				"east": {"uv": [6.5, 3.25, 7, 3.5], "texture": "#0"},
				"south": {"uv": [2.5, 7.75, 2.75, 8], "texture": "#0"},
				"west": {"uv": [3.5, 6.5, 4, 6.75], "texture": "#0"},
				"up": {"uv": [2.75, 7.5, 2.5, 7], "texture": "#0"},
				"down": {"uv": [3, 7, 2.75, 7.5], "texture": "#0"}
			}
		},
		{
			"from": [5.73141, 9.16223, 5.85899],
			"to": [10.25541, 9.49211, 6.80149],
			"rotation": {"angle": 0, "axis": "y", "origin": [7.99341, 9.16233, 8.93903]},
			"faces": {
				"north": {"uv": [6.75, 0.5, 7.5, 0.75], "texture": "#0"},
				"east": {"uv": [7.75, 2.5, 8, 2.75], "texture": "#0"},
				"south": {"uv": [1.25, 6.75, 2, 7], "texture": "#0"},
				"west": {"uv": [2.75, 7.75, 3, 8], "texture": "#0"},
				"up": {"uv": [6.75, 2.25, 6, 2], "texture": "#0"},
				"down": {"uv": [4.5, 6, 3.75, 6.25], "texture": "#0"}
			}
		},
		{
			"from": [6.24979, 7.49746, 5.55019],
			"to": [9.73704, 8.20434, 6.68119],
			"rotation": {"angle": 22.5, "axis": "x", "origin": [7.99341, 9.16233, 8.93903]},
			"faces": {
				"north": {"uv": [8.75, 0.5, 8.5, 0.75], "texture": "#0"},
				"east": {"uv": [8, 0.25, 8.75, 0.75], "texture": "#0"},
				"south": {"uv": [8.75, 0.25, 8, 0.75], "texture": "#0"},
				"west": {"uv": [8.75, 0.25, 8, 0.75], "texture": "#0"},
				"up": {"uv": [8.75, 0.25, 8, 0.75], "texture": "#0"},
				"down": {"uv": [8.75, 0.25, 8.625, 0.75], "texture": "#0"}
			}
		},
		{
			"from": [6.67391, 6.17796, 5.69157],
			"to": [9.31291, 6.55496, 9.60294],
			"rotation": {"angle": 22.5, "axis": "x", "origin": [7.99341, 9.35083, 8.93903]},
			"faces": {
				"east": {"uv": [5.75, 6.75, 6.25, 7], "texture": "#0"},
				"west": {"uv": [6.75, 5.75, 7.25, 6], "texture": "#0"}
			}
		},
		{
			"from": [6.86241, 6.17796, 3.94794],
			"to": [9.12441, 6.55496, 5.36169],
			"rotation": {"angle": 22.5, "axis": "x", "origin": [7.99341, 9.35083, 8.93903]},
			"faces": {
				"north": {"uv": [1.5, 7.25, 2, 7.5], "texture": "#0"},
				"east": {"uv": [0.25, 7.75, 0.5, 8], "texture": "#0"},
				"west": {"uv": [0.5, 7.75, 0.75, 8], "texture": "#0"}
			}
		},
		{
			"from": [9.50141, 6.17796, 5.69157],
			"to": [6.86241, 6.55496, 9.60294],
			"rotation": {"angle": 22.5, "axis": "x", "origin": [7.99341, 9.35083, 8.93903]},
			"faces": {
				"east": {"uv": [5.75, 6.75, 6.25, 7], "texture": "#0"},
				"west": {"uv": [6.75, 5.75, 7.25, 6], "texture": "#0"}
			}
		},
		{
			"from": [9.12441, 6.17796, 3.94794],
			"to": [6.86241, 6.55496, 5.36169],
			"rotation": {"angle": 22.5, "axis": "x", "origin": [7.99341, 9.35083, 8.93903]},
			"faces": {
				"north": {"uv": [1.5, 7.25, 2, 7.5], "texture": "#0"},
				"east": {"uv": [0.25, 7.75, 0.5, 8], "texture": "#0"},
				"west": {"uv": [0.5, 7.75, 0.75, 8], "texture": "#0"}
			}
		},
		{
			"from": [6.10841, 5.84809, 6.53982],
			"to": [6.39116, 6.55496, 6.86969],
			"rotation": {"angle": 22.5, "axis": "x", "origin": [7.99341, 9.35083, 8.93903]},
			"faces": {
				"north": {"uv": [7, 0, 6.75, 0.25], "texture": "#0"},
				"east": {"uv": [7, 0, 6.75, 0.25], "texture": "#0"},
				"south": {"uv": [7, 0, 6.75, 0.25], "texture": "#0"},
				"west": {"uv": [7, 0, 6.75, 0.25], "texture": "#0"},
				"up": {"uv": [7, 0, 6.75, 0.25], "texture": "#0"},
				"down": {"uv": [7, 0, 6.75, 0.25], "texture": "#0"}
			}
		},
		{
			"from": [9.59566, 5.84809, 6.53982],
			"to": [9.87841, 6.55496, 6.86969],
			"rotation": {"angle": 22.5, "axis": "x", "origin": [7.99341, 9.35083, 8.93903]},
			"faces": {
				"north": {"uv": [6.75, 0, 7, 0.25], "texture": "#0"},
				"east": {"uv": [6.75, 0, 7, 0.25], "texture": "#0"},
				"south": {"uv": [6.75, 0, 7, 0.25], "texture": "#0"},
				"west": {"uv": [6.75, 0, 7, 0.25], "texture": "#0"},
				"up": {"uv": [6.75, 0, 7, 0.25], "texture": "#0"},
				"down": {"uv": [6.75, 0, 7, 0.25], "texture": "#0"}
			}
		},
		{
			"from": [9.31291, 5.84809, 5.59732],
			"to": [9.50141, 6.55496, 5.83294],
			"rotation": {"angle": 22.5, "axis": "x", "origin": [7.99341, 9.35083, 8.93903]},
			"faces": {
				"north": {"uv": [6.75, 0, 7, 0.25], "texture": "#0"},
				"east": {"uv": [6.75, 0, 7, 0.25], "texture": "#0"},
				"south": {"uv": [6.75, 0, 7, 0.25], "texture": "#0"},
				"west": {"uv": [6.75, 0, 7, 0.25], "texture": "#0"},
				"up": {"uv": [6.75, 0, 7, 0.25], "texture": "#0"},
				"down": {"uv": [6.75, 0, 7, 0.25], "texture": "#0"}
			}
		},
		{
			"from": [6.48541, 5.84809, 5.59732],
			"to": [6.67391, 6.55496, 5.83294],
			"rotation": {"angle": 22.5, "axis": "x", "origin": [7.99341, 9.35083, 8.93903]},
			"faces": {
				"north": {"uv": [7, 0, 6.75, 0.25], "texture": "#0"},
				"east": {"uv": [7, 0, 6.75, 0.25], "texture": "#0"},
				"south": {"uv": [7, 0, 6.75, 0.25], "texture": "#0"},
				"west": {"uv": [7, 0, 6.75, 0.25], "texture": "#0"},
				"up": {"uv": [7, 0, 6.75, 0.25], "texture": "#0"},
				"down": {"uv": [7, 0, 6.75, 0.25], "texture": "#0"}
			}
		},
		{
			"from": [7.11123, 11.25852, 5.53197],
			"to": [8.87559, 13.15483, 12.73644],
			"rotation": {"angle": -22.5, "axis": "x", "origin": [7.99341, 11.51139, 12.22821]},
			"faces": {
				"north": {"uv": [4, 2.25, 4.25, 2.5], "texture": "#0"},
				"east": {"uv": [4, 0.5, 5, 0.75], "texture": "#0"},
				"south": {"uv": [3, 4.25, 3.25, 4.5], "texture": "#0"},
				"west": {"uv": [4, 0.75, 5, 1], "texture": "#0"},
				"up": {"uv": [1.75, 4.75, 1.5, 3.75], "texture": "#0"},
				"down": {"uv": [2, 3.75, 1.75, 4.75], "texture": "#0"}
			}
		},
		{
			"from": [7.50331, 12.6308, 3.63189],
			"to": [8.48351, 13.82966, 11.5602],
			"rotation": {"angle": -22.5, "axis": "x", "origin": [7.99341, 11.51139, 12.22821]},
			"faces": {
				"north": {"uv": [7, 3.75, 7.25, 4], "texture": "#0"},
				"east": {"uv": [2, 4, 3.25, 4.25], "texture": "#0"},
				"south": {"uv": [4, 7, 4.25, 7.25], "texture": "#0"},
				"west": {"uv": [4, 2, 5.25, 2.25], "texture": "#0"},
				"up": {"uv": [1.75, 6.5, 1.5, 5.25], "texture": "#0"},
				"down": {"uv": [2, 5.25, 1.75, 6.5], "texture": "#0"}
			}
		},
		{
			"from": [7.50331, 13.10495, 11.12405],
			"to": [8.48351, 14.27365, 16.43975],
			"rotation": {"angle": -22.5, "axis": "x", "origin": [7.99341, 13.38254, 15.69366]},
			"faces": {
				"north": {"uv": [7.5, 2.25, 7.75, 2.5], "texture": "#0"},
				"east": {"uv": [4.75, 5.75, 5.5, 6], "texture": "#0"},
				"south": {"uv": [2.5, 7.5, 2.75, 7.75], "texture": "#0"},
				"west": {"uv": [5.5, 5.75, 6.25, 6], "texture": "#0"},
				"up": {"uv": [3, 6.5, 2.75, 5.75], "texture": "#0"},
				"down": {"uv": [6.25, 0, 6, 0.75], "texture": "#0"}
			}
		},
		{
			"from": [7.69935, 13.53667, 16.10698],
			"to": [8.28747, 14.12479, 19.04758],
			"rotation": {"angle": 0, "axis": "y", "origin": [7.99341, 13.38254, 15.69366]},
			"faces": {
				"north": {"uv": [7.75, 6.75, 8, 7], "texture": "#0"},
				"east": {"uv": [7, 4, 7.5, 4.25], "texture": "#0"},
				"south": {"uv": [7, 7.75, 7.25, 8], "texture": "#0"},
				"west": {"uv": [4.25, 7, 4.75, 7.25], "texture": "#0"},
				"up": {"uv": [7.25, 5, 7, 4.5], "texture": "#0"},
				"down": {"uv": [5, 7, 4.75, 7.5], "texture": "#0"}
			}
		},
		{
			"from": [7.20925, 8.81159, 10.6598],
			"to": [8.77757, 10.13486, 16.0509],
			"rotation": {"angle": 0, "axis": "y", "origin": [7.99341, 9.35083, 8.93903]},
			"faces": {
				"north": {"uv": [3.5, 6.75, 3.75, 7], "texture": "#0"},
				"east": {"uv": [5.25, 1, 6, 1.25], "texture": "#0"},
				"south": {"uv": [3.75, 6.75, 4, 7], "texture": "#0"},
				"west": {"uv": [5.25, 1.25, 6, 1.5], "texture": "#0"},
				"up": {"uv": [5.5, 4.25, 5.25, 3.5], "texture": "#0"},
				"down": {"uv": [4.25, 5.25, 4, 6], "texture": "#0"}
			}
		},
		{
			"from": [7.50331, 6.22827, 15.10011],
			"to": [8.48351, 7.20847, 17.74665],
			"rotation": {"angle": -22.5, "axis": "x", "origin": [7.99341, 9.35083, 8.93903]},
			"faces": {
				"north": {"uv": [7.5, 2.5, 7.75, 2.75], "texture": "#0"},
				"east": {"uv": [6.5, 3.5, 7, 3.75], "texture": "#0"},
				"south": {"uv": [2.75, 7.5, 3, 7.75], "texture": "#0"},
				"west": {"uv": [6.5, 3.75, 7, 4], "texture": "#0"},
				"up": {"uv": [4.25, 7, 4, 6.5], "texture": "#0"},
				"down": {"uv": [4.5, 6.5, 4.25, 7], "texture": "#0"}
			}
		},
		{
			"from": [7.69935, 6.37075, 17.51014],
			"to": [8.28747, 6.95887, 19.43284],
			"rotation": {"angle": -22.5, "axis": "x", "origin": [7.99341, 9.35083, 8.93903]},
			"faces": {
				"north": {"uv": [7.75, 7, 8, 7.25], "texture": "#0"},
				"east": {"uv": [3, 7.5, 3.25, 7.75], "texture": "#0"},
				"south": {"uv": [7.25, 7.75, 7.5, 8], "texture": "#0"},
				"west": {"uv": [3.25, 7.5, 3.5, 7.75], "texture": "#0"},
				"up": {"uv": [7.75, 3.5, 7.5, 3.25], "texture": "#0"},
				"down": {"uv": [3.75, 7.5, 3.5, 7.75], "texture": "#0"}
			}
		},
		{
			"from": [5.25248, 8.09332, 6.63853],
			"to": [6.38348, 9.22432, 10.03153],
			"rotation": {"angle": -22.5, "axis": "y", "origin": [5.10645, 8.18757, 8.75058]},
			"faces": {
				"north": {"uv": [7.5, 3.5, 7.75, 3.75], "texture": "#0"},
				"east": {"uv": [6.25, 4.5, 6.75, 4.75], "texture": "#0"},
				"south": {"uv": [3.75, 7.5, 4, 7.75], "texture": "#0"},
				"west": {"uv": [5, 6.25, 5.5, 6.5], "texture": "#0"},
				"up": {"uv": [6.5, 5.75, 6.25, 5.25], "texture": "#0"},
				"down": {"uv": [5.75, 6.25, 5.5, 6.75], "texture": "#0"}
			}
		},
		{
			"from": [5.41277, 8.28182, 9.76377],
			"to": [6.07252, 9.03582, 12.30852],
			"rotation": {"angle": -22.5, "axis": "y", "origin": [5.10645, 8.18757, 8.75058]},
			"faces": {
				"north": {"uv": [7.75, 2.75, 8, 3], "texture": "#0"},
				"east": {"uv": [2, 6.75, 2.5, 7], "texture": "#0"},
				"south": {"uv": [3, 7.75, 3.25, 8], "texture": "#0"},
				"west": {"uv": [6.75, 2, 7.25, 2.25], "texture": "#0"},
				"up": {"uv": [1.25, 7.75, 1, 7.25], "texture": "#0"},
				"down": {"uv": [7.5, 2.25, 7.25, 2.75], "texture": "#0"}
			}
		},
		{
			"from": [4.94409, 9.50707, 5.43706],
			"to": [8.33709, 10.44957, 6.75656],
			"rotation": {"angle": 22.5, "axis": "y", "origin": [6.54634, 9.97832, 6.94506]},
			"faces": {
				"north": {"uv": [5.75, 6.25, 6.25, 6.5], "texture": "#0"},
				"east": {"uv": [5, 7, 5.25, 7.25], "texture": "#0"},
				"south": {"uv": [6.25, 5.75, 6.75, 6], "texture": "#0"},
				"west": {"uv": [7, 5, 7.25, 5.25], "texture": "#0"},
				"up": {"uv": [6.5, 1.25, 6, 1], "texture": "#0"},
				"down": {"uv": [6.5, 1.25, 6, 1.5], "texture": "#0"}
			}
		},
		{
			"from": [5.98999, 9.17719, 5.47274],
			"to": [8.81749, 10.16682, 6.13249],
			"rotation": {"angle": 45, "axis": "y", "origin": [6.27274, 9.78982, 6.03824]},
			"faces": {
				"north": {"uv": [6.5, 4, 7, 4.25], "texture": "#0"},
				"east": {"uv": [7.75, 3, 8, 3.25], "texture": "#0"},
				"south": {"uv": [4.5, 6.5, 5, 6.75], "texture": "#0"},
				"west": {"uv": [3.25, 7.75, 3.5, 8], "texture": "#0"},
				"up": {"uv": [5.75, 7.25, 5.25, 7], "texture": "#0"},
				"down": {"uv": [7.5, 5.25, 7, 5.5], "texture": "#0"}
			}
		},
		{
			"from": [2.26711, 9.69557, 5.09574],
			"to": [4.85899, 10.26107, 5.89686],
			"rotation": {"angle": 45, "axis": "y", "origin": [6.27274, 9.97832, 6.03824]},
			"faces": {
				"north": {"uv": [7.25, 2.75, 7.75, 3], "texture": "#0"},
				"east": {"uv": [7.75, 3.25, 8, 3.5], "texture": "#0"},
				"south": {"uv": [3, 7.25, 3.5, 7.5], "texture": "#0"},
				"west": {"uv": [3.5, 7.75, 3.75, 8], "texture": "#0"},
				"up": {"uv": [7.25, 2.5, 6.75, 2.25], "texture": "#0"},
				"down": {"uv": [3, 6.75, 2.5, 7], "texture": "#0"}
			}
		},
		{
			"from": [4.96132, 7.21828, 5.84165],
			"to": [5.6682, 8.0194, 6.78415],
			"rotation": {"angle": 0, "axis": "y", "origin": [5.52682, 8.11365, 6.64278]},
			"faces": {
				"north": {"uv": [7.75, 3.5, 8, 3.75], "texture": "#0"},
				"east": {"uv": [7.5, 4, 7.75, 4.25], "texture": "#0"},
				"south": {"uv": [3.75, 7.75, 4, 8], "texture": "#0"},
				"west": {"uv": [7.5, 4.25, 7.75, 4.5], "texture": "#0"},
				"up": {"uv": [8, 4, 7.75, 3.75], "texture": "#0"},
				"down": {"uv": [4.25, 7.75, 4, 8], "texture": "#0"}
			}
		},
		{
			"from": [4.9142, 7.4539, 5.7474],
			"to": [6.75207, 8.0194, 6.59565],
			"rotation": {"angle": 22.5, "axis": "z", "origin": [5.52682, 8.11365, 6.64278]},
			"faces": {
				"north": {"uv": [7.5, 4.5, 7.75, 4.75], "texture": "#0"},
				"east": {"uv": [7.75, 4, 8, 4.25], "texture": "#0"},
				"south": {"uv": [4.75, 7.5, 5, 7.75], "texture": "#0"},
				"west": {"uv": [4.25, 7.75, 4.5, 8], "texture": "#0"},
				"up": {"uv": [7, 6.5, 6.75, 6.25], "texture": "#0"},
				"down": {"uv": [7, 6.5, 6.75, 6.75], "texture": "#0"}
			}
		},
		{
			"from": [4.98982, 7.30805, 6.36003],
			"to": [5.60245, 7.87355, 8.81053],
			"rotation": {"angle": 22.5, "axis": "x", "origin": [5.93232, 7.87355, 6.26578]},
			"faces": {
				"north": {"uv": [7.75, 7.25, 8, 7.5], "texture": "#0"},
				"east": {"uv": [7.25, 3, 7.75, 3.25], "texture": "#0"},
				"south": {"uv": [7.5, 7.75, 7.75, 8], "texture": "#0"},
				"west": {"uv": [3.5, 7.25, 4, 7.5], "texture": "#0"},
				"up": {"uv": [4.25, 7.75, 4, 7.25], "texture": "#0"},
				"down": {"uv": [4.5, 7.25, 4.25, 7.75], "texture": "#0"}
			}
		},
		{
			"from": [9.60335, 8.09332, 6.63853],
			"to": [10.73435, 9.22432, 10.03153],
			"rotation": {"angle": 22.5, "axis": "y", "origin": [10.88037, 8.18757, 8.75058]},
			"faces": {
				"north": {"uv": [7.75, 3.5, 7.5, 3.75], "texture": "#0"},
				"east": {"uv": [5.5, 6.25, 5, 6.5], "texture": "#0"},
				"south": {"uv": [4, 7.5, 3.75, 7.75], "texture": "#0"},
				"west": {"uv": [6.75, 4.5, 6.25, 4.75], "texture": "#0"},
				"up": {"uv": [6.25, 5.75, 6.5, 5.25], "texture": "#0"},
				"down": {"uv": [5.5, 6.25, 5.75, 6.75], "texture": "#0"}
			}
		},
		{
			"from": [9.91431, 8.28182, 9.76377],
			"to": [10.57406, 9.03582, 12.30852],
			"rotation": {"angle": 22.5, "axis": "y", "origin": [10.88037, 8.18757, 8.75058]},
			"faces": {
				"north": {"uv": [8, 2.75, 7.75, 3], "texture": "#0"},
				"east": {"uv": [7.25, 2, 6.75, 2.25], "texture": "#0"},
				"south": {"uv": [3.25, 7.75, 3, 8], "texture": "#0"},
				"west": {"uv": [2.5, 6.75, 2, 7], "texture": "#0"},
				"up": {"uv": [1, 7.75, 1.25, 7.25], "texture": "#0"},
				"down": {"uv": [7.25, 2.25, 7.5, 2.75], "texture": "#0"}
			}
		},
		{
			"from": [7.64974, 9.50707, 5.43706],
			"to": [11.04274, 10.44957, 6.75656],
			"rotation": {"angle": -22.5, "axis": "y", "origin": [9.44049, 9.97832, 6.94506]},
			"faces": {
				"north": {"uv": [6.25, 6.25, 5.75, 6.5], "texture": "#0"},
				"east": {"uv": [7.25, 5, 7, 5.25], "texture": "#0"},
				"south": {"uv": [6.75, 5.75, 6.25, 6], "texture": "#0"},
				"west": {"uv": [5.25, 7, 5, 7.25], "texture": "#0"},
				"up": {"uv": [6, 1.25, 6.5, 1], "texture": "#0"},
				"down": {"uv": [6, 1.25, 6.5, 1.5], "texture": "#0"}
			}
		},
		{
			"from": [7.16934, 9.17719, 5.47274],
			"to": [9.99684, 10.16682, 6.13249],
			"rotation": {"angle": -45, "axis": "y", "origin": [9.71409, 9.78982, 6.03824]},
			"faces": {
				"north": {"uv": [7, 4, 6.5, 4.25], "texture": "#0"},
				"east": {"uv": [3.5, 7.75, 3.25, 8], "texture": "#0"},
				"south": {"uv": [5, 6.5, 4.5, 6.75], "texture": "#0"},
				"west": {"uv": [8, 3, 7.75, 3.25], "texture": "#0"},
				"up": {"uv": [5.25, 7.25, 5.75, 7], "texture": "#0"},
				"down": {"uv": [7, 5.25, 7.5, 5.5], "texture": "#0"}
			}
		},
		{
			"from": [11.12784, 9.69557, 5.09574],
			"to": [13.71971, 10.26107, 5.89686],
			"rotation": {"angle": -45, "axis": "y", "origin": [9.71409, 9.97832, 6.03824]},
			"faces": {
				"north": {"uv": [7.75, 2.75, 7.25, 3], "texture": "#0"},
				"east": {"uv": [3.75, 7.75, 3.5, 8], "texture": "#0"},
				"south": {"uv": [3.5, 7.25, 3, 7.5], "texture": "#0"},
				"west": {"uv": [8, 3.25, 7.75, 3.5], "texture": "#0"},
				"up": {"uv": [6.75, 2.5, 7.25, 2.25], "texture": "#0"},
				"down": {"uv": [2.5, 6.75, 3, 7], "texture": "#0"}
			}
		},
		{
			"from": [10.31863, 7.21828, 5.84165],
			"to": [11.0255, 8.0194, 6.78415],
			"rotation": {"angle": 0, "axis": "y", "origin": [10.46, 8.11365, 6.64278]},
			"faces": {
				"north": {"uv": [8, 3.5, 7.75, 3.75], "texture": "#0"},
				"east": {"uv": [7.75, 4.25, 7.5, 4.5], "texture": "#0"},
				"south": {"uv": [4, 7.75, 3.75, 8], "texture": "#0"},
				"west": {"uv": [7.75, 4, 7.5, 4.25], "texture": "#0"},
				"up": {"uv": [7.75, 4, 8, 3.75], "texture": "#0"},
				"down": {"uv": [4, 7.75, 4.25, 8], "texture": "#0"}
			}
		},
		{
			"from": [9.23475, 7.4539, 5.7474],
			"to": [11.07263, 8.0194, 6.59565],
			"rotation": {"angle": -22.5, "axis": "z", "origin": [10.46, 8.11365, 6.64278]},
			"faces": {
				"north": {"uv": [7.75, 4.5, 7.5, 4.75], "texture": "#0"},
				"east": {"uv": [4.5, 7.75, 4.25, 8], "texture": "#0"},
				"south": {"uv": [5, 7.5, 4.75, 7.75], "texture": "#0"},
				"west": {"uv": [8, 4, 7.75, 4.25], "texture": "#0"},
				"up": {"uv": [6.75, 6.5, 7, 6.25], "texture": "#0"},
				"down": {"uv": [6.75, 6.5, 7, 6.75], "texture": "#0"}
			}
		},
		{
			"from": [10.38438, 7.30805, 6.36003],
			"to": [10.99701, 7.87355, 8.81053],
			"rotation": {"angle": 22.5, "axis": "x", "origin": [10.05451, 7.87355, 6.26578]},
			"faces": {
				"north": {"uv": [8, 7.25, 7.75, 7.5], "texture": "#0"},
				"east": {"uv": [4, 7.25, 3.5, 7.5], "texture": "#0"},
				"south": {"uv": [7.75, 7.75, 7.5, 8], "texture": "#0"},
				"west": {"uv": [7.75, 3, 7.25, 3.25], "texture": "#0"},
				"up": {"uv": [4, 7.75, 4.25, 7.25], "texture": "#0"},
				"down": {"uv": [4.25, 7.25, 4.5, 7.75], "texture": "#0"}
			}
		},
		{
			"from": [9.48964, 6.47007, 10.07149],
			"to": [6.61835, 9.55838, 16.48426],
			"rotation": {"angle": -45, "axis": "x", "origin": [8.01855, 8.36691, 11.02907]},
			"faces": {
				"north": {"uv": [0, 0, 0, 0], "rotation": 90, "texture": "#0"},
				"east": {"uv": [8, 0.75, 9.3125, 1.5], "rotation": 90, "texture": "#0"},
				"west": {"uv": [8, 0.75, 9.3125, 1.5], "rotation": 90, "texture": "#0"},
				"up": {"uv": [8, 0.75, 9.3125, 1.5], "rotation": 180, "texture": "#0"},
				"down": {"uv": [8, 0.75, 9.3125, 1.5], "texture": "#0"}
			}
		},
		{
			"from": [6.56518, 6.47007, 10.07149],
			"to": [9.43647, 9.55838, 16.48426],
			"rotation": {"angle": -45, "axis": "x", "origin": [8.01855, 8.36691, 11.02907]},
			"faces": {
				"north": {"uv": [0, 0, 0, 0], "rotation": 90, "texture": "#0"},
				"east": {"uv": [8, 0.75, 9.3125, 1.5], "rotation": 90, "texture": "#0"},
				"west": {"uv": [8, 0.75, 9.3125, 1.5], "rotation": 90, "texture": "#0"},
				"up": {"uv": [8, 0.75, 9.3125, 1.5], "rotation": 180, "texture": "#0"},
				"down": {"uv": [8, 0.75, 9.3125, 1.5], "texture": "#0"}
			}
		},
		{
			"from": [6.72469, 6.72048, 10.07149],
			"to": [9.27695, 9.30798, 14.95741],
			"rotation": {"angle": -45, "axis": "x", "origin": [8.01855, 8.36691, 11.02907]},
			"faces": {
				"north": {"uv": [3.0625, 1.0625, 4.375, 1.8125], "texture": "#0"},
				"east": {"uv": [3.0625, 1.0625, 4.375, 1.8125], "texture": "#0"},
				"south": {"uv": [3.0625, 1.0625, 4.375, 1.8125], "texture": "#0"},
				"west": {"uv": [3.0625, 1.0625, 4.375, 1.8125], "texture": "#0"},
				"up": {"uv": [3.0625, 1.0625, 4.375, 1.8125], "texture": "#0"},
				"down": {"uv": [3.0625, 1.0625, 4.375, 1.8125], "texture": "#0"}
			}
		},
		{
			"from": [8.54193, 2.94938, 7.89778],
			"to": [10.42693, 7.66188, 10.15978],
			"rotation": {"angle": 22.5, "axis": "z", "origin": [10.80393, 7.85038, 7.61503]},
			"faces": {
				"north": {"uv": [8, 0.75, 9.3125, 1.5], "texture": "#0"},
				"east": {"uv": [8.5625, 0.75, 9.3125, 1.5], "texture": "#0"},
				"south": {"uv": [8, 0.75, 9.3125, 1.5], "texture": "#0"},
				"west": {"uv": [8, 0.75, 9.3125, 1.5], "texture": "#0"},
				"up": {"uv": [0, 0, 0, 0], "texture": "#0"}
			}
		},
		{
			"from": [8.66179, 4.18226, 7.96846],
			"to": [10.41484, 7.48101, 10.06081],
			"rotation": {"angle": 22.5, "axis": "z", "origin": [10.78241, 7.79203, 7.62916]},
			"faces": {
				"north": {"uv": [2.625, 1.75, 3.9375, 2.5], "texture": "#0"},
				"east": {"uv": [2.625, 1.75, 3.9375, 2.5], "texture": "#0"},
				"south": {"uv": [2.625, 1.75, 3.9375, 2.5], "texture": "#0"},
				"west": {"uv": [2.625, 1.75, 3.9375, 2.5], "texture": "#0"},
				"up": {"uv": [2.625, 1.75, 3.9375, 2.5], "texture": "#0"},
				"down": {"uv": [2.625, 1.75, 3.9375, 2.5], "texture": "#0"}
			}
		},
		{
			"from": [5.5599, 2.94938, 7.89778],
			"to": [7.4449, 7.66188, 10.15978],
			"rotation": {"angle": -22.5, "axis": "z", "origin": [5.1829, 7.85038, 7.61503]},
			"faces": {
				"north": {"uv": [9.3125, 0.75, 8, 1.5], "texture": "#0"},
				"east": {"uv": [9.3125, 0.75, 8, 1.5], "texture": "#0"},
				"south": {"uv": [9.3125, 0.75, 8, 1.5], "texture": "#0"},
				"west": {"uv": [9.3125, 0.75, 8, 1.5], "texture": "#0"},
				"up": {"uv": [0, 0, 0, 0], "texture": "#0"}
			}
		},
		{
			"from": [5.57199, 4.18226, 7.96846],
			"to": [7.32504, 7.48101, 10.06081],
			"rotation": {"angle": -22.5, "axis": "z", "origin": [5.20442, 7.79203, 7.62916]},
			"faces": {
				"north": {"uv": [3.9375, 1.75, 2.625, 2.5], "texture": "#0"},
				"east": {"uv": [3.9375, 1.75, 2.625, 2.5], "texture": "#0"},
				"south": {"uv": [3.9375, 1.75, 2.625, 2.5], "texture": "#0"},
				"west": {"uv": [3.9375, 1.75, 2.625, 2.5], "texture": "#0"},
				"up": {"uv": [3.9375, 1.75, 2.625, 2.5], "texture": "#0"},
				"down": {"uv": [3.9375, 1.75, 2.625, 2.5], "texture": "#0"}
			}
		},
		{
			"from": [10.63241, 4.57984, 8.47122],
			"to": [5.54291, 8.06709, 14.88022],
			"rotation": {"angle": 22.5, "axis": "x", "origin": [7.99341, 6.70047, 11.11022]},
			"faces": {
				"north": {"uv": [0, 0, 0, 0], "rotation": 90, "texture": "#0"},
				"east": {"uv": [8, 0.75, 9.3125, 1.5], "rotation": 90, "texture": "#0"},
				"west": {"uv": [8, 0.75, 9.3125, 1.5], "rotation": 90, "texture": "#0"},
				"up": {"uv": [8, 0.75, 9.3125, 1.5], "rotation": 180, "texture": "#0"},
				"down": {"uv": [8, 0.75, 9.3125, 1.5], "texture": "#0"}
			}
		},
		{
			"from": [5.44866, 4.57984, 8.47122],
			"to": [10.53816, 8.06709, 14.88022],
			"rotation": {"angle": 22.5, "axis": "x", "origin": [7.99341, 6.70047, 11.11022]},
			"faces": {
				"north": {"uv": [0, 0, 0, 0], "rotation": 90, "texture": "#0"},
				"east": {"uv": [8, 0.75, 9.3125, 1.5], "rotation": 90, "texture": "#0"},
				"west": {"uv": [8, 0.75, 9.3125, 1.5], "rotation": 90, "texture": "#0"},
				"up": {"uv": [8, 0.75, 9.3125, 1.5], "rotation": 180, "texture": "#0"},
				"down": {"uv": [8, 0.75, 9.3125, 1.5], "texture": "#0"}
			}
		},
		{
			"from": [5.73141, 4.86259, 8.47122],
			"to": [10.25541, 7.78434, 13.46647],
			"rotation": {"angle": 22.5, "axis": "x", "origin": [7.99341, 6.70047, 11.11022]},
			"faces": {
				"north": {"uv": [3.0625, 1.0625, 4.375, 1.8125], "texture": "#0"},
				"east": {"uv": [3.0625, 1.0625, 4.375, 1.8125], "texture": "#0"},
				"south": {"uv": [3.0625, 1.0625, 4.375, 1.8125], "texture": "#0"},
				"west": {"uv": [3.0625, 1.0625, 4.375, 1.8125], "texture": "#0"},
				"up": {"uv": [3.0625, 1.0625, 4.375, 1.8125], "texture": "#0"},
				"down": {"uv": [3.0625, 1.0625, 4.375, 1.8125], "texture": "#0"}
			}
		},
		{
			"from": [10.26735, 6.83855, 8.30183],
			"to": [5.89038, 10.3258, 14.23958],
			"rotation": {"angle": 0, "axis": "y", "origin": [8.02483, 6.22593, 11.27071]},
			"faces": {
				"east": {"uv": [8, 0.75, 9.3125, 1.5], "rotation": 90, "texture": "#0"},
				"west": {"uv": [8, 0.75, 9.3125, 1.5], "rotation": 90, "texture": "#0"},
				"up": {"uv": [8, 0.75, 9.3125, 1.5], "rotation": 180, "texture": "#0"},
				"down": {"uv": [8, 0.75, 9.3125, 1.5], "texture": "#0"}
			}
		},
		{
			"from": [5.80933, 6.83855, 8.30183],
			"to": [10.1863, 10.3258, 14.23958],
			"rotation": {"angle": 0, "axis": "y", "origin": [8.02483, 6.22593, 11.27071]},
			"faces": {
				"east": {"uv": [8, 0.75, 9.3125, 1.5], "rotation": 90, "texture": "#0"},
				"west": {"uv": [8, 0.75, 9.3125, 1.5], "rotation": 90, "texture": "#0"},
				"up": {"uv": [8, 0.75, 9.3125, 1.5], "rotation": 180, "texture": "#0"},
				"down": {"uv": [8, 0.75, 9.3125, 1.5], "texture": "#0"}
			}
		},
		{
			"from": [6.05249, 7.1213, 8.30183],
			"to": [9.94313, 10.04305, 12.82583],
			"rotation": {"angle": 0, "axis": "y", "origin": [8.02483, 6.22593, 11.27071]},
			"faces": {
				"north": {"uv": [3.0625, 1.0625, 4.375, 1.8125], "texture": "#0"},
				"east": {"uv": [3.0625, 1.0625, 4.375, 1.8125], "texture": "#0"},
				"south": {"uv": [3.0625, 1.0625, 4.375, 1.8125], "texture": "#0"},
				"west": {"uv": [3.0625, 1.0625, 4.375, 1.8125], "texture": "#0"},
				"up": {"uv": [3.0625, 1.0625, 4.375, 1.8125], "texture": "#0"},
				"down": {"uv": [3.0625, 1.0625, 4.375, 1.8125], "texture": "#0"}
			}
		},
		{
			"from": [9.8637, 8.48793, 7.31221],
			"to": [6.27458, 11.97518, 13.24996],
			"rotation": {"angle": -22.5, "axis": "x", "origin": [8.02483, 8.58218, 11.03508]},
			"faces": {
				"north": {"uv": [0, 0, 0, 0], "rotation": 90, "texture": "#0"},
				"east": {"uv": [8, 0.75, 9.3125, 1.5], "rotation": 90, "texture": "#0"},
				"west": {"uv": [8, 0.75, 9.3125, 1.5], "rotation": 90, "texture": "#0"},
				"up": {"uv": [8, 0.75, 9.3125, 1.5], "rotation": 180, "texture": "#0"},
				"down": {"uv": [8, 0.75, 9.3125, 1.5], "texture": "#0"}
			}
		},
		{
			"from": [6.20812, 8.48793, 7.31221],
			"to": [9.79723, 11.97518, 13.24996],
			"rotation": {"angle": -22.5, "axis": "x", "origin": [8.02483, 8.58218, 11.03508]},
			"faces": {
				"north": {"uv": [0, 0, 0, 0], "rotation": 90, "texture": "#0"},
				"east": {"uv": [8, 0.75, 9.3125, 1.5], "rotation": 90, "texture": "#0"},
				"west": {"uv": [8, 0.75, 9.3125, 1.5], "rotation": 90, "texture": "#0"},
				"up": {"uv": [8, 0.75, 9.3125, 1.5], "rotation": 180, "texture": "#0"},
				"down": {"uv": [8, 0.75, 9.3125, 1.5], "texture": "#0"}
			}
		},
		{
			"from": [6.40751, 8.77068, 7.31221],
			"to": [9.59784, 11.69243, 11.83621],
			"rotation": {"angle": -22.5, "axis": "x", "origin": [8.02483, 8.58218, 11.03508]},
			"faces": {
				"north": {"uv": [3.0625, 1.0625, 4.375, 1.8125], "texture": "#0"},
				"east": {"uv": [3.0625, 1.0625, 4.375, 1.8125], "texture": "#0"},
				"south": {"uv": [3.0625, 1.0625, 4.375, 1.8125], "texture": "#0"},
				"west": {"uv": [3.0625, 1.0625, 4.375, 1.8125], "texture": "#0"},
				"up": {"uv": [3.0625, 1.0625, 4.375, 1.8125], "texture": "#0"},
				"down": {"uv": [3.0625, 1.0625, 4.375, 1.8125], "texture": "#0"}
			}
		},
		{
			"from": [11.7487, 5.18918, 9.19721],
			"to": [9.10216, 8.67643, 15.13496],
			"rotation": {"angle": 45, "axis": "y", "origin": [8.02483, 8.58218, 11.03508]},
			"faces": {
				"north": {"uv": [0, 0, 0, 0], "rotation": 90, "texture": "#0"},
				"east": {"uv": [8, 0.75, 9.3125, 1.5], "rotation": 90, "texture": "#0"},
				"west": {"uv": [8, 0.75, 9.3125, 1.5], "rotation": 90, "texture": "#0"},
				"up": {"uv": [8, 0.75, 9.3125, 1.5], "rotation": 180, "texture": "#0"},
				"down": {"uv": [8, 0.75, 9.3125, 1.5], "texture": "#0"}
			}
		},
		{
			"from": [9.03562, 5.37768, 9.66846],
			"to": [11.68223, 8.48793, 15.13496],
			"rotation": {"angle": 45, "axis": "y", "origin": [8.02483, 8.58218, 11.03508]},
			"faces": {
				"east": {"uv": [8, 0.75, 9.3125, 1.5], "rotation": 90, "texture": "#0"},
				"west": {"uv": [8, 0.75, 9.3125, 1.5], "rotation": 90, "texture": "#0"},
				"up": {"uv": [8, 0.75, 9.3125, 1.5], "rotation": 180, "texture": "#0"},
				"down": {"uv": [8, 0.75, 9.3125, 1.5], "texture": "#0"}
			}
		},
		{
			"from": [9.23501, 5.84893, 9.66846],
			"to": [11.48284, 8.01668, 13.72121],
			"rotation": {"angle": 45, "axis": "y", "origin": [8.02483, 8.58218, 11.03508]},
			"faces": {
				"north": {"uv": [3.0625, 1.0625, 4.375, 1.8125], "texture": "#0"},
				"east": {"uv": [3.0625, 1.0625, 4.375, 1.8125], "texture": "#0"},
				"south": {"uv": [3.0625, 1.0625, 4.375, 1.8125], "texture": "#0"},
				"west": {"uv": [3.0625, 1.0625, 4.375, 1.8125], "texture": "#0"},
				"up": {"uv": [3.0625, 1.0625, 4.375, 1.8125], "texture": "#0"},
				"down": {"uv": [3.0625, 1.0625, 4.375, 1.8125], "texture": "#0"}
			}
		},
		{
			"from": [6.88467, 5.18918, 9.19721],
			"to": [4.23813, 8.67643, 15.13496],
			"rotation": {"angle": -45, "axis": "y", "origin": [7.962, 8.58218, 11.03508]},
			"faces": {
				"north": {"uv": [0, 0, 0, 0], "rotation": 90, "texture": "#0"},
				"east": {"uv": [8, 1.5, 9.3125, 0.75], "rotation": 90, "texture": "#0"},
				"west": {"uv": [8, 1.5, 9.3125, 0.75], "rotation": 90, "texture": "#0"},
				"up": {"uv": [9.3125, 0.75, 8, 1.5], "rotation": 180, "texture": "#0"},
				"down": {"uv": [9.3125, 0.75, 8, 1.5], "texture": "#0"}
			}
		},
		{
			"from": [4.30459, 5.37768, 9.66846],
			"to": [6.95121, 8.48793, 15.13496],
			"rotation": {"angle": -45, "axis": "y", "origin": [7.962, 8.58218, 11.03508]},
			"faces": {
				"east": {"uv": [8, 1.5, 9.3125, 0.75], "rotation": 90, "texture": "#0"},
				"west": {"uv": [8, 1.5, 9.3125, 0.75], "rotation": 90, "texture": "#0"},
				"up": {"uv": [9.3125, 0.75, 8, 1.5], "rotation": 180, "texture": "#0"},
				"down": {"uv": [9.3125, 0.75, 8, 1.5], "texture": "#0"}
			}
		},
		{
			"from": [4.50399, 5.84893, 9.66846],
			"to": [6.75181, 8.01668, 13.72121],
			"rotation": {"angle": -45, "axis": "y", "origin": [7.962, 8.58218, 11.03508]},
			"faces": {
				"north": {"uv": [4.375, 1.0625, 3.0625, 1.8125], "texture": "#0"},
				"east": {"uv": [4.375, 1.0625, 3.0625, 1.8125], "texture": "#0"},
				"south": {"uv": [4.375, 1.0625, 3.0625, 1.8125], "texture": "#0"},
				"west": {"uv": [4.375, 1.0625, 3.0625, 1.8125], "texture": "#0"},
				"up": {"uv": [4.375, 1.0625, 3.0625, 1.8125], "texture": "#0"},
				"down": {"uv": [4.375, 1.0625, 3.0625, 1.8125], "texture": "#0"}
			}
		}
	],
	"display": {
		"head": {
			"rotation": [-22.5, 0, 0],
			"translation": [0, -3.75, -9],
			"scale": [4, 4, 4]
		}
	},
	"groups": [
		{
			"name": "root",
			"origin": [8, 8, 8],
			"color": 0,
			"children": [
				{
					"name": "head",
					"origin": [8, 8, 8],
					"color": 0,
					"children": [
						{
							"name": "upper",
							"origin": [8, 8, 8],
							"color": 0,
							"children": [
								0,
								1,
								2,
								3,
								4,
								5,
								6,
								7,
								8,
								9,
								10,
								11,
								12,
								{
									"name": "tooth",
									"origin": [9.5, 9.1, -12.25],
									"color": 0,
									"children": [13, 14, 15, 16, 17, 18, 19, 20]
								},
								{
									"name": "horne",
									"origin": [8, 8, 8],
									"color": 0,
									"children": [
										{
											"name": "group",
											"origin": [8, 8, 8],
											"color": 2,
											"children": [21, 22, 23, 24]
										},
										{
											"name": "group",
											"origin": [8, 8, 8],
											"color": 0,
											"children": [25, 26, 27]
										}
									]
								},
								{
									"name": "l",
									"origin": [8, 8, 8],
									"color": 0,
									"children": [
										{
											"name": "group",
											"origin": [7.08717, 9.4161, -12.94109],
											"color": 0,
											"children": [28, 29]
										},
										{
											"name": "group",
											"origin": [7.08717, 9.4161, -12.94109],
											"color": 0,
											"children": [30, 31, 32]
										},
										{
											"name": "group",
											"origin": [6.76217, 8.05492, -12.71128],
											"color": 0,
											"children": [33, 34, 35]
										}
									]
								},
								{
									"name": "r",
									"origin": [8, 8, 8],
									"color": 0,
									"children": [
										{
											"name": "group",
											"origin": [7.08717, 9.4161, -12.94109],
											"color": 0,
											"children": [36, 37]
										},
										{
											"name": "group",
											"origin": [7.08717, 9.4161, -12.94109],
											"color": 0,
											"children": [38, 39, 40]
										},
										{
											"name": "group",
											"origin": [6.76217, 8.05492, -12.71128],
											"color": 0,
											"children": [41, 42, 43]
										}
									]
								},
								{
									"name": "k",
									"origin": [8, 8, 8],
									"color": 0,
									"children": [
										{
											"name": "group",
											"origin": [8, 7.42719, -9.60039],
											"color": 0,
											"children": [44, 45, 46]
										},
										{
											"name": "group",
											"origin": [9.47957, 8.00627, -11.4471],
											"color": 0,
											"children": [47, 48, 49, 50]
										},
										{
											"name": "group",
											"origin": [8, 7.42719, -9.60039],
											"color": 0,
											"children": [51, 52, 53]
										},
										{
											"name": "group",
											"origin": [8, 7.42719, -9.60039],
											"color": 0,
											"children": [54, 55, 56]
										},
										{
											"name": "group",
											"origin": [8, 7.42719, -9.60039],
											"color": 0,
											"children": [57, 58, 59]
										},
										{
											"name": "group",
											"origin": [8, 7.42719, -9.60039],
											"color": 0,
											"children": [60, 61, 62]
										},
										{
											"name": "group",
											"origin": [8, 7.42719, -9.60039],
											"color": 0,
											"children": [63, 64, 65]
										}
									]
								}
							]
						}
					]
				}
			]
		}
	]
}