{
	"credit": "Made with Blockbench",
	"texture_size": [64, 64],
	"textures": {
		"0": "bell/head",
		"particle": "bell/head"
	},
	"elements": [
		{
			"from": [5.63716, 4.28798, 6.12682],
			"to": [10.34966, 6.17298, 8.01182],
			"rotation": {"angle": 0, "axis": "y", "origin": [7.99341, 6.09944, 5.63187]},
			"faces": {
				"north": {"uv": [4.75, 1.75, 5.5, 2], "texture": "#0"},
				"east": {"uv": [4.75, 3, 5, 3.25], "texture": "#0"},
				"south": {"uv": [4.75, 2.25, 5.5, 2.5], "texture": "#0"},
				"west": {"uv": [6, 5.25, 6.25, 5.5], "texture": "#0"},
				"up": {"uv": [5.5, 2.75, 4.75, 2.5], "texture": "#0"},
				"down": {"uv": [5.5, 2.75, 4.75, 3], "texture": "#0"}
			}
		},
		{
			"from": [6.29691, 4.28798, 4.24182],
			"to": [9.68991, 6.17298, 6.12682],
			"rotation": {"angle": 0, "axis": "y", "origin": [7.99341, 6.09944, 5.63187]},
			"faces": {
				"north": {"uv": [5.5, 4, 6, 4.25], "texture": "#0"},
				"east": {"uv": [5.5, 6, 5.75, 6.25], "texture": "#0"},
				"south": {"uv": [4.75, 5.5, 5.25, 5.75], "texture": "#0"},
				"west": {"uv": [5.75, 6, 6, 6.25], "texture": "#0"},
				"up": {"uv": [6, 5.25, 5.5, 5], "texture": "#0"},
				"down": {"uv": [5.75, 5.5, 5.25, 5.75], "texture": "#0"}
			}
		},
		{
			"from": [6.57966, 4.75923, 2.35682],
			"to": [9.40716, 6.17298, 4.24182],
			"rotation": {"angle": 0, "axis": "y", "origin": [7.99341, 6.09944, 5.63187]},
			"faces": {
				"north": {"uv": [5, 6, 5.5, 6.25], "texture": "#0"},
				"east": {"uv": [6, 6.5, 6.25, 6.75], "texture": "#0"},
				"south": {"uv": [6, 5, 6.5, 5.25], "texture": "#0"},
				"west": {"uv": [6.5, 6, 6.75, 6.25], "texture": "#0"},
				"up": {"uv": [6.25, 4.5, 5.75, 4.25], "texture": "#0"},
				"down": {"uv": [6.25, 4.5, 5.75, 4.75], "texture": "#0"}
			}
		},
		{
			"from": [7.52216, 3.22525, 2.70563],
			"to": [8.46466, 4.639, 4.02513],
			"rotation": {"angle": 22.5, "axis": "x", "origin": [7.99341, 6.09944, 5.63187]},
			"faces": {
				"north": {"uv": [6.5, 7, 6.75, 7.25], "texture": "#0"},
				"east": {"uv": [6.75, 4.5, 7, 4.75], "texture": "#0"},
				"south": {"uv": [7, 6.5, 7.25, 6.75], "texture": "#0"},
				"west": {"uv": [6.75, 5, 7, 5.25], "texture": "#0"},
				"up": {"uv": [7, 7.25, 6.75, 7], "texture": "#0"},
				"down": {"uv": [7.25, 6.75, 7, 7], "texture": "#0"}
			}
		},
		{
			"from": [7.71066, 1.23036, 4.11565],
			"to": [8.27616, 3.11536, 4.86965],
			"rotation": {"angle": 45, "axis": "x", "origin": [7.99341, 6.09944, 5.63187]},
			"faces": {
				"north": {"uv": [5.75, 7.5, 6, 7.75], "texture": "#0"},
				"east": {"uv": [7, 0, 7.25, 0.25], "texture": "#0"},
				"south": {"uv": [7.5, 5.75, 7.75, 6], "texture": "#0"},
				"west": {"uv": [0.25, 7, 0.5, 7.25], "texture": "#0"},
				"up": {"uv": [8, 6, 7.75, 5.75], "texture": "#0"},
				"down": {"uv": [6.25, 7.75, 6, 8], "texture": "#0"}
			}
		},
		{
			"from": [6.34404, 5.54653, 5.67066],
			"to": [6.43829, 8.46828, 8.94066],
			"rotation": {"angle": 0, "axis": "y", "origin": [7.99341, 6.09944, 5.63187]},
			"faces": {
				"north": {"uv": [7, 7, 7.25, 7.5], "texture": "#0"},
				"east": {"uv": [2.5, 4.25, 3, 4.75], "texture": "#0"},
				"south": {"uv": [0, 7.25, 0.25, 7.75], "texture": "#0"},
				"west": {"uv": [4.25, 2.75, 4.75, 3.25], "texture": "#0"},
				"up": {"uv": [0.75, 7.5, 0.5, 7], "texture": "#0"},
				"down": {"uv": [7.25, 0.75, 7, 1.25], "texture": "#0"}
			}
		},
		{
			"from": [9.54854, 5.54653, 5.67066],
			"to": [9.64279, 8.46828, 8.94066],
			"rotation": {"angle": 0, "axis": "y", "origin": [7.99341, 6.09944, 5.63187]},
			"faces": {
				"north": {"uv": [0.25, 7.25, 0.5, 7.75], "texture": "#0"},
				"east": {"uv": [4.5, 0, 5, 0.5], "texture": "#0"},
				"south": {"uv": [0.75, 7.25, 1, 7.75], "texture": "#0"},
				"west": {"uv": [3, 4.5, 3.5, 5], "texture": "#0"},
				"up": {"uv": [1.5, 7.5, 1.25, 7], "texture": "#0"},
				"down": {"uv": [7.25, 1.25, 7, 1.75], "texture": "#0"}
			}
		},
		{
			"from": [7.05091, 6.00067, 6.78178],
			"to": [8.93591, 6.66042, 9.74428],
			"rotation": {"angle": 0, "axis": "y", "origin": [7.99341, 6.09944, 5.63187]},
			"faces": {
				"north": {"uv": [6.25, 7.5, 6.5, 7.75], "texture": "#0"},
				"east": {"uv": [6.75, 4.25, 7.5, 4.5], "texture": "#0"},
				"south": {"uv": [7.5, 6.25, 7.75, 6.5], "texture": "#0"},
				"west": {"uv": [4.5, 6.75, 5.25, 7], "texture": "#0"},
				"up": {"uv": [2.75, 5.5, 2.5, 4.75], "texture": "#0"},
				"down": {"uv": [3, 4.75, 2.75, 5.5], "texture": "#0"}
			}
		},
		{
			"from": [7.23941, 6.95897, 5.04974],
			"to": [8.74741, 7.61872, 6.93474],
			"rotation": {"angle": 22.5, "axis": "x", "origin": [7.99341, 6.89725, 4.42059]},
			"faces": {
				"north": {"uv": [7.75, 1, 8, 1.25], "texture": "#0"},
				"east": {"uv": [6.5, 7.5, 6.75, 7.75], "texture": "#0"},
				"south": {"uv": [1.25, 7.75, 1.5, 8], "texture": "#0"},
				"west": {"uv": [6.75, 7.5, 7, 7.75], "texture": "#0"},
				"up": {"uv": [6.5, 6.75, 6.25, 6.5], "texture": "#0"},
				"down": {"uv": [6.75, 6.5, 6.5, 6.75], "texture": "#0"}
			}
		},
		{
			"from": [7.71066, 6.68721, 2.13521],
			"to": [8.27616, 7.34696, 3.54896],
			"rotation": {"angle": 0, "axis": "x", "origin": [7.99341, 6.89725, 4.42059]},
			"faces": {
				"north": {"uv": [0, 8, 0.25, 8.25], "texture": "#0"},
				"east": {"uv": [7.75, 6.25, 8, 6.5], "texture": "#0"},
				"south": {"uv": [8, 0, 8.25, 0.25], "texture": "#0"},
				"west": {"uv": [6.5, 7.75, 6.75, 8], "texture": "#0"},
				"up": {"uv": [8, 6.75, 7.75, 6.5], "texture": "#0"},
				"down": {"uv": [7, 7.75, 6.75, 8], "texture": "#0"}
			}
		},
		{
			"from": [7.52216, 6.68721, 3.54896],
			"to": [8.46466, 7.34696, 5.24546],
			"rotation": {"angle": 0, "axis": "x", "origin": [7.99341, 6.89725, 4.42059]},
			"faces": {
				"north": {"uv": [7.75, 6, 8, 6.25], "texture": "#0"},
				"east": {"uv": [7.75, 1.25, 8, 1.5], "texture": "#0"},
				"south": {"uv": [6.25, 7.75, 6.5, 8], "texture": "#0"},
				"west": {"uv": [1.5, 7.75, 1.75, 8], "texture": "#0"},
				"up": {"uv": [7.5, 0.25, 7.25, 0], "texture": "#0"},
				"down": {"uv": [7.5, 0.75, 7.25, 1], "texture": "#0"}
			}
		},
		{
			"from": [7.05091, 6.08371, 3.19394],
			"to": [8.93591, 6.46071, 4.60769],
			"rotation": {"angle": 0, "axis": "y", "origin": [7.99341, 6.09944, 5.63187]},
			"faces": {
				"north": {"uv": [6.8125, 5.875, 7.1875, 6], "texture": "#0"},
				"east": {"uv": [6.8125, 5.875, 7.1875, 6], "texture": "#0"},
				"west": {"uv": [6.8125, 5.875, 7.1875, 6], "texture": "#0"}
			}
		},
		{
			"from": [8.93591, 6.08371, 3.19394],
			"to": [7.05091, 6.46071, 4.60769],
			"rotation": {"angle": 0, "axis": "y", "origin": [7.99341, 6.09944, 5.63187]},
			"faces": {
				"north": {"uv": [6.8125, 5.875, 7.1875, 6], "texture": "#0"},
				"east": {"uv": [6.8125, 5.875, 7.1875, 6], "texture": "#0"},
				"west": {"uv": [6.8125, 5.875, 7.1875, 6], "texture": "#0"}
			}
		},
		{
			"from": [6.86241, 6.08371, 4.89044],
			"to": [9.12441, 6.46071, 7.15244],
			"rotation": {"angle": 0, "axis": "y", "origin": [7.99341, 6.09944, 5.63187]},
			"faces": {
				"east": {"uv": [6.75, 5.75, 7.1875, 6], "texture": "#0"},
				"west": {"uv": [6.75, 5.75, 7.1875, 6], "texture": "#0"}
			}
		},
		{
			"from": [9.12441, 6.08371, 4.89044],
			"to": [6.86241, 6.46071, 7.15244],
			"rotation": {"angle": 0, "axis": "y", "origin": [7.99341, 6.09944, 5.63187]},
			"faces": {
				"east": {"uv": [6.75, 5.75, 7.1875, 6], "texture": "#0"},
				"west": {"uv": [6.75, 5.75, 7.1875, 6], "texture": "#0"}
			}
		},
		{
			"from": [6.86241, 6.08371, 7.43519],
			"to": [9.12441, 6.46071, 9.69719],
			"rotation": {"angle": 0, "axis": "y", "origin": [7.99341, 6.09944, 5.63187]},
			"faces": {
				"east": {"uv": [6.75, 6, 7.1875, 5.75], "texture": "#0"},
				"west": {"uv": [6.75, 6, 7.1875, 5.75], "texture": "#0"}
			}
		},
		{
			"from": [9.12441, 6.08371, 7.43519],
			"to": [6.86241, 6.46071, 9.69719],
			"rotation": {"angle": 0, "axis": "y", "origin": [7.99341, 6.09944, 5.63187]},
			"faces": {
				"east": {"uv": [6.75, 6, 7.1875, 5.75], "texture": "#0"},
				"west": {"uv": [6.75, 6, 7.1875, 5.75], "texture": "#0"}
			}
		}
	],
	"display": {
		"head": {
			"translation": [0, -4, 3.25],
			"scale": [4, 4, 4]
		}
	},
	"groups": [
		{
			"name": "root",
			"origin": [8, 8, 8],
			"color": 0,
			"children": [
				{
					"name": "head",
					"origin": [8, 8, 8],
					"color": 0,
					"children": [
						{
							"name": "lower",
							"origin": [8, 8, 8],
							"color": 0,
							"children": [
								0,
								1,
								2,
								3,
								4,
								5,
								6,
								{
									"name": "group",
									"origin": [8, 7.10834, -12.50667],
									"color": 0,
									"children": [7, 8, 9, 10]
								},
								{
									"name": "tooth",
									"origin": [9.5, 9.1, -12.25],
									"color": 0,
									"children": [11, 12, 13, 14, 15, 16]
								}
							]
						}
					]
				}
			]
		}
	]
}