{
	"credit": "Made with Blockbench",
	"texture_size": [64, 64],
	"textures": {
		"0": "bell/head",
		"particle": "bell/head"
	},
	"elements": [
		{
			"from": [6.52978, 3.92221, 9.72288],
			"to": [9.64003, 6.41041, 14.52963],
			"rotation": {"angle": -22.5, "axis": "x", "origin": [8.08491, 5.16631, 12.83313]},
			"faces": {
				"north": {"uv": [5.8125, 4.5, 6.1875, 4.375], "rotation": 90, "texture": "#0"},
				"east": {"uv": [5.8125, 4.5, 6.1875, 4.375], "rotation": 90, "texture": "#0"},
				"south": {"uv": [5.8125, 4.5, 6.1875, 4.375], "rotation": 90, "texture": "#0"},
				"west": {"uv": [5.8125, 4.5, 6.1875, 4.375], "rotation": 90, "texture": "#0"},
				"up": {"uv": [5.8125, 4.5, 6.1875, 4.375], "rotation": 90, "texture": "#0"},
				"down": {"uv": [5.8125, 4.5, 6.1875, 4.375], "rotation": 90, "texture": "#0"}
			}
		},
		{
			"from": [6.90678, 3.66907, 11.5298],
			"to": [9.26303, 12.24582, 14.018],
			"rotation": {"angle": 22.5, "axis": "x", "origin": [8.08491, 8.89994, 12.7739]},
			"faces": {
				"north": {"uv": [6.1875, 4.375, 5.8125, 4.5], "rotation": 180, "texture": "#0"},
				"east": {"uv": [6.1875, 4.375, 5.8125, 4.5], "rotation": 180, "texture": "#0"},
				"south": {"uv": [6.1875, 4.375, 5.8125, 4.5], "rotation": 180, "texture": "#0"},
				"west": {"uv": [6.1875, 4.375, 5.8125, 4.5], "rotation": 180, "texture": "#0"},
				"up": {"uv": [6.1875, 4.375, 5.8125, 4.5], "rotation": 180, "texture": "#0"},
				"down": {"uv": [6.1875, 4.375, 5.8125, 4.5], "rotation": 180, "texture": "#0"}
			}
		},
		{
			"from": [5.75693, 2.97613, 6.80753],
			"to": [10.41288, 5.27583, 10.38903],
			"rotation": {"angle": 0, "axis": "y", "origin": [23.32513, 2.16558, -18.22527]},
			"faces": {
				"north": {"uv": [5.8125, 4.5, 6.1875, 4.375], "rotation": 90, "texture": "#0"},
				"east": {"uv": [5.8125, 4.5, 6.1875, 4.375], "rotation": 90, "texture": "#0"},
				"south": {"uv": [5.8125, 4.5, 6.1875, 4.375], "rotation": 90, "texture": "#0"},
				"west": {"uv": [5.8125, 4.5, 6.1875, 4.375], "rotation": 90, "texture": "#0"},
				"up": {"uv": [5.8125, 4.5, 6.1875, 4.375], "rotation": 90, "texture": "#0"},
				"down": {"uv": [5.8125, 4.5, 6.1875, 4.375], "rotation": 90, "texture": "#0"}
			}
		},
		{
			"from": [7.28246, 3.86765, 4.7958],
			"to": [8.88735, 5.84954, 7.90605],
			"rotation": {"angle": 22.5, "axis": "x", "origin": [8.08491, 4.52014, 4.99782]},
			"faces": {
				"north": {"uv": [5.8125, 4.5, 6.1875, 4.375], "rotation": 90, "texture": "#0"},
				"east": {"uv": [5.8125, 4.5, 6.1875, 4.375], "rotation": 90, "texture": "#0"},
				"south": {"uv": [5.8125, 4.5, 6.1875, 4.375], "rotation": 90, "texture": "#0"},
				"west": {"uv": [5.8125, 4.5, 6.1875, 4.375], "rotation": 90, "texture": "#0"},
				"up": {"uv": [5.8125, 4.5, 6.1875, 4.375], "rotation": 90, "texture": "#0"},
				"down": {"uv": [5.8125, 4.5, 6.1875, 4.375], "rotation": 90, "texture": "#0"}
			}
		},
		{
			"from": [7.49645, 4.02165, 3.51455],
			"to": [8.67337, 5.4342, 5.6823],
			"rotation": {"angle": 0, "axis": "y", "origin": [8.08491, 4.69151, 4.14451]},
			"faces": {
				"north": {"uv": [5.5, 3.5625, 5.25, 3.9375], "texture": "#0"},
				"east": {"uv": [5.5, 3.5625, 5.25, 3.9375], "texture": "#0"},
				"south": {"uv": [5.5, 3.5625, 5.25, 3.9375], "texture": "#0"},
				"west": {"uv": [5.5, 3.5625, 5.25, 3.9375], "texture": "#0"},
				"up": {"uv": [5.5, 3.5625, 5.25, 3.9375], "texture": "#0"},
				"down": {"uv": [5.5, 3.5625, 5.25, 3.9375], "texture": "#0"}
			}
		},
		{
			"from": [7.65856, 3.98207, 2.09432],
			"to": [8.51126, 5.07039, 3.9322],
			"rotation": {"angle": -45, "axis": "x", "origin": [8.08491, 4.65752, 3.40035]},
			"faces": {
				"north": {"uv": [5.5, 3.5625, 5.25, 3.9375], "texture": "#0"},
				"east": {"uv": [5.5, 3.5625, 5.25, 3.9375], "texture": "#0"},
				"south": {"uv": [5.5, 3.5625, 5.25, 3.9375], "texture": "#0"},
				"west": {"uv": [5.5, 3.5625, 5.25, 3.9375], "texture": "#0"},
				"up": {"uv": [5.5, 3.5625, 5.25, 3.9375], "texture": "#0"},
				"down": {"uv": [5.5, 3.5625, 5.25, 3.9375], "texture": "#0"}
			}
		},
		{
			"from": [9.61802, 3.50747, 2.42755],
			"to": [10.47071, 4.59579, 4.26542],
			"rotation": {"angle": -45, "axis": "x", "origin": [8.08491, 4.65752, 3.40035]},
			"faces": {
				"north": {"uv": [5.5, 3.5625, 5.25, 3.9375], "texture": "#0"},
				"east": {"uv": [5.5, 3.5625, 5.25, 3.9375], "texture": "#0"},
				"south": {"uv": [5.5, 3.5625, 5.25, 3.9375], "texture": "#0"},
				"west": {"uv": [5.5, 3.5625, 5.25, 3.9375], "texture": "#0"},
				"up": {"uv": [5.5, 3.5625, 5.25, 3.9375], "texture": "#0"},
				"down": {"uv": [5.5, 3.5625, 5.25, 3.9375], "texture": "#0"}
			}
		},
		{
			"from": [5.6991, 3.50747, 2.42755],
			"to": [6.5518, 4.59579, 4.26542],
			"rotation": {"angle": -45, "axis": "x", "origin": [8.08491, 4.65752, 3.40035]},
			"faces": {
				"north": {"uv": [5.5, 3.5625, 5.25, 3.9375], "texture": "#0"},
				"east": {"uv": [5.5, 3.5625, 5.25, 3.9375], "texture": "#0"},
				"south": {"uv": [5.5, 3.5625, 5.25, 3.9375], "texture": "#0"},
				"west": {"uv": [5.5, 3.5625, 5.25, 3.9375], "texture": "#0"},
				"up": {"uv": [5.5, 3.5625, 5.25, 3.9375], "texture": "#0"},
				"down": {"uv": [5.5, 3.5625, 5.25, 3.9375], "texture": "#0"}
			}
		},
		{
			"from": [9.23381, 3.86765, 5.26705],
			"to": [10.8387, 5.66104, 8.3773],
			"rotation": {"angle": 22.5, "axis": "x", "origin": [7.89641, 4.52014, 5.46907]},
			"faces": {
				"north": {"uv": [5.8125, 4.5, 6.1875, 4.375], "rotation": 90, "texture": "#0"},
				"east": {"uv": [5.8125, 4.5, 6.1875, 4.375], "rotation": 90, "texture": "#0"},
				"south": {"uv": [5.8125, 4.5, 6.1875, 4.375], "rotation": 90, "texture": "#0"},
				"west": {"uv": [5.8125, 4.5, 6.1875, 4.375], "rotation": 90, "texture": "#0"},
				"up": {"uv": [5.8125, 4.5, 6.1875, 4.375], "rotation": 90, "texture": "#0"},
				"down": {"uv": [5.8125, 4.5, 6.1875, 4.375], "rotation": 90, "texture": "#0"}
			}
		},
		{
			"from": [9.4478, 3.84131, 3.94993],
			"to": [10.62472, 5.25386, 6.11768],
			"rotation": {"angle": 0, "axis": "y", "origin": [8.08491, 4.69151, 4.14451]},
			"faces": {
				"north": {"uv": [5.5, 3.5625, 5.25, 3.9375], "texture": "#0"},
				"east": {"uv": [5.5, 3.5625, 5.25, 3.9375], "texture": "#0"},
				"south": {"uv": [5.5, 3.5625, 5.25, 3.9375], "texture": "#0"},
				"west": {"uv": [5.5, 3.5625, 5.25, 3.9375], "texture": "#0"},
				"up": {"uv": [5.5, 3.5625, 5.25, 3.9375], "texture": "#0"},
				"down": {"uv": [5.5, 3.5625, 5.25, 3.9375], "texture": "#0"}
			}
		},
		{
			"from": [5.33111, 3.86765, 5.26705],
			"to": [6.936, 5.66104, 8.3773],
			"rotation": {"angle": 22.5, "axis": "x", "origin": [8.27341, 4.52014, 5.46907]},
			"faces": {
				"north": {"uv": [5.8125, 4.5, 6.1875, 4.375], "rotation": 90, "texture": "#0"},
				"east": {"uv": [5.8125, 4.5, 6.1875, 4.375], "rotation": 90, "texture": "#0"},
				"south": {"uv": [5.8125, 4.5, 6.1875, 4.375], "rotation": 90, "texture": "#0"},
				"west": {"uv": [5.8125, 4.5, 6.1875, 4.375], "rotation": 90, "texture": "#0"},
				"up": {"uv": [5.8125, 4.5, 6.1875, 4.375], "rotation": 90, "texture": "#0"},
				"down": {"uv": [5.8125, 4.5, 6.1875, 4.375], "rotation": 90, "texture": "#0"}
			}
		},
		{
			"from": [5.5451, 3.84131, 3.94993],
			"to": [6.72201, 5.25386, 6.11768],
			"rotation": {"angle": 0, "axis": "y", "origin": [8.08491, 4.69151, 4.14451]},
			"faces": {
				"north": {"uv": [5.5, 3.5625, 5.25, 3.9375], "texture": "#0"},
				"east": {"uv": [5.5, 3.5625, 5.25, 3.9375], "texture": "#0"},
				"south": {"uv": [5.5, 3.5625, 5.25, 3.9375], "texture": "#0"},
				"west": {"uv": [5.5, 3.5625, 5.25, 3.9375], "texture": "#0"},
				"up": {"uv": [5.5, 3.5625, 5.25, 3.9375], "texture": "#0"},
				"down": {"uv": [5.5, 3.5625, 5.25, 3.9375], "texture": "#0"}
			}
		},
		{
			"from": [6.50433, 4.00331, 13.52064],
			"to": [8.18387, 5.68285, 16.15964],
			"rotation": {"angle": 0, "axis": "y", "origin": [7.3441, 4.30011, 15.99923]},
			"faces": {
				"north": {"uv": [5.8125, 4.5, 6.1875, 4.375], "rotation": 90, "texture": "#0"},
				"east": {"uv": [5.8125, 4.5, 6.1875, 4.375], "rotation": 90, "texture": "#0"},
				"south": {"uv": [5.8125, 4.5, 6.1875, 4.375], "rotation": 90, "texture": "#0"},
				"west": {"uv": [5.8125, 4.5, 6.1875, 4.375], "rotation": 90, "texture": "#0"},
				"up": {"uv": [5.8125, 4.5, 6.1875, 4.375], "rotation": 90, "texture": "#0"},
				"down": {"uv": [5.8125, 4.5, 6.1875, 4.375], "rotation": 90, "texture": "#0"}
			}
		},
		{
			"from": [6.72827, 3.99373, 15.17203],
			"to": [7.95993, 5.22539, 16.86853],
			"rotation": {"angle": 45, "axis": "x", "origin": [7.3441, 4.30011, 15.99923]},
			"faces": {
				"north": {"uv": [5.25, 3.5625, 5.5, 3.9375], "texture": "#0"},
				"east": {"uv": [5.25, 3.5625, 5.5, 3.9375], "texture": "#0"},
				"south": {"uv": [5.25, 3.5625, 5.5, 3.9375], "texture": "#0"},
				"west": {"uv": [5.25, 3.5625, 5.5, 3.9375], "texture": "#0"},
				"up": {"uv": [5.25, 3.5625, 5.5, 3.9375], "texture": "#0"},
				"down": {"uv": [5.25, 3.5625, 5.5, 3.9375], "texture": "#0"}
			}
		},
		{
			"from": [6.89792, 2.4548, 16.12218],
			"to": [7.79028, 4.05705, 17.01454],
			"rotation": {"angle": -22.5, "axis": "x", "origin": [7.3441, 4.30011, 15.99923]},
			"faces": {
				"north": {"uv": [5.5, 3.9375, 5.25, 3.5625], "rotation": 90, "texture": "#0"},
				"east": {"uv": [5.5, 3.9375, 5.25, 3.5625], "rotation": 90, "texture": "#0"},
				"south": {"uv": [5.5, 3.9375, 5.25, 3.5625], "rotation": 90, "texture": "#0"},
				"west": {"uv": [5.5, 3.9375, 5.25, 3.5625], "rotation": 90, "texture": "#0"},
				"up": {"uv": [5.5, 3.9375, 5.25, 3.5625], "rotation": 90, "texture": "#0"},
				"down": {"uv": [5.5, 3.9375, 5.25, 3.5625], "rotation": 90, "texture": "#0"}
			}
		}
	],
	"display": {
		"head": {
			"translation": [-0.5, -18.25, -22],
			"scale": [4, 4, 4]
		}
	},
	"groups": [
		{
			"name": "root",
			"origin": [8, 8, 8],
			"color": 0,
			"children": [
				{
					"name": "leg_l",
					"origin": [8, 8, 8],
					"color": 0,
					"children": [
						{
							"name": "2",
							"origin": [8, 8, 8],
							"color": 0,
							"children": [0, 1, 2, 3, 4, 5, 6, 7, 8, 9, 10, 11, 12, 13, 14]
						}
					]
				}
			]
		}
	]
}