{
	"credit": "Made with Blockbench",
	"texture_size": [64, 64],
	"textures": {
		"0": "bell/head",
		"particle": "bell/head"
	},
	"elements": [
		{
			"from": [5.9803, 22.07085, 6.0687],
			"to": [9.7126, 23.20185, 9.17895],
			"rotation": {"angle": 22.5, "axis": "x", "origin": [8.12638, 16.33047, 5.58258]},
			"faces": {
				"north": {"uv": [5.125, 4.625, 4.5625, 5.5], "texture": "#0"},
				"east": {"uv": [5.125, 4.625, 4.5625, 5.5], "texture": "#0"},
				"south": {"uv": [5.125, 4.625, 4.5625, 5.5], "texture": "#0"},
				"west": {"uv": [5.125, 4.625, 4.5625, 5.5], "texture": "#0"},
				"up": {"uv": [5.125, 4.625, 4.5625, 5.5], "texture": "#0"},
				"down": {"uv": [5.125, 4.625, 4.5625, 5.5], "texture": "#0"}
			}
		},
		{
			"from": [5.9803, 13.8711, 5.59745],
			"to": [10.33465, 22.07085, 9.9518],
			"rotation": {"angle": 22.5, "axis": "x", "origin": [8.12638, 16.33047, 5.58258]},
			"faces": {
				"north": {"uv": [5.125, 4.625, 4.5625, 5.5], "texture": "#0"},
				"east": {"uv": [5.125, 4.625, 4.5625, 5.5], "texture": "#0"},
				"south": {"uv": [5.125, 4.625, 4.5625, 5.5], "texture": "#0"},
				"west": {"uv": [5.125, 4.625, 4.5625, 5.5], "texture": "#0"},
				"up": {"uv": [5.125, 4.625, 4.5625, 5.5], "texture": "#0"},
				"down": {"uv": [5.125, 4.625, 4.5625, 5.5], "texture": "#0"}
			}
		},
		{
			"from": [6.3196, 10.57235, 6.0687],
			"to": [9.99535, 14.34235, 9.17895],
			"rotation": {"angle": 22.5, "axis": "x", "origin": [8.12638, 16.33047, 5.58258]},
			"faces": {
				"north": {"uv": [5.125, 4.625, 4.5625, 5.5], "texture": "#0"},
				"east": {"uv": [5.125, 4.625, 4.5625, 5.5], "texture": "#0"},
				"south": {"uv": [5.125, 4.625, 4.5625, 5.5], "texture": "#0"},
				"west": {"uv": [5.125, 4.625, 4.5625, 5.5], "texture": "#0"},
				"up": {"uv": [5.125, 4.625, 4.5625, 5.5], "texture": "#0"},
				"down": {"uv": [5.125, 4.625, 4.5625, 5.5], "texture": "#0"}
			}
		},
		{
			"from": [6.60235, 14.34235, 4.35335],
			"to": [9.7126, 20.6571, 6.0687],
			"rotation": {"angle": 22.5, "axis": "x", "origin": [8.12638, 16.33047, 5.58258]},
			"faces": {
				"north": {"uv": [5.125, 4.625, 4.5625, 5.5], "texture": "#0"},
				"east": {"uv": [5.125, 4.625, 4.5625, 5.5], "texture": "#0"},
				"south": {"uv": [5.125, 4.625, 4.5625, 5.5], "texture": "#0"},
				"west": {"uv": [5.125, 4.625, 4.5625, 5.5], "texture": "#0"},
				"up": {"uv": [5.125, 4.625, 4.5625, 5.5], "texture": "#0"},
				"down": {"uv": [5.125, 4.625, 4.5625, 5.5], "texture": "#0"}
			}
		},
		{
			"from": [6.75315, 11.1062, 3.43114],
			"to": [9.5618, 14.4992, 5.14649],
			"rotation": {"angle": 22.5, "axis": "x", "origin": [8.15748, 11.74239, 4.60691]},
			"faces": {
				"north": {"uv": [5.125, 4.625, 4.5625, 5.5], "rotation": 180, "texture": "#0"},
				"east": {"uv": [5.125, 4.625, 4.5625, 5.5], "rotation": 180, "texture": "#0"},
				"south": {"uv": [5.125, 4.625, 4.5625, 5.5], "rotation": 180, "texture": "#0"},
				"west": {"uv": [5.125, 4.625, 4.5625, 5.5], "rotation": 180, "texture": "#0"},
				"up": {"uv": [5.125, 4.625, 4.5625, 5.5], "rotation": 180, "texture": "#0"},
				"down": {"uv": [5.125, 4.625, 4.5625, 5.5], "rotation": 180, "texture": "#0"}
			}
		},
		{
			"from": [7.13015, 9.2212, 3.80814],
			"to": [9.1848, 11.6717, 4.91087],
			"rotation": {"angle": 22.5, "axis": "x", "origin": [8.15748, 11.74239, 4.60691]},
			"faces": {
				"north": {"uv": [5.125, 4.625, 4.5625, 5.5], "texture": "#0"},
				"east": {"uv": [5.125, 4.625, 4.5625, 5.5], "texture": "#0"},
				"south": {"uv": [5.125, 4.625, 4.5625, 5.5], "texture": "#0"},
				"west": {"uv": [5.125, 4.625, 4.5625, 5.5], "texture": "#0"},
				"up": {"uv": [5.125, 4.625, 4.5625, 5.5], "texture": "#0"},
				"down": {"uv": [5.125, 4.625, 4.5625, 5.5], "texture": "#0"}
			}
		}
	],
	"display": {
		"head": {
			"translation": [-0.5, -40.75, 1.25],
			"scale": [4, 4, 4]
		}
	},
	"groups": [
		{
			"name": "root",
			"origin": [8, 8, 8],
			"color": 0,
			"children": [
				{
					"name": "leg_l",
					"origin": [8, 8, 8],
					"color": 0,
					"children": [
						{
							"name": "0",
							"origin": [8, 8, 8],
							"color": 0,
							"children": [
								0,
								1,
								2,
								3,
								{
									"name": "group",
									"origin": [5.525, 4.52639, 3.16746],
									"color": 0,
									"children": []
								},
								{
									"name": "group",
									"origin": [5.525, 4.52639, 3.16746],
									"color": 0,
									"children": []
								},
								{
									"name": "group",
									"origin": [5.525, 4.52639, 3.16746],
									"color": 0,
									"children": [4, 5]
								}
							]
						}
					]
				}
			]
		}
	]
}