{
	"credit": "Made with Blockbench",
	"texture_size": [64, 64],
	"textures": {
		"0": "bell/head",
		"particle": "bell/head"
	},
	"elements": [
		{
			"from": [6.25347, 10.62619, 7.12334],
			"to": [9.43158, 13.47254, 11.11954],
			"rotation": {"angle": 0, "axis": "y", "origin": [7.84252, 9.92874, 9.59269]},
			"faces": {
				"north": {"uv": [5.8125, 4.375, 6.1875, 4.5], "rotation": 270, "texture": "#0"},
				"east": {"uv": [5.8125, 4.375, 6.1875, 4.5], "rotation": 270, "texture": "#0"},
				"south": {"uv": [5.8125, 4.375, 6.1875, 4.5], "rotation": 270, "texture": "#0"},
				"west": {"uv": [5.8125, 4.375, 6.1875, 4.5], "rotation": 270, "texture": "#0"},
				"up": {"uv": [5.8125, 4.375, 6.1875, 4.5], "rotation": 270, "texture": "#0"},
				"down": {"uv": [5.8125, 4.375, 6.1875, 4.5], "rotation": 270, "texture": "#0"}
			}
		},
		{
			"from": [6.53622, 10.15494, 6.18084],
			"to": [9.14883, 12.53004, 13.47579],
			"rotation": {"angle": 0, "axis": "y", "origin": [7.84252, 9.92874, 9.59269]},
			"faces": {
				"north": {"uv": [5.8125, 4.375, 6.1875, 4.5], "rotation": 270, "texture": "#0"},
				"east": {"uv": [5.8125, 4.375, 6.1875, 4.5], "rotation": 270, "texture": "#0"},
				"south": {"uv": [5.8125, 4.375, 6.1875, 4.5], "rotation": 270, "texture": "#0"},
				"west": {"uv": [5.8125, 4.375, 6.1875, 4.5], "rotation": 270, "texture": "#0"},
				"up": {"uv": [5.8125, 4.375, 6.1875, 4.5], "rotation": 270, "texture": "#0"},
				"down": {"uv": [5.8125, 4.375, 6.1875, 4.5], "rotation": 270, "texture": "#0"}
			}
		}
	],
	"display": {
		"head": {
			"translation": [0.5, -21, 2.25],
			"scale": [4, 4, 4]
		}
	},
	"groups": [
		{
			"name": "root",
			"origin": [8, 8, 8],
			"color": 0,
			"children": [
				{
					"name": "leg_l",
					"origin": [8, 8, 8],
					"color": 0,
					"children": [
						{
							"name": "1",
							"origin": [8, 8, 8],
							"color": 0,
							"children": [0, 1]
						}
					]
				}
			]
		}
	]
}