{
	"credit": "Made with Blockbench",
	"texture_size": [64, 64],
	"textures": {
		"0": "bell/head",
		"particle": "bell/head"
	},
	"elements": [
		{
			"from": [6.35997, 3.92221, 9.72288],
			"to": [9.47022, 6.41041, 14.52963],
			"rotation": {"angle": -22.5, "axis": "x", "origin": [7.91509, 5.16631, 12.83313]},
			"faces": {
				"north": {"uv": [5.8125, 4.375, 6.1875, 4.5], "rotation": 90, "texture": "#0"},
				"east": {"uv": [5.8125, 4.375, 6.1875, 4.5], "rotation": 90, "texture": "#0"},
				"south": {"uv": [5.8125, 4.375, 6.1875, 4.5], "rotation": 90, "texture": "#0"},
				"west": {"uv": [5.8125, 4.375, 6.1875, 4.5], "rotation": 90, "texture": "#0"},
				"up": {"uv": [5.8125, 4.375, 6.1875, 4.5], "rotation": 90, "texture": "#0"},
				"down": {"uv": [5.8125, 4.375, 6.1875, 4.5], "rotation": 90, "texture": "#0"}
			}
		},
		{
			"from": [6.73697, 3.66907, 11.5298],
			"to": [9.09322, 12.24582, 14.018],
			"rotation": {"angle": 22.5, "axis": "x", "origin": [7.91509, 8.89994, 12.7739]},
			"faces": {
				"north": {"uv": [5.8125, 4.375, 6.1875, 4.5], "rotation": 180, "texture": "#0"},
				"east": {"uv": [5.8125, 4.375, 6.1875, 4.5], "rotation": 180, "texture": "#0"},
				"south": {"uv": [5.8125, 4.375, 6.1875, 4.5], "rotation": 180, "texture": "#0"},
				"west": {"uv": [5.8125, 4.375, 6.1875, 4.5], "rotation": 180, "texture": "#0"},
				"up": {"uv": [5.8125, 4.375, 6.1875, 4.5], "rotation": 180, "texture": "#0"},
				"down": {"uv": [5.8125, 4.375, 6.1875, 4.5], "rotation": 180, "texture": "#0"}
			}
		},
		{
			"from": [5.58712, 2.97613, 6.80753],
			"to": [10.24307, 5.27583, 10.38903],
			"rotation": {"angle": 0, "axis": "y", "origin": [-7.32513, 2.16558, -18.22527]},
			"faces": {
				"north": {"uv": [5.8125, 4.375, 6.1875, 4.5], "rotation": 90, "texture": "#0"},
				"east": {"uv": [5.8125, 4.375, 6.1875, 4.5], "rotation": 90, "texture": "#0"},
				"south": {"uv": [5.8125, 4.375, 6.1875, 4.5], "rotation": 90, "texture": "#0"},
				"west": {"uv": [5.8125, 4.375, 6.1875, 4.5], "rotation": 90, "texture": "#0"},
				"up": {"uv": [5.8125, 4.375, 6.1875, 4.5], "rotation": 90, "texture": "#0"},
				"down": {"uv": [5.8125, 4.375, 6.1875, 4.5], "rotation": 90, "texture": "#0"}
			}
		},
		{
			"from": [7.11265, 3.86765, 4.7958],
			"to": [8.71754, 5.84954, 7.90605],
			"rotation": {"angle": 22.5, "axis": "x", "origin": [7.91509, 4.52014, 4.99782]},
			"faces": {
				"north": {"uv": [5.8125, 4.375, 6.1875, 4.5], "rotation": 90, "texture": "#0"},
				"east": {"uv": [5.8125, 4.375, 6.1875, 4.5], "rotation": 90, "texture": "#0"},
				"south": {"uv": [5.8125, 4.375, 6.1875, 4.5], "rotation": 90, "texture": "#0"},
				"west": {"uv": [5.8125, 4.375, 6.1875, 4.5], "rotation": 90, "texture": "#0"},
				"up": {"uv": [5.8125, 4.375, 6.1875, 4.5], "rotation": 90, "texture": "#0"},
				"down": {"uv": [5.8125, 4.375, 6.1875, 4.5], "rotation": 90, "texture": "#0"}
			}
		},
		{
			"from": [7.32663, 4.02165, 3.51455],
			"to": [8.50355, 5.4342, 5.6823],
			"rotation": {"angle": 0, "axis": "y", "origin": [7.91509, 4.69151, 4.14451]},
			"faces": {
				"north": {"uv": [5.25, 3.5625, 5.5, 3.9375], "texture": "#0"},
				"east": {"uv": [5.25, 3.5625, 5.5, 3.9375], "texture": "#0"},
				"south": {"uv": [5.25, 3.5625, 5.5, 3.9375], "texture": "#0"},
				"west": {"uv": [5.25, 3.5625, 5.5, 3.9375], "texture": "#0"},
				"up": {"uv": [5.25, 3.5625, 5.5, 3.9375], "texture": "#0"},
				"down": {"uv": [5.25, 3.5625, 5.5, 3.9375], "texture": "#0"}
			}
		},
		{
			"from": [7.48874, 3.98207, 2.09432],
			"to": [8.34144, 5.07039, 3.9322],
			"rotation": {"angle": -45, "axis": "x", "origin": [7.91509, 4.65752, 3.40035]},
			"faces": {
				"north": {"uv": [5.25, 3.5625, 5.5, 3.9375], "texture": "#0"},
				"east": {"uv": [5.25, 3.5625, 5.5, 3.9375], "texture": "#0"},
				"south": {"uv": [5.25, 3.5625, 5.5, 3.9375], "texture": "#0"},
				"west": {"uv": [5.25, 3.5625, 5.5, 3.9375], "texture": "#0"},
				"up": {"uv": [5.25, 3.5625, 5.5, 3.9375], "texture": "#0"},
				"down": {"uv": [5.25, 3.5625, 5.5, 3.9375], "texture": "#0"}
			}
		},
		{
			"from": [5.52929, 3.50747, 2.42755],
			"to": [6.38198, 4.59579, 4.26542],
			"rotation": {"angle": -45, "axis": "x", "origin": [7.91509, 4.65752, 3.40035]},
			"faces": {
				"north": {"uv": [5.25, 3.5625, 5.5, 3.9375], "texture": "#0"},
				"east": {"uv": [5.25, 3.5625, 5.5, 3.9375], "texture": "#0"},
				"south": {"uv": [5.25, 3.5625, 5.5, 3.9375], "texture": "#0"},
				"west": {"uv": [5.25, 3.5625, 5.5, 3.9375], "texture": "#0"},
				"up": {"uv": [5.25, 3.5625, 5.5, 3.9375], "texture": "#0"},
				"down": {"uv": [5.25, 3.5625, 5.5, 3.9375], "texture": "#0"}
			}
		},
		{
			"from": [9.4482, 3.50747, 2.42755],
			"to": [10.3009, 4.59579, 4.26542],
			"rotation": {"angle": -45, "axis": "x", "origin": [7.91509, 4.65752, 3.40035]},
			"faces": {
				"north": {"uv": [5.25, 3.5625, 5.5, 3.9375], "texture": "#0"},
				"east": {"uv": [5.25, 3.5625, 5.5, 3.9375], "texture": "#0"},
				"south": {"uv": [5.25, 3.5625, 5.5, 3.9375], "texture": "#0"},
				"west": {"uv": [5.25, 3.5625, 5.5, 3.9375], "texture": "#0"},
				"up": {"uv": [5.25, 3.5625, 5.5, 3.9375], "texture": "#0"},
				"down": {"uv": [5.25, 3.5625, 5.5, 3.9375], "texture": "#0"}
			}
		},
		{
			"from": [5.1613, 3.86765, 5.26705],
			"to": [6.76619, 5.66104, 8.3773],
			"rotation": {"angle": 22.5, "axis": "x", "origin": [8.10359, 4.52014, 5.46907]},
			"faces": {
				"north": {"uv": [5.8125, 4.375, 6.1875, 4.5], "rotation": 90, "texture": "#0"},
				"east": {"uv": [5.8125, 4.375, 6.1875, 4.5], "rotation": 90, "texture": "#0"},
				"south": {"uv": [5.8125, 4.375, 6.1875, 4.5], "rotation": 90, "texture": "#0"},
				"west": {"uv": [5.8125, 4.375, 6.1875, 4.5], "rotation": 90, "texture": "#0"},
				"up": {"uv": [5.8125, 4.375, 6.1875, 4.5], "rotation": 90, "texture": "#0"},
				"down": {"uv": [5.8125, 4.375, 6.1875, 4.5], "rotation": 90, "texture": "#0"}
			}
		},
		{
			"from": [5.37528, 3.84131, 3.94993],
			"to": [6.5522, 5.25386, 6.11768],
			"rotation": {"angle": 0, "axis": "y", "origin": [7.91509, 4.69151, 4.14451]},
			"faces": {
				"north": {"uv": [5.25, 3.5625, 5.5, 3.9375], "texture": "#0"},
				"east": {"uv": [5.25, 3.5625, 5.5, 3.9375], "texture": "#0"},
				"south": {"uv": [5.25, 3.5625, 5.5, 3.9375], "texture": "#0"},
				"west": {"uv": [5.25, 3.5625, 5.5, 3.9375], "texture": "#0"},
				"up": {"uv": [5.25, 3.5625, 5.5, 3.9375], "texture": "#0"},
				"down": {"uv": [5.25, 3.5625, 5.5, 3.9375], "texture": "#0"}
			}
		},
		{
			"from": [9.064, 3.86765, 5.26705],
			"to": [10.66889, 5.66104, 8.3773],
			"rotation": {"angle": 22.5, "axis": "x", "origin": [7.72659, 4.52014, 5.46907]},
			"faces": {
				"north": {"uv": [5.8125, 4.375, 6.1875, 4.5], "rotation": 90, "texture": "#0"},
				"east": {"uv": [5.8125, 4.375, 6.1875, 4.5], "rotation": 90, "texture": "#0"},
				"south": {"uv": [5.8125, 4.375, 6.1875, 4.5], "rotation": 90, "texture": "#0"},
				"west": {"uv": [5.8125, 4.375, 6.1875, 4.5], "rotation": 90, "texture": "#0"},
				"up": {"uv": [5.8125, 4.375, 6.1875, 4.5], "rotation": 90, "texture": "#0"},
				"down": {"uv": [5.8125, 4.375, 6.1875, 4.5], "rotation": 90, "texture": "#0"}
			}
		},
		{
			"from": [9.27799, 3.84131, 3.94993],
			"to": [10.4549, 5.25386, 6.11768],
			"rotation": {"angle": 0, "axis": "y", "origin": [7.91509, 4.69151, 4.14451]},
			"faces": {
				"north": {"uv": [5.25, 3.5625, 5.5, 3.9375], "texture": "#0"},
				"east": {"uv": [5.25, 3.5625, 5.5, 3.9375], "texture": "#0"},
				"south": {"uv": [5.25, 3.5625, 5.5, 3.9375], "texture": "#0"},
				"west": {"uv": [5.25, 3.5625, 5.5, 3.9375], "texture": "#0"},
				"up": {"uv": [5.25, 3.5625, 5.5, 3.9375], "texture": "#0"},
				"down": {"uv": [5.25, 3.5625, 5.5, 3.9375], "texture": "#0"}
			}
		},
		{
			"from": [7.81613, 4.00331, 13.52064],
			"to": [9.49567, 5.68285, 16.15964],
			"rotation": {"angle": 0, "axis": "y", "origin": [8.6559, 4.30011, 15.99923]},
			"faces": {
				"north": {"uv": [5.8125, 4.375, 6.1875, 4.5], "rotation": 90, "texture": "#0"},
				"east": {"uv": [5.8125, 4.375, 6.1875, 4.5], "rotation": 90, "texture": "#0"},
				"south": {"uv": [5.8125, 4.375, 6.1875, 4.5], "rotation": 90, "texture": "#0"},
				"west": {"uv": [5.8125, 4.375, 6.1875, 4.5], "rotation": 90, "texture": "#0"},
				"up": {"uv": [5.8125, 4.375, 6.1875, 4.5], "rotation": 90, "texture": "#0"},
				"down": {"uv": [5.8125, 4.375, 6.1875, 4.5], "rotation": 90, "texture": "#0"}
			}
		},
		{
			"from": [8.04007, 3.99373, 15.17203],
			"to": [9.27173, 5.22539, 16.86853],
			"rotation": {"angle": 45, "axis": "x", "origin": [8.6559, 4.30011, 15.99923]},
			"faces": {
				"north": {"uv": [5.5, 3.5625, 5.25, 3.9375], "texture": "#0"},
				"east": {"uv": [5.5, 3.5625, 5.25, 3.9375], "texture": "#0"},
				"south": {"uv": [5.5, 3.5625, 5.25, 3.9375], "texture": "#0"},
				"west": {"uv": [5.5, 3.5625, 5.25, 3.9375], "texture": "#0"},
				"up": {"uv": [5.5, 3.5625, 5.25, 3.9375], "texture": "#0"},
				"down": {"uv": [5.5, 3.5625, 5.25, 3.9375], "texture": "#0"}
			}
		},
		{
			"from": [8.20972, 2.4548, 16.12218],
			"to": [9.10208, 4.05705, 17.01454],
			"rotation": {"angle": -22.5, "axis": "x", "origin": [8.6559, 4.30011, 15.99923]},
			"faces": {
				"north": {"uv": [5.5, 3.5625, 5.25, 3.9375], "rotation": 90, "texture": "#0"},
				"east": {"uv": [5.5, 3.5625, 5.25, 3.9375], "rotation": 90, "texture": "#0"},
				"south": {"uv": [5.5, 3.5625, 5.25, 3.9375], "rotation": 90, "texture": "#0"},
				"west": {"uv": [5.5, 3.5625, 5.25, 3.9375], "rotation": 90, "texture": "#0"},
				"up": {"uv": [5.5, 3.5625, 5.25, 3.9375], "rotation": 90, "texture": "#0"},
				"down": {"uv": [5.5, 3.5625, 5.25, 3.9375], "rotation": 90, "texture": "#0"}
			}
		}
	],
	"display": {
		"head": {
			"translation": [0.5, -18.25, -22],
			"scale": [4, 4, 4]
		}
	},
	"groups": [
		{
			"name": "root",
			"origin": [8, 8, 8],
			"color": 0,
			"children": [
				{
					"name": "leg_l",
					"origin": [8, 8, 8],
					"color": 0,
					"children": [
						{
							"name": "2",
							"origin": [8, 8, 8],
							"color": 0,
							"children": [0, 1, 2, 3, 4, 5, 6, 7, 8, 9, 10, 11, 12, 13, 14]
						}
					]
				}
			]
		}
	]
}