{
	"credit": "Made with Blockbench",
	"texture_size": [64, 64],
	"textures": {
		"0": "bell/head",
		"particle": "bell/head"
	},
	"elements": [
		{
			"from": [5.75903, 3.82445, 5.07199],
			"to": [10.23779, 7.97145, 10.27233],
			"rotation": {"angle": 22.5, "axis": "x", "origin": [7.99841, 8.02784, 7.52326]},
			"faces": {
				"north": {"uv": [1, 4.75, 1.8125, 5.25], "texture": "#0"},
				"east": {"uv": [1, 4.75, 1.8125, 5.25], "texture": "#0"},
				"south": {"uv": [1, 4.75, 1.8125, 5.25], "texture": "#0"},
				"west": {"uv": [1, 4.75, 1.8125, 5.25], "texture": "#0"},
				"up": {"uv": [1, 4.75, 1.8125, 5.25], "texture": "#0"},
				"down": {"uv": [1, 4.75, 1.8125, 5.25], "texture": "#0"}
			}
		},
		{
			"from": [6.38108, 2.58035, 5.07199],
			"to": [9.61574, 3.82445, 10.27233],
			"rotation": {"angle": 22.5, "axis": "x", "origin": [7.99841, 8.02784, 7.52326]},
			"faces": {
				"north": {"uv": [0, 0, 1.1875, 0.75], "rotation": 180, "texture": "#0"},
				"east": {"uv": [0, 0, 1.1875, 0.75], "rotation": 90, "texture": "#0"},
				"south": {"uv": [0, 0, 1.1875, 0.75], "rotation": 180, "texture": "#0"},
				"west": {"uv": [0, 0, 1.1875, 0.75], "rotation": 90, "texture": "#0"},
				"up": {"uv": [0, 0, 1.1875, 0.75], "rotation": 180, "texture": "#0"},
				"down": {"uv": [0, 0, 1.1875, 0.75], "rotation": 180, "texture": "#0"}
			}
		},
		{
			"from": [6.97728, 7.05161, 7.56901],
			"to": [8.24212, 8.08836, 11.32619],
			"rotation": {"angle": -45, "axis": "y", "origin": [7.99841, 8.02784, 7.52326]},
			"faces": {
				"north": {"uv": [4.5, 7.25, 4, 7.5], "texture": "#0"},
				"east": {"uv": [4.5, 7.25, 4, 7.5], "texture": "#0"},
				"south": {"uv": [4.5, 7.25, 4, 7.5], "texture": "#0"},
				"west": {"uv": [4.5, 7.25, 4, 7.5], "texture": "#0"},
				"up": {"uv": [4.5, 7.25, 4, 7.5], "texture": "#0"},
				"down": {"uv": [4.5, 7.25, 4, 7.5], "texture": "#0"}
			}
		},
		{
			"from": [6.97728, 7.25896, 11.32619],
			"to": [7.72374, 7.88101, 13.91806],
			"rotation": {"angle": -45, "axis": "y", "origin": [7.99841, 8.02784, 7.52326]},
			"faces": {
				"north": {"uv": [4.5, 7.25, 4, 7.5], "texture": "#0"},
				"east": {"uv": [4.5, 7.25, 4, 7.5], "texture": "#0"},
				"south": {"uv": [4.5, 7.25, 4, 7.5], "texture": "#0"},
				"west": {"uv": [4.5, 7.25, 4, 7.5], "texture": "#0"},
				"up": {"uv": [4.5, 7.25, 4, 7.5], "texture": "#0"},
				"down": {"uv": [4.5, 7.25, 4, 7.5], "texture": "#0"}
			}
		},
		{
			"from": [5.42216, 7.98468, 7.28286],
			"to": [6.16862, 8.60673, 10.39311],
			"rotation": {"angle": -45, "axis": "y", "origin": [7.99841, 8.02784, 7.52326]},
			"faces": {
				"north": {"uv": [4.5, 7.25, 4, 7.5], "texture": "#0"},
				"east": {"uv": [4.5, 7.25, 4, 7.5], "texture": "#0"},
				"south": {"uv": [4.5, 7.25, 4, 7.5], "texture": "#0"},
				"west": {"uv": [4.5, 7.25, 4, 7.5], "texture": "#0"},
				"up": {"uv": [4.5, 7.25, 4, 7.5], "texture": "#0"},
				"down": {"uv": [4.5, 7.25, 4, 7.5], "texture": "#0"}
			}
		},
		{
			"from": [7.75471, 7.05161, 7.56901],
			"to": [9.01955, 8.08836, 11.32619],
			"rotation": {"angle": 45, "axis": "y", "origin": [7.99841, 8.02784, 7.52326]},
			"faces": {
				"north": {"uv": [4, 7.25, 4.5, 7.5], "texture": "#0"},
				"east": {"uv": [4, 7.25, 4.5, 7.5], "texture": "#0"},
				"south": {"uv": [4, 7.25, 4.5, 7.5], "texture": "#0"},
				"west": {"uv": [4, 7.25, 4.5, 7.5], "texture": "#0"},
				"up": {"uv": [4, 7.25, 4.5, 7.5], "texture": "#0"},
				"down": {"uv": [4, 7.25, 4.5, 7.5], "texture": "#0"}
			}
		},
		{
			"from": [8.27309, 7.25896, 11.32619],
			"to": [9.01955, 7.88101, 13.91806],
			"rotation": {"angle": 45, "axis": "y", "origin": [7.99841, 8.02784, 7.52326]},
			"faces": {
				"north": {"uv": [4, 7.25, 4.5, 7.5], "texture": "#0"},
				"east": {"uv": [4, 7.25, 4.5, 7.5], "texture": "#0"},
				"south": {"uv": [4, 7.25, 4.5, 7.5], "texture": "#0"},
				"west": {"uv": [4, 7.25, 4.5, 7.5], "texture": "#0"},
				"up": {"uv": [4, 7.25, 4.5, 7.5], "texture": "#0"},
				"down": {"uv": [4, 7.25, 4.5, 7.5], "texture": "#0"}
			}
		},
		{
			"from": [9.82821, 7.98468, 7.28286],
			"to": [10.57467, 8.60673, 10.39311],
			"rotation": {"angle": 45, "axis": "y", "origin": [7.99841, 8.02784, 7.52326]},
			"faces": {
				"north": {"uv": [4, 7.25, 4.5, 7.5], "texture": "#0"},
				"east": {"uv": [4, 7.25, 4.5, 7.5], "texture": "#0"},
				"south": {"uv": [4, 7.25, 4.5, 7.5], "texture": "#0"},
				"west": {"uv": [4, 7.25, 4.5, 7.5], "texture": "#0"},
				"up": {"uv": [4, 7.25, 4.5, 7.5], "texture": "#0"},
				"down": {"uv": [4, 7.25, 4.5, 7.5], "texture": "#0"}
			}
		},
		{
			"from": [6.38108, 7.5002, 5.26049],
			"to": [9.61574, 9.63025, 10.08383],
			"rotation": {"angle": 22.5, "axis": "x", "origin": [7.99841, 8.02784, 7.52326]},
			"faces": {
				"north": {"uv": [8.0625, 0.75, 9.3125, 1.5], "texture": "#0"},
				"east": {"uv": [8.0625, 0.75, 9.3125, 1.5], "texture": "#0"},
				"south": {"uv": [8.0625, 0.75, 9.3125, 1.5], "texture": "#0"},
				"west": {"uv": [8.0625, 0.75, 9.3125, 1.5], "texture": "#0"},
				"up": {"uv": [8.0625, 0.75, 9.3125, 1.5], "texture": "#0"},
				"down": {"uv": [8.0625, 0.75, 9.3125, 1.5], "texture": "#0"}
			}
		},
		{
			"from": [6.89946, 8.06497, 5.08416],
			"to": [9.09737, 12.02121, 7.21421],
			"rotation": {"angle": 45, "axis": "x", "origin": [7.99841, 8.02784, 7.52326]},
			"faces": {
				"north": {"uv": [8, 0.75, 9.3125, 1.5], "rotation": 180, "texture": "#0"},
				"east": {"uv": [8, 0.75, 9.3125, 1.5], "rotation": 180, "texture": "#0"},
				"south": {"uv": [8, 0.75, 9.3125, 1.5], "rotation": 180, "texture": "#0"},
				"west": {"uv": [8, 0.75, 9.3125, 1.5], "rotation": 180, "texture": "#0"}
			}
		},
		{
			"from": [6.89946, 8.06497, 7.15766],
			"to": [9.09737, 12.53958, 9.28771],
			"rotation": {"angle": 45, "axis": "x", "origin": [7.99841, 8.02784, 7.52326]},
			"faces": {
				"north": {"uv": [8, 0.75, 9.3125, 1.5], "rotation": 180, "texture": "#0"},
				"east": {"uv": [8, 0.75, 9.3125, 1.5], "rotation": 180, "texture": "#0"},
				"south": {"uv": [8, 0.75, 9.3125, 1.5], "rotation": 180, "texture": "#0"},
				"west": {"uv": [8, 0.75, 9.3125, 1.5], "rotation": 180, "texture": "#0"}
			}
		},
		{
			"from": [9.11433, 8.06497, 5.08416],
			"to": [6.91642, 12.02121, 7.21421],
			"rotation": {"angle": 45, "axis": "x", "origin": [7.99841, 8.02784, 7.52326]},
			"faces": {
				"north": {"uv": [8, 0.75, 9.3125, 1.5], "rotation": 180, "texture": "#0"},
				"east": {"uv": [8, 0.75, 9.3125, 1.5], "rotation": 180, "texture": "#0"},
				"south": {"uv": [8, 0.75, 9.3125, 1.5], "rotation": 180, "texture": "#0"},
				"west": {"uv": [8, 0.75, 9.3125, 1.5], "rotation": 180, "texture": "#0"}
			}
		},
		{
			"from": [9.11433, 8.06497, 7.15766],
			"to": [6.91642, 12.53958, 9.28771],
			"rotation": {"angle": 45, "axis": "x", "origin": [7.99841, 8.02784, 7.52326]},
			"faces": {
				"north": {"uv": [8, 0.75, 9.3125, 1.5], "rotation": 180, "texture": "#0"},
				"east": {"uv": [8, 0.75, 9.3125, 1.5], "rotation": 180, "texture": "#0"},
				"south": {"uv": [8, 0.75, 9.3125, 1.5], "rotation": 180, "texture": "#0"},
				"west": {"uv": [8, 0.75, 9.3125, 1.5], "rotation": 180, "texture": "#0"}
			}
		}
	],
	"display": {
		"head": {
			"rotation": [-22.5, 0, 0],
			"translation": [0, 3, -3.75],
			"scale": [4, 4, 4]
		}
	},
	"groups": [
		{
			"name": "root",
			"origin": [8, 8, 8],
			"color": 0,
			"children": [
				{
					"name": "neck",
					"origin": [8, 8, 8],
					"color": 0,
					"children": [
						{
							"name": "1",
							"origin": [9.5, 10.5, -1.5],
							"color": 0,
							"children": [
								0,
								1,
								{
									"name": "group",
									"origin": [8.5, 9.08615, -6.93345],
									"color": 0,
									"children": [2, 3, 4, 5, 6, 7]
								},
								{
									"name": "k",
									"origin": [9.5, 10.5, -1.5],
									"color": 0,
									"children": [8, 9, 10, 11, 12]
								}
							]
						}
					]
				}
			]
		}
	]
}