{
	"credit": "Made with Blockbench",
	"texture_size": [64, 64],
	"textures": {
		"0": "bell/head",
		"particle": "bell/head"
	},
	"elements": [
		{
			"from": [5.5351, 3.43443, 9.00012],
			"to": [10.46173, 7.99613, 14.72049],
			"rotation": {"angle": 22.5, "axis": "x", "origin": [7.99841, 8.05816, 11.69651]},
			"faces": {
				"north": {"uv": [1, 4.75, 1.8125, 5.25], "texture": "#0"},
				"east": {"uv": [1, 4.75, 1.8125, 5.25], "texture": "#0"},
				"south": {"uv": [1, 4.75, 1.8125, 5.25], "texture": "#0"},
				"west": {"uv": [1, 4.75, 1.8125, 5.25], "texture": "#0"},
				"up": {"uv": [1, 4.75, 1.8125, 5.25], "texture": "#0"},
				"down": {"uv": [1, 4.75, 1.8125, 5.25], "texture": "#0"}
			}
		},
		{
			"from": [6.21935, 2.06592, 9.00012],
			"to": [9.77748, 3.43443, 14.72049],
			"rotation": {"angle": 22.5, "axis": "x", "origin": [7.99841, 8.05816, 11.69651]},
			"faces": {
				"north": {"uv": [0, 0, 1.1875, 0.75], "rotation": 180, "texture": "#0"},
				"east": {"uv": [0, 0, 1.1875, 0.75], "rotation": 90, "texture": "#0"},
				"south": {"uv": [0, 0, 1.1875, 0.75], "rotation": 180, "texture": "#0"},
				"west": {"uv": [0, 0, 1.1875, 0.75], "rotation": 90, "texture": "#0"},
				"up": {"uv": [0, 0, 1.1875, 0.75], "rotation": 180, "texture": "#0"},
				"down": {"uv": [0, 0, 1.1875, 0.75], "rotation": 180, "texture": "#0"}
			}
		},
		{
			"from": [6.87517, 6.9843, 11.74683],
			"to": [8.26649, 8.12473, 15.87973],
			"rotation": {"angle": -45, "axis": "y", "origin": [7.99841, 8.05816, 11.69651]},
			"faces": {
				"north": {"uv": [4.5, 7.25, 4, 7.5], "texture": "#0"},
				"east": {"uv": [4.5, 7.25, 4, 7.5], "texture": "#0"},
				"south": {"uv": [4.5, 7.25, 4, 7.5], "texture": "#0"},
				"west": {"uv": [4.5, 7.25, 4, 7.5], "texture": "#0"},
				"up": {"uv": [4.5, 7.25, 4, 7.5], "texture": "#0"},
				"down": {"uv": [4.5, 7.25, 4, 7.5], "texture": "#0"}
			}
		},
		{
			"from": [6.87517, 7.21239, 15.87973],
			"to": [7.69628, 7.89664, 18.73079],
			"rotation": {"angle": -45, "axis": "y", "origin": [7.99841, 8.05816, 11.69651]},
			"faces": {
				"north": {"uv": [4.5, 7.25, 4, 7.5], "texture": "#0"},
				"east": {"uv": [4.5, 7.25, 4, 7.5], "texture": "#0"},
				"south": {"uv": [4.5, 7.25, 4, 7.5], "texture": "#0"},
				"west": {"uv": [4.5, 7.25, 4, 7.5], "texture": "#0"},
				"up": {"uv": [4.5, 7.25, 4, 7.5], "texture": "#0"},
				"down": {"uv": [4.5, 7.25, 4, 7.5], "texture": "#0"}
			}
		},
		{
			"from": [5.16453, 8.01069, 11.43207],
			"to": [5.98564, 8.69494, 14.85335],
			"rotation": {"angle": -45, "axis": "y", "origin": [7.99841, 8.05816, 11.69651]},
			"faces": {
				"north": {"uv": [4.5, 7.25, 4, 7.5], "texture": "#0"},
				"east": {"uv": [4.5, 7.25, 4, 7.5], "texture": "#0"},
				"south": {"uv": [4.5, 7.25, 4, 7.5], "texture": "#0"},
				"west": {"uv": [4.5, 7.25, 4, 7.5], "texture": "#0"},
				"up": {"uv": [4.5, 7.25, 4, 7.5], "texture": "#0"},
				"down": {"uv": [4.5, 7.25, 4, 7.5], "texture": "#0"}
			}
		},
		{
			"from": [7.73034, 6.9843, 11.74683],
			"to": [9.12166, 8.12473, 15.87973],
			"rotation": {"angle": 45, "axis": "y", "origin": [7.99841, 8.05816, 11.69651]},
			"faces": {
				"north": {"uv": [4, 7.25, 4.5, 7.5], "texture": "#0"},
				"east": {"uv": [4, 7.25, 4.5, 7.5], "texture": "#0"},
				"south": {"uv": [4, 7.25, 4.5, 7.5], "texture": "#0"},
				"west": {"uv": [4, 7.25, 4.5, 7.5], "texture": "#0"},
				"up": {"uv": [4, 7.25, 4.5, 7.5], "texture": "#0"},
				"down": {"uv": [4, 7.25, 4.5, 7.5], "texture": "#0"}
			}
		},
		{
			"from": [8.30055, 7.21239, 15.87973],
			"to": [9.12166, 7.89664, 18.73079],
			"rotation": {"angle": 45, "axis": "y", "origin": [7.99841, 8.05816, 11.69651]},
			"faces": {
				"north": {"uv": [4, 7.25, 4.5, 7.5], "texture": "#0"},
				"east": {"uv": [4, 7.25, 4.5, 7.5], "texture": "#0"},
				"south": {"uv": [4, 7.25, 4.5, 7.5], "texture": "#0"},
				"west": {"uv": [4, 7.25, 4.5, 7.5], "texture": "#0"},
				"up": {"uv": [4, 7.25, 4.5, 7.5], "texture": "#0"},
				"down": {"uv": [4, 7.25, 4.5, 7.5], "texture": "#0"}
			}
		},
		{
			"from": [10.01119, 8.01069, 11.43207],
			"to": [10.8323, 8.69494, 14.85335],
			"rotation": {"angle": 45, "axis": "y", "origin": [7.99841, 8.05816, 11.69651]},
			"faces": {
				"north": {"uv": [4, 7.25, 4.5, 7.5], "texture": "#0"},
				"east": {"uv": [4, 7.25, 4.5, 7.5], "texture": "#0"},
				"south": {"uv": [4, 7.25, 4.5, 7.5], "texture": "#0"},
				"west": {"uv": [4, 7.25, 4.5, 7.5], "texture": "#0"},
				"up": {"uv": [4, 7.25, 4.5, 7.5], "texture": "#0"},
				"down": {"uv": [4, 7.25, 4.5, 7.5], "texture": "#0"}
			}
		},
		{
			"from": [6.21935, 7.52488, 9.18862],
			"to": [9.77748, 9.82081, 14.53199],
			"rotation": {"angle": 22.5, "axis": "x", "origin": [7.99841, 8.05816, 11.69651]},
			"faces": {
				"north": {"uv": [8.0625, 0.75, 9.3125, 1.5], "texture": "#0"},
				"east": {"uv": [8.0625, 0.75, 9.3125, 1.5], "texture": "#0"},
				"south": {"uv": [8.0625, 0.75, 9.3125, 1.5], "texture": "#0"},
				"west": {"uv": [8.0625, 0.75, 9.3125, 1.5], "texture": "#0"},
				"up": {"uv": [8.0625, 0.75, 9.3125, 1.5], "texture": "#0"},
				"down": {"uv": [8.0625, 0.75, 9.3125, 1.5], "texture": "#0"}
			}
		},
		{
			"from": [6.78956, 8.099, 9.0135],
			"to": [9.20727, 12.45086, 11.30943],
			"rotation": {"angle": 45, "axis": "x", "origin": [7.99841, 8.05816, 11.69651]},
			"faces": {
				"north": {"uv": [8, 0.75, 9.3125, 1.5], "rotation": 180, "texture": "#0"},
				"east": {"uv": [8, 0.75, 9.3125, 1.5], "rotation": 180, "texture": "#0"},
				"south": {"uv": [8, 0.75, 9.3125, 1.5], "rotation": 180, "texture": "#0"},
				"west": {"uv": [8, 0.75, 9.3125, 1.5], "rotation": 180, "texture": "#0"}
			}
		},
		{
			"from": [9.19294, 8.099, 9.0135],
			"to": [6.77524, 12.45086, 11.30943],
			"rotation": {"angle": 45, "axis": "x", "origin": [7.99841, 8.05816, 11.69651]},
			"faces": {
				"north": {"uv": [8, 0.75, 9.3125, 1.5], "rotation": 180, "texture": "#0"},
				"east": {"uv": [8, 0.75, 9.3125, 1.5], "rotation": 180, "texture": "#0"},
				"south": {"uv": [8, 0.75, 9.3125, 1.5], "rotation": 180, "texture": "#0"},
				"west": {"uv": [8, 0.75, 9.3125, 1.5], "rotation": 180, "texture": "#0"}
			}
		},
		{
			"from": [9.19294, 8.099, 11.29435],
			"to": [6.77524, 13.02107, 13.59028],
			"rotation": {"angle": 45, "axis": "x", "origin": [7.99841, 8.05816, 11.69651]},
			"faces": {
				"north": {"uv": [8, 0.75, 9.3125, 1.5], "rotation": 180, "texture": "#0"},
				"east": {"uv": [8, 0.75, 9.3125, 1.5], "rotation": 180, "texture": "#0"},
				"south": {"uv": [8, 0.75, 9.3125, 1.5], "rotation": 180, "texture": "#0"},
				"west": {"uv": [8, 0.75, 9.3125, 1.5], "rotation": 180, "texture": "#0"}
			}
		},
		{
			"from": [6.78956, 8.099, 11.29435],
			"to": [9.20727, 13.02107, 13.59028],
			"rotation": {"angle": 45, "axis": "x", "origin": [7.99841, 8.05816, 11.69651]},
			"faces": {
				"north": {"uv": [8, 0.75, 9.3125, 1.5], "rotation": 180, "texture": "#0"},
				"east": {"uv": [8, 0.75, 9.3125, 1.5], "rotation": 180, "texture": "#0"},
				"south": {"uv": [8, 0.75, 9.3125, 1.5], "rotation": 180, "texture": "#0"},
				"west": {"uv": [8, 0.75, 9.3125, 1.5], "rotation": 180, "texture": "#0"}
			}
		}
	],
	"display": {
		"head": {
			"rotation": [-22.5, 0, 0],
			"translation": [0, -2.5, -21.5],
			"scale": [4, 4, 4]
		}
	},
	"groups": [
		{
			"name": "root",
			"origin": [8, 8, 8],
			"color": 0,
			"children": [
				{
					"name": "neck",
					"origin": [8, 8, 8],
					"color": 0,
					"children": [
						{
							"name": "2",
							"origin": [9.5, 10.5, -1.5],
							"color": 0,
							"children": [
								0,
								1,
								{
									"name": "group",
									"origin": [8.5, 9.08615, -6.93345],
									"color": 0,
									"children": [2, 3, 4, 5, 6, 7]
								},
								{
									"name": "k",
									"origin": [9.5, 10.5, -1.5],
									"color": 0,
									"children": [
										8,
										{
											"name": "group",
											"origin": [8, 9.29405, -4.31175],
											"color": 0,
											"children": [9, 10]
										},
										{
											"name": "group",
											"origin": [8, 9.29405, -4.31175],
											"color": 0,
											"children": [11, 12]
										}
									]
								}
							]
						}
					]
				}
			]
		}
	]
}