{
	"credit": "Made with Blockbench",
	"texture_size": [64, 64],
	"textures": {
		"0": "bell/head",
		"particle": "bell/head"
	},
	"elements": [
		{
			"from": [5.96261, 4.17902, 0.1729],
			"to": [10.03421, 7.94902, 4.90048],
			"rotation": {"angle": 22.5, "axis": "x", "origin": [7.99841, 8.00028, 2.40133]},
			"faces": {
				"north": {"uv": [1, 4.75, 1.8125, 5.25], "texture": "#0"},
				"east": {"uv": [1, 4.75, 1.8125, 5.25], "texture": "#0"},
				"south": {"uv": [1, 4.75, 1.8125, 5.25], "texture": "#0"},
				"west": {"uv": [1, 4.75, 1.8125, 5.25], "texture": "#0"},
				"up": {"uv": [1, 4.75, 1.8125, 5.25], "texture": "#0"},
				"down": {"uv": [1, 4.75, 1.8125, 5.25], "texture": "#0"}
			}
		},
		{
			"from": [6.52811, 3.04802, 0.1729],
			"to": [9.46871, 4.17902, 4.90048],
			"rotation": {"angle": 22.5, "axis": "x", "origin": [7.99841, 8.00028, 2.40133]},
			"faces": {
				"north": {"uv": [0, 0, 1.1875, 0.75], "rotation": 180, "texture": "#0"},
				"east": {"uv": [0, 0, 1.1875, 0.75], "rotation": 90, "texture": "#0"},
				"south": {"uv": [0, 0, 1.1875, 0.75], "rotation": 180, "texture": "#0"},
				"west": {"uv": [0, 0, 1.1875, 0.75], "rotation": 90, "texture": "#0"},
				"up": {"uv": [0, 0, 1.1875, 0.75], "rotation": 180, "texture": "#0"},
				"down": {"uv": [0, 0, 1.1875, 0.75], "rotation": 180, "texture": "#0"}
			}
		},
		{
			"from": [7.07011, 7.1128, 2.44291],
			"to": [8.21996, 8.0553, 5.85853],
			"rotation": {"angle": -45, "axis": "y", "origin": [7.99841, 8.00028, 2.40133]},
			"faces": {
				"north": {"uv": [4.5, 7.25, 4, 7.5], "texture": "#0"},
				"east": {"uv": [4.5, 7.25, 4, 7.5], "texture": "#0"},
				"south": {"uv": [4.5, 7.25, 4, 7.5], "texture": "#0"},
				"west": {"uv": [4.5, 7.25, 4, 7.5], "texture": "#0"},
				"up": {"uv": [4.5, 7.25, 4, 7.5], "texture": "#0"},
				"down": {"uv": [4.5, 7.25, 4, 7.5], "texture": "#0"}
			}
		},
		{
			"from": [7.07011, 7.3013, 5.85853],
			"to": [7.74871, 7.8668, 8.21478],
			"rotation": {"angle": -45, "axis": "y", "origin": [7.99841, 8.00028, 2.40133]},
			"faces": {
				"north": {"uv": [4.5, 7.25, 4, 7.5], "texture": "#0"},
				"east": {"uv": [4.5, 7.25, 4, 7.5], "texture": "#0"},
				"south": {"uv": [4.5, 7.25, 4, 7.5], "texture": "#0"},
				"west": {"uv": [4.5, 7.25, 4, 7.5], "texture": "#0"},
				"up": {"uv": [4.5, 7.25, 4, 7.5], "texture": "#0"},
				"down": {"uv": [4.5, 7.25, 4, 7.5], "texture": "#0"}
			}
		},
		{
			"from": [5.65636, 7.96105, 2.18278],
			"to": [6.33496, 8.52655, 5.01028],
			"rotation": {"angle": -45, "axis": "y", "origin": [7.99841, 8.00028, 2.40133]},
			"faces": {
				"north": {"uv": [4.5, 7.25, 4, 7.5], "texture": "#0"},
				"east": {"uv": [4.5, 7.25, 4, 7.5], "texture": "#0"},
				"south": {"uv": [4.5, 7.25, 4, 7.5], "texture": "#0"},
				"west": {"uv": [4.5, 7.25, 4, 7.5], "texture": "#0"},
				"up": {"uv": [4.5, 7.25, 4, 7.5], "texture": "#0"},
				"down": {"uv": [4.5, 7.25, 4, 7.5], "texture": "#0"}
			}
		},
		{
			"from": [7.77687, 7.1128, 2.44291],
			"to": [8.92672, 8.0553, 5.85853],
			"rotation": {"angle": 45, "axis": "y", "origin": [7.99841, 8.00028, 2.40133]},
			"faces": {
				"north": {"uv": [4, 7.25, 4.5, 7.5], "texture": "#0"},
				"east": {"uv": [4, 7.25, 4.5, 7.5], "texture": "#0"},
				"south": {"uv": [4, 7.25, 4.5, 7.5], "texture": "#0"},
				"west": {"uv": [4, 7.25, 4.5, 7.5], "texture": "#0"},
				"up": {"uv": [4, 7.25, 4.5, 7.5], "texture": "#0"},
				"down": {"uv": [4, 7.25, 4.5, 7.5], "texture": "#0"}
			}
		},
		{
			"from": [8.24812, 7.3013, 5.85853],
			"to": [8.92672, 7.8668, 8.21478],
			"rotation": {"angle": 45, "axis": "y", "origin": [7.99841, 8.00028, 2.40133]},
			"faces": {
				"north": {"uv": [4, 7.25, 4.5, 7.5], "texture": "#0"},
				"east": {"uv": [4, 7.25, 4.5, 7.5], "texture": "#0"},
				"south": {"uv": [4, 7.25, 4.5, 7.5], "texture": "#0"},
				"west": {"uv": [4, 7.25, 4.5, 7.5], "texture": "#0"},
				"up": {"uv": [4, 7.25, 4.5, 7.5], "texture": "#0"},
				"down": {"uv": [4, 7.25, 4.5, 7.5], "texture": "#0"}
			}
		},
		{
			"from": [9.66187, 7.96105, 2.18278],
			"to": [10.34047, 8.52655, 5.01028],
			"rotation": {"angle": 45, "axis": "y", "origin": [7.99841, 8.00028, 2.40133]},
			"faces": {
				"north": {"uv": [4, 7.25, 4.5, 7.5], "texture": "#0"},
				"east": {"uv": [4, 7.25, 4.5, 7.5], "texture": "#0"},
				"south": {"uv": [4, 7.25, 4.5, 7.5], "texture": "#0"},
				"west": {"uv": [4, 7.25, 4.5, 7.5], "texture": "#0"},
				"up": {"uv": [4, 7.25, 4.5, 7.5], "texture": "#0"},
				"down": {"uv": [4, 7.25, 4.5, 7.5], "texture": "#0"}
			}
		},
		{
			"from": [6.52811, 7.47777, 0.3614],
			"to": [9.46871, 9.45702, 4.71198],
			"rotation": {"angle": 22.5, "axis": "x", "origin": [7.99841, 8.00028, 2.40133]},
			"faces": {
				"north": {"uv": [8.0625, 0.75, 9.3125, 1.5], "texture": "#0"},
				"east": {"uv": [8.0625, 0.75, 9.3125, 1.5], "texture": "#0"},
				"south": {"uv": [8.0625, 0.75, 9.3125, 1.5], "texture": "#0"},
				"west": {"uv": [8.0625, 0.75, 9.3125, 1.5], "texture": "#0"},
				"up": {"uv": [8.0625, 0.75, 9.3125, 1.5], "texture": "#0"},
				"down": {"uv": [8.0625, 0.75, 9.3125, 1.5], "texture": "#0"}
			}
		},
		{
			"from": [6.99936, 8.03403, 0.18397],
			"to": [8.99746, 11.63061, 2.16322],
			"rotation": {"angle": 45, "axis": "x", "origin": [7.99841, 8.00028, 2.40133]},
			"faces": {
				"north": {"uv": [8, 0.75, 9.3125, 1.5], "rotation": 180, "texture": "#0"},
				"east": {"uv": [8, 0.75, 9.3125, 1.5], "rotation": 180, "texture": "#0"},
				"south": {"uv": [8, 0.75, 9.3125, 1.5], "rotation": 180, "texture": "#0"},
				"west": {"uv": [8, 0.75, 9.3125, 1.5], "rotation": 180, "texture": "#0"}
			}
		},
		{
			"from": [6.99936, 8.03403, 2.06897],
			"to": [8.99746, 12.10186, 4.04822],
			"rotation": {"angle": 45, "axis": "x", "origin": [7.99841, 8.00028, 2.40133]},
			"faces": {
				"north": {"uv": [8, 0.75, 9.3125, 1.5], "rotation": 180, "texture": "#0"},
				"east": {"uv": [8, 0.75, 9.3125, 1.5], "rotation": 180, "texture": "#0"},
				"south": {"uv": [8, 0.75, 9.3125, 1.5], "rotation": 180, "texture": "#0"},
				"west": {"uv": [8, 0.75, 9.3125, 1.5], "rotation": 180, "texture": "#0"}
			}
		},
		{
			"from": [9.02574, 8.03403, 2.06897],
			"to": [7.02764, 12.10186, 4.04822],
			"rotation": {"angle": 45, "axis": "x", "origin": [7.99841, 8.00028, 2.40133]},
			"faces": {
				"north": {"uv": [8, 0.75, 9.3125, 1.5], "rotation": 180, "texture": "#0"},
				"east": {"uv": [8, 0.75, 9.3125, 1.5], "rotation": 180, "texture": "#0"},
				"south": {"uv": [8, 0.75, 9.3125, 1.5], "rotation": 180, "texture": "#0"},
				"west": {"uv": [8, 0.75, 9.3125, 1.5], "rotation": 180, "texture": "#0"}
			}
		},
		{
			"from": [9.02574, 8.03403, 0.18397],
			"to": [7.02764, 11.63061, 2.16322],
			"rotation": {"angle": 45, "axis": "x", "origin": [7.99841, 8.00028, 2.40133]},
			"faces": {
				"north": {"uv": [8, 0.75, 9.3125, 1.5], "rotation": 180, "texture": "#0"},
				"east": {"uv": [8, 0.75, 9.3125, 1.5], "rotation": 180, "texture": "#0"},
				"south": {"uv": [8, 0.75, 9.3125, 1.5], "rotation": 180, "texture": "#0"},
				"west": {"uv": [8, 0.75, 9.3125, 1.5], "rotation": 180, "texture": "#0"}
			}
		}
	],
	"display": {
		"head": {
			"rotation": [-22.5, 0, 0],
			"translation": [0, 10, 15.5],
			"scale": [4, 4, 4]
		}
	},
	"groups": [
		{
			"name": "root",
			"origin": [8, 8, 8],
			"color": 0,
			"children": [
				{
					"name": "neck",
					"origin": [8, 8, 8],
					"color": 0,
					"children": [
						{
							"name": "0",
							"origin": [9.5, 10.5, -1.5],
							"color": 0,
							"children": [
								0,
								1,
								{
									"name": "group",
									"origin": [8.5, 9.08615, -6.93345],
									"color": 0,
									"children": [2, 3, 4, 5, 6, 7]
								},
								{
									"name": "k",
									"origin": [9.5, 10.5, -1.5],
									"color": 0,
									"children": [8, 9, 10, 11, 12]
								}
							]
						}
					]
				}
			]
		}
	]
}