{
	"credit": "Made with Blockbench",
	"texture_size": [64, 64],
	"textures": {
		"0": "bell/head",
		"particle": "bell/head"
	},
	"elements": [
		{
			"from": [6.77408, 11.23571, -3.80307],
			"to": [9.30784, 13.54648, 1.48206],
			"rotation": {"angle": 0, "axis": "y", "origin": [13.18599, 17.42265, -54.79009]},
			"faces": {
				"north": {"uv": [4.75, 4.3125, 5.375, 4.6875], "texture": "#0"},
				"east": {"uv": [4.75, 4.3125, 5.375, 4.6875], "texture": "#0"},
				"south": {"uv": [4.75, 4.3125, 5.375, 4.6875], "texture": "#0"},
				"west": {"uv": [4.75, 4.3125, 5.375, 4.6875], "texture": "#0"},
				"up": {"uv": [4.75, 4.3125, 5.375, 4.6875], "texture": "#0"},
				"down": {"uv": [4.75, 4.3125, 5.375, 4.6875], "texture": "#0"}
			}
		},
		{
			"from": [6.3952, 10.85683, 0.93291],
			"to": [9.68672, 13.92536, 5.27085],
			"rotation": {"angle": 0, "axis": "y", "origin": [13.18599, 17.42265, -54.79009]},
			"faces": {
				"north": {"uv": [4.75, 4.3125, 5.375, 4.6875], "texture": "#0"},
				"east": {"uv": [4.75, 4.3125, 5.375, 4.6875], "texture": "#0"},
				"south": {"uv": [4.75, 4.3125, 5.375, 4.6875], "texture": "#0"},
				"west": {"uv": [4.75, 4.3125, 5.375, 4.6875], "texture": "#0"},
				"up": {"uv": [4.75, 4.3125, 5.375, 4.6875], "texture": "#0"},
				"down": {"uv": [4.75, 4.3125, 5.375, 4.6875], "texture": "#0"}
			}
		},
		{
			"from": [5.42502, 11.61459, -3.0683],
			"to": [6.82215, 13.1676, 4.11123],
			"rotation": {"angle": -22.5, "axis": "y", "origin": [6.12359, 12.14994, 0.52146]},
			"faces": {
				"north": {"uv": [2.25, 3.25, 2.5, 3.4375], "texture": "#0"},
				"east": {"uv": [2.25, 3.25, 2.5, 3.4375], "texture": "#0"},
				"south": {"uv": [2.25, 3.25, 2.5, 3.4375], "texture": "#0"},
				"west": {"uv": [2.25, 3.25, 2.5, 3.4375], "texture": "#0"},
				"up": {"uv": [2.25, 3.25, 2.5, 3.4375], "texture": "#0"},
				"down": {"uv": [2.25, 3.25, 2.5, 3.4375], "texture": "#0"}
			}
		},
		{
			"from": [9.21381, 11.61459, -3.0683],
			"to": [10.61094, 13.1676, 4.11123],
			"rotation": {"angle": 22.5, "axis": "y", "origin": [9.91238, 12.14994, 0.52146]},
			"faces": {
				"north": {"uv": [2.25, 3.25, 2.5, 3.4375], "texture": "#0"},
				"east": {"uv": [2.25, 3.25, 2.5, 3.4375], "texture": "#0"},
				"south": {"uv": [2.25, 3.25, 2.5, 3.4375], "texture": "#0"},
				"west": {"uv": [2.25, 3.25, 2.5, 3.4375], "texture": "#0"},
				"up": {"uv": [2.25, 3.25, 2.5, 3.4375], "texture": "#0"},
				"down": {"uv": [2.25, 3.25, 2.5, 3.4375], "texture": "#0"}
			}
		},
		{
			"from": [6.77408, 11.23571, -12.19509],
			"to": [9.30784, 13.54648, -6.90996],
			"rotation": {"angle": 0, "axis": "y", "origin": [13.18599, 17.42265, -63.18211]},
			"faces": {
				"north": {"uv": [4.75, 4.3125, 5.375, 4.6875], "texture": "#0"},
				"east": {"uv": [4.75, 4.3125, 5.375, 4.6875], "texture": "#0"},
				"south": {"uv": [4.75, 4.3125, 5.375, 4.6875], "texture": "#0"},
				"west": {"uv": [4.75, 4.3125, 5.375, 4.6875], "texture": "#0"},
				"up": {"uv": [4.75, 4.3125, 5.375, 4.6875], "texture": "#0"},
				"down": {"uv": [4.75, 4.3125, 5.375, 4.6875], "texture": "#0"}
			}
		},
		{
			"from": [6.3952, 10.85683, -7.45911],
			"to": [9.68672, 13.92536, -3.12117],
			"rotation": {"angle": 0, "axis": "y", "origin": [13.18599, 17.42265, -63.18211]},
			"faces": {
				"north": {"uv": [4.75, 4.3125, 5.375, 4.6875], "texture": "#0"},
				"east": {"uv": [4.75, 4.3125, 5.375, 4.6875], "texture": "#0"},
				"south": {"uv": [4.75, 4.3125, 5.375, 4.6875], "texture": "#0"},
				"west": {"uv": [4.75, 4.3125, 5.375, 4.6875], "texture": "#0"},
				"up": {"uv": [4.75, 4.3125, 5.375, 4.6875], "texture": "#0"},
				"down": {"uv": [4.75, 4.3125, 5.375, 4.6875], "texture": "#0"}
			}
		},
		{
			"from": [5.42502, 11.61459, -11.46032],
			"to": [6.82215, 13.1676, -4.28079],
			"rotation": {"angle": -22.5, "axis": "y", "origin": [6.12359, 12.14994, -7.87056]},
			"faces": {
				"north": {"uv": [2.25, 3.25, 2.5, 3.4375], "texture": "#0"},
				"east": {"uv": [2.25, 3.25, 2.5, 3.4375], "texture": "#0"},
				"south": {"uv": [2.25, 3.25, 2.5, 3.4375], "texture": "#0"},
				"west": {"uv": [2.25, 3.25, 2.5, 3.4375], "texture": "#0"},
				"up": {"uv": [2.25, 3.25, 2.5, 3.4375], "texture": "#0"},
				"down": {"uv": [2.25, 3.25, 2.5, 3.4375], "texture": "#0"}
			}
		},
		{
			"from": [9.21381, 11.61459, -11.46032],
			"to": [10.61094, 13.1676, -4.28079],
			"rotation": {"angle": 22.5, "axis": "y", "origin": [9.91238, 12.14994, -7.87056]},
			"faces": {
				"north": {"uv": [2.25, 3.25, 2.5, 3.4375], "texture": "#0"},
				"east": {"uv": [2.25, 3.25, 2.5, 3.4375], "texture": "#0"},
				"south": {"uv": [2.25, 3.25, 2.5, 3.4375], "texture": "#0"},
				"west": {"uv": [2.25, 3.25, 2.5, 3.4375], "texture": "#0"},
				"up": {"uv": [2.25, 3.25, 2.5, 3.4375], "texture": "#0"},
				"down": {"uv": [2.25, 3.25, 2.5, 3.4375], "texture": "#0"}
			}
		},
		{
			"from": [6.77408, 11.23571, 4.15338],
			"to": [9.30784, 13.54648, 9.43852],
			"rotation": {"angle": 0, "axis": "y", "origin": [13.18599, 17.42265, -46.83364]},
			"faces": {
				"north": {"uv": [4.75, 4.3125, 5.375, 4.6875], "texture": "#0"},
				"east": {"uv": [4.75, 4.3125, 5.375, 4.6875], "texture": "#0"},
				"south": {"uv": [4.75, 4.3125, 5.375, 4.6875], "texture": "#0"},
				"west": {"uv": [4.75, 4.3125, 5.375, 4.6875], "texture": "#0"},
				"up": {"uv": [4.75, 4.3125, 5.375, 4.6875], "texture": "#0"},
				"down": {"uv": [4.75, 4.3125, 5.375, 4.6875], "texture": "#0"}
			}
		},
		{
			"from": [6.3952, 10.85683, 8.88937],
			"to": [9.68672, 13.92536, 13.2273],
			"rotation": {"angle": 0, "axis": "y", "origin": [13.18599, 17.42265, -46.83364]},
			"faces": {
				"north": {"uv": [4.75, 4.3125, 5.375, 4.6875], "texture": "#0"},
				"east": {"uv": [4.75, 4.3125, 5.375, 4.6875], "texture": "#0"},
				"south": {"uv": [4.75, 4.3125, 5.375, 4.6875], "texture": "#0"},
				"west": {"uv": [4.75, 4.3125, 5.375, 4.6875], "texture": "#0"},
				"up": {"uv": [4.75, 4.3125, 5.375, 4.6875], "texture": "#0"},
				"down": {"uv": [4.75, 4.3125, 5.375, 4.6875], "texture": "#0"}
			}
		},
		{
			"from": [5.42502, 11.61459, 4.88816],
			"to": [6.82215, 13.1676, 12.06769],
			"rotation": {"angle": -22.5, "axis": "y", "origin": [6.12359, 12.14994, 8.47792]},
			"faces": {
				"north": {"uv": [2.25, 3.25, 2.5, 3.4375], "texture": "#0"},
				"east": {"uv": [2.25, 3.25, 2.5, 3.4375], "texture": "#0"},
				"south": {"uv": [2.25, 3.25, 2.5, 3.4375], "texture": "#0"},
				"west": {"uv": [2.25, 3.25, 2.5, 3.4375], "texture": "#0"},
				"up": {"uv": [2.25, 3.25, 2.5, 3.4375], "texture": "#0"},
				"down": {"uv": [2.25, 3.25, 2.5, 3.4375], "texture": "#0"}
			}
		},
		{
			"from": [9.21381, 11.61459, 4.88816],
			"to": [10.61094, 13.1676, 12.06769],
			"rotation": {"angle": 22.5, "axis": "y", "origin": [9.91238, 12.14994, 8.47792]},
			"faces": {
				"north": {"uv": [2.25, 3.25, 2.5, 3.4375], "texture": "#0"},
				"east": {"uv": [2.25, 3.25, 2.5, 3.4375], "texture": "#0"},
				"south": {"uv": [2.25, 3.25, 2.5, 3.4375], "texture": "#0"},
				"west": {"uv": [2.25, 3.25, 2.5, 3.4375], "texture": "#0"},
				"up": {"uv": [2.25, 3.25, 2.5, 3.4375], "texture": "#0"},
				"down": {"uv": [2.25, 3.25, 2.5, 3.4375], "texture": "#0"}
			}
		},
		{
			"from": [6.77408, 11.23571, 11.98146],
			"to": [9.30784, 13.54648, 17.26659],
			"rotation": {"angle": 0, "axis": "y", "origin": [13.18599, 17.42265, -39.00556]},
			"faces": {
				"north": {"uv": [4.75, 4.3125, 5.375, 4.6875], "texture": "#0"},
				"east": {"uv": [4.75, 4.3125, 5.375, 4.6875], "texture": "#0"},
				"south": {"uv": [4.75, 4.3125, 5.375, 4.6875], "texture": "#0"},
				"west": {"uv": [4.75, 4.3125, 5.375, 4.6875], "texture": "#0"},
				"up": {"uv": [4.75, 4.3125, 5.375, 4.6875], "texture": "#0"},
				"down": {"uv": [4.75, 4.3125, 5.375, 4.6875], "texture": "#0"}
			}
		},
		{
			"from": [6.3952, 10.85683, 16.71745],
			"to": [9.68672, 13.92536, 21.05538],
			"rotation": {"angle": 0, "axis": "y", "origin": [13.18599, 17.42265, -39.00556]},
			"faces": {
				"north": {"uv": [4.75, 4.3125, 5.375, 4.6875], "texture": "#0"},
				"east": {"uv": [4.75, 4.3125, 5.375, 4.6875], "texture": "#0"},
				"south": {"uv": [4.75, 4.3125, 5.375, 4.6875], "texture": "#0"},
				"west": {"uv": [4.75, 4.3125, 5.375, 4.6875], "texture": "#0"},
				"up": {"uv": [4.75, 4.3125, 5.375, 4.6875], "texture": "#0"},
				"down": {"uv": [4.75, 4.3125, 5.375, 4.6875], "texture": "#0"}
			}
		},
		{
			"from": [5.42502, 11.61459, 12.71623],
			"to": [6.82215, 13.1676, 19.89576],
			"rotation": {"angle": -22.5, "axis": "y", "origin": [6.12359, 12.14994, 16.306]},
			"faces": {
				"north": {"uv": [2.25, 3.25, 2.5, 3.4375], "texture": "#0"},
				"east": {"uv": [2.25, 3.25, 2.5, 3.4375], "texture": "#0"},
				"south": {"uv": [2.25, 3.25, 2.5, 3.4375], "texture": "#0"},
				"west": {"uv": [2.25, 3.25, 2.5, 3.4375], "texture": "#0"},
				"up": {"uv": [2.25, 3.25, 2.5, 3.4375], "texture": "#0"},
				"down": {"uv": [2.25, 3.25, 2.5, 3.4375], "texture": "#0"}
			}
		},
		{
			"from": [9.21381, 11.61459, 12.71623],
			"to": [10.61094, 13.1676, 19.89576],
			"rotation": {"angle": 22.5, "axis": "y", "origin": [9.91238, 12.14994, 16.306]},
			"faces": {
				"north": {"uv": [2.25, 3.25, 2.5, 3.4375], "texture": "#0"},
				"east": {"uv": [2.25, 3.25, 2.5, 3.4375], "texture": "#0"},
				"south": {"uv": [2.25, 3.25, 2.5, 3.4375], "texture": "#0"},
				"west": {"uv": [2.25, 3.25, 2.5, 3.4375], "texture": "#0"},
				"up": {"uv": [2.25, 3.25, 2.5, 3.4375], "texture": "#0"},
				"down": {"uv": [2.25, 3.25, 2.5, 3.4375], "texture": "#0"}
			}
		},
		{
			"from": [7.05542, 13.11484, 20.0416],
			"to": [9.0154, 15.77455, 26.53503],
			"rotation": {"angle": -22.5, "axis": "x", "origin": [8.03541, 13.94232, 26.05796]},
			"faces": {
				"north": {"uv": [6.25, 5.75, 5.9375, 6], "rotation": 270, "texture": "#0"},
				"east": {"uv": [6.25, 5.75, 5.9375, 6], "rotation": 270, "texture": "#0"},
				"south": {"uv": [6.25, 5.75, 5.9375, 6], "rotation": 270, "texture": "#0"},
				"west": {"uv": [6.25, 5.75, 5.9375, 6], "rotation": 270, "texture": "#0"},
				"up": {"uv": [6.25, 5.75, 5.9375, 6], "rotation": 270, "texture": "#0"},
				"down": {"uv": [6.25, 5.75, 5.9375, 6], "rotation": 270, "texture": "#0"}
			}
		},
		{
			"from": [6.89337, 12.69813, 25.02665],
			"to": [9.17745, 15.55076, 31.87506],
			"rotation": {"angle": 22.5, "axis": "x", "origin": [8.03541, 13.94232, 26.05796]},
			"faces": {
				"north": {"uv": [6.25, 5.75, 5.9375, 6], "rotation": 270, "texture": "#0"},
				"east": {"uv": [6.25, 5.75, 5.9375, 6], "rotation": 270, "texture": "#0"},
				"south": {"uv": [6.25, 5.75, 5.9375, 6], "rotation": 270, "texture": "#0"},
				"west": {"uv": [6.25, 5.75, 5.9375, 6], "rotation": 270, "texture": "#0"},
				"up": {"uv": [6.25, 5.75, 5.9375, 6], "rotation": 270, "texture": "#0"},
				"down": {"uv": [6.25, 5.75, 5.9375, 6], "rotation": 270, "texture": "#0"}
			}
		},
		{
			"from": [6.99398, 7.90972, 29.92105],
			"to": [9.07684, 13.1759, 31.95452],
			"rotation": {"angle": 0, "axis": "y", "origin": [8.03541, 7.30345, 30.4137]},
			"faces": {
				"north": {"uv": [6.25, 5.75, 5.9375, 6], "rotation": 270, "texture": "#0"},
				"east": {"uv": [6.25, 5.75, 5.9375, 6], "rotation": 270, "texture": "#0"},
				"south": {"uv": [6.25, 5.75, 5.9375, 6], "rotation": 270, "texture": "#0"},
				"west": {"uv": [6.25, 5.75, 5.9375, 6], "rotation": 270, "texture": "#0"},
				"up": {"uv": [6.25, 5.75, 5.9375, 6], "rotation": 270, "texture": "#0"},
				"down": {"uv": [6.25, 5.75, 5.9375, 6], "rotation": 270, "texture": "#0"}
			}
		},
		{
			"from": [7.13926, 4.60242, 29.67052],
			"to": [8.93155, 8.97671, 30.88482],
			"rotation": {"angle": 45, "axis": "x", "origin": [8.03541, 7.30345, 30.4137]},
			"faces": {
				"north": {"uv": [6.25, 5.75, 5.9375, 6], "rotation": 270, "texture": "#0"},
				"east": {"uv": [6.25, 5.75, 5.9375, 6], "rotation": 270, "texture": "#0"},
				"south": {"uv": [6.25, 5.75, 5.9375, 6], "rotation": 270, "texture": "#0"},
				"west": {"uv": [6.25, 5.75, 5.9375, 6], "rotation": 270, "texture": "#0"},
				"up": {"uv": [6.25, 5.75, 5.9375, 6], "rotation": 270, "texture": "#0"},
				"down": {"uv": [6.25, 5.75, 5.9375, 6], "rotation": 270, "texture": "#0"}
			}
		}
	],
	"display": {
		"head": {
			"translation": [0, -25.25, 76],
			"scale": [4, 4, 4]
		}
	},
	"groups": [
		{
			"name": "root",
			"origin": [8, 8, 8],
			"color": 0,
			"children": [
				{
					"name": "sub_wing_l",
					"origin": [8, 8, 8],
					"color": 0,
					"children": [
						{
							"name": "2",
							"origin": [8, 8, 8],
							"color": 0,
							"children": [
								{
									"name": "group",
									"origin": [-4.52632, 1.39954, 1.41919],
									"color": 0,
									"children": [0, 1, 2, 3]
								},
								{
									"name": "group",
									"origin": [-4.52632, 1.39954, 1.41919],
									"color": 0,
									"children": [4, 5, 6, 7]
								},
								{
									"name": "group",
									"origin": [-4.52632, 1.39954, 1.41919],
									"color": 0,
									"children": [8, 9, 10, 11]
								},
								{
									"name": "group",
									"origin": [-4.52632, 1.39954, 1.41919],
									"color": 0,
									"children": [12, 13, 14, 15]
								},
								16,
								17,
								18,
								19
							]
						}
					]
				}
			]
		}
	]
}