{
	"credit": "Made with Blockbench",
	"texture_size": [64, 64],
	"textures": {
		"0": "bell/head",
		"particle": "bell/head"
	},
	"elements": [
		{
			"from": [7.11625, -1.2351, -6.39993],
			"to": [8.86126, 0.50648, -2.76003],
			"rotation": {"angle": 0, "axis": "y", "origin": [11.53216, 3.02588, -41.51495]},
			"faces": {
				"north": {"uv": [4.75, 4.3125, 5.375, 4.6875], "texture": "#0"},
				"east": {"uv": [4.75, 4.3125, 5.375, 4.6875], "texture": "#0"},
				"south": {"uv": [4.75, 4.3125, 5.375, 4.6875], "texture": "#0"},
				"west": {"uv": [4.75, 4.3125, 5.375, 4.6875], "texture": "#0"},
				"up": {"uv": [4.75, 4.3125, 5.375, 4.6875], "texture": "#0"},
				"down": {"uv": [4.75, 4.3125, 5.375, 4.6875], "texture": "#0"}
			}
		},
		{
			"from": [6.85531, -1.49604, -3.13823],
			"to": [9.12219, 0.76741, -0.15067],
			"rotation": {"angle": 0, "axis": "y", "origin": [11.53216, 3.02588, -41.51495]},
			"faces": {
				"north": {"uv": [4.75, 4.3125, 5.375, 4.6875], "texture": "#0"},
				"east": {"uv": [4.75, 4.3125, 5.375, 4.6875], "texture": "#0"},
				"south": {"uv": [4.75, 4.3125, 5.375, 4.6875], "texture": "#0"},
				"west": {"uv": [4.75, 4.3125, 5.375, 4.6875], "texture": "#0"},
				"up": {"uv": [4.75, 4.3125, 5.375, 4.6875], "texture": "#0"},
				"down": {"uv": [4.75, 4.3125, 5.375, 4.6875], "texture": "#0"}
			}
		},
		{
			"from": [6.18714, -0.97417, -5.89388],
			"to": [7.14935, 0.24554, -0.9493],
			"rotation": {"angle": -22.5, "axis": "y", "origin": [6.66824, -0.60546, -3.42159]},
			"faces": {
				"north": {"uv": [2.25, 3.25, 2.5, 3.4375], "texture": "#0"},
				"east": {"uv": [2.25, 3.25, 2.5, 3.4375], "texture": "#0"},
				"south": {"uv": [2.25, 3.25, 2.5, 3.4375], "texture": "#0"},
				"west": {"uv": [2.25, 3.25, 2.5, 3.4375], "texture": "#0"},
				"up": {"uv": [2.25, 3.25, 2.5, 3.4375], "texture": "#0"},
				"down": {"uv": [2.25, 3.25, 2.5, 3.4375], "texture": "#0"}
			}
		},
		{
			"from": [8.7965, -0.97417, -5.89388],
			"to": [9.75871, 0.24554, -0.9493],
			"rotation": {"angle": 22.5, "axis": "y", "origin": [9.2776, -0.60546, -3.42159]},
			"faces": {
				"north": {"uv": [2.25, 3.25, 2.5, 3.4375], "texture": "#0"},
				"east": {"uv": [2.25, 3.25, 2.5, 3.4375], "texture": "#0"},
				"south": {"uv": [2.25, 3.25, 2.5, 3.4375], "texture": "#0"},
				"west": {"uv": [2.25, 3.25, 2.5, 3.4375], "texture": "#0"},
				"up": {"uv": [2.25, 3.25, 2.5, 3.4375], "texture": "#0"},
				"down": {"uv": [2.25, 3.25, 2.5, 3.4375], "texture": "#0"}
			}
		},
		{
			"from": [7.11625, -1.2351, -11.99461],
			"to": [8.86126, 0.50648, -8.35471],
			"rotation": {"angle": 0, "axis": "y", "origin": [11.53216, 3.02588, -47.10963]},
			"faces": {
				"north": {"uv": [4.75, 4.3125, 5.375, 4.6875], "texture": "#0"},
				"east": {"uv": [4.75, 4.3125, 5.375, 4.6875], "texture": "#0"},
				"south": {"uv": [4.75, 4.3125, 5.375, 4.6875], "texture": "#0"},
				"west": {"uv": [4.75, 4.3125, 5.375, 4.6875], "texture": "#0"},
				"up": {"uv": [4.75, 4.3125, 5.375, 4.6875], "texture": "#0"},
				"down": {"uv": [4.75, 4.3125, 5.375, 4.6875], "texture": "#0"}
			}
		},
		{
			"from": [6.85531, -1.49604, -8.73291],
			"to": [9.12219, 0.76741, -5.74535],
			"rotation": {"angle": 0, "axis": "y", "origin": [11.53216, 3.02588, -47.10963]},
			"faces": {
				"north": {"uv": [4.75, 4.3125, 5.375, 4.6875], "texture": "#0"},
				"east": {"uv": [4.75, 4.3125, 5.375, 4.6875], "texture": "#0"},
				"south": {"uv": [4.75, 4.3125, 5.375, 4.6875], "texture": "#0"},
				"west": {"uv": [4.75, 4.3125, 5.375, 4.6875], "texture": "#0"},
				"up": {"uv": [4.75, 4.3125, 5.375, 4.6875], "texture": "#0"},
				"down": {"uv": [4.75, 4.3125, 5.375, 4.6875], "texture": "#0"}
			}
		},
		{
			"from": [6.18714, -0.97417, -11.48856],
			"to": [7.14935, 0.24554, -6.54398],
			"rotation": {"angle": -22.5, "axis": "y", "origin": [6.66824, -0.60546, -9.01627]},
			"faces": {
				"north": {"uv": [2.25, 3.25, 2.5, 3.4375], "texture": "#0"},
				"east": {"uv": [2.25, 3.25, 2.5, 3.4375], "texture": "#0"},
				"south": {"uv": [2.25, 3.25, 2.5, 3.4375], "texture": "#0"},
				"west": {"uv": [2.25, 3.25, 2.5, 3.4375], "texture": "#0"},
				"up": {"uv": [2.25, 3.25, 2.5, 3.4375], "texture": "#0"},
				"down": {"uv": [2.25, 3.25, 2.5, 3.4375], "texture": "#0"}
			}
		},
		{
			"from": [8.7965, -0.97417, -11.48856],
			"to": [9.75871, 0.24554, -6.54398],
			"rotation": {"angle": 22.5, "axis": "y", "origin": [9.2776, -0.60546, -9.01627]},
			"faces": {
				"north": {"uv": [2.25, 3.25, 2.5, 3.4375], "texture": "#0"},
				"east": {"uv": [2.25, 3.25, 2.5, 3.4375], "texture": "#0"},
				"south": {"uv": [2.25, 3.25, 2.5, 3.4375], "texture": "#0"},
				"west": {"uv": [2.25, 3.25, 2.5, 3.4375], "texture": "#0"},
				"up": {"uv": [2.25, 3.25, 2.5, 3.4375], "texture": "#0"},
				"down": {"uv": [2.25, 3.25, 2.5, 3.4375], "texture": "#0"}
			}
		},
		{
			"from": [7.11625, -1.2351, -0.92027],
			"to": [8.86126, 0.50648, 2.71963],
			"rotation": {"angle": 0, "axis": "y", "origin": [11.53216, 3.02588, -36.0353]},
			"faces": {
				"north": {"uv": [4.75, 4.3125, 5.375, 4.6875], "texture": "#0"},
				"east": {"uv": [4.75, 4.3125, 5.375, 4.6875], "texture": "#0"},
				"south": {"uv": [4.75, 4.3125, 5.375, 4.6875], "texture": "#0"},
				"west": {"uv": [4.75, 4.3125, 5.375, 4.6875], "texture": "#0"},
				"up": {"uv": [4.75, 4.3125, 5.375, 4.6875], "texture": "#0"},
				"down": {"uv": [4.75, 4.3125, 5.375, 4.6875], "texture": "#0"}
			}
		},
		{
			"from": [6.85531, -1.49604, 2.34143],
			"to": [9.12219, 0.76741, 5.32898],
			"rotation": {"angle": 0, "axis": "y", "origin": [11.53216, 3.02588, -36.0353]},
			"faces": {
				"north": {"uv": [4.75, 4.3125, 5.375, 4.6875], "texture": "#0"},
				"east": {"uv": [4.75, 4.3125, 5.375, 4.6875], "texture": "#0"},
				"south": {"uv": [4.75, 4.3125, 5.375, 4.6875], "texture": "#0"},
				"west": {"uv": [4.75, 4.3125, 5.375, 4.6875], "texture": "#0"},
				"up": {"uv": [4.75, 4.3125, 5.375, 4.6875], "texture": "#0"},
				"down": {"uv": [4.75, 4.3125, 5.375, 4.6875], "texture": "#0"}
			}
		},
		{
			"from": [6.18714, -0.97417, -0.41423],
			"to": [7.14935, 0.24554, 4.53035],
			"rotation": {"angle": -22.5, "axis": "y", "origin": [6.66824, -0.60546, 2.05806]},
			"faces": {
				"north": {"uv": [2.25, 3.25, 2.5, 3.4375], "texture": "#0"},
				"east": {"uv": [2.25, 3.25, 2.5, 3.4375], "texture": "#0"},
				"south": {"uv": [2.25, 3.25, 2.5, 3.4375], "texture": "#0"},
				"west": {"uv": [2.25, 3.25, 2.5, 3.4375], "texture": "#0"},
				"up": {"uv": [2.25, 3.25, 2.5, 3.4375], "texture": "#0"},
				"down": {"uv": [2.25, 3.25, 2.5, 3.4375], "texture": "#0"}
			}
		},
		{
			"from": [8.7965, -0.97417, -0.41423],
			"to": [9.75871, 0.24554, 4.53035],
			"rotation": {"angle": 22.5, "axis": "y", "origin": [9.2776, -0.60546, 2.05806]},
			"faces": {
				"north": {"uv": [2.25, 3.25, 2.5, 3.4375], "texture": "#0"},
				"east": {"uv": [2.25, 3.25, 2.5, 3.4375], "texture": "#0"},
				"south": {"uv": [2.25, 3.25, 2.5, 3.4375], "texture": "#0"},
				"west": {"uv": [2.25, 3.25, 2.5, 3.4375], "texture": "#0"},
				"up": {"uv": [2.25, 3.25, 2.5, 3.4375], "texture": "#0"},
				"down": {"uv": [2.25, 3.25, 2.5, 3.4375], "texture": "#0"}
			}
		},
		{
			"from": [7.11625, -1.2351, 4.03751],
			"to": [8.86126, 0.50648, 7.67741],
			"rotation": {"angle": 0, "axis": "y", "origin": [11.53216, 3.02588, -31.07752]},
			"faces": {
				"north": {"uv": [4.75, 4.3125, 5.375, 4.6875], "texture": "#0"},
				"east": {"uv": [4.75, 4.3125, 5.375, 4.6875], "texture": "#0"},
				"south": {"uv": [4.75, 4.3125, 5.375, 4.6875], "texture": "#0"},
				"west": {"uv": [4.75, 4.3125, 5.375, 4.6875], "texture": "#0"},
				"up": {"uv": [4.75, 4.3125, 5.375, 4.6875], "texture": "#0"},
				"down": {"uv": [4.75, 4.3125, 5.375, 4.6875], "texture": "#0"}
			}
		},
		{
			"from": [6.85531, -1.49604, 7.29921],
			"to": [9.12219, 0.76741, 10.28677],
			"rotation": {"angle": 0, "axis": "y", "origin": [11.53216, 3.02588, -31.07752]},
			"faces": {
				"north": {"uv": [4.75, 4.3125, 5.375, 4.6875], "texture": "#0"},
				"east": {"uv": [4.75, 4.3125, 5.375, 4.6875], "texture": "#0"},
				"south": {"uv": [4.75, 4.3125, 5.375, 4.6875], "texture": "#0"},
				"west": {"uv": [4.75, 4.3125, 5.375, 4.6875], "texture": "#0"},
				"up": {"uv": [4.75, 4.3125, 5.375, 4.6875], "texture": "#0"},
				"down": {"uv": [4.75, 4.3125, 5.375, 4.6875], "texture": "#0"}
			}
		},
		{
			"from": [6.18714, -0.97417, 4.54355],
			"to": [7.14935, 0.24554, 9.48813],
			"rotation": {"angle": -22.5, "axis": "y", "origin": [6.66824, -0.60546, 7.01584]},
			"faces": {
				"north": {"uv": [2.25, 3.25, 2.5, 3.4375], "texture": "#0"},
				"east": {"uv": [2.25, 3.25, 2.5, 3.4375], "texture": "#0"},
				"south": {"uv": [2.25, 3.25, 2.5, 3.4375], "texture": "#0"},
				"west": {"uv": [2.25, 3.25, 2.5, 3.4375], "texture": "#0"},
				"up": {"uv": [2.25, 3.25, 2.5, 3.4375], "texture": "#0"},
				"down": {"uv": [2.25, 3.25, 2.5, 3.4375], "texture": "#0"}
			}
		},
		{
			"from": [8.7965, -0.97417, 4.54355],
			"to": [9.75871, 0.24554, 9.48813],
			"rotation": {"angle": 22.5, "axis": "y", "origin": [9.2776, -0.60546, 7.01584]},
			"faces": {
				"north": {"uv": [2.25, 3.25, 2.5, 3.4375], "texture": "#0"},
				"east": {"uv": [2.25, 3.25, 2.5, 3.4375], "texture": "#0"},
				"south": {"uv": [2.25, 3.25, 2.5, 3.4375], "texture": "#0"},
				"west": {"uv": [2.25, 3.25, 2.5, 3.4375], "texture": "#0"},
				"up": {"uv": [2.25, 3.25, 2.5, 3.4375], "texture": "#0"},
				"down": {"uv": [2.25, 3.25, 2.5, 3.4375], "texture": "#0"}
			}
		}
	],
	"display": {
		"head": {
			"translation": [0, 26.25, 75.75],
			"scale": [4, 4, 4]
		}
	},
	"groups": [
		{
			"name": "root",
			"origin": [8, 8, 8],
			"color": 0,
			"children": [
				{
					"name": "sub_wing_l",
					"origin": [8, 8, 8],
					"color": 0,
					"children": [
						{
							"name": "0",
							"origin": [8, 8, 8],
							"color": 0,
							"children": [
								{
									"name": "group",
									"origin": [-4.52632, 1.39954, 1.41919],
									"color": 0,
									"children": [0, 1, 2, 3]
								},
								{
									"name": "group",
									"origin": [-4.52632, 1.39954, 1.41919],
									"color": 0,
									"children": [4, 5, 6, 7]
								},
								{
									"name": "group",
									"origin": [-4.52632, 1.39954, 1.41919],
									"color": 0,
									"children": [8, 9, 10, 11]
								},
								{
									"name": "group",
									"origin": [-4.52632, 1.39954, 1.41919],
									"color": 0,
									"children": [12, 13, 14, 15]
								}
							]
						}
					]
				}
			]
		}
	]
}