{
	"credit": "Made with Blockbench",
	"texture_size": [64, 64],
	"textures": {
		"0": "bell/head",
		"particle": "bell/head"
	},
	"elements": [
		{
			"from": [6.93468, 5.91268, -12.08655],
			"to": [9.04615, 7.9187, -7.68227],
			"rotation": {"angle": 0, "axis": "y", "origin": [12.27793, 11.06846, -54.57573]},
			"faces": {
				"north": {"uv": [4.75, 4.3125, 5.375, 4.6875], "texture": "#0"},
				"east": {"uv": [4.75, 4.3125, 5.375, 4.6875], "texture": "#0"},
				"south": {"uv": [4.75, 4.3125, 5.375, 4.6875], "texture": "#0"},
				"west": {"uv": [4.75, 4.3125, 5.375, 4.6875], "texture": "#0"},
				"up": {"uv": [4.75, 4.3125, 5.375, 4.6875], "texture": "#0"},
				"down": {"uv": [4.75, 4.3125, 5.375, 4.6875], "texture": "#0"}
			}
		},
		{
			"from": [6.61895, 5.59694, -8.1399],
			"to": [9.36188, 8.23443, -4.52495],
			"rotation": {"angle": 0, "axis": "y", "origin": [12.27793, 11.06846, -54.57573]},
			"faces": {
				"north": {"uv": [4.75, 4.3125, 5.375, 4.6875], "texture": "#0"},
				"east": {"uv": [4.75, 4.3125, 5.375, 4.6875], "texture": "#0"},
				"south": {"uv": [4.75, 4.3125, 5.375, 4.6875], "texture": "#0"},
				"west": {"uv": [4.75, 4.3125, 5.375, 4.6875], "texture": "#0"},
				"up": {"uv": [4.75, 4.3125, 5.375, 4.6875], "texture": "#0"},
				"down": {"uv": [4.75, 4.3125, 5.375, 4.6875], "texture": "#0"}
			}
		},
		{
			"from": [5.81046, 6.22841, -11.47424],
			"to": [6.97473, 7.60297, -5.4913],
			"rotation": {"angle": -22.5, "axis": "y", "origin": [6.3926, 6.67454, -8.48277]},
			"faces": {
				"north": {"uv": [2.25, 3.25, 2.5, 3.4375], "texture": "#0"},
				"east": {"uv": [2.25, 3.25, 2.5, 3.4375], "texture": "#0"},
				"south": {"uv": [2.25, 3.25, 2.5, 3.4375], "texture": "#0"},
				"west": {"uv": [2.25, 3.25, 2.5, 3.4375], "texture": "#0"},
				"up": {"uv": [2.25, 3.25, 2.5, 3.4375], "texture": "#0"},
				"down": {"uv": [2.25, 3.25, 2.5, 3.4375], "texture": "#0"}
			}
		},
		{
			"from": [8.96779, 6.22841, -11.47424],
			"to": [10.13206, 7.60297, -5.4913],
			"rotation": {"angle": 22.5, "axis": "y", "origin": [9.54992, 6.67454, -8.48277]},
			"faces": {
				"north": {"uv": [2.25, 3.25, 2.5, 3.4375], "texture": "#0"},
				"east": {"uv": [2.25, 3.25, 2.5, 3.4375], "texture": "#0"},
				"south": {"uv": [2.25, 3.25, 2.5, 3.4375], "texture": "#0"},
				"west": {"uv": [2.25, 3.25, 2.5, 3.4375], "texture": "#0"},
				"up": {"uv": [2.25, 3.25, 2.5, 3.4375], "texture": "#0"},
				"down": {"uv": [2.25, 3.25, 2.5, 3.4375], "texture": "#0"}
			}
		},
		{
			"from": [6.93468, 5.91268, -5.45617],
			"to": [9.04615, 7.9187, -1.05189],
			"rotation": {"angle": 0, "axis": "y", "origin": [12.27793, 11.06846, -47.94535]},
			"faces": {
				"north": {"uv": [4.75, 4.3125, 5.375, 4.6875], "texture": "#0"},
				"east": {"uv": [4.75, 4.3125, 5.375, 4.6875], "texture": "#0"},
				"south": {"uv": [4.75, 4.3125, 5.375, 4.6875], "texture": "#0"},
				"west": {"uv": [4.75, 4.3125, 5.375, 4.6875], "texture": "#0"},
				"up": {"uv": [4.75, 4.3125, 5.375, 4.6875], "texture": "#0"},
				"down": {"uv": [4.75, 4.3125, 5.375, 4.6875], "texture": "#0"}
			}
		},
		{
			"from": [6.61895, 5.59694, -1.50951],
			"to": [9.36188, 8.23443, 2.10543],
			"rotation": {"angle": 0, "axis": "y", "origin": [12.27793, 11.06846, -47.94535]},
			"faces": {
				"north": {"uv": [4.75, 4.3125, 5.375, 4.6875], "texture": "#0"},
				"east": {"uv": [4.75, 4.3125, 5.375, 4.6875], "texture": "#0"},
				"south": {"uv": [4.75, 4.3125, 5.375, 4.6875], "texture": "#0"},
				"west": {"uv": [4.75, 4.3125, 5.375, 4.6875], "texture": "#0"},
				"up": {"uv": [4.75, 4.3125, 5.375, 4.6875], "texture": "#0"},
				"down": {"uv": [4.75, 4.3125, 5.375, 4.6875], "texture": "#0"}
			}
		},
		{
			"from": [5.81046, 6.22841, -4.84386],
			"to": [6.97473, 7.60297, 1.13908],
			"rotation": {"angle": -22.5, "axis": "y", "origin": [6.3926, 6.67454, -1.85239]},
			"faces": {
				"north": {"uv": [2.25, 3.25, 2.5, 3.4375], "texture": "#0"},
				"east": {"uv": [2.25, 3.25, 2.5, 3.4375], "texture": "#0"},
				"south": {"uv": [2.25, 3.25, 2.5, 3.4375], "texture": "#0"},
				"west": {"uv": [2.25, 3.25, 2.5, 3.4375], "texture": "#0"},
				"up": {"uv": [2.25, 3.25, 2.5, 3.4375], "texture": "#0"},
				"down": {"uv": [2.25, 3.25, 2.5, 3.4375], "texture": "#0"}
			}
		},
		{
			"from": [8.96779, 6.22841, -4.84386],
			"to": [10.13206, 7.60297, 1.13908],
			"rotation": {"angle": 22.5, "axis": "y", "origin": [9.54992, 6.67454, -1.85239]},
			"faces": {
				"north": {"uv": [2.25, 3.25, 2.5, 3.4375], "texture": "#0"},
				"east": {"uv": [2.25, 3.25, 2.5, 3.4375], "texture": "#0"},
				"south": {"uv": [2.25, 3.25, 2.5, 3.4375], "texture": "#0"},
				"west": {"uv": [2.25, 3.25, 2.5, 3.4375], "texture": "#0"},
				"up": {"uv": [2.25, 3.25, 2.5, 3.4375], "texture": "#0"},
				"down": {"uv": [2.25, 3.25, 2.5, 3.4375], "texture": "#0"}
			}
		},
		{
			"from": [6.93468, 5.91268, 0.57145],
			"to": [9.04615, 7.9187, 4.97573],
			"rotation": {"angle": 0, "axis": "y", "origin": [12.27793, 11.06846, -41.91773]},
			"faces": {
				"north": {"uv": [4.75, 4.3125, 5.375, 4.6875], "texture": "#0"},
				"east": {"uv": [4.75, 4.3125, 5.375, 4.6875], "texture": "#0"},
				"south": {"uv": [4.75, 4.3125, 5.375, 4.6875], "texture": "#0"},
				"west": {"uv": [4.75, 4.3125, 5.375, 4.6875], "texture": "#0"},
				"up": {"uv": [4.75, 4.3125, 5.375, 4.6875], "texture": "#0"},
				"down": {"uv": [4.75, 4.3125, 5.375, 4.6875], "texture": "#0"}
			}
		},
		{
			"from": [6.61895, 5.59694, 4.5181],
			"to": [9.36188, 8.23443, 8.13305],
			"rotation": {"angle": 0, "axis": "y", "origin": [12.27793, 11.06846, -41.91773]},
			"faces": {
				"north": {"uv": [4.75, 4.3125, 5.375, 4.6875], "texture": "#0"},
				"east": {"uv": [4.75, 4.3125, 5.375, 4.6875], "texture": "#0"},
				"south": {"uv": [4.75, 4.3125, 5.375, 4.6875], "texture": "#0"},
				"west": {"uv": [4.75, 4.3125, 5.375, 4.6875], "texture": "#0"},
				"up": {"uv": [4.75, 4.3125, 5.375, 4.6875], "texture": "#0"},
				"down": {"uv": [4.75, 4.3125, 5.375, 4.6875], "texture": "#0"}
			}
		},
		{
			"from": [5.81046, 6.22841, 1.18376],
			"to": [6.97473, 7.60297, 7.1667],
			"rotation": {"angle": -22.5, "axis": "y", "origin": [6.3926, 6.67454, 4.17523]},
			"faces": {
				"north": {"uv": [2.25, 3.25, 2.5, 3.4375], "texture": "#0"},
				"east": {"uv": [2.25, 3.25, 2.5, 3.4375], "texture": "#0"},
				"south": {"uv": [2.25, 3.25, 2.5, 3.4375], "texture": "#0"},
				"west": {"uv": [2.25, 3.25, 2.5, 3.4375], "texture": "#0"},
				"up": {"uv": [2.25, 3.25, 2.5, 3.4375], "texture": "#0"},
				"down": {"uv": [2.25, 3.25, 2.5, 3.4375], "texture": "#0"}
			}
		},
		{
			"from": [8.96779, 6.22841, 1.18376],
			"to": [10.13206, 7.60297, 7.1667],
			"rotation": {"angle": 22.5, "axis": "y", "origin": [9.54992, 6.67454, 4.17523]},
			"faces": {
				"north": {"uv": [2.25, 3.25, 2.5, 3.4375], "texture": "#0"},
				"east": {"uv": [2.25, 3.25, 2.5, 3.4375], "texture": "#0"},
				"south": {"uv": [2.25, 3.25, 2.5, 3.4375], "texture": "#0"},
				"west": {"uv": [2.25, 3.25, 2.5, 3.4375], "texture": "#0"},
				"up": {"uv": [2.25, 3.25, 2.5, 3.4375], "texture": "#0"},
				"down": {"uv": [2.25, 3.25, 2.5, 3.4375], "texture": "#0"}
			}
		},
		{
			"from": [6.93468, 5.91268, 7.28507],
			"to": [9.04615, 7.9187, 11.68934],
			"rotation": {"angle": 0, "axis": "y", "origin": [12.27793, 11.06846, -35.20412]},
			"faces": {
				"north": {"uv": [4.75, 4.3125, 5.375, 4.6875], "texture": "#0"},
				"east": {"uv": [4.75, 4.3125, 5.375, 4.6875], "texture": "#0"},
				"south": {"uv": [4.75, 4.3125, 5.375, 4.6875], "texture": "#0"},
				"west": {"uv": [4.75, 4.3125, 5.375, 4.6875], "texture": "#0"},
				"up": {"uv": [4.75, 4.3125, 5.375, 4.6875], "texture": "#0"},
				"down": {"uv": [4.75, 4.3125, 5.375, 4.6875], "texture": "#0"}
			}
		},
		{
			"from": [6.61895, 5.59694, 11.23172],
			"to": [9.36188, 8.23443, 14.84667],
			"rotation": {"angle": 0, "axis": "y", "origin": [12.27793, 11.06846, -35.20412]},
			"faces": {
				"north": {"uv": [4.75, 4.3125, 5.375, 4.6875], "texture": "#0"},
				"east": {"uv": [4.75, 4.3125, 5.375, 4.6875], "texture": "#0"},
				"south": {"uv": [4.75, 4.3125, 5.375, 4.6875], "texture": "#0"},
				"west": {"uv": [4.75, 4.3125, 5.375, 4.6875], "texture": "#0"},
				"up": {"uv": [4.75, 4.3125, 5.375, 4.6875], "texture": "#0"},
				"down": {"uv": [4.75, 4.3125, 5.375, 4.6875], "texture": "#0"}
			}
		},
		{
			"from": [5.81046, 6.22841, 7.89738],
			"to": [6.97473, 7.60297, 13.88032],
			"rotation": {"angle": -22.5, "axis": "y", "origin": [6.3926, 6.67454, 10.88885]},
			"faces": {
				"north": {"uv": [2.25, 3.25, 2.5, 3.4375], "texture": "#0"},
				"east": {"uv": [2.25, 3.25, 2.5, 3.4375], "texture": "#0"},
				"south": {"uv": [2.25, 3.25, 2.5, 3.4375], "texture": "#0"},
				"west": {"uv": [2.25, 3.25, 2.5, 3.4375], "texture": "#0"},
				"up": {"uv": [2.25, 3.25, 2.5, 3.4375], "texture": "#0"},
				"down": {"uv": [2.25, 3.25, 2.5, 3.4375], "texture": "#0"}
			}
		},
		{
			"from": [8.96779, 6.22841, 7.89738],
			"to": [10.13206, 7.60297, 13.88032],
			"rotation": {"angle": 22.5, "axis": "y", "origin": [9.54992, 6.67454, 10.88885]},
			"faces": {
				"north": {"uv": [2.25, 3.25, 2.5, 3.4375], "texture": "#0"},
				"east": {"uv": [2.25, 3.25, 2.5, 3.4375], "texture": "#0"},
				"south": {"uv": [2.25, 3.25, 2.5, 3.4375], "texture": "#0"},
				"west": {"uv": [2.25, 3.25, 2.5, 3.4375], "texture": "#0"},
				"up": {"uv": [2.25, 3.25, 2.5, 3.4375], "texture": "#0"},
				"down": {"uv": [2.25, 3.25, 2.5, 3.4375], "texture": "#0"}
			}
		}
	],
	"display": {
		"head": {
			"translation": [0, -2.75, 75.75],
			"scale": [4, 4, 4]
		}
	},
	"groups": [
		{
			"name": "root",
			"origin": [8, 8, 8],
			"color": 0,
			"children": [
				{
					"name": "sub_wing_l",
					"origin": [8, 8, 8],
					"color": 0,
					"children": [
						{
							"name": "1",
							"origin": [8, 8, 8],
							"color": 0,
							"children": [
								{
									"name": "group",
									"origin": [-4.52632, 1.39954, 1.41919],
									"color": 0,
									"children": [0, 1, 2, 3]
								},
								{
									"name": "group",
									"origin": [-4.52632, 1.39954, 1.41919],
									"color": 0,
									"children": [4, 5, 6, 7]
								},
								{
									"name": "group",
									"origin": [-4.52632, 1.39954, 1.41919],
									"color": 0,
									"children": [8, 9, 10, 11]
								},
								{
									"name": "group",
									"origin": [-4.52632, 1.39954, 1.41919],
									"color": 0,
									"children": [12, 13, 14, 15]
								}
							]
						}
					]
				}
			]
		}
	]
}