{
	"credit": "Made with Blockbench",
	"texture_size": [64, 64],
	"textures": {
		"0": "bell/head",
		"particle": "bell/head"
	},
	"elements": [
		{
			"from": [5.89148, 5.03731, -1.25031],
			"to": [10.07383, 8.20901, 3.26415],
			"rotation": {"angle": 0, "axis": "y", "origin": [11.06079, 8.11544, -24.7324]},
			"faces": {
				"north": {"uv": [2.25, 3.5625, 3.25, 4.125], "texture": "#0"},
				"east": {"uv": [2.25, 3.5625, 3.25, 4.125], "texture": "#0"},
				"south": {"uv": [2.25, 3.5625, 3.25, 4.125], "texture": "#0"},
				"west": {"uv": [2.25, 3.5625, 3.25, 4.125], "texture": "#0"},
				"up": {"uv": [2.25, 3.5625, 3.25, 4.125], "texture": "#0"},
				"down": {"uv": [2.25, 3.5625, 3.25, 4.125], "texture": "#0"}
			}
		},
		{
			"from": [6.34954, 8.1174, -1.25031],
			"to": [9.61578, 9.35415, 3.26415],
			"rotation": {"angle": 0, "axis": "y", "origin": [11.06079, 8.11544, -24.7324]},
			"faces": {
				"north": {"uv": [2.25, 3.5625, 3.25, 4.125], "texture": "#0"},
				"east": {"uv": [2.25, 3.5625, 3.25, 4.125], "texture": "#0"},
				"south": {"uv": [2.25, 3.5625, 3.25, 4.125], "texture": "#0"},
				"west": {"uv": [2.25, 3.5625, 3.25, 4.125], "texture": "#0"},
				"up": {"uv": [2.25, 3.5625, 3.25, 4.125], "texture": "#0"},
				"down": {"uv": [2.25, 3.5625, 3.25, 4.125], "texture": "#0"}
			}
		},
		{
			"from": [6.57857, 4.00669, -1.25031],
			"to": [9.38675, 5.09075, 3.26415],
			"rotation": {"angle": 0, "axis": "y", "origin": [11.06079, 8.11544, -24.7324]},
			"faces": {
				"north": {"uv": [0, 0, 1.1875, 0.6875], "texture": "#0"},
				"east": {"uv": [0, 0, 1.1875, 0.6875], "rotation": 270, "texture": "#0"},
				"south": {"uv": [0, 0, 1.1875, 0.6875], "texture": "#0"},
				"west": {"uv": [0, 0, 1.1875, 0.6875], "rotation": 90, "texture": "#0"},
				"up": {"uv": [0, 0, 1.1875, 0.6875], "texture": "#0"},
				"down": {"uv": [0, 0, 1.1875, 0.6875], "texture": "#0"}
			}
		},
		{
			"from": [6.10442, 5.16945, 3.13315],
			"to": [9.86853, 8.11823, 7.10192],
			"rotation": {"angle": 0, "axis": "y", "origin": [10.75679, 7.93976, -16.86973]},
			"faces": {
				"north": {"uv": [2.25, 3.5625, 3.25, 4.125], "texture": "#0"},
				"east": {"uv": [2.25, 3.5625, 3.25, 4.125], "texture": "#0"},
				"south": {"uv": [2.25, 3.5625, 3.25, 4.125], "texture": "#0"},
				"west": {"uv": [2.25, 3.5625, 3.25, 4.125], "texture": "#0"},
				"up": {"uv": [2.25, 3.5625, 3.25, 4.125], "texture": "#0"},
				"down": {"uv": [2.25, 3.5625, 3.25, 4.125], "texture": "#0"}
			}
		},
		{
			"from": [6.51667, 8.03578, 3.13315],
			"to": [9.45628, 9.14885, 7.10192],
			"rotation": {"angle": 0, "axis": "y", "origin": [10.75679, 7.93976, -16.86973]},
			"faces": {
				"north": {"uv": [2.25, 3.5625, 3.25, 4.125], "texture": "#0"},
				"east": {"uv": [2.25, 3.5625, 3.25, 4.125], "texture": "#0"},
				"south": {"uv": [2.25, 3.5625, 3.25, 4.125], "texture": "#0"},
				"west": {"uv": [2.25, 3.5625, 3.25, 4.125], "texture": "#0"},
				"up": {"uv": [2.25, 3.5625, 3.25, 4.125], "texture": "#0"},
				"down": {"uv": [2.25, 3.5625, 3.25, 4.125], "texture": "#0"}
			}
		},
		{
			"from": [6.72279, 4.24189, 3.13315],
			"to": [9.25016, 5.21754, 7.10192],
			"rotation": {"angle": 0, "axis": "y", "origin": [10.75679, 7.93976, -16.86973]},
			"faces": {
				"north": {"uv": [0, 0, 1.1875, 0.6875], "texture": "#0"},
				"east": {"uv": [0, 0, 1.1875, 0.6875], "rotation": 270, "texture": "#0"},
				"south": {"uv": [0, 0, 1.1875, 0.6875], "texture": "#0"},
				"west": {"uv": [0, 0, 1.1875, 0.6875], "rotation": 90, "texture": "#0"},
				"up": {"uv": [0, 0, 1.1875, 0.6875], "texture": "#0"},
				"down": {"uv": [0, 0, 1.1875, 0.6875], "texture": "#0"}
			}
		},
		{
			"from": [6.66365, 7.89773, 7.13878],
			"to": [9.3093, 8.8995, 11.10754],
			"rotation": {"angle": 0, "axis": "y", "origin": [10.47976, 7.81132, -16.86973]},
			"faces": {
				"north": {"uv": [2.25, 3.5625, 3.25, 4.125], "texture": "#0"},
				"east": {"uv": [2.25, 3.5625, 3.25, 4.125], "texture": "#0"},
				"south": {"uv": [2.25, 3.5625, 3.25, 4.125], "texture": "#0"},
				"west": {"uv": [2.25, 3.5625, 3.25, 4.125], "texture": "#0"},
				"up": {"uv": [2.25, 3.5625, 3.25, 4.125], "texture": "#0"},
				"down": {"uv": [2.25, 3.5625, 3.25, 4.125], "texture": "#0"}
			}
		},
		{
			"from": [6.29262, 5.31803, 7.13878],
			"to": [9.68032, 7.97194, 11.10754],
			"rotation": {"angle": 0, "axis": "y", "origin": [10.47976, 7.81132, -16.86973]},
			"faces": {
				"north": {"uv": [2.25, 3.5625, 3.25, 4.125], "texture": "#0"},
				"east": {"uv": [2.25, 3.5625, 3.25, 4.125], "texture": "#0"},
				"south": {"uv": [2.25, 3.5625, 3.25, 4.125], "texture": "#0"},
				"west": {"uv": [2.25, 3.5625, 3.25, 4.125], "texture": "#0"},
				"up": {"uv": [2.25, 3.5625, 3.25, 4.125], "texture": "#0"},
				"down": {"uv": [2.25, 3.5625, 3.25, 4.125], "texture": "#0"}
			}
		},
		{
			"from": [6.84916, 4.48323, 7.13878],
			"to": [9.12379, 5.36132, 11.10754],
			"rotation": {"angle": 0, "axis": "y", "origin": [10.47976, 7.81132, -16.86973]},
			"faces": {
				"north": {"uv": [0, 0, 1.1875, 0.6875], "texture": "#0"},
				"east": {"uv": [0, 0, 1.1875, 0.6875], "rotation": 270, "texture": "#0"},
				"south": {"uv": [0, 0, 1.1875, 0.6875], "texture": "#0"},
				"west": {"uv": [0, 0, 1.1875, 0.6875], "rotation": 90, "texture": "#0"},
				"up": {"uv": [0, 0, 1.1875, 0.6875], "texture": "#0"},
				"down": {"uv": [0, 0, 1.1875, 0.6875], "texture": "#0"}
			}
		},
		{
			"from": [8.64191, 8.83701, 0.05909],
			"to": [9.54488, 9.9567, 2.83302],
			"rotation": {"angle": -22.5, "axis": "x", "origin": [9.09339, 9.58347, 1.65831]},
			"faces": {
				"north": {"uv": [2.25, 3.5625, 3.25, 4.125], "texture": "#0"},
				"east": {"uv": [2.25, 3.5625, 3.25, 4.125], "texture": "#0"},
				"south": {"uv": [2.25, 3.5625, 3.25, 4.125], "texture": "#0"},
				"west": {"uv": [2.25, 3.5625, 3.25, 4.125], "texture": "#0"},
				"up": {"uv": [2.25, 3.5625, 3.25, 4.125], "texture": "#0"},
				"down": {"uv": [2.25, 3.5625, 3.25, 4.125], "texture": "#0"}
			}
		},
		{
			"from": [7.52222, 10.356, 0.1406],
			"to": [8.42519, 11.47569, 2.91453],
			"rotation": {"angle": -45, "axis": "x", "origin": [7.9737, 10.6919, 3.08344]},
			"faces": {
				"north": {"uv": [2.25, 3.5625, 3.25, 4.125], "texture": "#0"},
				"east": {"uv": [2.25, 3.5625, 3.25, 4.125], "texture": "#0"},
				"south": {"uv": [2.25, 3.5625, 3.25, 4.125], "texture": "#0"},
				"west": {"uv": [2.25, 3.5625, 3.25, 4.125], "texture": "#0"},
				"up": {"uv": [2.25, 3.5625, 3.25, 4.125], "texture": "#0"},
				"down": {"uv": [2.25, 3.5625, 3.25, 4.125], "texture": "#0"}
			}
		},
		{
			"from": [6.40253, 8.83701, 0.05909],
			"to": [7.3055, 9.9567, 2.83302],
			"rotation": {"angle": -22.5, "axis": "x", "origin": [6.85401, 9.58347, 1.65831]},
			"faces": {
				"north": {"uv": [2.25, 3.5625, 3.25, 4.125], "texture": "#0"},
				"east": {"uv": [2.25, 3.5625, 3.25, 4.125], "texture": "#0"},
				"south": {"uv": [2.25, 3.5625, 3.25, 4.125], "texture": "#0"},
				"west": {"uv": [2.25, 3.5625, 3.25, 4.125], "texture": "#0"},
				"up": {"uv": [2.25, 3.5625, 3.25, 4.125], "texture": "#0"},
				"down": {"uv": [2.25, 3.5625, 3.25, 4.125], "texture": "#0"}
			}
		},
		{
			"from": [8.57509, 8.70023, 3.96619],
			"to": [9.38776, 9.70795, 6.50985],
			"rotation": {"angle": -22.5, "axis": "x", "origin": [8.98142, 9.37205, 5.40548]},
			"faces": {
				"north": {"uv": [2.25, 3.5625, 3.25, 4.125], "texture": "#0"},
				"east": {"uv": [2.25, 3.5625, 3.25, 4.125], "texture": "#0"},
				"south": {"uv": [2.25, 3.5625, 3.25, 4.125], "texture": "#0"},
				"west": {"uv": [2.25, 3.5625, 3.25, 4.125], "texture": "#0"},
				"up": {"uv": [2.25, 3.5625, 3.25, 4.125], "texture": "#0"},
				"down": {"uv": [2.25, 3.5625, 3.25, 4.125], "texture": "#0"}
			}
		},
		{
			"from": [7.56737, 10.06732, 4.03954],
			"to": [8.38004, 11.07504, 6.5832],
			"rotation": {"angle": -45, "axis": "x", "origin": [7.9737, 10.36964, 6.6881]},
			"faces": {
				"north": {"uv": [2.25, 3.5625, 3.25, 4.125], "texture": "#0"},
				"east": {"uv": [2.25, 3.5625, 3.25, 4.125], "texture": "#0"},
				"south": {"uv": [2.25, 3.5625, 3.25, 4.125], "texture": "#0"},
				"west": {"uv": [2.25, 3.5625, 3.25, 4.125], "texture": "#0"},
				"up": {"uv": [2.25, 3.5625, 3.25, 4.125], "texture": "#0"},
				"down": {"uv": [2.25, 3.5625, 3.25, 4.125], "texture": "#0"}
			}
		},
		{
			"from": [6.55965, 8.70023, 3.96619],
			"to": [7.37232, 9.70795, 6.50985],
			"rotation": {"angle": -22.5, "axis": "x", "origin": [6.96598, 9.37205, 5.40548]},
			"faces": {
				"north": {"uv": [2.25, 3.5625, 3.25, 4.125], "texture": "#0"},
				"east": {"uv": [2.25, 3.5625, 3.25, 4.125], "texture": "#0"},
				"south": {"uv": [2.25, 3.5625, 3.25, 4.125], "texture": "#0"},
				"west": {"uv": [2.25, 3.5625, 3.25, 4.125], "texture": "#0"},
				"up": {"uv": [2.25, 3.5625, 3.25, 4.125], "texture": "#0"},
				"down": {"uv": [2.25, 3.5625, 3.25, 4.125], "texture": "#0"}
			}
		},
		{
			"from": [8.51495, 8.46404, 7.85958],
			"to": [9.24635, 9.37098, 10.196],
			"rotation": {"angle": -22.5, "axis": "x", "origin": [8.88065, 9.06867, 9.15494]},
			"faces": {
				"north": {"uv": [2.25, 3.5625, 3.25, 4.125], "texture": "#0"},
				"east": {"uv": [2.25, 3.5625, 3.25, 4.125], "texture": "#0"},
				"south": {"uv": [2.25, 3.5625, 3.25, 4.125], "texture": "#0"},
				"west": {"uv": [2.25, 3.5625, 3.25, 4.125], "texture": "#0"},
				"up": {"uv": [2.25, 3.5625, 3.25, 4.125], "texture": "#0"},
				"down": {"uv": [2.25, 3.5625, 3.25, 4.125], "texture": "#0"}
			}
		},
		{
			"from": [7.608, 9.69442, 7.92559],
			"to": [8.3394, 10.60137, 10.26202],
			"rotation": {"angle": -45, "axis": "x", "origin": [7.9737, 9.9665, 10.3093]},
			"faces": {
				"north": {"uv": [2.25, 3.5625, 3.25, 4.125], "texture": "#0"},
				"east": {"uv": [2.25, 3.5625, 3.25, 4.125], "texture": "#0"},
				"south": {"uv": [2.25, 3.5625, 3.25, 4.125], "texture": "#0"},
				"west": {"uv": [2.25, 3.5625, 3.25, 4.125], "texture": "#0"},
				"up": {"uv": [2.25, 3.5625, 3.25, 4.125], "texture": "#0"},
				"down": {"uv": [2.25, 3.5625, 3.25, 4.125], "texture": "#0"}
			}
		},
		{
			"from": [6.70105, 8.46404, 7.85958],
			"to": [7.43246, 9.37098, 10.196],
			"rotation": {"angle": -22.5, "axis": "x", "origin": [7.06675, 9.06867, 9.15494]},
			"faces": {
				"north": {"uv": [2.25, 3.5625, 3.25, 4.125], "texture": "#0"},
				"east": {"uv": [2.25, 3.5625, 3.25, 4.125], "texture": "#0"},
				"south": {"uv": [2.25, 3.5625, 3.25, 4.125], "texture": "#0"},
				"west": {"uv": [2.25, 3.5625, 3.25, 4.125], "texture": "#0"},
				"up": {"uv": [2.25, 3.5625, 3.25, 4.125], "texture": "#0"},
				"down": {"uv": [2.25, 3.5625, 3.25, 4.125], "texture": "#0"}
			}
		}
	],
	"display": {
		"head": {
			"translation": [0, -1.25, 32.75],
			"scale": [4, 4, 4]
		}
	},
	"groups": [
		{
			"name": "root",
			"origin": [8, 8, 8],
			"color": 0,
			"children": [
				{
					"name": "tail",
					"origin": [8, 8, 8],
					"color": 0,
					"children": [
						{
							"name": "1",
							"origin": [8, 8, 8],
							"color": 0,
							"children": [
								{
									"name": "group",
									"origin": [8, 8, 8],
									"color": 0,
									"children": [0, 1, 2]
								},
								{
									"name": "group",
									"origin": [8, 8, 8],
									"color": 0,
									"children": [3, 4, 5, 6, 7, 8]
								},
								9,
								10,
								11,
								12,
								13,
								14,
								15,
								16,
								17
							]
						}
					]
				}
			]
		}
	]
}