{
	"credit": "Made with Blockbench",
	"texture_size": [64, 64],
	"textures": {
		"0": "bell/head",
		"particle": "bell/head"
	},
	"elements": [
		{
			"from": [6.29262, 4.94103, 11.09728],
			"to": [10.06262, 8.71103, 20.52228],
			"rotation": {"angle": 0, "axis": "y", "origin": [10.47976, 7.81132, -16.86973]},
			"faces": {
				"north": {"uv": [2.25, 3.5625, 3.25, 4.125], "texture": "#0"},
				"east": {"uv": [2.25, 3.5625, 3.25, 4.125], "texture": "#0"},
				"south": {"uv": [2.25, 3.5625, 3.25, 4.125], "texture": "#0"},
				"west": {"uv": [2.25, 3.5625, 3.25, 4.125], "texture": "#0"},
				"up": {"uv": [2.25, 3.5625, 3.25, 4.125], "texture": "#0"},
				"down": {"uv": [2.25, 3.5625, 3.25, 4.125], "texture": "#0"}
			}
		},
		{
			"from": [6.29262, 4.46978, 12.51103],
			"to": [10.06262, 9.18228, 19.10853],
			"rotation": {"angle": 0, "axis": "y", "origin": [10.47976, 7.81132, -16.86973]},
			"faces": {
				"north": {"uv": [2.25, 3.5625, 3.25, 4.125], "texture": "#0"},
				"east": {"uv": [2.25, 3.5625, 3.25, 4.125], "texture": "#0"},
				"south": {"uv": [2.25, 3.5625, 3.25, 4.125], "texture": "#0"},
				"west": {"uv": [2.25, 3.5625, 3.25, 4.125], "texture": "#0"},
				"up": {"uv": [2.25, 3.5625, 3.25, 4.125], "texture": "#0"},
				"down": {"uv": [2.25, 3.5625, 3.25, 4.125], "texture": "#0"}
			}
		},
		{
			"from": [5.82137, 4.94103, 12.51103],
			"to": [10.53387, 8.71103, 19.10853],
			"rotation": {"angle": 0, "axis": "y", "origin": [8.17762, 6.82603, 15.80978]},
			"faces": {
				"north": {"uv": [2.25, 3.5625, 3.25, 4.125], "rotation": 270, "texture": "#0"},
				"east": {"uv": [2.25, 3.5625, 3.25, 4.125], "rotation": 270, "texture": "#0"},
				"south": {"uv": [2.25, 3.5625, 3.25, 4.125], "rotation": 270, "texture": "#0"},
				"west": {"uv": [2.25, 3.5625, 3.25, 4.125], "rotation": 270, "texture": "#0"},
				"up": {"uv": [2.25, 3.5625, 3.25, 4.125], "rotation": 270, "texture": "#0"},
				"down": {"uv": [2.25, 3.5625, 3.25, 4.125], "rotation": 270, "texture": "#0"}
			}
		},
		{
			"from": [6.76387, 5.41228, 20.52228],
			"to": [9.59137, 8.23978, 22.87853],
			"rotation": {"angle": 0, "axis": "y", "origin": [10.47976, 7.81132, -16.86973]},
			"faces": {
				"north": {"uv": [2.25, 3.5625, 3.25, 4.125], "texture": "#0"},
				"east": {"uv": [2.25, 3.5625, 3.25, 4.125], "texture": "#0"},
				"south": {"uv": [2.25, 3.5625, 3.25, 4.125], "texture": "#0"},
				"west": {"uv": [2.25, 3.5625, 3.25, 4.125], "texture": "#0"},
				"up": {"uv": [2.25, 3.5625, 3.25, 4.125], "texture": "#0"},
				"down": {"uv": [2.25, 3.5625, 3.25, 4.125], "texture": "#0"}
			}
		},
		{
			"from": [7.42362, 6.07203, 22.87853],
			"to": [8.93162, 7.58003, 24.76353],
			"rotation": {"angle": 0, "axis": "y", "origin": [10.47976, 7.81132, -16.86973]},
			"faces": {
				"north": {"uv": [2.25, 3.5625, 3.25, 4.125], "texture": "#0"},
				"east": {"uv": [2.25, 3.5625, 3.25, 4.125], "texture": "#0"},
				"south": {"uv": [2.25, 3.5625, 3.25, 4.125], "texture": "#0"},
				"west": {"uv": [2.25, 3.5625, 3.25, 4.125], "texture": "#0"},
				"up": {"uv": [2.25, 3.5625, 3.25, 4.125], "texture": "#0"},
				"down": {"uv": [2.25, 3.5625, 3.25, 4.125], "texture": "#0"}
			}
		},
		{
			"from": [7.89487, 6.54328, 24.29228],
			"to": [8.46037, 7.10878, 27.11978],
			"rotation": {"angle": 0, "axis": "y", "origin": [10.47976, 7.81132, -16.86973]},
			"faces": {
				"north": {"uv": [2.25, 3.5625, 3.25, 4.125], "texture": "#0"},
				"east": {"uv": [2.25, 3.5625, 3.25, 4.125], "texture": "#0"},
				"south": {"uv": [2.25, 3.5625, 3.25, 4.125], "texture": "#0"},
				"west": {"uv": [2.25, 3.5625, 3.25, 4.125], "texture": "#0"},
				"up": {"uv": [2.25, 3.5625, 3.25, 4.125], "texture": "#0"},
				"down": {"uv": [2.25, 3.5625, 3.25, 4.125], "texture": "#0"}
			}
		},
		{
			"from": [2.3198, 6.35478, 14.24677],
			"to": [7.9748, 7.29728, 15.18927],
			"rotation": {"angle": 22.5, "axis": "y", "origin": [7.9737, 6.82603, 19.01464]},
			"faces": {
				"north": {"uv": [2.25, 3.5625, 3.25, 4.125], "rotation": 90, "texture": "#0"},
				"east": {"uv": [2.25, 3.5625, 3.25, 4.125], "rotation": 90, "texture": "#0"},
				"south": {"uv": [2.25, 3.5625, 3.25, 4.125], "rotation": 90, "texture": "#0"},
				"west": {"uv": [2.25, 3.5625, 3.25, 4.125], "rotation": 90, "texture": "#0"},
				"up": {"uv": [2.25, 3.5625, 3.25, 4.125], "rotation": 90, "texture": "#0"},
				"down": {"uv": [2.25, 3.5625, 3.25, 4.125], "rotation": 90, "texture": "#0"}
			}
		},
		{
			"from": [7.50245, 6.82494, 14.24677],
			"to": [8.44495, 12.47994, 15.18927],
			"rotation": {"angle": 22.5, "axis": "x", "origin": [7.9737, 6.82603, 19.01464]},
			"faces": {
				"north": {"uv": [2.25, 3.5625, 3.25, 4.125], "texture": "#0"},
				"east": {"uv": [2.25, 3.5625, 3.25, 4.125], "texture": "#0"},
				"south": {"uv": [2.25, 3.5625, 3.25, 4.125], "texture": "#0"},
				"west": {"uv": [2.25, 3.5625, 3.25, 4.125], "texture": "#0"},
				"up": {"uv": [2.25, 3.5625, 3.25, 4.125], "texture": "#0"},
				"down": {"uv": [2.25, 3.5625, 3.25, 4.125], "texture": "#0"}
			}
		},
		{
			"from": [2.76544, 6.35478, 16.31971],
			"to": [8.42044, 7.29728, 17.26221],
			"rotation": {"angle": 45, "axis": "y", "origin": [7.9737, 6.82603, 19.01464]},
			"faces": {
				"north": {"uv": [2.25, 3.5625, 3.25, 4.125], "rotation": 90, "texture": "#0"},
				"east": {"uv": [2.25, 3.5625, 3.25, 4.125], "rotation": 90, "texture": "#0"},
				"south": {"uv": [2.25, 3.5625, 3.25, 4.125], "rotation": 90, "texture": "#0"},
				"west": {"uv": [2.25, 3.5625, 3.25, 4.125], "rotation": 90, "texture": "#0"},
				"up": {"uv": [2.25, 3.5625, 3.25, 4.125], "rotation": 90, "texture": "#0"},
				"down": {"uv": [2.25, 3.5625, 3.25, 4.125], "rotation": 90, "texture": "#0"}
			}
		},
		{
			"from": [7.50245, 6.37929, 16.31971],
			"to": [8.44495, 12.03429, 17.26221],
			"rotation": {"angle": 45, "axis": "x", "origin": [7.9737, 6.82603, 19.01464]},
			"faces": {
				"north": {"uv": [2.25, 3.5625, 3.25, 4.125], "texture": "#0"},
				"east": {"uv": [2.25, 3.5625, 3.25, 4.125], "texture": "#0"},
				"south": {"uv": [2.25, 3.5625, 3.25, 4.125], "texture": "#0"},
				"west": {"uv": [2.25, 3.5625, 3.25, 4.125], "texture": "#0"},
				"up": {"uv": [2.25, 3.5625, 3.25, 4.125], "texture": "#0"},
				"down": {"uv": [2.25, 3.5625, 3.25, 4.125], "texture": "#0"}
			}
		},
		{
			"from": [2.29419, 6.35478, 19.14721],
			"to": [7.00669, 7.29728, 20.08971],
			"rotation": {"angle": 45, "axis": "y", "origin": [7.9737, 6.82603, 19.01464]},
			"faces": {
				"north": {"uv": [2.25, 3.5625, 3.25, 4.125], "rotation": 90, "texture": "#0"},
				"east": {"uv": [2.25, 3.5625, 3.25, 4.125], "rotation": 90, "texture": "#0"},
				"south": {"uv": [2.25, 3.5625, 3.25, 4.125], "rotation": 90, "texture": "#0"},
				"west": {"uv": [2.25, 3.5625, 3.25, 4.125], "rotation": 90, "texture": "#0"},
				"up": {"uv": [2.25, 3.5625, 3.25, 4.125], "rotation": 90, "texture": "#0"},
				"down": {"uv": [2.25, 3.5625, 3.25, 4.125], "rotation": 90, "texture": "#0"}
			}
		},
		{
			"from": [7.97261, 6.35478, 14.24677],
			"to": [13.62761, 7.29728, 15.18927],
			"rotation": {"angle": -22.5, "axis": "y", "origin": [7.9737, 6.82603, 19.01464]},
			"faces": {
				"north": {"uv": [2.25, 3.5625, 3.25, 4.125], "rotation": 90, "texture": "#0"},
				"east": {"uv": [2.25, 3.5625, 3.25, 4.125], "rotation": 90, "texture": "#0"},
				"south": {"uv": [2.25, 3.5625, 3.25, 4.125], "rotation": 90, "texture": "#0"},
				"west": {"uv": [2.25, 3.5625, 3.25, 4.125], "rotation": 90, "texture": "#0"},
				"up": {"uv": [2.25, 3.5625, 3.25, 4.125], "rotation": 90, "texture": "#0"},
				"down": {"uv": [2.25, 3.5625, 3.25, 4.125], "rotation": 90, "texture": "#0"}
			}
		},
		{
			"from": [7.52696, 6.35478, 16.31971],
			"to": [13.18196, 7.29728, 17.26221],
			"rotation": {"angle": -45, "axis": "y", "origin": [7.9737, 6.82603, 19.01464]},
			"faces": {
				"north": {"uv": [2.25, 3.5625, 3.25, 4.125], "rotation": 90, "texture": "#0"},
				"east": {"uv": [2.25, 3.5625, 3.25, 4.125], "rotation": 90, "texture": "#0"},
				"south": {"uv": [2.25, 3.5625, 3.25, 4.125], "rotation": 90, "texture": "#0"},
				"west": {"uv": [2.25, 3.5625, 3.25, 4.125], "rotation": 90, "texture": "#0"},
				"up": {"uv": [2.25, 3.5625, 3.25, 4.125], "rotation": 90, "texture": "#0"},
				"down": {"uv": [2.25, 3.5625, 3.25, 4.125], "rotation": 90, "texture": "#0"}
			}
		},
		{
			"from": [8.94071, 6.35478, 19.14721],
			"to": [13.65321, 7.29728, 20.08971],
			"rotation": {"angle": -45, "axis": "y", "origin": [7.9737, 6.82603, 19.01464]},
			"faces": {
				"north": {"uv": [2.25, 3.5625, 3.25, 4.125], "rotation": 90, "texture": "#0"},
				"east": {"uv": [2.25, 3.5625, 3.25, 4.125], "rotation": 90, "texture": "#0"},
				"south": {"uv": [2.25, 3.5625, 3.25, 4.125], "rotation": 90, "texture": "#0"},
				"west": {"uv": [2.25, 3.5625, 3.25, 4.125], "rotation": 90, "texture": "#0"},
				"up": {"uv": [2.25, 3.5625, 3.25, 4.125], "rotation": 90, "texture": "#0"},
				"down": {"uv": [2.25, 3.5625, 3.25, 4.125], "rotation": 90, "texture": "#0"}
			}
		},
		{
			"from": [7.50245, 7.79304, 19.14721],
			"to": [8.44495, 12.50554, 20.08971],
			"rotation": {"angle": 45, "axis": "x", "origin": [7.9737, 6.82603, 19.01464]},
			"faces": {
				"north": {"uv": [2.25, 3.5625, 3.25, 4.125], "rotation": 180, "texture": "#0"},
				"east": {"uv": [2.25, 3.5625, 3.25, 4.125], "rotation": 180, "texture": "#0"},
				"south": {"uv": [2.25, 3.5625, 3.25, 4.125], "rotation": 180, "texture": "#0"},
				"west": {"uv": [2.25, 3.5625, 3.25, 4.125], "rotation": 180, "texture": "#0"},
				"up": {"uv": [2.25, 3.5625, 3.25, 4.125], "rotation": 180, "texture": "#0"},
				"down": {"uv": [2.25, 3.5625, 3.25, 4.125], "rotation": 180, "texture": "#0"}
			}
		},
		{
			"from": [5.99445, 6.53209, 14.4082],
			"to": [6.74845, 11.05609, 15.1622],
			"rotation": {"angle": 45, "axis": "x", "origin": [6.37145, 6.88948, 16.56414]},
			"faces": {
				"north": {"uv": [2.25, 3.5625, 3.25, 4.125], "texture": "#0"},
				"east": {"uv": [2.25, 3.5625, 3.25, 4.125], "texture": "#0"},
				"south": {"uv": [2.25, 3.5625, 3.25, 4.125], "texture": "#0"},
				"west": {"uv": [2.25, 3.5625, 3.25, 4.125], "texture": "#0"},
				"up": {"uv": [2.25, 3.5625, 3.25, 4.125], "texture": "#0"},
				"down": {"uv": [2.25, 3.5625, 3.25, 4.125], "texture": "#0"}
			}
		},
		{
			"from": [5.99445, 6.88861, 12.74984],
			"to": [6.74845, 11.41261, 13.50384],
			"rotation": {"angle": 22.5, "axis": "x", "origin": [6.37145, 6.88948, 16.56414]},
			"faces": {
				"north": {"uv": [2.25, 3.5625, 3.25, 4.125], "texture": "#0"},
				"east": {"uv": [2.25, 3.5625, 3.25, 4.125], "texture": "#0"},
				"south": {"uv": [2.25, 3.5625, 3.25, 4.125], "texture": "#0"},
				"west": {"uv": [2.25, 3.5625, 3.25, 4.125], "texture": "#0"},
				"up": {"uv": [2.25, 3.5625, 3.25, 4.125], "texture": "#0"},
				"down": {"uv": [2.25, 3.5625, 3.25, 4.125], "texture": "#0"}
			}
		},
		{
			"from": [5.99445, 7.66309, 16.6702],
			"to": [6.74845, 11.43309, 17.4242],
			"rotation": {"angle": 45, "axis": "x", "origin": [6.37145, 6.88948, 16.56414]},
			"faces": {
				"north": {"uv": [2.25, 3.5625, 3.25, 4.125], "rotation": 180, "texture": "#0"},
				"east": {"uv": [2.25, 3.5625, 3.25, 4.125], "rotation": 180, "texture": "#0"},
				"south": {"uv": [2.25, 3.5625, 3.25, 4.125], "rotation": 180, "texture": "#0"},
				"west": {"uv": [2.25, 3.5625, 3.25, 4.125], "rotation": 180, "texture": "#0"},
				"up": {"uv": [2.25, 3.5625, 3.25, 4.125], "rotation": 180, "texture": "#0"},
				"down": {"uv": [2.25, 3.5625, 3.25, 4.125], "rotation": 180, "texture": "#0"}
			}
		},
		{
			"from": [9.19895, 7.66309, 16.6702],
			"to": [9.95295, 11.43309, 17.4242],
			"rotation": {"angle": 45, "axis": "x", "origin": [9.57595, 6.88948, 16.56414]},
			"faces": {
				"north": {"uv": [2.25, 3.5625, 3.25, 4.125], "rotation": 180, "texture": "#0"},
				"east": {"uv": [2.25, 3.5625, 3.25, 4.125], "rotation": 180, "texture": "#0"},
				"south": {"uv": [2.25, 3.5625, 3.25, 4.125], "rotation": 180, "texture": "#0"},
				"west": {"uv": [2.25, 3.5625, 3.25, 4.125], "rotation": 180, "texture": "#0"},
				"up": {"uv": [2.25, 3.5625, 3.25, 4.125], "rotation": 180, "texture": "#0"},
				"down": {"uv": [2.25, 3.5625, 3.25, 4.125], "rotation": 180, "texture": "#0"}
			}
		},
		{
			"from": [9.19895, 6.88861, 12.74984],
			"to": [9.95295, 11.41261, 13.50384],
			"rotation": {"angle": 22.5, "axis": "x", "origin": [9.57595, 6.88948, 16.56414]},
			"faces": {
				"north": {"uv": [2.25, 3.5625, 3.25, 4.125], "texture": "#0"},
				"east": {"uv": [2.25, 3.5625, 3.25, 4.125], "texture": "#0"},
				"south": {"uv": [2.25, 3.5625, 3.25, 4.125], "texture": "#0"},
				"west": {"uv": [2.25, 3.5625, 3.25, 4.125], "texture": "#0"},
				"up": {"uv": [2.25, 3.5625, 3.25, 4.125], "texture": "#0"},
				"down": {"uv": [2.25, 3.5625, 3.25, 4.125], "texture": "#0"}
			}
		},
		{
			"from": [9.19895, 6.53209, 14.4082],
			"to": [9.95295, 11.05609, 15.1622],
			"rotation": {"angle": 45, "axis": "x", "origin": [9.57595, 6.88948, 16.56414]},
			"faces": {
				"north": {"uv": [2.25, 3.5625, 3.25, 4.125], "texture": "#0"},
				"east": {"uv": [2.25, 3.5625, 3.25, 4.125], "texture": "#0"},
				"south": {"uv": [2.25, 3.5625, 3.25, 4.125], "texture": "#0"},
				"west": {"uv": [2.25, 3.5625, 3.25, 4.125], "texture": "#0"},
				"up": {"uv": [2.25, 3.5625, 3.25, 4.125], "texture": "#0"},
				"down": {"uv": [2.25, 3.5625, 3.25, 4.125], "texture": "#0"}
			}
		}
	],
	"display": {
		"head": {
			"translation": [0, -2.25, -16.25],
			"scale": [4, 4, 4]
		}
	},
	"groups": [
		{
			"name": "root",
			"origin": [8, 8, 8],
			"color": 0,
			"children": [
				{
					"name": "tail",
					"origin": [8, 8, 8],
					"color": 0,
					"children": [
						{
							"name": "2",
							"origin": [8, 8, 8],
							"color": 0,
							"children": [
								0,
								1,
								2,
								3,
								4,
								5,
								{
									"name": "group",
									"origin": [8, 8, 8],
									"color": 0,
									"children": [6, 7, 8, 9, 10, 11, 12, 13, 14, 15, 16, 17, 18, 19, 20]
								}
							]
						}
					]
				}
			]
		}
	]
}