{
	"credit": "Made with Blockbench",
	"texture_size": [64, 64],
	"textures": {
		"0": "bell/head",
		"particle": "bell/head"
	},
	"elements": [
		{
			"from": [5.39201, 4.76412, -11.7518],
			"to": [10.5554, 8.45872, -5.95731],
			"rotation": {"angle": 0, "axis": "y", "origin": [11.77386, 8.56428, -43.06919]},
			"faces": {
				"north": {"uv": [2.25, 3.5625, 3.25, 4.125], "texture": "#0"},
				"east": {"uv": [2.25, 3.5625, 3.25, 4.125], "texture": "#0"},
				"south": {"uv": [2.25, 3.5625, 3.25, 4.125], "texture": "#0"},
				"west": {"uv": [2.25, 3.5625, 3.25, 4.125], "texture": "#0"},
				"up": {"uv": [2.25, 3.5625, 3.25, 4.125], "texture": "#0"},
				"down": {"uv": [2.25, 3.5625, 3.25, 4.125], "texture": "#0"}
			}
		},
		{
			"from": [5.95751, 8.34562, -11.7518],
			"to": [9.9899, 9.87247, -5.95731],
			"rotation": {"angle": 0, "axis": "y", "origin": [11.77386, 8.56428, -43.06919]},
			"faces": {
				"north": {"uv": [2.25, 3.5625, 3.25, 4.125], "texture": "#0"},
				"east": {"uv": [2.25, 3.5625, 3.25, 4.125], "texture": "#0"},
				"south": {"uv": [2.25, 3.5625, 3.25, 4.125], "texture": "#0"},
				"west": {"uv": [2.25, 3.5625, 3.25, 4.125], "texture": "#0"},
				"up": {"uv": [2.25, 3.5625, 3.25, 4.125], "texture": "#0"},
				"down": {"uv": [2.25, 3.5625, 3.25, 4.125], "texture": "#0"}
			}
		},
		{
			"from": [6.24026, 3.49175, -11.7518],
			"to": [9.70715, 4.8301, -5.95731],
			"rotation": {"angle": 0, "axis": "y", "origin": [11.77386, 8.56428, -43.06919]},
			"faces": {
				"north": {"uv": [0, 0, 1.1875, 0.6875], "texture": "#0"},
				"east": {"uv": [0, 0, 1.1875, 0.6875], "rotation": 270, "texture": "#0"},
				"south": {"uv": [0, 0, 1.1875, 0.6875], "texture": "#0"},
				"west": {"uv": [0, 0, 1.1875, 0.6875], "rotation": 90, "texture": "#0"},
				"up": {"uv": [0, 0, 1.1875, 0.6875], "texture": "#0"},
				"down": {"uv": [0, 0, 1.1875, 0.6875], "texture": "#0"}
			}
		},
		{
			"from": [7.40365, 10.61908, -11.0368],
			"to": [8.54376, 12.03283, -7.65813],
			"rotation": {"angle": -45, "axis": "x", "origin": [7.9737, 11.0432, -7.32109]},
			"faces": {
				"north": {"uv": [2.25, 3.5625, 3.25, 4.125], "texture": "#0"},
				"east": {"uv": [2.25, 3.5625, 3.25, 4.125], "texture": "#0"},
				"south": {"uv": [2.25, 3.5625, 3.25, 4.125], "texture": "#0"},
				"west": {"uv": [2.25, 3.5625, 3.25, 4.125], "texture": "#0"},
				"up": {"uv": [2.25, 3.5625, 3.25, 4.125], "texture": "#0"},
				"down": {"uv": [2.25, 3.5625, 3.25, 4.125], "texture": "#0"}
			}
		},
		{
			"from": [5.9899, 8.70116, -11.13971],
			"to": [7.13001, 10.11491, -7.76104],
			"rotation": {"angle": -22.5, "axis": "x", "origin": [6.55995, 9.64366, -9.1205]},
			"faces": {
				"north": {"uv": [2.25, 3.5625, 3.25, 4.125], "texture": "#0"},
				"east": {"uv": [2.25, 3.5625, 3.25, 4.125], "texture": "#0"},
				"south": {"uv": [2.25, 3.5625, 3.25, 4.125], "texture": "#0"},
				"west": {"uv": [2.25, 3.5625, 3.25, 4.125], "texture": "#0"},
				"up": {"uv": [2.25, 3.5625, 3.25, 4.125], "texture": "#0"},
				"down": {"uv": [2.25, 3.5625, 3.25, 4.125], "texture": "#0"}
			}
		},
		{
			"from": [8.8174, 8.70116, -11.13971],
			"to": [9.95751, 10.11491, -7.76104],
			"rotation": {"angle": -22.5, "axis": "x", "origin": [9.38745, 9.64366, -9.1205]},
			"faces": {
				"north": {"uv": [2.25, 3.5625, 3.25, 4.125], "texture": "#0"},
				"east": {"uv": [2.25, 3.5625, 3.25, 4.125], "texture": "#0"},
				"south": {"uv": [2.25, 3.5625, 3.25, 4.125], "texture": "#0"},
				"west": {"uv": [2.25, 3.5625, 3.25, 4.125], "texture": "#0"},
				"up": {"uv": [2.25, 3.5625, 3.25, 4.125], "texture": "#0"},
				"down": {"uv": [2.25, 3.5625, 3.25, 4.125], "texture": "#0"}
			}
		},
		{
			"from": [8.71616, 8.77953, -5.27699],
			"to": [9.71945, 10.02363, -2.24721],
			"rotation": {"angle": -22.5, "axis": "x", "origin": [9.2178, 9.60893, -3.50008]},
			"faces": {
				"north": {"uv": [2.25, 3.5625, 3.25, 4.125], "texture": "#0"},
				"east": {"uv": [2.25, 3.5625, 3.25, 4.125], "texture": "#0"},
				"south": {"uv": [2.25, 3.5625, 3.25, 4.125], "texture": "#0"},
				"west": {"uv": [2.25, 3.5625, 3.25, 4.125], "texture": "#0"},
				"up": {"uv": [2.25, 3.5625, 3.25, 4.125], "texture": "#0"},
				"down": {"uv": [2.25, 3.5625, 3.25, 4.125], "texture": "#0"}
			}
		},
		{
			"from": [7.47206, 10.4673, -5.18643],
			"to": [8.47535, 11.7114, -2.15664],
			"rotation": {"angle": -45, "axis": "x", "origin": [7.9737, 10.84053, -1.9166]},
			"faces": {
				"north": {"uv": [2.25, 3.5625, 3.25, 4.125], "texture": "#0"},
				"east": {"uv": [2.25, 3.5625, 3.25, 4.125], "texture": "#0"},
				"south": {"uv": [2.25, 3.5625, 3.25, 4.125], "texture": "#0"},
				"west": {"uv": [2.25, 3.5625, 3.25, 4.125], "texture": "#0"},
				"up": {"uv": [2.25, 3.5625, 3.25, 4.125], "texture": "#0"},
				"down": {"uv": [2.25, 3.5625, 3.25, 4.125], "texture": "#0"}
			}
		},
		{
			"from": [6.22796, 8.77953, -5.27699],
			"to": [7.23125, 10.02363, -2.24721],
			"rotation": {"angle": -22.5, "axis": "x", "origin": [6.7296, 9.60893, -3.50008]},
			"faces": {
				"north": {"uv": [2.25, 3.5625, 3.25, 4.125], "texture": "#0"},
				"east": {"uv": [2.25, 3.5625, 3.25, 4.125], "texture": "#0"},
				"south": {"uv": [2.25, 3.5625, 3.25, 4.125], "texture": "#0"},
				"west": {"uv": [2.25, 3.5625, 3.25, 4.125], "texture": "#0"},
				"up": {"uv": [2.25, 3.5625, 3.25, 4.125], "texture": "#0"},
				"down": {"uv": [2.25, 3.5625, 3.25, 4.125], "texture": "#0"}
			}
		},
		{
			"from": [5.65489, 4.92725, -6.11904],
			"to": [10.30194, 8.34664, -0.99825],
			"rotation": {"angle": 0, "axis": "y", "origin": [11.39856, 8.3474, -33.36219]},
			"faces": {
				"north": {"uv": [2.25, 3.5625, 3.25, 4.125], "texture": "#0"},
				"east": {"uv": [2.25, 3.5625, 3.25, 4.125], "texture": "#0"},
				"south": {"uv": [2.25, 3.5625, 3.25, 4.125], "texture": "#0"},
				"west": {"uv": [2.25, 3.5625, 3.25, 4.125], "texture": "#0"},
				"up": {"uv": [2.25, 3.5625, 3.25, 4.125], "texture": "#0"},
				"down": {"uv": [2.25, 3.5625, 3.25, 4.125], "texture": "#0"}
			}
		},
		{
			"from": [6.16384, 8.24485, -6.11904],
			"to": [9.79299, 9.61902, -0.99825],
			"rotation": {"angle": 0, "axis": "y", "origin": [11.39856, 8.3474, -33.36219]},
			"faces": {
				"north": {"uv": [2.25, 3.5625, 3.25, 4.125], "texture": "#0"},
				"east": {"uv": [2.25, 3.5625, 3.25, 4.125], "texture": "#0"},
				"south": {"uv": [2.25, 3.5625, 3.25, 4.125], "texture": "#0"},
				"west": {"uv": [2.25, 3.5625, 3.25, 4.125], "texture": "#0"},
				"up": {"uv": [2.25, 3.5625, 3.25, 4.125], "texture": "#0"},
				"down": {"uv": [2.25, 3.5625, 3.25, 4.125], "texture": "#0"}
			}
		},
		{
			"from": [6.41831, 3.78212, -6.11904],
			"to": [9.53852, 4.98663, -0.99825],
			"rotation": {"angle": 0, "axis": "y", "origin": [11.39856, 8.3474, -33.36219]},
			"faces": {
				"north": {"uv": [0, 0, 1.1875, 0.6875], "texture": "#0"},
				"east": {"uv": [0, 0, 1.1875, 0.6875], "rotation": 270, "texture": "#0"},
				"south": {"uv": [0, 0, 1.1875, 0.6875], "texture": "#0"},
				"west": {"uv": [0, 0, 1.1875, 0.6875], "rotation": 90, "texture": "#0"},
				"up": {"uv": [0, 0, 1.1875, 0.6875], "texture": "#0"},
				"down": {"uv": [0, 0, 1.1875, 0.6875], "texture": "#0"}
			}
		}
	],
	"display": {
		"head": {
			"translation": [0, -1, 73.75],
			"scale": [4, 4, 4]
		}
	},
	"groups": [
		{
			"name": "root",
			"origin": [8, 8, 8],
			"color": 0,
			"children": [
				{
					"name": "tail",
					"origin": [8, 8, 8],
					"color": 0,
					"children": [
						{
							"name": "0",
							"origin": [8, 8, 8],
							"color": 0,
							"children": [
								{
									"name": "group",
									"origin": [8, 8, 8],
									"color": 0,
									"children": [
										0,
										1,
										2,
										{
											"name": "group",
											"origin": [8.05, 10.48413, 9.47217],
											"color": 0,
											"children": [3, 4, 5, 6, 7, 8]
										}
									]
								},
								{
									"name": "group",
									"origin": [8, 8, 8],
									"color": 0,
									"children": [9, 10, 11]
								}
							]
						}
					]
				}
			]
		}
	]
}