{
	"credit": "Made with Blockbench",
	"texture_size": [64, 64],
	"textures": {
		"0": "bell/head",
		"1": "bell/wing_0",
		"particle": "bell/head"
	},
	"elements": [
		{
			"from": [1.00867, 6.79246, 8.35727],
			"to": [14.74465, 9.39255, 11.20294],
			"rotation": {"angle": 0, "axis": "y", "origin": [5.23877, 8.33614, 9.77212]},
			"faces": {
				"north": {"uv": [5, 4.125, 5.875, 4.75], "rotation": 90, "texture": "#0"},
				"east": {"uv": [5, 4.125, 5.875, 4.75], "rotation": 90, "texture": "#0"},
				"south": {"uv": [5, 4.125, 5.875, 4.75], "rotation": 90, "texture": "#0"},
				"west": {"uv": [5, 4.125, 5.875, 4.75], "rotation": 90, "texture": "#0"},
				"up": {"uv": [5, 4.125, 5.875, 4.75], "rotation": 90, "texture": "#0"},
				"down": {"uv": [5, 4.125, 5.875, 4.75], "rotation": 90, "texture": "#0"}
			}
		},
		{
			"from": [0.52139, 6.30519, 8.84454],
			"to": [14.74465, 9.87982, 11.69022],
			"rotation": {"angle": 0, "axis": "y", "origin": [5.23877, 8.33614, 9.77212]},
			"faces": {
				"north": {"uv": [5, 4.125, 5.875, 4.75], "rotation": 90, "texture": "#0"},
				"east": {"uv": [5, 4.125, 5.875, 4.75], "rotation": 90, "texture": "#0"},
				"south": {"uv": [5, 4.125, 5.875, 4.75], "rotation": 90, "texture": "#0"},
				"west": {"uv": [5, 4.125, 5.875, 4.75], "rotation": 90, "texture": "#0"},
				"up": {"uv": [5, 4.125, 5.875, 4.75], "rotation": 90, "texture": "#0"},
				"down": {"uv": [5, 4.125, 5.875, 4.75], "rotation": 90, "texture": "#0"}
			}
		},
		{
			"from": [6.28007, 6.0394, 8.18008],
			"to": [14.74465, 10.1456, 11.9117],
			"rotation": {"angle": 0, "axis": "y", "origin": [5.23877, 8.33614, 9.77212]},
			"faces": {
				"north": {"uv": [8, 0.75, 9.375, 1.5], "rotation": 90, "texture": "#0"},
				"south": {"uv": [8, 0.75, 9.375, 1.5], "rotation": 90, "texture": "#0"},
				"up": {"uv": [8, 0.75, 9.375, 1.5], "rotation": 90, "texture": "#0"},
				"down": {"uv": [8, 0.75, 9.375, 1.5], "rotation": 90, "texture": "#0"}
			}
		},
		{
			"from": [12.15392, 6.11028, 8.64964],
			"to": [15.23192, 10.07473, 12.17749],
			"rotation": {"angle": 0, "axis": "y", "origin": [5.23877, 8.33614, 9.77212]},
			"faces": {
				"north": {"uv": [4.625, 4.5625, 5.1875, 5.1875], "rotation": 180, "texture": "#0"},
				"east": {"uv": [4.625, 4.5625, 5.1875, 5.1875], "rotation": 180, "texture": "#0"},
				"south": {"uv": [4.625, 4.5625, 5.1875, 5.1875], "rotation": 180, "texture": "#0"},
				"west": {"uv": [4.625, 4.5625, 5.1875, 5.1875], "rotation": 180, "texture": "#0"},
				"up": {"uv": [4.625, 4.5625, 5.1875, 5.1875], "rotation": 180, "texture": "#0"},
				"down": {"uv": [4.625, 4.5625, 5.1875, 5.1875], "rotation": 180, "texture": "#0"}
			}
		},
		{
			"from": [-4.15174, 8.32055, 10.45994],
			"to": [14.40182, 8.32055, 26.40194],
			"rotation": {"angle": 0, "axis": "y", "origin": [-3.95496, 8.33441, 4.92055]},
			"faces": {
				"up": {"uv": [11.25, 0.75, 0, 9], "texture": "#1"},
				"down": {"uv": [0, 0.75, 11.25, 9], "rotation": 180, "texture": "#1"}
			}
		}
	],
	"display": {
		"head": {
			"rotation": [90, 0, 0],
			"translation": [-23.25, 2, -1],
			"scale": [4, 4, 4]
		}
	},
	"groups": [
		{
			"name": "root",
			"origin": [8, 8, 8],
			"color": 0,
			"children": [
				{
					"name": "wing_l_close",
					"origin": [8, 8, 8],
					"color": 0,
					"children": [
						{
							"name": "0",
							"origin": [5.5, 8.44331, 2.22471],
							"color": 0,
							"children": [0, 1, 2, 3, 4]
						}
					]
				}
			]
		}
	]
}