{
	"credit": "Made with Blockbench",
	"texture_size": [64, 64],
	"textures": {
		"0": "bell/head",
		"1": "bell/wing_0",
		"particle": "bell/head"
	},
	"elements": [
		{
			"from": [-1.95061, 12.13267, 9.00613],
			"to": [1.38233, 24.76121, 12.19095],
			"rotation": {"angle": -22.5, "axis": "z", "origin": [-4.6696, 11.50331, 10.84218]},
			"faces": {
				"north": {"uv": [5.875, 4.125, 5, 4.75], "rotation": 180, "texture": "#0"},
				"east": {"uv": [5, 4.75, 5.875, 4.125], "rotation": 90, "texture": "#0"},
				"south": {"uv": [5.875, 4.125, 5, 4.75], "texture": "#0"},
				"west": {"uv": [5, 4.75, 5.875, 4.125], "rotation": 270, "texture": "#0"},
				"up": {"uv": [5.875, 4.125, 5, 4.75], "rotation": 180, "texture": "#0"},
				"down": {"uv": [5.875, 4.125, 5, 4.75], "texture": "#0"}
			}
		},
		{
			"from": [3.46295, 25.45177, 8.81122],
			"to": [8.25771, 28.86267, 12.38586],
			"rotation": {"angle": -45, "axis": "z", "origin": [-0.27441, 26.91832, 10.59854]},
			"faces": {
				"north": {"uv": [5.875, 4.125, 5, 4.75], "rotation": 180, "texture": "#0"},
				"east": {"uv": [5, 4.75, 5.875, 4.125], "rotation": 90, "texture": "#0"},
				"south": {"uv": [5.875, 4.125, 5, 4.75], "texture": "#0"},
				"west": {"uv": [5, 4.75, 5.875, 4.125], "rotation": 270, "texture": "#0"},
				"up": {"uv": [5.875, 4.125, 5, 4.75], "rotation": 180, "texture": "#0"},
				"down": {"uv": [5.875, 4.125, 5, 4.75], "texture": "#0"}
			}
		},
		{
			"from": [1.02659, 26.03649, 9.39595],
			"to": [3.87226, 28.66776, 11.80113],
			"rotation": {"angle": -45, "axis": "z", "origin": [-0.27441, 26.91832, 10.59854]},
			"faces": {
				"north": {"uv": [5.875, 4.125, 5, 4.75], "rotation": 180, "texture": "#0"},
				"east": {"uv": [5, 4.75, 5.875, 4.125], "rotation": 90, "texture": "#0"},
				"south": {"uv": [5.875, 4.125, 5, 4.75], "texture": "#0"},
				"west": {"uv": [5, 4.75, 5.875, 4.125], "rotation": 270, "texture": "#0"},
				"up": {"uv": [5.875, 4.125, 5, 4.75], "rotation": 180, "texture": "#0"},
				"down": {"uv": [5.875, 4.125, 5, 4.75], "texture": "#0"}
			}
		},
		{
			"from": [-2.84905, 22.94497, 9.68831],
			"to": [-0.8025, 28.21637, 11.50876],
			"rotation": {"angle": 45, "axis": "z", "origin": [-3.44403, 28.45985, 10.59854]},
			"faces": {
				"north": {"uv": [6.875, 3.8125, 6.5, 3.5], "rotation": 270, "texture": "#0"},
				"east": {"uv": [6.5, 3.5, 6.875, 3.8125], "rotation": 180, "texture": "#0"},
				"south": {"uv": [6.875, 3.8125, 6.5, 3.5], "rotation": 90, "texture": "#0"},
				"west": {"uv": [6.5, 3.5, 6.875, 3.8125], "texture": "#0"},
				"up": {"uv": [6.875, 3.8125, 6.5, 3.5], "rotation": 270, "texture": "#0"},
				"down": {"uv": [6.875, 3.8125, 6.5, 3.5], "rotation": 90, "texture": "#0"}
			}
		},
		{
			"from": [-5.74027, 28.77891, 9.98068],
			"to": [-1.54087, 30.04582, 11.2164],
			"rotation": {"angle": 0, "axis": "y", "origin": [-3.44403, 28.45985, 10.59854]},
			"faces": {
				"north": {"uv": [6.875, 3.8125, 6.5, 3.5], "texture": "#0"},
				"east": {"uv": [6.5, 3.5, 6.875, 3.8125], "rotation": 270, "texture": "#0"},
				"south": {"uv": [6.875, 3.8125, 6.5, 3.5], "rotation": 180, "texture": "#0"},
				"west": {"uv": [6.5, 3.5, 6.875, 3.8125], "rotation": 90, "texture": "#0"},
				"up": {"uv": [6.875, 3.8125, 6.5, 3.5], "texture": "#0"},
				"down": {"uv": [6.875, 3.8125, 6.5, 3.5], "rotation": 180, "texture": "#0"}
			}
		},
		{
			"from": [-7.258, 30.08797, 10.17559],
			"to": [-3.93569, 30.88563, 11.02149],
			"rotation": {"angle": 45, "axis": "z", "origin": [-3.44403, 28.45985, 10.59854]},
			"faces": {
				"north": {"uv": [6.875, 3.8125, 6.5, 3.5], "texture": "#0"},
				"east": {"uv": [6.5, 3.5, 6.875, 3.8125], "rotation": 270, "texture": "#0"},
				"south": {"uv": [6.875, 3.8125, 6.5, 3.5], "rotation": 180, "texture": "#0"},
				"west": {"uv": [6.5, 3.5, 6.875, 3.8125], "rotation": 90, "texture": "#0"},
				"up": {"uv": [6.875, 3.8125, 6.5, 3.5], "texture": "#0"},
				"down": {"uv": [6.875, 3.8125, 6.5, 3.5], "rotation": 180, "texture": "#0"}
			}
		},
		{
			"from": [4.65423, -14.17444, 9.73261],
			"to": [6.75836, 21.77033, 11.46447],
			"rotation": {"angle": 0, "axis": "y", "origin": [8.42395, 14.04839, 10.59854]},
			"faces": {
				"north": {"uv": [3.5625, 7.5, 4.5, 7.25], "rotation": 90, "texture": "#0"},
				"east": {"uv": [4.5, 7.25, 3.5625, 7.5], "texture": "#0"},
				"south": {"uv": [3.5625, 7.5, 4.5, 7.25], "rotation": 270, "texture": "#0"},
				"west": {"uv": [4.5, 7.25, 3.5625, 7.5], "rotation": 180, "texture": "#0"},
				"up": {"uv": [3.5625, 7.5, 4.5, 7.25], "rotation": 90, "texture": "#0"},
				"down": {"uv": [3.5625, 7.5, 4.5, 7.25], "rotation": 270, "texture": "#0"}
			}
		},
		{
			"from": [25.06965, -0.27705, 9.49341],
			"to": [27.11619, 30.88563, 11.70367],
			"rotation": {"angle": 45, "axis": "z", "origin": [23.6795, 1.24735, 10.64415]},
			"faces": {
				"north": {"uv": [5, 4.75, 5.875, 4.125], "rotation": 270, "texture": "#0"},
				"east": {"uv": [5.875, 4.125, 5, 4.75], "rotation": 180, "texture": "#0"},
				"south": {"uv": [5, 4.75, 5.875, 4.125], "rotation": 90, "texture": "#0"},
				"west": {"uv": [5.875, 4.125, 5, 4.75], "texture": "#0"},
				"up": {"uv": [5, 4.75, 5.875, 4.125], "rotation": 270, "texture": "#0"},
				"down": {"uv": [5, 4.75, 5.875, 4.125], "rotation": 90, "texture": "#0"}
			}
		},
		{
			"from": [24.89927, -4.51047, 9.16869],
			"to": [27.628, 1.74611, 12.02839],
			"rotation": {"angle": 22.5, "axis": "z", "origin": [23.6795, 1.24735, 10.64415]},
			"faces": {
				"north": {"uv": [5, 4.75, 5.875, 4.125], "rotation": 270, "texture": "#0"},
				"east": {"uv": [5.875, 4.125, 5, 4.75], "rotation": 180, "texture": "#0"},
				"south": {"uv": [5, 4.75, 5.875, 4.125], "rotation": 90, "texture": "#0"},
				"west": {"uv": [5.875, 4.125, 5, 4.75], "texture": "#0"},
				"up": {"uv": [5, 4.75, 5.875, 4.125], "rotation": 270, "texture": "#0"},
				"down": {"uv": [5, 4.75, 5.875, 4.125], "rotation": 90, "texture": "#0"}
			}
		},
		{
			"from": [25.28909, -7.92138, 9.55851],
			"to": [27.23818, -4.0232, 11.63857],
			"rotation": {"angle": 22.5, "axis": "z", "origin": [23.6795, 1.24735, 10.64415]},
			"faces": {
				"north": {"uv": [3.8125, 7.6875, 4.1875, 7.3125], "rotation": 90, "texture": "#0"},
				"east": {"uv": [4.1875, 7.3125, 3.8125, 7.6875], "texture": "#0"},
				"south": {"uv": [3.8125, 7.6875, 4.1875, 7.3125], "rotation": 270, "texture": "#0"},
				"west": {"uv": [4.1875, 7.3125, 3.8125, 7.6875], "rotation": 180, "texture": "#0"},
				"up": {"uv": [3.8125, 7.6875, 4.1875, 7.3125], "rotation": 90, "texture": "#0"},
				"down": {"uv": [3.8125, 7.6875, 4.1875, 7.3125], "rotation": 270, "texture": "#0"}
			}
		},
		{
			"from": [28.80828, -8.9309, 9.94832],
			"to": [29.97773, -5.52, 11.24876],
			"rotation": {"angle": 0, "axis": "y", "origin": [23.6795, 1.24735, 10.64415]},
			"faces": {
				"north": {"uv": [3.8125, 7.6875, 4.1875, 7.3125], "rotation": 90, "texture": "#0"},
				"east": {"uv": [4.1875, 7.3125, 3.8125, 7.6875], "texture": "#0"},
				"south": {"uv": [3.8125, 7.6875, 4.1875, 7.3125], "rotation": 270, "texture": "#0"},
				"west": {"uv": [4.1875, 7.3125, 3.8125, 7.6875], "rotation": 180, "texture": "#0"},
				"up": {"uv": [3.8125, 7.6875, 4.1875, 7.3125], "rotation": 90, "texture": "#0"},
				"down": {"uv": [3.8125, 7.6875, 4.1875, 7.3125], "rotation": 270, "texture": "#0"}
			}
		},
		{
			"from": [0.24507, -13.69009, 10.78229],
			"to": [28.67698, 25.15372, 10.91518],
			"rotation": {"angle": 0, "axis": "y", "origin": [23.6795, 1.24735, 10.64415]},
			"faces": {
				"north": {"uv": [15.25, 9, 0, 16], "texture": "#1"},
				"south": {"uv": [0, 9, 15.25, 16], "texture": "#1"}
			}
		},
		{
			"from": [6.75713, 22.40745, 9.88322],
			"to": [8.21895, 25.95125, 11.31386],
			"rotation": {"angle": -22.5, "axis": "z", "origin": [7.84421, 26.59499, 10.59854]},
			"faces": {
				"north": {"uv": [0.1875, 4.1875, 0.8125, 3.75], "rotation": 270, "texture": "#0"},
				"east": {"uv": [0.8125, 3.75, 0.1875, 4.1875], "rotation": 180, "texture": "#0"},
				"south": {"uv": [0.1875, 4.1875, 0.8125, 3.75], "rotation": 90, "texture": "#0"},
				"west": {"uv": [0.8125, 3.75, 0.1875, 4.1875], "texture": "#0"},
				"up": {"uv": [0.1875, 4.1875, 0.8125, 3.75], "rotation": 270, "texture": "#0"},
				"down": {"uv": [0.1875, 4.1875, 0.8125, 3.75], "rotation": 90, "texture": "#0"}
			}
		},
		{
			"from": [7.88125, 17.96589, 9.88322],
			"to": [9.34307, 21.50969, 11.31386],
			"rotation": {"angle": -22.5, "axis": "z", "origin": [11.97152, 20.59506, 10.59854]},
			"faces": {
				"north": {"uv": [0.1875, 4.1875, 0.8125, 3.75], "rotation": 270, "texture": "#0"},
				"east": {"uv": [0.8125, 3.75, 0.1875, 4.1875], "rotation": 180, "texture": "#0"},
				"south": {"uv": [0.1875, 4.1875, 0.8125, 3.75], "rotation": 90, "texture": "#0"},
				"west": {"uv": [0.8125, 3.75, 0.1875, 4.1875], "texture": "#0"},
				"up": {"uv": [0.1875, 4.1875, 0.8125, 3.75], "rotation": 270, "texture": "#0"},
				"down": {"uv": [0.1875, 4.1875, 0.8125, 3.75], "rotation": 90, "texture": "#0"}
			}
		},
		{
			"from": [11.06451, 16.64734, 9.88322],
			"to": [12.52633, 20.19114, 11.31386],
			"rotation": {"angle": -22.5, "axis": "z", "origin": [11.97152, 20.59506, 10.59854]},
			"faces": {
				"north": {"uv": [0.1875, 4.1875, 0.8125, 3.75], "rotation": 270, "texture": "#0"},
				"east": {"uv": [0.8125, 3.75, 0.1875, 4.1875], "rotation": 180, "texture": "#0"},
				"south": {"uv": [0.1875, 4.1875, 0.8125, 3.75], "rotation": 90, "texture": "#0"},
				"west": {"uv": [0.8125, 3.75, 0.1875, 4.1875], "texture": "#0"},
				"up": {"uv": [0.1875, 4.1875, 0.8125, 3.75], "rotation": 270, "texture": "#0"},
				"down": {"uv": [0.1875, 4.1875, 0.8125, 3.75], "rotation": 90, "texture": "#0"}
			}
		},
		{
			"from": [13.98407, 16.15396, 9.88322],
			"to": [15.44588, 18.23594, 11.31386],
			"rotation": {"angle": -22.5, "axis": "z", "origin": [11.97152, 20.59506, 10.59854]},
			"faces": {
				"north": {"uv": [0.1875, 4.1875, 0.8125, 3.75], "rotation": 270, "texture": "#0"},
				"east": {"uv": [0.8125, 3.75, 0.1875, 4.1875], "rotation": 180, "texture": "#0"},
				"south": {"uv": [0.1875, 4.1875, 0.8125, 3.75], "rotation": 90, "texture": "#0"},
				"west": {"uv": [0.8125, 3.75, 0.1875, 4.1875], "texture": "#0"},
				"up": {"uv": [0.1875, 4.1875, 0.8125, 3.75], "rotation": 270, "texture": "#0"},
				"down": {"uv": [0.1875, 4.1875, 0.8125, 3.75], "rotation": 90, "texture": "#0"}
			}
		},
		{
			"from": [17.09009, 14.72312, 9.88322],
			"to": [18.5519, 16.71651, 11.31386],
			"rotation": {"angle": -22.5, "axis": "z", "origin": [11.97152, 20.59506, 10.59854]},
			"faces": {
				"north": {"uv": [0.1875, 4.1875, 0.8125, 3.75], "rotation": 270, "texture": "#0"},
				"east": {"uv": [0.8125, 3.75, 0.1875, 4.1875], "rotation": 180, "texture": "#0"},
				"south": {"uv": [0.1875, 4.1875, 0.8125, 3.75], "rotation": 90, "texture": "#0"},
				"west": {"uv": [0.8125, 3.75, 0.1875, 4.1875], "texture": "#0"},
				"up": {"uv": [0.1875, 4.1875, 0.8125, 3.75], "rotation": 270, "texture": "#0"},
				"down": {"uv": [0.1875, 4.1875, 0.8125, 3.75], "rotation": 90, "texture": "#0"}
			}
		}
	],
	"display": {
		"head": {
			"translation": [31.75, -22.25, -10.25],
			"scale": [4, 4, 4]
		}
	},
	"groups": [
		{
			"name": "root",
			"origin": [8, 8, 8],
			"color": 0,
			"children": [
				{
					"name": "wing_l_close",
					"origin": [8, 8, 8],
					"color": 0,
					"children": [
						{
							"name": "1",
							"origin": [5.5, 8.44331, 2.22471],
							"color": 0,
							"children": [0, 1, 2, 3, 4, 5, 6]
						},
						{
							"name": "2",
							"origin": [8, 8, 8],
							"color": 0,
							"children": [
								7,
								8,
								9,
								10,
								11,
								{
									"name": "group",
									"origin": [2.54497, 18.1905, 0.19971],
									"color": 0,
									"children": [12, 13, 14, 15, 16]
								}
							]
						}
					]
				}
			]
		}
	]
}