{
	"credit": "Made with Blockbench",
	"texture_size": [64, 64],
	"textures": {
		"0": "bell/head",
		"2": "bell/wing_1",
		"particle": "bell/head"
	},
	"elements": [
		{
			"from": [-6.68152, 19.0665, 6.2463],
			"to": [6.28984, 22.48992, 9.51757],
			"rotation": {"angle": 22.5, "axis": "z", "origin": [-7.5168, 26.46733, 7.88194]},
			"faces": {
				"north": {"uv": [4.5, 4.5, 5.25, 5.125], "rotation": 90, "texture": "#0"},
				"east": {"uv": [4.5, 4.5, 5.25, 5.125], "rotation": 270, "texture": "#0"},
				"south": {"uv": [4.5, 4.5, 5.25, 5.125], "rotation": 270, "texture": "#0"},
				"west": {"uv": [4.5, 4.5, 5.25, 5.125], "rotation": 270, "texture": "#0"},
				"up": {"uv": [4.5, 4.5, 5.25, 5.125], "rotation": 270, "texture": "#0"},
				"down": {"uv": [4.5, 4.5, 5.25, 5.125], "rotation": 270, "texture": "#0"}
			}
		},
		{
			"from": [-11.00255, 19.08191, 6.0461],
			"to": [-7.49905, 24.00683, 9.71777],
			"rotation": {"angle": 45, "axis": "z", "origin": [-7.5168, 26.46733, 7.88194]},
			"faces": {
				"north": {"uv": [4.5, 4.5, 5.25, 5.125], "rotation": 90, "texture": "#0"},
				"east": {"uv": [4.5, 4.5, 5.25, 5.125], "rotation": 270, "texture": "#0"},
				"south": {"uv": [4.5, 4.5, 5.25, 5.125], "rotation": 270, "texture": "#0"},
				"west": {"uv": [4.5, 4.5, 5.25, 5.125], "rotation": 270, "texture": "#0"},
				"up": {"uv": [4.5, 4.5, 5.25, 5.125], "rotation": 270, "texture": "#0"},
				"down": {"uv": [4.5, 4.5, 5.25, 5.125], "rotation": 270, "texture": "#0"}
			}
		},
		{
			"from": [-10.80235, 23.58641, 6.6467],
			"to": [-8.09965, 26.50933, 9.11717],
			"rotation": {"angle": 45, "axis": "z", "origin": [-7.5168, 26.46733, 7.88194]},
			"faces": {
				"north": {"uv": [4.5, 4.5, 5.25, 5.125], "rotation": 90, "texture": "#0"},
				"east": {"uv": [4.5, 4.5, 5.25, 5.125], "rotation": 270, "texture": "#0"},
				"south": {"uv": [4.5, 4.5, 5.25, 5.125], "rotation": 270, "texture": "#0"},
				"west": {"uv": [4.5, 4.5, 5.25, 5.125], "rotation": 270, "texture": "#0"},
				"up": {"uv": [4.5, 4.5, 5.25, 5.125], "rotation": 270, "texture": "#0"},
				"down": {"uv": [4.5, 4.5, 5.25, 5.125], "rotation": 270, "texture": "#0"}
			}
		},
		{
			"from": [-12.06675, 23.44798, 6.947],
			"to": [-6.65225, 25.55008, 8.81687],
			"rotation": {"angle": -45, "axis": "z", "origin": [-7.5168, 26.46733, 7.88194]},
			"faces": {
				"north": {"uv": [6.9375, 3.5, 6.5625, 3.8125], "texture": "#0"},
				"east": {"uv": [6.9375, 3.5, 6.5625, 3.8125], "rotation": 180, "texture": "#0"},
				"south": {"uv": [6.9375, 3.5, 6.5625, 3.8125], "rotation": 180, "texture": "#0"},
				"west": {"uv": [6.9375, 3.5, 6.5625, 3.8125], "rotation": 180, "texture": "#0"},
				"up": {"uv": [6.9375, 3.5, 6.5625, 3.8125], "rotation": 180, "texture": "#0"},
				"down": {"uv": [6.9375, 3.5, 6.5625, 3.8125], "rotation": 180, "texture": "#0"}
			}
		},
		{
			"from": [-12.75642, 27.69018, 7.2473],
			"to": [-11.45512, 32, 8.51657],
			"rotation": {"angle": 0, "axis": "y", "origin": [-7.5168, 26.46733, 7.88194]},
			"faces": {
				"north": {"uv": [6.5625, 3.8125, 6.9375, 3.5], "rotation": 90, "texture": "#0"},
				"east": {"uv": [6.5625, 3.8125, 6.9375, 3.5], "rotation": 270, "texture": "#0"},
				"south": {"uv": [6.5625, 3.8125, 6.9375, 3.5], "rotation": 270, "texture": "#0"},
				"west": {"uv": [6.5625, 3.8125, 6.9375, 3.5], "rotation": 270, "texture": "#0"},
				"up": {"uv": [6.5625, 3.8125, 6.9375, 3.5], "rotation": 270, "texture": "#0"},
				"down": {"uv": [6.5625, 3.8125, 6.9375, 3.5], "rotation": 270, "texture": "#0"}
			}
		},
		{
			"from": [-14.89005, 26.66622, 7.4475],
			"to": [-13.98915, 30.07872, 8.31637],
			"rotation": {"angle": -45, "axis": "z", "origin": [-7.5168, 26.46733, 7.88194]},
			"faces": {
				"north": {"uv": [6.5625, 3.8125, 6.9375, 3.5], "rotation": 90, "texture": "#0"},
				"east": {"uv": [6.5625, 3.8125, 6.9375, 3.5], "rotation": 270, "texture": "#0"},
				"south": {"uv": [6.5625, 3.8125, 6.9375, 3.5], "rotation": 270, "texture": "#0"},
				"west": {"uv": [6.5625, 3.8125, 6.9375, 3.5], "rotation": 270, "texture": "#0"},
				"up": {"uv": [6.5625, 3.8125, 6.9375, 3.5], "rotation": 270, "texture": "#0"},
				"down": {"uv": [6.5625, 3.8125, 6.9375, 3.5], "rotation": 270, "texture": "#0"}
			}
		},
		{
			"from": [-5.59703, 18.24834, 7.13409],
			"to": [31.07907, 20.40959, 8.91296],
			"rotation": {"angle": 0, "axis": "y", "origin": [2.78953, 16.99254, 8.02352]},
			"faces": {
				"north": {"uv": [3.5625, 7.25, 4.5, 7.5], "rotation": 180, "texture": "#0"},
				"east": {"uv": [3.5625, 7.25, 4.5, 7.5], "texture": "#0"},
				"south": {"uv": [3.5625, 7.25, 4.5, 7.5], "texture": "#0"},
				"west": {"uv": [3.5625, 7.25, 4.5, 7.5], "texture": "#0"},
				"up": {"uv": [3.5625, 7.25, 4.5, 7.5], "texture": "#0"},
				"down": {"uv": [3.5625, 7.25, 4.5, 7.5], "texture": "#0"}
			}
		},
		{
			"from": [-5.50967, -16, 7.13409],
			"to": [-3.34842, 23.1041, 8.91296],
			"rotation": {"angle": 22.5, "axis": "z", "origin": [2.78953, 16.99254, 8.02352]},
			"faces": {
				"north": {"uv": [3.5625, 7.25, 4.5, 7.5], "rotation": 90, "texture": "#0"},
				"east": {"uv": [3.5625, 7.25, 4.5, 7.5], "rotation": 270, "texture": "#0"},
				"south": {"uv": [3.5625, 7.25, 4.5, 7.5], "rotation": 270, "texture": "#0"},
				"west": {"uv": [3.5625, 7.25, 4.5, 7.5], "rotation": 270, "texture": "#0"},
				"up": {"uv": [3.5625, 7.25, 4.5, 7.5], "rotation": 270, "texture": "#0"},
				"down": {"uv": [3.5625, 7.25, 4.5, 7.5], "rotation": 270, "texture": "#0"}
			}
		},
		{
			"from": [1.43824, -16, 8.21226],
			"to": [31.07907, 25.84844, 8.34876],
			"rotation": {"angle": 0, "axis": "y", "origin": [0.93514, 20.23385, 8.27199]},
			"faces": {
				"north": {"uv": [0, 8, 12.5, 16], "rotation": 90, "texture": "#2"},
				"east": {"uv": [0, 0, 0, 0], "rotation": 270, "texture": "#2"},
				"south": {"uv": [12.5, 8, 0, 16], "rotation": 270, "texture": "#2"},
				"west": {"uv": [0, 0, 0, 0], "rotation": 270, "texture": "#2"},
				"up": {"uv": [0, 0, 0, 0], "rotation": 270, "texture": "#2"},
				"down": {"uv": [0, 0, 0, 0], "rotation": 270, "texture": "#2"}
			}
		}
	],
	"display": {
		"head": {
			"rotation": [0, 0, -90],
			"translation": [-71.25, -15.75, 0.5],
			"scale": [4, 4, 4]
		}
	},
	"groups": [
		{
			"name": "root",
			"origin": [8, 8, 8],
			"color": 0,
			"children": [
				{
					"name": "wing_l_open",
					"origin": [8, 8, 8],
					"color": 0,
					"children": [
						{
							"name": "1",
							"origin": [5.5, 8.44331, 2.22471],
							"color": 0,
							"children": [0, 1, 2, 3, 4, 5, 6, 7, 8]
						}
					]
				}
			]
		}
	]
}