{
	"credit": "Made with Blockbench",
	"texture_size": [64, 64],
	"textures": {
		"0": "bell/head",
		"2": "bell/wing_1",
		"particle": "bell/head"
	},
	"elements": [
		{
			"from": [-10.08967, 11.44654, 6.95428],
			"to": [22.36275, 13.54864, 9.22454],
			"rotation": {"angle": -45, "axis": "z", "origin": [12.01689, 11.81507, 8.10199]},
			"faces": {
				"north": {"uv": [5.25, 4.5, 4.5, 5.125], "texture": "#0"},
				"east": {"uv": [5.25, 4.5, 4.5, 5.125], "texture": "#0"},
				"south": {"uv": [5.25, 4.5, 4.5, 5.125], "texture": "#0"},
				"west": {"uv": [5.25, 4.5, 4.5, 5.125], "texture": "#0"},
				"up": {"uv": [5.25, 4.5, 4.5, 5.125], "texture": "#0"},
				"down": {"uv": [5.25, 4.5, 4.5, 5.125], "texture": "#0"}
			}
		},
		{
			"from": [14.9701, -2.89826, 6.62074],
			"to": [17.7729, 3.52816, 9.55808],
			"rotation": {"angle": 22.5, "axis": "z", "origin": [12.01689, 11.81507, 8.10199]},
			"faces": {
				"north": {"uv": [4.5, 5.125, 5.25, 4.5], "rotation": 90, "texture": "#0"},
				"east": {"uv": [4.5, 5.125, 5.25, 4.5], "rotation": 270, "texture": "#0"},
				"south": {"uv": [4.5, 5.125, 5.25, 4.5], "rotation": 270, "texture": "#0"},
				"west": {"uv": [4.5, 5.125, 5.25, 4.5], "rotation": 270, "texture": "#0"},
				"up": {"uv": [4.5, 5.125, 5.25, 4.5], "rotation": 270, "texture": "#0"},
				"down": {"uv": [4.5, 5.125, 5.25, 4.5], "rotation": 270, "texture": "#0"}
			}
		},
		{
			"from": [15.3705, -6.40176, 7.02114],
			"to": [17.3725, -2.39776, 9.15768],
			"rotation": {"angle": 22.5, "axis": "z", "origin": [12.01689, 11.81507, 8.10199]},
			"faces": {
				"north": {"uv": [3.8125, 7.6875, 4.1875, 7.3125], "rotation": 90, "texture": "#0"},
				"east": {"uv": [3.8125, 7.6875, 4.1875, 7.3125], "rotation": 270, "texture": "#0"},
				"south": {"uv": [3.8125, 7.6875, 4.1875, 7.3125], "rotation": 270, "texture": "#0"},
				"west": {"uv": [3.8125, 7.6875, 4.1875, 7.3125], "rotation": 270, "texture": "#0"},
				"up": {"uv": [3.8125, 7.6875, 4.1875, 7.3125], "rotation": 270, "texture": "#0"},
				"down": {"uv": [3.8125, 7.6875, 4.1875, 7.3125], "rotation": 270, "texture": "#0"}
			}
		},
		{
			"from": [22.2231, -6.1182, 7.42154],
			"to": [23.4243, -2.6147, 8.75728],
			"rotation": {"angle": 0, "axis": "y", "origin": [12.01689, 11.81507, 8.10199]},
			"faces": {
				"north": {"uv": [3.8125, 7.6875, 4.1875, 7.3125], "rotation": 90, "texture": "#0"},
				"east": {"uv": [3.8125, 7.6875, 4.1875, 7.3125], "rotation": 270, "texture": "#0"},
				"south": {"uv": [3.8125, 7.6875, 4.1875, 7.3125], "rotation": 270, "texture": "#0"},
				"west": {"uv": [3.8125, 7.6875, 4.1875, 7.3125], "rotation": 270, "texture": "#0"},
				"up": {"uv": [3.8125, 7.6875, 4.1875, 7.3125], "rotation": 270, "texture": "#0"},
				"down": {"uv": [3.8125, 7.6875, 4.1875, 7.3125], "rotation": 270, "texture": "#0"}
			}
		},
		{
			"from": [6.7895, 25.65489, 7.35468],
			"to": [11.3395, 27.15639, 8.82414],
			"rotation": {"angle": 22.5, "axis": "z", "origin": [12.01689, 11.81507, 8.10199]},
			"faces": {
				"north": {"uv": [2.5625, 4.0625, 3.1875, 3.625], "rotation": 270, "texture": "#0"},
				"east": {"uv": [2.5625, 4.0625, 3.1875, 3.625], "rotation": 270, "texture": "#0"},
				"south": {"uv": [2.5625, 4.0625, 3.1875, 3.625], "rotation": 270, "texture": "#0"},
				"west": {"uv": [2.5625, 4.0625, 3.1875, 3.625], "rotation": 270, "texture": "#0"},
				"up": {"uv": [2.5625, 4.0625, 3.1875, 3.625], "rotation": 270, "texture": "#0"},
				"down": {"uv": [2.5625, 4.0625, 3.1875, 3.625], "rotation": 270, "texture": "#0"}
			}
		},
		{
			"from": [7.69229, 22.46455, 7.35468],
			"to": [11.78729, 23.96605, 8.82414],
			"rotation": {"angle": 22.5, "axis": "z", "origin": [12.01689, 11.81507, 8.10199]},
			"faces": {
				"north": {"uv": [2.5625, 4.0625, 3.1875, 3.625], "rotation": 270, "texture": "#0"},
				"east": {"uv": [2.5625, 4.0625, 3.1875, 3.625], "rotation": 270, "texture": "#0"},
				"south": {"uv": [2.5625, 4.0625, 3.1875, 3.625], "rotation": 270, "texture": "#0"},
				"west": {"uv": [2.5625, 4.0625, 3.1875, 3.625], "rotation": 270, "texture": "#0"},
				"up": {"uv": [2.5625, 4.0625, 3.1875, 3.625], "rotation": 270, "texture": "#0"},
				"down": {"uv": [2.5625, 4.0625, 3.1875, 3.625], "rotation": 270, "texture": "#0"}
			}
		},
		{
			"from": [8.98988, 19.19488, 7.35468],
			"to": [12.62988, 20.69638, 8.82414],
			"rotation": {"angle": 22.5, "axis": "z", "origin": [12.01689, 11.81507, 8.10199]},
			"faces": {
				"north": {"uv": [2.5625, 4.0625, 3.1875, 3.625], "rotation": 270, "texture": "#0"},
				"east": {"uv": [2.5625, 4.0625, 3.1875, 3.625], "rotation": 270, "texture": "#0"},
				"south": {"uv": [2.5625, 4.0625, 3.1875, 3.625], "rotation": 270, "texture": "#0"},
				"west": {"uv": [2.5625, 4.0625, 3.1875, 3.625], "rotation": 270, "texture": "#0"},
				"up": {"uv": [2.5625, 4.0625, 3.1875, 3.625], "rotation": 270, "texture": "#0"},
				"down": {"uv": [2.5625, 4.0625, 3.1875, 3.625], "rotation": 270, "texture": "#0"}
			}
		},
		{
			"from": [10.03657, 16.19607, 7.35468],
			"to": [13.08507, 17.69757, 8.82414],
			"rotation": {"angle": 22.5, "axis": "z", "origin": [12.01689, 11.81507, 8.10199]},
			"faces": {
				"north": {"uv": [2.5625, 4.0625, 3.1875, 3.625], "rotation": 270, "texture": "#0"},
				"east": {"uv": [2.5625, 4.0625, 3.1875, 3.625], "rotation": 270, "texture": "#0"},
				"south": {"uv": [2.5625, 4.0625, 3.1875, 3.625], "rotation": 270, "texture": "#0"},
				"west": {"uv": [2.5625, 4.0625, 3.1875, 3.625], "rotation": 270, "texture": "#0"},
				"up": {"uv": [2.5625, 4.0625, 3.1875, 3.625], "rotation": 270, "texture": "#0"},
				"down": {"uv": [2.5625, 4.0625, 3.1875, 3.625], "rotation": 270, "texture": "#0"}
			}
		},
		{
			"from": [11.54056, 13.32747, 7.35468],
			"to": [14.04306, 14.82897, 8.82414],
			"rotation": {"angle": 22.5, "axis": "z", "origin": [12.01689, 11.81507, 8.10199]},
			"faces": {
				"north": {"uv": [2.5625, 4.0625, 3.1875, 3.625], "rotation": 270, "texture": "#0"},
				"east": {"uv": [2.5625, 4.0625, 3.1875, 3.625], "rotation": 270, "texture": "#0"},
				"south": {"uv": [2.5625, 4.0625, 3.1875, 3.625], "rotation": 270, "texture": "#0"},
				"west": {"uv": [2.5625, 4.0625, 3.1875, 3.625], "rotation": 270, "texture": "#0"},
				"up": {"uv": [2.5625, 4.0625, 3.1875, 3.625], "rotation": 270, "texture": "#0"},
				"down": {"uv": [2.5625, 4.0625, 3.1875, 3.625], "rotation": 270, "texture": "#0"}
			}
		},
		{
			"from": [-7.0477, -11.4722, 8.14696],
			"to": [22.59313, 30.69902, 8.28346],
			"rotation": {"angle": 0, "axis": "y", "origin": [12.01689, 11.81507, 8.10199]},
			"faces": {
				"north": {"uv": [0, 9.25, 12.5, 0], "rotation": 90, "texture": "#2"},
				"east": {"uv": [0, 0, 0, 0], "rotation": 270, "texture": "#2"},
				"south": {"uv": [12.5, 9.25, 0, 0], "rotation": 270, "texture": "#2"},
				"west": {"uv": [0, 0, 0, 0], "rotation": 270, "texture": "#2"},
				"up": {"uv": [0, 0, 0, 0], "rotation": 270, "texture": "#2"},
				"down": {"uv": [0, 0, 0, 0], "rotation": 270, "texture": "#2"}
			}
		}
	],
	"display": {
		"head": {
			"rotation": [0, 0, 90],
			"translation": [75.5, 34, -0.25],
			"scale": [4, 4, 4]
		}
	},
	"groups": [
		{
			"name": "root",
			"origin": [8, 8, 8],
			"color": 0,
			"children": [
				{
					"name": "wing_l_open",
					"origin": [8, 8, 8],
					"color": 0,
					"children": [
						{
							"name": "2",
							"origin": [8, 8, 8],
							"color": 0,
							"children": [
								0,
								1,
								2,
								3,
								{
									"name": "group",
									"origin": [2.54497, 18.1905, 0.19971],
									"color": 0,
									"children": [4, 5, 6, 7, 8]
								},
								9
							]
						}
					]
				}
			]
		}
	]
}