{
	"credit": "Made with Blockbench",
	"texture_size": [64, 64],
	"textures": {
		"0": "bell/head",
		"1": "bell/wing_0",
		"particle": "bell/head"
	},
	"elements": [
		{
			"from": [1.37693, 8.71064, 8.78164],
			"to": [15.11291, 11.31072, 11.62731],
			"rotation": {"angle": 0, "axis": "y", "origin": [-18.75659, 28.41629, -3.89045]},
			"faces": {
				"north": {"uv": [5, 4.125, 5.875, 4.75], "rotation": 90, "texture": "#0"},
				"east": {"uv": [5, 4.125, 5.875, 4.75], "rotation": 90, "texture": "#0"},
				"south": {"uv": [5, 4.125, 5.875, 4.75], "rotation": 90, "texture": "#0"},
				"west": {"uv": [5, 4.125, 5.875, 4.75], "rotation": 90, "texture": "#0"},
				"up": {"uv": [5, 4.125, 5.875, 4.75], "rotation": 90, "texture": "#0"},
				"down": {"uv": [5, 4.125, 5.875, 4.75], "rotation": 90, "texture": "#0"}
			}
		},
		{
			"from": [0.88966, 8.22337, 9.26891],
			"to": [15.11291, 11.798, 12.11458],
			"rotation": {"angle": 0, "axis": "y", "origin": [-18.75659, 28.41629, -3.89045]},
			"faces": {
				"north": {"uv": [5, 4.125, 5.875, 4.75], "rotation": 90, "texture": "#0"},
				"east": {"uv": [5, 4.125, 5.875, 4.75], "rotation": 90, "texture": "#0"},
				"south": {"uv": [5, 4.125, 5.875, 4.75], "rotation": 90, "texture": "#0"},
				"west": {"uv": [5, 4.125, 5.875, 4.75], "rotation": 90, "texture": "#0"},
				"up": {"uv": [5, 4.125, 5.875, 4.75], "rotation": 90, "texture": "#0"},
				"down": {"uv": [5, 4.125, 5.875, 4.75], "rotation": 90, "texture": "#0"}
			}
		},
		{
			"from": [6.64833, 7.95758, 8.60445],
			"to": [15.11291, 12.06378, 12.33607],
			"rotation": {"angle": 0, "axis": "y", "origin": [-18.75659, 28.41629, -3.89045]},
			"faces": {
				"north": {"uv": [8, 0.75, 9.375, 1.5], "rotation": 90, "texture": "#0"},
				"south": {"uv": [8, 0.75, 9.375, 1.5], "rotation": 90, "texture": "#0"},
				"up": {"uv": [8, 0.75, 9.375, 1.5], "rotation": 90, "texture": "#0"},
				"down": {"uv": [8, 0.75, 9.375, 1.5], "rotation": 90, "texture": "#0"}
			}
		},
		{
			"from": [12.52218, 8.02846, 9.074],
			"to": [15.60018, 11.99291, 12.60185],
			"rotation": {"angle": 0, "axis": "y", "origin": [-18.75659, 28.41629, -3.89045]},
			"faces": {
				"north": {"uv": [2.3125, 3.5625, 3.0625, 4.1875], "rotation": 180, "texture": "#0"},
				"east": {"uv": [2.3125, 3.5625, 3.0625, 4.1875], "rotation": 180, "texture": "#0"},
				"south": {"uv": [2.3125, 3.5625, 3.0625, 4.1875], "rotation": 180, "texture": "#0"},
				"west": {"uv": [2.3125, 3.5625, 3.0625, 4.1875], "rotation": 180, "texture": "#0"},
				"up": {"uv": [2.3125, 3.5625, 3.0625, 4.1875], "rotation": 180, "texture": "#0"},
				"down": {"uv": [2.3125, 3.5625, 3.0625, 4.1875], "rotation": 180, "texture": "#0"}
			}
		},
		{
			"from": [-5.5707, -11.44753, 10.79001],
			"to": [14.44469, 9.36719, 10.79001],
			"rotation": {"angle": 0, "axis": "y", "origin": [-22.51704, 37.58723, 10.75957]},
			"faces": {
				"north": {"uv": [0, 0.75, 11.25, 9], "texture": "#1"},
				"east": {"uv": [0, 0, 0, 0], "texture": "#1"},
				"south": {"uv": [11.25, 0.75, 0, 9], "texture": "#1"},
				"west": {"uv": [0, 0, 0, 0], "texture": "#1"},
				"up": {"uv": [0, 0, 0, 0], "texture": "#1"},
				"down": {"uv": [0, 0, 0, 0], "texture": "#1"}
			}
		}
	],
	"display": {
		"head": {
			"translation": [-23.25, -15.75, -11],
			"scale": [4, 4, 4]
		}
	},
	"groups": [
		{
			"name": "root",
			"origin": [8, 8, 8],
			"color": 0,
			"children": [
				{
					"name": "wing_l_open",
					"origin": [8, 8, 8],
					"color": 0,
					"children": [
						{
							"name": "0",
							"origin": [5.5, 8.44331, 2.22471],
							"color": 0,
							"children": [0, 1, 2, 3, 4]
						}
					]
				}
			]
		}
	]
}