{
	"credit": "Made with Blockbench",
	"texture_size": [32, 32],
	"textures": {
		"0": "dyno/head",
		"particle": "dyno/head"
	},
	"elements": [
		{
			"from": [6.6832, 5.99439, 10.4584],
			"to": [9.1168, 12.93639, 13.4016],
			"rotation": {"angle": -45, "axis": "x", "origin": [7.74, 8.73539, 8]},
			"faces": {
				"north": {"uv": [3.25, 2, 3.75, 3], "texture": "#0"},
				"east": {"uv": [3.25, 2, 3.75, 3], "texture": "#0"},
				"south": {"uv": [3.25, 2, 3.75, 3], "texture": "#0"},
				"west": {"uv": [3.25, 2, 3.75, 3], "texture": "#0"},
				"up": {"uv": [3.25, 2, 3.75, 3], "texture": "#0"},
				"down": {"uv": [3.25, 2, 3.75, 3], "texture": "#0"}
			}
		}
	],
	"display": {
		"head": {
			"translation": [0.5, -28.5, -3.5],
			"scale": [4, 4, 4]
		}
	},
	"groups": [
		{
			"name": "0",
			"origin": [8, 8, 8],
			"color": 0,
			"children": [0]
		}
	]
}