{
	"credit": "Made with Blockbench",
	"texture_size": [32, 32],
	"textures": {
		"0": "dyno/sword",
		"particle": "dyno/sword"
	},
	"elements": [
		{
			"from": [8.5, 1, 3.75],
			"to": [8.75, 11.5, 4.25],
			"rotation": {"angle": 0, "axis": "y", "origin": [-0.25, -4, 16]},
			"faces": {
				"north": {"uv": [0.25, 8.5, 5.5, 8.625], "rotation": 90, "texture": "#0"},
				"east": {"uv": [0, 8.5, 5.25, 8.75], "rotation": 90, "texture": "#0"},
				"south": {"uv": [2, 0, 4, 11], "texture": "#0"},
				"west": {"uv": [5, 0, 6, 11], "texture": "#0"},
				"up": {"uv": [0.75, 9, 0, 8.75], "texture": "#0"},
				"down": {"uv": [10, 1, 8, 2], "texture": "#0"}
			}
		},
		{
			"from": [7.25, 1, 3.75],
			"to": [7.5, 11.5, 4.25],
			"rotation": {"angle": 0, "axis": "y", "origin": [-0.25, -4, 16]},
			"faces": {
				"north": {"uv": [0.25, 8.5, 5.5, 8.625], "rotation": 90, "texture": "#0"},
				"east": {"uv": [4, 0, 5, 11], "texture": "#0"},
				"south": {"uv": [2, 0, 4, 11], "texture": "#0"},
				"west": {"uv": [0, 8.5, 5.25, 8.75], "rotation": 90, "texture": "#0"},
				"up": {"uv": [0.75, 9, 0, 8.75], "texture": "#0"},
				"down": {"uv": [10, 1, 8, 2], "texture": "#0"}
			}
		},
		{
			"from": [7.5, 1.5, 3.5],
			"to": [8.5, 11.6, 3.75],
			"rotation": {"angle": 0, "axis": "y", "origin": [-0.25, -4, 16]},
			"faces": {
				"north": {"uv": [0, 9, 5.05, 9.5], "rotation": 90, "texture": "#0"},
				"east": {"uv": [0, 9, 5.05, 9.125], "rotation": 90, "texture": "#0"},
				"south": {"uv": [2, 0, 3, 11], "texture": "#0"},
				"west": {"uv": [0, 9, 5.05, 9.125], "rotation": 90, "texture": "#0"},
				"up": {"uv": [0.5, 9.625, 0, 9.5], "texture": "#0"},
				"down": {"uv": [9, 5, 8, 6], "texture": "#0"}
			}
		},
		{
			"from": [7.75, 2, 3.25],
			"to": [8.25, 11.75, 3.5],
			"rotation": {"angle": 0, "axis": "y", "origin": [-0.25, -4, 16]},
			"faces": {
				"north": {"uv": [0, 9.5, 4.875, 9.25], "rotation": 90, "texture": "#0"},
				"east": {"uv": [0, 9.5, 4.875, 9.375], "rotation": 90, "texture": "#0"},
				"south": {"uv": [5, 0, 4, 12], "texture": "#0"},
				"west": {"uv": [0, 9.5, 4.875, 9.375], "rotation": 90, "texture": "#0"},
				"up": {"uv": [0, 9.5, 0.125, 9.25], "rotation": 90, "texture": "#0"},
				"down": {"uv": [11, 14, 10, 12], "texture": "#0"}
			}
		},
		{
			"from": [7.25, 9, 7.1],
			"to": [8.75, 10.25, 9.1],
			"rotation": {"angle": 45, "axis": "x", "origin": [8, 4.25, 7]},
			"faces": {
				"north": {"uv": [0.75, 0, 0, 2], "texture": "#0"},
				"east": {"uv": [1, 0, 0, 2], "texture": "#0"},
				"south": {"uv": [0.75, 0, 0, 2], "texture": "#0"},
				"west": {"uv": [1, 0, 0, 2], "texture": "#0"},
				"up": {"uv": [0.75, 0, 0, 1], "texture": "#0"},
				"down": {"uv": [0.75, 1, 0, 0], "texture": "#0"}
			}
		},
		{
			"from": [7.5, 7.20581, 12.00079],
			"to": [8.5, 9.30581, 13.50079],
			"rotation": {"angle": 22.5, "axis": "x", "origin": [8, 9.30581, 12.55079]},
			"faces": {
				"north": {"uv": [0.5, 8.3, 0, 7.25], "texture": "#0"},
				"east": {"uv": [0.75, 8.3, 0, 7.25], "texture": "#0"},
				"south": {"uv": [0.5, 8.3, 0, 7.25], "texture": "#0"},
				"west": {"uv": [0.75, 8.3, 0, 7.25], "texture": "#0"},
				"up": {"uv": [0.5, 8, 0, 8.75], "texture": "#0"},
				"down": {"uv": [0.5, 0.75, 0, 0], "texture": "#0"}
			}
		},
		{
			"from": [7.75, 8.80581, 12.20079],
			"to": [8.25, 10.55581, 13.10079],
			"rotation": {"angle": 0, "axis": "y", "origin": [8, 9.30581, 12.55079]},
			"faces": {
				"north": {"uv": [0.25, 9.5, 0, 8.625], "texture": "#0"},
				"east": {"uv": [0.45, 9.5, 0, 8.625], "texture": "#0"},
				"south": {"uv": [0.25, 9.5, 0, 8.625], "texture": "#0"},
				"west": {"uv": [0.45, 9.5, 0, 8.625], "texture": "#0"},
				"up": {"uv": [0.25, 9.5, 0, 9.95], "texture": "#0"},
				"down": {"uv": [0.25, 0.45, 0, 0], "texture": "#0"}
			}
		},
		{
			"from": [7.25, 12.25, 7.85],
			"to": [8.75, 16.25, 8.85],
			"rotation": {"angle": 45, "axis": "x", "origin": [8, 10.25, 6.5]},
			"faces": {
				"north": {"uv": [0.75, 0, 0, 2], "texture": "#0"},
				"east": {"uv": [6, 12.25, 5.25, 14.25], "rotation": 180, "texture": "#0"},
				"south": {"uv": [5.5, 12.25, 5, 14.25], "texture": "#0"},
				"west": {"uv": [6, 12.25, 5.25, 14.25], "texture": "#0"},
				"up": {"uv": [0.75, 0, 0, 1.125], "texture": "#0"},
				"down": {"uv": [0.75, 1.125, 0, 0], "texture": "#0"}
			}
		},
		{
			"from": [7.25, 12.25, 6.6],
			"to": [8.75, 16.25, 7.85],
			"rotation": {"angle": 45, "axis": "x", "origin": [8, 10.25, 6.5]},
			"faces": {
				"north": {"uv": [5.5, 12.25, 5, 14.25], "texture": "#0"},
				"east": {"uv": [6.125, 12.25, 5, 14.25], "texture": "#0"},
				"south": {"uv": [0.75, 0, 0, 2], "texture": "#0"},
				"west": {"uv": [6.125, 12.25, 5, 14.25], "rotation": 180, "texture": "#0"},
				"up": {"uv": [0.75, 0, 0, 1.125], "texture": "#0"},
				"down": {"uv": [0.75, 1.125, 0, 0], "texture": "#0"}
			}
		},
		{
			"from": [7.5, 13.20581, 11.50079],
			"to": [8.5, 15.30581, 13.00079],
			"rotation": {"angle": 22.5, "axis": "x", "origin": [8, 15.30581, 12.05079]},
			"faces": {
				"north": {"uv": [0.5, 8.3, 0, 7.25], "texture": "#0"},
				"east": {"uv": [0.75, 8.3, 0, 7.25], "texture": "#0"},
				"south": {"uv": [0.5, 8.3, 0, 7.25], "texture": "#0"},
				"west": {"uv": [0.75, 8.3, 0, 7.25], "texture": "#0"},
				"up": {"uv": [0.5, 8, 0, 8.75], "texture": "#0"},
				"down": {"uv": [0.5, 0.75, 0, 0], "texture": "#0"}
			}
		},
		{
			"from": [7.75, 14.80581, 11.70079],
			"to": [8.25, 16.55581, 12.60079],
			"rotation": {"angle": 0, "axis": "y", "origin": [8, 15.30581, 12.05079]},
			"faces": {
				"north": {"uv": [0.25, 9.5, 0, 8.625], "texture": "#0"},
				"east": {"uv": [0.45, 9.5, 0, 8.625], "texture": "#0"},
				"south": {"uv": [0.25, 9.5, 0, 8.625], "texture": "#0"},
				"west": {"uv": [0.45, 9.5, 0, 8.625], "texture": "#0"},
				"up": {"uv": [0.25, 9.5, 0, 9.95], "texture": "#0"},
				"down": {"uv": [0.25, 0.45, 0, 0], "texture": "#0"}
			}
		},
		{
			"from": [7.6, 11.4, 4.5],
			"to": [7.9, 14.99, 4.75],
			"rotation": {"angle": 22.5, "axis": "x", "origin": [8, 14, 4.5]},
			"faces": {
				"north": {"uv": [0, 9, 1.795, 9.15], "rotation": 90, "texture": "#0"},
				"east": {"uv": [0, 9.5, 1.795, 9.625], "rotation": 90, "texture": "#0"},
				"south": {"uv": [7, 0, 8, 4], "texture": "#0"},
				"west": {"uv": [0, 9, 1.795, 9.125], "rotation": 90, "texture": "#0"},
				"up": {"uv": [0.4, 9.625, 0, 9.5], "texture": "#0"},
				"down": {"uv": [9, 1, 8, 2], "texture": "#0"}
			}
		},
		{
			"from": [8.1, 11.4, 4.5],
			"to": [8.4, 14.99, 4.75],
			"rotation": {"angle": 22.5, "axis": "x", "origin": [8, 14, 4.5]},
			"faces": {
				"north": {"uv": [0, 9, 1.795, 9.15], "rotation": 90, "texture": "#0"},
				"east": {"uv": [0, 9.5, 1.795, 9.625], "rotation": 90, "texture": "#0"},
				"south": {"uv": [7, 0, 8, 4], "texture": "#0"},
				"west": {"uv": [0, 9, 1.795, 9.125], "rotation": 90, "texture": "#0"},
				"up": {"uv": [0.4, 9.625, 0, 9.5], "texture": "#0"},
				"down": {"uv": [9, 1, 8, 2], "texture": "#0"}
			}
		},
		{
			"from": [7.35, 11.4, 4.75],
			"to": [7.65, 14.99, 5],
			"rotation": {"angle": 22.5, "axis": "x", "origin": [8, 14, 4.5]},
			"faces": {
				"north": {"uv": [0, 8.5, 1.795, 8.65], "rotation": 90, "texture": "#0"},
				"east": {"uv": [0, 9, 1.795, 9.125], "rotation": 90, "texture": "#0"},
				"south": {"uv": [7, 0, 8, 4], "texture": "#0"},
				"west": {"uv": [0, 8.5, 1.795, 8.625], "rotation": 90, "texture": "#0"},
				"up": {"uv": [0.65, 9, 0, 8.875], "texture": "#0"},
				"down": {"uv": [9, 3, 8, 4], "texture": "#0"}
			}
		},
		{
			"from": [8.35, 11.4, 4.75],
			"to": [8.65, 14.99, 5],
			"rotation": {"angle": 22.5, "axis": "x", "origin": [8, 14, 4.5]},
			"faces": {
				"north": {"uv": [0, 9, 1.795, 9.15], "rotation": 90, "texture": "#0"},
				"east": {"uv": [0, 9, 1.795, 9.125], "rotation": 90, "texture": "#0"},
				"south": {"uv": [7, 0, 8, 4], "texture": "#0"},
				"west": {"uv": [0, 9, 1.795, 9.125], "rotation": 90, "texture": "#0"},
				"up": {"uv": [0.65, 9, 0, 8.875], "texture": "#0"},
				"down": {"uv": [9, 3, 8, 4], "texture": "#0"}
			}
		},
		{
			"from": [7.85, 11.4, 4.25],
			"to": [8.15, 14.99, 4.5],
			"rotation": {"angle": 22.5, "axis": "x", "origin": [8, 14, 4.5]},
			"faces": {
				"north": {"uv": [0, 9.5, 1.795, 9.35], "rotation": 90, "texture": "#0"},
				"east": {"uv": [0, 9.875, 1.795, 9.75], "rotation": 90, "texture": "#0"},
				"south": {"uv": [11, 0, 10, 4], "texture": "#0"},
				"west": {"uv": [0, 9.5, 1.795, 9.375], "rotation": 90, "texture": "#0"},
				"up": {"uv": [0.15, 9.75, 0, 9.875], "texture": "#0"},
				"down": {"uv": [14, 2, 13, 0], "texture": "#0"}
			}
		},
		{
			"from": [6.99, 1, 4],
			"to": [9.01, 11.5, 5.25],
			"rotation": {"angle": 0, "axis": "y", "origin": [-0.25, -4, 16]},
			"faces": {
				"north": {"uv": [0, 9, 5.25, 8], "rotation": 90, "texture": "#0"},
				"east": {"uv": [0, 7.875, 5.25, 7.25], "rotation": 90, "texture": "#0"},
				"south": {"uv": [1, 0, 0, 5.25], "texture": "#0"},
				"west": {"uv": [0, 7.25, 5.25, 7.875], "rotation": 90, "texture": "#0"},
				"up": {"uv": [1, 0, 0, 1], "texture": "#0"},
				"down": {"uv": [1, 1, 0, 0], "texture": "#0"}
			}
		},
		{
			"from": [6.99, 6.25, 5.25],
			"to": [9.01, 11.5, 6],
			"rotation": {"angle": 0, "axis": "y", "origin": [-0.25, -4, 16]},
			"faces": {
				"north": {"uv": [0, 9, 5.25, 8], "rotation": 90, "texture": "#0"},
				"east": {"uv": [5.625, 12.25, 5.25, 14.75], "rotation": 180, "texture": "#0"},
				"south": {"uv": [5.51, 11.75, 5, 16], "texture": "#0"},
				"west": {"uv": [5.25, 12, 5.625, 14.5], "rotation": 180, "texture": "#0"},
				"up": {"uv": [1, 0, 0, 1], "texture": "#0"},
				"down": {"uv": [1, 1, 0, 0], "texture": "#0"}
			}
		},
		{
			"from": [6.99, 1, 5.25],
			"to": [9.01, 6.25, 6],
			"rotation": {"angle": 0, "axis": "y", "origin": [-0.25, -4, 16]},
			"faces": {
				"north": {"uv": [0, 9, 5.25, 8], "rotation": 90, "texture": "#0"},
				"east": {"uv": [4.875, 0, 4.5, 2.75], "rotation": 180, "texture": "#0"},
				"south": {"uv": [5.51, 11.75, 5, 16], "texture": "#0"},
				"west": {"uv": [3.75, 0, 4.125, 2.75], "rotation": 180, "texture": "#0"},
				"up": {"uv": [1, 0, 0, 1], "texture": "#0"},
				"down": {"uv": [1, 1, 0, 0], "texture": "#0"}
			}
		},
		{
			"from": [7, 3.25, 9.75],
			"to": [9, 13.25, 10.75],
			"rotation": {"angle": 22.5, "axis": "x", "origin": [8, 14, 4.5]},
			"faces": {
				"north": {"uv": [1, 0, 0, 5], "texture": "#0"},
				"east": {"uv": [6, 12, 5.25, 16], "rotation": 180, "texture": "#0"},
				"south": {"uv": [5.5, 12, 5, 16], "texture": "#0"},
				"west": {"uv": [6, 12, 5.25, 16], "texture": "#0"},
				"up": {"uv": [1, 0, 0, 1], "texture": "#0"},
				"down": {"uv": [1, 1, 0, 0], "texture": "#0"}
			}
		},
		{
			"from": [7, 3.25, 8.75],
			"to": [9, 13.25, 9.75],
			"rotation": {"angle": 22.5, "axis": "x", "origin": [8, 14, 4.5]},
			"faces": {
				"north": {"uv": [5.75, 12, 5.25, 16], "texture": "#0"},
				"east": {"uv": [6, 12, 5.25, 16], "texture": "#0"},
				"south": {"uv": [1, 0, 0, 5], "texture": "#0"},
				"west": {"uv": [6, 12, 5.25, 16], "rotation": 180, "texture": "#0"},
				"up": {"uv": [1, 0, 0, 1], "texture": "#0"},
				"down": {"uv": [1, 1, 0, 0], "texture": "#0"}
			}
		},
		{
			"from": [7, 11.5, 5],
			"to": [9, 15, 6.25],
			"rotation": {"angle": 22.5, "axis": "x", "origin": [8, 14, 4.5]},
			"faces": {
				"north": {"uv": [0, 9, 1.75, 8], "rotation": 90, "texture": "#0"},
				"east": {"uv": [0, 7.875, 1.75, 7.25], "rotation": 90, "texture": "#0"},
				"south": {"uv": [1, 0, 0, 1.75], "texture": "#0"},
				"west": {"uv": [0, 7.25, 1.75, 7.875], "rotation": 90, "texture": "#0"},
				"up": {"uv": [1, 0, 0, 1.125], "texture": "#0"},
				"down": {"uv": [1, 1.125, 0, 0], "texture": "#0"}
			}
		},
		{
			"from": [7, 11.5, 6.25],
			"to": [9, 15, 7.25],
			"rotation": {"angle": 22.5, "axis": "x", "origin": [8, 14, 4.5]},
			"faces": {
				"north": {"uv": [0, 9, 1.75, 8], "rotation": 90, "texture": "#0"},
				"east": {"uv": [5.75, 13, 5.25, 14.75], "rotation": 180, "texture": "#0"},
				"south": {"uv": [5.25, 13, 4.75, 14.75], "texture": "#0"},
				"west": {"uv": [5.25, 13, 5.75, 14.75], "rotation": 180, "texture": "#0"},
				"up": {"uv": [1, 0, 0, 1.125], "texture": "#0"},
				"down": {"uv": [1, 1.125, 0, 0], "texture": "#0"}
			}
		},
		{
			"from": [7, 2.25, 11],
			"to": [9, 6.25, 13],
			"rotation": {"angle": 22.5, "axis": "x", "origin": [8, 14, 4.5]},
			"faces": {
				"north": {"uv": [1, 0, 0, 2], "texture": "#0"},
				"east": {"uv": [1, 0, 0, 2], "texture": "#0"},
				"south": {"uv": [1, 0, 0, 2], "texture": "#0"},
				"west": {"uv": [5.25, 14, 6.25, 16], "rotation": 180, "texture": "#0"},
				"up": {"uv": [1, 0, 0, 1], "texture": "#0"},
				"down": {"uv": [1, 1, 0, 0], "texture": "#0"}
			}
		},
		{
			"from": [6.992, 1, 6.75],
			"to": [8.997, 9.25, 9],
			"rotation": {"angle": 45, "axis": "x", "origin": [8, 4, 6.5]},
			"faces": {
				"north": {"uv": [5.5025, 12.125, 5, 16], "texture": "#0"},
				"east": {"uv": [6.375, 12.125, 5.25, 16], "texture": "#0"},
				"south": {"uv": [1, 0, 0, 4.125], "texture": "#0"},
				"west": {"uv": [6.375, 12.125, 5.25, 16], "rotation": 180, "texture": "#0"},
				"up": {"uv": [1, 0, 0, 1.05], "texture": "#0"},
				"down": {"uv": [1, 1.05, 0, 0], "texture": "#0"}
			}
		},
		{
			"from": [7.75, 5.75, 12.35],
			"to": [8.25, 7.75, 13.1],
			"rotation": {"angle": 45, "axis": "x", "origin": [8, 4, 7]},
			"faces": {
				"north": {"uv": [0.25, 9.5, 0, 8.5], "texture": "#0"},
				"east": {"uv": [0.375, 9.5, 0, 8.5], "texture": "#0"},
				"south": {"uv": [0.25, 9.5, 0, 8.5], "texture": "#0"},
				"west": {"uv": [0.375, 9.5, 0, 8.5], "texture": "#0"},
				"up": {"uv": [0.25, 9.25, 0, 9.625], "texture": "#0"},
				"down": {"uv": [0.25, 0.375, 0, 0], "texture": "#0"}
			}
		},
		{
			"from": [7.5, 0.70442, 10.12401],
			"to": [8.5, 2.05442, 12.37401],
			"rotation": {"angle": -22.5, "axis": "x", "origin": [8, 1.45442, 12.37401]},
			"faces": {
				"north": {"uv": [0, 0, 0.5, 0.675], "texture": "#0"},
				"east": {"uv": [0, 6.75, 0.675, 7.875], "rotation": 90, "texture": "#0"},
				"south": {"uv": [0, 8.675, 0.5, 8], "rotation": 180, "texture": "#0"},
				"west": {"uv": [0, 6.75, 0.675, 7.875], "rotation": 270, "texture": "#0"},
				"up": {"uv": [0.5, 6.75, 0, 7.875], "texture": "#0"},
				"down": {"uv": [0, 6.75, 0.5, 7.875], "rotation": 180, "texture": "#0"}
			}
		},
		{
			"from": [7.25, -0.25, 8.75],
			"to": [8.75, 1.5, 10.75],
			"rotation": {"angle": 0, "axis": "y", "origin": [-0.25, -4, 16]},
			"faces": {
				"north": {"uv": [0.75, 0, 0, 0.875], "texture": "#0"},
				"east": {"uv": [3.125, 0, 0, 0.875], "texture": "#0"},
				"south": {"uv": [0.75, 0, 0, 0.875], "texture": "#0"},
				"west": {"uv": [3.125, 0, 0, 0.875], "texture": "#0"},
				"up": {"uv": [0.75, 0, 0, 3.125], "texture": "#0"},
				"down": {"uv": [0.75, 3.125, 0, 0], "texture": "#0"}
			}
		},
		{
			"from": [6.991, -0.25, 4.5],
			"to": [9.001, 1.5, 8.75],
			"rotation": {"angle": 0, "axis": "y", "origin": [-0.25, -4, 16]},
			"faces": {
				"north": {"uv": [0.75, 0, 0, 0.875], "texture": "#0"},
				"east": {"uv": [3.125, 0, 0, 0.875], "texture": "#0"},
				"south": {"uv": [0.75, 0, 0, 0.875], "texture": "#0"},
				"west": {"uv": [3.125, 0, 0, 0.875], "texture": "#0"},
				"up": {"uv": [0.75, 0, 0, 3.125], "texture": "#0"},
				"down": {"uv": [0.75, 3.125, 0, 0], "texture": "#0"}
			}
		},
		{
			"from": [6.991, -0.75, 6.5],
			"to": [9.001, -0.25, 9],
			"rotation": {"angle": 0, "axis": "y", "origin": [-0.25, -4, 16]},
			"faces": {
				"north": {"uv": [0.75, 0, 0, 0.875], "texture": "#0"},
				"east": {"uv": [3.125, 0, 0, 0.875], "texture": "#0"},
				"south": {"uv": [0.75, 0, 0, 0.875], "texture": "#0"},
				"west": {"uv": [3.125, 0, 0, 0.875], "texture": "#0"},
				"up": {"uv": [0.75, 0, 0, 3.125], "texture": "#0"},
				"down": {"uv": [0.75, 3.125, 0, 0], "texture": "#0"}
			}
		},
		{
			"from": [7.25, 15.1, 4.6],
			"to": [8.75, 20, 5.85],
			"rotation": {"angle": 45, "axis": "x", "origin": [8, 14, 4.5]},
			"faces": {
				"north": {"uv": [0, 9, 2.45, 8.25], "rotation": 90, "texture": "#0"},
				"east": {"uv": [0, 7.875, 2.45, 7.25], "rotation": 90, "texture": "#0"},
				"south": {"uv": [0.75, 0, 0, 2.45], "texture": "#0"},
				"west": {"uv": [0, 7.25, 2.45, 7.875], "rotation": 90, "texture": "#0"},
				"up": {"uv": [0.75, 0, 0, 1.125], "texture": "#0"},
				"down": {"uv": [0.75, 1.125, 0, 0], "texture": "#0"}
			}
		},
		{
			"from": [7.25, 15.1, 5.85],
			"to": [8.75, 20, 6.85],
			"rotation": {"angle": 45, "axis": "x", "origin": [8, 14, 4.5]},
			"faces": {
				"north": {"uv": [0, 9, 2.45, 8.25], "rotation": 90, "texture": "#0"},
				"east": {"uv": [5.75, 12, 5.25, 14.45], "rotation": 180, "texture": "#0"},
				"south": {"uv": [5.25, 12, 5, 14.45], "texture": "#0"},
				"west": {"uv": [5.25, 12.25, 5.75, 14.7], "rotation": 180, "texture": "#0"},
				"up": {"uv": [0.75, 0, 0, 1.125], "texture": "#0"},
				"down": {"uv": [0.75, 1.125, 0, 0], "texture": "#0"}
			}
		},
		{
			"from": [7.6, 15, 4.35],
			"to": [8.15, 19.5, 4.6],
			"rotation": {"angle": 45, "axis": "x", "origin": [8, 14, 4.5]},
			"faces": {
				"north": {"uv": [0, 8.5, 2.25, 8.775], "rotation": 90, "texture": "#0"},
				"east": {"uv": [0, 8.5, 2.25, 8.625], "rotation": 90, "texture": "#0"},
				"south": {"uv": [4, 5, 5, 10], "texture": "#0"},
				"west": {"uv": [0, 8.5, 2.25, 8.625], "rotation": 90, "texture": "#0"},
				"up": {"uv": [0.4, 8.5, 0, 8.375], "texture": "#0"},
				"down": {"uv": [9, 3, 8, 4], "texture": "#0"}
			}
		},
		{
			"from": [8.1, 15, 4.35],
			"to": [8.4, 19.5, 4.6],
			"rotation": {"angle": 45, "axis": "x", "origin": [8, 14, 4.5]},
			"faces": {
				"north": {"uv": [0, 8.5, 2.25, 8.65], "rotation": 90, "texture": "#0"},
				"east": {"uv": [0, 8.5, 2.25, 8.625], "rotation": 90, "texture": "#0"},
				"south": {"uv": [4, 5, 5, 10], "texture": "#0"},
				"west": {"uv": [0, 9.5, 2.25, 9.625], "rotation": 90, "texture": "#0"},
				"up": {"uv": [0.4, 8.5, 0, 8.375], "texture": "#0"},
				"down": {"uv": [9, 3, 8, 4], "texture": "#0"}
			}
		},
		{
			"from": [7.85, 14.9, 4.1],
			"to": [8.15, 19, 4.35],
			"rotation": {"angle": 45, "axis": "x", "origin": [8, 14, 4.5]},
			"faces": {
				"north": {"uv": [0, 9.5, 2.05, 9.35], "rotation": 90, "texture": "#0"},
				"east": {"uv": [0, 9.5, 2.05, 9.375], "rotation": 90, "texture": "#0"},
				"south": {"uv": [1, 11, 0, 16], "texture": "#0"},
				"west": {"uv": [0, 9.5, 2.05, 9.375], "rotation": 90, "texture": "#0"},
				"up": {"uv": [0.15, 9, 0, 9.125], "texture": "#0"},
				"down": {"uv": [1, 16, 0, 14], "texture": "#0"}
			}
		},
		{
			"from": [7.5, 16.95581, 9.50079],
			"to": [8.5, 19.05581, 11.00079],
			"rotation": {"angle": 22.5, "axis": "x", "origin": [8, 19.05581, 10.05079]},
			"faces": {
				"north": {"uv": [0.5, 8.3, 0, 7.25], "texture": "#0"},
				"east": {"uv": [0.75, 8.3, 0, 7.25], "texture": "#0"},
				"south": {"uv": [0.5, 8.3, 0, 7.25], "texture": "#0"},
				"west": {"uv": [0.75, 8.3, 0, 7.25], "texture": "#0"},
				"up": {"uv": [0.5, 8, 0, 8.75], "texture": "#0"},
				"down": {"uv": [0.5, 0.75, 0, 0], "texture": "#0"}
			}
		},
		{
			"from": [7.75, 18.55581, 9.70079],
			"to": [8.25, 20.30581, 10.60079],
			"rotation": {"angle": 0, "axis": "y", "origin": [8, 19.05581, 10.05079]},
			"faces": {
				"north": {"uv": [0.25, 9.5, 0, 8.625], "texture": "#0"},
				"east": {"uv": [0.45, 9.5, 0, 8.625], "texture": "#0"},
				"south": {"uv": [0.25, 9.5, 0, 8.625], "texture": "#0"},
				"west": {"uv": [0.45, 9.5, 0, 8.625], "texture": "#0"},
				"up": {"uv": [0.25, 9.5, 0, 9.95], "texture": "#0"},
				"down": {"uv": [0.25, 0.45, 0, 0], "texture": "#0"}
			}
		},
		{
			"from": [7.75, 0.5, 10.5],
			"to": [8.25, 12, 11],
			"rotation": {"angle": 0, "axis": "y", "origin": [-0.25, -4, 16]},
			"faces": {
				"north": {"uv": [6.5, 0, 6, 6], "texture": "#0"},
				"east": {"uv": [16, 0, 15.5, 5.5], "texture": "#0"},
				"south": {"uv": [16, 0, 15.5, 5.5], "texture": "#0"},
				"west": {"uv": [16, 0, 15.5, 5.5], "texture": "#0"},
				"up": {"uv": [1, 6, 0.5, 9], "texture": "#0"},
				"down": {"uv": [1.5, 9, 1, 6], "texture": "#0"}
			}
		},
		{
			"from": [7.49, 12, 6],
			"to": [8.51, 15.75, 9.75],
			"rotation": {"angle": -22.5, "axis": "x", "origin": [8, 13.5, 8.5]},
			"faces": {
				"north": {"uv": [14.75, 0, 14.25, 1.875], "texture": "#0"},
				"east": {"uv": [16, 0, 14.125, 1.875], "texture": "#0"},
				"south": {"uv": [16, 0, 15.5, 1.75], "texture": "#0"},
				"west": {"uv": [16, 0, 14.125, 1.875], "rotation": 270, "texture": "#0"},
				"up": {"uv": [16, 0, 15.5, 1.875], "texture": "#0"},
				"down": {"uv": [16, 1.875, 15.5, 0], "texture": "#0"}
			}
		},
		{
			"from": [7.48, 11, 3.25],
			"to": [7.48, 14.75, 9.75],
			"rotation": {"angle": -45, "axis": "x", "origin": [8, 13.5, 8.5]},
			"faces": {
				"north": {"uv": [14.75, 0, 14.25, 1.875], "texture": "#0"},
				"east": {"uv": [16, 0, 14.125, 1.875], "texture": "#0"},
				"south": {"uv": [16, 0, 15.5, 1.75], "texture": "#0"},
				"west": {"uv": [12.25, 2, 10.375, 5.25], "rotation": 270, "texture": "#0"},
				"up": {"uv": [16, 0, 15.5, 1.875], "texture": "#0"},
				"down": {"uv": [16, 1.875, 15.5, 0], "texture": "#0"}
			}
		},
		{
			"from": [7.48, 7.75, 1.25],
			"to": [7.48, 10.5, 5.75],
			"rotation": {"angle": -45, "axis": "x", "origin": [8, 13.5, 8.5]},
			"faces": {
				"north": {"uv": [14.75, 0, 14.25, 1.875], "texture": "#0"},
				"east": {"uv": [16, 0, 14.125, 1.875], "texture": "#0"},
				"south": {"uv": [16, 0, 15.5, 1.75], "texture": "#0"},
				"west": {"uv": [11.5, 3, 10.125, 5.25], "rotation": 270, "texture": "#0"},
				"up": {"uv": [16, 0, 15.5, 1.875], "texture": "#0"},
				"down": {"uv": [16, 1.875, 15.5, 0], "texture": "#0"}
			}
		},
		{
			"from": [7.48, 9.25, 5.75],
			"to": [7.48, 10.5, 7.75],
			"rotation": {"angle": -45, "axis": "x", "origin": [8, 13.5, 8.5]},
			"faces": {
				"north": {"uv": [14.75, 0, 14.25, 1.875], "texture": "#0"},
				"east": {"uv": [16, 14.125, 14.125, 16], "texture": "#0"},
				"south": {"uv": [16, 0, 15.5, 1.75], "texture": "#0"},
				"west": {"uv": [15.75, 8.5, 15, 9.5], "rotation": 270, "texture": "#0"},
				"up": {"uv": [16, 0, 15.5, 1.875], "texture": "#0"},
				"down": {"uv": [16, 1.875, 15.5, 0], "texture": "#0"}
			}
		},
		{
			"from": [8.52, 3.25, -0.25],
			"to": [8.52, 6.5, 2.75],
			"rotation": {"angle": -45, "axis": "x", "origin": [8, 13.5, 8.5]},
			"faces": {
				"north": {"uv": [14.25, 0, 14.75, 1.875], "texture": "#0"},
				"east": {"uv": [16, 9.75, 14.375, 8.25], "rotation": 270, "texture": "#0"},
				"south": {"uv": [15.5, 0, 16, 1.75], "texture": "#0"},
				"west": {"uv": [14.125, 14.125, 16, 16], "texture": "#0"},
				"up": {"uv": [15.5, 0, 16, 1.875], "texture": "#0"},
				"down": {"uv": [15.5, 1.875, 16, 0], "texture": "#0"}
			}
		},
		{
			"from": [8.52, 11, 3.25],
			"to": [8.52, 14.75, 9.75],
			"rotation": {"angle": -45, "axis": "x", "origin": [8, 13.5, 8.5]},
			"faces": {
				"north": {"uv": [14.25, 0, 14.75, 1.875], "texture": "#0"},
				"east": {"uv": [12.25, 5.25, 10.375, 2], "rotation": 270, "texture": "#0"},
				"south": {"uv": [15.5, 0, 16, 1.75], "texture": "#0"},
				"west": {"uv": [14.125, 0, 16, 1.875], "texture": "#0"},
				"up": {"uv": [15.5, 0, 16, 1.875], "texture": "#0"},
				"down": {"uv": [15.5, 1.875, 16, 0], "texture": "#0"}
			}
		},
		{
			"from": [8.52, 7.75, 1.25],
			"to": [8.52, 10.5, 5.75],
			"rotation": {"angle": -45, "axis": "x", "origin": [8, 13.5, 8.5]},
			"faces": {
				"north": {"uv": [14.25, 0, 14.75, 1.875], "texture": "#0"},
				"east": {"uv": [11.5, 5.25, 10.125, 3], "rotation": 270, "texture": "#0"},
				"south": {"uv": [15.5, 0, 16, 1.75], "texture": "#0"},
				"west": {"uv": [14.125, 0, 16, 1.875], "texture": "#0"},
				"up": {"uv": [15.5, 0, 16, 1.875], "texture": "#0"},
				"down": {"uv": [15.5, 1.875, 16, 0], "texture": "#0"}
			}
		},
		{
			"from": [8.52, 9.25, 5.75],
			"to": [8.52, 10.5, 7.75],
			"rotation": {"angle": -45, "axis": "x", "origin": [8, 13.5, 8.5]},
			"faces": {
				"north": {"uv": [14.25, 0, 14.75, 1.875], "texture": "#0"},
				"east": {"uv": [15.75, 9.5, 15, 8.5], "rotation": 270, "texture": "#0"},
				"south": {"uv": [15.5, 0, 16, 1.75], "texture": "#0"},
				"west": {"uv": [14.125, 14.125, 16, 16], "texture": "#0"},
				"up": {"uv": [15.5, 0, 16, 1.875], "texture": "#0"},
				"down": {"uv": [15.5, 1.875, 16, 0], "texture": "#0"}
			}
		},
		{
			"from": [7.48, 3.25, -0.25],
			"to": [7.48, 6.5, 2.75],
			"rotation": {"angle": -45, "axis": "x", "origin": [8, 13.5, 8.5]},
			"faces": {
				"north": {"uv": [14.75, 0, 14.25, 1.875], "texture": "#0"},
				"east": {"uv": [16, 14.125, 14.125, 16], "texture": "#0"},
				"south": {"uv": [16, 0, 15.5, 1.75], "texture": "#0"},
				"west": {"uv": [16, 8.25, 14.375, 9.75], "rotation": 270, "texture": "#0"},
				"up": {"uv": [16, 0, 15.5, 1.875], "texture": "#0"},
				"down": {"uv": [16, 1.875, 15.5, 0], "texture": "#0"}
			}
		},
		{
			"from": [7.5, 1.25, 5],
			"to": [8.5, 12, 10.5],
			"rotation": {"angle": 0, "axis": "y", "origin": [-0.25, -4, 16]},
			"faces": {
				"north": {"uv": [6.5, 0, 6, 6], "texture": "#0"},
				"east": {"uv": [16, 0, 13.25, 5.375], "texture": "#0"},
				"south": {"uv": [16, 0, 15.5, 2.5], "texture": "#0"},
				"west": {"uv": [16, 0, 13.25, 5.375], "texture": "#0"},
				"up": {"uv": [1, 6, 0.5, 9], "texture": "#0"},
				"down": {"uv": [1.5, 9, 1, 6], "texture": "#0"}
			}
		},
		{
			"from": [7.75, 12, 9.75],
			"to": [8.25, 15.75, 10.5],
			"rotation": {"angle": -22.5, "axis": "x", "origin": [8, 13.5, 8.5]},
			"faces": {
				"north": {"uv": [6.5, 0, 6, 6], "texture": "#0"},
				"east": {"uv": [16, 0, 15.25, 3.75], "texture": "#0"},
				"south": {"uv": [16, 0, 15.5, 3.75], "texture": "#0"},
				"west": {"uv": [16, 0, 15.25, 3.75], "texture": "#0"},
				"up": {"uv": [1, 6, 0.5, 9], "texture": "#0"},
				"down": {"uv": [1.5, 9, 1, 6], "texture": "#0"}
			}
		},
		{
			"from": [7.25, -1.75, 7],
			"to": [8.75, -0.25, 8.5],
			"rotation": {"angle": 0, "axis": "y", "origin": [-0.25, -4, 16]},
			"faces": {
				"north": {"uv": [15, 10, 14.25, 10.75], "texture": "#0"},
				"east": {"uv": [14.75, 10, 14, 10.75], "texture": "#0"},
				"south": {"uv": [15, 10, 14.25, 10.75], "texture": "#0"},
				"west": {"uv": [14.75, 10, 14, 10.75], "texture": "#0"},
				"up": {"uv": [1, 2, 0, 5], "texture": "#0"},
				"down": {"uv": [14.75, 11.5, 14, 10], "texture": "#0"}
			}
		},
		{
			"from": [7.25, -4, 5],
			"to": [8.75, -0.25, 6],
			"rotation": {"angle": 0, "axis": "y", "origin": [-0.25, -4, 16]},
			"faces": {
				"north": {"uv": [0.75, 0, 0, 1.875], "texture": "#0"},
				"east": {"uv": [0.5, 0, 0, 1.875], "texture": "#0"},
				"south": {"uv": [0.75, 0, 0, 1.875], "texture": "#0"},
				"west": {"uv": [0.5, 0, 0, 1.875], "texture": "#0"},
				"up": {"uv": [0.75, 0, 0, 0.5], "texture": "#0"},
				"down": {"uv": [0.75, 0.5, 0, 0], "texture": "#0"}
			}
		},
		{
			"from": [7.75, -5.25, 7],
			"to": [8.25, -4, 8],
			"rotation": {"angle": 0, "axis": "y", "origin": [8, -2.5, 5.5]},
			"faces": {
				"north": {"uv": [12, 11, 13, 9], "texture": "#0"},
				"east": {"uv": [0, 12, 2, 0], "rotation": 270, "texture": "#0"},
				"south": {"uv": [10, 12, 11, 14], "rotation": 180, "texture": "#0"},
				"west": {"uv": [2, 12, 4, 0], "rotation": 90, "texture": "#0"},
				"up": {"uv": [4, 12, 5, 0], "rotation": 180, "texture": "#0"},
				"down": {"uv": [5, 12, 6, 0], "texture": "#0"}
			}
		},
		{
			"from": [7.75, -5.25, 4.5],
			"to": [8.25, -3.25, 6],
			"rotation": {"angle": -45, "axis": "x", "origin": [8, -2.5, 5.5]},
			"faces": {
				"north": {"uv": [15.25, 0, 15, 1], "texture": "#0"},
				"east": {"uv": [14.75, 0, 14, 1], "texture": "#0"},
				"south": {"uv": [15.25, 0, 15, 1], "texture": "#0"},
				"west": {"uv": [16, 0, 15.25, 1], "texture": "#0"},
				"up": {"uv": [15.25, 0, 15, 0.75], "texture": "#0"},
				"down": {"uv": [15.25, 0.75, 15, 0], "texture": "#0"}
			}
		},
		{
			"from": [7.75, -3.75, 5.25],
			"to": [8.25, -0.25, 6.5],
			"rotation": {"angle": 0, "axis": "y", "origin": [-0.25, -3.75, 16.25]},
			"faces": {
				"north": {"uv": [15.25, 0, 15, 1.75], "texture": "#0"},
				"east": {"uv": [14.625, 0, 14, 1.75], "texture": "#0"},
				"south": {"uv": [15.25, 0, 15, 1.75], "texture": "#0"},
				"west": {"uv": [15.875, 0, 15.25, 1.75], "texture": "#0"},
				"up": {"uv": [15.25, 0, 15, 0.625], "texture": "#0"},
				"down": {"uv": [15.25, 0.625, 15, 0], "texture": "#0"}
			}
		},
		{
			"from": [7.26, -5.75, 4.25],
			"to": [8.74, -3.5, 5.5],
			"rotation": {"angle": -45, "axis": "x", "origin": [8, -2.75, 5.25]},
			"faces": {
				"north": {"uv": [0.75, 0, 0, 1.25], "texture": "#0"},
				"east": {"uv": [0.625, 0, 0, 1.25], "texture": "#0"},
				"south": {"uv": [0.75, 0, 0, 1.25], "texture": "#0"},
				"west": {"uv": [0.625, 0, 0, 1.25], "texture": "#0"},
				"up": {"uv": [0.75, 0, 0, 0.625], "texture": "#0"},
				"down": {"uv": [0.75, 0.625, 0, 0], "texture": "#0"}
			}
		},
		{
			"from": [7.27, -5.5, 6.75],
			"to": [8.73, -4.5, 9],
			"rotation": {"angle": 0, "axis": "y", "origin": [8, -2.75, 5.25]},
			"faces": {
				"north": {"uv": [0, 0.5, 0.75, 0], "texture": "#0"},
				"east": {"uv": [0, 1.125, 0.5, 0], "rotation": 270, "texture": "#0"},
				"south": {"uv": [0, 0, 0.75, 0.5], "rotation": 180, "texture": "#0"},
				"west": {"uv": [0, 1.125, 0.5, 0], "rotation": 90, "texture": "#0"},
				"up": {"uv": [0, 1.125, 0.75, 0], "rotation": 180, "texture": "#0"},
				"down": {"uv": [0, 1.125, 0.75, 0], "texture": "#0"}
			}
		},
		{
			"from": [7.4, -7, 7.15],
			"to": [8.6, -6.5, 8.35],
			"rotation": {"angle": 0, "axis": "y", "origin": [8, -2.75, 5.25]},
			"faces": {
				"north": {"uv": [15, 0.25, 15.6, 0], "texture": "#0"},
				"east": {"uv": [14, 0.6, 14.25, 0], "rotation": 270, "texture": "#0"},
				"south": {"uv": [15, 0, 15.6, 0.25], "rotation": 180, "texture": "#0"},
				"west": {"uv": [15.75, 0.6, 16, 0], "rotation": 90, "texture": "#0"},
				"up": {"uv": [15, 0.6, 15.6, 0], "rotation": 180, "texture": "#0"},
				"down": {"uv": [15, 0.6, 15.6, 0], "texture": "#0"}
			}
		},
		{
			"from": [7.3, -8, 7.05],
			"to": [8.7, -7, 8.45],
			"rotation": {"angle": 0, "axis": "y", "origin": [8, -2.75, 5.25]},
			"faces": {
				"north": {"uv": [0, 0.5, 0.7, 0], "texture": "#0"},
				"east": {"uv": [0, 0.7, 0.5, 0], "rotation": 270, "texture": "#0"},
				"south": {"uv": [0, 0, 0.7, 0.5], "rotation": 180, "texture": "#0"},
				"west": {"uv": [2, 0.7, 2.5, 0], "rotation": 90, "texture": "#0"},
				"up": {"uv": [0, 0.7, 0.7, 0], "rotation": 180, "texture": "#0"},
				"down": {"uv": [0, 0.7, 0.7, 0], "texture": "#0"}
			}
		},
		{
			"from": [7.5, -6.75, 7.25],
			"to": [8.5, -0.25, 8.25],
			"rotation": {"angle": 0, "axis": "y", "origin": [-0.25, -4, 16]},
			"faces": {
				"north": {"uv": [12.5, 10, 12, 13.25], "texture": "#0"},
				"east": {"uv": [12.5, 10, 12, 13.25], "texture": "#0"},
				"south": {"uv": [12.5, 10, 12, 13.25], "texture": "#0"},
				"west": {"uv": [12.5, 10, 12, 13.25], "texture": "#0"},
				"up": {"uv": [12.5, 10, 12, 10.5], "texture": "#0"},
				"down": {"uv": [12.5, 10.5, 12, 10], "texture": "#0"}
			}
		}
	],
	"gui_light": "front",
	"display": {
		"thirdperson_righthand": {
			"rotation": [-22, -55, 92],
			"translation": [-6, -8, 2.5],
			"scale": [1.3, 1.4, 1.3]
		},
		"thirdperson_lefthand": {
			"rotation": [-22, -55, 92],
			"translation": [-6, -8, 2.5],
			"scale": [1.3, 1.4, 1.3]
		},
		"firstperson_righthand": {
			"scale": [0, 0, 0]
		},
		"firstperson_lefthand": {
			"scale": [0, 0, 0]
		},
		"ground": {
			"rotation": [-45, 0, 0],
			"translation": [-0.75, 6.5, 0],
			"scale": [0.8, 0.8, 0.8]
		},
		"gui": {
			"rotation": [-90, -45, -90],
			"translation": [1.5, 0.75, 0],
			"scale": [0.75, 0.75, 0.75]
		},
		"head": {
			"rotation": [45, 0, 0],
			"translation": [0, 8, 12]
		},
		"fixed": {
			"rotation": [-90, 45, 90],
			"translation": [-2, 0.75, -1],
			"scale": [0.9, 0.9, 0.9]
		}
	},
	"groups": [
		{
			"name": "group",
			"origin": [0, 0, 0],
			"color": 0,
			"children": [
				{
					"name": "group",
					"origin": [0, 0, 0],
					"color": 0,
					"children": [
						0,
						1,
						2,
						3,
						{
							"name": "group",
							"origin": [8.25, 23.05581, 5.94921],
							"color": 0,
							"children": [4, 5, 6]
						},
						{
							"name": "group",
							"origin": [8.25, 23.05581, 5.94921],
							"color": 0,
							"children": [7, 8, 9, 10]
						},
						11,
						12,
						13,
						14,
						15,
						{
							"name": "group",
							"origin": [8.25, 8, 6.5],
							"color": 0,
							"children": [16, 17, 18, 19, 20, 21, 22, 23, 24]
						},
						{
							"name": "group",
							"origin": [8.25, 23.05581, 5.94921],
							"color": 0,
							"children": [25, 26, 27, 28, 29]
						},
						{
							"name": "group",
							"origin": [8.25, 23.05581, 5.94921],
							"color": 0,
							"children": [30, 31, 32, 33, 34, 35, 36]
						}
					]
				},
				{
					"name": "group",
					"origin": [0, 0, 0],
					"color": 0,
					"children": [37, 38, 39, 40, 41, 42, 43, 44, 45, 46, 47, 48]
				},
				{
					"name": "group",
					"origin": [0, 0, 0],
					"color": 0,
					"children": [49, 50, 51, 52, 53, 54, 55, 56, 57, 58]
				}
			]
		}
	]
}