{
	"credit": "Made with Blockbench",
	"texture_size": [32, 32],
	"textures": {
		"0": "dyno/head",
		"particle": "dyno/head"
	},
	"elements": [
		{
			"from": [4.09688, 4.56364, -5.77211],
			"to": [11.90312, 10.43704, 6.012],
			"rotation": {"angle": 0, "axis": "y", "origin": [8, 9.18, -0.136]},
			"faces": {
				"north": {"uv": [12.75, 3, 11.5, 4.25], "texture": "#0"},
				"east": {"uv": [12.75, 3, 11.5, 4.25], "texture": "#0"},
				"south": {"uv": [12.75, 3, 11.5, 4.25], "texture": "#0"},
				"west": {"uv": [12.75, 3, 11.5, 4.25], "texture": "#0"},
				"up": {"uv": [12.75, 3, 11.5, 4.25], "texture": "#0"},
				"down": {"uv": [12.75, 3, 11.5, 4.25], "texture": "#0"}
			}
		},
		{
			"from": [5.96888, 2.11964, -5.77211],
			"to": [10.03112, 4.82104, 6.012],
			"rotation": {"angle": 0, "axis": "y", "origin": [8, 9.18, -0.136]},
			"faces": {
				"north": {"uv": [12.75, 3, 11.5, 4.25], "texture": "#0"},
				"east": {"uv": [12.75, 3, 11.5, 4.25], "texture": "#0"},
				"south": {"uv": [12.75, 3, 11.5, 4.25], "texture": "#0"},
				"west": {"uv": [12.75, 3, 11.5, 4.25], "texture": "#0"},
				"up": {"uv": [12.75, 3, 11.5, 4.25], "texture": "#0"},
				"down": {"uv": [12.75, 3, 11.5, 4.25], "texture": "#0"}
			}
		},
		{
			"from": [5.50088, 9.71164, -5.77211],
			"to": [10.49912, 11.37304, 6.012],
			"rotation": {"angle": 0, "axis": "y", "origin": [8, 9.18, -0.136]},
			"faces": {
				"north": {"uv": [12.75, 3, 11.5, 4.25], "texture": "#0"},
				"east": {"uv": [13, 2.5, 11.75, 2.75], "texture": "#0"},
				"south": {"uv": [12.75, 3, 11.5, 4.25], "texture": "#0"},
				"west": {"uv": [12.75, 2.5, 11.5, 2.75], "texture": "#0"},
				"up": {"uv": [12.75, 1.75, 11.5, 2.5], "rotation": 90, "texture": "#0"},
				"down": {"uv": [12.75, 3, 11.5, 4.25], "texture": "#0"}
			}
		},
		{
			"from": [6.99848, 11.39644, -5.77211],
			"to": [9.00152, 12.12184, 6.012],
			"rotation": {"angle": 0, "axis": "y", "origin": [8, 9.18, -0.136]},
			"faces": {
				"north": {"uv": [6.75, 8.5, 8.25, 9.25], "texture": "#0"},
				"east": {"uv": [6.75, 8.5, 8.25, 9.25], "texture": "#0"},
				"south": {"uv": [6.75, 8.5, 8.25, 9.25], "texture": "#0"},
				"west": {"uv": [6.75, 8.5, 8.25, 9.25], "texture": "#0"},
				"up": {"uv": [6.75, 8.5, 8.25, 9.25], "texture": "#0"},
				"down": {"uv": [6.75, 8.5, 8.25, 9.25], "texture": "#0"}
			}
		},
		{
			"from": [7.37288, 12.25469, -1.7085],
			"to": [8.62712, 16.34969, 0.3048],
			"rotation": {"angle": -45, "axis": "x", "origin": [8, 9.18, 0.072]},
			"faces": {
				"north": {"uv": [6.75, 8.5, 8.25, 9.25], "rotation": 90, "texture": "#0"},
				"east": {"uv": [6.75, 8.5, 8.25, 9.25], "rotation": 90, "texture": "#0"},
				"south": {"uv": [6.75, 8.5, 8.25, 9.25], "rotation": 90, "texture": "#0"},
				"west": {"uv": [6.75, 8.5, 8.25, 9.25], "rotation": 90, "texture": "#0"},
				"up": {"uv": [6.75, 8.5, 8.25, 9.25], "rotation": 90, "texture": "#0"},
				"down": {"uv": [6.75, 8.5, 8.25, 9.25], "rotation": 90, "texture": "#0"}
			}
		},
		{
			"from": [7.56008, 10.39784, -9.06403],
			"to": [8.43992, 11.47514, -5.71783],
			"rotation": {"angle": 22.5, "axis": "x", "origin": [8, 9.18, 0.072]},
			"faces": {
				"north": {"uv": [6.75, 8.5, 8.25, 9.25], "rotation": 90, "texture": "#0"},
				"east": {"uv": [6.75, 8.5, 8.25, 9.25], "rotation": 90, "texture": "#0"},
				"south": {"uv": [6.75, 8.5, 8.25, 9.25], "rotation": 90, "texture": "#0"},
				"west": {"uv": [6.75, 8.5, 8.25, 9.25], "rotation": 90, "texture": "#0"},
				"up": {"uv": [6.75, 8.5, 8.25, 9.25], "rotation": 90, "texture": "#0"},
				"down": {"uv": [6.75, 8.5, 8.25, 9.25], "rotation": 90, "texture": "#0"}
			}
		},
		{
			"from": [7.37288, 6.4304, 3.6998],
			"to": [8.62712, 10.5254, 5.7131],
			"rotation": {"angle": -45, "axis": "x", "origin": [8, 9.18, -0.344]},
			"faces": {
				"north": {"uv": [6.75, 8.5, 8.25, 9.25], "rotation": 90, "texture": "#0"},
				"east": {"uv": [6.75, 8.5, 8.25, 9.25], "rotation": 90, "texture": "#0"},
				"south": {"uv": [6.75, 8.5, 8.25, 9.25], "rotation": 90, "texture": "#0"},
				"west": {"uv": [6.75, 8.5, 8.25, 9.25], "rotation": 90, "texture": "#0"},
				"up": {"uv": [6.75, 8.5, 8.25, 9.25], "rotation": 90, "texture": "#0"},
				"down": {"uv": [6.75, 8.5, 8.25, 9.25], "rotation": 90, "texture": "#0"}
			}
		},
		{
			"from": [7.56008, 13.54992, -1.87022],
			"to": [8.43992, 14.62723, 1.47598],
			"rotation": {"angle": 22.5, "axis": "x", "origin": [8, 9.18, -0.344]},
			"faces": {
				"north": {"uv": [6.75, 8.5, 8.25, 9.25], "rotation": 90, "texture": "#0"},
				"east": {"uv": [6.75, 8.5, 8.25, 9.25], "rotation": 90, "texture": "#0"},
				"south": {"uv": [6.75, 8.5, 8.25, 9.25], "rotation": 90, "texture": "#0"},
				"west": {"uv": [6.75, 8.5, 8.25, 9.25], "rotation": 90, "texture": "#0"},
				"up": {"uv": [6.75, 8.5, 8.25, 9.25], "rotation": 90, "texture": "#0"},
				"down": {"uv": [6.75, 8.5, 8.25, 9.25], "rotation": 90, "texture": "#0"}
			}
		},
		{
			"from": [7.37288, 9.42284, 0.99565],
			"to": [8.62712, 12.11384, 3.00895],
			"rotation": {"angle": -45, "axis": "x", "origin": [8, 9.18, -0.136]},
			"faces": {
				"north": {"uv": [6.75, 8.5, 8.25, 9.25], "rotation": 90, "texture": "#0"},
				"east": {"uv": [6.75, 8.5, 8.25, 9.25], "rotation": 90, "texture": "#0"},
				"south": {"uv": [6.75, 8.5, 8.25, 9.25], "rotation": 90, "texture": "#0"},
				"west": {"uv": [6.75, 8.5, 8.25, 9.25], "rotation": 90, "texture": "#0"},
				"up": {"uv": [6.75, 8.5, 8.25, 9.25], "rotation": 90, "texture": "#0"},
				"down": {"uv": [6.75, 8.5, 8.25, 9.25], "rotation": 90, "texture": "#0"}
			}
		},
		{
			"from": [7.56008, 11.46732, -4.24418],
			"to": [8.43992, 12.54463, -0.89798],
			"rotation": {"angle": 22.5, "axis": "x", "origin": [8, 9.18, -0.136]},
			"faces": {
				"north": {"uv": [6.75, 8.5, 8.25, 9.25], "rotation": 90, "texture": "#0"},
				"east": {"uv": [6.75, 8.5, 8.25, 9.25], "rotation": 90, "texture": "#0"},
				"south": {"uv": [6.75, 8.5, 8.25, 9.25], "rotation": 90, "texture": "#0"},
				"west": {"uv": [6.75, 8.5, 8.25, 9.25], "rotation": 90, "texture": "#0"},
				"up": {"uv": [6.75, 8.5, 8.25, 9.25], "rotation": 90, "texture": "#0"},
				"down": {"uv": [6.75, 8.5, 8.25, 9.25], "rotation": 90, "texture": "#0"}
			}
		},
		{
			"from": [6.89552, 0.67335, -2.37782],
			"to": [9.10448, 2.20371, 1.4785],
			"rotation": {"angle": 22.5, "axis": "x", "origin": [8, 8.14, -0.136]},
			"faces": {
				"north": {"uv": [6.75, 8.5, 8.25, 9.25], "rotation": 90, "texture": "#0"},
				"east": {"uv": [6.75, 8.5, 8.25, 9.25], "rotation": 90, "texture": "#0"},
				"south": {"uv": [6.75, 8.5, 8.25, 9.25], "rotation": 90, "texture": "#0"},
				"west": {"uv": [6.75, 8.5, 8.25, 9.25], "rotation": 90, "texture": "#0"},
				"up": {"uv": [6.75, 8.5, 8.25, 9.25], "rotation": 90, "texture": "#0"},
				"down": {"uv": [6.75, 8.5, 8.25, 9.25], "rotation": 90, "texture": "#0"}
			}
		},
		{
			"from": [7.37288, 3.10796, 5.23646],
			"to": [8.62712, 5.05016, 7.29657],
			"rotation": {"angle": 22.5, "axis": "x", "origin": [8, 8.14, -0.76]},
			"faces": {
				"north": {"uv": [6.75, 8.5, 8.25, 9.25], "rotation": 90, "texture": "#0"},
				"east": {"uv": [6.75, 8.5, 8.25, 9.25], "rotation": 90, "texture": "#0"},
				"south": {"uv": [6.75, 8.5, 8.25, 9.25], "rotation": 90, "texture": "#0"},
				"west": {"uv": [6.75, 8.5, 8.25, 9.25], "rotation": 90, "texture": "#0"},
				"up": {"uv": [6.75, 8.5, 8.25, 9.25], "rotation": 90, "texture": "#0"},
				"down": {"uv": [6.75, 8.5, 8.25, 9.25], "rotation": 90, "texture": "#0"}
			}
		},
		{
			"from": [6.90488, 2.82716, 1.96046],
			"to": [9.09512, 4.48856, 5.42457],
			"rotation": {"angle": 22.5, "axis": "x", "origin": [8, 8.14, -0.76]},
			"faces": {
				"north": {"uv": [12.75, 3, 11.5, 4.25], "texture": "#0"},
				"east": {"uv": [12.75, 3, 11.5, 4.25], "texture": "#0"},
				"south": {"uv": [12.75, 3, 11.5, 4.25], "texture": "#0"},
				"west": {"uv": [12.75, 3, 11.5, 4.25], "texture": "#0"},
				"up": {"uv": [12.75, 3, 11.5, 4.25], "texture": "#0"},
				"down": {"uv": [12.75, 3, 11.5, 4.25], "texture": "#0"}
			}
		}
	],
	"display": {
		"head": {
			"translation": [0, -5, 47.75],
			"scale": [4, 4, 4]
		}
	},
	"groups": [
		{
			"name": "1",
			"origin": [9.1165, 10.14321, 7.86952],
			"color": 0,
			"children": [
				0,
				1,
				2,
				3,
				{
					"name": "group",
					"origin": [8, 11.24696, 10.81226],
					"color": 0,
					"children": [4, 5]
				},
				{
					"name": "group",
					"origin": [8, 11.24696, 10.81226],
					"color": 0,
					"children": [6, 7]
				},
				{
					"name": "group",
					"origin": [8, 11.24696, 10.81226],
					"color": 0,
					"children": [8, 9]
				},
				10,
				11,
				12
			]
		}
	]
}