{
	"credit": "Made with Blockbench",
	"texture_size": [32, 32],
	"textures": {
		"0": "kushala/head",
		"particle": "kushala/head"
	},
	"elements": [
		{
			"from": [5.64901, 9.52637, 3.09143],
			"to": [10.02138, 16.24581, 7.74772],
			"rotation": {"angle": -45, "axis": "x", "origin": [7.80396, 16.63328, 0.14267]},
			"faces": {
				"north": {"uv": [1.2012, 0, 0, 1.846], "texture": "#0"},
				"east": {"uv": [1.2792, 0, 0, 1.846], "texture": "#0"},
				"south": {"uv": [1.2012, 0, 0, 1.846], "texture": "#0"},
				"west": {"uv": [1.2792, 0, 0, 1.846], "texture": "#0"},
				"up": {"uv": [1.2012, 2.125, 0, 3.4042], "texture": "#0"},
				"down": {"uv": [1.2012, 2.125, 0, 3.4042], "texture": "#0"}
			}
		},
		{
			"from": [6.3342, 15.25884, 5.4754],
			"to": [9.33618, 18.68481, 12.42198],
			"rotation": {"angle": 22.5, "axis": "x", "origin": [7.83519, 10.20506, 4.16937]},
			"faces": {
				"north": {"uv": [0, 0.82472, 0.9412, 0], "rotation": 270, "texture": "#0"},
				"east": {"uv": [0, 1.9084, 0.9412, 0], "rotation": 270, "texture": "#0"},
				"south": {"uv": [0, 0.82472, 0.9412, 0], "rotation": 270, "texture": "#0"},
				"west": {"uv": [0, 1.9084, 0.9412, 0], "rotation": 270, "texture": "#0"},
				"up": {"uv": [0, 2.94972, 1.9084, 2.125], "rotation": 270, "texture": "#0"},
				"down": {"uv": [0, 2.94972, 1.9084, 2.125], "rotation": 270, "texture": "#0"}
			}
		}
	],
	"display": {
		"head": {
			"translation": [0.75, -45.75, 5.5],
			"scale": [4, 4, 4]
		}
	},
	"groups": [
		{
			"name": "root",
			"origin": [8, 8, 8],
			"color": 0,
			"children": [
				{
					"name": "arm_l",
					"origin": [8, 8, 8],
					"color": 0,
					"children": [
						{
							"name": "0",
							"origin": [8, 8, 8],
							"color": 0,
							"children": [0, 1]
						}
					]
				}
			]
		}
	]
}