{
	"credit": "Made with Blockbench",
	"texture_size": [32, 32],
	"textures": {
		"0": "kushala/head",
		"particle": "kushala/head"
	},
	"elements": [
		{
			"from": [6.8654, 6.28549, 10.8465],
			"to": [9.60996, 15.84413, 13.81819],
			"rotation": {"angle": 22.5, "axis": "x", "origin": [8.23768, 12.01121, 10.67614]},
			"faces": {
				"north": {"uv": [0, 0, 0.754, 2.626], "rotation": 180, "texture": "#0"},
				"east": {"uv": [0, 0, 0.8164, 2.626], "rotation": 180, "texture": "#0"},
				"south": {"uv": [0, 0, 0.754, 2.626], "rotation": 180, "texture": "#0"},
				"west": {"uv": [0, 0, 0.8164, 2.626], "rotation": 180, "texture": "#0"},
				"up": {"uv": [0, 2.125, 0.754, 2.9414], "rotation": 180, "texture": "#0"},
				"down": {"uv": [0, 2.125, 0.754, 2.9414], "rotation": 180, "texture": "#0"}
			}
		},
		{
			"from": [7.3386, 6.28549, 13.6857],
			"to": [9.13676, 14.89773, 14.76459],
			"rotation": {"angle": 22.5, "axis": "x", "origin": [8.23768, 12.01121, 10.67614]},
			"faces": {
				"north": {"uv": [0, 0, 0.494, 2.366], "rotation": 180, "texture": "#0"},
				"east": {"uv": [0, 0, 0.2964, 2.366], "rotation": 180, "texture": "#0"},
				"south": {"uv": [0, 0, 0.494, 2.366], "rotation": 180, "texture": "#0"},
				"west": {"uv": [0, 0, 0.2964, 2.366], "rotation": 180, "texture": "#0"},
				"up": {"uv": [0, 2.125, 0.494, 2.4214], "rotation": 180, "texture": "#0"},
				"down": {"uv": [0, 2.125, 0.494, 2.4214], "rotation": 180, "texture": "#0"}
			}
		},
		{
			"from": [6.16288, 10.76633, 12.64466],
			"to": [7.58248, 15.97153, 14.19675],
			"rotation": {"angle": 22.5, "axis": "x", "origin": [8.23768, 12.01121, 10.67614]},
			"faces": {
				"north": {"uv": [0, 0, 0.39, 1.43], "rotation": 180, "texture": "#0"},
				"east": {"uv": [0, 0, 0.4264, 1.43], "rotation": 180, "texture": "#0"},
				"south": {"uv": [0, 0, 0.39, 1.43], "rotation": 180, "texture": "#0"},
				"west": {"uv": [0, 0, 0.4264, 1.43], "rotation": 180, "texture": "#0"},
				"up": {"uv": [0, 2.125, 0.39, 2.5514], "rotation": 180, "texture": "#0"},
				"down": {"uv": [0, 2.125, 0.39, 2.5514], "rotation": 180, "texture": "#0"}
			}
		},
		{
			"from": [5.25288, 12.13133, 12.64466],
			"to": [6.16288, 14.60653, 14.19675],
			"rotation": {"angle": 22.5, "axis": "x", "origin": [8.23768, 12.01121, 10.67614]},
			"faces": {
				"north": {"uv": [0, 0, 0.25, 0.68], "rotation": 180, "texture": "#0"},
				"east": {"uv": [0, 0, 0.4264, 0.68], "rotation": 180, "texture": "#0"},
				"south": {"uv": [0, 0, 0.25, 0.68], "rotation": 180, "texture": "#0"},
				"west": {"uv": [0, 0, 0.4264, 0.68], "rotation": 180, "texture": "#0"},
				"up": {"uv": [0, 2.125, 0.25, 2.5514], "rotation": 180, "texture": "#0"},
				"down": {"uv": [0, 2.125, 0.25, 2.5514], "rotation": 180, "texture": "#0"}
			}
		}
	],
	"display": {
		"head": {
			"translation": [-0.75, -29.75, -20.25],
			"scale": [4, 4, 4]
		}
	},
	"groups": [
		{
			"name": "root",
			"origin": [8, 8, 8],
			"color": 0,
			"children": [
				{
					"name": "arm_l",
					"origin": [8, 8, 8],
					"color": 0,
					"children": [
						{
							"name": "1",
							"origin": [8, 8, 8],
							"color": 0,
							"children": [0, 1, 2, 3]
						}
					]
				}
			]
		}
	]
}