{
	"credit": "Made with Blockbench",
	"texture_size": [32, 32],
	"textures": {
		"0": "kushala/head",
		"particle": "kushala/head"
	},
	"elements": [
		{
			"from": [5.71147, 4.56778, 6.11894],
			"to": [9.81317, 7.10792, 11.11593],
			"rotation": {"angle": 0, "axis": "y", "origin": [24.59594, 3.67248, -22.0516]},
			"faces": {
				"north": {"uv": [0, 1.12684, 0.69784, 0], "rotation": 90, "texture": "#0"},
				"east": {"uv": [0, 1.3728, 0.69784, 0], "rotation": 90, "texture": "#0"},
				"south": {"uv": [0, 1.12684, 0.69784, 0], "rotation": 90, "texture": "#0"},
				"west": {"uv": [0, 1.3728, 0.69784, 0], "rotation": 90, "texture": "#0"},
				"up": {"uv": [0, 3.25184, 1.3728, 2.125], "rotation": 90, "texture": "#0"},
				"down": {"uv": [0, 3.25184, 1.3728, 2.125], "rotation": 90, "texture": "#0"}
			}
		},
		{
			"from": [6.23199, 4.56778, 11.11593],
			"to": [9.29265, 7.10792, 12.15697],
			"rotation": {"angle": 0, "axis": "y", "origin": [24.59594, 3.67248, -22.0516]},
			"faces": {
				"north": {"uv": [0, 0.84084, 0.69784, 0], "rotation": 90, "texture": "#0"},
				"east": {"uv": [0, 0.286, 0.69784, 0], "rotation": 90, "texture": "#0"},
				"south": {"uv": [0, 0.84084, 0.69784, 0], "rotation": 90, "texture": "#0"},
				"west": {"uv": [0, 0.286, 0.69784, 0], "rotation": 90, "texture": "#0"},
				"up": {"uv": [0, 2.96584, 0.286, 2.125], "rotation": 90, "texture": "#0"},
				"down": {"uv": [0, 2.96584, 0.286, 2.125], "rotation": 90, "texture": "#0"}
			}
		},
		{
			"from": [7.05325, 4.73789, 4.81044],
			"to": [8.47139, 6.67656, 6.72595],
			"rotation": {"angle": 0, "axis": "y", "origin": [7.76232, 5.41865, 4.64903]},
			"faces": {
				"north": {"uv": [0, 0.3896, 0.5326, 0], "rotation": 90, "texture": "#0"},
				"east": {"uv": [0, 0.52624, 0.5326, 0], "rotation": 90, "texture": "#0"},
				"south": {"uv": [0, 0.3896, 0.5326, 0], "rotation": 90, "texture": "#0"},
				"west": {"uv": [0, 0.52624, 0.5326, 0], "rotation": 90, "texture": "#0"},
				"up": {"uv": [0, 2.5146, 0.52624, 2.125], "rotation": 90, "texture": "#0"},
				"down": {"uv": [0, 2.5146, 0.52624, 2.125], "rotation": 90, "texture": "#0"}
			}
		},
		{
			"from": [7.24233, 4.92213, 3.75912],
			"to": [8.28231, 6.17032, 5.67463],
			"rotation": {"angle": -45, "axis": "x", "origin": [7.76232, 5.41865, 4.64903]},
			"faces": {
				"north": {"uv": [12.53571, 5, 12.25, 5.34291], "texture": "#0"},
				"east": {"uv": [12.53571, 5, 12.25, 5.34291], "texture": "#0"},
				"south": {"uv": [12.53571, 5, 12.25, 5.34291], "texture": "#0"},
				"west": {"uv": [12.53571, 5, 12.25, 5.34291], "texture": "#0"},
				"up": {"uv": [12.53571, 5, 12.25, 5.34291], "texture": "#0"},
				"down": {"uv": [12.53571, 5, 12.25, 5.34291], "texture": "#0"}
			}
		},
		{
			"from": [7.38558, 3.66569, 3.68848],
			"to": [8.13906, 4.99822, 4.44196],
			"rotation": {"angle": 22.5, "axis": "x", "origin": [7.76232, 5.41865, 4.64903]},
			"faces": {
				"north": {"uv": [12.25, 5.207, 12.61608, 5], "rotation": 270, "texture": "#0"},
				"east": {"uv": [12.25, 5.207, 12.61608, 5], "rotation": 270, "texture": "#0"},
				"south": {"uv": [12.25, 5.207, 12.61608, 5], "rotation": 270, "texture": "#0"},
				"west": {"uv": [12.25, 5.207, 12.61608, 5], "rotation": 270, "texture": "#0"},
				"up": {"uv": [12.25, 5.207, 12.61608, 5], "rotation": 270, "texture": "#0"},
				"down": {"uv": [12.25, 5.207, 12.61608, 5], "rotation": 270, "texture": "#0"}
			}
		},
		{
			"from": [9.11704, 3.66569, 4.72952],
			"to": [9.87052, 4.99822, 5.483],
			"rotation": {"angle": 22.5, "axis": "x", "origin": [7.76232, 5.41865, 5.69007]},
			"faces": {
				"north": {"uv": [12.25, 5.207, 12.61608, 5], "rotation": 270, "texture": "#0"},
				"east": {"uv": [12.25, 5.207, 12.61608, 5], "rotation": 270, "texture": "#0"},
				"south": {"uv": [12.25, 5.207, 12.61608, 5], "rotation": 270, "texture": "#0"},
				"west": {"uv": [12.25, 5.207, 12.61608, 5], "rotation": 270, "texture": "#0"},
				"up": {"uv": [12.25, 5.207, 12.61608, 5], "rotation": 270, "texture": "#0"},
				"down": {"uv": [12.25, 5.207, 12.61608, 5], "rotation": 270, "texture": "#0"}
			}
		},
		{
			"from": [5.65412, 3.66569, 3.68848],
			"to": [6.4076, 4.99822, 4.44196],
			"rotation": {"angle": 22.5, "axis": "x", "origin": [7.76232, 5.41865, 4.64903]},
			"faces": {
				"north": {"uv": [12.25, 5.207, 12.61608, 5], "rotation": 270, "texture": "#0"},
				"east": {"uv": [12.25, 5.207, 12.61608, 5], "rotation": 270, "texture": "#0"},
				"south": {"uv": [12.25, 5.207, 12.61608, 5], "rotation": 270, "texture": "#0"},
				"west": {"uv": [12.25, 5.207, 12.61608, 5], "rotation": 270, "texture": "#0"},
				"up": {"uv": [12.25, 5.207, 12.61608, 5], "rotation": 270, "texture": "#0"},
				"down": {"uv": [12.25, 5.207, 12.61608, 5], "rotation": 270, "texture": "#0"}
			}
		},
		{
			"from": [8.77754, 4.73789, 5.85148],
			"to": [10.19569, 6.67656, 7.76699],
			"rotation": {"angle": 0, "axis": "y", "origin": [7.76232, 5.41865, 5.69007]},
			"faces": {
				"north": {"uv": [0, 0.3896, 0.5326, 0], "rotation": 90, "texture": "#0"},
				"east": {"uv": [0, 0.52624, 0.5326, 0], "rotation": 90, "texture": "#0"},
				"south": {"uv": [0, 0.3896, 0.5326, 0], "rotation": 90, "texture": "#0"},
				"west": {"uv": [0, 0.52624, 0.5326, 0], "rotation": 90, "texture": "#0"},
				"up": {"uv": [0, 2.5146, 0.52624, 2.125], "rotation": 90, "texture": "#0"},
				"down": {"uv": [0, 2.5146, 0.52624, 2.125], "rotation": 90, "texture": "#0"}
			}
		},
		{
			"from": [8.96663, 4.92213, 4.80016],
			"to": [10.0066, 6.17032, 6.71567],
			"rotation": {"angle": -45, "axis": "x", "origin": [7.76232, 5.41865, 5.69007]},
			"faces": {
				"north": {"uv": [12.53571, 5, 12.25, 5.34291], "texture": "#0"},
				"east": {"uv": [12.53571, 5, 12.25, 5.34291], "texture": "#0"},
				"south": {"uv": [12.53571, 5, 12.25, 5.34291], "texture": "#0"},
				"west": {"uv": [12.53571, 5, 12.25, 5.34291], "texture": "#0"},
				"up": {"uv": [12.53571, 5, 12.25, 5.34291], "texture": "#0"},
				"down": {"uv": [12.53571, 5, 12.25, 5.34291], "texture": "#0"}
			}
		},
		{
			"from": [5.32895, 4.73789, 4.81044],
			"to": [6.7471, 6.67656, 6.72595],
			"rotation": {"angle": 0, "axis": "y", "origin": [7.76232, 5.41865, 4.64903]},
			"faces": {
				"north": {"uv": [0, 0.3896, 0.5326, 0], "rotation": 90, "texture": "#0"},
				"east": {"uv": [0, 0.52624, 0.5326, 0], "rotation": 90, "texture": "#0"},
				"south": {"uv": [0, 0.3896, 0.5326, 0], "rotation": 90, "texture": "#0"},
				"west": {"uv": [0, 0.52624, 0.5326, 0], "rotation": 90, "texture": "#0"},
				"up": {"uv": [0, 2.5146, 0.52624, 2.125], "rotation": 90, "texture": "#0"},
				"down": {"uv": [0, 2.5146, 0.52624, 2.125], "rotation": 90, "texture": "#0"}
			}
		},
		{
			"from": [5.51804, 4.92213, 3.75912],
			"to": [6.55801, 6.17032, 5.67463],
			"rotation": {"angle": -45, "axis": "x", "origin": [7.76232, 5.41865, 4.64903]},
			"faces": {
				"north": {"uv": [12.53571, 5, 12.25, 5.34291], "texture": "#0"},
				"east": {"uv": [12.53571, 5, 12.25, 5.34291], "texture": "#0"},
				"south": {"uv": [12.53571, 5, 12.25, 5.34291], "texture": "#0"},
				"west": {"uv": [12.53571, 5, 12.25, 5.34291], "texture": "#0"},
				"up": {"uv": [12.53571, 5, 12.25, 5.34291], "texture": "#0"},
				"down": {"uv": [12.53571, 5, 12.25, 5.34291], "texture": "#0"}
			}
		}
	],
	"display": {
		"head": {
			"translation": [0.75, 1, -9],
			"scale": [4, 4, 4]
		}
	},
	"groups": [
		{
			"name": "root",
			"origin": [8, 8, 8],
			"color": 0,
			"children": [
				{
					"name": "arm_l",
					"origin": [8, 8, 8],
					"color": 0,
					"children": [
						{
							"name": "2",
							"origin": [8, 8, 8],
							"color": 0,
							"children": [0, 1, 2, 3, 4, 5, 6, 7, 8, 9, 10]
						}
					]
				}
			]
		}
	]
}