{
	"credit": "Made with Blockbench",
	"texture_size": [32, 32],
	"textures": {
		"0": "kushala/head",
		"particle": "kushala/head"
	},
	"elements": [
		{
			"from": [6.18683, 4.56778, 6.11894],
			"to": [10.28853, 7.10792, 11.11593],
			"rotation": {"angle": 0, "axis": "y", "origin": [-8.59594, 3.67248, -22.0516]},
			"faces": {
				"north": {"uv": [0, 0, 0.69784, 1.12684], "rotation": 90, "texture": "#0"},
				"east": {"uv": [0, 0, 0.69784, 1.3728], "rotation": 90, "texture": "#0"},
				"south": {"uv": [0, 0, 0.69784, 1.12684], "rotation": 90, "texture": "#0"},
				"west": {"uv": [0, 0, 0.69784, 1.3728], "rotation": 90, "texture": "#0"},
				"up": {"uv": [0, 2.125, 1.3728, 3.25184], "rotation": 90, "texture": "#0"},
				"down": {"uv": [0, 2.125, 1.3728, 3.25184], "rotation": 90, "texture": "#0"}
			}
		},
		{
			"from": [6.70735, 4.56778, 11.11593],
			"to": [9.76801, 7.10792, 12.15697],
			"rotation": {"angle": 0, "axis": "y", "origin": [-8.59594, 3.67248, -22.0516]},
			"faces": {
				"north": {"uv": [0, 0, 0.69784, 0.84084], "rotation": 90, "texture": "#0"},
				"east": {"uv": [0, 0, 0.69784, 0.286], "rotation": 90, "texture": "#0"},
				"south": {"uv": [0, 0, 0.69784, 0.84084], "rotation": 90, "texture": "#0"},
				"west": {"uv": [0, 0, 0.69784, 0.286], "rotation": 90, "texture": "#0"},
				"up": {"uv": [0, 2.125, 0.286, 2.96584], "rotation": 90, "texture": "#0"},
				"down": {"uv": [0, 2.125, 0.286, 2.96584], "rotation": 90, "texture": "#0"}
			}
		},
		{
			"from": [7.52861, 4.73789, 4.81044],
			"to": [8.94675, 6.67656, 6.72595],
			"rotation": {"angle": 0, "axis": "y", "origin": [8.23768, 5.41865, 4.64903]},
			"faces": {
				"north": {"uv": [0, 0, 0.5326, 0.3896], "rotation": 90, "texture": "#0"},
				"east": {"uv": [0, 0, 0.5326, 0.52624], "rotation": 90, "texture": "#0"},
				"south": {"uv": [0, 0, 0.5326, 0.3896], "rotation": 90, "texture": "#0"},
				"west": {"uv": [0, 0, 0.5326, 0.52624], "rotation": 90, "texture": "#0"},
				"up": {"uv": [0, 2.125, 0.52624, 2.5146], "rotation": 90, "texture": "#0"},
				"down": {"uv": [0, 2.125, 0.52624, 2.5146], "rotation": 90, "texture": "#0"}
			}
		},
		{
			"from": [7.71769, 4.92213, 3.75912],
			"to": [8.75767, 6.17032, 5.67463],
			"rotation": {"angle": -45, "axis": "x", "origin": [8.23768, 5.41865, 4.64903]},
			"faces": {
				"north": {"uv": [12.25, 5, 12.53571, 5.34291], "texture": "#0"},
				"east": {"uv": [12.25, 5, 12.53571, 5.34291], "texture": "#0"},
				"south": {"uv": [12.25, 5, 12.53571, 5.34291], "texture": "#0"},
				"west": {"uv": [12.25, 5, 12.53571, 5.34291], "texture": "#0"},
				"up": {"uv": [12.25, 5, 12.53571, 5.34291], "texture": "#0"},
				"down": {"uv": [12.25, 5, 12.53571, 5.34291], "texture": "#0"}
			}
		},
		{
			"from": [7.86094, 3.66569, 3.68848],
			"to": [8.61442, 4.99822, 4.44196],
			"rotation": {"angle": 22.5, "axis": "x", "origin": [8.23768, 5.41865, 4.64903]},
			"faces": {
				"north": {"uv": [12.25, 5, 12.61608, 5.207], "rotation": 270, "texture": "#0"},
				"east": {"uv": [12.25, 5, 12.61608, 5.207], "rotation": 270, "texture": "#0"},
				"south": {"uv": [12.25, 5, 12.61608, 5.207], "rotation": 270, "texture": "#0"},
				"west": {"uv": [12.25, 5, 12.61608, 5.207], "rotation": 270, "texture": "#0"},
				"up": {"uv": [12.25, 5, 12.61608, 5.207], "rotation": 270, "texture": "#0"},
				"down": {"uv": [12.25, 5, 12.61608, 5.207], "rotation": 270, "texture": "#0"}
			}
		},
		{
			"from": [6.12948, 3.66569, 4.72952],
			"to": [6.88296, 4.99822, 5.483],
			"rotation": {"angle": 22.5, "axis": "x", "origin": [8.23768, 5.41865, 5.69007]},
			"faces": {
				"north": {"uv": [12.25, 5, 12.61608, 5.207], "rotation": 270, "texture": "#0"},
				"east": {"uv": [12.25, 5, 12.61608, 5.207], "rotation": 270, "texture": "#0"},
				"south": {"uv": [12.25, 5, 12.61608, 5.207], "rotation": 270, "texture": "#0"},
				"west": {"uv": [12.25, 5, 12.61608, 5.207], "rotation": 270, "texture": "#0"},
				"up": {"uv": [12.25, 5, 12.61608, 5.207], "rotation": 270, "texture": "#0"},
				"down": {"uv": [12.25, 5, 12.61608, 5.207], "rotation": 270, "texture": "#0"}
			}
		},
		{
			"from": [9.5924, 3.66569, 3.68848],
			"to": [10.34588, 4.99822, 4.44196],
			"rotation": {"angle": 22.5, "axis": "x", "origin": [8.23768, 5.41865, 4.64903]},
			"faces": {
				"north": {"uv": [12.25, 5, 12.61608, 5.207], "rotation": 270, "texture": "#0"},
				"east": {"uv": [12.25, 5, 12.61608, 5.207], "rotation": 270, "texture": "#0"},
				"south": {"uv": [12.25, 5, 12.61608, 5.207], "rotation": 270, "texture": "#0"},
				"west": {"uv": [12.25, 5, 12.61608, 5.207], "rotation": 270, "texture": "#0"},
				"up": {"uv": [12.25, 5, 12.61608, 5.207], "rotation": 270, "texture": "#0"},
				"down": {"uv": [12.25, 5, 12.61608, 5.207], "rotation": 270, "texture": "#0"}
			}
		},
		{
			"from": [5.80431, 4.73789, 5.85148],
			"to": [7.22246, 6.67656, 7.76699],
			"rotation": {"angle": 0, "axis": "y", "origin": [8.23768, 5.41865, 5.69007]},
			"faces": {
				"north": {"uv": [0, 0, 0.5326, 0.3896], "rotation": 90, "texture": "#0"},
				"east": {"uv": [0, 0, 0.5326, 0.52624], "rotation": 90, "texture": "#0"},
				"south": {"uv": [0, 0, 0.5326, 0.3896], "rotation": 90, "texture": "#0"},
				"west": {"uv": [0, 0, 0.5326, 0.52624], "rotation": 90, "texture": "#0"},
				"up": {"uv": [0, 2.125, 0.52624, 2.5146], "rotation": 90, "texture": "#0"},
				"down": {"uv": [0, 2.125, 0.52624, 2.5146], "rotation": 90, "texture": "#0"}
			}
		},
		{
			"from": [5.9934, 4.92213, 4.80016],
			"to": [7.03337, 6.17032, 6.71567],
			"rotation": {"angle": -45, "axis": "x", "origin": [8.23768, 5.41865, 5.69007]},
			"faces": {
				"north": {"uv": [12.25, 5, 12.53571, 5.34291], "texture": "#0"},
				"east": {"uv": [12.25, 5, 12.53571, 5.34291], "texture": "#0"},
				"south": {"uv": [12.25, 5, 12.53571, 5.34291], "texture": "#0"},
				"west": {"uv": [12.25, 5, 12.53571, 5.34291], "texture": "#0"},
				"up": {"uv": [12.25, 5, 12.53571, 5.34291], "texture": "#0"},
				"down": {"uv": [12.25, 5, 12.53571, 5.34291], "texture": "#0"}
			}
		},
		{
			"from": [9.2529, 4.73789, 4.81044],
			"to": [10.67105, 6.67656, 6.72595],
			"rotation": {"angle": 0, "axis": "y", "origin": [8.23768, 5.41865, 4.64903]},
			"faces": {
				"north": {"uv": [0, 0, 0.5326, 0.3896], "rotation": 90, "texture": "#0"},
				"east": {"uv": [0, 0, 0.5326, 0.52624], "rotation": 90, "texture": "#0"},
				"south": {"uv": [0, 0, 0.5326, 0.3896], "rotation": 90, "texture": "#0"},
				"west": {"uv": [0, 0, 0.5326, 0.52624], "rotation": 90, "texture": "#0"},
				"up": {"uv": [0, 2.125, 0.52624, 2.5146], "rotation": 90, "texture": "#0"},
				"down": {"uv": [0, 2.125, 0.52624, 2.5146], "rotation": 90, "texture": "#0"}
			}
		},
		{
			"from": [9.44199, 4.92213, 3.75912],
			"to": [10.48196, 6.17032, 5.67463],
			"rotation": {"angle": -45, "axis": "x", "origin": [8.23768, 5.41865, 4.64903]},
			"faces": {
				"north": {"uv": [12.25, 5, 12.53571, 5.34291], "texture": "#0"},
				"east": {"uv": [12.25, 5, 12.53571, 5.34291], "texture": "#0"},
				"south": {"uv": [12.25, 5, 12.53571, 5.34291], "texture": "#0"},
				"west": {"uv": [12.25, 5, 12.53571, 5.34291], "texture": "#0"},
				"up": {"uv": [12.25, 5, 12.53571, 5.34291], "texture": "#0"},
				"down": {"uv": [12.25, 5, 12.53571, 5.34291], "texture": "#0"}
			}
		}
	],
	"display": {
		"head": {
			"translation": [-0.75, 1, -9],
			"scale": [4, 4, 4]
		}
	},
	"groups": [
		{
			"name": "root",
			"origin": [8, 8, 8],
			"color": 0,
			"children": [
				{
					"name": "arm_l",
					"origin": [8, 8, 8],
					"color": 0,
					"children": [
						{
							"name": "2",
							"origin": [8, 8, 8],
							"color": 0,
							"children": [0, 1, 2, 3, 4, 5, 6, 7, 8, 9, 10]
						}
					]
				}
			]
		}
	]
}