{
	"credit": "Made with Blockbench",
	"texture_size": [32, 32],
	"textures": {
		"0": "kushala/head",
		"particle": "kushala/head"
	},
	"elements": [
		{
			"from": [2.99808, 6.98789, 7.53018],
			"to": [12.99666, 12.42325, 16.70465],
			"rotation": {"angle": 0, "axis": "y", "origin": [12.61459, 10.18551, -17.91935]},
			"faces": {
				"north": {"uv": [1, 9.125, 2, 10.125], "texture": "#0"},
				"east": {"uv": [1, 9.125, 2, 10.125], "texture": "#0"},
				"south": {"uv": [1, 9.125, 2, 10.125], "texture": "#0"},
				"west": {"uv": [1, 9.125, 2, 10.125], "texture": "#0"},
				"up": {"uv": [1, 9.125, 2, 10.125], "texture": "#0"},
				"down": {"uv": [1, 9.125, 2, 10.125], "texture": "#0"}
			}
		},
		{
			"from": [4.41768, 12.42325, 7.53018],
			"to": [11.57706, 14.78925, 16.70465],
			"rotation": {"angle": 0, "axis": "y", "origin": [12.61459, 10.18551, -17.91935]},
			"faces": {
				"north": {"uv": [1, 9.125, 2, 10.125], "texture": "#0"},
				"east": {"uv": [1, 9.125, 2, 10.125], "texture": "#0"},
				"south": {"uv": [1, 9.125, 2, 10.125], "texture": "#0"},
				"west": {"uv": [1, 9.125, 2, 10.125], "texture": "#0"},
				"up": {"uv": [1, 9.125, 2, 10.125], "texture": "#0"},
				"down": {"uv": [1, 9.125, 2, 10.125], "texture": "#0"}
			}
		},
		{
			"from": [3.88769, 7.46109, 16.11402],
			"to": [12.10705, 12.42325, 22.76161],
			"rotation": {"angle": 0, "axis": "y", "origin": [12.61459, 11.13191, -13.75519]},
			"faces": {
				"north": {"uv": [1, 9.125, 2, 10.125], "texture": "#0"},
				"east": {"uv": [1, 9.125, 2, 10.125], "texture": "#0"},
				"south": {"uv": [1, 9.125, 2, 10.125], "texture": "#0"},
				"west": {"uv": [1, 9.125, 2, 10.125], "texture": "#0"},
				"up": {"uv": [1, 9.125, 2, 10.125], "texture": "#0"},
				"down": {"uv": [1, 9.125, 2, 10.125], "texture": "#0"}
			}
		},
		{
			"from": [4.83409, 11.24669, 14.69442],
			"to": [11.16065, 12.89645, 19.44921],
			"rotation": {"angle": 22.5, "axis": "x", "origin": [7.99737, 9.46897, 18.72802]},
			"faces": {
				"north": {"uv": [1, 9.125, 2, 10.125], "texture": "#0"},
				"east": {"uv": [1, 9.125, 2, 10.125], "texture": "#0"},
				"south": {"uv": [1, 9.125, 2, 10.125], "texture": "#0"},
				"west": {"uv": [1, 9.125, 2, 10.125], "texture": "#0"},
				"up": {"uv": [1, 9.125, 2, 10.125], "texture": "#0"},
				"down": {"uv": [1, 9.125, 2, 10.125], "texture": "#0"}
			}
		},
		{
			"from": [4.69281, 3.12521, 7.53018],
			"to": [11.30193, 6.98789, 16.18413],
			"rotation": {"angle": 0, "axis": "y", "origin": [12.61459, 10.18551, -17.91935]},
			"faces": {
				"north": {"uv": [1, 9.125, 2, 10.125], "texture": "#0"},
				"east": {"uv": [1, 9.125, 2, 10.125], "texture": "#0"},
				"south": {"uv": [1, 9.125, 2, 10.125], "texture": "#0"},
				"west": {"uv": [1, 9.125, 2, 10.125], "texture": "#0"},
				"up": {"uv": [1, 9.125, 2, 10.125], "texture": "#0"},
				"down": {"uv": [1, 9.125, 2, 10.125], "texture": "#0"}
			}
		},
		{
			"from": [5.73385, 4.82873, 16.17081],
			"to": [10.26089, 7.46109, 22.76161],
			"rotation": {"angle": 0, "axis": "y", "origin": [12.61459, 11.13191, -9.27872]},
			"faces": {
				"north": {"uv": [1, 9.125, 2, 10.125], "texture": "#0"},
				"east": {"uv": [1, 9.125, 2, 10.125], "texture": "#0"},
				"south": {"uv": [1, 9.125, 2, 10.125], "texture": "#0"},
				"west": {"uv": [1, 9.125, 2, 10.125], "texture": "#0"},
				"up": {"uv": [1, 9.125, 2, 10.125], "texture": "#0"},
				"down": {"uv": [1, 9.125, 2, 10.125], "texture": "#0"}
			}
		},
		{
			"from": [5.14575, 6.50453, 22.54288],
			"to": [10.84899, 10.58541, 28.36135],
			"rotation": {"angle": 0, "axis": "y", "origin": [12.19484, -1.50656, -18.3681]},
			"faces": {
				"north": {"uv": [1, 9.125, 2, 10.125], "texture": "#0"},
				"east": {"uv": [1, 9.125, 2, 10.125], "texture": "#0"},
				"south": {"uv": [1, 9.125, 2, 10.125], "texture": "#0"},
				"west": {"uv": [1, 9.125, 2, 10.125], "texture": "#0"},
				"up": {"uv": [1, 9.125, 2, 10.125], "texture": "#0"},
				"down": {"uv": [1, 9.125, 2, 10.125], "texture": "#0"}
			}
		},
		{
			"from": [5.77038, 10.46048, 22.54288],
			"to": [10.22436, 12.14697, 28.36135],
			"rotation": {"angle": 0, "axis": "y", "origin": [12.19484, -1.50656, -18.3681]},
			"faces": {
				"north": {"uv": [1, 9.125, 2, 10.125], "texture": "#0"},
				"east": {"uv": [1, 9.125, 2, 10.125], "texture": "#0"},
				"south": {"uv": [1, 9.125, 2, 10.125], "texture": "#0"},
				"west": {"uv": [1, 9.125, 2, 10.125], "texture": "#0"},
				"up": {"uv": [1, 9.125, 2, 10.125], "texture": "#0"},
				"down": {"uv": [1, 9.125, 2, 10.125], "texture": "#0"}
			}
		},
		{
			"from": [6.08269, 5.09913, 22.54288],
			"to": [9.91205, 6.5774, 28.36135],
			"rotation": {"angle": 0, "axis": "y", "origin": [12.19484, -1.50656, -18.3681]},
			"faces": {
				"north": {"uv": [1, 9.125, 2, 10.125], "texture": "#0"},
				"east": {"uv": [1, 9.125, 2, 10.125], "texture": "#0"},
				"south": {"uv": [1, 9.125, 2, 10.125], "texture": "#0"},
				"west": {"uv": [1, 9.125, 2, 10.125], "texture": "#0"},
				"up": {"uv": [1, 9.125, 2, 10.125], "texture": "#0"},
				"down": {"uv": [1, 9.125, 2, 10.125], "texture": "#0"}
			}
		}
	],
	"display": {
		"head": {
			"translation": [0, -10.75, -29.75],
			"scale": [4, 4, 4]
		}
	},
	"groups": [
		{
			"name": "root",
			"origin": [8, 8, 8],
			"color": 0,
			"children": [
				{
					"name": "body",
					"origin": [8, 8, 8],
					"color": 0,
					"children": [
						{
							"name": "1",
							"origin": [9.8, 10.53615, -0.43345],
							"color": 0,
							"children": [
								0,
								1,
								2,
								3,
								4,
								5,
								{
									"name": "group",
									"origin": [8, 8, 8],
									"color": 0,
									"children": [6, 7, 8]
								}
							]
						}
					]
				}
			]
		}
	]
}