{
	"credit": "Made with Blockbench",
	"texture_size": [32, 32],
	"textures": {
		"0": "kushala/head",
		"particle": "kushala/head"
	},
	"elements": [
		{
			"from": [4.86968, 8.88069, 0.37153],
			"to": [11.59826, 13.84285, 9.40329],
			"rotation": {"angle": 0, "axis": "y", "origin": [12.61459, 10.18551, -19.33895]},
			"faces": {
				"north": {"uv": [0.875, 9, 1.875, 10.25], "texture": "#0"},
				"east": {"uv": [0.5, 8.875, 1.5, 10.125], "texture": "#0"},
				"south": {"uv": [1.125, 9, 2.125, 10.25], "texture": "#0"},
				"west": {"uv": [1.125, 9, 2.125, 10.25], "texture": "#0"},
				"up": {"uv": [1, 9.25, 2, 10.25], "texture": "#0"},
				"down": {"uv": [0.75, 9.125, 1.75, 10.375], "texture": "#0"}
			}
		},
		{
			"from": [3.92328, 5.56829, -6.25327],
			"to": [12.07146, 10.53045, 9.40329],
			"rotation": {"angle": 0, "axis": "y", "origin": [12.61459, 10.18551, -19.33895]},
			"faces": {
				"north": {"uv": [0.875, 9, 1.875, 10.25], "texture": "#0"},
				"east": {"uv": [0.5, 8.875, 1.5, 10.125], "texture": "#0"},
				"south": {"uv": [1.125, 9, 2.125, 10.25], "texture": "#0"},
				"west": {"uv": [1.125, 9, 2.125, 10.25], "texture": "#0"},
				"up": {"uv": [1, 9.25, 2, 10.25], "texture": "#0"},
				"down": {"uv": [0.75, 9.125, 1.75, 10.375], "texture": "#0"}
			}
		},
		{
			"from": [2.97688, 1.40413, -4.36047],
			"to": [13.01786, 12.89645, 1.35889],
			"rotation": {"angle": 0, "axis": "y", "origin": [12.61459, 10.18551, -19.33895]},
			"faces": {
				"north": {"uv": [0.875, 9, 1.875, 10.25], "texture": "#0"},
				"east": {"uv": [0.5, 8.875, 1.5, 10.125], "texture": "#0"},
				"south": {"uv": [1.125, 9, 2.125, 10.25], "texture": "#0"},
				"west": {"uv": [2.125, 9, 1.125, 10.25], "texture": "#0"},
				"up": {"uv": [1, 9.25, 2, 10.25], "texture": "#0"},
				"down": {"uv": [10.875, 11.5, 11.875, 12.75], "texture": "#0"}
			}
		},
		{
			"from": [3.92328, 4.71653, -8.14607],
			"to": [12.07146, 12.42325, -2.42671],
			"rotation": {"angle": 0, "axis": "y", "origin": [12.61459, 10.18551, -19.33895]},
			"faces": {
				"north": {"uv": [0.875, 9, 1.875, 10.25], "texture": "#0"},
				"east": {"uv": [0.5, 8.875, 1.5, 10.125], "texture": "#0"},
				"south": {"uv": [1.125, 9, 2.125, 10.25], "texture": "#0"},
				"west": {"uv": [1.125, 9, 2.125, 10.25], "texture": "#0"},
				"up": {"uv": [1, 9.25, 2, 10.25], "texture": "#0"},
				"down": {"uv": [0.75, 9.125, 1.75, 10.375], "texture": "#0"}
			}
		},
		{
			"from": [4.39648, 11.47685, -4.54975],
			"to": [11.59826, 14.78925, 0.41249],
			"rotation": {"angle": 0, "axis": "y", "origin": [12.61459, 10.18551, -19.33895]},
			"faces": {
				"north": {"uv": [0.875, 9, 1.875, 10.25], "texture": "#0"},
				"east": {"uv": [0.5, 8.875, 1.5, 10.125], "texture": "#0"},
				"south": {"uv": [1.125, 9, 2.125, 10.25], "texture": "#0"},
				"west": {"uv": [1.125, 9, 2.125, 10.25], "texture": "#0"},
				"up": {"uv": [1, 9.25, 2, 10.25], "texture": "#0"},
				"down": {"uv": [0.75, 9.125, 1.75, 10.375], "texture": "#0"}
			}
		},
		{
			"from": [4.86968, 11.28757, -7.86215],
			"to": [10.65186, 13.18037, -3.22479],
			"rotation": {"angle": -22.5, "axis": "x", "origin": [7.99737, 12.65985, -5.96935]},
			"faces": {
				"north": {"uv": [0.875, 9, 1.875, 10.25], "texture": "#0"},
				"east": {"uv": [0.5, 8.875, 1.5, 10.125], "texture": "#0"},
				"south": {"uv": [1.125, 9, 2.125, 10.25], "texture": "#0"},
				"west": {"uv": [1.125, 9, 2.125, 10.25], "texture": "#0"},
				"up": {"uv": [1, 9.25, 2, 10.25], "texture": "#0"},
				"down": {"uv": [0.75, 9.125, 1.75, 10.375], "texture": "#0"}
			}
		},
		{
			"from": [4.2072, 1.49877, -6.25327],
			"to": [11.78754, 4.71653, -4.31951],
			"rotation": {"angle": 0, "axis": "y", "origin": [12.61459, 10.18551, -19.33895]},
			"faces": {
				"north": {"uv": [0.875, 9, 1.875, 10.25], "texture": "#0"},
				"east": {"uv": [0.5, 8.875, 1.5, 10.125], "texture": "#0"},
				"south": {"uv": [1.125, 9, 2.125, 10.25], "texture": "#0"},
				"west": {"uv": [1.125, 9, 2.125, 10.25], "texture": "#0"},
				"up": {"uv": [1, 9.25, 2, 10.25], "texture": "#0"},
				"down": {"uv": [7.5, 12, 8.5, 13.25], "texture": "#0"}
			}
		},
		{
			"from": [5.6268, 2.44517, -7.67287],
			"to": [10.36794, 4.71653, -6.21231],
			"rotation": {"angle": 0, "axis": "y", "origin": [12.61459, 10.18551, -19.33895]},
			"faces": {
				"north": {"uv": [0.875, 9, 1.875, 10.25], "texture": "#0"},
				"east": {"uv": [0.5, 8.875, 1.5, 10.125], "texture": "#0"},
				"south": {"uv": [1.125, 9, 2.125, 10.25], "texture": "#0"},
				"west": {"uv": [1.125, 9, 2.125, 10.25], "texture": "#0"},
				"up": {"uv": [1, 9.25, 2, 10.25], "texture": "#0"},
				"down": {"uv": [12.5, 7.125, 13.5, 8.375], "texture": "#0"}
			}
		},
		{
			"from": [2.03048, 5.09509, -6.25327],
			"to": [13.96426, 11.47685, -0.53391],
			"rotation": {"angle": 0, "axis": "y", "origin": [12.61459, 10.18551, -19.33895]},
			"faces": {
				"north": {"uv": [0.875, 9, 1.875, 10.25], "texture": "#0"},
				"east": {"uv": [0.5, 8.875, 1.5, 10.125], "texture": "#0"},
				"south": {"uv": [1.125, 9, 2.125, 10.25], "texture": "#0"},
				"west": {"uv": [1.125, 9, 2.125, 10.25], "texture": "#0"},
				"up": {"uv": [1, 9.25, 2, 10.25], "texture": "#0"},
				"down": {"uv": [0.75, 9.125, 1.75, 10.375], "texture": "#0"}
			}
		},
		{
			"from": [4.39648, 3.15925, -1.14393],
			"to": [11.59826, 7.64821, 7.31999],
			"rotation": {"angle": -22.5, "axis": "x", "origin": [7.99737, 5.40373, 3.08803]},
			"faces": {
				"north": {"uv": [0.875, 9, 1.875, 10.25], "texture": "#0"},
				"east": {"uv": [0.5, 8.875, 1.5, 10.125], "texture": "#0"},
				"south": {"uv": [1.125, 9, 2.125, 10.25], "texture": "#0"},
				"west": {"uv": [1.125, 9, 2.125, 10.25], "texture": "#0"},
				"up": {"uv": [1, 9.25, 2, 10.25], "texture": "#0"},
				"down": {"uv": [0, 12.5, 1, 13.75], "texture": "#0"}
			}
		}
	],
	"display": {
		"head": {
			"translation": [0, -13.75, 3],
			"scale": [4, 4, 4]
		}
	},
	"groups": [
		{
			"name": "root",
			"origin": [8, 8, 8],
			"color": 0,
			"children": [
				{
					"name": "body",
					"origin": [8, 8, 8],
					"color": 0,
					"children": [
						{
							"name": "0",
							"origin": [8, 8, 8],
							"color": 0,
							"children": [0, 1, 2, 3, 4, 5, 6, 7, 8, 9]
						}
					]
				}
			]
		}
	]
}