{
	"credit": "Made with Blockbench",
	"texture_size": [32, 32],
	"textures": {
		"0": "kushala/head",
		"particle": "kushala/head"
	},
	"elements": [
		{
			"from": [5.725, 4.24726, 6.02145],
			"to": [10.275, 6.06726, 8.75145],
			"rotation": {"angle": 0, "axis": "y", "origin": [8, 6.72351, 7.70228]},
			"faces": {
				"north": {"uv": [4.5, 3, 6, 3.5], "texture": "#0"},
				"east": {"uv": [6, 7, 7, 7.5], "texture": "#0"},
				"south": {"uv": [5.5, 0, 7, 0.5], "texture": "#0"},
				"west": {"uv": [7, 6.5, 8, 7], "texture": "#0"},
				"up": {"uv": [4.5, 2.5, 3, 1.5], "texture": "#0"},
				"down": {"uv": [4.5, 2.5, 3, 3.5], "texture": "#0"}
			}
		},
		{
			"from": [6.362, 4.24726, 4.20145],
			"to": [9.638, 6.06726, 6.02145],
			"rotation": {"angle": 0, "axis": "y", "origin": [8, 6.72351, 7.70228]},
			"faces": {
				"north": {"uv": [7, 0, 8, 0.5], "texture": "#0"},
				"east": {"uv": [5.5, 9, 6, 9.5], "texture": "#0"},
				"south": {"uv": [1, 7, 2, 7.5], "texture": "#0"},
				"west": {"uv": [9, 5.5, 9.5, 6], "texture": "#0"},
				"up": {"uv": [8, 1.5, 7, 1], "texture": "#0"},
				"down": {"uv": [8, 1.5, 7, 2], "texture": "#0"}
			}
		},
		{
			"from": [6.635, 4.70226, 2.38145],
			"to": [9.365, 6.06726, 4.20145],
			"rotation": {"angle": 0, "axis": "y", "origin": [8, 6.72351, 7.70228]},
			"faces": {
				"north": {"uv": [3, 9, 4, 9.5], "texture": "#0"},
				"east": {"uv": [0, 10, 0.5, 10.5], "texture": "#0"},
				"south": {"uv": [9, 3, 10, 3.5], "texture": "#0"},
				"west": {"uv": [2.5, 10, 3, 10.5], "texture": "#0"},
				"up": {"uv": [8, 7.5, 7, 7], "texture": "#0"},
				"down": {"uv": [8.5, 0.5, 7.5, 1], "texture": "#0"}
			}
		},
		{
			"from": [7.363, 1.54042, 3.16086],
			"to": [8.637, 3.81542, 4.07086],
			"rotation": {"angle": 22.5, "axis": "x", "origin": [8, 6.72351, 7.70228]},
			"faces": {
				"north": {"uv": [7, 9, 7.5, 10], "texture": "#0"},
				"east": {"uv": [6.5, 10.5, 7, 11.5], "texture": "#0"},
				"south": {"uv": [8, 9, 8.5, 10], "texture": "#0"},
				"west": {"uv": [7.5, 10.5, 8, 11.5], "texture": "#0"},
				"up": {"uv": [11.5, 12, 11, 11.5], "texture": "#0"},
				"down": {"uv": [12, 11, 11.5, 11.5], "texture": "#0"}
			}
		},
		{
			"from": [7.545, 2.17742, 4.07086],
			"to": [8.455, 3.81542, 4.98086],
			"rotation": {"angle": 22.5, "axis": "x", "origin": [8, 6.72351, 7.70228]},
			"faces": {
				"north": {"uv": [5.5, 11, 6, 11.5], "texture": "#0"},
				"east": {"uv": [11, 6, 11.5, 6.5], "texture": "#0"},
				"south": {"uv": [7, 11, 7.5, 11.5], "texture": "#0"},
				"west": {"uv": [11, 7.5, 11.5, 8], "texture": "#0"},
				"up": {"uv": [3, 13.5, 2.5, 13], "texture": "#0"},
				"down": {"uv": [13.5, 2.5, 13, 3], "texture": "#0"}
			}
		},
		{
			"from": [8.819, 2.63242, 4.07086],
			"to": [9.547, 3.99742, 4.98086],
			"rotation": {"angle": 22.5, "axis": "x", "origin": [8, 6.72351, 7.70228]},
			"faces": {
				"north": {"uv": [11.5, 11.5, 12, 12], "texture": "#0"},
				"east": {"uv": [0, 12, 0.5, 12.5], "texture": "#0"},
				"south": {"uv": [12, 0, 12.5, 0.5], "texture": "#0"},
				"west": {"uv": [0.5, 12, 1, 12.5], "texture": "#0"},
				"up": {"uv": [3.5, 13.5, 3, 13], "texture": "#0"},
				"down": {"uv": [13.5, 3, 13, 3.5], "texture": "#0"}
			}
		},
		{
			"from": [6.453, 2.63242, 4.07086],
			"to": [7.181, 3.99742, 4.98086],
			"rotation": {"angle": 22.5, "axis": "x", "origin": [8, 6.72351, 7.70228]},
			"faces": {
				"north": {"uv": [12, 0.5, 12.5, 1], "texture": "#0"},
				"east": {"uv": [1, 12, 1.5, 12.5], "texture": "#0"},
				"south": {"uv": [12, 1, 12.5, 1.5], "texture": "#0"},
				"west": {"uv": [1.5, 12, 2, 12.5], "texture": "#0"},
				"up": {"uv": [4, 13.5, 3.5, 13], "texture": "#0"},
				"down": {"uv": [13.5, 3.5, 13, 4], "texture": "#0"}
			}
		},
		{
			"from": [9.365, 4.70226, 5.56645],
			"to": [9.365, 8.34226, 8.75145],
			"rotation": {"angle": 22.5, "axis": "x", "origin": [8, 6.72351, 7.70228]},
			"faces": {
				"north": {"uv": [0, 0, 0, 1], "texture": "#0"},
				"east": {"uv": [0, 3.5, 1, 4.5], "texture": "#0"},
				"south": {"uv": [0, 0, 0, 1], "texture": "#0"},
				"west": {"uv": [1, 3.5, 2, 4.5], "texture": "#0"},
				"up": {"uv": [0, 1, 0, 0], "texture": "#0"},
				"down": {"uv": [0, 0, 0, 1], "texture": "#0"}
			}
		},
		{
			"from": [6.635, 4.70226, 5.56645],
			"to": [6.635, 8.34226, 8.75145],
			"rotation": {"angle": 22.5, "axis": "x", "origin": [8, 6.72351, 7.70228]},
			"faces": {
				"north": {"uv": [0, 0, 0, 1], "texture": "#0"},
				"east": {"uv": [2, 3.5, 3, 4.5], "texture": "#0"},
				"south": {"uv": [0, 0, 0, 1], "texture": "#0"},
				"west": {"uv": [3, 3.5, 4, 4.5], "texture": "#0"},
				"up": {"uv": [0, 1, 0, 0], "texture": "#0"},
				"down": {"uv": [0, 0, 0, 1], "texture": "#0"}
			}
		}
	],
	"display": {
		"head": {
			"translation": [0, -2.5, 2],
			"scale": [4, 4, 4]
		}
	},
	"groups": [
		{
			"name": "root",
			"origin": [8, 8, 8],
			"color": 0,
			"children": [
				{
					"name": "head",
					"origin": [8, 8, 8],
					"color": 0,
					"children": [
						{
							"name": "lower",
							"origin": [8, 8, 8],
							"color": 0,
							"children": [0, 1, 2, 3, 4, 5, 6, 7, 8]
						}
					]
				}
			]
		}
	]
}