{
	"credit": "Made with Blockbench",
	"texture_size": [32, 32],
	"textures": {
		"0": "kushala/head",
		"particle": "kushala/head"
	},
	"elements": [
		{
			"from": [6.18, 7.34607, 6.92071],
			"to": [9.82, 8.80207, 11.47071],
			"rotation": {"angle": 0, "axis": "y", "origin": [10.73, 8.80207, 10.56071]},
			"faces": {
				"north": {"uv": [3.5, 7, 4.5, 7.5], "texture": "#0"},
				"east": {"uv": [5.5, 2, 7, 2.5], "texture": "#0"},
				"south": {"uv": [7, 3.5, 8, 4], "texture": "#0"},
				"west": {"uv": [5.5, 2.5, 7, 3], "texture": "#0"},
				"up": {"uv": [1, 3.5, 0, 2], "texture": "#0"},
				"down": {"uv": [2, 2, 1, 3.5], "texture": "#0"}
			}
		},
		{
			"from": [6.635, 8.80207, 6.92071],
			"to": [9.365, 9.71207, 11.47071],
			"rotation": {"angle": 0, "axis": "y", "origin": [10.73, 8.80207, 10.56071]},
			"faces": {
				"north": {"uv": [9.5, 1.5, 10.5, 2], "texture": "#0"},
				"east": {"uv": [4, 7.5, 5.5, 8], "texture": "#0"},
				"south": {"uv": [3, 9.5, 4, 10], "texture": "#0"},
				"west": {"uv": [7.5, 4, 9, 4.5], "texture": "#0"},
				"up": {"uv": [3, 3.5, 2, 2], "texture": "#0"},
				"down": {"uv": [4, 0, 3, 1.5], "texture": "#0"}
			}
		},
		{
			"from": [7.181, 8.43807, 5.10071],
			"to": [8.819, 9.53007, 6.92071],
			"rotation": {"angle": 0, "axis": "y", "origin": [10.73, 8.80207, 10.56071]},
			"faces": {
				"north": {"uv": [1, 11, 1.5, 11.5], "texture": "#0"},
				"east": {"uv": [1.5, 11, 2, 11.5], "texture": "#0"},
				"south": {"uv": [2, 11, 2.5, 11.5], "texture": "#0"},
				"west": {"uv": [11, 2, 11.5, 2.5], "texture": "#0"},
				"up": {"uv": [4.5, 1.5, 4, 1], "texture": "#0"},
				"down": {"uv": [2.5, 9, 2, 9.5], "texture": "#0"}
			}
		},
		{
			"from": [7.272, 7.98307, 5.91971],
			"to": [8.728, 9.53007, 9.19571],
			"rotation": {"angle": -22.5, "axis": "x", "origin": [8, 8.98407, 6.01071]},
			"faces": {
				"north": {"uv": [8, 10.5, 8.5, 11], "texture": "#0"},
				"east": {"uv": [1, 7.5, 2, 8], "texture": "#0"},
				"south": {"uv": [10.5, 8, 11, 8.5], "texture": "#0"},
				"west": {"uv": [7.5, 2, 8.5, 2.5], "texture": "#0"},
				"up": {"uv": [8, 3.5, 7.5, 2.5], "texture": "#0"},
				"down": {"uv": [4, 7.5, 3.5, 8.5], "texture": "#0"}
			}
		},
		{
			"from": [7.272, 9.5024, 8.16401],
			"to": [8.728, 11.0494, 10.80301],
			"rotation": {"angle": 22.5, "axis": "x", "origin": [8, 9.3659, 7.52701]},
			"faces": {
				"north": {"uv": [8.5, 10.5, 9, 11], "texture": "#0"},
				"east": {"uv": [7.5, 4.5, 8.5, 5], "texture": "#0"},
				"south": {"uv": [10.5, 8.5, 11, 9], "texture": "#0"},
				"west": {"uv": [6.5, 7.5, 7.5, 8], "texture": "#0"},
				"up": {"uv": [8, 8.5, 7.5, 7.5], "texture": "#0"},
				"down": {"uv": [0.5, 8, 0, 9], "texture": "#0"}
			}
		},
		{
			"from": [6.362, 6.07207, 4.19071],
			"to": [9.638, 8.71107, 7.37571],
			"rotation": {"angle": 0, "axis": "y", "origin": [10.73, 8.80207, 10.56071]},
			"faces": {
				"north": {"uv": [4.5, 2, 5.5, 3], "texture": "#0"},
				"east": {"uv": [3.5, 4.5, 4.5, 5.5], "texture": "#0"},
				"south": {"uv": [4.5, 4.5, 5.5, 5.5], "texture": "#0"},
				"west": {"uv": [0, 5.5, 1, 6.5], "texture": "#0"},
				"up": {"uv": [1, 5.5, 0, 4.5], "texture": "#0"},
				"down": {"uv": [2, 4.5, 1, 5.5], "texture": "#0"}
			}
		},
		{
			"from": [5.816, 6.02657, 5.55571],
			"to": [10.184, 7.34607, 11.47071],
			"rotation": {"angle": 0, "axis": "y", "origin": [10.73, 8.80207, 10.56071]},
			"faces": {
				"north": {"uv": [4.5, 5.5, 6, 6], "texture": "#0"},
				"east": {"uv": [5.5, 0.5, 7.5, 1], "texture": "#0"},
				"south": {"uv": [5.5, 5, 7, 5.5], "texture": "#0"},
				"west": {"uv": [1, 5.5, 3, 6], "texture": "#0"},
				"up": {"uv": [1.5, 2, 0, 0], "texture": "#0"},
				"down": {"uv": [3, 0, 1.5, 2], "texture": "#0"}
			}
		},
		{
			"from": [5.907, 3.97907, 8.74071],
			"to": [10.093, 6.07207, 11.47071],
			"rotation": {"angle": 0, "axis": "y", "origin": [10.73, 8.80207, 10.56071]},
			"faces": {
				"north": {"uv": [4.5, 1, 6, 2], "texture": "#0"},
				"east": {"uv": [1, 6, 2, 7], "texture": "#0"},
				"south": {"uv": [2, 4.5, 3.5, 5.5], "texture": "#0"},
				"west": {"uv": [6, 1, 7, 2], "texture": "#0"},
				"up": {"uv": [5.5, 1, 4, 0], "texture": "#0"},
				"down": {"uv": [5.5, 3.5, 4, 4.5], "texture": "#0"}
			}
		},
		{
			"from": [6.635, 6.07207, 2.37071],
			"to": [9.365, 8.43807, 4.19071],
			"rotation": {"angle": 0, "axis": "y", "origin": [10.73, 8.80207, 10.56071]},
			"faces": {
				"north": {"uv": [2, 6, 3, 7], "texture": "#0"},
				"east": {"uv": [7.5, 5.5, 8, 6.5], "texture": "#0"},
				"south": {"uv": [6, 3, 7, 4], "texture": "#0"},
				"west": {"uv": [2.5, 13.5, 3, 14.5], "texture": "#0"},
				"up": {"uv": [2.5, 14, 1.5, 13.5], "texture": "#0"},
				"down": {"uv": [8, 5, 7, 5.5], "texture": "#0"}
			}
		},
		{
			"from": [7.545, 5.48057, 1.32421],
			"to": [8.455, 7.84657, 2.23421],
			"rotation": {"angle": 22.5, "axis": "x", "origin": [8, 6.52707, 1.77921]},
			"faces": {
				"north": {"uv": [10, 2.5, 10.5, 3.5], "texture": "#0"},
				"east": {"uv": [3, 10, 3.5, 11], "texture": "#0"},
				"south": {"uv": [3.5, 10, 4, 11], "texture": "#0"},
				"west": {"uv": [10, 3.5, 10.5, 4.5], "texture": "#0"},
				"up": {"uv": [1.5, 13, 1, 12.5], "texture": "#0"},
				"down": {"uv": [13, 1, 12.5, 1.5], "texture": "#0"}
			}
		},
		{
			"from": [7.363, 6.92618, 2.28644],
			"to": [8.637, 8.10918, 3.15094],
			"rotation": {"angle": -22.5, "axis": "x", "origin": [8, 6.65318, 1.83144]},
			"faces": {
				"north": {"uv": [10.5, 9, 11, 9.5], "texture": "#0"},
				"east": {"uv": [8, 11, 8.5, 11.5], "texture": "#0"},
				"south": {"uv": [9.5, 10.5, 10, 11], "texture": "#0"},
				"west": {"uv": [11, 8, 11.5, 8.5], "texture": "#0"},
				"up": {"uv": [9, 11.5, 8.5, 11], "texture": "#0"},
				"down": {"uv": [11.5, 8.5, 11, 9], "texture": "#0"}
			}
		},
		{
			"from": [7.09, 5.93557, 1.64271],
			"to": [8.91, 8.48357, 2.68921],
			"rotation": {"angle": 22.5, "axis": "x", "origin": [8, 6.52707, 1.77921]},
			"faces": {
				"north": {"uv": [5.5, 7, 6, 8], "texture": "#0"},
				"east": {"uv": [4, 9.5, 4.5, 10.5], "texture": "#0"},
				"south": {"uv": [7, 5.5, 7.5, 6.5], "texture": "#0"},
				"west": {"uv": [4.5, 9.5, 5, 10.5], "texture": "#0"},
				"up": {"uv": [11.5, 3, 11, 2.5], "texture": "#0"},
				"down": {"uv": [3.5, 11, 3, 11.5], "texture": "#0"}
			}
		},
		{
			"from": [5.6795, 6.43904, 7.51682],
			"to": [6.4985, 7.44004, 10.70182],
			"rotation": {"angle": 0, "axis": "y", "origin": [6.089, 7.12562, 10.96471]},
			"faces": {
				"north": {"uv": [1.5, 12.5, 2, 13], "texture": "#0"},
				"east": {"uv": [9, 7.5, 10, 8], "texture": "#0"},
				"south": {"uv": [2, 12.5, 2.5, 13], "texture": "#0"},
				"west": {"uv": [8.5, 9, 9.5, 9.5], "texture": "#0"},
				"up": {"uv": [1, 10.5, 0.5, 9.5], "texture": "#0"},
				"down": {"uv": [1.5, 9.5, 1, 10.5], "texture": "#0"}
			}
		},
		{
			"from": [5.725, 6.76162, 10.41871],
			"to": [6.18, 7.39862, 12.69371],
			"rotation": {"angle": -22.5, "axis": "x", "origin": [6.089, 7.12562, 10.96471]},
			"faces": {
				"north": {"uv": [9.5, 13, 10, 13.5], "texture": "#0"},
				"east": {"uv": [12, 1.5, 13, 2], "texture": "#0"},
				"south": {"uv": [13, 9.5, 13.5, 10], "texture": "#0"},
				"west": {"uv": [12, 2, 13, 2.5], "texture": "#0"},
				"up": {"uv": [3, 13, 2.5, 12], "texture": "#0"},
				"down": {"uv": [12.5, 2.5, 12, 3.5], "texture": "#0"}
			}
		},
		{
			"from": [6.362, 7.07307, 8.55871],
			"to": [6.817, 7.43707, 9.55971],
			"rotation": {"angle": -45, "axis": "y", "origin": [6.7715, 10.16707, 5.96521]},
			"faces": {
				"north": {"uv": [10, 13, 10.5, 13.5], "texture": "#0"},
				"east": {"uv": [5, 13, 5.5, 13.5], "texture": "#0"},
				"south": {"uv": [13, 10, 13.5, 10.5], "texture": "#0"},
				"west": {"uv": [13, 5, 13.5, 5.5], "texture": "#0"},
				"up": {"uv": [6, 13.5, 5.5, 13], "texture": "#0"},
				"down": {"uv": [13.5, 5.5, 13, 6], "texture": "#0"}
			}
		},
		{
			"from": [4.86452, 7.07307, 6.4318],
			"to": [6.77552, 7.43707, 6.8868],
			"rotation": {"angle": 22.5, "axis": "y", "origin": [4.45502, 7.25507, 8.0243]},
			"faces": {
				"north": {"uv": [12.5, 2.5, 13, 3], "texture": "#0"},
				"east": {"uv": [10.5, 13, 11, 13.5], "texture": "#0"},
				"south": {"uv": [3, 12.5, 3.5, 13], "texture": "#0"},
				"west": {"uv": [13, 10.5, 13.5, 11], "texture": "#0"},
				"up": {"uv": [13, 3.5, 12.5, 3], "texture": "#0"},
				"down": {"uv": [4, 12.5, 3.5, 13], "texture": "#0"}
			}
		},
		{
			"from": [6.089, 6.89107, 6.46571],
			"to": [7.09, 7.61907, 8.64971],
			"rotation": {"angle": -45, "axis": "y", "origin": [6.7715, 10.16707, 5.96521]},
			"faces": {
				"north": {"uv": [12.5, 4, 13, 4.5], "texture": "#0"},
				"east": {"uv": [10, 4.5, 11, 5], "texture": "#0"},
				"south": {"uv": [4.5, 12.5, 5, 13], "texture": "#0"},
				"west": {"uv": [10, 5, 11, 5.5], "texture": "#0"},
				"up": {"uv": [10.5, 6.5, 10, 5.5], "texture": "#0"},
				"down": {"uv": [10.5, 6.5, 10, 7.5], "texture": "#0"}
			}
		},
		{
			"from": [5.543, 7.43707, 6.92071],
			"to": [6.362, 8.43807, 11.01571],
			"rotation": {"angle": -22.5, "axis": "x", "origin": [8, 9.43907, 9.19571]},
			"faces": {
				"north": {"uv": [12.5, 4.5, 13, 5], "texture": "#0"},
				"east": {"uv": [8, 0, 9.5, 0.5], "texture": "#0"},
				"south": {"uv": [5, 12.5, 5.5, 13], "texture": "#0"},
				"west": {"uv": [0.5, 8, 2, 8.5], "texture": "#0"},
				"up": {"uv": [8.5, 4, 8, 2.5], "texture": "#0"},
				"down": {"uv": [4.5, 8, 4, 9.5], "texture": "#0"}
			}
		},
		{
			"from": [5.725, 6.9183, 11.15262],
			"to": [6.18, 7.5553, 13.42762],
			"rotation": {"angle": -45, "axis": "x", "origin": [5.9525, 7.9648, 9.56012]},
			"faces": {
				"north": {"uv": [11, 13, 11.5, 13.5], "texture": "#0"},
				"east": {"uv": [3, 12, 4, 12.5], "texture": "#0"},
				"south": {"uv": [13, 11, 13.5, 11.5], "texture": "#0"},
				"west": {"uv": [12, 3.5, 13, 4], "texture": "#0"},
				"up": {"uv": [4.5, 13, 4, 12], "texture": "#0"},
				"down": {"uv": [12.5, 4, 12, 5], "texture": "#0"}
			}
		},
		{
			"from": [4.997, 8.24914, 7.24988],
			"to": [6.362, 9.34114, 11.43588],
			"rotation": {"angle": -45, "axis": "y", "origin": [6.5895, 9.52314, 9.16088]},
			"faces": {
				"north": {"uv": [9, 11, 9.5, 11.5], "texture": "#0"},
				"east": {"uv": [8, 1, 9.5, 1.5], "texture": "#0"},
				"south": {"uv": [11, 9, 11.5, 9.5], "texture": "#0"},
				"west": {"uv": [8, 1.5, 9.5, 2], "texture": "#0"},
				"up": {"uv": [2.5, 8.5, 2, 7], "texture": "#0"},
				"down": {"uv": [7.5, 2, 7, 3.5], "texture": "#0"}
			}
		},
		{
			"from": [5.58984, 8.43114, 6.55311],
			"to": [7.40984, 9.15914, 10.73911],
			"rotation": {"angle": -22.5, "axis": "y", "origin": [5.81734, 8.79514, 8.64611]},
			"faces": {
				"north": {"uv": [11, 3, 11.5, 3.5], "texture": "#0"},
				"east": {"uv": [4.5, 8, 6, 8.5], "texture": "#0"},
				"south": {"uv": [3.5, 11, 4, 11.5], "texture": "#0"},
				"west": {"uv": [8, 5, 9.5, 5.5], "texture": "#0"},
				"up": {"uv": [3.5, 7, 3, 5.5], "texture": "#0"},
				"down": {"uv": [4, 5.5, 3.5, 7], "texture": "#0"}
			}
		},
		{
			"from": [4.451, 8.43114, 10.43488],
			"to": [5.452, 9.15914, 12.80088],
			"rotation": {"angle": -22.5, "axis": "y", "origin": [6.5895, 9.52314, 9.16088]},
			"faces": {
				"north": {"uv": [12.5, 5.5, 13, 6], "texture": "#0"},
				"east": {"uv": [10, 7.5, 11, 8], "texture": "#0"},
				"south": {"uv": [12.5, 6, 13, 6.5], "texture": "#0"},
				"west": {"uv": [8, 10, 9, 10.5], "texture": "#0"},
				"up": {"uv": [7.5, 11, 7, 10], "texture": "#0"},
				"down": {"uv": [10.5, 8.5, 10, 9.5], "texture": "#0"}
			}
		},
		{
			"from": [4.27243, 8.61314, 11.44102],
			"to": [4.90943, 8.97714, 13.62502],
			"rotation": {"angle": -45, "axis": "y", "origin": [4.13593, 8.79514, 10.80402]},
			"faces": {
				"north": {"uv": [11.5, 13, 12, 13.5], "texture": "#0"},
				"east": {"uv": [4.5, 12, 5.5, 12.5], "texture": "#0"},
				"south": {"uv": [13, 11.5, 13.5, 12], "texture": "#0"},
				"west": {"uv": [12, 5, 13, 5.5], "texture": "#0"},
				"up": {"uv": [6, 13, 5.5, 12], "texture": "#0"},
				"down": {"uv": [12.5, 5.5, 12, 6.5], "texture": "#0"}
			}
		},
		{
			"from": [5.543, 9.4671, 6.55675],
			"to": [6.908, 10.9231, 11.10675],
			"rotation": {"angle": -22.5, "axis": "x", "origin": [6.2255, 10.68646, 10.6854]},
			"faces": {
				"north": {"uv": [10, 10.5, 10.5, 11], "texture": "#0"},
				"east": {"uv": [6, 4, 7.5, 4.5], "texture": "#0"},
				"south": {"uv": [10.5, 10.5, 11, 11], "texture": "#0"},
				"west": {"uv": [4.5, 6, 6, 6.5], "texture": "#0"},
				"up": {"uv": [6.5, 7, 6, 5.5], "texture": "#0"},
				"down": {"uv": [0.5, 6.5, 0, 8], "texture": "#0"}
			}
		},
		{
			"from": [5.725, 10.94187, 7.23781],
			"to": [6.726, 12.39787, 9.78581],
			"rotation": {"angle": -45, "axis": "x", "origin": [6.2255, 10.68646, 10.6854]},
			"faces": {
				"north": {"uv": [9.5, 11, 10, 11.5], "texture": "#0"},
				"east": {"uv": [8, 5.5, 9, 6], "texture": "#0"},
				"south": {"uv": [11, 9.5, 11.5, 10], "texture": "#0"},
				"west": {"uv": [8, 6, 9, 6.5], "texture": "#0"},
				"up": {"uv": [5.5, 10.5, 5, 9.5], "texture": "#0"},
				"down": {"uv": [10, 5, 9.5, 6], "texture": "#0"}
			}
		},
		{
			"from": [5.907, 9.79937, 8.86257],
			"to": [6.544, 11.25537, 11.41057],
			"rotation": {"angle": 0, "axis": "y", "origin": [6.2255, 10.68646, 10.6854]},
			"faces": {
				"north": {"uv": [4, 13, 4.5, 13.5], "texture": "#0"},
				"east": {"uv": [6.5, 8, 7.5, 8.5], "texture": "#0"},
				"south": {"uv": [3, 13.625, 3.5, 13.875], "texture": "#0"},
				"west": {"uv": [8, 6.5, 9, 7], "texture": "#0"},
				"up": {"uv": [4.875, 13.875, 4.5, 13.5], "texture": "#0"},
				"down": {"uv": [11.5, 10, 11, 11], "texture": "#0"}
			}
		},
		{
			"from": [6.225, 9.47894, 10.54864],
			"to": [6.726, 10.75294, 12.18764],
			"rotation": {"angle": -45, "axis": "x", "origin": [6.2255, 10.68646, 10.6854]},
			"faces": {
				"north": {"uv": [10.5, 11, 11, 11.5], "texture": "#0"},
				"east": {"uv": [8, 7, 9, 7.5], "texture": "#0"},
				"south": {"uv": [3, 13.5, 3.5, 14], "texture": "#0"},
				"west": {"uv": [3, 13.5, 3.5, 14], "texture": "#0"},
				"up": {"uv": [6, 10.5, 5.5, 9.5], "texture": "#0"},
				"down": {"uv": [6.5, 9.5, 6, 10.5], "texture": "#0"}
			}
		},
		{
			"from": [5.998, 9.43907, 4.64571],
			"to": [7.272, 10.44007, 7.46671],
			"rotation": {"angle": -22.5, "axis": "x", "origin": [8, 9.43907, 9.19571]},
			"faces": {
				"north": {"uv": [0, 11.5, 0.5, 12], "texture": "#0"},
				"east": {"uv": [9.5, 8, 10.5, 8.5], "texture": "#0"},
				"south": {"uv": [11.5, 0, 12, 0.5], "texture": "#0"},
				"west": {"uv": [4, 13.5, 5, 14], "texture": "#0"},
				"up": {"uv": [4, 14.5, 3.5, 13.5], "texture": "#0"},
				"down": {"uv": [1, 8.5, 0.5, 9.5], "texture": "#0"}
			}
		},
		{
			"from": [4.633, 6.60421, 9.76306],
			"to": [5.634, 7.87821, 12.22006],
			"rotation": {"angle": -45, "axis": "x", "origin": [5.1335, 8.15121, 7.85206]},
			"faces": {
				"north": {"uv": [0.5, 11.5, 1, 12], "texture": "#0"},
				"east": {"uv": [6, 9, 7, 9.5], "texture": "#0"},
				"south": {"uv": [3, 13.5, 3.5, 14], "texture": "#0"},
				"west": {"uv": [9, 6, 10, 6.5], "texture": "#0"},
				"up": {"uv": [9.5, 11, 9, 10], "texture": "#0"},
				"down": {"uv": [0.5, 10.5, 0, 11.5], "texture": "#0"}
			}
		},
		{
			"from": [9.5015, 6.43904, 7.51682],
			"to": [10.3205, 7.44004, 10.70182],
			"rotation": {"angle": 0, "axis": "y", "origin": [9.911, 7.12562, 10.96471]},
			"faces": {
				"north": {"uv": [2, 12.5, 1.5, 13], "texture": "#0"},
				"east": {"uv": [9.5, 9, 8.5, 9.5], "texture": "#0"},
				"south": {"uv": [2.5, 12.5, 2, 13], "texture": "#0"},
				"west": {"uv": [10, 7.5, 9, 8], "texture": "#0"},
				"up": {"uv": [0.5, 10.5, 1, 9.5], "texture": "#0"},
				"down": {"uv": [1, 9.5, 1.5, 10.5], "texture": "#0"}
			}
		},
		{
			"from": [9.82, 6.76162, 10.41871],
			"to": [10.275, 7.39862, 12.69371],
			"rotation": {"angle": -22.5, "axis": "x", "origin": [9.911, 7.12562, 10.96471]},
			"faces": {
				"north": {"uv": [10, 13, 9.5, 13.5], "texture": "#0"},
				"east": {"uv": [13, 2, 12, 2.5], "texture": "#0"},
				"south": {"uv": [13.5, 9.5, 13, 10], "texture": "#0"},
				"west": {"uv": [13, 1.5, 12, 2], "texture": "#0"},
				"up": {"uv": [2.5, 13, 3, 12], "texture": "#0"},
				"down": {"uv": [12, 2.5, 12.5, 3.5], "texture": "#0"}
			}
		},
		{
			"from": [9.183, 7.07307, 8.55871],
			"to": [9.638, 7.43707, 9.55971],
			"rotation": {"angle": 45, "axis": "y", "origin": [9.2285, 10.16707, 5.96521]},
			"faces": {
				"north": {"uv": [10.5, 13, 10, 13.5], "texture": "#0"},
				"east": {"uv": [13.5, 5, 13, 5.5], "texture": "#0"},
				"south": {"uv": [13.5, 10, 13, 10.5], "texture": "#0"},
				"west": {"uv": [5.5, 13, 5, 13.5], "texture": "#0"},
				"up": {"uv": [5.5, 13.5, 6, 13], "texture": "#0"},
				"down": {"uv": [13, 5.5, 13.5, 6], "texture": "#0"}
			}
		},
		{
			"from": [9.22448, 7.07307, 6.4318],
			"to": [11.13548, 7.43707, 6.8868],
			"rotation": {"angle": -22.5, "axis": "y", "origin": [11.54498, 7.25507, 8.0243]},
			"faces": {
				"north": {"uv": [13, 2.5, 12.5, 3], "texture": "#0"},
				"east": {"uv": [13.5, 10.5, 13, 11], "texture": "#0"},
				"south": {"uv": [3.5, 12.5, 3, 13], "texture": "#0"},
				"west": {"uv": [11, 13, 10.5, 13.5], "texture": "#0"},
				"up": {"uv": [12.5, 3.5, 13, 3], "texture": "#0"},
				"down": {"uv": [3.5, 12.5, 4, 13], "texture": "#0"}
			}
		},
		{
			"from": [8.91, 6.89107, 6.46571],
			"to": [9.911, 7.61907, 8.64971],
			"rotation": {"angle": 45, "axis": "y", "origin": [9.2285, 10.16707, 5.96521]},
			"faces": {
				"north": {"uv": [13, 4, 12.5, 4.5], "texture": "#0"},
				"east": {"uv": [11, 5, 10, 5.5], "texture": "#0"},
				"south": {"uv": [5, 12.5, 4.5, 13], "texture": "#0"},
				"west": {"uv": [11, 4.5, 10, 5], "texture": "#0"},
				"up": {"uv": [10, 6.5, 10.5, 5.5], "texture": "#0"},
				"down": {"uv": [10, 6.5, 10.5, 7.5], "texture": "#0"}
			}
		},
		{
			"from": [9.638, 7.43707, 6.92071],
			"to": [10.457, 8.43807, 11.01571],
			"rotation": {"angle": -22.5, "axis": "x", "origin": [8, 9.43907, 9.19571]},
			"faces": {
				"north": {"uv": [13, 4.5, 12.5, 5], "texture": "#0"},
				"east": {"uv": [2, 8, 0.5, 8.5], "texture": "#0"},
				"south": {"uv": [5.5, 12.5, 5, 13], "texture": "#0"},
				"west": {"uv": [9.5, 0, 8, 0.5], "texture": "#0"},
				"up": {"uv": [8, 4, 8.5, 2.5], "texture": "#0"},
				"down": {"uv": [4, 8, 4.5, 9.5], "texture": "#0"}
			}
		},
		{
			"from": [9.82, 6.9183, 11.15262],
			"to": [10.275, 7.5553, 13.42762],
			"rotation": {"angle": -45, "axis": "x", "origin": [10.0475, 7.9648, 9.56012]},
			"faces": {
				"north": {"uv": [11.5, 13, 11, 13.5], "texture": "#0"},
				"east": {"uv": [13, 3.5, 12, 4], "texture": "#0"},
				"south": {"uv": [13.5, 11, 13, 11.5], "texture": "#0"},
				"west": {"uv": [4, 12, 3, 12.5], "texture": "#0"},
				"up": {"uv": [4, 13, 4.5, 12], "texture": "#0"},
				"down": {"uv": [12, 4, 12.5, 5], "texture": "#0"}
			}
		},
		{
			"from": [9.638, 8.24914, 7.24988],
			"to": [11.003, 9.34114, 11.43588],
			"rotation": {"angle": 45, "axis": "y", "origin": [9.4105, 9.52314, 9.16088]},
			"faces": {
				"north": {"uv": [9.5, 11, 9, 11.5], "texture": "#0"},
				"east": {"uv": [9.5, 1.5, 8, 2], "texture": "#0"},
				"south": {"uv": [11.5, 9, 11, 9.5], "texture": "#0"},
				"west": {"uv": [9.5, 1, 8, 1.5], "texture": "#0"},
				"up": {"uv": [2, 8.5, 2.5, 7], "texture": "#0"},
				"down": {"uv": [7, 2, 7.5, 3.5], "texture": "#0"}
			}
		},
		{
			"from": [8.59016, 8.43114, 6.55311],
			"to": [10.41016, 9.15914, 10.73911],
			"rotation": {"angle": 22.5, "axis": "y", "origin": [10.18266, 8.79514, 8.64611]},
			"faces": {
				"north": {"uv": [11.5, 3, 11, 3.5], "texture": "#0"},
				"east": {"uv": [9.5, 5, 8, 5.5], "texture": "#0"},
				"south": {"uv": [4, 11, 3.5, 11.5], "texture": "#0"},
				"west": {"uv": [6, 8, 4.5, 8.5], "texture": "#0"},
				"up": {"uv": [3, 7, 3.5, 5.5], "texture": "#0"},
				"down": {"uv": [3.5, 5.5, 4, 7], "texture": "#0"}
			}
		},
		{
			"from": [10.548, 8.43114, 10.43488],
			"to": [11.549, 9.15914, 12.80088],
			"rotation": {"angle": 22.5, "axis": "y", "origin": [9.4105, 9.52314, 9.16088]},
			"faces": {
				"north": {"uv": [13, 5.5, 12.5, 6], "texture": "#0"},
				"east": {"uv": [9, 10, 8, 10.5], "texture": "#0"},
				"south": {"uv": [13, 6, 12.5, 6.5], "texture": "#0"},
				"west": {"uv": [11, 7.5, 10, 8], "texture": "#0"},
				"up": {"uv": [7, 11, 7.5, 10], "texture": "#0"},
				"down": {"uv": [10, 8.5, 10.5, 9.5], "texture": "#0"}
			}
		},
		{
			"from": [11.09057, 8.61314, 11.44102],
			"to": [11.72757, 8.97714, 13.62502],
			"rotation": {"angle": 45, "axis": "y", "origin": [11.86407, 8.79514, 10.80402]},
			"faces": {
				"north": {"uv": [12, 13, 11.5, 13.5], "texture": "#0"},
				"east": {"uv": [13, 5, 12, 5.5], "texture": "#0"},
				"south": {"uv": [13.5, 11.5, 13, 12], "texture": "#0"},
				"west": {"uv": [5.5, 12, 4.5, 12.5], "texture": "#0"},
				"up": {"uv": [5.5, 13, 6, 12], "texture": "#0"},
				"down": {"uv": [12, 5.5, 12.5, 6.5], "texture": "#0"}
			}
		},
		{
			"from": [9.092, 9.4671, 6.55675],
			"to": [10.457, 10.9231, 11.10675],
			"rotation": {"angle": -22.5, "axis": "x", "origin": [9.7745, 10.68646, 10.6854]},
			"faces": {
				"north": {"uv": [10.5, 10.5, 10, 11], "texture": "#0"},
				"east": {"uv": [6, 6, 4.5, 6.5], "texture": "#0"},
				"south": {"uv": [11, 10.5, 10.5, 11], "texture": "#0"},
				"west": {"uv": [7.5, 4, 6, 4.5], "texture": "#0"},
				"up": {"uv": [6, 7, 6.5, 5.5], "texture": "#0"},
				"down": {"uv": [0, 6.5, 0.5, 8], "texture": "#0"}
			}
		},
		{
			"from": [9.274, 10.94187, 7.23781],
			"to": [10.275, 12.39787, 9.78581],
			"rotation": {"angle": -45, "axis": "x", "origin": [9.7745, 10.68646, 10.6854]},
			"faces": {
				"north": {"uv": [10, 11, 9.5, 11.5], "texture": "#0"},
				"east": {"uv": [9, 6, 8, 6.5], "texture": "#0"},
				"south": {"uv": [11.5, 9.5, 11, 10], "texture": "#0"},
				"west": {"uv": [9, 5.5, 8, 6], "texture": "#0"},
				"up": {"uv": [5, 10.5, 5.5, 9.5], "texture": "#0"},
				"down": {"uv": [9.5, 5, 10, 6], "texture": "#0"}
			}
		},
		{
			"from": [9.456, 9.79937, 8.86257],
			"to": [10.093, 11.25537, 11.41057],
			"rotation": {"angle": 0, "axis": "y", "origin": [9.7745, 10.68646, 10.6854]},
			"faces": {
				"north": {"uv": [4.5, 13, 4, 13.5], "texture": "#0"},
				"east": {"uv": [9, 6.5, 8, 7], "texture": "#0"},
				"south": {"uv": [13.5, 4, 13, 4.5], "texture": "#0"},
				"west": {"uv": [7.5, 8, 6.5, 8.5], "texture": "#0"},
				"up": {"uv": [10, 12, 10.5, 11], "texture": "#0"},
				"down": {"uv": [11, 10, 11.5, 11], "texture": "#0"}
			}
		},
		{
			"from": [9.274, 9.47894, 10.54864],
			"to": [10.275, 10.75294, 13.18764],
			"rotation": {"angle": -45, "axis": "x", "origin": [9.7745, 10.68646, 10.6854]},
			"faces": {
				"north": {"uv": [11, 11, 10.5, 11.5], "texture": "#0"},
				"east": {"uv": [9, 7.5, 8, 8], "texture": "#0"},
				"south": {"uv": [11.5, 11, 11, 11.5], "texture": "#0"},
				"west": {"uv": [9, 7, 8, 7.5], "texture": "#0"},
				"up": {"uv": [5.5, 10.5, 6, 9.5], "texture": "#0"},
				"down": {"uv": [6, 9.5, 6.5, 10.5], "texture": "#0"}
			}
		},
		{
			"from": [9.456, 10.65748, 13.04294],
			"to": [10.093, 11.56748, 15.31794],
			"rotation": {"angle": -22.5, "axis": "x", "origin": [9.7745, 10.68646, 10.6854]},
			"faces": {
				"north": {"uv": [6.5, 13, 6, 13.5], "texture": "#0"},
				"east": {"uv": [11, 10, 10, 10.5], "texture": "#0"},
				"south": {"uv": [13.5, 6, 13, 6.5], "texture": "#0"},
				"west": {"uv": [11, 9.5, 10, 10], "texture": "#0"},
				"up": {"uv": [6, 13, 6.5, 12], "texture": "#0"},
				"down": {"uv": [6.5, 12, 7, 13], "texture": "#0"}
			}
		},
		{
			"from": [8.728, 9.43907, 4.64571],
			"to": [10.002, 10.44007, 7.46671],
			"rotation": {"angle": -22.5, "axis": "x", "origin": [8, 9.43907, 9.19571]},
			"faces": {
				"north": {"uv": [0.5, 11.5, 0, 12], "texture": "#0"},
				"east": {"uv": [9.5, 9.5, 8.5, 10], "texture": "#0"},
				"south": {"uv": [12, 0, 11.5, 0.5], "texture": "#0"},
				"west": {"uv": [10.5, 8, 9.5, 8.5], "texture": "#0"},
				"up": {"uv": [8, 9, 8.5, 8], "texture": "#0"},
				"down": {"uv": [0.5, 8.5, 1, 9.5], "texture": "#0"}
			}
		},
		{
			"from": [10.366, 6.60421, 9.76306],
			"to": [11.367, 7.87821, 12.22006],
			"rotation": {"angle": -45, "axis": "x", "origin": [10.8665, 8.15121, 7.85206]},
			"faces": {
				"north": {"uv": [1, 11.5, 0.5, 12], "texture": "#0"},
				"east": {"uv": [10, 6, 9, 6.5], "texture": "#0"},
				"south": {"uv": [12, 0.5, 11.5, 1], "texture": "#0"},
				"west": {"uv": [7, 9, 6, 9.5], "texture": "#0"},
				"up": {"uv": [9, 11, 9.5, 10], "texture": "#0"},
				"down": {"uv": [0, 10.5, 0.5, 11.5], "texture": "#0"}
			}
		},
		{
			"from": [10.548, 9.70886, 11.69764],
			"to": [11.185, 10.61886, 13.97264],
			"rotation": {"angle": -22.5, "axis": "x", "origin": [10.8665, 9.66336, 10.65114]},
			"faces": {
				"north": {"uv": [7, 13, 6.5, 13.5], "texture": "#0"},
				"east": {"uv": [1.5, 10.5, 0.5, 11], "texture": "#0"},
				"south": {"uv": [13.5, 6.5, 13, 7], "texture": "#0"},
				"west": {"uv": [11.5, 0, 10.5, 0.5], "texture": "#0"},
				"up": {"uv": [12, 7.5, 12.5, 6.5], "texture": "#0"},
				"down": {"uv": [7, 12, 7.5, 13], "texture": "#0"}
			}
		},
		{
			"from": [6.362, 5.93557, 2.68921],
			"to": [7.272, 7.39157, 3.59921],
			"rotation": {"angle": 22.5, "axis": "x", "origin": [8, 6.52707, 1.77921]},
			"faces": {
				"north": {"uv": [11.5, 4, 12, 4.5], "texture": "#0"},
				"east": {"uv": [4.5, 11.5, 5, 12], "texture": "#0"},
				"south": {"uv": [11.5, 4.5, 12, 5], "texture": "#0"},
				"west": {"uv": [5, 11.5, 5.5, 12], "texture": "#0"},
				"up": {"uv": [13, 11.5, 12.5, 11], "texture": "#0"},
				"down": {"uv": [13, 11.5, 12.5, 12], "texture": "#0"}
			}
		},
		{
			"from": [6.089, 6.57257, 4.41821],
			"to": [6.999, 8.02857, 5.32821],
			"rotation": {"angle": 22.5, "axis": "x", "origin": [8, 6.52707, 1.77921]},
			"faces": {
				"north": {"uv": [5.5, 11.5, 6, 12], "texture": "#0"},
				"east": {"uv": [6, 11.5, 6.5, 12], "texture": "#0"},
				"south": {"uv": [11.5, 6, 12, 6.5], "texture": "#0"},
				"west": {"uv": [6.5, 11.5, 7, 12], "texture": "#0"},
				"up": {"uv": [13, 12.5, 12.5, 12], "texture": "#0"},
				"down": {"uv": [13, 12.5, 12.5, 13], "texture": "#0"}
			}
		},
		{
			"from": [5.725, 5.14767, 6.2987],
			"to": [6.635, 6.60367, 7.2087],
			"rotation": {"angle": -22.5, "axis": "z", "origin": [6.544, 6.05767, 4.9337]},
			"faces": {
				"north": {"uv": [11.5, 6.5, 12, 7], "texture": "#0"},
				"east": {"uv": [7, 11.5, 7.5, 12], "texture": "#0"},
				"south": {"uv": [11.5, 7, 12, 7.5], "texture": "#0"},
				"west": {"uv": [7.5, 11.5, 8, 12], "texture": "#0"},
				"up": {"uv": [13.5, 0.5, 13, 0], "texture": "#0"},
				"down": {"uv": [13.5, 0.5, 13, 1], "texture": "#0"}
			}
		},
		{
			"from": [9.001, 6.57257, 4.41821],
			"to": [9.911, 8.02857, 5.32821],
			"rotation": {"angle": 22.5, "axis": "x", "origin": [8, 6.52707, 1.77921]},
			"faces": {
				"north": {"uv": [11.5, 7.5, 12, 8], "texture": "#0"},
				"east": {"uv": [8, 11.5, 8.5, 12], "texture": "#0"},
				"south": {"uv": [11.5, 8, 12, 8.5], "texture": "#0"},
				"west": {"uv": [8.5, 11.5, 9, 12], "texture": "#0"},
				"up": {"uv": [1.5, 13.5, 1, 13], "texture": "#0"},
				"down": {"uv": [13.5, 1, 13, 1.5], "texture": "#0"}
			}
		},
		{
			"from": [8.728, 5.93557, 2.68921],
			"to": [9.638, 7.39157, 3.59921],
			"rotation": {"angle": 22.5, "axis": "x", "origin": [8, 6.52707, 1.77921]},
			"faces": {
				"north": {"uv": [11.5, 8.5, 12, 9], "texture": "#0"},
				"east": {"uv": [9, 11.5, 9.5, 12], "texture": "#0"},
				"south": {"uv": [11.5, 9, 12, 9.5], "texture": "#0"},
				"west": {"uv": [9.5, 11.5, 10, 12], "texture": "#0"},
				"up": {"uv": [2, 13.5, 1.5, 13], "texture": "#0"},
				"down": {"uv": [13.5, 1.5, 13, 2], "texture": "#0"}
			}
		},
		{
			"from": [9.365, 5.14767, 6.2987],
			"to": [10.275, 6.60367, 7.2087],
			"rotation": {"angle": 22.5, "axis": "z", "origin": [9.456, 6.05767, 4.9337]},
			"faces": {
				"north": {"uv": [11.5, 9.5, 12, 10], "texture": "#0"},
				"east": {"uv": [11.5, 10, 12, 10.5], "texture": "#0"},
				"south": {"uv": [10.5, 11.5, 11, 12], "texture": "#0"},
				"west": {"uv": [11.5, 10.5, 12, 11], "texture": "#0"},
				"up": {"uv": [2.5, 13.5, 2, 13], "texture": "#0"},
				"down": {"uv": [13.5, 2, 13, 2.5], "texture": "#0"}
			}
		},
		{
			"name": "eye",
			"from": [6.18, 7.75557, 5.73771],
			"to": [9.82, 8.39257, 6.64771],
			"rotation": {"angle": 0, "axis": "y", "origin": [10.73, 8.80207, 10.56071]},
			"faces": {
				"north": {"uv": [11, 5, 12, 5.5], "texture": "#0"},
				"east": {"uv": [9, 13, 9.5, 13.5], "texture": "#0"},
				"south": {"uv": [11, 5.5, 12, 6], "texture": "#0"},
				"west": {"uv": [13, 9, 13.5, 9.5], "texture": "#0"},
				"up": {"uv": [10, 4.5, 9, 4], "texture": "#0"},
				"down": {"uv": [5.5, 9, 4.875, 9.5], "texture": "#0"}
			}
		}
	],
	"display": {
		"head": {
			"translation": [0, -0.5, -8.25],
			"scale": [4, 4, 4]
		}
	},
	"groups": [
		{
			"name": "root",
			"origin": [8, 8, 8],
			"color": 0,
			"children": [
				{
					"name": "head",
					"origin": [8, 8, 8],
					"color": 0,
					"children": [
						{
							"name": "upper",
							"origin": [8, 8, 8],
							"color": 0,
							"children": [
								0,
								1,
								2,
								3,
								4,
								5,
								6,
								7,
								8,
								9,
								10,
								11,
								{
									"name": "horne_l",
									"origin": [8, 8, 8],
									"color": 0,
									"children": [
										{
											"name": "group",
											"origin": [6.875, 14.08996, -10.29977],
											"color": 0,
											"children": [12, 13]
										},
										{
											"name": "group",
											"origin": [7.325, 15.25, -12.275],
											"color": 0,
											"children": [14, 15, 16]
										},
										{
											"name": "group",
											"origin": [6.875, 14.08996, -10.29977],
											"color": 0,
											"children": [17, 18]
										},
										{
											"name": "group",
											"origin": [7.225, 14.94619, -10.51913],
											"color": 0,
											"children": [19, 20, 21, 22]
										},
										{
											"name": "group",
											"origin": [8, 14.9, -10.5],
											"color": 0,
											"children": [23, 24, 25, 26, 27]
										},
										{
											"name": "group",
											"origin": [7.025, 15.82324, -9.00031],
											"color": 0,
											"children": [28]
										}
									]
								},
								{
									"name": "horne_r",
									"origin": [8, 8, 8],
									"color": 0,
									"children": [
										{
											"name": "group",
											"origin": [6.875, 14.08996, -10.29977],
											"color": 0,
											"children": [29, 30]
										},
										{
											"name": "group",
											"origin": [7.325, 15.25, -12.275],
											"color": 0,
											"children": [31, 32, 33]
										},
										{
											"name": "group",
											"origin": [6.875, 14.08996, -10.29977],
											"color": 0,
											"children": [34, 35]
										},
										{
											"name": "group",
											"origin": [7.225, 14.94619, -10.51913],
											"color": 0,
											"children": [36, 37, 38, 39]
										},
										{
											"name": "group",
											"origin": [8, 14.9, -10.5],
											"color": 0,
											"children": [40, 41, 42, 43, 44, 45]
										},
										{
											"name": "group",
											"origin": [7.025, 15.82324, -9.00031],
											"color": 0,
											"children": [46, 47]
										}
									]
								},
								{
									"name": "group",
									"origin": [8, 8, 8],
									"color": 0,
									"children": [48, 49, 50, 51, 52, 53]
								},
								54
							]
						}
					]
				}
			]
		}
	]
}