{
	"credit": "Made with Blockbench",
	"texture_size": [32, 32],
	"textures": {
		"0": "kushala/head",
		"particle": "kushala/head"
	},
	"elements": [
		{
			"from": [5.36684, 23.10204, 6.95318],
			"to": [9.48936, 24.23772, 10.38862],
			"rotation": {"angle": 22.5, "axis": "x", "origin": [7.73729, 16.39151, 3.81365]},
			"faces": {
				"north": {"uv": [9.63256, 0.25, 8.5, 0.562], "rotation": 180, "texture": "#0"},
				"east": {"uv": [9.5, 1.75, 8.5, 3], "texture": "#0"},
				"south": {"uv": [9.5, 1.75, 8.5, 3], "texture": "#0"},
				"west": {"uv": [9.5, 1.75, 8.5, 3], "texture": "#0"},
				"up": {"uv": [9.5, 1.75, 8.5, 3], "texture": "#0"},
				"down": {"uv": [9.5, 1.75, 8.5, 3], "texture": "#0"}
			}
		},
		{
			"from": [5.36684, 14.86836, 6.43266],
			"to": [10.17644, 23.10204, 11.24227],
			"rotation": {"angle": 22.5, "axis": "x", "origin": [7.73729, 16.39151, 3.81365]},
			"faces": {
				"north": {"uv": [1, 0.25, 0, 1.5], "texture": "#0"},
				"east": {"uv": [1, 0.25, 0, 1.5], "texture": "#0"},
				"south": {"uv": [1, 0.25, 0, 1.5], "texture": "#0"},
				"west": {"uv": [1, 0.25, 0, 1.5], "texture": "#0"},
				"up": {"uv": [1, 0.25, 0, 1.5], "texture": "#0"},
				"down": {"uv": [1, 0.25, 0, 1.5], "texture": "#0"}
			}
		},
		{
			"from": [5.74161, 13.44876, 6.95318],
			"to": [9.80167, 15.34156, 10.38862],
			"rotation": {"angle": 22.5, "axis": "x", "origin": [7.73729, 16.39151, 3.81365]},
			"faces": {
				"north": {"uv": [1, 0.375, 0, 1.625], "texture": "#0"},
				"east": {"uv": [1, 0.375, 0, 1.625], "texture": "#0"},
				"south": {"uv": [1, 0.375, 0, 1.625], "texture": "#0"},
				"west": {"uv": [1, 0.375, 0, 1.625], "texture": "#0"},
				"up": {"uv": [1, 0.375, 0, 1.625], "texture": "#0"},
				"down": {"uv": [1, 0.375, 0, 1.625], "texture": "#0"}
			}
		},
		{
			"from": [6.05393, 17.23436, 5.05849],
			"to": [9.48936, 21.68244, 6.95318],
			"rotation": {"angle": 22.5, "axis": "x", "origin": [7.73729, 16.39151, 3.81365]},
			"faces": {
				"north": {"uv": [0.9438, 0.25, 0, 1.472], "rotation": 180, "texture": "#0"},
				"east": {"uv": [9.5, 1.75, 8.5, 3], "texture": "#0"},
				"south": {"uv": [9.5, 1.75, 8.5, 3], "texture": "#0"},
				"west": {"uv": [9.5, 1.75, 8.5, 3], "texture": "#0"},
				"up": {"uv": [9.5, 1.75, 8.5, 3], "texture": "#0"},
				"down": {"uv": [1, 0.375, 0, 1.625], "texture": "#0"}
			}
		}
	],
	"display": {
		"head": {
			"translation": [1, -42.25, -6],
			"scale": [4, 4, 4]
		}
	},
	"groups": [
		{
			"name": "root",
			"origin": [8, 8, 8],
			"color": 0,
			"children": [
				{
					"name": "leg_l",
					"origin": [8, 8, 8],
					"color": 0,
					"children": [
						{
							"name": "0",
							"origin": [8, 8, 8],
							"color": 0,
							"children": [0, 1, 2, 3]
						}
					]
				}
			]
		}
	]
}