{
	"credit": "Made with Blockbench",
	"texture_size": [32, 32],
	"textures": {
		"0": "kushala/head",
		"particle": "kushala/head"
	},
	"elements": [
		{
			"from": [6.26284, 10.94755, 7.24056],
			"to": [9.26482, 13.90031, 15.60674],
			"rotation": {"angle": 22.5, "axis": "x", "origin": [7.76383, 13.37033, 11.42365]},
			"faces": {
				"north": {"uv": [0.125, 2, 0.75, 0.5], "rotation": 270, "texture": "#0"},
				"east": {"uv": [0.125, 2, 0.75, 0.5], "rotation": 270, "texture": "#0"},
				"south": {"uv": [0.125, 2, 0.75, 0.5], "rotation": 270, "texture": "#0"},
				"west": {"uv": [0.125, 2, 0.75, 0.5], "rotation": 270, "texture": "#0"},
				"up": {"uv": [0.125, 2, 0.75, 0.5], "rotation": 270, "texture": "#0"},
				"down": {"uv": [0.125, 2, 0.75, 0.5], "rotation": 270, "texture": "#0"}
			}
		}
	],
	"display": {
		"head": {
			"translation": [1, -29.25, -2],
			"scale": [4, 4, 4]
		}
	},
	"groups": [
		{
			"name": "root",
			"origin": [8, 8, 8],
			"color": 0,
			"children": [
				{
					"name": "leg_l",
					"origin": [8, 8, 8],
					"color": 0,
					"children": [
						{
							"name": "1",
							"origin": [8, 8, 8],
							"color": 0,
							"children": [0]
						}
					]
				}
			]
		}
	]
}