{
	"credit": "Made with Blockbench",
	"texture_size": [32, 32],
	"textures": {
		"0": "kushala/head",
		"particle": "kushala/head"
	},
	"elements": [
		{
			"from": [6.31868, 5.38124, 11.85454],
			"to": [9.06324, 12.57388, 14.73159],
			"rotation": {"angle": 22.5, "axis": "x", "origin": [7.69096, 10.63376, 13.10379]},
			"faces": {
				"north": {"uv": [0.754, 0, 0, 1.976], "rotation": 180, "texture": "#0"},
				"east": {"uv": [1, 1.5, 0, 3], "rotation": 180, "texture": "#0"},
				"south": {"uv": [1, 1.5, 0, 3], "rotation": 180, "texture": "#0"},
				"west": {"uv": [1, 1.5, 0, 3], "rotation": 180, "texture": "#0"},
				"up": {"uv": [1, 1.5, 0, 3], "rotation": 180, "texture": "#0"},
				"down": {"uv": [1, 1.5, 0, 3], "rotation": 180, "texture": "#0"}
			}
		},
		{
			"from": [5.59634, 4.13863, 7.10107],
			"to": [9.69803, 6.67877, 12.09806],
			"rotation": {"angle": 0, "axis": "y", "origin": [24.4808, 3.24333, -21.06947]},
			"faces": {
				"north": {"uv": [0.69784, 0, 0, 1.12684], "rotation": 180, "texture": "#0"},
				"east": {"uv": [0, 3, 1, 1.5], "rotation": 90, "texture": "#0"},
				"south": {"uv": [0, 3, 1, 1.5], "rotation": 90, "texture": "#0"},
				"west": {"uv": [0, 3, 1, 1.5], "rotation": 90, "texture": "#0"},
				"up": {"uv": [0, 3, 1, 1.5], "rotation": 90, "texture": "#0"},
				"down": {"uv": [0, 3, 1, 1.5], "rotation": 90, "texture": "#0"}
			}
		},
		{
			"from": [6.11686, 4.13863, 12.09806],
			"to": [9.17751, 6.67877, 13.1391],
			"rotation": {"angle": 0, "axis": "y", "origin": [24.4808, 3.24333, -21.06947]},
			"faces": {
				"north": {"uv": [0.69784, 0, 0, 0.84084], "rotation": 180, "texture": "#0"},
				"east": {"uv": [0, 3, 1, 1.5], "rotation": 90, "texture": "#0"},
				"south": {"uv": [0, 3, 1, 1.5], "rotation": 90, "texture": "#0"},
				"west": {"uv": [0, 3, 1, 1.5], "rotation": 90, "texture": "#0"},
				"up": {"uv": [0, 3, 1, 1.5], "rotation": 90, "texture": "#0"},
				"down": {"uv": [0, 3, 1, 1.5], "rotation": 90, "texture": "#0"}
			}
		},
		{
			"from": [8.66241, 4.30874, 5.79257],
			"to": [10.08055, 6.24741, 7.70808],
			"rotation": {"angle": 0, "axis": "y", "origin": [7.64718, 4.9895, 5.63116]},
			"faces": {
				"north": {"uv": [0.5326, 0, 0, 0.3896], "rotation": 180, "texture": "#0"},
				"east": {"uv": [0, 3, 1, 1.5], "rotation": 90, "texture": "#0"},
				"south": {"uv": [0, 3, 1, 1.5], "rotation": 90, "texture": "#0"},
				"west": {"uv": [0, 3, 1, 1.5], "rotation": 90, "texture": "#0"},
				"up": {"uv": [0, 3, 1, 1.5], "rotation": 90, "texture": "#0"},
				"down": {"uv": [0, 3, 1, 1.5], "rotation": 90, "texture": "#0"}
			}
		},
		{
			"from": [8.85149, 4.49298, 4.74125],
			"to": [9.89147, 5.74117, 6.65676],
			"rotation": {"angle": -45, "axis": "x", "origin": [7.64718, 4.9895, 5.63116]},
			"faces": {
				"north": {"uv": [11.75, 8.5, 11.375, 9], "texture": "#0"},
				"east": {"uv": [11.75, 8.5, 11.375, 9], "texture": "#0"},
				"south": {"uv": [11.75, 8.5, 11.375, 9], "texture": "#0"},
				"west": {"uv": [11.75, 8.5, 11.375, 9], "texture": "#0"},
				"up": {"uv": [11.75, 8.5, 11.375, 9], "texture": "#0"},
				"down": {"uv": [11.75, 8.5, 11.375, 9], "texture": "#0"}
			}
		},
		{
			"from": [9.0019, 3.23654, 4.67061],
			"to": [9.75538, 4.56907, 5.42409],
			"rotation": {"angle": 22.5, "axis": "x", "origin": [7.64718, 4.9895, 5.63116]},
			"faces": {
				"north": {"uv": [11.375, 9, 11.75, 8.5], "rotation": 270, "texture": "#0"},
				"east": {"uv": [11.375, 9, 11.75, 8.5], "rotation": 270, "texture": "#0"},
				"south": {"uv": [11.375, 9, 11.75, 8.5], "rotation": 270, "texture": "#0"},
				"west": {"uv": [11.375, 9, 11.75, 8.5], "rotation": 270, "texture": "#0"},
				"up": {"uv": [11.375, 9, 11.75, 8.5], "rotation": 270, "texture": "#0"},
				"down": {"uv": [11.375, 9, 11.75, 8.5], "rotation": 270, "texture": "#0"}
			}
		},
		{
			"from": [9.18293, 4.30874, 9.43621],
			"to": [10.60107, 6.24741, 11.35172],
			"rotation": {"angle": 0, "axis": "y", "origin": [8.1677, 4.9895, 9.2748]},
			"faces": {
				"north": {"uv": [0.5326, 0, 0, 0.3896], "rotation": 180, "texture": "#0"},
				"east": {"uv": [0, 3, 1, 1.5], "rotation": 90, "texture": "#0"},
				"south": {"uv": [0, 3, 1, 1.5], "rotation": 90, "texture": "#0"},
				"west": {"uv": [0, 3, 1, 1.5], "rotation": 90, "texture": "#0"},
				"up": {"uv": [0, 3, 1, 1.5], "rotation": 90, "texture": "#0"},
				"down": {"uv": [0, 3, 1, 1.5], "rotation": 90, "texture": "#0"}
			}
		},
		{
			"from": [9.37201, 4.49298, 8.38489],
			"to": [10.41199, 5.74117, 10.3004],
			"rotation": {"angle": -45, "axis": "x", "origin": [8.1677, 4.9895, 9.2748]},
			"faces": {
				"north": {"uv": [11.75, 8.5, 11.375, 9], "texture": "#0"},
				"east": {"uv": [11.75, 8.5, 11.375, 9], "texture": "#0"},
				"south": {"uv": [11.75, 8.5, 11.375, 9], "texture": "#0"},
				"west": {"uv": [11.75, 8.5, 11.375, 9], "texture": "#0"},
				"up": {"uv": [11.75, 8.5, 11.375, 9], "texture": "#0"},
				"down": {"uv": [11.75, 8.5, 11.375, 9], "texture": "#0"}
			}
		},
		{
			"from": [9.52242, 3.23654, 8.31425],
			"to": [10.2759, 4.56907, 9.06773],
			"rotation": {"angle": 22.5, "axis": "x", "origin": [8.1677, 4.9895, 9.2748]},
			"faces": {
				"north": {"uv": [11.375, 9, 11.75, 8.5], "rotation": 270, "texture": "#0"},
				"east": {"uv": [11.375, 9, 11.75, 8.5], "rotation": 270, "texture": "#0"},
				"south": {"uv": [11.375, 9, 11.75, 8.5], "rotation": 270, "texture": "#0"},
				"west": {"uv": [11.375, 9, 11.75, 8.5], "rotation": 270, "texture": "#0"},
				"up": {"uv": [11.375, 9, 11.75, 8.5], "rotation": 270, "texture": "#0"},
				"down": {"uv": [11.375, 9, 11.75, 8.5], "rotation": 270, "texture": "#0"}
			}
		},
		{
			"from": [6.93811, 4.30874, 5.79257],
			"to": [8.35626, 6.24741, 7.70808],
			"rotation": {"angle": 0, "axis": "y", "origin": [7.64718, 4.9895, 5.63116]},
			"faces": {
				"north": {"uv": [0.5326, 0, 0, 0.3896], "rotation": 180, "texture": "#0"},
				"east": {"uv": [0, 3, 1, 1.5], "rotation": 90, "texture": "#0"},
				"south": {"uv": [0, 3, 1, 1.5], "rotation": 90, "texture": "#0"},
				"west": {"uv": [0, 3, 1, 1.5], "rotation": 90, "texture": "#0"},
				"up": {"uv": [0, 3, 1, 1.5], "rotation": 90, "texture": "#0"},
				"down": {"uv": [0, 3, 1, 1.5], "rotation": 90, "texture": "#0"}
			}
		},
		{
			"from": [7.1272, 4.49298, 4.74125],
			"to": [8.16717, 5.74117, 6.65676],
			"rotation": {"angle": -45, "axis": "x", "origin": [7.64718, 4.9895, 5.63116]},
			"faces": {
				"north": {"uv": [11.75, 8.5, 11.375, 9], "texture": "#0"},
				"east": {"uv": [11.75, 8.5, 11.375, 9], "texture": "#0"},
				"south": {"uv": [11.75, 8.5, 11.375, 9], "texture": "#0"},
				"west": {"uv": [11.75, 8.5, 11.375, 9], "texture": "#0"},
				"up": {"uv": [11.75, 8.5, 11.375, 9], "texture": "#0"},
				"down": {"uv": [11.75, 8.5, 11.375, 9], "texture": "#0"}
			}
		},
		{
			"from": [7.27044, 3.23654, 4.67061],
			"to": [8.02392, 4.56907, 5.42409],
			"rotation": {"angle": 22.5, "axis": "x", "origin": [7.64718, 4.9895, 5.63116]},
			"faces": {
				"north": {"uv": [11.375, 9, 11.75, 8.5], "rotation": 270, "texture": "#0"},
				"east": {"uv": [11.375, 9, 11.75, 8.5], "rotation": 270, "texture": "#0"},
				"south": {"uv": [11.375, 9, 11.75, 8.5], "rotation": 270, "texture": "#0"},
				"west": {"uv": [11.375, 9, 11.75, 8.5], "rotation": 270, "texture": "#0"},
				"up": {"uv": [11.375, 9, 11.75, 8.5], "rotation": 270, "texture": "#0"},
				"down": {"uv": [11.375, 9, 11.75, 8.5], "rotation": 270, "texture": "#0"}
			}
		},
		{
			"from": [5.21382, 4.30874, 5.79257],
			"to": [6.63196, 6.24741, 7.70808],
			"rotation": {"angle": 0, "axis": "y", "origin": [7.64718, 4.9895, 5.63116]},
			"faces": {
				"north": {"uv": [0.5326, 0, 0, 0.3896], "rotation": 180, "texture": "#0"},
				"east": {"uv": [0, 3, 1, 1.5], "rotation": 90, "texture": "#0"},
				"south": {"uv": [0, 3, 1, 1.5], "rotation": 90, "texture": "#0"},
				"west": {"uv": [0, 3, 1, 1.5], "rotation": 90, "texture": "#0"},
				"up": {"uv": [0, 3, 1, 1.5], "rotation": 90, "texture": "#0"},
				"down": {"uv": [0, 3, 1, 1.5], "rotation": 90, "texture": "#0"}
			}
		},
		{
			"from": [5.4029, 4.49298, 4.74125],
			"to": [6.44288, 5.74117, 6.65676],
			"rotation": {"angle": -45, "axis": "x", "origin": [7.64718, 4.9895, 5.63116]},
			"faces": {
				"north": {"uv": [11.75, 8.5, 11.375, 9], "texture": "#0"},
				"east": {"uv": [11.75, 8.5, 11.375, 9], "texture": "#0"},
				"south": {"uv": [11.75, 8.5, 11.375, 9], "texture": "#0"},
				"west": {"uv": [11.75, 8.5, 11.375, 9], "texture": "#0"},
				"up": {"uv": [11.75, 8.5, 11.375, 9], "texture": "#0"},
				"down": {"uv": [11.75, 8.5, 11.375, 9], "texture": "#0"}
			}
		},
		{
			"from": [5.53899, 3.23654, 4.67061],
			"to": [6.29247, 4.56907, 5.42409],
			"rotation": {"angle": 22.5, "axis": "x", "origin": [7.64718, 4.9895, 5.63116]},
			"faces": {
				"north": {"uv": [11.375, 9, 11.75, 8.5], "rotation": 270, "texture": "#0"},
				"east": {"uv": [11.375, 9, 11.75, 8.5], "rotation": 270, "texture": "#0"},
				"south": {"uv": [11.375, 9, 11.75, 8.5], "rotation": 270, "texture": "#0"},
				"west": {"uv": [11.375, 9, 11.75, 8.5], "rotation": 270, "texture": "#0"},
				"up": {"uv": [11.375, 9, 11.75, 8.5], "rotation": 270, "texture": "#0"},
				"down": {"uv": [11.375, 9, 11.75, 8.5], "rotation": 270, "texture": "#0"}
			}
		}
	],
	"display": {
		"head": {
			"translation": [1, -20.25, -22],
			"scale": [4, 4, 4]
		}
	},
	"groups": [
		{
			"name": "root",
			"origin": [8, 8, 8],
			"color": 0,
			"children": [
				{
					"name": "leg_l",
					"origin": [8, 8, 8],
					"color": 0,
					"children": [
						{
							"name": "2",
							"origin": [8, 8, 8],
							"color": 0,
							"children": [
								0,
								1,
								2,
								{
									"name": "group",
									"origin": [5.0635, 4.87884, 7.77597],
									"color": 0,
									"children": [3, 4, 5]
								},
								{
									"name": "group",
									"origin": [5.0635, 4.87884, 7.77597],
									"color": 0,
									"children": [6, 7, 8]
								},
								{
									"name": "group",
									"origin": [5.0635, 4.87884, 7.77597],
									"color": 0,
									"children": [9, 10, 11]
								},
								{
									"name": "group",
									"origin": [5.0635, 4.87884, 7.77597],
									"color": 0,
									"children": [12, 13, 14]
								}
							]
						}
					]
				}
			]
		}
	]
}