{
	"credit": "Made with Blockbench",
	"texture_size": [32, 32],
	"textures": {
		"0": "kushala/head",
		"particle": "kushala/head"
	},
	"elements": [
		{
			"from": [6.93676, 5.38124, 11.85454],
			"to": [9.68132, 12.57388, 14.73159],
			"rotation": {"angle": 22.5, "axis": "x", "origin": [8.30904, 10.63376, 13.10379]},
			"faces": {
				"north": {"uv": [0, 0, 0.754, 1.976], "rotation": 180, "texture": "#0"},
				"east": {"uv": [0, 1.5, 1, 3], "rotation": 180, "texture": "#0"},
				"south": {"uv": [0, 1.5, 1, 3], "rotation": 180, "texture": "#0"},
				"west": {"uv": [0, 1.5, 1, 3], "rotation": 180, "texture": "#0"},
				"up": {"uv": [0, 1.5, 1, 3], "rotation": 180, "texture": "#0"},
				"down": {"uv": [0, 1.5, 1, 3], "rotation": 180, "texture": "#0"}
			}
		},
		{
			"from": [6.30197, 4.13863, 7.10107],
			"to": [10.40366, 6.67877, 12.09806],
			"rotation": {"angle": 0, "axis": "y", "origin": [-8.4808, 3.24333, -21.06947]},
			"faces": {
				"north": {"uv": [0, 0, 0.69784, 1.12684], "rotation": 180, "texture": "#0"},
				"east": {"uv": [0, 1.5, 1, 3], "rotation": 90, "texture": "#0"},
				"south": {"uv": [0, 1.5, 1, 3], "rotation": 90, "texture": "#0"},
				"west": {"uv": [0, 1.5, 1, 3], "rotation": 90, "texture": "#0"},
				"up": {"uv": [0, 1.5, 1, 3], "rotation": 90, "texture": "#0"},
				"down": {"uv": [0, 1.5, 1, 3], "rotation": 90, "texture": "#0"}
			}
		},
		{
			"from": [6.82249, 4.13863, 12.09806],
			"to": [9.88314, 6.67877, 13.1391],
			"rotation": {"angle": 0, "axis": "y", "origin": [-8.4808, 3.24333, -21.06947]},
			"faces": {
				"north": {"uv": [0, 0, 0.69784, 0.84084], "rotation": 180, "texture": "#0"},
				"east": {"uv": [0, 1.5, 1, 3], "rotation": 90, "texture": "#0"},
				"south": {"uv": [0, 1.5, 1, 3], "rotation": 90, "texture": "#0"},
				"west": {"uv": [0, 1.5, 1, 3], "rotation": 90, "texture": "#0"},
				"up": {"uv": [0, 1.5, 1, 3], "rotation": 90, "texture": "#0"},
				"down": {"uv": [0, 1.5, 1, 3], "rotation": 90, "texture": "#0"}
			}
		},
		{
			"from": [5.91945, 4.30874, 5.79257],
			"to": [7.33759, 6.24741, 7.70808],
			"rotation": {"angle": 0, "axis": "y", "origin": [8.35282, 4.9895, 5.63116]},
			"faces": {
				"north": {"uv": [0, 0, 0.5326, 0.3896], "rotation": 180, "texture": "#0"},
				"east": {"uv": [0, 1.5, 1, 3], "rotation": 90, "texture": "#0"},
				"south": {"uv": [0, 1.5, 1, 3], "rotation": 90, "texture": "#0"},
				"west": {"uv": [0, 1.5, 1, 3], "rotation": 90, "texture": "#0"},
				"up": {"uv": [0, 1.5, 1, 3], "rotation": 90, "texture": "#0"},
				"down": {"uv": [0, 1.5, 1, 3], "rotation": 90, "texture": "#0"}
			}
		},
		{
			"from": [6.10853, 4.49298, 4.74125],
			"to": [7.14851, 5.74117, 6.65676],
			"rotation": {"angle": -45, "axis": "x", "origin": [8.35282, 4.9895, 5.63116]},
			"faces": {
				"north": {"uv": [11.375, 8.5, 11.75, 9], "texture": "#0"},
				"east": {"uv": [11.375, 8.5, 11.75, 9], "texture": "#0"},
				"south": {"uv": [11.375, 8.5, 11.75, 9], "texture": "#0"},
				"west": {"uv": [11.375, 8.5, 11.75, 9], "texture": "#0"},
				"up": {"uv": [11.375, 8.5, 11.75, 9], "texture": "#0"},
				"down": {"uv": [11.375, 8.5, 11.75, 9], "texture": "#0"}
			}
		},
		{
			"from": [6.24462, 3.23654, 4.67061],
			"to": [6.9981, 4.56907, 5.42409],
			"rotation": {"angle": 22.5, "axis": "x", "origin": [8.35282, 4.9895, 5.63116]},
			"faces": {
				"north": {"uv": [11.375, 8.5, 11.75, 9], "rotation": 270, "texture": "#0"},
				"east": {"uv": [11.375, 8.5, 11.75, 9], "rotation": 270, "texture": "#0"},
				"south": {"uv": [11.375, 8.5, 11.75, 9], "rotation": 270, "texture": "#0"},
				"west": {"uv": [11.375, 8.5, 11.75, 9], "rotation": 270, "texture": "#0"},
				"up": {"uv": [11.375, 8.5, 11.75, 9], "rotation": 270, "texture": "#0"},
				"down": {"uv": [11.375, 8.5, 11.75, 9], "rotation": 270, "texture": "#0"}
			}
		},
		{
			"from": [5.39893, 4.30874, 9.43621],
			"to": [6.81707, 6.24741, 11.35172],
			"rotation": {"angle": 0, "axis": "y", "origin": [7.8323, 4.9895, 9.2748]},
			"faces": {
				"north": {"uv": [0, 0, 0.5326, 0.3896], "rotation": 180, "texture": "#0"},
				"east": {"uv": [0, 1.5, 1, 3], "rotation": 90, "texture": "#0"},
				"south": {"uv": [0, 1.5, 1, 3], "rotation": 90, "texture": "#0"},
				"west": {"uv": [0, 1.5, 1, 3], "rotation": 90, "texture": "#0"},
				"up": {"uv": [0, 1.5, 1, 3], "rotation": 90, "texture": "#0"},
				"down": {"uv": [0, 1.5, 1, 3], "rotation": 90, "texture": "#0"}
			}
		},
		{
			"from": [5.58801, 4.49298, 8.38489],
			"to": [6.62799, 5.74117, 10.3004],
			"rotation": {"angle": -45, "axis": "x", "origin": [7.8323, 4.9895, 9.2748]},
			"faces": {
				"north": {"uv": [11.375, 8.5, 11.75, 9], "texture": "#0"},
				"east": {"uv": [11.375, 8.5, 11.75, 9], "texture": "#0"},
				"south": {"uv": [11.375, 8.5, 11.75, 9], "texture": "#0"},
				"west": {"uv": [11.375, 8.5, 11.75, 9], "texture": "#0"},
				"up": {"uv": [11.375, 8.5, 11.75, 9], "texture": "#0"},
				"down": {"uv": [11.375, 8.5, 11.75, 9], "texture": "#0"}
			}
		},
		{
			"from": [5.7241, 3.23654, 8.31425],
			"to": [6.47758, 4.56907, 9.06773],
			"rotation": {"angle": 22.5, "axis": "x", "origin": [7.8323, 4.9895, 9.2748]},
			"faces": {
				"north": {"uv": [11.375, 8.5, 11.75, 9], "rotation": 270, "texture": "#0"},
				"east": {"uv": [11.375, 8.5, 11.75, 9], "rotation": 270, "texture": "#0"},
				"south": {"uv": [11.375, 8.5, 11.75, 9], "rotation": 270, "texture": "#0"},
				"west": {"uv": [11.375, 8.5, 11.75, 9], "rotation": 270, "texture": "#0"},
				"up": {"uv": [11.375, 8.5, 11.75, 9], "rotation": 270, "texture": "#0"},
				"down": {"uv": [11.375, 8.5, 11.75, 9], "rotation": 270, "texture": "#0"}
			}
		},
		{
			"from": [7.64374, 4.30874, 5.79257],
			"to": [9.06189, 6.24741, 7.70808],
			"rotation": {"angle": 0, "axis": "y", "origin": [8.35282, 4.9895, 5.63116]},
			"faces": {
				"north": {"uv": [0, 0, 0.5326, 0.3896], "rotation": 180, "texture": "#0"},
				"east": {"uv": [0, 1.5, 1, 3], "rotation": 90, "texture": "#0"},
				"south": {"uv": [0, 1.5, 1, 3], "rotation": 90, "texture": "#0"},
				"west": {"uv": [0, 1.5, 1, 3], "rotation": 90, "texture": "#0"},
				"up": {"uv": [0, 1.5, 1, 3], "rotation": 90, "texture": "#0"},
				"down": {"uv": [0, 1.5, 1, 3], "rotation": 90, "texture": "#0"}
			}
		},
		{
			"from": [7.83283, 4.49298, 4.74125],
			"to": [8.8728, 5.74117, 6.65676],
			"rotation": {"angle": -45, "axis": "x", "origin": [8.35282, 4.9895, 5.63116]},
			"faces": {
				"north": {"uv": [11.375, 8.5, 11.75, 9], "texture": "#0"},
				"east": {"uv": [11.375, 8.5, 11.75, 9], "texture": "#0"},
				"south": {"uv": [11.375, 8.5, 11.75, 9], "texture": "#0"},
				"west": {"uv": [11.375, 8.5, 11.75, 9], "texture": "#0"},
				"up": {"uv": [11.375, 8.5, 11.75, 9], "texture": "#0"},
				"down": {"uv": [11.375, 8.5, 11.75, 9], "texture": "#0"}
			}
		},
		{
			"from": [7.97608, 3.23654, 4.67061],
			"to": [8.72956, 4.56907, 5.42409],
			"rotation": {"angle": 22.5, "axis": "x", "origin": [8.35282, 4.9895, 5.63116]},
			"faces": {
				"north": {"uv": [11.375, 8.5, 11.75, 9], "rotation": 270, "texture": "#0"},
				"east": {"uv": [11.375, 8.5, 11.75, 9], "rotation": 270, "texture": "#0"},
				"south": {"uv": [11.375, 8.5, 11.75, 9], "rotation": 270, "texture": "#0"},
				"west": {"uv": [11.375, 8.5, 11.75, 9], "rotation": 270, "texture": "#0"},
				"up": {"uv": [11.375, 8.5, 11.75, 9], "rotation": 270, "texture": "#0"},
				"down": {"uv": [11.375, 8.5, 11.75, 9], "rotation": 270, "texture": "#0"}
			}
		},
		{
			"from": [9.36804, 4.30874, 5.79257],
			"to": [10.78618, 6.24741, 7.70808],
			"rotation": {"angle": 0, "axis": "y", "origin": [8.35282, 4.9895, 5.63116]},
			"faces": {
				"north": {"uv": [0, 0, 0.5326, 0.3896], "rotation": 180, "texture": "#0"},
				"east": {"uv": [0, 1.5, 1, 3], "rotation": 90, "texture": "#0"},
				"south": {"uv": [0, 1.5, 1, 3], "rotation": 90, "texture": "#0"},
				"west": {"uv": [0, 1.5, 1, 3], "rotation": 90, "texture": "#0"},
				"up": {"uv": [0, 1.5, 1, 3], "rotation": 90, "texture": "#0"},
				"down": {"uv": [0, 1.5, 1, 3], "rotation": 90, "texture": "#0"}
			}
		},
		{
			"from": [9.55712, 4.49298, 4.74125],
			"to": [10.5971, 5.74117, 6.65676],
			"rotation": {"angle": -45, "axis": "x", "origin": [8.35282, 4.9895, 5.63116]},
			"faces": {
				"north": {"uv": [11.375, 8.5, 11.75, 9], "texture": "#0"},
				"east": {"uv": [11.375, 8.5, 11.75, 9], "texture": "#0"},
				"south": {"uv": [11.375, 8.5, 11.75, 9], "texture": "#0"},
				"west": {"uv": [11.375, 8.5, 11.75, 9], "texture": "#0"},
				"up": {"uv": [11.375, 8.5, 11.75, 9], "texture": "#0"},
				"down": {"uv": [11.375, 8.5, 11.75, 9], "texture": "#0"}
			}
		},
		{
			"from": [9.70753, 3.23654, 4.67061],
			"to": [10.46101, 4.56907, 5.42409],
			"rotation": {"angle": 22.5, "axis": "x", "origin": [8.35282, 4.9895, 5.63116]},
			"faces": {
				"north": {"uv": [11.375, 8.5, 11.75, 9], "rotation": 270, "texture": "#0"},
				"east": {"uv": [11.375, 8.5, 11.75, 9], "rotation": 270, "texture": "#0"},
				"south": {"uv": [11.375, 8.5, 11.75, 9], "rotation": 270, "texture": "#0"},
				"west": {"uv": [11.375, 8.5, 11.75, 9], "rotation": 270, "texture": "#0"},
				"up": {"uv": [11.375, 8.5, 11.75, 9], "rotation": 270, "texture": "#0"},
				"down": {"uv": [11.375, 8.5, 11.75, 9], "rotation": 270, "texture": "#0"}
			}
		}
	],
	"display": {
		"head": {
			"translation": [-1, -20.25, -22],
			"scale": [4, 4, 4]
		}
	},
	"groups": [
		{
			"name": "root",
			"origin": [8, 8, 8],
			"color": 0,
			"children": [
				{
					"name": "leg_l",
					"origin": [8, 8, 8],
					"color": 0,
					"children": [
						{
							"name": "2",
							"origin": [8, 8, 8],
							"color": 0,
							"children": [
								0,
								1,
								2,
								{
									"name": "group",
									"origin": [5.0635, 4.87884, 7.77597],
									"color": 0,
									"children": [3, 4, 5]
								},
								{
									"name": "group",
									"origin": [5.0635, 4.87884, 7.77597],
									"color": 0,
									"children": [6, 7, 8]
								},
								{
									"name": "group",
									"origin": [5.0635, 4.87884, 7.77597],
									"color": 0,
									"children": [9, 10, 11]
								},
								{
									"name": "group",
									"origin": [5.0635, 4.87884, 7.77597],
									"color": 0,
									"children": [12, 13, 14]
								}
							]
						}
					]
				}
			]
		}
	]
}