{
	"credit": "Made with Blockbench",
	"texture_size": [32, 32],
	"textures": {
		"0": "kushala/head",
		"particle": "kushala/head"
	},
	"elements": [
		{
			"from": [6.26771, 7.78795, 11.77856],
			"to": [9.73229, 9.74889, 21.7309],
			"rotation": {"angle": 0, "axis": "y", "origin": [8, 6.25478, 15.09853]},
			"faces": {
				"north": {"uv": [2, 9.75, 3, 10.5], "texture": "#0"},
				"east": {"uv": [4, 7.875, 5, 8.625], "texture": "#0"},
				"south": {"uv": [3, 7.875, 4, 8.625], "texture": "#0"},
				"west": {"uv": [2.625, 7.125, 3.625, 7.875], "texture": "#0"},
				"up": {"uv": [3.625, 6.375, 4.5, 7.875], "rotation": 90, "texture": "#0"},
				"down": {"uv": [2, 7.875, 3, 8.625], "texture": "#0"}
			}
		},
		{
			"from": [5.67716, 3.673, 11.77856],
			"to": [10.32284, 7.78795, 21.7309],
			"rotation": {"angle": 0, "axis": "y", "origin": [8, 6.25478, 15.09853]},
			"faces": {
				"north": {"uv": [2, 9.75, 3, 10.5], "texture": "#0"},
				"east": {"uv": [4, 7.875, 5, 8.625], "texture": "#0"},
				"south": {"uv": [3, 7.875, 4, 8.625], "texture": "#0"},
				"west": {"uv": [2.625, 7.125, 3.625, 7.875], "texture": "#0"},
				"up": {"uv": [3.625, 6.625, 4.5, 7.875], "texture": "#0"},
				"down": {"uv": [2, 7.875, 3, 8.625], "texture": "#0"}
			}
		},
		{
			"from": [6.46456, 2.01869, 11.77856],
			"to": [9.53544, 3.673, 21.7309],
			"rotation": {"angle": 0, "axis": "y", "origin": [8, 6.25478, 15.09853]},
			"faces": {
				"north": {"uv": [1, 6, 2, 7], "rotation": 180, "texture": "#0"},
				"east": {"uv": [0, 12.5, 1.5, 14], "rotation": 90, "texture": "#0"},
				"south": {"uv": [1, 6, 2, 7], "rotation": 180, "texture": "#0"},
				"west": {"uv": [1.5, 12.5, 0, 14], "rotation": 270, "texture": "#0"},
				"up": {"uv": [1, 6, 2, 7], "rotation": 180, "texture": "#0"},
				"down": {"uv": [0, 12.5, 1.5, 14], "rotation": 180, "texture": "#0"}
			}
		}
	],
	"display": {
		"head": {
			"translation": [0, 0, -50.25],
			"scale": [4, 4, 4]
		}
	},
	"groups": [
		{
			"name": "root",
			"origin": [8, 8, 8],
			"color": 0,
			"children": [
				{
					"name": "neck",
					"origin": [8, 8, 8],
					"color": 0,
					"children": [
						{
							"name": "2",
							"origin": [9.5, 10.5, -1.5],
							"color": 0,
							"children": [0, 1, 2]
						}
					]
				}
			]
		}
	]
}