{
	"credit": "Made with Blockbench",
	"texture_size": [32, 32],
	"textures": {
		"0": "kushala/head",
		"particle": "kushala/head"
	},
	"elements": [
		{
			"from": [6.52362, 7.7217, 0.13406],
			"to": [9.47638, 9.23594, 8.6668],
			"rotation": {"angle": 0, "axis": "y", "origin": [8, 8.85074, 4.85117]},
			"faces": {
				"north": {"uv": [2, 9.75, 3, 10.5], "texture": "#0"},
				"east": {"uv": [4, 7.875, 5, 8.625], "texture": "#0"},
				"south": {"uv": [3, 7.875, 4, 8.625], "texture": "#0"},
				"west": {"uv": [2.625, 7.125, 3.625, 7.875], "texture": "#0"},
				"up": {"uv": [3.625, 6.375, 4.5, 7.875], "rotation": 90, "texture": "#0"},
				"down": {"uv": [2, 7.875, 3, 8.625], "texture": "#0"}
			}
		},
		{
			"from": [5.95578, 4.4093, -0.81234],
			"to": [10.04422, 7.7217, 8.6668],
			"rotation": {"angle": 0, "axis": "y", "origin": [8, 8.85074, 4.85117]},
			"faces": {
				"north": {"uv": [2, 9.75, 3, 10.5], "texture": "#0"},
				"east": {"uv": [4, 7.875, 5, 8.625], "texture": "#0"},
				"south": {"uv": [3, 7.875, 4, 8.625], "texture": "#0"},
				"west": {"uv": [2.625, 7.125, 3.625, 7.875], "texture": "#0"},
				"up": {"uv": [3.625, 6.75, 4.375, 7.875], "texture": "#0"},
				"down": {"uv": [2, 7.875, 3, 8.625], "texture": "#0"}
			}
		},
		{
			"from": [6.52362, 3.27362, 0.13406],
			"to": [9.47638, 4.4093, 8.6668],
			"rotation": {"angle": 0, "axis": "y", "origin": [8, 8.85074, 4.85117]},
			"faces": {
				"north": {"uv": [1, 6, 2, 7], "rotation": 180, "texture": "#0"},
				"east": {"uv": [0, 12.5, 1.5, 14], "rotation": 90, "texture": "#0"},
				"south": {"uv": [1, 6, 2, 7], "rotation": 180, "texture": "#0"},
				"west": {"uv": [1.5, 12.5, 0, 14], "rotation": 270, "texture": "#0"},
				"up": {"uv": [1, 6, 2, 7], "rotation": 180, "texture": "#0"},
				"down": {"uv": [0, 12.5, 1.5, 14], "rotation": 180, "texture": "#0"}
			}
		},
		{
			"from": [7.47948, 7.50478, 4.91889],
			"to": [8.52052, 10.24934, 6.24385],
			"rotation": {"angle": 22.5, "axis": "x", "origin": [8, 8.37754, 5.32437]},
			"faces": {
				"north": {"uv": [3.5, 12.5, 4, 12.875], "rotation": 270, "texture": "#0"},
				"east": {"uv": [3.5, 12.5, 4, 12.875], "rotation": 270, "texture": "#0"},
				"south": {"uv": [3.5, 12.5, 4, 12.875], "rotation": 270, "texture": "#0"},
				"west": {"uv": [3.5, 12.5, 4, 12.875], "rotation": 270, "texture": "#0"},
				"up": {"uv": [3.5, 12.5, 4, 12.875], "rotation": 270, "texture": "#0"},
				"down": {"uv": [3.5, 12.5, 4, 12.875], "rotation": 270, "texture": "#0"}
			}
		},
		{
			"from": [7.66876, 8.37858, 6.97258],
			"to": [8.33124, 9.32498, 9.33858],
			"rotation": {"angle": -45, "axis": "x", "origin": [8, 8.37754, 5.32437]},
			"faces": {
				"north": {"uv": [3.5, 12.5, 4, 12.875], "texture": "#0"},
				"east": {"uv": [3.5, 12.5, 4, 12.875], "texture": "#0"},
				"south": {"uv": [3.5, 12.5, 4, 12.875], "texture": "#0"},
				"west": {"uv": [3.5, 12.5, 4, 12.875], "texture": "#0"},
				"up": {"uv": [3.5, 12.5, 4, 12.875], "texture": "#0"},
				"down": {"uv": [3.5, 12.5, 4, 12.875], "texture": "#0"}
			}
		},
		{
			"from": [6.5804, 9.79759, 3.22504],
			"to": [7.0536, 10.46007, 7.48384],
			"rotation": {"angle": -45, "axis": "x", "origin": [8, 8.85074, 4.85117]},
			"faces": {
				"north": {"uv": [3.5, 12.5, 4, 12.875], "texture": "#0"},
				"east": {"uv": [3.5, 12.5, 4, 12.875], "texture": "#0"},
				"south": {"uv": [3.5, 12.5, 4, 12.875], "texture": "#0"},
				"west": {"uv": [3.5, 12.5, 4, 12.875], "texture": "#0"},
				"up": {"uv": [3.5, 12.5, 4, 12.875], "texture": "#0"},
				"down": {"uv": [3.5, 12.5, 4, 12.875], "texture": "#0"}
			}
		},
		{
			"from": [6.5804, 8.37799, 3.98216],
			"to": [7.0536, 9.04047, 7.8624],
			"rotation": {"angle": -45, "axis": "x", "origin": [8, 8.85074, 4.85117]},
			"faces": {
				"north": {"uv": [3.5, 12.5, 4, 12.875], "texture": "#0"},
				"east": {"uv": [3.5, 12.5, 4, 12.875], "texture": "#0"},
				"south": {"uv": [3.5, 12.5, 4, 12.875], "texture": "#0"},
				"west": {"uv": [3.5, 12.5, 4, 12.875], "texture": "#0"},
				"up": {"uv": [3.5, 12.5, 4, 12.875], "texture": "#0"},
				"down": {"uv": [3.5, 12.5, 4, 12.875], "texture": "#0"}
			}
		},
		{
			"from": [7.47948, 7.58597, 2.91127],
			"to": [8.52052, 10.33053, 4.23623],
			"rotation": {"angle": 22.5, "axis": "x", "origin": [8, 9.79714, 5.32437]},
			"faces": {
				"north": {"uv": [3.5, 12.5, 4, 12.875], "rotation": 270, "texture": "#0"},
				"east": {"uv": [3.5, 12.5, 4, 12.875], "rotation": 270, "texture": "#0"},
				"south": {"uv": [3.5, 12.5, 4, 12.875], "rotation": 270, "texture": "#0"},
				"west": {"uv": [3.5, 12.5, 4, 12.875], "rotation": 270, "texture": "#0"},
				"up": {"uv": [3.5, 12.5, 4, 12.875], "rotation": 270, "texture": "#0"},
				"down": {"uv": [3.5, 12.5, 4, 12.875], "rotation": 270, "texture": "#0"}
			}
		},
		{
			"from": [7.66876, 11.14079, 4.96777],
			"to": [8.33124, 12.08719, 7.33377],
			"rotation": {"angle": -45, "axis": "x", "origin": [8, 9.79714, 5.32437]},
			"faces": {
				"north": {"uv": [3.5, 12.5, 4, 12.875], "texture": "#0"},
				"east": {"uv": [3.5, 12.5, 4, 12.875], "texture": "#0"},
				"south": {"uv": [3.5, 12.5, 4, 12.875], "texture": "#0"},
				"west": {"uv": [3.5, 12.5, 4, 12.875], "texture": "#0"},
				"up": {"uv": [3.5, 12.5, 4, 12.875], "texture": "#0"},
				"down": {"uv": [3.5, 12.5, 4, 12.875], "texture": "#0"}
			}
		},
		{
			"from": [8.9464, 9.79759, 3.22504],
			"to": [9.4196, 10.46007, 7.48384],
			"rotation": {"angle": -45, "axis": "x", "origin": [8, 8.85074, 4.85117]},
			"faces": {
				"north": {"uv": [3.5, 12.5, 4, 12.875], "texture": "#0"},
				"east": {"uv": [3.5, 12.5, 4, 12.875], "texture": "#0"},
				"south": {"uv": [3.5, 12.5, 4, 12.875], "texture": "#0"},
				"west": {"uv": [3.5, 12.5, 4, 12.875], "texture": "#0"},
				"up": {"uv": [3.5, 12.5, 4, 12.875], "texture": "#0"},
				"down": {"uv": [3.5, 12.5, 4, 12.875], "texture": "#0"}
			}
		},
		{
			"from": [8.9464, 8.37799, 3.98216],
			"to": [9.4196, 9.04047, 7.8624],
			"rotation": {"angle": -45, "axis": "x", "origin": [8, 8.85074, 4.85117]},
			"faces": {
				"north": {"uv": [3.5, 12.5, 4, 12.875], "texture": "#0"},
				"east": {"uv": [3.5, 12.5, 4, 12.875], "texture": "#0"},
				"south": {"uv": [3.5, 12.5, 4, 12.875], "texture": "#0"},
				"west": {"uv": [3.5, 12.5, 4, 12.875], "texture": "#0"},
				"up": {"uv": [3.5, 12.5, 4, 12.875], "texture": "#0"},
				"down": {"uv": [3.5, 12.5, 4, 12.875], "texture": "#0"}
			}
		}
	],
	"display": {
		"head": {
			"translation": [0, 0, 1.75],
			"scale": [4, 4, 4]
		}
	},
	"groups": [
		{
			"name": "root",
			"origin": [8, 8, 8],
			"color": 0,
			"children": [
				{
					"name": "neck",
					"origin": [8, 8, 8],
					"color": 0,
					"children": [
						{
							"name": "0",
							"origin": [9.5, 10.5, -1.5],
							"color": 0,
							"children": [
								0,
								1,
								2,
								{
									"name": "group",
									"origin": [9.125, 12.43996, -10.19977],
									"color": 0,
									"children": [3, 4, 5, 6, 7, 8, 9, 10]
								}
							]
						}
					]
				}
			]
		}
	]
}