{
	"credit": "Made with Blockbench",
	"texture_size": [32, 32],
	"textures": {
		"0": "kushala/head",
		"particle": "kushala/head"
	},
	"elements": [
		{
			"from": [6.33434, 7.43778, 6.66611],
			"to": [9.66566, 9.42522, 15.19885],
			"rotation": {"angle": 0, "axis": "y", "origin": [11.40704, 8.28954, 2.17639]},
			"faces": {
				"north": {"uv": [2, 9.75, 3, 10.5], "texture": "#0"},
				"east": {"uv": [4, 7.875, 5, 8.625], "texture": "#0"},
				"south": {"uv": [3, 7.875, 4, 8.625], "texture": "#0"},
				"west": {"uv": [2.625, 7.125, 3.625, 7.875], "texture": "#0"},
				"up": {"uv": [3.625, 6.375, 4.5, 7.875], "rotation": 90, "texture": "#0"},
				"down": {"uv": [2, 7.875, 3, 8.625], "texture": "#0"}
			}
		},
		{
			"from": [5.7665, 3.74682, 6.66611],
			"to": [10.2335, 7.43778, 15.19885],
			"rotation": {"angle": 0, "axis": "y", "origin": [11.40704, 7.81634, 2.17639]},
			"faces": {
				"north": {"uv": [2, 9.75, 3, 10.5], "texture": "#0"},
				"east": {"uv": [4, 7.875, 5, 8.625], "texture": "#0"},
				"south": {"uv": [3, 7.875, 4, 8.625], "texture": "#0"},
				"west": {"uv": [2.625, 7.125, 3.625, 7.875], "texture": "#0"},
				"up": {"uv": [3.625, 6.75, 4.375, 7.875], "texture": "#0"},
				"down": {"uv": [2, 7.875, 3, 8.625], "texture": "#0"}
			}
		},
		{
			"from": [6.52362, 2.61114, 6.66611],
			"to": [9.47638, 3.74682, 15.19885],
			"rotation": {"angle": 0, "axis": "y", "origin": [11.40704, 7.81634, 2.17639]},
			"faces": {
				"north": {"uv": [1, 6, 2, 7], "rotation": 180, "texture": "#0"},
				"east": {"uv": [0, 12.5, 1.5, 14], "rotation": 90, "texture": "#0"},
				"south": {"uv": [1, 6, 2, 7], "rotation": 180, "texture": "#0"},
				"west": {"uv": [1.5, 12.5, 0, 14], "rotation": 270, "texture": "#0"},
				"up": {"uv": [1, 6, 2, 7], "rotation": 180, "texture": "#0"},
				"down": {"uv": [0, 12.5, 1.5, 14], "rotation": 180, "texture": "#0"}
			}
		},
		{
			"from": [8.9464, 3.23353, 5.71838],
			"to": [9.4196, 3.89601, 7.8951],
			"rotation": {"angle": -45, "axis": "x", "origin": [10.1294, 7.63429, 0.0873]},
			"faces": {
				"north": {"uv": [3.5, 12.5, 4, 12.875], "texture": "#0"},
				"east": {"uv": [3.5, 12.5, 4, 12.875], "texture": "#0"},
				"south": {"uv": [3.5, 12.5, 4, 12.875], "texture": "#0"},
				"west": {"uv": [3.5, 12.5, 4, 12.875], "texture": "#0"},
				"up": {"uv": [3.5, 12.5, 4, 12.875], "texture": "#0"},
				"down": {"uv": [3.5, 12.5, 4, 12.875], "texture": "#0"}
			}
		},
		{
			"from": [6.5804, 3.23353, 5.71838],
			"to": [7.0536, 3.89601, 7.8951],
			"rotation": {"angle": -45, "axis": "x", "origin": [5.8706, 7.63429, 0.0873]},
			"faces": {
				"north": {"uv": [3.5, 12.5, 4, 12.875], "texture": "#0"},
				"east": {"uv": [3.5, 12.5, 4, 12.875], "texture": "#0"},
				"south": {"uv": [3.5, 12.5, 4, 12.875], "texture": "#0"},
				"west": {"uv": [3.5, 12.5, 4, 12.875], "texture": "#0"},
				"up": {"uv": [3.5, 12.5, 4, 12.875], "texture": "#0"},
				"down": {"uv": [3.5, 12.5, 4, 12.875], "texture": "#0"}
			}
		}
	],
	"display": {
		"head": {
			"translation": [0, 0, -24.75],
			"scale": [4, 4, 4]
		}
	},
	"groups": [
		{
			"name": "root",
			"origin": [8, 8, 8],
			"color": 0,
			"children": [
				{
					"name": "neck",
					"origin": [8, 8, 8],
					"color": 0,
					"children": [
						{
							"name": "1",
							"origin": [9.5, 10.5, -1.5],
							"color": 0,
							"children": [0, 1, 2, 3, 4]
						}
					]
				}
			]
		}
	]
}