{
	"credit": "Made with Blockbench",
	"textures": {
		"1": "kushala/head"
	},
	"elements": [
		{
			"from": [7.5, -4.25, 7.4],
			"to": [8.5, 0.5, 8.6],
			"rotation": {"angle": 0, "axis": "y", "origin": [0, -1.75, 0]},
			"faces": {
				"north": {"uv": [11.5, 11.5, 11.75, 13.125], "texture": "#1"},
				"east": {"uv": [11.5, 11.5, 11.75, 13.125], "texture": "#1"},
				"south": {"uv": [11.5, 11.5, 11.75, 13.125], "texture": "#1"},
				"west": {"uv": [11.5, 11.5, 11.75, 13.125], "texture": "#1"},
				"up": {"uv": [11.5, 11.5, 11.75, 13.125], "texture": "#1"},
				"down": {"uv": [11.5, 11.5, 11.75, 13.125], "texture": "#1"}
			}
		},
		{
			"from": [7.25, -6.75, 7.15],
			"to": [8.75, -3.75, 8.85],
			"rotation": {"angle": 0, "axis": "y", "origin": [0, -3.75, 0]},
			"faces": {
				"north": {"uv": [6.625, 11.5, 7.625, 12.125], "texture": "#1"},
				"east": {"uv": [6.625, 11.5, 7.625, 12.125], "texture": "#1"},
				"south": {"uv": [6.625, 11.5, 7.625, 12.125], "texture": "#1"},
				"west": {"uv": [6.625, 11.5, 7.625, 12.125], "texture": "#1"},
				"up": {"uv": [6.625, 11.5, 7.625, 12.125], "texture": "#1"},
				"down": {"uv": [6.625, 11.5, 7.625, 12.125], "texture": "#1"}
			}
		},
		{
			"from": [7.5, -8.5, 7.4],
			"to": [8.5, -6.75, 8.6],
			"rotation": {"angle": 0, "axis": "y", "origin": [0, -3.75, 0]},
			"faces": {
				"north": {"uv": [6.625, 11.5, 7.625, 12.125], "texture": "#1"},
				"east": {"uv": [6.625, 11.5, 7.625, 12.125], "texture": "#1"},
				"south": {"uv": [6.625, 11.5, 7.625, 12.125], "texture": "#1"},
				"west": {"uv": [6.625, 11.5, 7.625, 12.125], "texture": "#1"},
				"up": {"uv": [6.625, 11.5, 7.625, 12.125], "texture": "#1"},
				"down": {"uv": [6.625, 11.5, 7.625, 12.125], "texture": "#1"}
			}
		},
		{
			"from": [7.25, 0.25, 6.9],
			"to": [8.75, 4.25, 9.1],
			"rotation": {"angle": 0, "axis": "y", "origin": [0, -3.75, 0]},
			"faces": {
				"north": {"uv": [6.625, 11.5, 7.625, 12.125], "texture": "#1"},
				"east": {"uv": [6.625, 11.5, 7.625, 12.125], "texture": "#1"},
				"south": {"uv": [6.625, 11.5, 7.625, 12.125], "texture": "#1"},
				"west": {"uv": [6.625, 11.5, 7.625, 12.125], "texture": "#1"},
				"up": {"uv": [6.625, 11.5, 7.625, 12.125], "texture": "#1"},
				"down": {"uv": [6.625, 11.5, 7.625, 12.125], "texture": "#1"}
			}
		},
		{
			"from": [7, 2.25, 6.15],
			"to": [9, 5, 9.85],
			"rotation": {"angle": 0, "axis": "y", "origin": [0, -3.75, 0]},
			"faces": {
				"north": {"uv": [6.625, 11.5, 7.625, 12.125], "texture": "#1"},
				"east": {"uv": [6.625, 11.5, 7.625, 12.125], "texture": "#1"},
				"south": {"uv": [6.625, 11.5, 7.625, 12.125], "texture": "#1"},
				"west": {"uv": [6.625, 11.5, 7.625, 12.125], "texture": "#1"},
				"up": {"uv": [6.625, 11.5, 7.625, 12.125], "texture": "#1"},
				"down": {"uv": [6.625, 11.5, 7.625, 12.125], "texture": "#1"}
			}
		},
		{
			"from": [6.75, 4, 7.4],
			"to": [9.25, 6.25, 8.6],
			"rotation": {"angle": 0, "axis": "y", "origin": [0, -3.75, 0]},
			"faces": {
				"north": {"uv": [9, 13, 9.5, 13.375], "texture": "#1"},
				"east": {"uv": [9, 13, 9.5, 13.375], "texture": "#1"},
				"south": {"uv": [9, 13, 9.5, 13.375], "texture": "#1"},
				"west": {"uv": [9, 13, 9.5, 13.375], "texture": "#1"},
				"up": {"uv": [9, 13, 9.5, 13.375], "texture": "#1"},
				"down": {"uv": [9, 13, 9.5, 13.375], "texture": "#1"}
			}
		},
		{
			"from": [6.75, 2.75, 7.65],
			"to": [9.25, 4, 8.35],
			"rotation": {"angle": 0, "axis": "y", "origin": [0, -3.75, 0]},
			"faces": {
				"north": {"uv": [9, 13, 9.5, 13.375], "texture": "#1"},
				"east": {"uv": [9, 13, 9.5, 13.375], "texture": "#1"},
				"south": {"uv": [9, 13, 9.5, 13.375], "texture": "#1"},
				"west": {"uv": [9, 13, 9.5, 13.375], "texture": "#1"},
				"up": {"uv": [9, 13, 9.5, 13.375], "texture": "#1"},
				"down": {"uv": [9, 13, 9.5, 13.375], "texture": "#1"}
			}
		},
		{
			"from": [7.25, 3.5, 6.65],
			"to": [8.75, 8.25, 9.35],
			"rotation": {"angle": 0, "axis": "y", "origin": [0, -3.75, 0]},
			"faces": {
				"north": {"uv": [6.625, 11.5, 7.625, 12.125], "texture": "#1"},
				"east": {"uv": [6.625, 11.5, 7.625, 12.125], "texture": "#1"},
				"south": {"uv": [6.625, 11.5, 7.625, 12.125], "texture": "#1"},
				"west": {"uv": [6.625, 11.5, 7.625, 12.125], "texture": "#1"},
				"up": {"uv": [6.625, 11.5, 7.625, 12.125], "texture": "#1"},
				"down": {"uv": [6.625, 11.5, 7.625, 12.125], "texture": "#1"}
			}
		},
		{
			"from": [7, 3.5, 7.65],
			"to": [9, 8.5, 8.35],
			"rotation": {"angle": 0, "axis": "y", "origin": [0, -3.75, 0]},
			"faces": {
				"north": {"uv": [7.875, 12, 8.125, 12.75], "texture": "#1"},
				"east": {"uv": [7.875, 12, 8.125, 12.75], "texture": "#1"},
				"south": {"uv": [7.875, 12, 8.125, 12.75], "texture": "#1"},
				"west": {"uv": [7.875, 12, 8.125, 12.75], "texture": "#1"},
				"up": {"uv": [7.875, 12, 8.125, 12.75], "texture": "#1"},
				"down": {"uv": [7.875, 12, 8.125, 12.75], "texture": "#1"}
			}
		},
		{
			"from": [7.25, 3.25, 3.9],
			"to": [8.75, 5.25, 6.9],
			"rotation": {"angle": 22.5, "axis": "x", "origin": [8, 3.625, 5.15]},
			"faces": {
				"north": {"uv": [6.625, 11.5, 7.625, 12.125], "texture": "#1"},
				"east": {"uv": [6.625, 11.5, 7.625, 12.125], "texture": "#1"},
				"south": {"uv": [6.625, 11.5, 7.625, 12.125], "texture": "#1"},
				"west": {"uv": [6.625, 11.5, 7.625, 12.125], "texture": "#1"},
				"up": {"uv": [6.625, 11.5, 7.625, 12.125], "texture": "#1"},
				"down": {"uv": [6.625, 11.5, 7.625, 12.125], "texture": "#1"}
			}
		},
		{
			"from": [6.9, 2.60675, 3.37015],
			"to": [9.1, 5.60675, 4.87015],
			"rotation": {"angle": 22.5, "axis": "x", "origin": [8, 4.10675, 5.62015]},
			"faces": {
				"north": {"uv": [6.625, 11.5, 7.625, 12.125], "rotation": 180, "texture": "#1"},
				"east": {"uv": [1.125, 7.25, 1.625, 7.875], "rotation": 180, "texture": "#1"},
				"south": {"uv": [6.625, 11.5, 7.625, 12.125], "texture": "#1"},
				"west": {"uv": [1.125, 7.25, 1.625, 7.875], "rotation": 180, "texture": "#1"},
				"up": {"uv": [6.625, 11.5, 7.625, 12.125], "rotation": 180, "texture": "#1"},
				"down": {"uv": [6.625, 11.5, 7.625, 12.125], "texture": "#1"}
			}
		},
		{
			"from": [7.5, 5.53078, 3.73433],
			"to": [8.5, 6.68078, 5.23433],
			"rotation": {"angle": 0, "axis": "y", "origin": [8, 4.68078, 4.23433]},
			"faces": {
				"north": {"uv": [6.625, 11.5, 7.625, 12.125], "rotation": 180, "texture": "#1"},
				"east": {"uv": [6.625, 11.5, 7.625, 12.125], "rotation": 270, "texture": "#1"},
				"south": {"uv": [6.625, 11.5, 7.625, 12.125], "texture": "#1"},
				"west": {"uv": [6.625, 11.5, 7.625, 12.125], "rotation": 90, "texture": "#1"},
				"up": {"uv": [6.625, 11.5, 7.625, 12.125], "rotation": 180, "texture": "#1"},
				"down": {"uv": [6.625, 11.5, 7.625, 12.125], "texture": "#1"}
			}
		},
		{
			"from": [7.5, 6.68078, 4.13433],
			"to": [8.5, 7.68078, 4.98433],
			"rotation": {"angle": 0, "axis": "y", "origin": [8, 4.68078, 4.23433]},
			"faces": {
				"north": {"uv": [7.875, 12, 8.125, 12.875], "rotation": 90, "texture": "#1"},
				"east": {"uv": [7.875, 12, 8.125, 12.875], "rotation": 90, "texture": "#1"},
				"south": {"uv": [7.875, 12, 8.125, 12.875], "rotation": 90, "texture": "#1"},
				"west": {"uv": [7.875, 12, 8.125, 12.875], "rotation": 90, "texture": "#1"},
				"up": {"uv": [7.875, 12, 8.125, 12.875], "rotation": 90, "texture": "#1"},
				"down": {"uv": [7.875, 12, 8.125, 12.875], "rotation": 90, "texture": "#1"}
			}
		},
		{
			"from": [7.25, 2.35675, 2.87015],
			"to": [8.75, 5.10675, 3.37015],
			"rotation": {"angle": 22.5, "axis": "x", "origin": [8, 4.10675, 5.62015]},
			"faces": {
				"north": {"uv": [7.875, 12, 8.125, 12.875], "rotation": 270, "texture": "#1"},
				"east": {"uv": [7.875, 12, 8.125, 12.875], "rotation": 270, "texture": "#1"},
				"south": {"uv": [7.875, 12, 8.125, 12.875], "rotation": 270, "texture": "#1"},
				"west": {"uv": [7.875, 12, 8.125, 12.875], "rotation": 270, "texture": "#1"},
				"up": {"uv": [7.875, 12, 8.125, 12.875], "rotation": 270, "texture": "#1"},
				"down": {"uv": [7.875, 12, 8.125, 12.875], "rotation": 270, "texture": "#1"}
			}
		},
		{
			"from": [7.4, 5.10675, 2.87015],
			"to": [8.6, 6.35675, 3.37015],
			"rotation": {"angle": 22.5, "axis": "x", "origin": [8, 4.10675, 5.62015]},
			"faces": {
				"north": {"uv": [7.875, 12, 8.125, 12.875], "rotation": 270, "texture": "#1"},
				"east": {"uv": [7.875, 12, 8.125, 12.875], "rotation": 270, "texture": "#1"},
				"south": {"uv": [7.875, 12, 8.125, 12.875], "rotation": 270, "texture": "#1"},
				"west": {"uv": [7.875, 12, 8.125, 12.875], "rotation": 270, "texture": "#1"},
				"up": {"uv": [7.875, 12, 8.125, 12.875], "rotation": 270, "texture": "#1"},
				"down": {"uv": [7.875, 12, 8.125, 12.875], "rotation": 270, "texture": "#1"}
			}
		},
		{
			"from": [7.5, 1.68249, 2.06478],
			"to": [8.5, 3.93249, 2.56478],
			"rotation": {"angle": -22.5, "axis": "x", "origin": [8, 4.83249, 3.21478]},
			"faces": {
				"north": {"uv": [7.875, 12, 8.125, 12.875], "rotation": 270, "texture": "#1"},
				"east": {"uv": [7.875, 12, 8.125, 12.875], "rotation": 270, "texture": "#1"},
				"south": {"uv": [7.875, 12, 8.125, 12.875], "rotation": 270, "texture": "#1"},
				"west": {"uv": [7.875, 12, 8.125, 12.875], "rotation": 270, "texture": "#1"},
				"up": {"uv": [7.875, 12, 8.125, 12.875], "rotation": 270, "texture": "#1"},
				"down": {"uv": [7.875, 12, 8.125, 12.875], "rotation": 270, "texture": "#1"}
			}
		},
		{
			"from": [7.75, -0.06751, 2.06478],
			"to": [8.25, 1.68249, 2.56478],
			"rotation": {"angle": -22.5, "axis": "x", "origin": [8, 4.83249, 3.21478]},
			"faces": {
				"north": {"uv": [7.875, 12, 8.125, 12.875], "rotation": 270, "texture": "#1"},
				"east": {"uv": [7.875, 12, 8.125, 12.875], "rotation": 270, "texture": "#1"},
				"south": {"uv": [7.875, 12, 8.125, 12.875], "rotation": 270, "texture": "#1"},
				"west": {"uv": [7.875, 12, 8.125, 12.875], "rotation": 270, "texture": "#1"},
				"up": {"uv": [7.875, 12, 8.125, 12.875], "rotation": 270, "texture": "#1"},
				"down": {"uv": [7.875, 12, 8.125, 12.875], "rotation": 270, "texture": "#1"}
			}
		},
		{
			"from": [7.25, 1.93078, 2.73433],
			"to": [8.75, 4.18078, 3.98433],
			"rotation": {"angle": -22.5, "axis": "x", "origin": [8, 4.68078, 4.23433]},
			"faces": {
				"north": {"uv": [6.625, 11.5, 7.625, 12.125], "rotation": 180, "texture": "#1"},
				"east": {"uv": [6.625, 11.5, 7.625, 12.125], "rotation": 270, "texture": "#1"},
				"south": {"uv": [6.625, 11.5, 7.625, 12.125], "texture": "#1"},
				"west": {"uv": [6.625, 11.5, 7.625, 12.125], "rotation": 90, "texture": "#1"},
				"up": {"uv": [6.625, 11.5, 7.625, 12.125], "rotation": 180, "texture": "#1"},
				"down": {"uv": [6.625, 11.5, 7.625, 12.125], "texture": "#1"}
			}
		},
		{
			"from": [7.5, 0.18078, 2.73433],
			"to": [8.5, 1.93078, 3.73433],
			"rotation": {"angle": -22.5, "axis": "x", "origin": [8, 4.68078, 4.23433]},
			"faces": {
				"north": {"uv": [6.625, 11.5, 7.625, 12.125], "rotation": 180, "texture": "#1"},
				"east": {"uv": [6.625, 11.5, 7.625, 12.125], "rotation": 270, "texture": "#1"},
				"south": {"uv": [6.625, 11.5, 7.625, 12.125], "texture": "#1"},
				"west": {"uv": [6.625, 11.5, 7.625, 12.125], "rotation": 90, "texture": "#1"},
				"up": {"uv": [6.625, 11.5, 7.625, 12.125], "rotation": 180, "texture": "#1"},
				"down": {"uv": [6.625, 11.5, 7.625, 12.125], "texture": "#1"}
			}
		},
		{
			"from": [7.25, 3.25, 9.1],
			"to": [8.75, 5.25, 12.1],
			"rotation": {"angle": -22.5, "axis": "x", "origin": [8, 3.625, 10.85]},
			"faces": {
				"north": {"uv": [7.625, 11.5, 6.625, 12.125], "texture": "#1"},
				"east": {"uv": [7.625, 11.5, 6.625, 12.125], "texture": "#1"},
				"south": {"uv": [7.625, 11.5, 6.625, 12.125], "texture": "#1"},
				"west": {"uv": [7.625, 11.5, 6.625, 12.125], "texture": "#1"},
				"up": {"uv": [6.625, 12.125, 7.625, 11.5], "texture": "#1"},
				"down": {"uv": [6.625, 12.125, 7.625, 11.5], "texture": "#1"}
			}
		},
		{
			"from": [6.9, 2.60675, 11.12985],
			"to": [9.1, 5.60675, 12.62985],
			"rotation": {"angle": -22.5, "axis": "x", "origin": [8, 4.10675, 10.37985]},
			"faces": {
				"north": {"uv": [7.625, 11.5, 6.625, 12.125], "texture": "#1"},
				"east": {"uv": [1.625, 7.25, 1.125, 7.875], "rotation": 180, "texture": "#1"},
				"south": {"uv": [7.625, 11.5, 6.625, 12.125], "rotation": 180, "texture": "#1"},
				"west": {"uv": [1.625, 7.25, 1.125, 7.875], "rotation": 180, "texture": "#1"},
				"up": {"uv": [6.625, 12.125, 7.625, 11.5], "rotation": 180, "texture": "#1"},
				"down": {"uv": [6.625, 12.125, 7.625, 11.5], "texture": "#1"}
			}
		},
		{
			"from": [7.5, 5.53078, 10.76567],
			"to": [8.5, 6.68078, 12.26567],
			"rotation": {"angle": 0, "axis": "y", "origin": [8, 4.68078, 11.76567]},
			"faces": {
				"north": {"uv": [7.625, 11.5, 6.625, 12.125], "texture": "#1"},
				"east": {"uv": [6.625, 12.125, 7.625, 11.5], "rotation": 270, "texture": "#1"},
				"south": {"uv": [7.625, 11.5, 6.625, 12.125], "rotation": 180, "texture": "#1"},
				"west": {"uv": [6.625, 12.125, 7.625, 11.5], "rotation": 90, "texture": "#1"},
				"up": {"uv": [6.625, 12.125, 7.625, 11.5], "rotation": 180, "texture": "#1"},
				"down": {"uv": [6.625, 12.125, 7.625, 11.5], "texture": "#1"}
			}
		},
		{
			"from": [7.5, 6.68078, 11.01567],
			"to": [8.5, 7.68078, 11.86567],
			"rotation": {"angle": 0, "axis": "y", "origin": [8, 4.68078, 11.76567]},
			"faces": {
				"north": {"uv": [7.875, 12.875, 8.125, 12], "rotation": 90, "texture": "#1"},
				"east": {"uv": [7.875, 12.875, 8.125, 12], "rotation": 90, "texture": "#1"},
				"south": {"uv": [7.875, 12.875, 8.125, 12], "rotation": 90, "texture": "#1"},
				"west": {"uv": [7.875, 12.875, 8.125, 12], "rotation": 90, "texture": "#1"},
				"up": {"uv": [8.125, 12, 7.875, 12.875], "rotation": 90, "texture": "#1"},
				"down": {"uv": [8.125, 12, 7.875, 12.875], "rotation": 90, "texture": "#1"}
			}
		},
		{
			"from": [7.25, 2.35675, 12.62985],
			"to": [8.75, 5.10675, 13.12985],
			"rotation": {"angle": -22.5, "axis": "x", "origin": [8, 4.10675, 10.37985]},
			"faces": {
				"north": {"uv": [7.875, 12.875, 8.125, 12], "rotation": 270, "texture": "#1"},
				"east": {"uv": [7.875, 12.875, 8.125, 12], "rotation": 270, "texture": "#1"},
				"south": {"uv": [7.875, 12.875, 8.125, 12], "rotation": 270, "texture": "#1"},
				"west": {"uv": [7.875, 12.875, 8.125, 12], "rotation": 270, "texture": "#1"},
				"up": {"uv": [8.125, 12, 7.875, 12.875], "rotation": 270, "texture": "#1"},
				"down": {"uv": [8.125, 12, 7.875, 12.875], "rotation": 270, "texture": "#1"}
			}
		},
		{
			"from": [7.4, 5.10675, 12.62985],
			"to": [8.6, 6.35675, 13.12985],
			"rotation": {"angle": -22.5, "axis": "x", "origin": [8, 4.10675, 10.37985]},
			"faces": {
				"north": {"uv": [7.875, 12.875, 8.125, 12], "rotation": 270, "texture": "#1"},
				"east": {"uv": [7.875, 12.875, 8.125, 12], "rotation": 270, "texture": "#1"},
				"south": {"uv": [7.875, 12.875, 8.125, 12], "rotation": 270, "texture": "#1"},
				"west": {"uv": [7.875, 12.875, 8.125, 12], "rotation": 270, "texture": "#1"},
				"up": {"uv": [8.125, 12, 7.875, 12.875], "rotation": 270, "texture": "#1"},
				"down": {"uv": [8.125, 12, 7.875, 12.875], "rotation": 270, "texture": "#1"}
			}
		},
		{
			"from": [7.5, 1.68249, 13.43522],
			"to": [8.5, 3.93249, 13.93522],
			"rotation": {"angle": 22.5, "axis": "x", "origin": [8, 4.83249, 12.78522]},
			"faces": {
				"north": {"uv": [7.875, 12.875, 8.125, 12], "rotation": 270, "texture": "#1"},
				"east": {"uv": [7.875, 12.875, 8.125, 12], "rotation": 270, "texture": "#1"},
				"south": {"uv": [7.875, 12.875, 8.125, 12], "rotation": 270, "texture": "#1"},
				"west": {"uv": [7.875, 12.875, 8.125, 12], "rotation": 270, "texture": "#1"},
				"up": {"uv": [8.125, 12, 7.875, 12.875], "rotation": 270, "texture": "#1"},
				"down": {"uv": [8.125, 12, 7.875, 12.875], "rotation": 270, "texture": "#1"}
			}
		},
		{
			"from": [7.75, -0.06751, 13.43522],
			"to": [8.25, 1.68249, 13.93522],
			"rotation": {"angle": 22.5, "axis": "x", "origin": [8, 4.83249, 12.78522]},
			"faces": {
				"north": {"uv": [7.875, 12.875, 8.125, 12], "rotation": 270, "texture": "#1"},
				"east": {"uv": [7.875, 12.875, 8.125, 12], "rotation": 270, "texture": "#1"},
				"south": {"uv": [7.875, 12.875, 8.125, 12], "rotation": 270, "texture": "#1"},
				"west": {"uv": [7.875, 12.875, 8.125, 12], "rotation": 270, "texture": "#1"},
				"up": {"uv": [8.125, 12, 7.875, 12.875], "rotation": 270, "texture": "#1"},
				"down": {"uv": [8.125, 12, 7.875, 12.875], "rotation": 270, "texture": "#1"}
			}
		},
		{
			"from": [7.25, 1.93078, 12.01567],
			"to": [8.75, 4.18078, 13.26567],
			"rotation": {"angle": 22.5, "axis": "x", "origin": [8, 4.68078, 11.76567]},
			"faces": {
				"north": {"uv": [7.625, 11.5, 6.625, 12.125], "texture": "#1"},
				"east": {"uv": [6.625, 12.125, 7.625, 11.5], "rotation": 270, "texture": "#1"},
				"south": {"uv": [7.625, 11.5, 6.625, 12.125], "rotation": 180, "texture": "#1"},
				"west": {"uv": [6.625, 12.125, 7.625, 11.5], "rotation": 90, "texture": "#1"},
				"up": {"uv": [6.625, 12.125, 7.625, 11.5], "rotation": 180, "texture": "#1"},
				"down": {"uv": [6.625, 12.125, 7.625, 11.5], "texture": "#1"}
			}
		},
		{
			"from": [7.5, 0.18078, 12.26567],
			"to": [8.5, 1.93078, 13.26567],
			"rotation": {"angle": 22.5, "axis": "x", "origin": [8, 4.68078, 11.76567]},
			"faces": {
				"north": {"uv": [7.625, 11.5, 6.625, 12.125], "texture": "#1"},
				"east": {"uv": [6.625, 12.125, 7.625, 11.5], "rotation": 270, "texture": "#1"},
				"south": {"uv": [7.625, 11.5, 6.625, 12.125], "rotation": 180, "texture": "#1"},
				"west": {"uv": [6.625, 12.125, 7.625, 11.5], "rotation": 90, "texture": "#1"},
				"up": {"uv": [6.625, 12.125, 7.625, 11.5], "rotation": 180, "texture": "#1"},
				"down": {"uv": [6.625, 12.125, 7.625, 11.5], "texture": "#1"}
			}
		},
		{
			"from": [7.15, 6.7425, 6.4],
			"to": [8.85, 14.2175, 9.6],
			"rotation": {"angle": 0, "axis": "y", "origin": [0, -7.3075, 0]},
			"faces": {
				"north": {"uv": [10.875, 11.5, 11.875, 12.625], "texture": "#1"},
				"east": {"uv": [10.875, 11.5, 11.875, 12.625], "texture": "#1"},
				"south": {"uv": [10.875, 11.5, 11.875, 12.625], "texture": "#1"},
				"west": {"uv": [10.875, 11.5, 11.875, 12.625], "texture": "#1"},
				"up": {"uv": [10.875, 11.5, 11.875, 12.625], "texture": "#1"},
				"down": {"uv": [10.875, 11.5, 11.875, 12.625], "texture": "#1"}
			}
		},
		{
			"from": [7.4, 6.0925, 5.9],
			"to": [8.6, 14.8675, 10.1],
			"rotation": {"angle": 0, "axis": "y", "origin": [0, -7.3075, 0]},
			"faces": {
				"north": {"uv": [12.875, 7.375, 13.125, 7.875], "texture": "#1"},
				"east": {"uv": [12.875, 7.375, 13.125, 7.875], "texture": "#1"},
				"south": {"uv": [12.875, 7.375, 13.125, 7.875], "texture": "#1"},
				"west": {"uv": [12.875, 7.375, 13.125, 7.875], "texture": "#1"},
				"up": {"uv": [12.875, 7.375, 13.125, 7.875], "texture": "#1"},
				"down": {"uv": [12.875, 7.375, 13.125, 7.875], "texture": "#1"}
			}
		},
		{
			"from": [7.65, 7.3925, 5.4],
			"to": [8.35, 15.5175, 10.6],
			"rotation": {"angle": 0, "axis": "y", "origin": [0, -7.3075, 0]},
			"faces": {
				"north": {"uv": [12.875, 7.375, 13.125, 7.875], "texture": "#1"},
				"east": {"uv": [12.875, 7.375, 13.125, 7.875], "texture": "#1"},
				"south": {"uv": [12.875, 7.375, 13.125, 7.875], "texture": "#1"},
				"west": {"uv": [12.875, 7.375, 13.125, 7.875], "texture": "#1"},
				"up": {"uv": [12.875, 7.375, 13.125, 7.875], "texture": "#1"},
				"down": {"uv": [12.875, 7.375, 13.125, 7.875], "texture": "#1"}
			}
		},
		{
			"from": [7.65, 15.5175, 5.9],
			"to": [8.35, 23.3175, 10.1],
			"rotation": {"angle": 0, "axis": "y", "origin": [0, -7.3075, 0]},
			"faces": {
				"north": {"uv": [12.875, 7.375, 13.125, 7.875], "texture": "#1"},
				"east": {"uv": [12.875, 7.375, 13.125, 7.875], "texture": "#1"},
				"south": {"uv": [12.875, 7.375, 13.125, 7.875], "texture": "#1"},
				"west": {"uv": [12.875, 7.375, 13.125, 7.875], "texture": "#1"},
				"up": {"uv": [12.875, 7.375, 13.125, 7.875], "texture": "#1"},
				"down": {"uv": [12.875, 7.375, 13.125, 7.875], "texture": "#1"}
			}
		},
		{
			"from": [7.65, 23.3175, 6.4],
			"to": [8.35, 27.5425, 9.6],
			"rotation": {"angle": 0, "axis": "y", "origin": [0, -7.3075, 0]},
			"faces": {
				"north": {"uv": [12.875, 7.375, 13.125, 7.875], "texture": "#1"},
				"east": {"uv": [12.875, 7.375, 13.125, 7.875], "texture": "#1"},
				"south": {"uv": [12.875, 7.375, 13.125, 7.875], "texture": "#1"},
				"west": {"uv": [12.875, 7.375, 13.125, 7.875], "texture": "#1"},
				"up": {"uv": [12.875, 7.375, 13.125, 7.875], "texture": "#1"},
				"down": {"uv": [12.875, 7.375, 13.125, 7.875], "texture": "#1"}
			}
		},
		{
			"from": [7.65, 27.5425, 6.9],
			"to": [8.35, 29.4925, 9.1],
			"rotation": {"angle": 0, "axis": "y", "origin": [0, -7.3075, 0]},
			"faces": {
				"north": {"uv": [12.875, 7.375, 13.125, 7.875], "texture": "#1"},
				"east": {"uv": [12.875, 7.375, 13.125, 7.875], "texture": "#1"},
				"south": {"uv": [12.875, 7.375, 13.125, 7.875], "texture": "#1"},
				"west": {"uv": [12.875, 7.375, 13.125, 7.875], "texture": "#1"},
				"up": {"uv": [12.875, 7.375, 13.125, 7.875], "texture": "#1"},
				"down": {"uv": [12.875, 7.375, 13.125, 7.875], "texture": "#1"}
			}
		},
		{
			"from": [7.65, 29.4925, 7.4],
			"to": [8.35, 31.7675, 8.6],
			"rotation": {"angle": 0, "axis": "y", "origin": [0, -7.3075, 0]},
			"faces": {
				"north": {"uv": [12.875, 7.375, 13.125, 7.875], "texture": "#1"},
				"east": {"uv": [12.875, 7.375, 13.125, 7.875], "texture": "#1"},
				"south": {"uv": [12.875, 7.375, 13.125, 7.875], "texture": "#1"},
				"west": {"uv": [12.875, 7.375, 13.125, 7.875], "texture": "#1"},
				"up": {"uv": [12.875, 7.375, 13.125, 7.875], "texture": "#1"},
				"down": {"uv": [12.875, 7.375, 13.125, 7.875], "texture": "#1"}
			}
		},
		{
			"from": [7.4, 14.8675, 6.4],
			"to": [8.6, 22.6675, 9.6],
			"rotation": {"angle": 0, "axis": "y", "origin": [0, -7.3075, 0]},
			"faces": {
				"north": {"uv": [12.875, 7.375, 13.125, 7.875], "texture": "#1"},
				"east": {"uv": [12.875, 7.375, 13.125, 7.875], "texture": "#1"},
				"south": {"uv": [12.875, 7.375, 13.125, 7.875], "texture": "#1"},
				"west": {"uv": [12.875, 7.375, 13.125, 7.875], "texture": "#1"},
				"up": {"uv": [12.875, 7.375, 13.125, 7.875], "texture": "#1"},
				"down": {"uv": [12.875, 7.375, 13.125, 7.875], "texture": "#1"}
			}
		},
		{
			"from": [7.4, 22.6675, 6.9],
			"to": [8.6, 26.5675, 9.1],
			"rotation": {"angle": 0, "axis": "y", "origin": [0, -7.3075, 0]},
			"faces": {
				"north": {"uv": [12.875, 7.375, 13.125, 7.875], "texture": "#1"},
				"east": {"uv": [12.875, 7.375, 13.125, 7.875], "texture": "#1"},
				"south": {"uv": [12.875, 7.375, 13.125, 7.875], "texture": "#1"},
				"west": {"uv": [12.875, 7.375, 13.125, 7.875], "texture": "#1"},
				"up": {"uv": [12.875, 7.375, 13.125, 7.875], "texture": "#1"},
				"down": {"uv": [12.875, 7.375, 13.125, 7.875], "texture": "#1"}
			}
		},
		{
			"from": [7.15, 14.2175, 6.9],
			"to": [8.85, 21.6925, 9.1],
			"rotation": {"angle": 0, "axis": "y", "origin": [0, -7.3075, 0]},
			"faces": {
				"north": {"uv": [11, 11.5, 11.75, 12.625], "texture": "#1"},
				"east": {"uv": [11, 11.5, 11.75, 12.625], "texture": "#1"},
				"south": {"uv": [9.75, 10.125, 10.5, 11.25], "texture": "#1"},
				"west": {"uv": [11, 11.5, 11.75, 12.625], "texture": "#1"},
				"up": {"uv": [11, 11.5, 11.75, 12.625], "texture": "#1"},
				"down": {"uv": [11, 11.5, 11.75, 12.625], "texture": "#1"}
			}
		}
	],
	"display": {
		"thirdperson_righthand": {
			"rotation": [-22, -55, 92],
			"translation": [-3.5, -6, 8.5]
		},
		"thirdperson_lefthand": {
			"rotation": [-22, -55, 92],
			"translation": [-3.5, -6, 8.5]
		},
		"firstperson_righthand": {
			"scale": [0, 0, 0]
		},
		"firstperson_lefthand": {
			"scale": [0, 0, 0]
		},
		"ground": {
			"rotation": [-45, 0, 0],
			"translation": [0, 8.75, 0]
		},
		"gui": {
			"rotation": [90, 45, -90],
			"translation": [-1.25, -1.5, 0],
			"scale": [0.5, 0.5, 0.5]
		},
		"fixed": {
			"rotation": [90, -45, 90],
			"translation": [1.25, -1.75, -0.5],
			"scale": [0.6, 0.6, 0.6]
		}
	},
	"groups": [
		{
			"name": "group",
			"origin": [0, -0.75, 0],
			"color": 0,
			"children": [
				0,
				1,
				2,
				{
					"name": "group",
					"origin": [0, -0.75, 0],
					"color": 0,
					"children": [
						3,
						4,
						5,
						6,
						7,
						8,
						{
							"name": "group",
							"origin": [0, -0.75, 0],
							"color": 0,
							"children": [9, 10, 11, 12, 13, 14, 15, 16, 17, 18]
						},
						{
							"name": "group",
							"origin": [0, -0.75, 0],
							"color": 0,
							"children": [19, 20, 21, 22, 23, 24, 25, 26, 27, 28]
						}
					]
				},
				{
					"name": "group",
					"origin": [0, -0.75, 0],
					"color": 0,
					"children": [29, 30, 31, 32, 33, 34, 35, 36, 37, 38]
				}
			]
		}
	]
}