{
	"credit": "Made with Blockbench",
	"texture_size": [32, 32],
	"textures": {
		"0": "kushala/head",
		"particle": "kushala/head"
	},
	"elements": [
		{
			"from": [5.9852, 6.45703, 1.60496],
			"to": [10.01687, 9.51446, 6.1381],
			"rotation": {"angle": 0, "axis": "y", "origin": [10.96827, -15.18214, -12.13174]},
			"faces": {
				"north": {"uv": [2.75, 7.25, 3.625, 7.875], "texture": "#0"},
				"east": {"uv": [2.75, 7.25, 3.625, 7.875], "texture": "#0"},
				"south": {"uv": [2.75, 7.25, 3.625, 7.875], "texture": "#0"},
				"west": {"uv": [2.75, 7.25, 3.625, 7.875], "texture": "#0"},
				"up": {"uv": [2.75, 7.25, 3.625, 7.875], "texture": "#0"},
				"down": {"uv": [2.75, 7.25, 3.625, 7.875], "texture": "#0"}
			}
		},
		{
			"from": [6.42676, 9.42615, 1.60496],
			"to": [9.57532, 10.61834, 6.1381],
			"rotation": {"angle": 0, "axis": "y", "origin": [10.96827, -15.18214, -12.13174]},
			"faces": {
				"north": {"uv": [2.75, 7.25, 3.625, 7.875], "texture": "#0"},
				"east": {"uv": [2.75, 7.25, 3.625, 7.875], "texture": "#0"},
				"south": {"uv": [2.75, 7.25, 3.625, 7.875], "texture": "#0"},
				"west": {"uv": [2.75, 7.25, 3.625, 7.875], "texture": "#0"},
				"up": {"uv": [3, 9.125, 4, 9.5], "texture": "#0"},
				"down": {"uv": [2.75, 7.25, 3.625, 7.875], "texture": "#0"}
			}
		},
		{
			"from": [6.64753, 5.46354, 1.60496],
			"to": [9.35454, 6.50854, 6.1381],
			"rotation": {"angle": 0, "axis": "y", "origin": [10.96827, -15.18214, -12.13174]},
			"faces": {
				"north": {"uv": [2.75, 7.25, 3.625, 7.875], "texture": "#0"},
				"east": {"uv": [2.75, 7.25, 3.625, 7.875], "texture": "#0"},
				"south": {"uv": [2.75, 7.25, 3.625, 7.875], "texture": "#0"},
				"west": {"uv": [2.75, 7.25, 3.625, 7.875], "texture": "#0"},
				"up": {"uv": [2.75, 7.25, 3.625, 7.875], "texture": "#0"},
				"down": {"uv": [2.75, 7.25, 3.625, 7.875], "texture": "#0"}
			}
		},
		{
			"from": [6.19047, 6.5844, 6.00656],
			"to": [9.81897, 9.42695, 9.99174],
			"rotation": {"angle": 0, "axis": "y", "origin": [10.67523, -15.35149, -4.23653]},
			"faces": {
				"north": {"uv": [2.75, 7.25, 3.625, 7.875], "texture": "#0"},
				"east": {"uv": [2.75, 7.25, 3.625, 7.875], "texture": "#0"},
				"south": {"uv": [2.75, 7.25, 3.625, 7.875], "texture": "#0"},
				"west": {"uv": [2.75, 7.25, 3.625, 7.875], "texture": "#0"},
				"up": {"uv": [2.75, 7.25, 3.625, 7.875], "texture": "#0"},
				"down": {"uv": [2.75, 7.25, 3.625, 7.875], "texture": "#0"}
			}
		},
		{
			"from": [6.58786, 9.34747, 6.00656],
			"to": [9.42157, 10.42044, 9.99174],
			"rotation": {"angle": 0, "axis": "y", "origin": [10.67523, -15.35149, -4.23653]},
			"faces": {
				"north": {"uv": [2.75, 7.25, 3.625, 7.875], "texture": "#0"},
				"east": {"uv": [2.75, 7.25, 3.625, 7.875], "texture": "#0"},
				"south": {"uv": [2.75, 7.25, 3.625, 7.875], "texture": "#0"},
				"west": {"uv": [2.75, 7.25, 3.625, 7.875], "texture": "#0"},
				"up": {"uv": [3, 9.125, 4, 9.5], "texture": "#0"},
				"down": {"uv": [2.75, 7.25, 3.625, 7.875], "texture": "#0"}
			}
		},
		{
			"from": [6.78656, 5.69026, 6.00656],
			"to": [9.22287, 6.63077, 9.99174],
			"rotation": {"angle": 0, "axis": "y", "origin": [10.67523, -15.35149, -4.23653]},
			"faces": {
				"north": {"uv": [2.75, 7.25, 3.625, 7.875], "texture": "#0"},
				"east": {"uv": [2.75, 7.25, 3.625, 7.875], "texture": "#0"},
				"south": {"uv": [2.75, 7.25, 3.625, 7.875], "texture": "#0"},
				"west": {"uv": [2.75, 7.25, 3.625, 7.875], "texture": "#0"},
				"up": {"uv": [2.75, 7.25, 3.625, 7.875], "texture": "#0"},
				"down": {"uv": [2.75, 7.25, 3.625, 7.875], "texture": "#0"}
			}
		},
		{
			"from": [6.72955, 9.21439, 9.83948],
			"to": [9.27988, 10.18007, 13.82466],
			"rotation": {"angle": 0, "axis": "y", "origin": [10.40817, -15.47531, -4.23653]},
			"faces": {
				"north": {"uv": [2.75, 7.25, 3.625, 7.875], "texture": "#0"},
				"east": {"uv": [2.75, 7.25, 3.625, 7.875], "texture": "#0"},
				"south": {"uv": [2.75, 7.25, 3.625, 7.875], "texture": "#0"},
				"west": {"uv": [2.75, 7.25, 3.625, 7.875], "texture": "#0"},
				"up": {"uv": [3, 9.125, 4, 9.5], "texture": "#0"},
				"down": {"uv": [2.75, 7.25, 3.625, 7.875], "texture": "#0"}
			}
		},
		{
			"from": [6.37189, 6.72763, 9.83948],
			"to": [9.63754, 9.28592, 13.82466],
			"rotation": {"angle": 0, "axis": "y", "origin": [10.40817, -15.47531, -4.23653]},
			"faces": {
				"north": {"uv": [2.75, 7.25, 3.625, 7.875], "texture": "#0"},
				"east": {"uv": [2.75, 7.25, 3.625, 7.875], "texture": "#0"},
				"south": {"uv": [2.75, 7.25, 3.625, 7.875], "texture": "#0"},
				"west": {"uv": [2.75, 7.25, 3.625, 7.875], "texture": "#0"},
				"up": {"uv": [2.75, 7.25, 3.625, 7.875], "texture": "#0"},
				"down": {"uv": [2.75, 7.25, 3.625, 7.875], "texture": "#0"}
			}
		},
		{
			"from": [6.90838, 5.92291, 9.83948],
			"to": [9.10106, 6.76936, 13.82466],
			"rotation": {"angle": 0, "axis": "y", "origin": [10.40817, -15.47531, -4.23653]},
			"faces": {
				"north": {"uv": [2.75, 7.25, 3.625, 7.875], "texture": "#0"},
				"east": {"uv": [2.75, 7.25, 3.625, 7.875], "texture": "#0"},
				"south": {"uv": [2.75, 7.25, 3.625, 7.875], "texture": "#0"},
				"west": {"uv": [2.75, 7.25, 3.625, 7.875], "texture": "#0"},
				"up": {"uv": [2.75, 7.25, 3.625, 7.875], "texture": "#0"},
				"down": {"uv": [2.75, 7.25, 3.625, 7.875], "texture": "#0"}
			}
		},
		{
			"from": [6.87189, 6.97763, 13.82466],
			"to": [9.13754, 9.03592, 13.84966],
			"rotation": {"angle": 0, "axis": "y", "origin": [10.40817, -15.47531, -4.23653]},
			"faces": {
				"north": {"uv": [2.75, 7.25, 3.625, 7.875], "texture": "#0"},
				"east": {"uv": [2.75, 7.25, 3.625, 7.875], "texture": "#0"},
				"south": {"uv": [5, 13.5, 5.875, 14.375], "texture": "#0"},
				"west": {"uv": [2.75, 7.25, 3.625, 7.875], "texture": "#0"},
				"up": {"uv": [2.75, 7.25, 3.625, 7.875], "texture": "#0"},
				"down": {"uv": [2.75, 7.25, 3.625, 7.875], "texture": "#0"}
			}
		}
	],
	"display": {
		"head": {
			"translation": [0, -7.25, 20.25],
			"scale": [4, 4, 4]
		}
	},
	"groups": [
		{
			"name": "root",
			"origin": [8, 8, 8],
			"color": 0,
			"children": [
				{
					"name": "tail",
					"origin": [8, 8, 8],
					"color": 0,
					"children": [
						{
							"name": "1",
							"origin": [8, 8, 8],
							"color": 0,
							"children": [
								{
									"name": "group",
									"origin": [8, 8, 8],
									"color": 0,
									"children": [0, 1, 2]
								},
								{
									"name": "group",
									"origin": [9.47644, 6.748, 6.89163],
									"color": 0,
									"children": [3, 4, 5]
								},
								{
									"name": "group",
									"origin": [8, 8, 8],
									"color": 0,
									"children": [6, 7, 8]
								}
							]
						},
						9
					]
				}
			]
		}
	]
}