{
	"credit": "Made with Blockbench",
	"texture_size": [32, 32],
	"textures": {
		"0": "kushala/head",
		"particle": "kushala/head"
	},
	"elements": [
		{
			"from": [5.39957, 6.11798, 1.76017],
			"to": [10.58432, 9.82787, 7.57864],
			"rotation": {"angle": 0, "axis": "y", "origin": [11.80783, -14.67253, -30.54441]},
			"faces": {
				"north": {"uv": [2.75, 7.25, 3.625, 7.875], "texture": "#0"},
				"east": {"uv": [2.75, 7.25, 3.625, 7.875], "texture": "#0"},
				"south": {"uv": [2.75, 7.25, 3.625, 7.875], "texture": "#0"},
				"west": {"uv": [2.75, 7.25, 3.625, 7.875], "texture": "#0"},
				"up": {"uv": [2.75, 7.25, 3.625, 7.875], "texture": "#0"},
				"down": {"uv": [2.75, 7.25, 3.625, 7.875], "texture": "#0"}
			}
		},
		{
			"from": [5.96741, 9.7143, 1.76017],
			"to": [10.01648, 11.24747, 7.57864],
			"rotation": {"angle": 0, "axis": "y", "origin": [11.80783, -14.67253, -30.54441]},
			"faces": {
				"north": {"uv": [2.75, 7.25, 3.625, 7.875], "texture": "#0"},
				"east": {"uv": [2.75, 7.25, 3.625, 7.875], "texture": "#0"},
				"south": {"uv": [2.75, 7.25, 3.625, 7.875], "texture": "#0"},
				"west": {"uv": [2.75, 7.25, 3.625, 7.875], "texture": "#0"},
				"up": {"uv": [3, 9.125, 4, 9.5], "texture": "#0"},
				"down": {"uv": [2.75, 7.25, 3.625, 7.875], "texture": "#0"}
			}
		},
		{
			"from": [6.25133, 4.84034, 1.76017],
			"to": [9.73256, 6.18423, 7.57864],
			"rotation": {"angle": 0, "axis": "y", "origin": [11.80783, -14.67253, -30.54441]},
			"faces": {
				"north": {"uv": [2.75, 7.25, 3.625, 7.875], "texture": "#0"},
				"east": {"uv": [2.75, 7.25, 3.625, 7.875], "texture": "#0"},
				"south": {"uv": [2.75, 7.25, 3.625, 7.875], "texture": "#0"},
				"west": {"uv": [2.75, 7.25, 3.625, 7.875], "texture": "#0"},
				"up": {"uv": [2.75, 7.25, 3.625, 7.875], "texture": "#0"},
				"down": {"uv": [2.75, 7.25, 3.625, 7.875], "texture": "#0"}
			}
		},
		{
			"from": [5.66354, 6.28179, 7.41624],
			"to": [10.32982, 9.71533, 12.55822],
			"rotation": {"angle": 0, "axis": "y", "origin": [11.43097, -14.89032, -20.79724]},
			"faces": {
				"north": {"uv": [2.75, 7.25, 3.625, 7.875], "texture": "#0"},
				"east": {"uv": [2.75, 7.25, 3.625, 7.875], "texture": "#0"},
				"south": {"uv": [2.75, 7.25, 3.625, 7.875], "texture": "#0"},
				"west": {"uv": [2.75, 7.25, 3.625, 7.875], "texture": "#0"},
				"up": {"uv": [2.75, 7.25, 3.625, 7.875], "texture": "#0"},
				"down": {"uv": [2.75, 7.25, 3.625, 7.875], "texture": "#0"}
			}
		},
		{
			"from": [6.17459, 9.61311, 7.41624],
			"to": [9.81876, 10.99297, 12.55822],
			"rotation": {"angle": 0, "axis": "y", "origin": [11.43097, -14.89032, -20.79724]},
			"faces": {
				"north": {"uv": [2.75, 7.25, 3.625, 7.875], "texture": "#0"},
				"east": {"uv": [2.75, 7.25, 3.625, 7.875], "texture": "#0"},
				"south": {"uv": [2.75, 7.25, 3.625, 7.875], "texture": "#0"},
				"west": {"uv": [2.75, 7.25, 3.625, 7.875], "texture": "#0"},
				"up": {"uv": [3, 9.125, 4, 9.5], "texture": "#0"},
				"down": {"uv": [2.75, 7.25, 3.625, 7.875], "texture": "#0"}
			}
		},
		{
			"from": [6.43012, 5.13191, 7.41624],
			"to": [9.56323, 6.34141, 12.55822],
			"rotation": {"angle": 0, "axis": "y", "origin": [11.43097, -14.89032, -20.79724]},
			"faces": {
				"north": {"uv": [2.75, 7.25, 3.625, 7.875], "texture": "#0"},
				"east": {"uv": [2.75, 7.25, 3.625, 7.875], "texture": "#0"},
				"south": {"uv": [2.75, 7.25, 3.625, 7.875], "texture": "#0"},
				"west": {"uv": [2.75, 7.25, 3.625, 7.875], "texture": "#0"},
				"up": {"uv": [2.75, 7.25, 3.625, 7.875], "texture": "#0"},
				"down": {"uv": [2.75, 7.25, 3.625, 7.875], "texture": "#0"}
			}
		},
		{
			"from": [5.80352, 6.38564, 12.5268],
			"to": [10.18983, 9.61317, 17.66878],
			"rotation": {"angle": 0, "axis": "y", "origin": [11.22491, -14.99252, -20.79724]},
			"faces": {
				"north": {"uv": [2.75, 7.25, 3.625, 7.875], "texture": "#0"},
				"east": {"uv": [2.75, 7.25, 3.625, 7.875], "texture": "#0"},
				"south": {"uv": [2.75, 7.25, 3.625, 7.875], "texture": "#0"},
				"west": {"uv": [2.75, 7.25, 3.625, 7.875], "texture": "#0"},
				"up": {"uv": [2.75, 7.25, 3.625, 7.875], "texture": "#0"},
				"down": {"uv": [2.75, 7.25, 3.625, 7.875], "texture": "#0"}
			}
		},
		{
			"from": [6.28392, 9.51709, 12.5268],
			"to": [9.70944, 10.81415, 17.66878],
			"rotation": {"angle": 0, "axis": "y", "origin": [11.22491, -14.99252, -20.79724]},
			"faces": {
				"north": {"uv": [2.75, 7.25, 3.625, 7.875], "texture": "#0"},
				"east": {"uv": [2.75, 7.25, 3.625, 7.875], "texture": "#0"},
				"south": {"uv": [2.75, 7.25, 3.625, 7.875], "texture": "#0"},
				"west": {"uv": [2.75, 7.25, 3.625, 7.875], "texture": "#0"},
				"up": {"uv": [3, 9.125, 4, 9.5], "texture": "#0"},
				"down": {"uv": [2.75, 7.25, 3.625, 7.875], "texture": "#0"}
			}
		},
		{
			"from": [6.52411, 5.30476, 12.5268],
			"to": [9.46924, 6.44169, 17.66878],
			"rotation": {"angle": 0, "axis": "y", "origin": [11.22491, -14.99252, -20.79724]},
			"faces": {
				"north": {"uv": [2.75, 7.25, 3.625, 7.875], "texture": "#0"},
				"east": {"uv": [2.75, 7.25, 3.625, 7.875], "texture": "#0"},
				"south": {"uv": [2.75, 7.25, 3.625, 7.875], "texture": "#0"},
				"west": {"uv": [2.75, 7.25, 3.625, 7.875], "texture": "#0"},
				"up": {"uv": [2.75, 7.25, 3.625, 7.875], "texture": "#0"},
				"down": {"uv": [2.75, 7.25, 3.625, 7.875], "texture": "#0"}
			}
		}
	],
	"display": {
		"head": {
			"translation": [0, -6.75, 19.75],
			"scale": [4, 4, 4]
		}
	},
	"groups": [
		{
			"name": "root",
			"origin": [8, 8, 8],
			"color": 0,
			"children": [
				{
					"name": "tail",
					"origin": [8, 8, 8],
					"color": 0,
					"children": [
						{
							"name": "0",
							"origin": [8, 8, 8],
							"color": 0,
							"children": [
								{
									"name": "group",
									"origin": [8, 8, 8],
									"color": 0,
									"children": [0, 1, 2]
								},
								{
									"name": "group",
									"origin": [8, 8, 8],
									"color": 0,
									"children": [3, 4, 5]
								},
								{
									"name": "group",
									"origin": [8, 8, 8],
									"color": 0,
									"children": [6, 7, 8]
								}
							]
						}
					]
				}
			]
		}
	]
}