{
	"credit": "Made with Blockbench",
	"texture_size": [32, 32],
	"textures": {
		"0": "kushala/head",
		"particle": "kushala/head"
	},
	"elements": [
		{
			"from": [6.54801, 6.86809, 2.71888],
			"to": [9.45082, 9.06944, 7.25202],
			"rotation": {"angle": 0, "axis": "y", "origin": [10.13582, -14.84478, -12.13174]},
			"faces": {
				"north": {"uv": [2.75, 7.25, 3.625, 7.875], "texture": "#0"},
				"east": {"uv": [2.75, 7.25, 3.625, 7.875], "texture": "#0"},
				"south": {"uv": [2.75, 7.25, 3.625, 7.875], "texture": "#0"},
				"west": {"uv": [2.75, 7.25, 3.625, 7.875], "texture": "#0"},
				"up": {"uv": [2.75, 7.25, 3.625, 7.875], "texture": "#0"},
				"down": {"uv": [2.75, 7.25, 3.625, 7.875], "texture": "#0"}
			}
		},
		{
			"from": [6.86593, 9.00586, 2.71888],
			"to": [9.1329, 9.86423, 7.25202],
			"rotation": {"angle": 0, "axis": "y", "origin": [10.13582, -14.84478, -12.13174]},
			"faces": {
				"north": {"uv": [2.75, 7.25, 3.625, 7.875], "texture": "#0"},
				"east": {"uv": [2.75, 7.25, 3.625, 7.875], "texture": "#0"},
				"south": {"uv": [2.75, 7.25, 3.625, 7.875], "texture": "#0"},
				"west": {"uv": [2.75, 7.25, 3.625, 7.875], "texture": "#0"},
				"up": {"uv": [3, 9.125, 4, 9.5], "texture": "#0"},
				"down": {"uv": [2.75, 7.25, 3.625, 7.875], "texture": "#0"}
			}
		},
		{
			"from": [7.02489, 6.15277, 2.71888],
			"to": [8.97394, 6.90518, 7.25202],
			"rotation": {"angle": 0, "axis": "y", "origin": [10.13582, -14.84478, -12.13174]},
			"faces": {
				"north": {"uv": [2.75, 7.25, 3.625, 7.875], "texture": "#0"},
				"east": {"uv": [2.75, 7.25, 3.625, 7.875], "texture": "#0"},
				"south": {"uv": [2.75, 7.25, 3.625, 7.875], "texture": "#0"},
				"west": {"uv": [2.75, 7.25, 3.625, 7.875], "texture": "#0"},
				"up": {"uv": [2.75, 7.25, 3.625, 7.875], "texture": "#0"},
				"down": {"uv": [2.75, 7.25, 3.625, 7.875], "texture": "#0"}
			}
		},
		{
			"from": [6.6958, 6.9598, 7.12048],
			"to": [9.30832, 9.00643, 11.10566],
			"rotation": {"angle": 0, "axis": "y", "origin": [9.92483, -14.96671, -4.23653]},
			"faces": {
				"north": {"uv": [2.75, 7.25, 3.625, 7.875], "texture": "#0"},
				"east": {"uv": [2.75, 7.25, 3.625, 7.875], "texture": "#0"},
				"south": {"uv": [2.75, 7.25, 3.625, 7.875], "texture": "#0"},
				"west": {"uv": [2.75, 7.25, 3.625, 7.875], "texture": "#0"},
				"up": {"uv": [2.75, 7.25, 3.625, 7.875], "texture": "#0"},
				"down": {"uv": [2.75, 7.25, 3.625, 7.875], "texture": "#0"}
			}
		},
		{
			"from": [6.98193, 8.94921, 7.12048],
			"to": [9.0222, 9.72175, 11.10566],
			"rotation": {"angle": 0, "axis": "y", "origin": [9.92483, -14.96671, -4.23653]},
			"faces": {
				"north": {"uv": [2.75, 7.25, 3.625, 7.875], "texture": "#0"},
				"east": {"uv": [2.75, 7.25, 3.625, 7.875], "texture": "#0"},
				"south": {"uv": [2.75, 7.25, 3.625, 7.875], "texture": "#0"},
				"west": {"uv": [2.75, 7.25, 3.625, 7.875], "texture": "#0"},
				"up": {"uv": [2.75, 7.25, 3.625, 7.875], "texture": "#0"},
				"down": {"uv": [2.75, 7.25, 3.625, 7.875], "texture": "#0"}
			}
		},
		{
			"from": [7.12499, 6.31602, 7.12048],
			"to": [8.87914, 6.99318, 11.10566],
			"rotation": {"angle": 0, "axis": "y", "origin": [9.92483, -14.96671, -4.23653]},
			"faces": {
				"north": {"uv": [4, 9.875, 4.875, 10.5], "texture": "#0"},
				"east": {"uv": [4, 9.875, 4.875, 10.5], "texture": "#0"},
				"south": {"uv": [4, 9.875, 4.875, 10.5], "texture": "#0"},
				"west": {"uv": [4, 9.875, 4.875, 10.5], "texture": "#0"},
				"up": {"uv": [4, 9.875, 4.875, 10.5], "texture": "#0"},
				"down": {"uv": [4, 9.875, 4.875, 10.5], "texture": "#0"}
			}
		},
		{
			"from": [7.08394, 8.85339, 10.9534],
			"to": [8.92019, 9.54868, 14.93858],
			"rotation": {"angle": 0, "axis": "y", "origin": [9.73255, -15.05586, -4.23653]},
			"faces": {
				"north": {"uv": [2.75, 7.25, 3.625, 7.875], "texture": "#0"},
				"east": {"uv": [2.75, 7.25, 3.625, 7.875], "texture": "#0"},
				"south": {"uv": [2.75, 7.25, 3.625, 7.875], "texture": "#0"},
				"west": {"uv": [2.75, 7.25, 3.625, 7.875], "texture": "#0"},
				"up": {"uv": [2.75, 7.25, 3.625, 7.875], "texture": "#0"},
				"down": {"uv": [2.75, 7.25, 3.625, 7.875], "texture": "#0"}
			}
		},
		{
			"from": [6.82643, 7.06293, 10.9534],
			"to": [9.1777, 8.90489, 14.93858],
			"rotation": {"angle": 0, "axis": "y", "origin": [9.73255, -15.05586, -4.23653]},
			"faces": {
				"north": {"uv": [2.75, 7.25, 3.625, 7.875], "texture": "#0"},
				"east": {"uv": [4.375, 9.25, 4.875, 10.125], "rotation": 270, "texture": "#0"},
				"south": {"uv": [2.75, 7.25, 3.625, 7.875], "texture": "#0"},
				"west": {"uv": [4.5, 9.25, 4.875, 10.125], "rotation": 270, "texture": "#0"},
				"up": {"uv": [2.75, 7.25, 3.625, 7.875], "texture": "#0"},
				"down": {"uv": [2.75, 7.25, 3.625, 7.875], "texture": "#0"}
			}
		},
		{
			"from": [7.2127, 6.48352, 10.9534],
			"to": [8.79143, 7.09297, 14.93858],
			"rotation": {"angle": 0, "axis": "y", "origin": [9.73255, -15.05586, -4.23653]},
			"faces": {
				"north": {"uv": [4, 9.875, 4.875, 10.5], "texture": "#0"},
				"east": {"uv": [4, 9.875, 4.875, 10.5], "texture": "#0"},
				"south": {"uv": [4, 9.875, 4.875, 10.5], "texture": "#0"},
				"west": {"uv": [4, 9.875, 4.875, 10.5], "texture": "#0"},
				"up": {"uv": [4, 9.875, 4.875, 10.5], "texture": "#0"},
				"down": {"uv": [4, 9.875, 4.875, 10.5], "texture": "#0"}
			}
		},
		{
			"from": [7.29963, 7.06293, 13.7926],
			"to": [8.7045, 8.90489, 19.19738],
			"rotation": {"angle": 0, "axis": "y", "origin": [9.73255, -15.05586, -4.23653]},
			"faces": {
				"north": {"uv": [4.125, 9.75, 5, 10.375], "texture": "#0"},
				"east": {"uv": [4.125, 9.75, 5, 10.375], "texture": "#0"},
				"south": {"uv": [4.125, 9.75, 5, 10.375], "texture": "#0"},
				"west": {"uv": [4.125, 9.75, 5, 10.375], "texture": "#0"},
				"up": {"uv": [4.125, 9.75, 5, 10.375], "texture": "#0"},
				"down": {"uv": [4.125, 9.75, 5, 10.375], "texture": "#0"}
			}
		}
	],
	"display": {
		"head": {
			"translation": [0, -7.25, 17],
			"scale": [4, 4, 4]
		}
	},
	"groups": [
		{
			"name": "root",
			"origin": [8, 8, 8],
			"color": 0,
			"children": [
				{
					"name": "tail",
					"origin": [8, 8, 8],
					"color": 0,
					"children": [
						{
							"name": "2",
							"origin": [8, 8, 8],
							"color": 0,
							"children": [
								{
									"name": "group",
									"origin": [8, 8, 8],
									"color": 0,
									"children": [0, 1, 2]
								},
								{
									"name": "group",
									"origin": [9.47644, 6.748, 6.89163],
									"color": 0,
									"children": [3, 4, 5]
								},
								{
									"name": "group",
									"origin": [8, 8, 8],
									"color": 0,
									"children": [6, 7, 8]
								},
								9
							]
						}
					]
				}
			]
		}
	]
}