{
	"credit": "Made with Blockbench",
	"texture_size": [32, 32],
	"textures": {
		"0": "kushala/head",
		"2": "kushala/wing_1",
		"particle": "kushala/head"
	},
	"elements": [
		{
			"from": [5.63783, 16.59926, 4.30955],
			"to": [8.57517, 19.40206, 10.73597],
			"rotation": {"angle": 22.5, "axis": "x", "origin": [7.1065, 17.09335, 13.36025]},
			"faces": {
				"north": {"uv": [0, 0.125, 0.625, 1.625], "rotation": 90, "texture": "#0"},
				"east": {"uv": [0, 0.125, 0.625, 1.625], "rotation": 180, "texture": "#0"},
				"south": {"uv": [0, 0.125, 0.625, 1.625], "rotation": 270, "texture": "#0"},
				"west": {"uv": [0, 0.125, 0.625, 1.625], "texture": "#0"},
				"up": {"uv": [0, 0.125, 0.625, 1.625], "rotation": 90, "texture": "#0"},
				"down": {"uv": [0, 0.125, 0.625, 1.625], "rotation": 270, "texture": "#0"}
			}
		},
		{
			"from": [6.03823, 16.99966, 10.23547],
			"to": [8.17477, 19.00166, 14.23947],
			"rotation": {"angle": 22.5, "axis": "x", "origin": [7.1065, 17.09335, 13.36025]},
			"faces": {
				"north": {"uv": [0, 0.125, 0.625, 1.625], "rotation": 90, "texture": "#0"},
				"east": {"uv": [0, 0.125, 0.625, 1.625], "rotation": 180, "texture": "#0"},
				"south": {"uv": [0, 0.125, 0.625, 1.625], "rotation": 270, "texture": "#0"},
				"west": {"uv": [0, 0.125, 0.625, 1.625], "texture": "#0"},
				"up": {"uv": [0, 0.125, 0.625, 1.625], "rotation": 90, "texture": "#0"},
				"down": {"uv": [0, 0.125, 0.625, 1.625], "rotation": 270, "texture": "#0"}
			}
		},
		{
			"from": [6.43863, 8.03472, 13.74676],
			"to": [7.77437, 17.36222, 14.94796],
			"rotation": {"angle": -45, "axis": "x", "origin": [7.1065, 17.09335, 13.36025]},
			"faces": {
				"north": {"uv": [0, 0.125, 0.625, 1.625], "rotation": 180, "texture": "#0"},
				"east": {"uv": [0, 0.125, 0.625, 1.625], "rotation": 270, "texture": "#0"},
				"south": {"uv": [0, 0.125, 0.625, 1.625], "texture": "#0"},
				"west": {"uv": [0, 0.125, 0.625, 1.625], "rotation": 90, "texture": "#0"},
				"up": {"uv": [0, 0.125, 0.625, 1.625], "rotation": 180, "texture": "#0"},
				"down": {"uv": [0, 0.125, 0.625, 1.625], "texture": "#0"}
			}
		},
		{
			"from": [7.11323, -10.90814, -10.53094],
			"to": [7.61373, 31.26308, 19.10989],
			"rotation": {"angle": 0, "axis": "y", "origin": [7.36348, 10.17747, -10.49802]},
			"faces": {
				"east": {"uv": [12.5, 0, 0, 8.25], "rotation": 270, "texture": "#2"},
				"west": {"uv": [0, 0, 12.5, 8.25], "rotation": 90, "texture": "#2"}
			}
		},
		{
			"from": [5.72567, 23.12857, -15.78568],
			"to": [8.48733, 25.77849, 3.18782],
			"rotation": {"angle": 22.5, "axis": "x", "origin": [7.15322, 16.07703, -3.78281]},
			"faces": {
				"north": {"uv": [0, 0.125, 0.625, 1.625], "rotation": 180, "texture": "#0"},
				"east": {"uv": [0, 0.125, 0.625, 1.625], "rotation": 270, "texture": "#0"},
				"south": {"uv": [0, 0.125, 0.625, 1.625], "texture": "#0"},
				"west": {"uv": [0, 0.125, 0.625, 1.625], "rotation": 90, "texture": "#0"},
				"up": {"uv": [0, 0.125, 0.625, 1.625], "rotation": 180, "texture": "#0"},
				"down": {"uv": [0, 0.125, 0.625, 1.625], "texture": "#0"}
			}
		}
	],
	"display": {
		"head": {
			"rotation": [-90, 0, 0],
			"translation": [3.5, 66.75, 80],
			"scale": [4, 4, 4]
		}
	},
	"groups": [
		{
			"name": "root",
			"origin": [8, 8, 8],
			"color": 0,
			"children": [
				{
					"name": "wing_l_open",
					"origin": [8, 8, 8],
					"color": 0,
					"children": [
						{
							"name": "2",
							"origin": [8, 8, 8],
							"color": 0,
							"children": [0, 1, 2, 3, 4]
						}
					]
				}
			]
		}
	]
}