{
	"credit": "Made with Blockbench",
	"texture_size": [32, 32],
	"textures": {
		"0": "kushala/head",
		"1": "kushala/wing_0",
		"particle": "kushala/head"
	},
	"elements": [
		{
			"from": [6.56777, 19.34803, -15.52293],
			"to": [9.32944, 21.99795, 3.45057],
			"rotation": {"angle": 45, "axis": "x", "origin": [7.9486, 20.21799, -4.21618]},
			"faces": {
				"north": {"uv": [0, 0.375, 0.625, 1.375], "rotation": 180, "texture": "#0"},
				"east": {"uv": [0, 0.375, 0.625, 1.375], "rotation": 270, "texture": "#0"},
				"south": {"uv": [0, 0.375, 0.625, 1.375], "texture": "#0"},
				"west": {"uv": [0, 0.375, 0.625, 1.375], "rotation": 90, "texture": "#0"},
				"up": {"uv": [0, 0.375, 0.625, 1.375], "rotation": 180, "texture": "#0"},
				"down": {"uv": [0, 0.375, 0.625, 1.375], "texture": "#0"}
			}
		},
		{
			"from": [6.47994, 9.61073, 2.75894],
			"to": [9.41727, 16.03715, 5.56174],
			"rotation": {"angle": -22.5, "axis": "x", "origin": [7.9486, 8.72395, 3.97273]},
			"faces": {
				"north": {"uv": [0, 0.375, 0.625, 1.375], "rotation": 180, "texture": "#0"},
				"east": {"uv": [0, 0.375, 0.625, 1.375], "rotation": 270, "texture": "#0"},
				"south": {"uv": [0, 0.375, 0.625, 1.375], "texture": "#0"},
				"west": {"uv": [0, 0.375, 0.625, 1.375], "rotation": 90, "texture": "#0"},
				"up": {"uv": [0, 0.375, 0.625, 1.375], "rotation": 180, "texture": "#0"},
				"down": {"uv": [0, 0.375, 0.625, 1.375], "texture": "#0"}
			}
		},
		{
			"from": [6.88034, 6.10723, 3.15934],
			"to": [9.01687, 10.11123, 5.16134],
			"rotation": {"angle": -22.5, "axis": "x", "origin": [7.9486, 8.72395, 3.97273]},
			"faces": {
				"north": {"uv": [0, 0.375, 0.625, 1.375], "rotation": 180, "texture": "#0"},
				"east": {"uv": [0, 0.375, 0.625, 1.375], "rotation": 270, "texture": "#0"},
				"south": {"uv": [0, 0.375, 0.625, 1.375], "texture": "#0"},
				"west": {"uv": [0, 0.375, 0.625, 1.375], "rotation": 90, "texture": "#0"},
				"up": {"uv": [0, 0.375, 0.625, 1.375], "rotation": 180, "texture": "#0"},
				"down": {"uv": [0, 0.375, 0.625, 1.375], "texture": "#0"}
			}
		},
		{
			"from": [7.28074, -2.21535, 4.35923],
			"to": [8.61647, 7.11215, 5.56043],
			"rotation": {"angle": 0, "axis": "y", "origin": [7.9486, 8.72395, 3.97273]},
			"faces": {
				"north": {"uv": [0, 0.375, 0.625, 1.375], "rotation": 180, "texture": "#0"},
				"east": {"uv": [0, 0.375, 0.625, 1.375], "rotation": 270, "texture": "#0"},
				"south": {"uv": [0, 0.375, 0.625, 1.375], "texture": "#0"},
				"west": {"uv": [0, 0.375, 0.625, 1.375], "rotation": 90, "texture": "#0"},
				"up": {"uv": [0, 0.375, 0.625, 1.375], "rotation": 180, "texture": "#0"},
				"down": {"uv": [0, 0.375, 0.625, 1.375], "texture": "#0"}
			}
		},
		{
			"from": [7.95534, -14.42421, -10.72747],
			"to": [8.45584, 27.74701, 5.26337],
			"rotation": {"angle": 0, "axis": "y", "origin": [8.20559, 6.6614, -8.87455]},
			"faces": {
				"east": {"uv": [12.5, 0, 0, 8.5], "rotation": 270, "texture": "#1"},
				"west": {"uv": [0, 0, 12.5, 8.5], "rotation": 90, "texture": "#1"}
			}
		}
	],
	"display": {
		"head": {
			"rotation": [-90, 0, 0],
			"translation": [0.5, 68, 78],
			"scale": [4, 4, 4]
		}
	},
	"groups": [
		{
			"name": "root",
			"origin": [8, 8, 8],
			"color": 0,
			"children": [
				{
					"name": "wing_l_close",
					"origin": [8, 8, 8],
					"color": 0,
					"children": [
						{
							"name": "2",
							"origin": [8, 8, 8],
							"color": 0,
							"children": [0, 1, 2, 3, 4]
						}
					]
				}
			]
		}
	]
}