{
	"credit": "Made with Blockbench",
	"texture_size": [32, 32],
	"textures": {
		"0": "kushala/head",
		"1": "kushala/wing_0_break",
		"particle": "kushala/head"
	},
	"elements": [
		{
			"from": [6.63136, 25.40751, -3.39582],
			"to": [9.30203, 28.33043, 10.71304],
			"rotation": {"angle": 22.5, "axis": "x", "origin": [7.9667, 27.21325, 1.75065]},
			"faces": {
				"north": {"uv": [0, 0.375, 0.625, 1.375], "rotation": 180, "texture": "#0"},
				"east": {"uv": [0, 0.375, 0.625, 1.375], "rotation": 270, "texture": "#0"},
				"south": {"uv": [0, 0.375, 0.625, 1.375], "texture": "#0"},
				"west": {"uv": [0, 0.375, 0.625, 1.375], "rotation": 90, "texture": "#0"},
				"up": {"uv": [0, 0.375, 0.625, 1.375], "rotation": 180, "texture": "#0"},
				"down": {"uv": [0, 0.375, 0.625, 1.375], "texture": "#0"}
			}
		},
		{
			"from": [6.13086, 24.90701, -3.39582],
			"to": [9.80253, 27.82993, 11.21354],
			"rotation": {"angle": 22.5, "axis": "x", "origin": [7.9667, 27.21325, 1.75065]},
			"faces": {
				"north": {"uv": [0, 0.375, 0.625, 1.375], "rotation": 180, "texture": "#0"},
				"east": {"uv": [0, 0.375, 0.625, 1.375], "rotation": 270, "texture": "#0"},
				"south": {"uv": [0, 0.375, 0.625, 1.375], "texture": "#0"},
				"west": {"uv": [0, 0.375, 0.625, 1.375], "rotation": 90, "texture": "#0"},
				"up": {"uv": [0, 0.375, 0.625, 1.375], "rotation": 180, "texture": "#0"},
				"down": {"uv": [0, 0.375, 0.625, 1.375], "texture": "#0"}
			}
		},
		{
			"from": [5.93066, 24.40651, -5.71632],
			"to": [10.00273, 28.03013, -0.73476],
			"rotation": {"angle": 22.5, "axis": "x", "origin": [7.9667, 27.21325, 1.75065]},
			"faces": {
				"north": {"uv": [0, 0.375, 0.625, 1.375], "rotation": 180, "texture": "#0"},
				"east": {"uv": [0, 0.375, 0.625, 1.375], "rotation": 270, "texture": "#0"},
				"south": {"uv": [0, 0.375, 0.625, 1.375], "texture": "#0"},
				"west": {"uv": [0, 0.375, 0.625, 1.375], "rotation": 90, "texture": "#0"},
				"up": {"uv": [0, 0.375, 0.625, 1.375], "rotation": 180, "texture": "#0"},
				"down": {"uv": [0, 0.375, 0.625, 1.375], "texture": "#0"}
			}
		},
		{
			"from": [6.33295, 22.82239, 9.29351],
			"to": [9.60422, 26.24581, 22.26487],
			"rotation": {"angle": -22.5, "axis": "x", "origin": [7.96858, 23.1691, 15.77919]},
			"faces": {
				"north": {"uv": [0, 0.375, 0.625, 1.375], "rotation": 180, "texture": "#0"},
				"east": {"uv": [0, 0.375, 0.625, 1.375], "rotation": 270, "texture": "#0"},
				"south": {"uv": [0, 0.375, 0.625, 1.375], "texture": "#0"},
				"west": {"uv": [0, 0.375, 0.625, 1.375], "rotation": 90, "texture": "#0"},
				"up": {"uv": [0, 0.375, 0.625, 1.375], "rotation": 180, "texture": "#0"},
				"down": {"uv": [0, 0.375, 0.625, 1.375], "texture": "#0"}
			}
		},
		{
			"from": [6.78795, 24.18739, 19.03051],
			"to": [9.14922, 27.15581, 21.62787],
			"rotation": {"angle": 0, "axis": "y", "origin": [8.01531, 11.35407, 28.82229]},
			"faces": {
				"north": {"uv": [0, 0.375, 0.625, 1.375], "rotation": 180, "texture": "#0"},
				"east": {"uv": [0, 0.375, 0.625, 1.375], "rotation": 270, "texture": "#0"},
				"south": {"uv": [0, 0.375, 0.625, 1.375], "texture": "#0"},
				"west": {"uv": [0, 0.375, 0.625, 1.375], "rotation": 90, "texture": "#0"},
				"up": {"uv": [0, 0.375, 0.625, 1.375], "rotation": 180, "texture": "#0"},
				"down": {"uv": [0, 0.375, 0.625, 1.375], "texture": "#0"}
			}
		},
		{
			"from": [6.96995, 26.46239, 18.75751],
			"to": [8.96722, 29.43081, 20.71787],
			"rotation": {"angle": 22.5, "axis": "x", "origin": [7.96858, 25.6716, 20.32919]},
			"faces": {
				"north": {"uv": [0, 0.375, 0.625, 1.375], "rotation": 180, "texture": "#0"},
				"east": {"uv": [0, 0.375, 0.625, 1.375], "rotation": 270, "texture": "#0"},
				"south": {"uv": [0, 0.375, 0.625, 1.375], "texture": "#0"},
				"west": {"uv": [0, 0.375, 0.625, 1.375], "rotation": 90, "texture": "#0"},
				"up": {"uv": [0, 0.375, 0.625, 1.375], "rotation": 180, "texture": "#0"},
				"down": {"uv": [0, 0.375, 0.625, 1.375], "texture": "#0"}
			}
		},
		{
			"from": [7.33395, 29.00313, 21.80199],
			"to": [8.60322, 31.51655, 23.03435],
			"rotation": {"angle": 45, "axis": "x", "origin": [7.96858, 30.94234, 21.87217]},
			"faces": {
				"north": {"uv": [0, 0.375, 0.625, 1.375], "rotation": 180, "texture": "#0"},
				"east": {"uv": [0, 0.375, 0.625, 1.375], "rotation": 270, "texture": "#0"},
				"south": {"uv": [0, 0.375, 0.625, 1.375], "texture": "#0"},
				"west": {"uv": [0, 0.375, 0.625, 1.375], "rotation": 90, "texture": "#0"},
				"up": {"uv": [0, 0.375, 0.625, 1.375], "rotation": 180, "texture": "#0"},
				"down": {"uv": [0, 0.375, 0.625, 1.375], "texture": "#0"}
			}
		},
		{
			"from": [7.97532, -15.6311, -7.50084],
			"to": [8.47582, 26.54012, 20.31999],
			"rotation": {"angle": 0, "axis": "y", "origin": [8.22557, 5.45451, 22.10708]},
			"faces": {
				"east": {"uv": [12.5, 8.75, 0, 16], "rotation": 270, "texture": "#1"},
				"west": {"uv": [0, 8.75, 12.5, 16], "rotation": 90, "texture": "#1"}
			}
		}
	],
	"display": {
		"head": {
			"rotation": [-90, 0, 0],
			"translation": [0, 38.75, 80],
			"scale": [4, 4, 4]
		}
	},
	"groups": [
		{
			"name": "root",
			"origin": [8, 8, 8],
			"color": 0,
			"children": [
				{
					"name": "wing_l_close",
					"origin": [8, 8, 8],
					"color": 0,
					"children": [
						{
							"name": "group",
							"origin": [8, 8, 8],
							"color": 0,
							"children": [
								{
									"name": "0",
									"origin": [5.5, 8.44331, 2.22471],
									"color": 0,
									"children": [0, 1, 2]
								},
								{
									"name": "1",
									"origin": [5.5, 8.44331, 2.22471],
									"color": 0,
									"children": [3, 4, 5, 6, 7]
								}
							]
						}
					]
				}
			]
		}
	]
}