{
	"credit": "Made with Blockbench",
	"texture_size": [32, 32],
	"textures": {
		"0": "kushala/head",
		"2": "kushala/wing_1",
		"particle": "kushala/head"
	},
	"elements": [
		{
			"from": [5.77828, 25.58599, -3.39628],
			"to": [8.44895, 28.50891, 10.71258],
			"rotation": {"angle": 22.5, "axis": "x", "origin": [7.11362, 27.39173, 1.75019]},
			"faces": {
				"north": {"uv": [0, 0.125, 0.625, 1.625], "rotation": 180, "texture": "#0"},
				"east": {"uv": [0, 0.125, 0.625, 1.625], "rotation": 270, "texture": "#0"},
				"south": {"uv": [0, 0.125, 0.625, 1.625], "texture": "#0"},
				"west": {"uv": [0, 0.125, 0.625, 1.625], "rotation": 90, "texture": "#0"},
				"up": {"uv": [0, 0.125, 0.625, 1.625], "rotation": 180, "texture": "#0"},
				"down": {"uv": [0, 0.125, 0.625, 1.625], "texture": "#0"}
			}
		},
		{
			"from": [5.27778, 25.08549, -3.39628],
			"to": [8.94945, 28.00841, 11.21308],
			"rotation": {"angle": 22.5, "axis": "x", "origin": [7.11362, 27.39173, 1.75019]},
			"faces": {
				"north": {"uv": [0, 0.125, 0.625, 1.625], "rotation": 180, "texture": "#0"},
				"east": {"uv": [0, 0.125, 0.625, 1.625], "rotation": 270, "texture": "#0"},
				"south": {"uv": [0, 0.125, 0.625, 1.625], "texture": "#0"},
				"west": {"uv": [0, 0.125, 0.625, 1.625], "rotation": 90, "texture": "#0"},
				"up": {"uv": [0, 0.125, 0.625, 1.625], "rotation": 180, "texture": "#0"},
				"down": {"uv": [0, 0.125, 0.625, 1.625], "texture": "#0"}
			}
		},
		{
			"from": [5.07758, 24.58499, -5.71678],
			"to": [9.14965, 28.20861, -0.73522],
			"rotation": {"angle": 22.5, "axis": "x", "origin": [7.11362, 27.39173, 1.75019]},
			"faces": {
				"north": {"uv": [0, 0.125, 0.625, 1.625], "rotation": 180, "texture": "#0"},
				"east": {"uv": [0, 0.125, 0.625, 1.625], "rotation": 270, "texture": "#0"},
				"south": {"uv": [0, 0.125, 0.625, 1.625], "texture": "#0"},
				"west": {"uv": [0, 0.125, 0.625, 1.625], "rotation": 90, "texture": "#0"},
				"up": {"uv": [0, 0.125, 0.625, 1.625], "rotation": 180, "texture": "#0"},
				"down": {"uv": [0, 0.125, 0.625, 1.625], "texture": "#0"}
			}
		},
		{
			"from": [5.47987, 21.63587, 9.29305],
			"to": [8.75114, 25.05929, 22.26441],
			"rotation": {"angle": 0, "axis": "y", "origin": [7.16223, 11.53255, 28.82183]},
			"faces": {
				"north": {"uv": [0, 0.125, 0.625, 1.625], "rotation": 180, "texture": "#0"},
				"east": {"uv": [0, 0.125, 0.625, 1.625], "rotation": 270, "texture": "#0"},
				"south": {"uv": [0, 0.125, 0.625, 1.625], "texture": "#0"},
				"west": {"uv": [0, 0.125, 0.625, 1.625], "rotation": 90, "texture": "#0"},
				"up": {"uv": [0, 0.125, 0.625, 1.625], "rotation": 180, "texture": "#0"},
				"down": {"uv": [0, 0.125, 0.625, 1.625], "texture": "#0"}
			}
		},
		{
			"from": [5.93487, 24.36587, 19.03005],
			"to": [8.29614, 27.33429, 21.62741],
			"rotation": {"angle": 0, "axis": "y", "origin": [7.16223, 11.53255, 28.82183]},
			"faces": {
				"north": {"uv": [0, 0.125, 0.625, 1.625], "rotation": 180, "texture": "#0"},
				"east": {"uv": [0, 0.125, 0.625, 1.625], "rotation": 270, "texture": "#0"},
				"south": {"uv": [0, 0.125, 0.625, 1.625], "texture": "#0"},
				"west": {"uv": [0, 0.125, 0.625, 1.625], "rotation": 90, "texture": "#0"},
				"up": {"uv": [0, 0.125, 0.625, 1.625], "rotation": 180, "texture": "#0"},
				"down": {"uv": [0, 0.125, 0.625, 1.625], "texture": "#0"}
			}
		},
		{
			"from": [6.11687, 26.64087, 18.75705],
			"to": [8.11414, 29.60929, 20.71741],
			"rotation": {"angle": 22.5, "axis": "x", "origin": [7.1155, 25.85008, 20.32873]},
			"faces": {
				"north": {"uv": [0, 0.125, 0.625, 1.625], "rotation": 180, "texture": "#0"},
				"east": {"uv": [0, 0.125, 0.625, 1.625], "rotation": 270, "texture": "#0"},
				"south": {"uv": [0, 0.125, 0.625, 1.625], "texture": "#0"},
				"west": {"uv": [0, 0.125, 0.625, 1.625], "rotation": 90, "texture": "#0"},
				"up": {"uv": [0, 0.125, 0.625, 1.625], "rotation": 180, "texture": "#0"},
				"down": {"uv": [0, 0.125, 0.625, 1.625], "texture": "#0"}
			}
		},
		{
			"from": [6.48087, 29.18161, 21.80153],
			"to": [7.75014, 31.69503, 23.03389],
			"rotation": {"angle": 45, "axis": "x", "origin": [7.1155, 31.12082, 21.87171]},
			"faces": {
				"north": {"uv": [0, 0.125, 0.625, 1.625], "rotation": 180, "texture": "#0"},
				"east": {"uv": [0, 0.125, 0.625, 1.625], "rotation": 270, "texture": "#0"},
				"south": {"uv": [0, 0.125, 0.625, 1.625], "texture": "#0"},
				"west": {"uv": [0, 0.125, 0.625, 1.625], "rotation": 90, "texture": "#0"},
				"up": {"uv": [0, 0.125, 0.625, 1.625], "rotation": 180, "texture": "#0"},
				"down": {"uv": [0, 0.125, 0.625, 1.625], "texture": "#0"}
			}
		},
		{
			"from": [7.12224, -15.45262, -7.5013],
			"to": [7.62274, 26.7186, 22.13953],
			"rotation": {"angle": 0, "axis": "y", "origin": [7.37249, 5.63299, 22.10661]},
			"faces": {
				"east": {"uv": [12.5, 8.25, 0, 16], "rotation": 270, "texture": "#2"},
				"west": {"uv": [0, 8.25, 12.5, 16], "rotation": 90, "texture": "#2"}
			}
		}
	],
	"display": {
		"head": {
			"rotation": [-90, 0, 0],
			"translation": [3.5, 38.75, 80],
			"scale": [4, 4, 4]
		}
	},
	"groups": [
		{
			"name": "root",
			"origin": [8, 8, 8],
			"color": 0,
			"children": [
				{
					"name": "wing_l_open",
					"origin": [8, 8, 8],
					"color": 0,
					"children": [
						{
							"name": "group",
							"origin": [8, 8, 8],
							"color": 0,
							"children": [
								{
									"name": "0",
									"origin": [5.5, 8.44331, 2.22471],
									"color": 0,
									"children": [0, 1, 2]
								},
								{
									"name": "1",
									"origin": [5.5, 8.44331, 2.22471],
									"color": 0,
									"children": [3, 4, 5, 6, 7]
								}
							]
						}
					]
				}
			]
		}
	]
}