{
	"credit": "Made with Blockbench",
	"texture_size": [32, 32],
	"textures": {
		"0": "reia/head",
		"particle": "reia/head"
	},
	"elements": [
		{
			"from": [4.54116, 4.32168, 8.87055],
			"to": [7.18016, 5.50468, 10.23555],
			"rotation": {"angle": 45, "axis": "z", "origin": [4.14683, 5.08002, 9.32555]},
			"faces": {
				"north": {"uv": [7.5, 1.5, 8, 2], "texture": "#0"},
				"east": {"uv": [7.5, 2, 8, 2.5], "texture": "#0"},
				"south": {"uv": [7.5, 2.5, 8, 3], "texture": "#0"},
				"west": {"uv": [7.5, 3, 8, 3.5], "texture": "#0"},
				"up": {"uv": [8, 4, 7.5, 3.5], "texture": "#0"},
				"down": {"uv": [8, 4, 7.5, 4.5], "texture": "#0"}
			}
		},
		{
			"from": [3.54016, 4.59468, 8.87055],
			"to": [4.54116, 5.50468, 9.78055],
			"rotation": {"angle": 45, "axis": "z", "origin": [4.14683, 5.08002, 9.32555]},
			"faces": {
				"north": {"uv": [7.5, 4.5, 8, 5], "texture": "#0"},
				"east": {"uv": [7.5, 5, 8, 5.5], "texture": "#0"},
				"south": {"uv": [7.5, 5.5, 8, 6], "texture": "#0"},
				"west": {"uv": [7.5, 6, 8, 6.5], "texture": "#0"},
				"up": {"uv": [8, 7, 7.5, 6.5], "texture": "#0"},
				"down": {"uv": [8, 7, 7.5, 7.5], "texture": "#0"}
			}
		},
		{
			"from": [2.63016, 5.04968, 8.87055],
			"to": [3.54016, 5.50468, 9.32555],
			"rotation": {"angle": 45, "axis": "z", "origin": [4.14683, 5.08002, 9.32555]},
			"faces": {
				"north": {"uv": [0, 8, 0.5, 8.5], "texture": "#0"},
				"east": {"uv": [0.5, 8, 1, 8.5], "texture": "#0"},
				"south": {"uv": [1, 8, 1.5, 8.5], "texture": "#0"},
				"west": {"uv": [1.5, 8, 2, 8.5], "texture": "#0"},
				"up": {"uv": [2.5, 8.5, 2, 8], "texture": "#0"},
				"down": {"uv": [3, 8, 2.5, 8.5], "texture": "#0"}
			}
		},
		{
			"from": [8.81744, 4.32168, 8.87055],
			"to": [11.45644, 5.50468, 10.23555],
			"rotation": {"angle": -45, "axis": "z", "origin": [11.85077, 5.08002, 9.32555]},
			"faces": {
				"north": {"uv": [8, 1.5, 7.5, 2], "texture": "#0"},
				"east": {"uv": [8, 3, 7.5, 3.5], "texture": "#0"},
				"south": {"uv": [8, 2.5, 7.5, 3], "texture": "#0"},
				"west": {"uv": [8, 2, 7.5, 2.5], "texture": "#0"},
				"up": {"uv": [7.5, 4, 8, 3.5], "texture": "#0"},
				"down": {"uv": [7.5, 4, 8, 4.5], "texture": "#0"}
			}
		},
		{
			"from": [11.45644, 4.59468, 8.87055],
			"to": [12.45744, 5.50468, 9.78055],
			"rotation": {"angle": -45, "axis": "z", "origin": [11.85077, 5.08002, 9.32555]},
			"faces": {
				"north": {"uv": [8, 4.5, 7.5, 5], "texture": "#0"},
				"east": {"uv": [8, 6, 7.5, 6.5], "texture": "#0"},
				"south": {"uv": [8, 5.5, 7.5, 6], "texture": "#0"},
				"west": {"uv": [8, 5, 7.5, 5.5], "texture": "#0"},
				"up": {"uv": [7.5, 7, 8, 6.5], "texture": "#0"},
				"down": {"uv": [7.5, 7, 8, 7.5], "texture": "#0"}
			}
		},
		{
			"from": [12.45744, 5.04968, 8.87055],
			"to": [13.36744, 5.50468, 9.32555],
			"rotation": {"angle": -45, "axis": "z", "origin": [11.85077, 5.08002, 9.32555]},
			"faces": {
				"north": {"uv": [0.5, 8, 0, 8.5], "texture": "#0"},
				"east": {"uv": [2, 8, 1.5, 8.5], "texture": "#0"},
				"south": {"uv": [1.5, 8, 1, 8.5], "texture": "#0"},
				"west": {"uv": [1, 8, 0.5, 8.5], "texture": "#0"},
				"up": {"uv": [2, 8.5, 2.5, 8], "texture": "#0"},
				"down": {"uv": [2.5, 8, 3, 8.5], "texture": "#0"}
			}
		},
		{
			"from": [6.6338, 9.7248, 6.91436],
			"to": [9.3638, 10.6348, 9.64436],
			"rotation": {"angle": 0, "axis": "y", "origin": [10.7288, 9.2698, 11.00936]},
			"faces": {
				"north": {"uv": [8.25, 1.75, 10.25, 2.75], "texture": "#0"},
				"east": {"uv": [9.75, 6.75, 10.25, 9.5], "rotation": 90, "texture": "#0"},
				"south": {"uv": [4.5, 2, 5.5, 2.5], "texture": "#0"},
				"west": {"uv": [9.5, 7.25, 10, 9.5], "rotation": 90, "texture": "#0"},
				"up": {"uv": [10.25, 3.25, 8.25, 1.5], "texture": "#0"},
				"down": {"uv": [3.5, 0, 2.5, 1.5], "texture": "#0"}
			}
		},
		{
			"from": [6.6338, 9.7248, 9.64436],
			"to": [9.3638, 11.0898, 11.91936],
			"rotation": {"angle": 0, "axis": "y", "origin": [10.7288, 9.2698, 11.00936]},
			"faces": {
				"north": {"uv": [8.25, 1.75, 10.25, 2.75], "texture": "#0"},
				"east": {"uv": [9.75, 6.75, 10.25, 9.5], "rotation": 90, "texture": "#0"},
				"south": {"uv": [4.5, 2, 5.5, 2.5], "texture": "#0"},
				"west": {"uv": [9.5, 7.25, 10, 9.5], "rotation": 90, "texture": "#0"},
				"up": {"uv": [10.25, 3.25, 8.25, 1.5], "texture": "#0"},
				"down": {"uv": [3.5, 0, 2.5, 1.5], "texture": "#0"}
			}
		},
		{
			"from": [6.1788, 8.8148, 6.00436],
			"to": [9.8188, 9.7248, 11.91936],
			"rotation": {"angle": 0, "axis": "y", "origin": [10.7288, 9.2698, 11.00936]},
			"faces": {
				"north": {"uv": [5.75, 3.5, 4.25, 4], "texture": "#0"},
				"east": {"uv": [3.5, 3, 5, 3.5], "texture": "#0"},
				"south": {"uv": [4.5, 4, 5.5, 4.5], "texture": "#0"},
				"west": {"uv": [2, 4.5, 3.5, 5], "texture": "#0"},
				"up": {"uv": [2.25, 4.25, 1.25, 2.75], "rotation": 180, "texture": "#0"},
				"down": {"uv": [2, 3.5, 1, 5], "texture": "#0"}
			}
		},
		{
			"from": [6.3608, 6.5398, 4.63936],
			"to": [9.6368, 8.8148, 6.00436],
			"rotation": {"angle": 0, "axis": "y", "origin": [10.7288, 9.2698, 11.00936]},
			"faces": {
				"north": {"uv": [10.5, 1.5, 12.5, 3], "texture": "#0"},
				"east": {"uv": [4.25, 1.5, 4.5, 2], "texture": "#0"},
				"south": {"uv": [1, 5, 2, 5.5], "texture": "#0"},
				"west": {"uv": [2.5, 2, 2.75, 2.5], "texture": "#0"},
				"up": {"uv": [5, 6, 4.75, 4.5], "rotation": 90, "texture": "#0"},
				"down": {"uv": [3.5, 4.25, 2.5, 4.5], "texture": "#0"}
			}
		},
		{
			"from": [5.9058, 6.5398, 6.00436],
			"to": [10.0918, 8.8148, 11.91936],
			"rotation": {"angle": 0, "axis": "y", "origin": [10.7288, 9.2698, 11.00936]},
			"faces": {
				"north": {"uv": [0, 5, 1, 5.5], "texture": "#0"},
				"east": {"uv": [2.5, 1.5, 4.25, 2], "texture": "#0"},
				"south": {"uv": [1, 5, 2, 5.5], "texture": "#0"},
				"west": {"uv": [2.75, 2, 4.5, 2.5], "texture": "#0"},
				"up": {"uv": [2.5, 3.5, 1.5, 1.5], "texture": "#0"},
				"down": {"uv": [3.5, 2.5, 2.5, 4.5], "texture": "#0"}
			}
		},
		{
			"from": [5.9058, 4.4468, 9.18936],
			"to": [10.0918, 6.5398, 11.91936],
			"rotation": {"angle": 0, "axis": "y", "origin": [10.7288, 9.2698, 11.00936]},
			"faces": {
				"north": {"uv": [0, 5, 1, 5.5], "texture": "#0"},
				"east": {"uv": [2.5, 1.5, 4.25, 2], "texture": "#0"},
				"south": {"uv": [1, 5, 2, 5.5], "texture": "#0"},
				"west": {"uv": [2.75, 2, 4.5, 2.5], "texture": "#0"},
				"up": {"uv": [2.5, 3.5, 1.5, 1.5], "texture": "#0"},
				"down": {"uv": [4.25, 6, 3.25, 6.75], "texture": "#0"}
			}
		},
		{
			"from": [6.0878, 5.6298, 10.19036],
			"to": [10.0918, 8.4508, 11.37336],
			"rotation": {"angle": 0, "axis": "y", "origin": [10.7288, 9.2698, 11.00936]},
			"faces": {
				"north": {"uv": [0, 5, 1, 5.5], "texture": "#0"},
				"east": {"uv": [2.5, 1.5, 4.25, 2], "texture": "#0"},
				"south": {"uv": [1, 5, 2, 5.5], "texture": "#0"},
				"west": {"uv": [2.75, 2, 4.5, 2.5], "texture": "#0"},
				"up": {"uv": [2.5, 3.5, 1.5, 1.5], "texture": "#0"},
				"down": {"uv": [3.5, 2.5, 2.5, 4.5], "texture": "#0"}
			}
		},
		{
			"from": [6.6338, 6.5398, 2.81936],
			"to": [9.3638, 7.9958, 4.63936],
			"rotation": {"angle": 0, "axis": "y", "origin": [10.7288, 9.2698, 11.00936]},
			"faces": {
				"north": {"uv": [2, 5, 3, 5.5], "texture": "#0"},
				"east": {"uv": [1, 3, 1.5, 3.5], "texture": "#0"},
				"south": {"uv": [3, 5, 4, 5.5], "texture": "#0"},
				"west": {"uv": [2, 3.5, 2.5, 4], "texture": "#0"},
				"up": {"uv": [5, 5.5, 4, 5], "texture": "#0"},
				"down": {"uv": [6, 5, 5, 5.5], "texture": "#0"}
			}
		},
		{
			"from": [7.5438, 6.5398, 1.63636],
			"to": [8.4538, 7.4498, 2.81936],
			"rotation": {"angle": 0, "axis": "y", "origin": [10.7288, 9.2698, 11.00936]},
			"faces": {
				"north": {"uv": [2, 4, 2.5, 4.5], "texture": "#0"},
				"east": {"uv": [4, 5.5, 4.5, 6], "texture": "#0"},
				"south": {"uv": [4.5, 5.5, 5, 6], "texture": "#0"},
				"west": {"uv": [5, 5.5, 5.5, 6], "texture": "#0"},
				"up": {"uv": [6, 6, 5.5, 5.5], "texture": "#0"},
				"down": {"uv": [6, 2, 5.5, 2.5], "texture": "#0"}
			}
		},
		{
			"from": [7.7258, 5.6298, 1.45436],
			"to": [8.2718, 6.5398, 2.00036],
			"rotation": {"angle": 45, "axis": "x", "origin": [8.9088, 6.0848, 2.09136]},
			"faces": {
				"north": {"uv": [5.5, 3.5, 6, 4], "texture": "#0"},
				"east": {"uv": [5.5, 4, 6, 4.5], "texture": "#0"},
				"south": {"uv": [0, 6, 0.5, 6.5], "texture": "#0"},
				"west": {"uv": [0.5, 6, 1, 6.5], "texture": "#0"},
				"up": {"uv": [1.5, 6.5, 1, 6], "texture": "#0"},
				"down": {"uv": [2, 6, 1.5, 6.5], "texture": "#0"}
			}
		},
		{
			"from": [7.6803, 6.51076, 4.58332],
			"to": [8.3173, 8.10326, 5.06107],
			"rotation": {"angle": 22.5, "axis": "x", "origin": [7.9988, 10.66264, 7.43845]},
			"faces": {
				"north": {"uv": [2, 6, 2.5, 6.5], "texture": "#0"},
				"east": {"uv": [2.5, 6, 3, 6.5], "texture": "#0"},
				"south": {"uv": [3, 6, 3.5, 6.5], "texture": "#0"},
				"west": {"uv": [3.5, 6, 4, 6.5], "texture": "#0"},
				"up": {"uv": [4.5, 6.5, 4, 6], "texture": "#0"},
				"down": {"uv": [5, 6, 4.5, 6.5], "texture": "#0"}
			}
		},
		{
			"from": [7.3163, 6.51076, 5.03832],
			"to": [8.6813, 9.01326, 6.06207],
			"rotation": {"angle": 22.5, "axis": "x", "origin": [7.9988, 10.66264, 7.43845]},
			"faces": {
				"north": {"uv": [5, 6, 5.5, 6.5], "texture": "#0"},
				"east": {"uv": [5.5, 6, 6, 6.5], "texture": "#0"},
				"south": {"uv": [6, 6, 6.5, 6.5], "texture": "#0"},
				"west": {"uv": [6, 0, 6.5, 0.5], "texture": "#0"},
				"up": {"uv": [3.75, 1, 3.25, 0.5], "texture": "#0"},
				"down": {"uv": [6.5, 1, 6, 1.5], "texture": "#0"}
			}
		},
		{
			"from": [7.90755, 9.01326, 5.40232],
			"to": [8.34005, 9.78701, 6.08482],
			"rotation": {"angle": 22.5, "axis": "x", "origin": [7.9988, 10.66264, 7.43845]},
			"faces": {
				"north": {"uv": [6, 1.5, 6.5, 2], "texture": "#0"},
				"east": {"uv": [6, 2, 6.5, 2.5], "texture": "#0"},
				"south": {"uv": [6, 2.5, 6.5, 3], "texture": "#0"},
				"west": {"uv": [5, 3, 5.5, 3.5], "texture": "#0"},
				"up": {"uv": [5.5, 1, 5, 0.5], "texture": "#0"},
				"down": {"uv": [6.5, 4, 6, 4.5], "texture": "#0"}
			}
		},
		{
			"from": [7.0888, 7.71266, 6.22595],
			"to": [8.9088, 10.44266, 7.59095],
			"rotation": {"angle": 22.5, "axis": "x", "origin": [7.9988, 10.82182, 8.06112]},
			"faces": {
				"north": {"uv": [1.5, 6.5, 2, 7], "texture": "#0"},
				"east": {"uv": [2, 6.5, 2.5, 7], "texture": "#0"},
				"south": {"uv": [2.5, 6.5, 3, 7], "texture": "#0"},
				"west": {"uv": [3, 6.5, 3.5, 7], "texture": "#0"},
				"up": {"uv": [4, 7, 3.5, 6.5], "texture": "#0"},
				"down": {"uv": [4.5, 6.5, 4, 7], "texture": "#0"}
			}
		},
		{
			"from": [7.5438, 10.44266, 6.68095],
			"to": [8.4538, 11.80766, 7.59095],
			"rotation": {"angle": 22.5, "axis": "x", "origin": [7.9988, 10.82182, 8.06112]},
			"faces": {
				"north": {"uv": [4.5, 6.5, 5, 7], "texture": "#0"},
				"east": {"uv": [5, 6.5, 5.5, 7], "texture": "#0"},
				"south": {"uv": [5.5, 6.5, 6, 7], "texture": "#0"},
				"west": {"uv": [6, 6.5, 6.5, 7], "texture": "#0"},
				"up": {"uv": [7, 7, 6.5, 6.5], "texture": "#0"},
				"down": {"uv": [7, 0, 6.5, 0.5], "texture": "#0"}
			}
		},
		{
			"from": [7.7258, 11.80766, 7.04495],
			"to": [8.2718, 12.71766, 7.59095],
			"rotation": {"angle": 22.5, "axis": "x", "origin": [7.9988, 10.82182, 8.06112]},
			"faces": {
				"north": {"uv": [6.5, 0.5, 7, 1], "texture": "#0"},
				"east": {"uv": [6.5, 1, 7, 1.5], "texture": "#0"},
				"south": {"uv": [6.5, 1.5, 7, 2], "texture": "#0"},
				"west": {"uv": [6.5, 2, 7, 2.5], "texture": "#0"},
				"up": {"uv": [7, 3, 6.5, 2.5], "texture": "#0"},
				"down": {"uv": [7, 3, 6.5, 3.5], "texture": "#0"}
			}
		},
		{
			"from": [7.0888, 10.07866, 7.86395],
			"to": [8.9088, 12.53566, 9.22895],
			"rotation": {"angle": 22.5, "axis": "x", "origin": [7.9988, 10.82182, 8.06112]},
			"faces": {
				"north": {"uv": [7, 6, 6.5, 5.5], "rotation": 180, "texture": "#0"},
				"east": {"uv": [6.5, 4, 7, 4.5], "rotation": 90, "texture": "#0"},
				"south": {"uv": [7, 6, 6.5, 6.5], "texture": "#0"},
				"west": {"uv": [6.5, 5, 7, 5.5], "rotation": 270, "texture": "#0"},
				"up": {"uv": [6.5, 4.5, 7, 5], "texture": "#0"},
				"down": {"uv": [6.5, 3.5, 7, 4], "rotation": 180, "texture": "#0"}
			}
		},
		{
			"from": [7.5438, 10.38199, 9.50195],
			"to": [8.4538, 11.29199, 10.86695],
			"rotation": {"angle": -45, "axis": "x", "origin": [7.9988, 10.82182, 8.06112]},
			"faces": {
				"north": {"uv": [0, 7, 0.5, 7.5], "texture": "#0"},
				"east": {"uv": [0.5, 7, 1, 7.5], "texture": "#0"},
				"south": {"uv": [1, 7, 1.5, 7.5], "texture": "#0"},
				"west": {"uv": [1.5, 7, 2, 7.5], "texture": "#0"},
				"up": {"uv": [2.5, 7.5, 2, 7], "texture": "#0"},
				"down": {"uv": [3, 7, 2.5, 7.5], "texture": "#0"}
			}
		},
		{
			"from": [7.7258, 10.38199, 10.86695],
			"to": [8.2718, 10.92799, 11.77695],
			"rotation": {"angle": -45, "axis": "x", "origin": [7.9988, 10.82182, 8.06112]},
			"faces": {
				"north": {"uv": [3, 7, 3.5, 7.5], "texture": "#0"},
				"east": {"uv": [3.5, 7, 4, 7.5], "texture": "#0"},
				"south": {"uv": [4, 7, 4.5, 7.5], "texture": "#0"},
				"west": {"uv": [4.5, 7, 5, 7.5], "texture": "#0"},
				"up": {"uv": [5.5, 7.5, 5, 7], "texture": "#0"},
				"down": {"uv": [6, 7, 5.5, 7.5], "texture": "#0"}
			}
		},
		{
			"from": [7.0888, 10.01371, 10.81669],
			"to": [8.9088, 13.19871, 12.18169],
			"rotation": {"angle": 22.5, "axis": "x", "origin": [7.9988, 11.37871, 11.49919]},
			"faces": {
				"north": {"uv": [7.5, 1, 7, 0.5], "rotation": 180, "texture": "#0"},
				"east": {"uv": [6.5, 7, 7, 7.5], "rotation": 90, "texture": "#0"},
				"south": {"uv": [7.5, 1, 7, 1.5], "texture": "#0"},
				"west": {"uv": [7, 0, 7.5, 0.5], "rotation": 270, "texture": "#0"},
				"up": {"uv": [7, 7, 7.5, 7.5], "texture": "#0"},
				"down": {"uv": [6, 7, 6.5, 7.5], "rotation": 180, "texture": "#0"}
			}
		},
		{
			"from": [7.5438, 12.02105, 13.54675],
			"to": [8.4538, 12.93105, 14.91175],
			"rotation": {"angle": -45, "axis": "x", "origin": [7.9988, 10.85321, 12.56091]},
			"faces": {
				"north": {"uv": [7, 1.5, 7.5, 2], "texture": "#0"},
				"east": {"uv": [7, 2, 7.5, 2.5], "texture": "#0"},
				"south": {"uv": [7, 2.5, 7.5, 3], "texture": "#0"},
				"west": {"uv": [7, 3, 7.5, 3.5], "texture": "#0"},
				"up": {"uv": [7.5, 4, 7, 3.5], "texture": "#0"},
				"down": {"uv": [7.5, 4, 7, 4.5], "texture": "#0"}
			}
		},
		{
			"from": [7.7258, 12.02105, 14.91175],
			"to": [8.2718, 12.56705, 15.82175],
			"rotation": {"angle": -45, "axis": "x", "origin": [7.9988, 10.85321, 12.56091]},
			"faces": {
				"north": {"uv": [7, 4.5, 7.5, 5], "texture": "#0"},
				"east": {"uv": [7, 5, 7.5, 5.5], "texture": "#0"},
				"south": {"uv": [7, 5.5, 7.5, 6], "texture": "#0"},
				"west": {"uv": [7, 6, 7.5, 6.5], "texture": "#0"},
				"up": {"uv": [7.5, 7, 7, 6.5], "texture": "#0"},
				"down": {"uv": [0.5, 7.5, 0, 8], "texture": "#0"}
			}
		},
		{
			"from": [4.48938, 7.0858, 7.73628],
			"to": [6.76438, 8.4508, 9.10128],
			"rotation": {"angle": 22.5, "axis": "y", "origin": [5.39938, 7.9958, 10.01128]},
			"faces": {
				"north": {"uv": [7.5, 1.5, 8, 2], "texture": "#0"},
				"east": {"uv": [7.5, 2, 8, 2.5], "texture": "#0"},
				"south": {"uv": [7.5, 2.5, 8, 3], "texture": "#0"},
				"west": {"uv": [7.5, 3, 8, 3.5], "texture": "#0"},
				"up": {"uv": [8, 4, 7.5, 3.5], "texture": "#0"},
				"down": {"uv": [8, 4, 7.5, 4.5], "texture": "#0"}
			}
		},
		{
			"from": [3.12438, 7.5408, 7.73628],
			"to": [4.48938, 8.4508, 8.64628],
			"rotation": {"angle": 22.5, "axis": "y", "origin": [5.39938, 7.9958, 10.01128]},
			"faces": {
				"north": {"uv": [7.5, 4.5, 8, 5], "texture": "#0"},
				"east": {"uv": [7.5, 5, 8, 5.5], "texture": "#0"},
				"south": {"uv": [7.5, 5.5, 8, 6], "texture": "#0"},
				"west": {"uv": [7.5, 6, 8, 6.5], "texture": "#0"},
				"up": {"uv": [8, 7, 7.5, 6.5], "texture": "#0"},
				"down": {"uv": [8, 7, 7.5, 7.5], "texture": "#0"}
			}
		},
		{
			"from": [2.21438, 7.9958, 7.73628],
			"to": [3.12438, 8.4508, 8.19128],
			"rotation": {"angle": 22.5, "axis": "y", "origin": [5.39938, 7.9958, 10.01128]},
			"faces": {
				"north": {"uv": [0, 8, 0.5, 8.5], "texture": "#0"},
				"east": {"uv": [0.5, 8, 1, 8.5], "texture": "#0"},
				"south": {"uv": [1, 8, 1.5, 8.5], "texture": "#0"},
				"west": {"uv": [1.5, 8, 2, 8.5], "texture": "#0"},
				"up": {"uv": [2.5, 8.5, 2, 8], "texture": "#0"},
				"down": {"uv": [3, 8, 2.5, 8.5], "texture": "#0"}
			}
		},
		{
			"from": [4.26825, 8.1778, 6.51078],
			"to": [5.63325, 9.5428, 7.87578],
			"rotation": {"angle": 45, "axis": "y", "origin": [5.63325, 7.5408, 5.60078]},
			"faces": {
				"north": {"uv": [3, 8, 3.5, 8.5], "texture": "#0"},
				"east": {"uv": [3.5, 8, 4, 8.5], "texture": "#0"},
				"south": {"uv": [4, 8, 4.5, 8.5], "texture": "#0"},
				"west": {"uv": [2, 10.75, 2.5, 11.25], "texture": "#0"},
				"up": {"uv": [5.5, 8.5, 5, 8], "texture": "#0"},
				"down": {"uv": [6, 8, 5.5, 8.5], "texture": "#0"}
			}
		},
		{
			"from": [2.44825, 8.1778, 8.33078],
			"to": [3.81325, 9.5428, 9.69578],
			"rotation": {"angle": 45, "axis": "y", "origin": [5.63325, 7.5408, 5.60078]},
			"faces": {
				"north": {"uv": [8, 3.5, 8.5, 4], "texture": "#0"},
				"east": {"uv": [8, 4, 8.5, 4.5], "texture": "#0"},
				"south": {"uv": [8, 4.5, 8.5, 5], "texture": "#0"},
				"west": {"uv": [8, 5, 8.5, 5.5], "texture": "#0"},
				"up": {"uv": [8.5, 6, 8, 5.5], "texture": "#0"},
				"down": {"uv": [8.5, 6, 8, 6.5], "texture": "#0"}
			}
		},
		{
			"from": [1.08325, 8.6328, 8.33078],
			"to": [2.44825, 9.5428, 9.24078],
			"rotation": {"angle": 45, "axis": "y", "origin": [5.63325, 7.5408, 5.60078]},
			"faces": {
				"north": {"uv": [8, 6.5, 8.5, 7], "texture": "#0"},
				"east": {"uv": [8, 7, 8.5, 7.5], "texture": "#0"},
				"south": {"uv": [8, 7.5, 8.5, 8], "texture": "#0"},
				"west": {"uv": [0, 8.5, 0.5, 9], "texture": "#0"},
				"up": {"uv": [1, 9, 0.5, 8.5], "texture": "#0"},
				"down": {"uv": [1.5, 8.5, 1, 9], "texture": "#0"}
			}
		},
		{
			"from": [0.17325, 9.0878, 8.33078],
			"to": [1.08325, 9.5428, 8.78578],
			"rotation": {"angle": 45, "axis": "y", "origin": [5.63325, 7.5408, 5.60078]},
			"faces": {
				"north": {"uv": [1.5, 8.5, 2, 9], "texture": "#0"},
				"east": {"uv": [2, 8.5, 2.5, 9], "texture": "#0"},
				"south": {"uv": [2.5, 8.5, 3, 9], "texture": "#0"},
				"west": {"uv": [3, 8.5, 3.5, 9], "texture": "#0"},
				"up": {"uv": [4, 9, 3.5, 8.5], "texture": "#0"},
				"down": {"uv": [4.5, 8.5, 4, 9], "texture": "#0"}
			}
		},
		{
			"from": [9.23322, 7.0858, 7.73628],
			"to": [11.50822, 8.4508, 9.10128],
			"rotation": {"angle": -22.5, "axis": "y", "origin": [10.59822, 7.9958, 10.01128]},
			"faces": {
				"north": {"uv": [9, 1.5, 9.5, 2], "texture": "#0"},
				"east": {"uv": [9, 2, 9.5, 2.5], "texture": "#0"},
				"south": {"uv": [9, 2.5, 9.5, 3], "texture": "#0"},
				"west": {"uv": [9, 3, 9.5, 3.5], "texture": "#0"},
				"up": {"uv": [9.5, 4, 9, 3.5], "texture": "#0"},
				"down": {"uv": [9.5, 4, 9, 4.5], "texture": "#0"}
			}
		},
		{
			"from": [11.50822, 7.5408, 7.73628],
			"to": [12.87322, 8.4508, 8.64628],
			"rotation": {"angle": -22.5, "axis": "y", "origin": [10.59822, 7.9958, 10.01128]},
			"faces": {
				"north": {"uv": [9, 4.5, 9.5, 5], "texture": "#0"},
				"east": {"uv": [9, 5, 9.5, 5.5], "texture": "#0"},
				"south": {"uv": [9, 5.5, 9.5, 6], "texture": "#0"},
				"west": {"uv": [9, 6, 9.5, 6.5], "texture": "#0"},
				"up": {"uv": [9.5, 7, 9, 6.5], "texture": "#0"},
				"down": {"uv": [9.5, 7, 9, 7.5], "texture": "#0"}
			}
		},
		{
			"from": [12.87322, 7.9958, 7.73628],
			"to": [13.78322, 8.4508, 8.19128],
			"rotation": {"angle": -22.5, "axis": "y", "origin": [10.59822, 7.9958, 10.01128]},
			"faces": {
				"north": {"uv": [9, 7.5, 9.5, 8], "texture": "#0"},
				"east": {"uv": [9, 8, 9.5, 8.5], "texture": "#0"},
				"south": {"uv": [9, 8.5, 9.5, 9], "texture": "#0"},
				"west": {"uv": [0, 9.5, 0.5, 10], "texture": "#0"},
				"up": {"uv": [1, 10, 0.5, 9.5], "texture": "#0"},
				"down": {"uv": [1.5, 9.5, 1, 10], "texture": "#0"}
			}
		},
		{
			"from": [10.36435, 8.1778, 6.51078],
			"to": [11.72935, 9.5428, 7.87578],
			"rotation": {"angle": -45, "axis": "y", "origin": [10.36435, 7.5408, 5.60078]},
			"faces": {
				"north": {"uv": [1.5, 9.5, 2, 10], "texture": "#0"},
				"east": {"uv": [2, 9.5, 2.5, 10], "texture": "#0"},
				"south": {"uv": [2.5, 9.5, 3, 10], "texture": "#0"},
				"west": {"uv": [3, 9.5, 3.5, 10], "texture": "#0"},
				"up": {"uv": [4, 10, 3.5, 9.5], "texture": "#0"},
				"down": {"uv": [4.5, 9.5, 4, 10], "texture": "#0"}
			}
		},
		{
			"from": [11.72935, 8.6328, 6.51078],
			"to": [13.09435, 9.5428, 7.42078],
			"rotation": {"angle": -45, "axis": "y", "origin": [10.36435, 7.5408, 5.60078]},
			"faces": {
				"north": {"uv": [4.5, 9.5, 5, 10], "texture": "#0"},
				"east": {"uv": [5, 9.5, 5.5, 10], "texture": "#0"},
				"south": {"uv": [5.5, 9.5, 6, 10], "texture": "#0"},
				"west": {"uv": [6, 9.5, 6.5, 10], "texture": "#0"},
				"up": {"uv": [7, 10, 6.5, 9.5], "texture": "#0"},
				"down": {"uv": [7.5, 9.5, 7, 10], "texture": "#0"}
			}
		},
		{
			"from": [13.09435, 9.0878, 6.51078],
			"to": [14.00435, 9.5428, 6.96578],
			"rotation": {"angle": -45, "axis": "y", "origin": [10.36435, 7.5408, 5.60078]},
			"faces": {
				"north": {"uv": [7.5, 9.5, 8, 10], "texture": "#0"},
				"east": {"uv": [8, 9.5, 8.5, 10], "texture": "#0"},
				"south": {"uv": [8.5, 9.5, 9, 10], "texture": "#0"},
				"west": {"uv": [9, 9.5, 9.5, 10], "texture": "#0"},
				"up": {"uv": [10, 10, 9.5, 9.5], "texture": "#0"},
				"down": {"uv": [10, 0, 9.5, 0.5], "texture": "#0"}
			}
		},
		{
			"from": [12.18435, 8.1778, 8.33078],
			"to": [13.54935, 9.5428, 9.69578],
			"rotation": {"angle": -45, "axis": "y", "origin": [10.36435, 7.5408, 5.60078]},
			"faces": {
				"north": {"uv": [9.5, 0.5, 10, 1], "texture": "#0"},
				"east": {"uv": [9.5, 1, 10, 1.5], "texture": "#0"},
				"south": {"uv": [9.5, 1.5, 10, 2], "texture": "#0"},
				"west": {"uv": [9.5, 2, 10, 2.5], "texture": "#0"},
				"up": {"uv": [10, 3, 9.5, 2.5], "texture": "#0"},
				"down": {"uv": [10, 3, 9.5, 3.5], "texture": "#0"}
			}
		},
		{
			"from": [13.54935, 8.6328, 8.33078],
			"to": [14.91435, 9.5428, 9.24078],
			"rotation": {"angle": -45, "axis": "y", "origin": [10.36435, 7.5408, 5.60078]},
			"faces": {
				"north": {"uv": [9.5, 3.5, 10, 4], "texture": "#0"},
				"east": {"uv": [9.5, 4, 10, 4.5], "texture": "#0"},
				"south": {"uv": [9.5, 4.5, 10, 5], "texture": "#0"},
				"west": {"uv": [9.5, 5, 10, 5.5], "texture": "#0"},
				"up": {"uv": [10, 6, 9.5, 5.5], "texture": "#0"},
				"down": {"uv": [10, 6, 9.5, 6.5], "texture": "#0"}
			}
		},
		{
			"from": [14.91435, 9.0878, 8.33078],
			"to": [15.82435, 9.5428, 8.78578],
			"rotation": {"angle": -45, "axis": "y", "origin": [10.36435, 7.5408, 5.60078]},
			"faces": {
				"north": {"uv": [9.5, 6.5, 10, 7], "texture": "#0"},
				"east": {"uv": [9.5, 7, 10, 7.5], "texture": "#0"},
				"south": {"uv": [9.5, 7.5, 10, 8], "texture": "#0"},
				"west": {"uv": [9.5, 8, 10, 8.5], "texture": "#0"},
				"up": {"uv": [10, 9, 9.5, 8.5], "texture": "#0"},
				"down": {"uv": [10, 9, 9.5, 9.5], "texture": "#0"}
			}
		},
		{
			"from": [6.2698, 8.1778, 4.82136],
			"to": [9.7278, 8.4963, 6.18636],
			"rotation": {"angle": -22.5, "axis": "x", "origin": [7.9988, 8.3143, 5.50386]},
			"faces": {
				"north": {"uv": [0.25, 3.5, 0.5, 4], "texture": "#0"},
				"east": {"uv": [0.25, 3.5, 0.5, 4], "texture": "#0"},
				"south": {"uv": [0.25, 3.5, 0.5, 4], "texture": "#0"},
				"west": {"uv": [0.25, 3.5, 0.5, 4], "texture": "#0"},
				"up": {"uv": [0.25, 3.5, 0.5, 4], "texture": "#0"},
				"down": {"uv": [0.25, 3.5, 0.5, 4], "texture": "#0"}
			}
		},
		{
			"from": [6.3153, 7.8138, 5.18536],
			"to": [9.6823, 8.3598, 6.27736],
			"rotation": {"angle": 0, "axis": "y", "origin": [10.7288, 10.5438, 12.19236]},
			"faces": {
				"north": {"uv": [11, 4.25, 11.25, 4.5], "texture": "#0"},
				"east": {"uv": [10.75, 4.25, 11.25, 4.5], "texture": "#0"},
				"south": {"uv": [10.5, 3.75, 10.75, 4.25], "texture": "#0"},
				"west": {"uv": [10.75, 4.25, 11.25, 4.5], "rotation": 180, "texture": "#0"},
				"up": {"uv": [10.5, 3.5, 10.75, 4], "texture": "#0"},
				"down": {"uv": [10.75, 4.25, 11.25, 4.5], "rotation": 180, "texture": "#0"}
			}
		},
		{
			"from": [6.7248, 6.2668, 4.95786],
			"to": [9.2728, 6.5398, 8.73436],
			"rotation": {"angle": 0, "axis": "y", "origin": [10.7288, 8.9968, 11.00936]},
			"faces": {
				"east": {"uv": [0, 11.75, 3.25, 12], "texture": "#0"},
				"west": {"uv": [0, 11.75, 3.25, 12], "texture": "#0"}
			}
		},
		{
			"from": [9.2728, 6.2668, 4.95786],
			"to": [6.7248, 6.5398, 8.73436],
			"rotation": {"angle": 0, "axis": "y", "origin": [13.2768, 8.9968, 11.00936]},
			"faces": {
				"east": {"uv": [0, 11.75, 3.25, 12], "texture": "#0"},
				"west": {"uv": [0, 11.75, 3.25, 12], "texture": "#0"}
			}
		},
		{
			"from": [6.9068, 6.2668, 3.27436],
			"to": [9.0908, 6.5398, 4.63936],
			"rotation": {"angle": 0, "axis": "y", "origin": [10.7288, 8.9968, 6.91436]},
			"faces": {
				"north": {"uv": [0.25, 11.75, 2.5, 12], "texture": "#0"},
				"east": {"uv": [0, 11.75, 1.25, 12], "texture": "#0"},
				"west": {"uv": [0, 11.75, 1.25, 12], "texture": "#0"}
			}
		},
		{
			"from": [9.0908, 6.2668, 3.27436],
			"to": [6.9068, 6.5398, 4.63936],
			"rotation": {"angle": 0, "axis": "y", "origin": [12.9128, 8.9968, 6.91436]},
			"faces": {
				"north": {"uv": [0.25, 11.75, 2.5, 12], "texture": "#0"},
				"east": {"uv": [0, 11.75, 1.25, 12], "texture": "#0"},
				"west": {"uv": [0, 11.75, 1.25, 12], "texture": "#0"}
			}
		},
		{
			"from": [5.4508, 4.89499, 9.33648],
			"to": [5.9058, 6.71499, 11.61148],
			"rotation": {"angle": -22.5, "axis": "x", "origin": [7.9988, 7.73173, 8.11727]},
			"faces": {
				"north": {"uv": [4.5, 1.5, 6, 2], "texture": "#0"},
				"east": {"uv": [4.5, 1.5, 6, 2], "texture": "#0"},
				"south": {"uv": [4.5, 1.5, 6, 2], "texture": "#0"},
				"west": {"uv": [10.5, 0, 12.5, 1.5], "texture": "#0"},
				"up": {"uv": [4.5, 1.5, 6, 2], "texture": "#0"},
				"down": {"uv": [4.5, 1.5, 6, 2], "texture": "#0"}
			}
		},
		{
			"from": [5.4508, 5.98699, 12.52148],
			"to": [5.9058, 6.71499, 12.97648],
			"rotation": {"angle": -22.5, "axis": "x", "origin": [7.9988, 7.73173, 8.11727]},
			"faces": {
				"north": {"uv": [4.5, 1.5, 6, 2], "texture": "#0"},
				"east": {"uv": [4.5, 1.5, 6, 2], "texture": "#0"},
				"south": {"uv": [4.5, 1.5, 6, 2], "texture": "#0"},
				"west": {"uv": [4.5, 1.5, 6, 2], "texture": "#0"},
				"up": {"uv": [4.5, 1.5, 6, 2], "texture": "#0"},
				"down": {"uv": [4.5, 1.5, 6, 2], "texture": "#0"}
			}
		},
		{
			"from": [5.4508, 5.34999, 11.61148],
			"to": [5.9058, 6.71499, 12.52148],
			"rotation": {"angle": -22.5, "axis": "x", "origin": [7.9988, 7.73173, 8.11727]},
			"faces": {
				"north": {"uv": [4.5, 1.5, 6, 2], "texture": "#0"},
				"east": {"uv": [4.5, 1.5, 6, 2], "texture": "#0"},
				"south": {"uv": [4.5, 1.5, 6, 2], "texture": "#0"},
				"west": {"uv": [4.5, 1.5, 6, 2], "texture": "#0"},
				"up": {"uv": [4.5, 1.5, 6, 2], "texture": "#0"},
				"down": {"uv": [4.5, 1.5, 6, 2], "texture": "#0"}
			}
		},
		{
			"from": [10.0918, 4.89499, 9.33648],
			"to": [10.5468, 6.71499, 11.61148],
			"rotation": {"angle": -22.5, "axis": "x", "origin": [7.9988, 7.73173, 8.11727]},
			"faces": {
				"north": {"uv": [6, 1.5, 4.5, 2], "texture": "#0"},
				"east": {"uv": [12.5, 0, 10.5, 1.5], "texture": "#0"},
				"south": {"uv": [6, 1.5, 4.5, 2], "texture": "#0"},
				"west": {"uv": [6, 1.5, 4.5, 2], "texture": "#0"},
				"up": {"uv": [6, 1.5, 4.5, 2], "texture": "#0"},
				"down": {"uv": [6, 1.5, 4.5, 2], "texture": "#0"}
			}
		},
		{
			"from": [10.0918, 5.98699, 12.52148],
			"to": [10.5468, 6.71499, 12.97648],
			"rotation": {"angle": -22.5, "axis": "x", "origin": [7.9988, 7.73173, 8.11727]},
			"faces": {
				"north": {"uv": [6, 1.5, 4.5, 2], "texture": "#0"},
				"east": {"uv": [6, 1.5, 4.5, 2], "texture": "#0"},
				"south": {"uv": [6, 1.5, 4.5, 2], "texture": "#0"},
				"west": {"uv": [6, 1.5, 4.5, 2], "texture": "#0"},
				"up": {"uv": [6, 1.5, 4.5, 2], "texture": "#0"},
				"down": {"uv": [6, 1.5, 4.5, 2], "texture": "#0"}
			}
		},
		{
			"from": [10.0918, 5.34999, 11.61148],
			"to": [10.5468, 6.71499, 12.52148],
			"rotation": {"angle": -22.5, "axis": "x", "origin": [7.9988, 7.73173, 8.11727]},
			"faces": {
				"north": {"uv": [6, 1.5, 4.5, 2], "texture": "#0"},
				"east": {"uv": [6, 1.5, 4.5, 2], "texture": "#0"},
				"south": {"uv": [6, 1.5, 4.5, 2], "texture": "#0"},
				"west": {"uv": [6, 1.5, 4.5, 2], "texture": "#0"},
				"up": {"uv": [6, 1.5, 4.5, 2], "texture": "#0"},
				"down": {"uv": [6, 1.5, 4.5, 2], "texture": "#0"}
			}
		}
	],
	"display": {
		"head": {
			"translation": [0, -2.75, -11.25],
			"scale": [4, 4, 4]
		}
	},
	"groups": [
		{
			"name": "root",
			"origin": [8, 8, 8],
			"color": 0,
			"children": [
				{
					"name": "head",
					"origin": [8, 8, 8],
					"color": 0,
					"children": [
						{
							"name": "upper",
							"origin": [8, 8, 8],
							"color": 0,
							"children": [
								0,
								1,
								2,
								3,
								4,
								5,
								6,
								7,
								8,
								9,
								10,
								11,
								12,
								13,
								14,
								15,
								{
									"name": "horn_center",
									"origin": [8, 8, 8],
									"color": 0,
									"children": [
										{
											"name": "group",
											"origin": [8, 8, 8],
											"color": 0,
											"children": [16, 17, 18]
										},
										{
											"name": "group",
											"origin": [8, 8, 8],
											"color": 0,
											"children": [19, 20, 21]
										},
										{
											"name": "group",
											"origin": [8, 8, 8],
											"color": 0,
											"children": [22, 23, 24]
										},
										{
											"name": "group",
											"origin": [8, 8, 8],
											"color": 0,
											"children": [25, 26, 27]
										}
									]
								},
								{
									"name": "horn_l",
									"origin": [8, 8, 8],
									"color": 0,
									"children": [
										{
											"name": "group",
											"origin": [9.5, 10.5, -1.5],
											"color": 0,
											"children": []
										},
										{
											"name": "group",
											"origin": [9.5, 10.5, -1.5],
											"color": 0,
											"children": [28, 29, 30]
										},
										{
											"name": "group",
											"origin": [9.5, 10.5, -1.5],
											"color": 0,
											"children": [31]
										},
										{
											"name": "group",
											"origin": [9.5, 10.5, -1.5],
											"color": 0,
											"children": [32, 33, 34]
										},
										{
											"name": "group",
											"origin": [8, 8, 8],
											"color": 0,
											"children": []
										}
									]
								},
								{
									"name": "horn_r",
									"origin": [8, 8, 8],
									"color": 0,
									"children": [
										{
											"name": "group",
											"origin": [9.5, 10.5, -1.5],
											"color": 0,
											"children": []
										},
										{
											"name": "group",
											"origin": [9.5, 10.5, -1.5],
											"color": 0,
											"children": [35, 36, 37]
										},
										{
											"name": "group",
											"origin": [9.5, 10.5, -1.5],
											"color": 0,
											"children": [38, 39, 40]
										},
										{
											"name": "group",
											"origin": [9.5, 10.5, -1.5],
											"color": 0,
											"children": [41, 42, 43]
										},
										{
											"name": "group",
											"origin": [8, 8, 8],
											"color": 0,
											"children": []
										}
									]
								},
								44,
								45,
								{
									"name": "tooth",
									"origin": [9.5, 9.1, -12.25],
									"color": 0,
									"children": [46, 47, 48, 49]
								},
								{
									"name": "ear",
									"origin": [7.5, 9.25, -6.5],
									"color": 0,
									"children": [50, 51, 52]
								},
								{
									"name": "ear",
									"origin": [7.5, 9.25, -6.5],
									"color": 0,
									"children": [53, 54, 55]
								}
							]
						}
					]
				}
			]
		}
	]
}