{
	"credit": "Made with Blockbench",
	"texture_size": [32, 32],
	"textures": {
		"0": "reia/head",
		"particle": "reia/head"
	},
	"elements": [
		{
			"from": [6.90859, 3.44799, 10.0284],
			"to": [9.91159, 5.85039, 14.6694],
			"rotation": {"angle": -22.5, "axis": "x", "origin": [8.41009, 4.64919, 13.0314]},
			"faces": {
				"north": {"uv": [0, 3, 1, 1.5], "rotation": 90, "texture": "#0"},
				"east": {"uv": [0, 3, 1, 1.5], "rotation": 90, "texture": "#0"},
				"south": {"uv": [0, 3, 1, 1.5], "rotation": 90, "texture": "#0"},
				"west": {"uv": [0, 3, 1, 1.5], "rotation": 90, "texture": "#0"},
				"up": {"uv": [0, 3, 1, 1.5], "rotation": 90, "texture": "#0"},
				"down": {"uv": [0, 3, 1, 1.5], "rotation": 90, "texture": "#0"}
			}
		},
		{
			"from": [7.27259, 3.20358, 11.77302],
			"to": [9.54759, 11.48458, 14.17542],
			"rotation": {"angle": 22.5, "axis": "x", "origin": [8.41009, 8.25408, 12.97422]},
			"faces": {
				"north": {"uv": [1, 1.5, 0, 3], "rotation": 180, "texture": "#0"},
				"east": {"uv": [1, 1.5, 0, 3], "rotation": 180, "texture": "#0"},
				"south": {"uv": [1, 1.5, 0, 3], "rotation": 180, "texture": "#0"},
				"west": {"uv": [1, 1.5, 0, 3], "rotation": 180, "texture": "#0"},
				"up": {"uv": [1, 1.5, 0, 3], "rotation": 180, "texture": "#0"},
				"down": {"uv": [1, 1.5, 0, 3], "rotation": 180, "texture": "#0"}
			}
		},
		{
			"from": [6.16239, 2.53454, 7.66858],
			"to": [10.65779, 4.75494, 10.67158],
			"rotation": {"angle": 0, "axis": "y", "origin": [23.12479, 1.75194, -16.95602]},
			"faces": {
				"north": {"uv": [0, 3, 1, 1.5], "rotation": 90, "texture": "#0"},
				"east": {"uv": [0, 3, 1, 1.5], "rotation": 90, "texture": "#0"},
				"south": {"uv": [0, 3, 1, 1.5], "rotation": 90, "texture": "#0"},
				"west": {"uv": [0, 3, 1, 1.5], "rotation": 90, "texture": "#0"},
				"up": {"uv": [0, 3, 1, 1.5], "rotation": 90, "texture": "#0"},
				"down": {"uv": [0, 3, 1, 1.5], "rotation": 90, "texture": "#0"}
			}
		},
		{
			"from": [7.63532, 3.57731, 5.72622],
			"to": [9.18486, 5.12686, 8.72922],
			"rotation": {"angle": 22.5, "axis": "x", "origin": [8.41009, 4.0253, 5.92127]},
			"faces": {
				"north": {"uv": [0, 3, 1, 1.5], "rotation": 90, "texture": "#0"},
				"east": {"uv": [0, 3, 1, 1.5], "rotation": 90, "texture": "#0"},
				"south": {"uv": [0, 3, 1, 1.5], "rotation": 90, "texture": "#0"},
				"west": {"uv": [0, 3, 1, 1.5], "rotation": 90, "texture": "#0"},
				"up": {"uv": [0, 3, 1, 1.5], "rotation": 90, "texture": "#0"},
				"down": {"uv": [0, 3, 1, 1.5], "rotation": 90, "texture": "#0"}
			}
		},
		{
			"from": [7.84192, 3.27214, 4.34135],
			"to": [8.97826, 4.40847, 6.43435],
			"rotation": {"angle": -22.5, "axis": "x", "origin": [8.41009, 4.15334, 4.56885]},
			"faces": {
				"north": {"uv": [11.5, 3.75, 11.25, 4.5], "texture": "#0"},
				"east": {"uv": [11.5, 3.75, 11.25, 4.5], "texture": "#0"},
				"south": {"uv": [11.5, 3.75, 11.25, 4.5], "texture": "#0"},
				"west": {"uv": [11.5, 3.75, 11.25, 4.5], "texture": "#0"},
				"up": {"uv": [11.5, 3.75, 11.25, 4.5], "texture": "#0"},
				"down": {"uv": [11.5, 3.75, 11.25, 4.5], "texture": "#0"}
			}
		},
		{
			"from": [7.99844, 3.16458, 3.34614],
			"to": [8.82174, 3.98788, 4.80214],
			"rotation": {"angle": -45, "axis": "x", "origin": [8.41009, 3.65449, 4.11964]},
			"faces": {
				"north": {"uv": [11.5, 3.75, 11.25, 4.5], "texture": "#0"},
				"east": {"uv": [11.5, 3.75, 11.25, 4.5], "texture": "#0"},
				"south": {"uv": [11.5, 3.75, 11.25, 4.5], "texture": "#0"},
				"west": {"uv": [11.5, 3.75, 11.25, 4.5], "texture": "#0"},
				"up": {"uv": [11.5, 3.75, 11.25, 4.5], "texture": "#0"},
				"down": {"uv": [11.5, 3.75, 11.25, 4.5], "texture": "#0"}
			}
		},
		{
			"from": [9.89033, 3.16458, 3.34614],
			"to": [10.71363, 3.98788, 4.80214],
			"rotation": {"angle": -45, "axis": "x", "origin": [8.22809, 3.65449, 4.11964]},
			"faces": {
				"north": {"uv": [11.5, 3.75, 11.25, 4.5], "texture": "#0"},
				"east": {"uv": [11.5, 3.75, 11.25, 4.5], "texture": "#0"},
				"south": {"uv": [11.5, 3.75, 11.25, 4.5], "texture": "#0"},
				"west": {"uv": [11.5, 3.75, 11.25, 4.5], "texture": "#0"},
				"up": {"uv": [11.5, 3.75, 11.25, 4.5], "texture": "#0"},
				"down": {"uv": [11.5, 3.75, 11.25, 4.5], "texture": "#0"}
			}
		},
		{
			"from": [6.10655, 3.16458, 3.34614],
			"to": [6.92985, 3.98788, 4.80214],
			"rotation": {"angle": -45, "axis": "x", "origin": [8.59209, 3.65449, 4.11964]},
			"faces": {
				"north": {"uv": [11.5, 3.75, 11.25, 4.5], "texture": "#0"},
				"east": {"uv": [11.5, 3.75, 11.25, 4.5], "texture": "#0"},
				"south": {"uv": [11.5, 3.75, 11.25, 4.5], "texture": "#0"},
				"west": {"uv": [11.5, 3.75, 11.25, 4.5], "texture": "#0"},
				"up": {"uv": [11.5, 3.75, 11.25, 4.5], "texture": "#0"},
				"down": {"uv": [11.5, 3.75, 11.25, 4.5], "texture": "#0"}
			}
		},
		{
			"from": [9.51938, 3.57731, 5.72622],
			"to": [11.06893, 5.12686, 8.72922],
			"rotation": {"angle": 22.5, "axis": "x", "origin": [8.22809, 4.0253, 5.92127]},
			"faces": {
				"north": {"uv": [0, 3, 1, 1.5], "rotation": 90, "texture": "#0"},
				"east": {"uv": [0, 3, 1, 1.5], "rotation": 90, "texture": "#0"},
				"south": {"uv": [0, 3, 1, 1.5], "rotation": 90, "texture": "#0"},
				"west": {"uv": [0, 3, 1, 1.5], "rotation": 90, "texture": "#0"},
				"up": {"uv": [0, 3, 1, 1.5], "rotation": 90, "texture": "#0"},
				"down": {"uv": [0, 3, 1, 1.5], "rotation": 90, "texture": "#0"}
			}
		},
		{
			"from": [9.72599, 3.27214, 4.34135],
			"to": [10.86232, 4.40847, 6.43435],
			"rotation": {"angle": -22.5, "axis": "x", "origin": [8.22809, 4.15334, 4.56885]},
			"faces": {
				"north": {"uv": [11.5, 3.75, 11.25, 4.5], "texture": "#0"},
				"east": {"uv": [11.5, 3.75, 11.25, 4.5], "texture": "#0"},
				"south": {"uv": [11.5, 3.75, 11.25, 4.5], "texture": "#0"},
				"west": {"uv": [11.5, 3.75, 11.25, 4.5], "texture": "#0"},
				"up": {"uv": [11.5, 3.75, 11.25, 4.5], "texture": "#0"},
				"down": {"uv": [11.5, 3.75, 11.25, 4.5], "texture": "#0"}
			}
		},
		{
			"from": [5.75125, 3.57731, 5.72622],
			"to": [7.3008, 5.12686, 8.72922],
			"rotation": {"angle": 22.5, "axis": "x", "origin": [8.59209, 4.0253, 5.92127]},
			"faces": {
				"north": {"uv": [0, 3, 1, 1.5], "rotation": 90, "texture": "#0"},
				"east": {"uv": [0, 3, 1, 1.5], "rotation": 90, "texture": "#0"},
				"south": {"uv": [0, 3, 1, 1.5], "rotation": 90, "texture": "#0"},
				"west": {"uv": [0, 3, 1, 1.5], "rotation": 90, "texture": "#0"},
				"up": {"uv": [0, 3, 1, 1.5], "rotation": 90, "texture": "#0"},
				"down": {"uv": [0, 3, 1, 1.5], "rotation": 90, "texture": "#0"}
			}
		},
		{
			"from": [5.95786, 3.27214, 4.34135],
			"to": [7.09419, 4.40847, 6.43435],
			"rotation": {"angle": -22.5, "axis": "x", "origin": [8.59209, 4.15334, 4.56885]},
			"faces": {
				"north": {"uv": [11.5, 3.75, 11.25, 4.5], "texture": "#0"},
				"east": {"uv": [11.5, 3.75, 11.25, 4.5], "texture": "#0"},
				"south": {"uv": [11.5, 3.75, 11.25, 4.5], "texture": "#0"},
				"west": {"uv": [11.5, 3.75, 11.25, 4.5], "texture": "#0"},
				"up": {"uv": [11.5, 3.75, 11.25, 4.5], "texture": "#0"},
				"down": {"uv": [11.5, 3.75, 11.25, 4.5], "texture": "#0"}
			}
		},
		{
			"from": [4.98696, 2.07496, 9.35116],
			"to": [7.53496, 3.69658, 10.97278],
			"rotation": {"angle": -22.5, "axis": "z", "origin": [8.64123, 3.83517, 14.74837]},
			"faces": {
				"north": {"uv": [0, 3, 1, 1.5], "rotation": 90, "texture": "#0"},
				"east": {"uv": [0, 3, 1, 1.5], "rotation": 90, "texture": "#0"},
				"south": {"uv": [0, 3, 1, 1.5], "rotation": 90, "texture": "#0"},
				"west": {"uv": [0, 3, 1, 1.5], "rotation": 90, "texture": "#0"},
				"up": {"uv": [0, 3, 1, 1.5], "rotation": 90, "texture": "#0"},
				"down": {"uv": [0, 3, 1, 1.5], "rotation": 90, "texture": "#0"}
			}
		},
		{
			"from": [3.73182, 3.30982, 9.56737],
			"to": [5.36982, 4.49901, 10.75656],
			"rotation": {"angle": 22.5, "axis": "z", "origin": [4.18682, 4.39582, 10.16197]},
			"faces": {
				"north": {"uv": [11.25, 3.75, 11.5, 4.5], "rotation": 90, "texture": "#0"},
				"east": {"uv": [11.25, 3.75, 11.5, 4.5], "rotation": 90, "texture": "#0"},
				"south": {"uv": [11.25, 3.75, 11.5, 4.5], "rotation": 90, "texture": "#0"},
				"west": {"uv": [11.25, 3.75, 11.5, 4.5], "rotation": 90, "texture": "#0"},
				"up": {"uv": [11.25, 3.75, 11.5, 4.5], "rotation": 90, "texture": "#0"},
				"down": {"uv": [11.25, 3.75, 11.5, 4.5], "rotation": 90, "texture": "#0"}
			}
		},
		{
			"from": [2.45782, 3.63742, 9.73117],
			"to": [4.00482, 4.49901, 10.59276],
			"rotation": {"angle": 45, "axis": "z", "origin": [4.18682, 4.39582, 10.16197]},
			"faces": {
				"north": {"uv": [11.25, 3.75, 11.5, 4.5], "rotation": 90, "texture": "#0"},
				"east": {"uv": [11.25, 3.75, 11.5, 4.5], "rotation": 90, "texture": "#0"},
				"south": {"uv": [11.25, 3.75, 11.5, 4.5], "rotation": 90, "texture": "#0"},
				"west": {"uv": [11.25, 3.75, 11.5, 4.5], "rotation": 90, "texture": "#0"},
				"up": {"uv": [11.25, 3.75, 11.5, 4.5], "rotation": 90, "texture": "#0"},
				"down": {"uv": [11.25, 3.75, 11.5, 4.5], "rotation": 90, "texture": "#0"}
			}
		},
		{
			"from": [6.88402, 3.52629, 13.6952],
			"to": [8.50564, 5.14791, 16.2432],
			"rotation": {"angle": 0, "axis": "y", "origin": [7.69483, 3.81286, 16.08833]},
			"faces": {
				"north": {"uv": [0, 3, 1, 1.5], "rotation": 90, "texture": "#0"},
				"east": {"uv": [0, 3, 1, 1.5], "rotation": 90, "texture": "#0"},
				"south": {"uv": [0, 3, 1, 1.5], "rotation": 90, "texture": "#0"},
				"west": {"uv": [0, 3, 1, 1.5], "rotation": 90, "texture": "#0"},
				"up": {"uv": [0, 3, 1, 1.5], "rotation": 90, "texture": "#0"},
				"down": {"uv": [0, 3, 1, 1.5], "rotation": 90, "texture": "#0"}
			}
		},
		{
			"from": [7.10024, 3.51704, 15.28964],
			"to": [8.28942, 4.70623, 16.92764],
			"rotation": {"angle": 45, "axis": "x", "origin": [7.69483, 3.81286, 16.08833]},
			"faces": {
				"north": {"uv": [11.5, 4.5, 11.25, 3.75], "rotation": 180, "texture": "#0"},
				"east": {"uv": [11.5, 4.5, 11.25, 3.75], "rotation": 180, "texture": "#0"},
				"south": {"uv": [11.5, 4.5, 11.25, 3.75], "rotation": 180, "texture": "#0"},
				"west": {"uv": [11.5, 4.5, 11.25, 3.75], "rotation": 180, "texture": "#0"},
				"up": {"uv": [11.5, 4.5, 11.25, 3.75], "rotation": 180, "texture": "#0"},
				"down": {"uv": [11.5, 4.5, 11.25, 3.75], "rotation": 180, "texture": "#0"}
			}
		},
		{
			"from": [7.26404, 2.03118, 16.20703],
			"to": [8.12562, 3.57818, 17.06862],
			"rotation": {"angle": -22.5, "axis": "x", "origin": [7.69483, 3.81286, 16.08833]},
			"faces": {
				"north": {"uv": [11.25, 3.75, 11.5, 4.5], "rotation": 180, "texture": "#0"},
				"east": {"uv": [11.25, 3.75, 11.5, 4.5], "rotation": 180, "texture": "#0"},
				"south": {"uv": [11.25, 3.75, 11.5, 4.5], "rotation": 180, "texture": "#0"},
				"west": {"uv": [11.25, 3.75, 11.5, 4.5], "rotation": 180, "texture": "#0"},
				"up": {"uv": [11.25, 3.75, 11.5, 4.5], "rotation": 180, "texture": "#0"},
				"down": {"uv": [11.25, 3.75, 11.5, 4.5], "rotation": 180, "texture": "#0"}
			}
		}
	],
	"display": {
		"head": {
			"translation": [-1.5, -16, -22.75],
			"scale": [4, 4, 4]
		}
	},
	"groups": [
		{
			"name": "root",
			"origin": [8, 8, 8],
			"color": 0,
			"children": [
				{
					"name": "leg_l",
					"origin": [8, 8, 8],
					"color": 0,
					"children": [
						{
							"name": "2",
							"origin": [8, 8, 8],
							"color": 0,
							"children": [0, 1, 2, 3, 4, 5, 6, 7, 8, 9, 10, 11, 12, 13, 14, 15, 16, 17]
						}
					]
				}
			]
		}
	]
}