{
	"credit": "Made with Blockbench",
	"texture_size": [32, 32],
	"textures": {
		"0": "reia/head",
		"particle": "reia/head"
	},
	"elements": [
		{
			"from": [6.9459, 9.9208, 7.5185],
			"to": [10.01442, 12.669, 11.3769],
			"rotation": {"angle": 0, "axis": "y", "origin": [8.48016, 9.2474, 9.9027]},
			"faces": {
				"north": {"uv": [0, 3, 1, 1.5], "rotation": 270, "texture": "#0"},
				"east": {"uv": [0, 3, 1, 1.5], "rotation": 270, "texture": "#0"},
				"south": {"uv": [0, 3, 1, 1.5], "rotation": 270, "texture": "#0"},
				"west": {"uv": [0, 3, 1, 1.5], "rotation": 270, "texture": "#0"},
				"up": {"uv": [0, 3, 1, 1.5], "rotation": 270, "texture": "#0"},
				"down": {"uv": [0, 3, 1, 1.5], "rotation": 270, "texture": "#0"}
			}
		},
		{
			"from": [7.2189, 9.4658, 6.6085],
			"to": [9.74142, 11.759, 13.6519],
			"rotation": {"angle": 0, "axis": "y", "origin": [8.48016, 9.2474, 9.9027]},
			"faces": {
				"north": {"uv": [0, 3, 1, 1.5], "rotation": 270, "texture": "#0"},
				"east": {"uv": [0, 3, 1, 1.5], "rotation": 270, "texture": "#0"},
				"south": {"uv": [0, 3, 1, 1.5], "rotation": 270, "texture": "#0"},
				"west": {"uv": [0, 3, 1, 1.5], "rotation": 270, "texture": "#0"},
				"up": {"uv": [0, 3, 1, 1.5], "rotation": 270, "texture": "#0"},
				"down": {"uv": [0, 3, 1, 1.5], "rotation": 270, "texture": "#0"}
			}
		}
	],
	"display": {
		"head": {
			"translation": [-2, -18.25, 0],
			"scale": [4, 4, 4]
		}
	},
	"groups": [
		{
			"name": "root",
			"origin": [8, 8, 8],
			"color": 0,
			"children": [
				{
					"name": "leg_l",
					"origin": [8, 8, 8],
					"color": 0,
					"children": [
						{
							"name": "1",
							"origin": [8, 8, 8],
							"color": 0,
							"children": [0, 1]
						}
					]
				}
			]
		}
	]
}