{
	"credit": "Made with Blockbench",
	"texture_size": [32, 32],
	"textures": {
		"0": "reia/head",
		"particle": "reia/head"
	},
	"elements": [
		{
			"from": [6.01834, 20.97081, 6.50023],
			"to": [9.62194, 22.06281, 9.50323],
			"rotation": {"angle": 22.5, "axis": "x", "origin": [7.54987, 15.42837, 6.03087]},
			"faces": {
				"north": {"uv": [8.5, 1.75, 9.5, 3], "texture": "#0"},
				"east": {"uv": [8.5, 1.75, 9.5, 3], "texture": "#0"},
				"south": {"uv": [8.5, 1.75, 9.5, 3], "texture": "#0"},
				"west": {"uv": [8.5, 1.75, 9.5, 3], "texture": "#0"},
				"up": {"uv": [8.5, 1.75, 9.5, 3], "texture": "#0"},
				"down": {"uv": [8.5, 1.75, 9.5, 3], "texture": "#0"}
			}
		},
		{
			"from": [5.41774, 13.05381, 6.04523],
			"to": [9.62194, 20.97081, 10.24943],
			"rotation": {"angle": 22.5, "axis": "x", "origin": [7.54987, 15.42837, 6.03087]},
			"faces": {
				"north": {"uv": [8.5, 1.75, 9.5, 3], "texture": "#0"},
				"east": {"uv": [8.5, 1.75, 9.5, 3], "texture": "#0"},
				"south": {"uv": [8.5, 1.75, 9.5, 3], "texture": "#0"},
				"west": {"uv": [8.5, 1.75, 9.5, 3], "texture": "#0"},
				"up": {"uv": [8.5, 1.75, 9.5, 3], "texture": "#0"},
				"down": {"uv": [8.5, 1.75, 9.5, 3], "texture": "#0"}
			}
		},
		{
			"from": [5.74534, 9.86881, 6.50023],
			"to": [9.29434, 13.50881, 9.50323],
			"rotation": {"angle": 22.5, "axis": "x", "origin": [7.54987, 15.42837, 6.03087]},
			"faces": {
				"north": {"uv": [8.5, 1.75, 9.5, 3], "texture": "#0"},
				"east": {"uv": [8.5, 1.75, 9.5, 3], "texture": "#0"},
				"south": {"uv": [8.5, 1.75, 9.5, 3], "texture": "#0"},
				"west": {"uv": [8.5, 1.75, 9.5, 3], "texture": "#0"},
				"up": {"uv": [8.5, 1.75, 9.5, 3], "texture": "#0"},
				"down": {"uv": [8.5, 1.75, 9.5, 3], "texture": "#0"}
			}
		},
		{
			"from": [6.01834, 13.50881, 4.84403],
			"to": [9.02134, 19.60581, 6.50023],
			"rotation": {"angle": 22.5, "axis": "x", "origin": [7.54987, 15.42837, 6.03087]},
			"faces": {
				"north": {"uv": [8.5, 1.75, 9.5, 3], "texture": "#0"},
				"east": {"uv": [8.5, 1.75, 9.5, 3], "texture": "#0"},
				"south": {"uv": [8.5, 1.75, 9.5, 3], "texture": "#0"},
				"west": {"uv": [8.5, 1.75, 9.5, 3], "texture": "#0"},
				"up": {"uv": [8.5, 1.75, 9.5, 3], "texture": "#0"},
				"down": {"uv": [8.5, 1.75, 9.5, 3], "texture": "#0"}
			}
		},
		{
			"from": [6.61894, 16.21053, 3.47359],
			"to": [8.42074, 17.86673, 7.65959],
			"rotation": {"angle": -22.5, "axis": "x", "origin": [7.51984, 16.2765, 5.45284]},
			"faces": {
				"north": {"uv": [5.5, 7.75, 6, 8], "rotation": 270, "texture": "#0"},
				"east": {"uv": [5.5, 7.75, 6, 9], "rotation": 90, "texture": "#0"},
				"south": {"uv": [5.5, 7.75, 6, 9], "rotation": 180, "texture": "#0"},
				"west": {"uv": [5.5, 7.75, 6, 9], "rotation": 270, "texture": "#0"},
				"up": {"uv": [5.5, 7.75, 6, 9], "texture": "#0"},
				"down": {"uv": [5.5, 7.75, 6, 8], "rotation": 270, "texture": "#0"}
			}
		},
		{
			"from": [6.98294, 16.25603, 2.10859],
			"to": [8.05674, 17.32073, 4.92959],
			"rotation": {"angle": -22.5, "axis": "x", "origin": [7.51984, 16.2765, 5.45284]},
			"faces": {
				"north": {"uv": [7.75, 7, 8.25, 7.5], "rotation": 90, "texture": "#0"},
				"east": {"uv": [7.75, 7, 8.25, 7.5], "rotation": 90, "texture": "#0"},
				"south": {"uv": [7.75, 7, 8.25, 7.5], "rotation": 90, "texture": "#0"},
				"west": {"uv": [7.75, 7, 8.25, 7.5], "rotation": 90, "texture": "#0"},
				"up": {"uv": [7.75, 7, 8.25, 7.5], "rotation": 90, "texture": "#0"},
				"down": {"uv": [7.75, 7, 8.25, 7.5], "rotation": 90, "texture": "#0"}
			}
		},
		{
			"from": [6.61894, 13.38953, 3.01859],
			"to": [8.42074, 15.04573, 7.20459],
			"rotation": {"angle": -45, "axis": "x", "origin": [7.51984, 13.1825, 5.08884]},
			"faces": {
				"north": {"uv": [5.5, 7.75, 6, 8], "rotation": 270, "texture": "#0"},
				"east": {"uv": [5.5, 7.75, 6, 9], "rotation": 90, "texture": "#0"},
				"south": {"uv": [5.5, 7.75, 6, 9], "rotation": 180, "texture": "#0"},
				"west": {"uv": [5.5, 7.75, 6, 9], "rotation": 270, "texture": "#0"},
				"up": {"uv": [5.5, 7.75, 6, 9], "texture": "#0"},
				"down": {"uv": [5.5, 7.75, 6, 8], "rotation": 270, "texture": "#0"}
			}
		},
		{
			"from": [6.98294, 13.43503, 1.65359],
			"to": [8.05674, 14.49973, 4.47459],
			"rotation": {"angle": -45, "axis": "x", "origin": [7.51984, 13.1825, 5.08884]},
			"faces": {
				"north": {"uv": [7.75, 7, 8.25, 7.5], "rotation": 90, "texture": "#0"},
				"east": {"uv": [7.75, 7, 8.25, 7.5], "rotation": 90, "texture": "#0"},
				"south": {"uv": [7.75, 7, 8.25, 7.5], "rotation": 90, "texture": "#0"},
				"west": {"uv": [7.75, 7, 8.25, 7.5], "rotation": 90, "texture": "#0"},
				"up": {"uv": [7.75, 7, 8.25, 7.5], "rotation": 90, "texture": "#0"},
				"down": {"uv": [7.75, 7, 8.25, 7.5], "rotation": 90, "texture": "#0"}
			}
		},
		{
			"from": [6.16394, 10.38425, 3.95362],
			"to": [8.87574, 13.66025, 5.60982],
			"rotation": {"angle": 22.5, "axis": "x", "origin": [7.51984, 10.9985, 5.08884]},
			"faces": {
				"north": {"uv": [5.5, 7.75, 6, 9], "rotation": 180, "texture": "#0"},
				"east": {"uv": [5.5, 7.75, 6, 9], "rotation": 180, "texture": "#0"},
				"south": {"uv": [5.5, 7.75, 6, 9], "rotation": 180, "texture": "#0"},
				"west": {"uv": [5.5, 7.75, 6, 9], "rotation": 180, "texture": "#0"},
				"up": {"uv": [5.5, 7.75, 6, 9], "texture": "#0"},
				"down": {"uv": [5.5, 7.75, 6, 8], "rotation": 270, "texture": "#0"}
			}
		},
		{
			"from": [6.98294, 7.65425, 4.31762],
			"to": [8.05674, 10.93025, 5.38232],
			"rotation": {"angle": 22.5, "axis": "x", "origin": [7.51984, 10.9985, 5.08884]},
			"faces": {
				"north": {"uv": [7.75, 7, 8.25, 7.5], "texture": "#0"},
				"east": {"uv": [7.75, 7, 8.25, 7.5], "texture": "#0"},
				"south": {"uv": [7.75, 7, 8.25, 7.5], "texture": "#0"},
				"west": {"uv": [7.75, 7, 8.25, 7.5], "texture": "#0"},
				"up": {"uv": [7.75, 7, 8.25, 7.5], "texture": "#0"},
				"down": {"uv": [7.75, 7, 8.25, 7.5], "texture": "#0"}
			}
		}
	],
	"display": {
		"head": {
			"translation": [2, -36.25, 0],
			"scale": [4, 4, 4]
		}
	},
	"groups": [
		{
			"name": "root",
			"origin": [8, 8, 8],
			"color": 0,
			"children": [
				{
					"name": "leg_l",
					"origin": [8, 8, 8],
					"color": 0,
					"children": [
						{
							"name": "0",
							"origin": [8, 8, 8],
							"color": 0,
							"children": [
								0,
								1,
								2,
								3,
								{
									"name": "group",
									"origin": [5.525, 4.52639, 3.16746],
									"color": 0,
									"children": [4, 5]
								},
								{
									"name": "group",
									"origin": [5.525, 4.52639, 3.16746],
									"color": 0,
									"children": [6, 7]
								},
								{
									"name": "group",
									"origin": [5.525, 4.52639, 3.16746],
									"color": 0,
									"children": [8, 9]
								}
							]
						}
					]
				}
			]
		}
	]
}