{
	"credit": "Made with Blockbench",
	"texture_size": [32, 32],
	"textures": {
		"0": "reia/head",
		"particle": "reia/head"
	},
	"elements": [
		{
			"from": [6.3984, 7.25731, 5.18799],
			"to": [9.6016, 9.16831, 9.75255],
			"rotation": {"angle": 0, "axis": "y", "origin": [11.276, 7.16631, 0.41595]},
			"faces": {
				"north": {"uv": [2, 9.75, 3, 10.5], "texture": "#0"},
				"east": {"uv": [2, 9.75, 3, 10.5], "texture": "#0"},
				"south": {"uv": [2, 9.75, 3, 10.5], "texture": "#0"},
				"west": {"uv": [2, 9.75, 3, 10.5], "texture": "#0"},
				"up": {"uv": [2, 7.75, 3, 9.25], "rotation": 90, "texture": "#0"},
				"down": {"uv": [2, 9.75, 3, 10.5], "texture": "#0"}
			}
		},
		{
			"from": [5.8524, 3.25331, 5.18799],
			"to": [10.1476, 7.25731, 9.75255],
			"rotation": {"angle": 0, "axis": "y", "origin": [11.276, 6.71131, 0.41595]},
			"faces": {
				"north": {"uv": [2, 9.75, 3, 10.5], "texture": "#0"},
				"east": {"uv": [2, 9.75, 3, 10.5], "texture": "#0"},
				"south": {"uv": [2, 9.75, 3, 10.5], "texture": "#0"},
				"west": {"uv": [2, 9.75, 3, 10.5], "texture": "#0"},
				"up": {"uv": [0.75, 7, 1, 7.5], "texture": "#0"},
				"down": {"uv": [2, 9.75, 3, 10.5], "texture": "#0"}
			}
		},
		{
			"from": [6.5804, 2.16131, 5.18799],
			"to": [9.4196, 3.25331, 9.75255],
			"rotation": {"angle": 0, "axis": "y", "origin": [11.276, 6.71131, 0.41595]},
			"faces": {
				"north": {"uv": [0, 2.75, 1.5, 3], "texture": "#0"},
				"east": {"uv": [0.25, 2.5, 1, 3], "texture": "#0"},
				"south": {"uv": [0, 1.5, 1.5, 3], "texture": "#0"},
				"west": {"uv": [0.25, 2.5, 1.25, 3], "texture": "#0"},
				"up": {"uv": [0, 1.5, 1.5, 3], "texture": "#0"},
				"down": {"uv": [0, 1.5, 1.5, 3], "rotation": 180, "texture": "#0"}
			}
		},
		{
			"from": [7.3084, 8.89531, 5.14649],
			"to": [8.6916, 9.89631, 7.84373],
			"rotation": {"angle": -45, "axis": "x", "origin": [8, 9.35031, 6.64035]},
			"faces": {
				"north": {"uv": [1.25, 3.5, 1.5, 4.25], "texture": "#0"},
				"east": {"uv": [1.25, 3.5, 1.5, 4.25], "texture": "#0"},
				"south": {"uv": [1.25, 3.5, 1.5, 4.25], "texture": "#0"},
				"west": {"uv": [1.25, 3.5, 1.5, 4.25], "texture": "#0"},
				"up": {"uv": [1.25, 3.5, 1.5, 4.25], "texture": "#0"},
				"down": {"uv": [1.25, 3.5, 1.5, 4.25], "texture": "#0"}
			}
		},
		{
			"from": [7.6724, 8.89531, 7.84373],
			"to": [8.3276, 9.44131, 9.50357],
			"rotation": {"angle": -45, "axis": "x", "origin": [8, 9.35031, 6.64035]},
			"faces": {
				"north": {"uv": [1.25, 3.5, 1.5, 4.25], "texture": "#0"},
				"east": {"uv": [1.25, 3.5, 1.5, 4.25], "texture": "#0"},
				"south": {"uv": [1.25, 3.5, 1.5, 4.25], "texture": "#0"},
				"west": {"uv": [1.25, 3.5, 1.5, 4.25], "texture": "#0"},
				"up": {"uv": [1.25, 3.5, 1.5, 4.25], "texture": "#0"},
				"down": {"uv": [1.25, 3.5, 1.5, 4.25], "texture": "#0"}
			}
		},
		{
			"from": [7.6724, 10.43684, 9.53393],
			"to": [8.3276, 11.89284, 10.15637],
			"rotation": {"angle": 22.5, "axis": "x", "origin": [8, 10.20934, 9.19678]},
			"faces": {
				"north": {"uv": [1.25, 3.5, 1.5, 4.25], "rotation": 180, "texture": "#0"},
				"east": {"uv": [1.25, 3.5, 1.5, 4.25], "rotation": 90, "texture": "#0"},
				"south": {"uv": [1.25, 3.5, 1.5, 4.25], "texture": "#0"},
				"west": {"uv": [1.25, 3.5, 1.5, 4.25], "rotation": 270, "texture": "#0"},
				"up": {"uv": [1.25, 3.5, 1.5, 4.25], "texture": "#0"},
				"down": {"uv": [1.25, 3.5, 1.5, 4.25], "rotation": 180, "texture": "#0"}
			}
		},
		{
			"from": [7.3084, 8.07084, 9.01523],
			"to": [8.6916, 10.43684, 10.15637],
			"rotation": {"angle": 22.5, "axis": "x", "origin": [8, 10.20934, 9.19678]},
			"faces": {
				"north": {"uv": [1.25, 3.5, 1.5, 4.25], "rotation": 180, "texture": "#0"},
				"east": {"uv": [1.25, 3.5, 1.5, 4.25], "rotation": 90, "texture": "#0"},
				"south": {"uv": [1.25, 3.5, 1.5, 4.25], "texture": "#0"},
				"west": {"uv": [1.25, 3.5, 1.5, 4.25], "rotation": 270, "texture": "#0"},
				"up": {"uv": [1.25, 3.5, 1.5, 4.25], "texture": "#0"},
				"down": {"uv": [1.25, 3.5, 1.5, 4.25], "rotation": 180, "texture": "#0"}
			}
		}
	],
	"display": {
		"head": {
			"translation": [0, 3, -1.75],
			"scale": [4, 4, 4]
		}
	},
	"groups": [
		{
			"name": "root",
			"origin": [8, 8, 8],
			"color": 0,
			"children": [
				{
					"name": "neck",
					"origin": [8, 8, 8],
					"color": 0,
					"children": [
						{
							"name": "1",
							"origin": [9.5, 10.5, -1.5],
							"color": 0,
							"children": [
								0,
								1,
								2,
								{
									"name": "group",
									"origin": [8.5, 9.08615, -6.93345],
									"color": 0,
									"children": [3, 4, 5, 6]
								}
							]
						}
					]
				}
			]
		}
	]
}