{
	"credit": "Made with Blockbench",
	"texture_size": [32, 32],
	"textures": {
		"0": "reia/head",
		"1": "reus/head",
		"particle": "reia/head"
	},
	"elements": [
		{
			"from": [5.98266, 5.70356, -2.8967],
			"to": [10.02079, 8.76589, 1.46209],
			"rotation": {"angle": 0, "axis": "y", "origin": [10.97372, 8.67554, -25.56906]},
			"faces": {
				"north": {"uv": [2, 9, 3.25, 10.25], "texture": "#0"},
				"east": {"uv": [2, 9, 3.25, 10.25], "texture": "#0"},
				"south": {"uv": [2, 9, 3.25, 10.25], "texture": "#0"},
				"west": {"uv": [2, 9, 3.25, 10.25], "texture": "#0"},
				"up": {"uv": [0, 11, 1.5, 11.75], "texture": "#0"},
				"down": {"uv": [2, 9, 3.25, 10.25], "texture": "#0"}
			}
		},
		{
			"from": [6.42492, 8.67744, -2.8967],
			"to": [9.57853, 9.87154, 1.46209],
			"rotation": {"angle": 0, "axis": "y", "origin": [10.97372, 8.67554, -25.56906]},
			"faces": {
				"north": {"uv": [2, 9, 3.25, 10.25], "texture": "#0"},
				"east": {"uv": [2, 9, 3.25, 10.25], "texture": "#0"},
				"south": {"uv": [2, 9, 3.25, 10.25], "texture": "#0"},
				"west": {"uv": [2, 9, 3.25, 10.25], "texture": "#0"},
				"up": {"uv": [7.75, 2.75, 8.75, 3.5], "texture": "#0"},
				"down": {"uv": [2, 9, 3.25, 10.25], "texture": "#0"}
			}
		},
		{
			"from": [6.64605, 4.70847, -2.8967],
			"to": [9.3574, 5.75515, 1.46209],
			"rotation": {"angle": 0, "axis": "y", "origin": [10.97372, 8.67554, -25.56906]},
			"faces": {
				"north": {"uv": [0, 1.5, 1.5, 3], "texture": "#0"},
				"east": {"uv": [0, 1.5, 1.5, 3], "texture": "#0"},
				"south": {"uv": [0, 1.5, 1.5, 3], "texture": "#0"},
				"west": {"uv": [0, 1.5, 1.5, 3], "texture": "#0"},
				"up": {"uv": [0, 1.5, 1.5, 3], "texture": "#0"},
				"down": {"uv": [0, 1.5, 1.5, 3], "texture": "#0"}
			}
		},
		{
			"from": [6.18826, 5.83113, 1.3356],
			"to": [9.82257, 8.67823, 5.16752],
			"rotation": {"angle": 0, "axis": "y", "origin": [10.6802, 8.50592, -17.97752]},
			"faces": {
				"north": {"uv": [2, 9, 3.25, 10.25], "texture": "#0"},
				"east": {"uv": [2, 9, 3.25, 10.25], "texture": "#0"},
				"south": {"uv": [2, 9, 3.25, 10.25], "texture": "#0"},
				"west": {"uv": [2, 9, 3.25, 10.25], "texture": "#0"},
				"up": {"uv": [0, 11, 1.5, 11.75], "texture": "#0"},
				"down": {"uv": [2, 9, 3.25, 10.25], "texture": "#0"}
			}
		},
		{
			"from": [6.58629, 8.59863, 1.3356],
			"to": [9.42454, 9.67332, 5.16752],
			"rotation": {"angle": 0, "axis": "y", "origin": [10.6802, 8.50592, -17.97752]},
			"faces": {
				"north": {"uv": [2, 9, 3.25, 10.25], "texture": "#0"},
				"east": {"uv": [2, 9, 3.25, 10.25], "texture": "#0"},
				"south": {"uv": [2, 9, 3.25, 10.25], "texture": "#0"},
				"west": {"uv": [2, 9, 3.25, 10.25], "texture": "#0"},
				"up": {"uv": [7.75, 2.75, 8.75, 3.5], "texture": "#0"},
				"down": {"uv": [2, 9, 3.25, 10.25], "texture": "#0"}
			}
		},
		{
			"from": [6.78531, 4.93556, 1.3356],
			"to": [9.22552, 5.87757, 5.16752],
			"rotation": {"angle": 0, "axis": "y", "origin": [10.6802, 8.50592, -17.97752]},
			"faces": {
				"north": {"uv": [0, 1.5, 1.5, 3], "texture": "#0"},
				"east": {"uv": [0, 1.5, 1.5, 3], "texture": "#0"},
				"south": {"uv": [0, 1.5, 1.5, 3], "texture": "#0"},
				"west": {"uv": [0, 1.5, 1.5, 3], "texture": "#0"},
				"up": {"uv": [0, 1.5, 1.5, 3], "texture": "#0"},
				"down": {"uv": [0, 1.5, 1.5, 3], "texture": "#0"}
			}
		},
		{
			"from": [6.7282, 8.46534, 5.2031],
			"to": [9.28263, 9.43256, 9.03502],
			"rotation": {"angle": 0, "axis": "y", "origin": [10.41272, 8.3819, -17.97752]},
			"faces": {
				"north": {"uv": [2, 9, 3.25, 10.25], "texture": "#0"},
				"east": {"uv": [2, 9, 3.25, 10.25], "texture": "#0"},
				"south": {"uv": [2, 9, 3.25, 10.25], "texture": "#0"},
				"west": {"uv": [2, 9, 3.25, 10.25], "texture": "#0"},
				"up": {"uv": [7.75, 2.75, 8.75, 3.5], "texture": "#0"},
				"down": {"uv": [2, 9, 3.25, 10.25], "texture": "#0"}
			}
		},
		{
			"from": [6.36997, 5.9746, 5.2031],
			"to": [9.64086, 8.53698, 9.03502],
			"rotation": {"angle": 0, "axis": "y", "origin": [10.41272, 8.3819, -17.97752]},
			"faces": {
				"north": {"uv": [2, 9, 3.25, 10.25], "texture": "#0"},
				"east": {"uv": [2, 9, 3.25, 10.25], "texture": "#0"},
				"south": {"uv": [2, 9, 3.25, 10.25], "texture": "#0"},
				"west": {"uv": [2, 9, 3.25, 10.25], "texture": "#0"},
				"up": {"uv": [0, 11, 1.5, 11.75], "texture": "#0"},
				"down": {"uv": [2, 9, 3.25, 10.25], "texture": "#0"}
			}
		},
		{
			"from": [6.90732, 5.16858, 5.2031],
			"to": [9.10351, 6.01639, 9.03502],
			"rotation": {"angle": 0, "axis": "y", "origin": [10.41272, 8.3819, -17.97752]},
			"faces": {
				"north": {"uv": [0, 1.5, 1.5, 3], "texture": "#0"},
				"east": {"uv": [0, 1.5, 1.5, 3], "texture": "#0"},
				"south": {"uv": [0, 1.5, 1.5, 3], "texture": "#0"},
				"west": {"uv": [0, 1.5, 1.5, 3], "texture": "#0"},
				"up": {"uv": [0, 1.5, 1.5, 3], "texture": "#0"},
				"down": {"uv": [0, 1.5, 1.5, 3], "texture": "#0"}
			}
		},
		{
			"from": [7.62469, 10.11402, -0.03492],
			"to": [8.36148, 10.93302, 2.77225],
			"rotation": {"angle": -22.5, "axis": "x", "origin": [7.99308, 10.40081, 0.45103]},
			"faces": {
				"north": {"uv": [9.5, 7.75, 10.5, 9], "texture": "#0"},
				"east": {"uv": [9.5, 7.75, 10.5, 9], "texture": "#0"},
				"south": {"uv": [9.5, 7.75, 10.5, 9], "texture": "#0"},
				"west": {"uv": [9.5, 7.75, 10.5, 9], "texture": "#0"},
				"up": {"uv": [9.5, 7.75, 10.5, 9], "texture": "#0"},
				"down": {"uv": [9.5, 7.75, 10.5, 9], "texture": "#0"}
			}
		},
		{
			"from": [7.26069, 8.32998, -0.46927],
			"to": [8.72548, 10.68215, 0.89573],
			"rotation": {"angle": 45, "axis": "x", "origin": [7.99308, 10.40081, 0.45103]},
			"faces": {
				"north": {"uv": [9.5, 7.75, 10.5, 9], "rotation": 270, "texture": "#0"},
				"east": {"uv": [9.5, 7.75, 10.5, 9], "rotation": 270, "texture": "#0"},
				"south": {"uv": [9.5, 7.75, 10.5, 9], "rotation": 270, "texture": "#0"},
				"west": {"uv": [9.5, 7.75, 10.5, 9], "rotation": 270, "texture": "#0"},
				"up": {"uv": [9.5, 7.75, 10.5, 9], "rotation": 270, "texture": "#0"},
				"down": {"uv": [9.5, 7.75, 10.5, 9], "rotation": 270, "texture": "#0"}
			}
		},
		{
			"from": [7.62469, 9.93202, 3.87808],
			"to": [8.36148, 10.75102, 6.68525],
			"rotation": {"angle": -22.5, "axis": "x", "origin": [7.99308, 10.21881, 4.36403]},
			"faces": {
				"north": {"uv": [9.5, 7.75, 10.5, 9], "texture": "#0"},
				"east": {"uv": [9.5, 7.75, 10.5, 9], "texture": "#0"},
				"south": {"uv": [9.5, 7.75, 10.5, 9], "texture": "#0"},
				"west": {"uv": [9.5, 7.75, 10.5, 9], "texture": "#0"},
				"up": {"uv": [9.5, 7.75, 10.5, 9], "texture": "#0"},
				"down": {"uv": [9.5, 7.75, 10.5, 9], "texture": "#0"}
			}
		},
		{
			"from": [7.26069, 8.14798, 3.44373],
			"to": [8.72548, 10.50015, 4.80873],
			"rotation": {"angle": 45, "axis": "x", "origin": [7.99308, 10.21881, 4.36403]},
			"faces": {
				"north": {"uv": [9.5, 7.75, 10.5, 9], "rotation": 270, "texture": "#0"},
				"east": {"uv": [9.5, 7.75, 10.5, 9], "rotation": 270, "texture": "#0"},
				"south": {"uv": [9.5, 7.75, 10.5, 9], "rotation": 270, "texture": "#0"},
				"west": {"uv": [9.5, 7.75, 10.5, 9], "rotation": 270, "texture": "#0"},
				"up": {"uv": [9.5, 7.75, 10.5, 9], "rotation": 270, "texture": "#0"},
				"down": {"uv": [9.5, 7.75, 10.5, 9], "rotation": 270, "texture": "#0"}
			}
		},
		{
			"from": [7.62469, 9.38602, 7.24508],
			"to": [8.36148, 10.20502, 10.05225],
			"rotation": {"angle": -22.5, "axis": "x", "origin": [7.99308, 9.67281, 7.73103]},
			"faces": {
				"north": {"uv": [9.5, 7.75, 10.5, 9], "texture": "#0"},
				"east": {"uv": [9.5, 7.75, 10.5, 9], "texture": "#0"},
				"south": {"uv": [9.5, 7.75, 10.5, 9], "texture": "#0"},
				"west": {"uv": [9.5, 7.75, 10.5, 9], "texture": "#0"},
				"up": {"uv": [9.5, 7.75, 10.5, 9], "texture": "#0"},
				"down": {"uv": [9.5, 7.75, 10.5, 9], "texture": "#0"}
			}
		},
		{
			"from": [7.26069, 7.60198, 6.81073],
			"to": [8.72548, 9.95415, 8.17573],
			"rotation": {"angle": 45, "axis": "x", "origin": [7.99308, 9.67281, 7.73103]},
			"faces": {
				"north": {"uv": [9.5, 7.75, 10.5, 9], "rotation": 270, "texture": "#0"},
				"east": {"uv": [9.5, 7.75, 10.5, 9], "rotation": 270, "texture": "#0"},
				"south": {"uv": [9.5, 7.75, 10.5, 9], "rotation": 270, "texture": "#0"},
				"west": {"uv": [9.5, 7.75, 10.5, 9], "rotation": 270, "texture": "#0"},
				"up": {"uv": [9.5, 7.75, 10.5, 9], "rotation": 270, "texture": "#0"},
				"down": {"uv": [9.5, 7.75, 10.5, 9], "rotation": 270, "texture": "#0"}
			}
		},
		{
			"from": [6.84697, 6.17162, 9.0244],
			"to": [9.11108, 8.5279, 9.0494],
			"rotation": {"angle": 0, "axis": "y", "origin": [10.74934, 8.39194, -17.31725]},
			"faces": {
				"north": {"uv": [5.25, 10.5, 7.25, 12.5], "texture": "#missing"},
				"east": {"uv": [5.25, 10.5, 7.25, 12.5], "texture": "#missing"},
				"south": {"uv": [10.5, 5, 12.5, 7], "texture": "#1"},
				"west": {"uv": [5.25, 10.5, 7.25, 12.5], "texture": "#missing"},
				"up": {"uv": [5.25, 10.5, 7.25, 12.5], "texture": "#missing"},
				"down": {"uv": [5.25, 10.5, 7.25, 12.5], "texture": "#missing"}
			}
		}
	],
	"display": {
		"head": {
			"translation": [0, -4.25, 39.25],
			"scale": [4, 4, 4]
		}
	},
	"groups": [
		{
			"name": "root",
			"origin": [8, 8, 8],
			"color": 0,
			"children": [
				{
					"name": "tail",
					"origin": [8, 8, 8],
					"color": 0,
					"children": [
						{
							"name": "1",
							"origin": [8, 8, 8],
							"color": 0,
							"children": [
								{
									"name": "group",
									"origin": [8, 8, 8],
									"color": 0,
									"children": [
										0,
										1,
										2,
										{
											"name": "group",
											"origin": [8.05, 10.48413, 9.47217],
											"color": 0,
											"children": []
										}
									]
								},
								{
									"name": "group",
									"origin": [8, 8, 8],
									"color": 0,
									"children": [
										3,
										4,
										5,
										6,
										7,
										8,
										{
											"name": "group",
											"origin": [8.05, 10.48413, 9.47217],
											"color": 0,
											"children": []
										}
									]
								},
								9,
								10,
								11,
								12,
								13,
								14
							]
						}
					]
				}
			]
		},
		15
	]
}