{
	"credit": "Made with Blockbench",
	"texture_size": [32, 32],
	"textures": {
		"0": "reia/head",
		"2": "reia/wing_1",
		"particle": "reia/head"
	},
	"elements": [
		{
			"from": [-6.27811, 13.36034, 6.14489],
			"to": [-2.77461, 18.28526, 9.81656],
			"rotation": {"angle": -45, "axis": "z", "origin": [8, 17.2, 8]},
			"faces": {
				"north": {"uv": [2, 10.5, 4.25, 9], "rotation": 90, "texture": "#0"},
				"east": {"uv": [2, 10.5, 4.25, 9], "rotation": 270, "texture": "#0"},
				"south": {"uv": [2, 10.5, 4.25, 9], "rotation": 270, "texture": "#0"},
				"west": {"uv": [2, 10.5, 4.25, 9], "rotation": 270, "texture": "#0"},
				"up": {"uv": [2, 10.5, 4.25, 9], "rotation": 270, "texture": "#0"},
				"down": {"uv": [2, 10.5, 4.25, 9], "rotation": 270, "texture": "#0"}
			}
		},
		{
			"from": [-5.67751, 17.86484, 6.74549],
			"to": [-2.97481, 20.78776, 9.21596],
			"rotation": {"angle": -45, "axis": "z", "origin": [8, 17.2, 8]},
			"faces": {
				"north": {"uv": [2, 10.5, 4.25, 9], "rotation": 90, "texture": "#0"},
				"east": {"uv": [2, 10.5, 4.25, 9], "rotation": 270, "texture": "#0"},
				"south": {"uv": [2, 10.5, 4.25, 9], "rotation": 270, "texture": "#0"},
				"west": {"uv": [2, 10.5, 4.25, 9], "rotation": 270, "texture": "#0"},
				"up": {"uv": [2, 10.5, 4.25, 9], "rotation": 270, "texture": "#0"},
				"down": {"uv": [2, 10.5, 4.25, 9], "rotation": 270, "texture": "#0"}
			}
		},
		{
			"from": [5.80871, 31.00648, 7.54629],
			"to": [8.31121, 31.90738, 8.41516],
			"rotation": {"angle": 0, "axis": "y", "origin": [8, 17.2, 8]},
			"faces": {
				"north": {"uv": [2.5, 3, 0.25, 4.5], "rotation": 180, "texture": "#0"},
				"east": {"uv": [2.5, 3, 0.25, 4.5], "texture": "#0"},
				"south": {"uv": [2.5, 3, 0.25, 4.5], "texture": "#0"},
				"west": {"uv": [2.5, 3, 0.25, 4.5], "texture": "#0"},
				"up": {"uv": [2.5, 3, 0.25, 4.5], "texture": "#0"},
				"down": {"uv": [2.5, 3, 0.25, 4.5], "texture": "#0"}
			}
		},
		{
			"from": [8.53121, 30.49611, 7.34609],
			"to": [11.93461, 31.79741, 8.61536],
			"rotation": {"angle": 22.5, "axis": "z", "origin": [8, 17.2, 8]},
			"faces": {
				"north": {"uv": [2.5, 3, 0.25, 4.5], "rotation": 180, "texture": "#0"},
				"east": {"uv": [2.5, 3, 0.25, 4.5], "texture": "#0"},
				"south": {"uv": [2.5, 3, 0.25, 4.5], "texture": "#0"},
				"west": {"uv": [2.5, 3, 0.25, 4.5], "texture": "#0"},
				"up": {"uv": [2.5, 3, 0.25, 4.5], "texture": "#0"},
				"down": {"uv": [2.5, 3, 0.25, 4.5], "texture": "#0"}
			}
		},
		{
			"from": [-5.37721, 19.16482, 7.04579],
			"to": [-3.27511, 23.66932, 8.91566],
			"rotation": {"angle": -45, "axis": "z", "origin": [8, 17.2, 8]},
			"faces": {
				"north": {"uv": [0.25, 4.5, 2.5, 3], "rotation": 90, "texture": "#0"},
				"east": {"uv": [0.25, 4.5, 2.5, 3], "rotation": 270, "texture": "#0"},
				"south": {"uv": [0.25, 4.5, 2.5, 3], "rotation": 270, "texture": "#0"},
				"west": {"uv": [0.25, 4.5, 2.5, 3], "rotation": 270, "texture": "#0"},
				"up": {"uv": [0.25, 4.5, 2.5, 3], "rotation": 270, "texture": "#0"},
				"down": {"uv": [0.25, 4.5, 2.5, 3], "rotation": 270, "texture": "#0"}
			}
		},
		{
			"from": [-6.82727, 13.56244, 6.85416],
			"to": [25.62515, 15.66454, 9.12443],
			"rotation": {"angle": -45, "axis": "z", "origin": [8, 17.2, 8]},
			"faces": {
				"north": {"uv": [4.25, 9.25, 2, 10.5], "texture": "#0"},
				"east": {"uv": [4.25, 9.25, 2, 10.5], "rotation": 180, "texture": "#0"},
				"south": {"uv": [4.25, 9.25, 2, 10.5], "rotation": 180, "texture": "#0"},
				"west": {"uv": [4.25, 9.25, 2, 10.5], "rotation": 180, "texture": "#0"},
				"up": {"uv": [4.25, 9.25, 2, 10.5], "rotation": 180, "texture": "#0"},
				"down": {"uv": [4.25, 9.25, 2, 10.5], "rotation": 180, "texture": "#0"}
			}
		},
		{
			"from": [10.71868, -5.48951, 6.52063],
			"to": [13.52148, 0.93691, 9.45796],
			"rotation": {"angle": 22.5, "axis": "z", "origin": [8, 17.2, 8]},
			"faces": {
				"north": {"uv": [2, 10.5, 4.25, 9.25], "rotation": 90, "texture": "#0"},
				"east": {"uv": [2, 10.5, 4.25, 9.25], "rotation": 90, "texture": "#0"},
				"south": {"uv": [2, 10.5, 4.25, 9.25], "rotation": 90, "texture": "#0"},
				"west": {"uv": [2, 10.5, 4.25, 9.25], "rotation": 90, "texture": "#0"},
				"up": {"uv": [2, 10.5, 4.25, 9.25], "rotation": 90, "texture": "#0"},
				"down": {"uv": [2, 10.5, 4.25, 9.25], "rotation": 90, "texture": "#0"}
			}
		},
		{
			"from": [11.11908, -8.99301, 6.92103],
			"to": [13.12108, -4.98901, 9.05756],
			"rotation": {"angle": 22.5, "axis": "z", "origin": [8, 17.2, 8]},
			"faces": {
				"north": {"uv": [1, 4.75, 2.25, 3.5], "rotation": 90, "texture": "#0"},
				"east": {"uv": [1, 4.75, 2.25, 3.5], "rotation": 90, "texture": "#0"},
				"south": {"uv": [1, 4.75, 2.25, 3.5], "rotation": 90, "texture": "#0"},
				"west": {"uv": [1, 4.75, 2.25, 3.5], "rotation": 90, "texture": "#0"},
				"up": {"uv": [1, 4.75, 2.25, 3.5], "rotation": 90, "texture": "#0"},
				"down": {"uv": [1, 4.75, 2.25, 3.5], "rotation": 90, "texture": "#0"}
			}
		},
		{
			"from": [21.04188, -8.19205, 7.32143],
			"to": [22.24308, -4.68855, 8.65716],
			"rotation": {"angle": 0, "axis": "y", "origin": [8, 17.2, 8]},
			"faces": {
				"north": {"uv": [1, 4.75, 2.25, 3.5], "rotation": 90, "texture": "#0"},
				"east": {"uv": [1, 4.75, 2.25, 3.5], "rotation": 90, "texture": "#0"},
				"south": {"uv": [1, 4.75, 2.25, 3.5], "rotation": 90, "texture": "#0"},
				"west": {"uv": [1, 4.75, 2.25, 3.5], "rotation": 90, "texture": "#0"},
				"up": {"uv": [1, 4.75, 2.25, 3.5], "rotation": 90, "texture": "#0"},
				"down": {"uv": [1, 4.75, 2.25, 3.5], "rotation": 90, "texture": "#0"}
			}
		},
		{
			"from": [-0.18056, 17.09408, 7.06353],
			"to": [1.71133, 23.40038, 8.91506],
			"rotation": {"angle": -22.5, "axis": "z", "origin": [10.69459, 16.0777, 8.00278]},
			"faces": {
				"north": {"uv": [9, 8.75, 10.5, 7.5], "rotation": 90, "texture": "#0"},
				"east": {"uv": [9, 8.75, 10.5, 7.5], "rotation": 90, "texture": "#0"},
				"south": {"uv": [9, 8.75, 10.5, 7.5], "rotation": 90, "texture": "#0"},
				"west": {"uv": [9, 8.75, 10.5, 7.5], "rotation": 90, "texture": "#0"},
				"up": {"uv": [9, 8.75, 10.5, 7.5], "rotation": 90, "texture": "#0"},
				"down": {"uv": [9, 8.75, 10.5, 7.5], "rotation": 90, "texture": "#0"}
			}
		},
		{
			"from": [-1.65098, 18.14812, 7.31578],
			"to": [-0.26359, 23.19316, 8.66281],
			"rotation": {"angle": -45, "axis": "z", "origin": [10.69459, 16.0777, 8.00278]},
			"faces": {
				"north": {"uv": [9, 8.75, 10.5, 7.5], "rotation": 90, "texture": "#0"},
				"east": {"uv": [9, 8.75, 10.5, 7.5], "rotation": 90, "texture": "#0"},
				"south": {"uv": [9, 8.75, 10.5, 7.5], "rotation": 90, "texture": "#0"},
				"west": {"uv": [9, 8.75, 10.5, 7.5], "rotation": 90, "texture": "#0"},
				"up": {"uv": [9, 8.75, 10.5, 7.5], "rotation": 90, "texture": "#0"},
				"down": {"uv": [9, 8.75, 10.5, 7.5], "rotation": 90, "texture": "#0"}
			}
		},
		{
			"from": [3.83927, 13.98102, 7.06353],
			"to": [5.73116, 20.28732, 8.91506],
			"rotation": {"angle": -22.5, "axis": "z", "origin": [10.69459, 16.0777, 8.00278]},
			"faces": {
				"north": {"uv": [9, 8.75, 10.5, 7.5], "rotation": 90, "texture": "#0"},
				"east": {"uv": [9, 8.75, 10.5, 7.5], "rotation": 90, "texture": "#0"},
				"south": {"uv": [9, 8.75, 10.5, 7.5], "rotation": 90, "texture": "#0"},
				"west": {"uv": [9, 8.75, 10.5, 7.5], "rotation": 90, "texture": "#0"},
				"up": {"uv": [9, 8.75, 10.5, 7.5], "rotation": 90, "texture": "#0"},
				"down": {"uv": [9, 8.75, 10.5, 7.5], "rotation": 90, "texture": "#0"}
			}
		},
		{
			"from": [3.25418, 16.81035, 7.31578],
			"to": [4.64156, 21.22476, 8.66281],
			"rotation": {"angle": -45, "axis": "z", "origin": [10.69459, 16.0777, 8.00278]},
			"faces": {
				"north": {"uv": [9, 8.75, 10.5, 7.5], "rotation": 90, "texture": "#0"},
				"east": {"uv": [9, 8.75, 10.5, 7.5], "rotation": 90, "texture": "#0"},
				"south": {"uv": [9, 8.75, 10.5, 7.5], "rotation": 90, "texture": "#0"},
				"west": {"uv": [9, 8.75, 10.5, 7.5], "rotation": 90, "texture": "#0"},
				"up": {"uv": [9, 8.75, 10.5, 7.5], "rotation": 90, "texture": "#0"},
				"down": {"uv": [9, 8.75, 10.5, 7.5], "rotation": 90, "texture": "#0"}
			}
		},
		{
			"from": [7.95907, 12.27455, 7.06353],
			"to": [9.85096, 18.58085, 8.91506],
			"rotation": {"angle": -22.5, "axis": "z", "origin": [10.69459, 16.0777, 8.00278]},
			"faces": {
				"north": {"uv": [9, 8.75, 10.5, 7.5], "rotation": 90, "texture": "#0"},
				"east": {"uv": [9, 8.75, 10.5, 7.5], "rotation": 90, "texture": "#0"},
				"south": {"uv": [9, 8.75, 10.5, 7.5], "rotation": 90, "texture": "#0"},
				"west": {"uv": [9, 8.75, 10.5, 7.5], "rotation": 90, "texture": "#0"},
				"up": {"uv": [9, 8.75, 10.5, 7.5], "rotation": 90, "texture": "#0"},
				"down": {"uv": [9, 8.75, 10.5, 7.5], "rotation": 90, "texture": "#0"}
			}
		},
		{
			"from": [7.71339, 16.81035, 7.31578],
			"to": [9.10078, 20.59413, 8.66281],
			"rotation": {"angle": -45, "axis": "z", "origin": [10.69459, 16.0777, 8.00278]},
			"faces": {
				"north": {"uv": [9, 8.75, 10.5, 7.5], "rotation": 90, "texture": "#0"},
				"east": {"uv": [9, 8.75, 10.5, 7.5], "rotation": 90, "texture": "#0"},
				"south": {"uv": [9, 8.75, 10.5, 7.5], "rotation": 90, "texture": "#0"},
				"west": {"uv": [9, 8.75, 10.5, 7.5], "rotation": 90, "texture": "#0"},
				"up": {"uv": [9, 8.75, 10.5, 7.5], "rotation": 90, "texture": "#0"},
				"down": {"uv": [9, 8.75, 10.5, 7.5], "rotation": 90, "texture": "#0"}
			}
		},
		{
			"from": [11.73756, 11.63601, 7.06353],
			"to": [13.62945, 16.05042, 8.91506],
			"rotation": {"angle": -22.5, "axis": "z", "origin": [10.69459, 16.0777, 8.00278]},
			"faces": {
				"north": {"uv": [9, 8.75, 10.5, 7.5], "rotation": 90, "texture": "#0"},
				"east": {"uv": [9, 8.75, 10.5, 7.5], "rotation": 90, "texture": "#0"},
				"south": {"uv": [9, 8.75, 10.5, 7.5], "rotation": 90, "texture": "#0"},
				"west": {"uv": [9, 8.75, 10.5, 7.5], "rotation": 90, "texture": "#0"},
				"up": {"uv": [9, 8.75, 10.5, 7.5], "rotation": 90, "texture": "#0"},
				"down": {"uv": [9, 8.75, 10.5, 7.5], "rotation": 90, "texture": "#0"}
			}
		},
		{
			"from": [12.17262, 15.91851, 7.31578],
			"to": [13.56001, 19.70229, 8.66281],
			"rotation": {"angle": -45, "axis": "z", "origin": [10.69459, 16.0777, 8.00278]},
			"faces": {
				"north": {"uv": [9, 8.75, 10.5, 7.5], "rotation": 90, "texture": "#0"},
				"east": {"uv": [9, 8.75, 10.5, 7.5], "rotation": 90, "texture": "#0"},
				"south": {"uv": [9, 8.75, 10.5, 7.5], "rotation": 90, "texture": "#0"},
				"west": {"uv": [9, 8.75, 10.5, 7.5], "rotation": 90, "texture": "#0"},
				"up": {"uv": [9, 8.75, 10.5, 7.5], "rotation": 90, "texture": "#0"},
				"down": {"uv": [9, 8.75, 10.5, 7.5], "rotation": 90, "texture": "#0"}
			}
		},
		{
			"from": [15.75738, 9.78421, 7.06353],
			"to": [17.64927, 12.93736, 8.91506],
			"rotation": {"angle": -22.5, "axis": "z", "origin": [10.69459, 16.0777, 8.00278]},
			"faces": {
				"north": {"uv": [9, 8.75, 10.5, 7.5], "rotation": 90, "texture": "#0"},
				"east": {"uv": [9, 8.75, 10.5, 7.5], "rotation": 90, "texture": "#0"},
				"south": {"uv": [9, 8.75, 10.5, 7.5], "rotation": 90, "texture": "#0"},
				"west": {"uv": [9, 8.75, 10.5, 7.5], "rotation": 90, "texture": "#0"},
				"up": {"uv": [9, 8.75, 10.5, 7.5], "rotation": 90, "texture": "#0"},
				"down": {"uv": [9, 8.75, 10.5, 7.5], "rotation": 90, "texture": "#0"}
			}
		},
		{
			"from": [17.07778, 14.58074, 7.31578],
			"to": [18.46516, 17.73389, 8.66281],
			"rotation": {"angle": -45, "axis": "z", "origin": [10.69459, 16.0777, 8.00278]},
			"faces": {
				"north": {"uv": [9, 8.75, 10.5, 7.5], "rotation": 90, "texture": "#0"},
				"east": {"uv": [9, 8.75, 10.5, 7.5], "rotation": 90, "texture": "#0"},
				"south": {"uv": [9, 8.75, 10.5, 7.5], "rotation": 90, "texture": "#0"},
				"west": {"uv": [9, 8.75, 10.5, 7.5], "rotation": 90, "texture": "#0"},
				"up": {"uv": [9, 8.75, 10.5, 7.5], "rotation": 90, "texture": "#0"},
				"down": {"uv": [9, 8.75, 10.5, 7.5], "rotation": 90, "texture": "#0"}
			}
		},
		{
			"from": [-1.40098, 21.14812, 7.56578],
			"to": [-0.51359, 26.19316, 8.41281],
			"rotation": {"angle": -45, "axis": "z", "origin": [10.69459, 16.0777, 8.00278]},
			"faces": {
				"north": {"uv": [9, 8.75, 10.5, 7.5], "rotation": 90, "texture": "#0"},
				"east": {"uv": [9, 8.75, 10.5, 7.5], "rotation": 90, "texture": "#0"},
				"south": {"uv": [9, 8.75, 10.5, 7.5], "rotation": 90, "texture": "#0"},
				"west": {"uv": [9, 8.75, 10.5, 7.5], "rotation": 90, "texture": "#0"},
				"up": {"uv": [9, 8.75, 10.5, 7.5], "rotation": 90, "texture": "#0"},
				"down": {"uv": [9, 8.75, 10.5, 7.5], "rotation": 90, "texture": "#0"}
			}
		},
		{
			"from": [7.96339, 19.81035, 7.56578],
			"to": [8.85078, 23.59413, 8.41281],
			"rotation": {"angle": -45, "axis": "z", "origin": [10.69459, 16.0777, 8.00278]},
			"faces": {
				"north": {"uv": [9, 8.75, 10.5, 7.5], "rotation": 90, "texture": "#0"},
				"east": {"uv": [9, 8.75, 10.5, 7.5], "rotation": 90, "texture": "#0"},
				"south": {"uv": [9, 8.75, 10.5, 7.5], "rotation": 90, "texture": "#0"},
				"west": {"uv": [9, 8.75, 10.5, 7.5], "rotation": 90, "texture": "#0"},
				"up": {"uv": [9, 8.75, 10.5, 7.5], "rotation": 90, "texture": "#0"},
				"down": {"uv": [9, 8.75, 10.5, 7.5], "rotation": 90, "texture": "#0"}
			}
		},
		{
			"from": [3.50418, 19.81035, 7.56578],
			"to": [4.39156, 24.22476, 8.41281],
			"rotation": {"angle": -45, "axis": "z", "origin": [10.69459, 16.0777, 8.00278]},
			"faces": {
				"north": {"uv": [9, 8.75, 10.5, 7.5], "rotation": 90, "texture": "#0"},
				"east": {"uv": [9, 8.75, 10.5, 7.5], "rotation": 90, "texture": "#0"},
				"south": {"uv": [9, 8.75, 10.5, 7.5], "rotation": 90, "texture": "#0"},
				"west": {"uv": [9, 8.75, 10.5, 7.5], "rotation": 90, "texture": "#0"},
				"up": {"uv": [9, 8.75, 10.5, 7.5], "rotation": 90, "texture": "#0"},
				"down": {"uv": [9, 8.75, 10.5, 7.5], "rotation": 90, "texture": "#0"}
			}
		},
		{
			"from": [12.42262, 18.91851, 7.56578],
			"to": [13.31001, 22.70229, 8.41281],
			"rotation": {"angle": -45, "axis": "z", "origin": [10.69459, 16.0777, 8.00278]},
			"faces": {
				"north": {"uv": [9, 8.75, 10.5, 7.5], "rotation": 90, "texture": "#0"},
				"east": {"uv": [9, 8.75, 10.5, 7.5], "rotation": 90, "texture": "#0"},
				"south": {"uv": [9, 8.75, 10.5, 7.5], "rotation": 90, "texture": "#0"},
				"west": {"uv": [9, 8.75, 10.5, 7.5], "rotation": 90, "texture": "#0"},
				"up": {"uv": [9, 8.75, 10.5, 7.5], "rotation": 90, "texture": "#0"},
				"down": {"uv": [9, 8.75, 10.5, 7.5], "rotation": 90, "texture": "#0"}
			}
		},
		{
			"from": [17.32778, 17.58074, 7.56578],
			"to": [18.21516, 20.73389, 8.41281],
			"rotation": {"angle": -45, "axis": "z", "origin": [10.69459, 16.0777, 8.00278]},
			"faces": {
				"north": {"uv": [9, 8.75, 10.5, 7.5], "rotation": 90, "texture": "#0"},
				"east": {"uv": [9, 8.75, 10.5, 7.5], "rotation": 90, "texture": "#0"},
				"south": {"uv": [9, 8.75, 10.5, 7.5], "rotation": 90, "texture": "#0"},
				"west": {"uv": [9, 8.75, 10.5, 7.5], "rotation": 90, "texture": "#0"},
				"up": {"uv": [9, 8.75, 10.5, 7.5], "rotation": 90, "texture": "#0"},
				"down": {"uv": [9, 8.75, 10.5, 7.5], "rotation": 90, "texture": "#0"}
			}
		},
		{
			"from": [-5.47062, -6.35393, 8.17803],
			"to": [20.17021, 26.81729, 8.31453],
			"rotation": {"angle": 0, "axis": "y", "origin": [8, 17.2, 8]},
			"faces": {
				"north": {"uv": [0, 8, 12.5, 0], "rotation": 90, "texture": "#2"},
				"east": {"uv": [0, 0, 0, 0], "texture": "#2"},
				"south": {"uv": [12.5, 8, 0, 0], "rotation": 270, "texture": "#2"},
				"west": {"uv": [0, 0, 0, 0], "texture": "#2"},
				"up": {"uv": [0, 0, 0, 0], "texture": "#2"},
				"down": {"uv": [0, 0, 0, 0], "texture": "#2"}
			}
		}
	],
	"display": {
		"head": {
			"rotation": [0, 0, 90],
			"translation": [65.25, 36.25, 0],
			"scale": [4, 4, 4]
		}
	},
	"groups": [
		{
			"name": "root",
			"origin": [8, 8, 8],
			"color": 0,
			"children": []
		},
		{
			"name": "wing_l_open_scaled",
			"origin": [8, 8, 8],
			"color": 0,
			"children": [
				{
					"name": "2",
					"origin": [8, 8, 8],
					"color": 0,
					"children": [
						0,
						1,
						2,
						3,
						4,
						5,
						6,
						7,
						8,
						{
							"name": "group",
							"origin": [2.54497, 18.1905, 0.19971],
							"color": 0,
							"children": [9, 10, 11, 12, 13, 14, 15, 16, 17, 18, 19, 20, 21, 22, 23]
						},
						24
					]
				}
			]
		}
	]
}