{
	"credit": "Made with Blockbench",
	"texture_size": [32, 32],
	"textures": {
		"0": "reia/head",
		"1": "reia/wing_0",
		"particle": "reia/head"
	},
	"elements": [
		{
			"from": [4.40886, 19.90087, 6.60611],
			"to": [18.51772, 22.82379, 9.27678],
			"rotation": {"angle": 0, "axis": "y", "origin": [-15.9562, 29.75687, 8.14619]},
			"faces": {
				"north": {"uv": [2, 9, 4.25, 10.5], "rotation": 90, "texture": "#0"},
				"east": {"uv": [2, 9, 4.25, 10.5], "rotation": 90, "texture": "#0"},
				"south": {"uv": [2, 9, 4.25, 10.5], "rotation": 90, "texture": "#0"},
				"west": {"uv": [2, 9, 4.25, 10.5], "rotation": 90, "texture": "#0"},
				"up": {"uv": [2, 9, 4.25, 10.5], "rotation": 90, "texture": "#0"},
				"down": {"uv": [2, 9, 4.25, 10.5], "rotation": 90, "texture": "#0"}
			}
		},
		{
			"from": [3.90836, 19.40037, 6.10561],
			"to": [18.51772, 22.32329, 9.77728],
			"rotation": {"angle": 0, "axis": "y", "origin": [-15.9562, 29.75687, 8.14619]},
			"faces": {
				"north": {"uv": [2, 9, 4.25, 10.5], "rotation": 90, "texture": "#0"},
				"east": {"uv": [2, 9, 4.25, 10.5], "rotation": 90, "texture": "#0"},
				"south": {"uv": [2, 9, 4.25, 10.5], "rotation": 90, "texture": "#0"},
				"west": {"uv": [2, 9, 4.25, 10.5], "rotation": 90, "texture": "#0"},
				"up": {"uv": [2, 9, 4.25, 10.5], "rotation": 90, "texture": "#0"},
				"down": {"uv": [2, 9, 4.25, 10.5], "rotation": 90, "texture": "#0"}
			}
		},
		{
			"from": [15.85666, 18.89987, 5.90541],
			"to": [19.01822, 22.52349, 9.97748],
			"rotation": {"angle": 0, "axis": "y", "origin": [-15.9562, 29.75687, 8.14619]},
			"faces": {
				"north": {"uv": [2, 9, 4.25, 10.5], "rotation": 90, "texture": "#0"},
				"east": {"uv": [2, 9, 4.25, 10.5], "rotation": 90, "texture": "#0"},
				"south": {"uv": [2, 9, 4.25, 10.5], "rotation": 90, "texture": "#0"},
				"west": {"uv": [2, 9, 4.25, 10.5], "rotation": 90, "texture": "#0"},
				"up": {"uv": [2, 9, 4.25, 10.5], "rotation": 90, "texture": "#0"},
				"down": {"uv": [2, 9, 4.25, 10.5], "rotation": 90, "texture": "#0"}
			}
		},
		{
			"from": [-2.39313, -1.62572, 8.17568],
			"to": [18.16559, 19.75404, 8.17568],
			"rotation": {"angle": 0, "axis": "y", "origin": [-25.3995, 34.74014, 8.14441]},
			"faces": {
				"north": {"uv": [0, 0.75, 11.273, 9], "texture": "#1"},
				"east": {"uv": [0, 0, 0, 0], "texture": "#1"},
				"south": {"uv": [11.273, 0.75, 0, 9], "texture": "#1"},
				"west": {"uv": [0, 0, 0, 0], "texture": "#1"},
				"up": {"uv": [0, 0, 0, 0], "texture": "#1"},
				"down": {"uv": [0, 0, 0, 0], "texture": "#1"}
			}
		}
	],
	"display": {
		"head": {
			"translation": [-37.75, -57.25, 0],
			"scale": [4, 4, 4]
		}
	},
	"groups": [
		{
			"name": "root",
			"origin": [8, 8, 8],
			"color": 0,
			"children": []
		},
		{
			"name": "wing_l_open_scaled",
			"origin": [8, 8, 8],
			"color": 0,
			"children": [
				{
					"name": "0",
					"origin": [5.5, 8.44331, 2.22471],
					"color": 0,
					"children": [0, 1, 2, 3]
				}
			]
		}
	]
}