{
	"credit": "Made with Blockbench",
	"texture_size": [32, 32],
	"textures": {
		"0": "reia/head",
		"1": "reia/wing_0",
		"particle": "reia/head"
	},
	"elements": [
		{
			"from": [26.74287, 10.84023, 6.34852],
			"to": [30.16629, 23.81159, 9.61979],
			"rotation": {"angle": 22.5, "axis": "z", "origin": [32.95908, 10.19379, 8.2344]},
			"faces": {
				"north": {"uv": [2, 9.25, 4.25, 10.5], "texture": "#0"},
				"east": {"uv": [2, 9.25, 4.25, 10.5], "texture": "#0"},
				"south": {"uv": [2, 9.25, 4.25, 10.5], "texture": "#0"},
				"west": {"uv": [2, 9.25, 4.25, 10.5], "texture": "#0"},
				"up": {"uv": [2, 9.25, 4.25, 10.5], "texture": "#0"},
				"down": {"uv": [2, 9.25, 4.25, 10.5], "texture": "#0"}
			}
		},
		{
			"from": [19.68085, 24.52089, 6.14832],
			"to": [24.60577, 28.02439, 9.81999],
			"rotation": {"angle": 45, "axis": "z", "origin": [28.44458, 26.02725, 7.98415]},
			"faces": {
				"north": {"uv": [2, 9.25, 4.25, 10.5], "texture": "#0"},
				"east": {"uv": [2, 9.25, 4.25, 10.5], "texture": "#0"},
				"south": {"uv": [2, 9.25, 4.25, 10.5], "texture": "#0"},
				"west": {"uv": [2, 9.25, 4.25, 10.5], "texture": "#0"},
				"up": {"uv": [2, 9.25, 4.25, 10.5], "texture": "#0"},
				"down": {"uv": [2, 9.25, 4.25, 10.5], "texture": "#0"}
			}
		},
		{
			"from": [24.18535, 25.12149, 6.74892],
			"to": [27.10827, 27.82419, 9.21939],
			"rotation": {"angle": 45, "axis": "z", "origin": [28.44458, 26.02725, 7.98415]},
			"faces": {
				"north": {"uv": [2, 9.25, 4.25, 10.5], "texture": "#0"},
				"east": {"uv": [2, 9.25, 4.25, 10.5], "texture": "#0"},
				"south": {"uv": [2, 9.25, 4.25, 10.5], "texture": "#0"},
				"west": {"uv": [2, 9.25, 4.25, 10.5], "texture": "#0"},
				"up": {"uv": [2, 9.25, 4.25, 10.5], "texture": "#0"},
				"down": {"uv": [2, 9.25, 4.25, 10.5], "texture": "#0"}
			}
		},
		{
			"from": [26.10727, 23.92029, 7.04922],
			"to": [30.61177, 26.02239, 8.91909],
			"rotation": {"angle": 45, "axis": "z", "origin": [26.94308, 24.52575, 7.98415]},
			"faces": {
				"north": {"uv": [9, 7.5, 10.5, 8.75], "texture": "#0"},
				"east": {"uv": [9, 7.5, 10.5, 8.75], "texture": "#0"},
				"south": {"uv": [9, 7.5, 10.5, 8.75], "texture": "#0"},
				"west": {"uv": [9, 7.5, 10.5, 8.75], "texture": "#0"},
				"up": {"uv": [9, 7.5, 10.5, 8.75], "texture": "#0"},
				"down": {"uv": [9, 7.5, 10.5, 8.75], "texture": "#0"}
			}
		},
		{
			"from": [29.57846, 26.44715, 7.34952],
			"to": [30.87976, 29.85055, 8.61879],
			"rotation": {"angle": -22.5, "axis": "z", "origin": [30.33555, 29.62747, 7.98415]},
			"faces": {
				"north": {"uv": [9, 7.5, 10.5, 8.75], "rotation": 90, "texture": "#0"},
				"east": {"uv": [9, 7.5, 10.5, 8.75], "rotation": 90, "texture": "#0"},
				"south": {"uv": [9, 7.5, 10.5, 8.75], "rotation": 90, "texture": "#0"},
				"west": {"uv": [9, 7.5, 10.5, 8.75], "rotation": 90, "texture": "#0"},
				"up": {"uv": [9, 7.5, 10.5, 8.75], "rotation": 90, "texture": "#0"},
				"down": {"uv": [9, 7.5, 10.5, 8.75], "rotation": 90, "texture": "#0"}
			}
		},
		{
			"from": [29.73823, 29.3851, 7.54972],
			"to": [30.63913, 31.8876, 8.41859],
			"rotation": {"angle": 0, "axis": "y", "origin": [30.88938, 30.43615, 7.98415]},
			"faces": {
				"north": {"uv": [9, 7.5, 10.5, 8.75], "rotation": 90, "texture": "#0"},
				"east": {"uv": [9, 7.5, 10.5, 8.75], "rotation": 90, "texture": "#0"},
				"south": {"uv": [9, 7.5, 10.5, 8.75], "rotation": 90, "texture": "#0"},
				"west": {"uv": [9, 7.5, 10.5, 8.75], "rotation": 90, "texture": "#0"},
				"up": {"uv": [9, 7.5, 10.5, 8.75], "rotation": 90, "texture": "#0"},
				"down": {"uv": [9, 7.5, 10.5, 8.75], "rotation": 90, "texture": "#0"}
			}
		},
		{
			"from": [21.6759, -16, 7.54972],
			"to": [22.92715, 20.73952, 8.41859],
			"rotation": {"angle": 0, "axis": "y", "origin": [19.5101, 12.80796, 7.98415]},
			"faces": {
				"north": {"uv": [1.5, 10.5, 2.75, 11.75], "rotation": 90, "texture": "#0"},
				"east": {"uv": [1.5, 10.5, 2.75, 11.75], "rotation": 90, "texture": "#0"},
				"south": {"uv": [1.5, 10.5, 2.75, 11.75], "rotation": 90, "texture": "#0"},
				"west": {"uv": [1.5, 10.5, 2.75, 11.75], "rotation": 90, "texture": "#0"},
				"up": {"uv": [1.5, 10.5, 2.75, 11.75], "rotation": 90, "texture": "#0"},
				"down": {"uv": [1.5, 10.5, 2.75, 11.75], "rotation": 90, "texture": "#0"}
			}
		},
		{
			"from": [0.31043, -1.90636, 6.84902],
			"to": [2.41253, 30.54606, 9.11929],
			"rotation": {"angle": -45, "axis": "z", "origin": [3.84042, -0.34058, 8.031]},
			"faces": {
				"north": {"uv": [2, 9.25, 4.25, 10.5], "rotation": 90, "texture": "#0"},
				"east": {"uv": [2, 9.25, 4.25, 10.5], "rotation": 90, "texture": "#0"},
				"south": {"uv": [2, 9.25, 4.25, 10.5], "rotation": 90, "texture": "#0"},
				"west": {"uv": [2, 9.25, 4.25, 10.5], "rotation": 90, "texture": "#0"},
				"up": {"uv": [2, 9.25, 4.25, 10.5], "rotation": 90, "texture": "#0"},
				"down": {"uv": [2, 9.25, 4.25, 10.5], "rotation": 90, "texture": "#0"}
			}
		},
		{
			"from": [-0.21527, -6.2547, 6.51549],
			"to": [2.58753, 0.17172, 9.45282],
			"rotation": {"angle": -22.5, "axis": "z", "origin": [3.84042, -0.34058, 8.031]},
			"faces": {
				"north": {"uv": [2, 9.25, 4.25, 10.5], "rotation": 90, "texture": "#0"},
				"east": {"uv": [2, 9.25, 4.25, 10.5], "rotation": 90, "texture": "#0"},
				"south": {"uv": [2, 9.25, 4.25, 10.5], "rotation": 90, "texture": "#0"},
				"west": {"uv": [2, 9.25, 4.25, 10.5], "rotation": 90, "texture": "#0"},
				"up": {"uv": [2, 9.25, 4.25, 10.5], "rotation": 90, "texture": "#0"},
				"down": {"uv": [2, 9.25, 4.25, 10.5], "rotation": 90, "texture": "#0"}
			}
		},
		{
			"from": [0.18513, -9.7582, 6.91589],
			"to": [2.18713, -5.7542, 9.05242],
			"rotation": {"angle": -22.5, "axis": "z", "origin": [3.84042, -0.34058, 8.031]},
			"faces": {
				"north": {"uv": [1, 3.5, 2.25, 4.75], "rotation": 90, "texture": "#0"},
				"east": {"uv": [1, 3.5, 2.25, 4.75], "rotation": 90, "texture": "#0"},
				"south": {"uv": [1, 3.5, 2.25, 4.75], "rotation": 90, "texture": "#0"},
				"west": {"uv": [1, 3.5, 2.25, 4.75], "rotation": 90, "texture": "#0"},
				"up": {"uv": [1, 3.5, 2.25, 4.75], "rotation": 90, "texture": "#0"},
				"down": {"uv": [1, 3.5, 2.25, 4.75], "rotation": 90, "texture": "#0"}
			}
		},
		{
			"from": [-2.62879, -10.79513, 7.31629],
			"to": [-1.42759, -7.29163, 8.65202],
			"rotation": {"angle": 0, "axis": "y", "origin": [3.84042, -0.34058, 8.031]},
			"faces": {
				"north": {"uv": [1, 3.5, 2.25, 4.75], "rotation": 90, "texture": "#0"},
				"east": {"uv": [1, 3.5, 2.25, 4.75], "rotation": 90, "texture": "#0"},
				"south": {"uv": [1, 3.5, 2.25, 4.75], "rotation": 90, "texture": "#0"},
				"west": {"uv": [1, 3.5, 2.25, 4.75], "rotation": 90, "texture": "#0"},
				"up": {"uv": [1, 3.5, 2.25, 4.75], "rotation": 90, "texture": "#0"},
				"down": {"uv": [1, 3.5, 2.25, 4.75], "rotation": 90, "texture": "#0"}
			}
		},
		{
			"from": [-1.29272, -15.68351, 8.17289],
			"to": [27.911, 24.21475, 8.30939],
			"rotation": {"angle": 0, "axis": "y", "origin": [3.84042, -0.34058, 8.031]},
			"faces": {
				"north": {"uv": [0, 9, 16, 16], "texture": "#1"},
				"east": {"uv": [0, 0, 0, 0], "rotation": 90, "texture": "#1"},
				"south": {"uv": [16, 9, 0, 16], "texture": "#1"},
				"west": {"uv": [0, 0, 0, 0], "rotation": 270, "texture": "#1"},
				"up": {"uv": [0, 0, 0, 0], "texture": "#1"},
				"down": {"uv": [0, 0, 0, 0], "rotation": 180, "texture": "#1"}
			}
		},
		{
			"from": [18.89528, 21.19955, 7.14656],
			"to": [20.60699, 26.90525, 8.82175],
			"rotation": {"angle": 22.5, "axis": "z", "origin": [19.33408, 26.10294, 7.98415]},
			"faces": {
				"north": {"uv": [9, 7.5, 10.5, 8.75], "rotation": 90, "texture": "#0"},
				"east": {"uv": [9, 7.5, 10.5, 8.75], "rotation": 90, "texture": "#0"},
				"south": {"uv": [9, 7.5, 10.5, 8.75], "rotation": 90, "texture": "#0"},
				"west": {"uv": [9, 7.5, 10.5, 8.75], "rotation": 90, "texture": "#0"},
				"up": {"uv": [9, 7.5, 10.5, 8.75], "rotation": 90, "texture": "#0"},
				"down": {"uv": [9, 7.5, 10.5, 8.75], "rotation": 90, "texture": "#0"}
			}
		},
		{
			"from": [14.99775, 25.87471, 7.37479],
			"to": [19.56231, 27.12997, 8.59352],
			"rotation": {"angle": -45, "axis": "z", "origin": [19.33408, 26.10294, 7.98415]},
			"faces": {
				"north": {"uv": [9, 7.5, 10.5, 8.75], "rotation": 180, "texture": "#0"},
				"east": {"uv": [9, 7.5, 10.5, 8.75], "texture": "#0"},
				"south": {"uv": [9, 7.5, 10.5, 8.75], "texture": "#0"},
				"west": {"uv": [9, 7.5, 10.5, 8.75], "texture": "#0"},
				"up": {"uv": [9, 7.5, 10.5, 8.75], "texture": "#0"},
				"down": {"uv": [9, 7.5, 10.5, 8.75], "texture": "#0"}
			}
		},
		{
			"from": [17.579, 15.99873, 7.14656],
			"to": [19.29071, 21.70443, 8.82175],
			"rotation": {"angle": 22.5, "axis": "z", "origin": [14.50122, 19.07735, 7.98415]},
			"faces": {
				"north": {"uv": [9, 7.5, 10.5, 8.75], "rotation": 90, "texture": "#0"},
				"east": {"uv": [9, 7.5, 10.5, 8.75], "rotation": 90, "texture": "#0"},
				"south": {"uv": [9, 7.5, 10.5, 8.75], "rotation": 90, "texture": "#0"},
				"west": {"uv": [9, 7.5, 10.5, 8.75], "rotation": 90, "texture": "#0"},
				"up": {"uv": [9, 7.5, 10.5, 8.75], "rotation": 90, "texture": "#0"},
				"down": {"uv": [9, 7.5, 10.5, 8.75], "rotation": 90, "texture": "#0"}
			}
		},
		{
			"from": [10.39532, 22.79632, 7.37479],
			"to": [14.38931, 24.05157, 8.59352],
			"rotation": {"angle": -45, "axis": "z", "origin": [14.50122, 19.07735, 7.98415]},
			"faces": {
				"north": {"uv": [9, 7.5, 10.5, 8.75], "rotation": 180, "texture": "#0"},
				"east": {"uv": [9, 7.5, 10.5, 8.75], "texture": "#0"},
				"south": {"uv": [9, 7.5, 10.5, 8.75], "texture": "#0"},
				"west": {"uv": [9, 7.5, 10.5, 8.75], "texture": "#0"},
				"up": {"uv": [9, 7.5, 10.5, 8.75], "texture": "#0"},
				"down": {"uv": [9, 7.5, 10.5, 8.75], "texture": "#0"}
			}
		},
		{
			"from": [13.85157, 14.45478, 7.14656],
			"to": [15.56328, 20.16048, 8.82175],
			"rotation": {"angle": 22.5, "axis": "z", "origin": [14.50122, 19.07735, 7.98415]},
			"faces": {
				"north": {"uv": [9, 7.5, 10.5, 8.75], "rotation": 90, "texture": "#0"},
				"east": {"uv": [9, 7.5, 10.5, 8.75], "rotation": 90, "texture": "#0"},
				"south": {"uv": [9, 7.5, 10.5, 8.75], "rotation": 90, "texture": "#0"},
				"west": {"uv": [9, 7.5, 10.5, 8.75], "rotation": 90, "texture": "#0"},
				"up": {"uv": [9, 7.5, 10.5, 8.75], "rotation": 90, "texture": "#0"},
				"down": {"uv": [9, 7.5, 10.5, 8.75], "rotation": 90, "texture": "#0"}
			}
		},
		{
			"from": [10.96589, 18.76178, 7.37479],
			"to": [14.38931, 20.01703, 8.59352],
			"rotation": {"angle": -45, "axis": "z", "origin": [14.50122, 19.07735, 7.98415]},
			"faces": {
				"north": {"uv": [9, 7.5, 10.5, 8.75], "rotation": 180, "texture": "#0"},
				"east": {"uv": [9, 7.5, 10.5, 8.75], "texture": "#0"},
				"south": {"uv": [9, 7.5, 10.5, 8.75], "texture": "#0"},
				"west": {"uv": [9, 7.5, 10.5, 8.75], "texture": "#0"},
				"up": {"uv": [9, 7.5, 10.5, 8.75], "texture": "#0"},
				"down": {"uv": [9, 7.5, 10.5, 8.75], "texture": "#0"}
			}
		},
		{
			"from": [10.43293, 13.87705, 7.14656],
			"to": [12.14464, 17.87104, 8.82175],
			"rotation": {"angle": 22.5, "axis": "z", "origin": [14.50122, 19.07735, 7.98415]},
			"faces": {
				"north": {"uv": [9, 7.5, 10.5, 8.75], "rotation": 90, "texture": "#0"},
				"east": {"uv": [9, 7.5, 10.5, 8.75], "rotation": 90, "texture": "#0"},
				"south": {"uv": [9, 7.5, 10.5, 8.75], "rotation": 90, "texture": "#0"},
				"west": {"uv": [9, 7.5, 10.5, 8.75], "rotation": 90, "texture": "#0"},
				"up": {"uv": [9, 7.5, 10.5, 8.75], "rotation": 90, "texture": "#0"},
				"down": {"uv": [9, 7.5, 10.5, 8.75], "rotation": 90, "texture": "#0"}
			}
		},
		{
			"from": [11.7728, 14.72724, 7.37479],
			"to": [15.19622, 15.98249, 8.59352],
			"rotation": {"angle": -45, "axis": "z", "origin": [14.50122, 19.07735, 7.98415]},
			"faces": {
				"north": {"uv": [9, 7.5, 10.5, 8.75], "rotation": 180, "texture": "#0"},
				"east": {"uv": [9, 7.5, 10.5, 8.75], "texture": "#0"},
				"south": {"uv": [9, 7.5, 10.5, 8.75], "texture": "#0"},
				"west": {"uv": [9, 7.5, 10.5, 8.75], "texture": "#0"},
				"up": {"uv": [9, 7.5, 10.5, 8.75], "texture": "#0"},
				"down": {"uv": [9, 7.5, 10.5, 8.75], "texture": "#0"}
			}
		},
		{
			"from": [6.79594, 12.20162, 7.14656],
			"to": [8.50765, 15.05447, 8.82175],
			"rotation": {"angle": 22.5, "axis": "z", "origin": [14.50122, 19.07735, 7.98415]},
			"faces": {
				"north": {"uv": [9, 7.5, 10.5, 8.75], "rotation": 90, "texture": "#0"},
				"east": {"uv": [9, 7.5, 10.5, 8.75], "rotation": 90, "texture": "#0"},
				"south": {"uv": [9, 7.5, 10.5, 8.75], "rotation": 90, "texture": "#0"},
				"west": {"uv": [9, 7.5, 10.5, 8.75], "rotation": 90, "texture": "#0"},
				"up": {"uv": [9, 7.5, 10.5, 8.75], "rotation": 90, "texture": "#0"},
				"down": {"uv": [9, 7.5, 10.5, 8.75], "rotation": 90, "texture": "#0"}
			}
		},
		{
			"from": [13.55373, 10.28925, 7.37479],
			"to": [16.40658, 11.5445, 8.59352],
			"rotation": {"angle": -45, "axis": "z", "origin": [14.50122, 19.07735, 7.98415]},
			"faces": {
				"north": {"uv": [9, 7.5, 10.5, 8.75], "rotation": 180, "texture": "#0"},
				"east": {"uv": [9, 7.5, 10.5, 8.75], "texture": "#0"},
				"south": {"uv": [9, 7.5, 10.5, 8.75], "texture": "#0"},
				"west": {"uv": [9, 7.5, 10.5, 8.75], "texture": "#0"},
				"up": {"uv": [9, 7.5, 10.5, 8.75], "texture": "#0"},
				"down": {"uv": [9, 7.5, 10.5, 8.75], "texture": "#0"}
			}
		},
		{
			"from": [7.78089, 18.94378, 7.55679],
			"to": [12.11431, 19.83503, 8.41152],
			"rotation": {"angle": -45, "axis": "z", "origin": [14.50122, 19.07735, 7.98415]},
			"faces": {
				"north": {"uv": [9, 7.5, 10.5, 8.75], "rotation": 180, "texture": "#0"},
				"east": {"uv": [9, 7.5, 10.5, 8.75], "texture": "#0"},
				"south": {"uv": [9, 7.5, 10.5, 8.75], "texture": "#0"},
				"west": {"uv": [9, 7.5, 10.5, 8.75], "texture": "#0"},
				"up": {"uv": [9, 7.5, 10.5, 8.75], "texture": "#0"},
				"down": {"uv": [9, 7.5, 10.5, 8.75], "texture": "#0"}
			}
		},
		{
			"from": [10.36873, 10.47125, 7.55679],
			"to": [14.13158, 11.3625, 8.41152],
			"rotation": {"angle": -45, "axis": "z", "origin": [14.50122, 19.07735, 7.98415]},
			"faces": {
				"north": {"uv": [9, 7.5, 10.5, 8.75], "rotation": 180, "texture": "#0"},
				"east": {"uv": [9, 7.5, 10.5, 8.75], "texture": "#0"},
				"south": {"uv": [9, 7.5, 10.5, 8.75], "texture": "#0"},
				"west": {"uv": [9, 7.5, 10.5, 8.75], "texture": "#0"},
				"up": {"uv": [9, 7.5, 10.5, 8.75], "texture": "#0"},
				"down": {"uv": [9, 7.5, 10.5, 8.75], "texture": "#0"}
			}
		},
		{
			"from": [8.5878, 14.90924, 7.55679],
			"to": [12.92122, 15.80049, 8.41152],
			"rotation": {"angle": -45, "axis": "z", "origin": [14.50122, 19.07735, 7.98415]},
			"faces": {
				"north": {"uv": [9, 7.5, 10.5, 8.75], "rotation": 180, "texture": "#0"},
				"east": {"uv": [9, 7.5, 10.5, 8.75], "texture": "#0"},
				"south": {"uv": [9, 7.5, 10.5, 8.75], "texture": "#0"},
				"west": {"uv": [9, 7.5, 10.5, 8.75], "texture": "#0"},
				"up": {"uv": [9, 7.5, 10.5, 8.75], "texture": "#0"},
				"down": {"uv": [9, 7.5, 10.5, 8.75], "texture": "#0"}
			}
		},
		{
			"from": [7.21032, 22.97832, 7.55679],
			"to": [12.11431, 23.86957, 8.41152],
			"rotation": {"angle": -45, "axis": "z", "origin": [14.50122, 19.07735, 7.98415]},
			"faces": {
				"north": {"uv": [9, 7.5, 10.5, 8.75], "rotation": 180, "texture": "#0"},
				"east": {"uv": [9, 7.5, 10.5, 8.75], "texture": "#0"},
				"south": {"uv": [9, 7.5, 10.5, 8.75], "texture": "#0"},
				"west": {"uv": [9, 7.5, 10.5, 8.75], "texture": "#0"},
				"up": {"uv": [9, 7.5, 10.5, 8.75], "texture": "#0"},
				"down": {"uv": [9, 7.5, 10.5, 8.75], "texture": "#0"}
			}
		},
		{
			"from": [11.81275, 26.05671, 7.55679],
			"to": [17.28731, 26.94797, 8.41152],
			"rotation": {"angle": -45, "axis": "z", "origin": [19.33408, 26.10294, 7.98415]},
			"faces": {
				"north": {"uv": [9, 7.5, 10.5, 8.75], "rotation": 180, "texture": "#0"},
				"east": {"uv": [9, 7.5, 10.5, 8.75], "texture": "#0"},
				"south": {"uv": [9, 7.5, 10.5, 8.75], "texture": "#0"},
				"west": {"uv": [9, 7.5, 10.5, 8.75], "texture": "#0"},
				"up": {"uv": [9, 7.5, 10.5, 8.75], "texture": "#0"},
				"down": {"uv": [9, 7.5, 10.5, 8.75], "texture": "#0"}
			}
		}
	],
	"display": {
		"head": {
			"translation": [-79.75, -17.5, 0],
			"scale": [4, 4, 4]
		}
	},
	"groups": [
		{
			"name": "root",
			"origin": [8, 8, 8],
			"color": 0,
			"children": [
				{
					"name": "wing_l_close",
					"origin": [8, 8, 8],
					"color": 0,
					"children": [
						{
							"name": "1",
							"origin": [5.5, 8.44331, 2.22471],
							"color": 0,
							"children": [0, 1, 2, 3, 4, 5, 6]
						},
						{
							"name": "2",
							"origin": [8, 8, 8],
							"color": 0,
							"children": [
								7,
								8,
								9,
								10,
								11,
								{
									"name": "group",
									"origin": [2.54497, 18.1905, 0.19971],
									"color": 0,
									"children": [12, 13, 14, 15, 16, 17, 18, 19, 20, 21, 22, 23, 24, 25, 26]
								}
							]
						}
					]
				}
			]
		}
	]
}