{
	"credit": "Made with Blockbench",
	"texture_size": [32, 32],
	"textures": {
		"0": "reia/head",
		"2": "reia/wing_1",
		"particle": "reia/head"
	},
	"elements": [
		{
			"from": [18.77461, 13.36034, 6.14489],
			"to": [22.27811, 18.28526, 9.81656],
			"rotation": {"angle": 45, "axis": "z", "origin": [8, 17.2, 8]},
			"faces": {
				"north": {"uv": [2, 9, 4.25, 10.5], "rotation": 90, "texture": "#0"},
				"east": {"uv": [2, 9, 4.25, 10.5], "rotation": 270, "texture": "#0"},
				"south": {"uv": [2, 9, 4.25, 10.5], "rotation": 270, "texture": "#0"},
				"west": {"uv": [2, 9, 4.25, 10.5], "rotation": 270, "texture": "#0"},
				"up": {"uv": [2, 9, 4.25, 10.5], "rotation": 270, "texture": "#0"},
				"down": {"uv": [2, 9, 4.25, 10.5], "rotation": 270, "texture": "#0"}
			}
		},
		{
			"from": [18.97481, 17.86484, 6.74549],
			"to": [21.67751, 20.78776, 9.21596],
			"rotation": {"angle": 45, "axis": "z", "origin": [8, 17.2, 8]},
			"faces": {
				"north": {"uv": [2, 9, 4.25, 10.5], "rotation": 90, "texture": "#0"},
				"east": {"uv": [2, 9, 4.25, 10.5], "rotation": 270, "texture": "#0"},
				"south": {"uv": [2, 9, 4.25, 10.5], "rotation": 270, "texture": "#0"},
				"west": {"uv": [2, 9, 4.25, 10.5], "rotation": 270, "texture": "#0"},
				"up": {"uv": [2, 9, 4.25, 10.5], "rotation": 270, "texture": "#0"},
				"down": {"uv": [2, 9, 4.25, 10.5], "rotation": 270, "texture": "#0"}
			}
		},
		{
			"from": [7.68879, 31.00648, 7.54629],
			"to": [10.19129, 31.90738, 8.41516],
			"rotation": {"angle": 0, "axis": "y", "origin": [8, 17.2, 8]},
			"faces": {
				"north": {"uv": [0.25, 3, 2.5, 4.5], "rotation": 180, "texture": "#0"},
				"east": {"uv": [0.25, 3, 2.5, 4.5], "texture": "#0"},
				"south": {"uv": [0.25, 3, 2.5, 4.5], "texture": "#0"},
				"west": {"uv": [0.25, 3, 2.5, 4.5], "texture": "#0"},
				"up": {"uv": [0.25, 3, 2.5, 4.5], "texture": "#0"},
				"down": {"uv": [0.25, 3, 2.5, 4.5], "texture": "#0"}
			}
		},
		{
			"from": [4.06539, 30.49611, 7.34609],
			"to": [7.46879, 31.79741, 8.61536],
			"rotation": {"angle": -22.5, "axis": "z", "origin": [8, 17.2, 8]},
			"faces": {
				"north": {"uv": [0.25, 3, 2.5, 4.5], "rotation": 180, "texture": "#0"},
				"east": {"uv": [0.25, 3, 2.5, 4.5], "texture": "#0"},
				"south": {"uv": [0.25, 3, 2.5, 4.5], "texture": "#0"},
				"west": {"uv": [0.25, 3, 2.5, 4.5], "texture": "#0"},
				"up": {"uv": [0.25, 3, 2.5, 4.5], "texture": "#0"},
				"down": {"uv": [0.25, 3, 2.5, 4.5], "texture": "#0"}
			}
		},
		{
			"from": [19.27511, 19.16482, 7.04579],
			"to": [21.37721, 23.66932, 8.91566],
			"rotation": {"angle": 45, "axis": "z", "origin": [8, 17.2, 8]},
			"faces": {
				"north": {"uv": [0.25, 3, 2.5, 4.5], "rotation": 90, "texture": "#0"},
				"east": {"uv": [0.25, 3, 2.5, 4.5], "rotation": 270, "texture": "#0"},
				"south": {"uv": [0.25, 3, 2.5, 4.5], "rotation": 270, "texture": "#0"},
				"west": {"uv": [0.25, 3, 2.5, 4.5], "rotation": 270, "texture": "#0"},
				"up": {"uv": [0.25, 3, 2.5, 4.5], "rotation": 270, "texture": "#0"},
				"down": {"uv": [0.25, 3, 2.5, 4.5], "rotation": 270, "texture": "#0"}
			}
		},
		{
			"from": [-9.62515, 13.56244, 6.85416],
			"to": [22.82727, 15.66454, 9.12443],
			"rotation": {"angle": 45, "axis": "z", "origin": [8, 17.2, 8]},
			"faces": {
				"north": {"uv": [2, 9.25, 4.25, 10.5], "texture": "#0"},
				"east": {"uv": [2, 9.25, 4.25, 10.5], "rotation": 180, "texture": "#0"},
				"south": {"uv": [2, 9.25, 4.25, 10.5], "rotation": 180, "texture": "#0"},
				"west": {"uv": [2, 9.25, 4.25, 10.5], "rotation": 180, "texture": "#0"},
				"up": {"uv": [2, 9.25, 4.25, 10.5], "rotation": 180, "texture": "#0"},
				"down": {"uv": [2, 9.25, 4.25, 10.5], "rotation": 180, "texture": "#0"}
			}
		},
		{
			"from": [2.47852, -5.48951, 6.52063],
			"to": [5.28132, 0.93691, 9.45796],
			"rotation": {"angle": -22.5, "axis": "z", "origin": [8, 17.2, 8]},
			"faces": {
				"north": {"uv": [2, 9.25, 4.25, 10.5], "rotation": 90, "texture": "#0"},
				"east": {"uv": [2, 9.25, 4.25, 10.5], "rotation": 90, "texture": "#0"},
				"south": {"uv": [2, 9.25, 4.25, 10.5], "rotation": 90, "texture": "#0"},
				"west": {"uv": [2, 9.25, 4.25, 10.5], "rotation": 90, "texture": "#0"},
				"up": {"uv": [2, 9.25, 4.25, 10.5], "rotation": 90, "texture": "#0"},
				"down": {"uv": [2, 9.25, 4.25, 10.5], "rotation": 90, "texture": "#0"}
			}
		},
		{
			"from": [2.87892, -8.99301, 6.92103],
			"to": [4.88092, -4.98901, 9.05756],
			"rotation": {"angle": -22.5, "axis": "z", "origin": [8, 17.2, 8]},
			"faces": {
				"north": {"uv": [1, 3.5, 2.25, 4.75], "rotation": 90, "texture": "#0"},
				"east": {"uv": [1, 3.5, 2.25, 4.75], "rotation": 90, "texture": "#0"},
				"south": {"uv": [1, 3.5, 2.25, 4.75], "rotation": 90, "texture": "#0"},
				"west": {"uv": [1, 3.5, 2.25, 4.75], "rotation": 90, "texture": "#0"},
				"up": {"uv": [1, 3.5, 2.25, 4.75], "rotation": 90, "texture": "#0"},
				"down": {"uv": [1, 3.5, 2.25, 4.75], "rotation": 90, "texture": "#0"}
			}
		},
		{
			"from": [-6.24308, -8.19205, 7.32143],
			"to": [-5.04188, -4.68855, 8.65716],
			"rotation": {"angle": 0, "axis": "y", "origin": [8, 17.2, 8]},
			"faces": {
				"north": {"uv": [1, 3.5, 2.25, 4.75], "rotation": 90, "texture": "#0"},
				"east": {"uv": [1, 3.5, 2.25, 4.75], "rotation": 90, "texture": "#0"},
				"south": {"uv": [1, 3.5, 2.25, 4.75], "rotation": 90, "texture": "#0"},
				"west": {"uv": [1, 3.5, 2.25, 4.75], "rotation": 90, "texture": "#0"},
				"up": {"uv": [1, 3.5, 2.25, 4.75], "rotation": 90, "texture": "#0"},
				"down": {"uv": [1, 3.5, 2.25, 4.75], "rotation": 90, "texture": "#0"}
			}
		},
		{
			"from": [14.28867, 17.09408, 7.06353],
			"to": [16.18056, 23.40038, 8.91506],
			"rotation": {"angle": 22.5, "axis": "z", "origin": [5.30541, 16.0777, 8.00278]},
			"faces": {
				"north": {"uv": [9, 7.5, 10.5, 8.75], "rotation": 90, "texture": "#0"},
				"east": {"uv": [9, 7.5, 10.5, 8.75], "rotation": 90, "texture": "#0"},
				"south": {"uv": [9, 7.5, 10.5, 8.75], "rotation": 90, "texture": "#0"},
				"west": {"uv": [9, 7.5, 10.5, 8.75], "rotation": 90, "texture": "#0"},
				"up": {"uv": [9, 7.5, 10.5, 8.75], "rotation": 90, "texture": "#0"},
				"down": {"uv": [9, 7.5, 10.5, 8.75], "rotation": 90, "texture": "#0"}
			}
		},
		{
			"from": [16.26359, 18.14812, 7.31578],
			"to": [17.65098, 23.19316, 8.66281],
			"rotation": {"angle": 45, "axis": "z", "origin": [5.30541, 16.0777, 8.00278]},
			"faces": {
				"north": {"uv": [9, 7.5, 10.5, 8.75], "rotation": 90, "texture": "#0"},
				"east": {"uv": [9, 7.5, 10.5, 8.75], "rotation": 90, "texture": "#0"},
				"south": {"uv": [9, 7.5, 10.5, 8.75], "rotation": 90, "texture": "#0"},
				"west": {"uv": [9, 7.5, 10.5, 8.75], "rotation": 90, "texture": "#0"},
				"up": {"uv": [9, 7.5, 10.5, 8.75], "rotation": 90, "texture": "#0"},
				"down": {"uv": [9, 7.5, 10.5, 8.75], "rotation": 90, "texture": "#0"}
			}
		},
		{
			"from": [10.26884, 13.98102, 7.06353],
			"to": [12.16073, 20.28732, 8.91506],
			"rotation": {"angle": 22.5, "axis": "z", "origin": [5.30541, 16.0777, 8.00278]},
			"faces": {
				"north": {"uv": [9, 7.5, 10.5, 8.75], "rotation": 90, "texture": "#0"},
				"east": {"uv": [9, 7.5, 10.5, 8.75], "rotation": 90, "texture": "#0"},
				"south": {"uv": [9, 7.5, 10.5, 8.75], "rotation": 90, "texture": "#0"},
				"west": {"uv": [9, 7.5, 10.5, 8.75], "rotation": 90, "texture": "#0"},
				"up": {"uv": [9, 7.5, 10.5, 8.75], "rotation": 90, "texture": "#0"},
				"down": {"uv": [9, 7.5, 10.5, 8.75], "rotation": 90, "texture": "#0"}
			}
		},
		{
			"from": [11.35844, 16.81035, 7.31578],
			"to": [12.74582, 21.22476, 8.66281],
			"rotation": {"angle": 45, "axis": "z", "origin": [5.30541, 16.0777, 8.00278]},
			"faces": {
				"north": {"uv": [9, 7.5, 10.5, 8.75], "rotation": 90, "texture": "#0"},
				"east": {"uv": [9, 7.5, 10.5, 8.75], "rotation": 90, "texture": "#0"},
				"south": {"uv": [9, 7.5, 10.5, 8.75], "rotation": 90, "texture": "#0"},
				"west": {"uv": [9, 7.5, 10.5, 8.75], "rotation": 90, "texture": "#0"},
				"up": {"uv": [9, 7.5, 10.5, 8.75], "rotation": 90, "texture": "#0"},
				"down": {"uv": [9, 7.5, 10.5, 8.75], "rotation": 90, "texture": "#0"}
			}
		},
		{
			"from": [6.14904, 12.27455, 7.06353],
			"to": [8.04093, 18.58085, 8.91506],
			"rotation": {"angle": 22.5, "axis": "z", "origin": [5.30541, 16.0777, 8.00278]},
			"faces": {
				"north": {"uv": [9, 7.5, 10.5, 8.75], "rotation": 90, "texture": "#0"},
				"east": {"uv": [9, 7.5, 10.5, 8.75], "rotation": 90, "texture": "#0"},
				"south": {"uv": [9, 7.5, 10.5, 8.75], "rotation": 90, "texture": "#0"},
				"west": {"uv": [9, 7.5, 10.5, 8.75], "rotation": 90, "texture": "#0"},
				"up": {"uv": [9, 7.5, 10.5, 8.75], "rotation": 90, "texture": "#0"},
				"down": {"uv": [9, 7.5, 10.5, 8.75], "rotation": 90, "texture": "#0"}
			}
		},
		{
			"from": [6.89922, 16.81035, 7.31578],
			"to": [8.28661, 20.59413, 8.66281],
			"rotation": {"angle": 45, "axis": "z", "origin": [5.30541, 16.0777, 8.00278]},
			"faces": {
				"north": {"uv": [9, 7.5, 10.5, 8.75], "rotation": 90, "texture": "#0"},
				"east": {"uv": [9, 7.5, 10.5, 8.75], "rotation": 90, "texture": "#0"},
				"south": {"uv": [9, 7.5, 10.5, 8.75], "rotation": 90, "texture": "#0"},
				"west": {"uv": [9, 7.5, 10.5, 8.75], "rotation": 90, "texture": "#0"},
				"up": {"uv": [9, 7.5, 10.5, 8.75], "rotation": 90, "texture": "#0"},
				"down": {"uv": [9, 7.5, 10.5, 8.75], "rotation": 90, "texture": "#0"}
			}
		},
		{
			"from": [2.37055, 11.63601, 7.06353],
			"to": [4.26244, 16.05042, 8.91506],
			"rotation": {"angle": 22.5, "axis": "z", "origin": [5.30541, 16.0777, 8.00278]},
			"faces": {
				"north": {"uv": [9, 7.5, 10.5, 8.75], "rotation": 90, "texture": "#0"},
				"east": {"uv": [9, 7.5, 10.5, 8.75], "rotation": 90, "texture": "#0"},
				"south": {"uv": [9, 7.5, 10.5, 8.75], "rotation": 90, "texture": "#0"},
				"west": {"uv": [9, 7.5, 10.5, 8.75], "rotation": 90, "texture": "#0"},
				"up": {"uv": [9, 7.5, 10.5, 8.75], "rotation": 90, "texture": "#0"},
				"down": {"uv": [9, 7.5, 10.5, 8.75], "rotation": 90, "texture": "#0"}
			}
		},
		{
			"from": [2.43999, 15.91851, 7.31578],
			"to": [3.82738, 19.70229, 8.66281],
			"rotation": {"angle": 45, "axis": "z", "origin": [5.30541, 16.0777, 8.00278]},
			"faces": {
				"north": {"uv": [9, 7.5, 10.5, 8.75], "rotation": 90, "texture": "#0"},
				"east": {"uv": [9, 7.5, 10.5, 8.75], "rotation": 90, "texture": "#0"},
				"south": {"uv": [9, 7.5, 10.5, 8.75], "rotation": 90, "texture": "#0"},
				"west": {"uv": [9, 7.5, 10.5, 8.75], "rotation": 90, "texture": "#0"},
				"up": {"uv": [9, 7.5, 10.5, 8.75], "rotation": 90, "texture": "#0"},
				"down": {"uv": [9, 7.5, 10.5, 8.75], "rotation": 90, "texture": "#0"}
			}
		},
		{
			"from": [-1.64927, 9.78421, 7.06353],
			"to": [0.24262, 12.93736, 8.91506],
			"rotation": {"angle": 22.5, "axis": "z", "origin": [5.30541, 16.0777, 8.00278]},
			"faces": {
				"north": {"uv": [9, 7.5, 10.5, 8.75], "rotation": 90, "texture": "#0"},
				"east": {"uv": [9, 7.5, 10.5, 8.75], "rotation": 90, "texture": "#0"},
				"south": {"uv": [9, 7.5, 10.5, 8.75], "rotation": 90, "texture": "#0"},
				"west": {"uv": [9, 7.5, 10.5, 8.75], "rotation": 90, "texture": "#0"},
				"up": {"uv": [9, 7.5, 10.5, 8.75], "rotation": 90, "texture": "#0"},
				"down": {"uv": [9, 7.5, 10.5, 8.75], "rotation": 90, "texture": "#0"}
			}
		},
		{
			"from": [-2.46516, 14.58074, 7.31578],
			"to": [-1.07778, 17.73389, 8.66281],
			"rotation": {"angle": 45, "axis": "z", "origin": [5.30541, 16.0777, 8.00278]},
			"faces": {
				"north": {"uv": [9, 7.5, 10.5, 8.75], "rotation": 90, "texture": "#0"},
				"east": {"uv": [9, 7.5, 10.5, 8.75], "rotation": 90, "texture": "#0"},
				"south": {"uv": [9, 7.5, 10.5, 8.75], "rotation": 90, "texture": "#0"},
				"west": {"uv": [9, 7.5, 10.5, 8.75], "rotation": 90, "texture": "#0"},
				"up": {"uv": [9, 7.5, 10.5, 8.75], "rotation": 90, "texture": "#0"},
				"down": {"uv": [9, 7.5, 10.5, 8.75], "rotation": 90, "texture": "#0"}
			}
		},
		{
			"from": [16.51359, 21.14812, 7.56578],
			"to": [17.40098, 26.19316, 8.41281],
			"rotation": {"angle": 45, "axis": "z", "origin": [5.30541, 16.0777, 8.00278]},
			"faces": {
				"north": {"uv": [9, 7.5, 10.5, 8.75], "rotation": 90, "texture": "#0"},
				"east": {"uv": [9, 7.5, 10.5, 8.75], "rotation": 90, "texture": "#0"},
				"south": {"uv": [9, 7.5, 10.5, 8.75], "rotation": 90, "texture": "#0"},
				"west": {"uv": [9, 7.5, 10.5, 8.75], "rotation": 90, "texture": "#0"},
				"up": {"uv": [9, 7.5, 10.5, 8.75], "rotation": 90, "texture": "#0"},
				"down": {"uv": [9, 7.5, 10.5, 8.75], "rotation": 90, "texture": "#0"}
			}
		},
		{
			"from": [7.14922, 19.81035, 7.56578],
			"to": [8.03661, 23.59413, 8.41281],
			"rotation": {"angle": 45, "axis": "z", "origin": [5.30541, 16.0777, 8.00278]},
			"faces": {
				"north": {"uv": [9, 7.5, 10.5, 8.75], "rotation": 90, "texture": "#0"},
				"east": {"uv": [9, 7.5, 10.5, 8.75], "rotation": 90, "texture": "#0"},
				"south": {"uv": [9, 7.5, 10.5, 8.75], "rotation": 90, "texture": "#0"},
				"west": {"uv": [9, 7.5, 10.5, 8.75], "rotation": 90, "texture": "#0"},
				"up": {"uv": [9, 7.5, 10.5, 8.75], "rotation": 90, "texture": "#0"},
				"down": {"uv": [9, 7.5, 10.5, 8.75], "rotation": 90, "texture": "#0"}
			}
		},
		{
			"from": [11.60844, 19.81035, 7.56578],
			"to": [12.49582, 24.22476, 8.41281],
			"rotation": {"angle": 45, "axis": "z", "origin": [5.30541, 16.0777, 8.00278]},
			"faces": {
				"north": {"uv": [9, 7.5, 10.5, 8.75], "rotation": 90, "texture": "#0"},
				"east": {"uv": [9, 7.5, 10.5, 8.75], "rotation": 90, "texture": "#0"},
				"south": {"uv": [9, 7.5, 10.5, 8.75], "rotation": 90, "texture": "#0"},
				"west": {"uv": [9, 7.5, 10.5, 8.75], "rotation": 90, "texture": "#0"},
				"up": {"uv": [9, 7.5, 10.5, 8.75], "rotation": 90, "texture": "#0"},
				"down": {"uv": [9, 7.5, 10.5, 8.75], "rotation": 90, "texture": "#0"}
			}
		},
		{
			"from": [2.68999, 18.91851, 7.56578],
			"to": [3.57738, 22.70229, 8.41281],
			"rotation": {"angle": 45, "axis": "z", "origin": [5.30541, 16.0777, 8.00278]},
			"faces": {
				"north": {"uv": [9, 7.5, 10.5, 8.75], "rotation": 90, "texture": "#0"},
				"east": {"uv": [9, 7.5, 10.5, 8.75], "rotation": 90, "texture": "#0"},
				"south": {"uv": [9, 7.5, 10.5, 8.75], "rotation": 90, "texture": "#0"},
				"west": {"uv": [9, 7.5, 10.5, 8.75], "rotation": 90, "texture": "#0"},
				"up": {"uv": [9, 7.5, 10.5, 8.75], "rotation": 90, "texture": "#0"},
				"down": {"uv": [9, 7.5, 10.5, 8.75], "rotation": 90, "texture": "#0"}
			}
		},
		{
			"from": [-2.21516, 17.58074, 7.56578],
			"to": [-1.32778, 20.73389, 8.41281],
			"rotation": {"angle": 45, "axis": "z", "origin": [5.30541, 16.0777, 8.00278]},
			"faces": {
				"north": {"uv": [9, 7.5, 10.5, 8.75], "rotation": 90, "texture": "#0"},
				"east": {"uv": [9, 7.5, 10.5, 8.75], "rotation": 90, "texture": "#0"},
				"south": {"uv": [9, 7.5, 10.5, 8.75], "rotation": 90, "texture": "#0"},
				"west": {"uv": [9, 7.5, 10.5, 8.75], "rotation": 90, "texture": "#0"},
				"up": {"uv": [9, 7.5, 10.5, 8.75], "rotation": 90, "texture": "#0"},
				"down": {"uv": [9, 7.5, 10.5, 8.75], "rotation": 90, "texture": "#0"}
			}
		},
		{
			"from": [-4.17021, -6.35393, 8.17803],
			"to": [21.47062, 26.81729, 8.31453],
			"rotation": {"angle": 0, "axis": "y", "origin": [8, 17.2, 8]},
			"faces": {
				"north": {"uv": [0, 0, 12.5, 8], "rotation": 90, "texture": "#2"},
				"east": {"uv": [0, 0, 0, 0], "texture": "#2"},
				"south": {"uv": [12.5, 0, 0, 8], "rotation": 270, "texture": "#2"},
				"west": {"uv": [0, 0, 0, 0], "texture": "#2"},
				"up": {"uv": [0, 0, 0, 0], "texture": "#2"},
				"down": {"uv": [0, 0, 0, 0], "texture": "#2"}
			}
		}
	],
	"display": {
		"head": {
			"rotation": [0, 0, -90],
			"translation": [-65.25, 36.25, 0],
			"scale": [4, 4, 4]
		}
	},
	"groups": [
		{
			"name": "root",
			"origin": [8, 8, 8],
			"color": 0,
			"children": []
		},
		{
			"name": "wing_l_open_scaled",
			"origin": [8, 8, 8],
			"color": 0,
			"children": [
				{
					"name": "2",
					"origin": [8, 8, 8],
					"color": 0,
					"children": [
						0,
						1,
						2,
						3,
						4,
						5,
						6,
						7,
						8,
						{
							"name": "group",
							"origin": [2.54497, 18.1905, 0.19971],
							"color": 0,
							"children": [9, 10, 11, 12, 13, 14, 15, 16, 17, 18, 19, 20, 21, 22, 23]
						},
						24
					]
				}
			]
		}
	]
}