{
	"credit": "Made with Blockbench",
	"texture_size": [32, 32],
	"textures": {
		"0": "reia/head",
		"1": "reia/wing_0",
		"particle": "reia/head"
	},
	"elements": [
		{
			"from": [-14.16629, 10.84023, 6.34852],
			"to": [-10.74287, 23.81159, 9.61979],
			"rotation": {"angle": -22.5, "axis": "z", "origin": [-16.95908, 10.19379, 8.2344]},
			"faces": {
				"north": {"uv": [4.25, 9.25, 2, 10.5], "texture": "#0"},
				"east": {"uv": [4.25, 9.25, 2, 10.5], "texture": "#0"},
				"south": {"uv": [4.25, 9.25, 2, 10.5], "texture": "#0"},
				"west": {"uv": [4.25, 9.25, 2, 10.5], "texture": "#0"},
				"up": {"uv": [4.25, 9.25, 2, 10.5], "texture": "#0"},
				"down": {"uv": [4.25, 9.25, 2, 10.5], "texture": "#0"}
			}
		},
		{
			"from": [-8.60577, 24.52089, 6.14832],
			"to": [-3.68085, 28.02439, 9.81999],
			"rotation": {"angle": -45, "axis": "z", "origin": [-12.44458, 26.02725, 7.98415]},
			"faces": {
				"north": {"uv": [4.25, 9.25, 2, 10.5], "texture": "#0"},
				"east": {"uv": [4.25, 9.25, 2, 10.5], "texture": "#0"},
				"south": {"uv": [4.25, 9.25, 2, 10.5], "texture": "#0"},
				"west": {"uv": [4.25, 9.25, 2, 10.5], "texture": "#0"},
				"up": {"uv": [4.25, 9.25, 2, 10.5], "texture": "#0"},
				"down": {"uv": [4.25, 9.25, 2, 10.5], "texture": "#0"}
			}
		},
		{
			"from": [-11.10827, 25.12149, 6.74892],
			"to": [-8.18535, 27.82419, 9.21939],
			"rotation": {"angle": -45, "axis": "z", "origin": [-12.44458, 26.02725, 7.98415]},
			"faces": {
				"north": {"uv": [4.25, 9.25, 2, 10.5], "texture": "#0"},
				"east": {"uv": [4.25, 9.25, 2, 10.5], "texture": "#0"},
				"south": {"uv": [4.25, 9.25, 2, 10.5], "texture": "#0"},
				"west": {"uv": [4.25, 9.25, 2, 10.5], "texture": "#0"},
				"up": {"uv": [4.25, 9.25, 2, 10.5], "texture": "#0"},
				"down": {"uv": [4.25, 9.25, 2, 10.5], "texture": "#0"}
			}
		},
		{
			"from": [-14.61177, 23.92029, 7.04922],
			"to": [-10.10727, 26.02239, 8.91909],
			"rotation": {"angle": -45, "axis": "z", "origin": [-10.94308, 24.52575, 7.98415]},
			"faces": {
				"north": {"uv": [10.5, 7.5, 9, 8.75], "texture": "#0"},
				"east": {"uv": [10.5, 7.5, 9, 8.75], "texture": "#0"},
				"south": {"uv": [10.5, 7.5, 9, 8.75], "texture": "#0"},
				"west": {"uv": [10.5, 7.5, 9, 8.75], "texture": "#0"},
				"up": {"uv": [10.5, 7.5, 9, 8.75], "texture": "#0"},
				"down": {"uv": [10.5, 7.5, 9, 8.75], "texture": "#0"}
			}
		},
		{
			"from": [-14.87976, 26.44715, 7.34952],
			"to": [-13.57846, 29.85055, 8.61879],
			"rotation": {"angle": 22.5, "axis": "z", "origin": [-14.33555, 29.62747, 7.98415]},
			"faces": {
				"north": {"uv": [9, 8.75, 10.5, 7.5], "rotation": 90, "texture": "#0"},
				"east": {"uv": [9, 8.75, 10.5, 7.5], "rotation": 90, "texture": "#0"},
				"south": {"uv": [9, 8.75, 10.5, 7.5], "rotation": 90, "texture": "#0"},
				"west": {"uv": [9, 8.75, 10.5, 7.5], "rotation": 90, "texture": "#0"},
				"up": {"uv": [9, 8.75, 10.5, 7.5], "rotation": 90, "texture": "#0"},
				"down": {"uv": [9, 8.75, 10.5, 7.5], "rotation": 90, "texture": "#0"}
			}
		},
		{
			"from": [-14.63913, 29.3851, 7.54972],
			"to": [-13.73823, 31.8876, 8.41859],
			"rotation": {"angle": 0, "axis": "y", "origin": [-14.88938, 30.43615, 7.98415]},
			"faces": {
				"north": {"uv": [9, 8.75, 10.5, 7.5], "rotation": 90, "texture": "#0"},
				"east": {"uv": [9, 8.75, 10.5, 7.5], "rotation": 90, "texture": "#0"},
				"south": {"uv": [9, 8.75, 10.5, 7.5], "rotation": 90, "texture": "#0"},
				"west": {"uv": [9, 8.75, 10.5, 7.5], "rotation": 90, "texture": "#0"},
				"up": {"uv": [9, 8.75, 10.5, 7.5], "rotation": 90, "texture": "#0"},
				"down": {"uv": [9, 8.75, 10.5, 7.5], "rotation": 90, "texture": "#0"}
			}
		},
		{
			"from": [-6.92715, -16, 7.54972],
			"to": [-5.6759, 20.73952, 8.41859],
			"rotation": {"angle": 0, "axis": "y", "origin": [-3.5101, 12.80796, 7.98415]},
			"faces": {
				"north": {"uv": [1.5, 11.75, 2.75, 10.5], "rotation": 90, "texture": "#0"},
				"east": {"uv": [1.5, 11.75, 2.75, 10.5], "rotation": 90, "texture": "#0"},
				"south": {"uv": [1.5, 11.75, 2.75, 10.5], "rotation": 90, "texture": "#0"},
				"west": {"uv": [1.5, 11.75, 2.75, 10.5], "rotation": 90, "texture": "#0"},
				"up": {"uv": [1.5, 11.75, 2.75, 10.5], "rotation": 90, "texture": "#0"},
				"down": {"uv": [1.5, 11.75, 2.75, 10.5], "rotation": 90, "texture": "#0"}
			}
		},
		{
			"from": [13.58747, -1.90636, 6.84902],
			"to": [15.68957, 30.54606, 9.11929],
			"rotation": {"angle": 45, "axis": "z", "origin": [12.15958, -0.34058, 8.031]},
			"faces": {
				"north": {"uv": [2, 10.5, 4.25, 9.25], "rotation": 90, "texture": "#0"},
				"east": {"uv": [2, 10.5, 4.25, 9.25], "rotation": 90, "texture": "#0"},
				"south": {"uv": [2, 10.5, 4.25, 9.25], "rotation": 90, "texture": "#0"},
				"west": {"uv": [2, 10.5, 4.25, 9.25], "rotation": 90, "texture": "#0"},
				"up": {"uv": [2, 10.5, 4.25, 9.25], "rotation": 90, "texture": "#0"},
				"down": {"uv": [2, 10.5, 4.25, 9.25], "rotation": 90, "texture": "#0"}
			}
		},
		{
			"from": [13.41247, -6.2547, 6.51549],
			"to": [16.21527, 0.17172, 9.45282],
			"rotation": {"angle": 22.5, "axis": "z", "origin": [12.15958, -0.34058, 8.031]},
			"faces": {
				"north": {"uv": [2, 10.5, 4.25, 9.25], "rotation": 90, "texture": "#0"},
				"east": {"uv": [2, 10.5, 4.25, 9.25], "rotation": 90, "texture": "#0"},
				"south": {"uv": [2, 10.5, 4.25, 9.25], "rotation": 90, "texture": "#0"},
				"west": {"uv": [2, 10.5, 4.25, 9.25], "rotation": 90, "texture": "#0"},
				"up": {"uv": [2, 10.5, 4.25, 9.25], "rotation": 90, "texture": "#0"},
				"down": {"uv": [2, 10.5, 4.25, 9.25], "rotation": 90, "texture": "#0"}
			}
		},
		{
			"from": [13.81287, -9.7582, 6.91589],
			"to": [15.81487, -5.7542, 9.05242],
			"rotation": {"angle": 22.5, "axis": "z", "origin": [12.15958, -0.34058, 8.031]},
			"faces": {
				"north": {"uv": [1, 4.75, 2.25, 3.5], "rotation": 90, "texture": "#0"},
				"east": {"uv": [1, 4.75, 2.25, 3.5], "rotation": 90, "texture": "#0"},
				"south": {"uv": [1, 4.75, 2.25, 3.5], "rotation": 90, "texture": "#0"},
				"west": {"uv": [1, 4.75, 2.25, 3.5], "rotation": 90, "texture": "#0"},
				"up": {"uv": [1, 4.75, 2.25, 3.5], "rotation": 90, "texture": "#0"},
				"down": {"uv": [1, 4.75, 2.25, 3.5], "rotation": 90, "texture": "#0"}
			}
		},
		{
			"from": [17.42759, -10.79513, 7.31629],
			"to": [18.62879, -7.29163, 8.65202],
			"rotation": {"angle": 0, "axis": "y", "origin": [12.15958, -0.34058, 8.031]},
			"faces": {
				"north": {"uv": [1, 4.75, 2.25, 3.5], "rotation": 90, "texture": "#0"},
				"east": {"uv": [1, 4.75, 2.25, 3.5], "rotation": 90, "texture": "#0"},
				"south": {"uv": [1, 4.75, 2.25, 3.5], "rotation": 90, "texture": "#0"},
				"west": {"uv": [1, 4.75, 2.25, 3.5], "rotation": 90, "texture": "#0"},
				"up": {"uv": [1, 4.75, 2.25, 3.5], "rotation": 90, "texture": "#0"},
				"down": {"uv": [1, 4.75, 2.25, 3.5], "rotation": 90, "texture": "#0"}
			}
		},
		{
			"from": [-11.911, -15.68351, 8.17289],
			"to": [17.29272, 24.21475, 8.30939],
			"rotation": {"angle": 0, "axis": "y", "origin": [12.15958, -0.34058, 8.031]},
			"faces": {
				"north": {"uv": [16, 9, 0, 16], "texture": "#1"},
				"east": {"uv": [0, 0, 0, 0], "rotation": 270, "texture": "#1"},
				"south": {"uv": [0, 9, 16, 16], "texture": "#1"},
				"west": {"uv": [0, 0, 0, 0], "rotation": 90, "texture": "#1"},
				"up": {"uv": [0, 0, 0, 0], "texture": "#1"},
				"down": {"uv": [0, 0, 0, 0], "rotation": 180, "texture": "#1"}
			}
		},
		{
			"from": [-4.60699, 21.19955, 7.14656],
			"to": [-2.89528, 26.90525, 8.82175],
			"rotation": {"angle": -22.5, "axis": "z", "origin": [-3.33408, 26.10294, 7.98415]},
			"faces": {
				"north": {"uv": [9, 8.75, 10.5, 7.5], "rotation": 90, "texture": "#0"},
				"east": {"uv": [9, 8.75, 10.5, 7.5], "rotation": 90, "texture": "#0"},
				"south": {"uv": [9, 8.75, 10.5, 7.5], "rotation": 90, "texture": "#0"},
				"west": {"uv": [9, 8.75, 10.5, 7.5], "rotation": 90, "texture": "#0"},
				"up": {"uv": [9, 8.75, 10.5, 7.5], "rotation": 90, "texture": "#0"},
				"down": {"uv": [9, 8.75, 10.5, 7.5], "rotation": 90, "texture": "#0"}
			}
		},
		{
			"from": [-3.56231, 25.87471, 7.37479],
			"to": [1.00225, 27.12997, 8.59352],
			"rotation": {"angle": 45, "axis": "z", "origin": [-3.33408, 26.10294, 7.98415]},
			"faces": {
				"north": {"uv": [10.5, 7.5, 9, 8.75], "rotation": 180, "texture": "#0"},
				"east": {"uv": [10.5, 7.5, 9, 8.75], "texture": "#0"},
				"south": {"uv": [10.5, 7.5, 9, 8.75], "texture": "#0"},
				"west": {"uv": [10.5, 7.5, 9, 8.75], "texture": "#0"},
				"up": {"uv": [10.5, 7.5, 9, 8.75], "texture": "#0"},
				"down": {"uv": [10.5, 7.5, 9, 8.75], "texture": "#0"}
			}
		},
		{
			"from": [-3.29071, 15.99873, 7.14656],
			"to": [-1.579, 21.70443, 8.82175],
			"rotation": {"angle": -22.5, "axis": "z", "origin": [1.49878, 19.07735, 7.98415]},
			"faces": {
				"north": {"uv": [9, 8.75, 10.5, 7.5], "rotation": 90, "texture": "#0"},
				"east": {"uv": [9, 8.75, 10.5, 7.5], "rotation": 90, "texture": "#0"},
				"south": {"uv": [9, 8.75, 10.5, 7.5], "rotation": 90, "texture": "#0"},
				"west": {"uv": [9, 8.75, 10.5, 7.5], "rotation": 90, "texture": "#0"},
				"up": {"uv": [9, 8.75, 10.5, 7.5], "rotation": 90, "texture": "#0"},
				"down": {"uv": [9, 8.75, 10.5, 7.5], "rotation": 90, "texture": "#0"}
			}
		},
		{
			"from": [1.61069, 22.79632, 7.37479],
			"to": [5.60468, 24.05157, 8.59352],
			"rotation": {"angle": 45, "axis": "z", "origin": [1.49878, 19.07735, 7.98415]},
			"faces": {
				"north": {"uv": [10.5, 7.5, 9, 8.75], "rotation": 180, "texture": "#0"},
				"east": {"uv": [10.5, 7.5, 9, 8.75], "texture": "#0"},
				"south": {"uv": [10.5, 7.5, 9, 8.75], "texture": "#0"},
				"west": {"uv": [10.5, 7.5, 9, 8.75], "texture": "#0"},
				"up": {"uv": [10.5, 7.5, 9, 8.75], "texture": "#0"},
				"down": {"uv": [10.5, 7.5, 9, 8.75], "texture": "#0"}
			}
		},
		{
			"from": [0.43672, 14.45478, 7.14656],
			"to": [2.14843, 20.16048, 8.82175],
			"rotation": {"angle": -22.5, "axis": "z", "origin": [1.49878, 19.07735, 7.98415]},
			"faces": {
				"north": {"uv": [9, 8.75, 10.5, 7.5], "rotation": 90, "texture": "#0"},
				"east": {"uv": [9, 8.75, 10.5, 7.5], "rotation": 90, "texture": "#0"},
				"south": {"uv": [9, 8.75, 10.5, 7.5], "rotation": 90, "texture": "#0"},
				"west": {"uv": [9, 8.75, 10.5, 7.5], "rotation": 90, "texture": "#0"},
				"up": {"uv": [9, 8.75, 10.5, 7.5], "rotation": 90, "texture": "#0"},
				"down": {"uv": [9, 8.75, 10.5, 7.5], "rotation": 90, "texture": "#0"}
			}
		},
		{
			"from": [1.61069, 18.76178, 7.37479],
			"to": [5.03411, 20.01703, 8.59352],
			"rotation": {"angle": 45, "axis": "z", "origin": [1.49878, 19.07735, 7.98415]},
			"faces": {
				"north": {"uv": [10.5, 7.5, 9, 8.75], "rotation": 180, "texture": "#0"},
				"east": {"uv": [10.5, 7.5, 9, 8.75], "texture": "#0"},
				"south": {"uv": [10.5, 7.5, 9, 8.75], "texture": "#0"},
				"west": {"uv": [10.5, 7.5, 9, 8.75], "texture": "#0"},
				"up": {"uv": [10.5, 7.5, 9, 8.75], "texture": "#0"},
				"down": {"uv": [10.5, 7.5, 9, 8.75], "texture": "#0"}
			}
		},
		{
			"from": [3.85536, 13.87705, 7.14656],
			"to": [5.56707, 17.87104, 8.82175],
			"rotation": {"angle": -22.5, "axis": "z", "origin": [1.49878, 19.07735, 7.98415]},
			"faces": {
				"north": {"uv": [9, 8.75, 10.5, 7.5], "rotation": 90, "texture": "#0"},
				"east": {"uv": [9, 8.75, 10.5, 7.5], "rotation": 90, "texture": "#0"},
				"south": {"uv": [9, 8.75, 10.5, 7.5], "rotation": 90, "texture": "#0"},
				"west": {"uv": [9, 8.75, 10.5, 7.5], "rotation": 90, "texture": "#0"},
				"up": {"uv": [9, 8.75, 10.5, 7.5], "rotation": 90, "texture": "#0"},
				"down": {"uv": [9, 8.75, 10.5, 7.5], "rotation": 90, "texture": "#0"}
			}
		},
		{
			"from": [0.80378, 14.72724, 7.37479],
			"to": [4.2272, 15.98249, 8.59352],
			"rotation": {"angle": 45, "axis": "z", "origin": [1.49878, 19.07735, 7.98415]},
			"faces": {
				"north": {"uv": [10.5, 7.5, 9, 8.75], "rotation": 180, "texture": "#0"},
				"east": {"uv": [10.5, 7.5, 9, 8.75], "texture": "#0"},
				"south": {"uv": [10.5, 7.5, 9, 8.75], "texture": "#0"},
				"west": {"uv": [10.5, 7.5, 9, 8.75], "texture": "#0"},
				"up": {"uv": [10.5, 7.5, 9, 8.75], "texture": "#0"},
				"down": {"uv": [10.5, 7.5, 9, 8.75], "texture": "#0"}
			}
		},
		{
			"from": [7.49235, 12.20162, 7.14656],
			"to": [9.20406, 15.05447, 8.82175],
			"rotation": {"angle": -22.5, "axis": "z", "origin": [1.49878, 19.07735, 7.98415]},
			"faces": {
				"north": {"uv": [9, 8.75, 10.5, 7.5], "rotation": 90, "texture": "#0"},
				"east": {"uv": [9, 8.75, 10.5, 7.5], "rotation": 90, "texture": "#0"},
				"south": {"uv": [9, 8.75, 10.5, 7.5], "rotation": 90, "texture": "#0"},
				"west": {"uv": [9, 8.75, 10.5, 7.5], "rotation": 90, "texture": "#0"},
				"up": {"uv": [9, 8.75, 10.5, 7.5], "rotation": 90, "texture": "#0"},
				"down": {"uv": [9, 8.75, 10.5, 7.5], "rotation": 90, "texture": "#0"}
			}
		},
		{
			"from": [-0.40658, 10.28925, 7.37479],
			"to": [2.44627, 11.5445, 8.59352],
			"rotation": {"angle": 45, "axis": "z", "origin": [1.49878, 19.07735, 7.98415]},
			"faces": {
				"north": {"uv": [10.5, 7.5, 9, 8.75], "rotation": 180, "texture": "#0"},
				"east": {"uv": [10.5, 7.5, 9, 8.75], "texture": "#0"},
				"south": {"uv": [10.5, 7.5, 9, 8.75], "texture": "#0"},
				"west": {"uv": [10.5, 7.5, 9, 8.75], "texture": "#0"},
				"up": {"uv": [10.5, 7.5, 9, 8.75], "texture": "#0"},
				"down": {"uv": [10.5, 7.5, 9, 8.75], "texture": "#0"}
			}
		},
		{
			"from": [3.88569, 18.94378, 7.55679],
			"to": [8.21911, 19.83503, 8.41152],
			"rotation": {"angle": 45, "axis": "z", "origin": [1.49878, 19.07735, 7.98415]},
			"faces": {
				"north": {"uv": [10.5, 7.5, 9, 8.75], "rotation": 180, "texture": "#0"},
				"east": {"uv": [10.5, 7.5, 9, 8.75], "texture": "#0"},
				"south": {"uv": [10.5, 7.5, 9, 8.75], "texture": "#0"},
				"west": {"uv": [10.5, 7.5, 9, 8.75], "texture": "#0"},
				"up": {"uv": [10.5, 7.5, 9, 8.75], "texture": "#0"},
				"down": {"uv": [10.5, 7.5, 9, 8.75], "texture": "#0"}
			}
		},
		{
			"from": [1.86842, 10.47125, 7.55679],
			"to": [5.63127, 11.3625, 8.41152],
			"rotation": {"angle": 45, "axis": "z", "origin": [1.49878, 19.07735, 7.98415]},
			"faces": {
				"north": {"uv": [10.5, 7.5, 9, 8.75], "rotation": 180, "texture": "#0"},
				"east": {"uv": [10.5, 7.5, 9, 8.75], "texture": "#0"},
				"south": {"uv": [10.5, 7.5, 9, 8.75], "texture": "#0"},
				"west": {"uv": [10.5, 7.5, 9, 8.75], "texture": "#0"},
				"up": {"uv": [10.5, 7.5, 9, 8.75], "texture": "#0"},
				"down": {"uv": [10.5, 7.5, 9, 8.75], "texture": "#0"}
			}
		},
		{
			"from": [3.07878, 14.90924, 7.55679],
			"to": [7.4122, 15.80049, 8.41152],
			"rotation": {"angle": 45, "axis": "z", "origin": [1.49878, 19.07735, 7.98415]},
			"faces": {
				"north": {"uv": [10.5, 7.5, 9, 8.75], "rotation": 180, "texture": "#0"},
				"east": {"uv": [10.5, 7.5, 9, 8.75], "texture": "#0"},
				"south": {"uv": [10.5, 7.5, 9, 8.75], "texture": "#0"},
				"west": {"uv": [10.5, 7.5, 9, 8.75], "texture": "#0"},
				"up": {"uv": [10.5, 7.5, 9, 8.75], "texture": "#0"},
				"down": {"uv": [10.5, 7.5, 9, 8.75], "texture": "#0"}
			}
		},
		{
			"from": [3.88569, 22.97832, 7.55679],
			"to": [8.78968, 23.86957, 8.41152],
			"rotation": {"angle": 45, "axis": "z", "origin": [1.49878, 19.07735, 7.98415]},
			"faces": {
				"north": {"uv": [10.5, 7.5, 9, 8.75], "rotation": 180, "texture": "#0"},
				"east": {"uv": [10.5, 7.5, 9, 8.75], "texture": "#0"},
				"south": {"uv": [10.5, 7.5, 9, 8.75], "texture": "#0"},
				"west": {"uv": [10.5, 7.5, 9, 8.75], "texture": "#0"},
				"up": {"uv": [10.5, 7.5, 9, 8.75], "texture": "#0"},
				"down": {"uv": [10.5, 7.5, 9, 8.75], "texture": "#0"}
			}
		},
		{
			"from": [-1.28731, 26.05671, 7.55679],
			"to": [4.18725, 26.94797, 8.41152],
			"rotation": {"angle": 45, "axis": "z", "origin": [-3.33408, 26.10294, 7.98415]},
			"faces": {
				"north": {"uv": [10.5, 7.5, 9, 8.75], "rotation": 180, "texture": "#0"},
				"east": {"uv": [10.5, 7.5, 9, 8.75], "texture": "#0"},
				"south": {"uv": [10.5, 7.5, 9, 8.75], "texture": "#0"},
				"west": {"uv": [10.5, 7.5, 9, 8.75], "texture": "#0"},
				"up": {"uv": [10.5, 7.5, 9, 8.75], "texture": "#0"},
				"down": {"uv": [10.5, 7.5, 9, 8.75], "texture": "#0"}
			}
		}
	],
	"display": {
		"head": {
			"translation": [79.75, -17.5, 0],
			"scale": [4, 4, 4]
		}
	},
	"groups": [
		{
			"name": "root",
			"origin": [8, 8, 8],
			"color": 0,
			"children": [
				{
					"name": "wing_l_close",
					"origin": [8, 8, 8],
					"color": 0,
					"children": [
						{
							"name": "1",
							"origin": [5.5, 8.44331, 2.22471],
							"color": 0,
							"children": [0, 1, 2, 3, 4, 5, 6]
						},
						{
							"name": "2",
							"origin": [8, 8, 8],
							"color": 0,
							"children": [
								7,
								8,
								9,
								10,
								11,
								{
									"name": "group",
									"origin": [2.54497, 18.1905, 0.19971],
									"color": 0,
									"children": [12, 13, 14, 15, 16, 17, 18, 19, 20, 21, 22, 23, 24, 25, 26]
								}
							]
						}
					]
				}
			]
		}
	]
}