{
	"credit": "Made with Blockbench",
	"texture_size": [32, 32],
	"textures": {
		"1": "brachy/raging",
		"particle": "brachy/head"
	},
	"elements": [
		{
			"from": [6.04655, 4.22568, 1.03682],
			"to": [9.95343, 5.43649, 10.45422],
			"rotation": {"angle": 0, "axis": "y", "origin": [9.60068, 11.47439, -25.61343]},
			"faces": {
				"north": {"uv": [13.25, 0, 16, 1.5], "texture": "#1"},
				"east": {"uv": [13.25, 0, 16, 1.5], "texture": "#1"},
				"south": {"uv": [13.25, 0, 16, 1.5], "texture": "#1"},
				"west": {"uv": [13.25, 0, 16, 1.5], "texture": "#1"},
				"up": {"uv": [13.25, 0, 16, 1.5], "texture": "#1"},
				"down": {"uv": [13.25, 0, 16, 1.5], "texture": "#1"}
			}
		},
		{
			"from": [4.83574, 5.43649, 1.03682],
			"to": [11.16423, 9.77522, 10.45422],
			"rotation": {"angle": 0, "axis": "y", "origin": [9.60068, 11.47439, -25.61343]},
			"faces": {
				"north": {"uv": [13.5, 7.5, 15.5, 9.25], "rotation": 90, "texture": "#1"},
				"east": {"uv": [13.5, 7.5, 15.5, 9.25], "rotation": 270, "texture": "#1"},
				"south": {"uv": [13.5, 7.5, 15.5, 9.25], "rotation": 90, "texture": "#1"},
				"west": {"uv": [13.5, 7.5, 15.5, 9.25], "rotation": 90, "texture": "#1"},
				"up": {"uv": [13.5, 7.5, 15.25, 9.5], "rotation": 180, "texture": "#1"},
				"down": {"uv": [13.5, 7.5, 15.25, 9.5], "texture": "#1"}
			}
		},
		{
			"from": [6.04655, 9.77522, 1.03682],
			"to": [9.95343, 11.38964, 10.45422],
			"rotation": {"angle": 0, "axis": "y", "origin": [9.60068, 11.47439, -25.61343]},
			"faces": {
				"north": {"uv": [13.75, 7, 15.5, 9], "rotation": 180, "texture": "#1"},
				"east": {"uv": [13.75, 7, 15.75, 8.75], "rotation": 270, "texture": "#1"},
				"south": {"uv": [13.75, 7, 15.5, 9], "rotation": 180, "texture": "#1"},
				"west": {"uv": [13.75, 7, 15.75, 8.75], "rotation": 90, "texture": "#1"},
				"up": {"uv": [13.75, 7, 15.5, 9], "rotation": 180, "texture": "#1"},
				"down": {"uv": [13.75, 7, 15.5, 9], "rotation": 180, "texture": "#1"}
			}
		},
		{
			"from": [6.22108, 9.49741, 10.47573],
			"to": [9.7789, 10.14741, 10.47573],
			"rotation": {"angle": 0, "axis": "y", "origin": [9.59038, 11.54317, -17.69026]},
			"faces": {
				"north": {"uv": [4.25, 6.5, 6, 8.5], "texture": "#particle"},
				"east": {"uv": [4.25, 6.5, 6, 8.5], "texture": "#particle"},
				"south": {"uv": [10.25, 14.25, 11.5, 14.5], "rotation": 180, "texture": "#particle"},
				"west": {"uv": [4.25, 6.5, 6, 8.5], "texture": "#particle"},
				"up": {"uv": [4.25, 6.5, 6, 8.5], "texture": "#particle"},
				"down": {"uv": [4.25, 6.5, 6, 8.5], "texture": "#particle"}
			}
		},
		{
			"from": [5.50608, 5.86907, 10.45073],
			"to": [10.4939, 9.52991, 10.47573],
			"rotation": {"angle": 0, "axis": "y", "origin": [9.59038, 11.54317, -17.69026]},
			"faces": {
				"north": {"uv": [4.25, 6.5, 6, 8.5], "texture": "#particle"},
				"east": {"uv": [4.25, 6.5, 6, 8.5], "texture": "#particle"},
				"south": {"uv": [10, 12.5, 11.75, 14.25], "texture": "#particle"},
				"west": {"uv": [4.25, 6.5, 6, 8.5], "texture": "#particle"},
				"up": {"uv": [4.25, 6.5, 6, 8.5], "texture": "#particle"},
				"down": {"uv": [4.25, 6.5, 6, 8.5], "texture": "#particle"}
			}
		},
		{
			"from": [6.22108, 5.23991, 10.47573],
			"to": [9.7789, 5.88991, 10.47573],
			"rotation": {"angle": 0, "axis": "y", "origin": [9.59038, 11.54317, -17.69026]},
			"faces": {
				"north": {"uv": [4.25, 6.5, 6, 8.5], "texture": "#particle"},
				"east": {"uv": [4.25, 6.5, 6, 8.5], "texture": "#particle"},
				"south": {"uv": [10.25, 14.25, 11.5, 14.5], "rotation": 180, "texture": "#particle"},
				"west": {"uv": [4.25, 6.5, 6, 8.5], "texture": "#particle"},
				"up": {"uv": [4.25, 6.5, 6, 8.5], "texture": "#particle"},
				"down": {"uv": [4.25, 6.5, 6, 8.5], "texture": "#particle"}
			}
		}
	],
	"display": {
		"head": {
			"translation": [0, -6.75, 21],
			"scale": [4, 4, 4]
		}
	},
	"groups": [
		{
			"name": "root_raging",
			"origin": [8, 8, 8],
			"color": 0,
			"children": [
				{
					"name": "tail",
					"origin": [8, 8, 8],
					"color": 0,
					"children": [
						{
							"name": "2",
							"origin": [8, 8, 8],
							"color": 0,
							"children": [0, 1, 2]
						}
					]
				}
			]
		},
		3,
		4,
		5
	]
}