{
	"credit": "Made with Blockbench",
	"texture_size": [32, 32],
	"textures": {
		"2": "diablos/head"
	},
	"elements": [
		{
			"from": [1.51062, 0.27471, -3.67682],
			"to": [14.42942, 5.60003, 2.66488],
			"rotation": {"angle": 0, "axis": "y", "origin": [16.71206, 5.75219, -23.5783]},
			"faces": {
				"north": {"uv": [5, 5, 6.75, 6.25], "texture": "#2"},
				"east": {"uv": [5, 5, 6.75, 6.25], "texture": "#2"},
				"south": {"uv": [5, 5, 6.75, 6.25], "texture": "#2"},
				"west": {"uv": [5, 5, 6.75, 6.25], "texture": "#2"},
				"up": {"uv": [5, 5, 6.75, 6.25], "texture": "#2"},
				"down": {"uv": [5, 5, 6.75, 6.25], "texture": "#2"}
			}
		},
		{
			"from": [5.02305, 5.60003, -1.0764],
			"to": [10.91699, 6.95606, 0.51815],
			"rotation": {"angle": 0, "axis": "y", "origin": [16.71206, 5.75219, -22.1951]},
			"faces": {
				"north": {"uv": [5, 5, 6.75, 6.25], "texture": "#2"},
				"east": {"uv": [5, 5, 6.75, 6.25], "texture": "#2"},
				"south": {"uv": [5, 5, 6.75, 6.25], "texture": "#2"},
				"west": {"uv": [5, 5, 6.75, 6.25], "texture": "#2"},
				"up": {"uv": [5, 5, 6.75, 6.25], "texture": "#2"},
				"down": {"uv": [5, 5, 6.75, 6.25], "texture": "#2"}
			}
		},
		{
			"from": [3.93896, 5.60003, 0.44512],
			"to": [12.00107, 7.88231, 9.48129],
			"rotation": {"angle": 0, "axis": "y", "origin": [16.71206, 5.75219, -23.5783]},
			"faces": {
				"north": {"uv": [5, 5, 6.75, 6.25], "texture": "#2"},
				"east": {"uv": [5, 5, 6.75, 6.25], "texture": "#2"},
				"south": {"uv": [5, 5, 6.75, 6.25], "texture": "#2"},
				"west": {"uv": [5, 5, 6.75, 6.25], "texture": "#2"},
				"up": {"uv": [5, 5, 6.75, 6.25], "texture": "#2"},
				"down": {"uv": [5, 5, 6.75, 6.25], "texture": "#2"}
			}
		},
		{
			"from": [3.93896, 2.70717, -2.53928],
			"to": [12.00107, 9.04618, 2.9216],
			"rotation": {"angle": 22.5, "axis": "x", "origin": [7.97002, 6.74117, 0.26032]},
			"faces": {
				"north": {"uv": [5, 5, 6.75, 6.25], "rotation": 180, "texture": "#2"},
				"east": {"uv": [5, 5, 6.75, 6.25], "rotation": 90, "texture": "#2"},
				"south": {"uv": [5, 5, 6.75, 6.25], "texture": "#2"},
				"west": {"uv": [5, 5, 6.75, 6.25], "rotation": 270, "texture": "#2"},
				"up": {"uv": [5, 5, 6.75, 6.25], "texture": "#2"},
				"down": {"uv": [5, 5, 6.75, 6.25], "rotation": 180, "texture": "#2"}
			}
		},
		{
			"from": [4.80346, 2.08967, -3.23088],
			"to": [11.13657, 8.42868, -1.9196],
			"rotation": {"angle": 22.5, "axis": "x", "origin": [7.97002, 6.74117, 0.26032]},
			"faces": {
				"north": {"uv": [5, 5, 6.75, 6.25], "rotation": 180, "texture": "#2"},
				"east": {"uv": [5, 5, 6.75, 6.25], "rotation": 90, "texture": "#2"},
				"south": {"uv": [5, 5, 6.75, 6.25], "texture": "#2"},
				"west": {"uv": [5, 5, 6.75, 6.25], "rotation": 270, "texture": "#2"},
				"up": {"uv": [5, 5, 6.75, 6.25], "texture": "#2"},
				"down": {"uv": [5, 5, 6.75, 6.25], "rotation": 180, "texture": "#2"}
			}
		},
		{
			"from": [3.93896, 4.48853, -1.4222],
			"to": [12.00107, 9.36431, 7.33733],
			"rotation": {"angle": -45, "axis": "x", "origin": [7.97002, 6.86467, 1.71268]},
			"faces": {
				"north": {"uv": [5, 5, 6.75, 6.25], "texture": "#2"},
				"east": {"uv": [5, 5, 6.75, 6.25], "texture": "#2"},
				"south": {"uv": [5, 5, 6.75, 6.25], "texture": "#2"},
				"west": {"uv": [5, 5, 6.75, 6.25], "texture": "#2"},
				"up": {"uv": [5, 5, 6.75, 6.25], "texture": "#2"},
				"down": {"uv": [5, 5, 6.75, 6.25], "texture": "#2"}
			}
		},
		{
			"from": [3.93896, 5.47653, 7.36112],
			"to": [9.00107, 9.36431, 9.48693],
			"rotation": {"angle": -45, "axis": "x", "origin": [7.97002, 6.86467, 1.71268]},
			"faces": {
				"north": {"uv": [5, 5, 6.75, 6.25], "texture": "#2"},
				"east": {"uv": [5, 5, 6.75, 6.25], "texture": "#2"},
				"south": {"uv": [13.5, 2, 14, 2.5], "texture": "#2"},
				"west": {"uv": [5, 5, 6.75, 6.25], "texture": "#2"},
				"up": {"uv": [5, 5, 6.75, 6.25], "texture": "#2"},
				"down": {"uv": [5, 5, 6.75, 6.25], "texture": "#2"}
			}
		},
		{
			"from": [7.93896, 5.47653, 7.36112],
			"to": [12.00107, 9.36431, 11.48693],
			"rotation": {"angle": -45, "axis": "x", "origin": [7.97002, 6.86467, 1.71268]},
			"faces": {
				"north": {"uv": [5, 5, 6.75, 6.25], "texture": "#2"},
				"east": {"uv": [5, 5, 6.75, 6.25], "texture": "#2"},
				"south": {"uv": [5, 5, 6.75, 6.25], "texture": "#2"},
				"west": {"uv": [5, 5, 6.75, 6.25], "texture": "#2"},
				"up": {"uv": [5, 5, 6.75, 6.25], "texture": "#2"},
				"down": {"uv": [5, 5, 6.75, 6.25], "texture": "#2"}
			}
		},
		{
			"from": [3.93896, 4.73553, 5.97792],
			"to": [12.00107, 9.36431, 9.82709],
			"rotation": {"angle": -22.5, "axis": "x", "origin": [7.97002, 6.86467, 1.1594]},
			"faces": {
				"north": {"uv": [5, 5, 6.75, 6.25], "texture": "#2"},
				"east": {"uv": [5, 5, 6.75, 6.25], "texture": "#2"},
				"south": {"uv": [5, 5, 6.75, 6.25], "texture": "#2"},
				"west": {"uv": [5, 5, 6.75, 6.25], "texture": "#2"},
				"up": {"uv": [5, 5, 6.75, 6.25], "texture": "#2"},
				"down": {"uv": [5, 5, 6.75, 6.25], "texture": "#2"}
			}
		},
		{
			"from": [0.29645, 0.27471, 2.66488],
			"to": [15.64359, 5.60003, 9.48129],
			"rotation": {"angle": 0, "axis": "y", "origin": [16.71206, 5.75219, -23.5783]},
			"faces": {
				"north": {"uv": [5, 5, 6.75, 6.25], "texture": "#2"},
				"east": {"uv": [5, 5, 6.75, 6.25], "texture": "#2"},
				"south": {"uv": [5, 5, 6.75, 6.25], "texture": "#2"},
				"west": {"uv": [5, 5, 6.75, 6.25], "texture": "#2"},
				"up": {"uv": [5, 5, 6.75, 6.25], "texture": "#2"},
				"down": {"uv": [5, 5, 6.75, 6.25], "texture": "#2"}
			}
		},
		{
			"from": [2.02545, 5.58521, 2.66488],
			"to": [13.91459, 10.54003, 9.48129],
			"rotation": {"angle": 0, "axis": "y", "origin": [16.71206, 10.69219, -23.5783]},
			"faces": {
				"north": {"uv": [5, 5, 6.75, 6.25], "texture": "#2"},
				"east": {"uv": [5, 5, 6.75, 6.25], "texture": "#2"},
				"south": {"uv": [5, 5, 6.75, 6.25], "texture": "#2"},
				"west": {"uv": [5, 5, 6.75, 6.25], "texture": "#2"},
				"up": {"uv": [5, 5, 6.75, 6.25], "texture": "#2"},
				"down": {"uv": [5, 5, 6.75, 6.25], "texture": "#2"}
			}
		},
		{
			"from": [2.37125, 5.58521, -1.48472],
			"to": [13.56879, 9.30503, 2.70361],
			"rotation": {"angle": 0, "axis": "y", "origin": [16.71206, 10.69219, -23.5783]},
			"faces": {
				"north": {"uv": [5, 5, 6.75, 6.25], "texture": "#2"},
				"east": {"uv": [5, 5, 6.75, 6.25], "texture": "#2"},
				"south": {"uv": [5, 5, 6.75, 6.25], "texture": "#2"},
				"west": {"uv": [5, 5, 6.75, 6.25], "texture": "#2"},
				"up": {"uv": [5, 5, 6.75, 6.25], "texture": "#2"},
				"down": {"uv": [5, 5, 6.75, 6.25], "texture": "#2"}
			}
		},
		{
			"from": [4.1818, -2.31187, -3.67682],
			"to": [11.75824, 0.27471, 2.83529],
			"rotation": {"angle": 0, "axis": "y", "origin": [16.71206, 5.75219, -23.5783]},
			"faces": {
				"north": {"uv": [2.5, 14, 4, 16], "texture": "#2"},
				"east": {"uv": [2.5, 14, 4, 16], "rotation": 270, "texture": "#2"},
				"south": {"uv": [2.5, 14, 4, 16], "texture": "#2"},
				"west": {"uv": [2.5, 14, 4, 16], "rotation": 90, "texture": "#2"},
				"up": {"uv": [2.5, 14, 4, 16], "texture": "#2"},
				"down": {"uv": [2.5, 14, 4, 16], "texture": "#2"}
			}
		},
		{
			"from": [2.96763, -3.07263, 2.66488],
			"to": [12.97241, 0.27471, 9.6517],
			"rotation": {"angle": 0, "axis": "y", "origin": [16.71206, 5.75219, -23.5783]},
			"faces": {
				"north": {"uv": [2.5, 14, 4, 16], "texture": "#2"},
				"east": {"uv": [2.5, 14, 4, 16], "rotation": 270, "texture": "#2"},
				"south": {"uv": [2.5, 14, 4, 16], "texture": "#2"},
				"west": {"uv": [2.5, 14, 4, 16], "rotation": 90, "texture": "#2"},
				"up": {"uv": [2.5, 14, 4, 16], "texture": "#2"},
				"down": {"uv": [2.5, 14, 4, 16], "texture": "#2"}
			}
		},
		{
			"from": [5.31398, 11.72275, 0.83667],
			"to": [10.17067, 14.61195, 1.5006],
			"rotation": {"angle": 22.5, "axis": "x", "origin": [7.93154, 11.38098, 0.64554]},
			"faces": {
				"north": {"uv": [4, 14.25, 5.75, 15.25], "rotation": 180, "texture": "#2"},
				"east": {"uv": [5, 5, 6.75, 6.25], "rotation": 90, "texture": "#2"},
				"south": {"uv": [5, 5, 6.75, 6.25], "texture": "#2"},
				"west": {"uv": [5, 5, 6.75, 6.25], "rotation": 270, "texture": "#2"},
				"up": {"uv": [5, 5, 6.75, 6.25], "texture": "#2"},
				"down": {"uv": [5, 5, 6.75, 6.25], "rotation": 180, "texture": "#2"}
			}
		},
		{
			"from": [4.36787, 11.57385, 0.5047],
			"to": [11.58983, 13.72275, 1.5006],
			"rotation": {"angle": 22.5, "axis": "x", "origin": [7.93154, 11.38098, 0.64554]},
			"faces": {
				"north": {"uv": [5, 5, 6.75, 6.25], "rotation": 180, "texture": "#2"},
				"east": {"uv": [5, 5, 6.75, 6.25], "rotation": 90, "texture": "#2"},
				"south": {"uv": [5, 5, 6.75, 6.25], "texture": "#2"},
				"west": {"uv": [5, 5, 6.75, 6.25], "rotation": 270, "texture": "#2"},
				"up": {"uv": [5, 5, 6.75, 6.25], "texture": "#2"},
				"down": {"uv": [5, 5, 6.75, 6.25], "rotation": 180, "texture": "#2"}
			}
		},
		{
			"from": [5.23513, 11.56114, -0.25647],
			"to": [10.72256, 13.04314, 0.73944],
			"rotation": {"angle": 22.5, "axis": "x", "origin": [7.93154, 11.38098, 0.64554]},
			"faces": {
				"north": {"uv": [5, 5, 6.75, 6.25], "rotation": 180, "texture": "#2"},
				"east": {"uv": [5, 5, 6.75, 6.25], "rotation": 90, "texture": "#2"},
				"south": {"uv": [5, 5, 6.75, 6.25], "texture": "#2"},
				"west": {"uv": [5, 5, 6.75, 6.25], "rotation": 270, "texture": "#2"},
				"up": {"uv": [5, 5, 6.75, 6.25], "texture": "#2"},
				"down": {"uv": [5, 5, 6.75, 6.25], "rotation": 180, "texture": "#2"}
			}
		},
		{
			"from": [2.9487, 8.35014, -0.25647],
			"to": [13.00899, 11.56114, 1.40337],
			"rotation": {"angle": 22.5, "axis": "x", "origin": [7.93154, 11.38098, 0.64554]},
			"faces": {
				"north": {"uv": [5, 5, 6.75, 6.25], "rotation": 180, "texture": "#2"},
				"east": {"uv": [5, 5, 6.75, 6.25], "rotation": 90, "texture": "#2"},
				"south": {"uv": [5, 5, 6.75, 6.25], "texture": "#2"},
				"west": {"uv": [5, 5, 6.75, 6.25], "rotation": 270, "texture": "#2"},
				"up": {"uv": [5, 5, 6.75, 6.25], "texture": "#2"},
				"down": {"uv": [5, 5, 6.75, 6.25], "rotation": 180, "texture": "#2"}
			}
		},
		{
			"from": [5.23513, 6.22594, -0.9204],
			"to": [10.72256, 10.37554, 1.40337],
			"rotation": {"angle": 22.5, "axis": "x", "origin": [7.93154, 11.38098, 0.64554]},
			"faces": {
				"north": {"uv": [5, 5, 6.75, 6.25], "rotation": 180, "texture": "#2"},
				"east": {"uv": [5, 5, 6.75, 6.25], "rotation": 90, "texture": "#2"},
				"south": {"uv": [5, 5, 6.75, 6.25], "texture": "#2"},
				"west": {"uv": [5, 5, 6.75, 6.25], "rotation": 270, "texture": "#2"},
				"up": {"uv": [5, 5, 6.75, 6.25], "texture": "#2"},
				"down": {"uv": [5, 5, 6.75, 6.25], "rotation": 180, "texture": "#2"}
			}
		},
		{
			"from": [7.41976, 17.33043, 9.2784],
			"to": [10.56488, 18.04179, 9.94234],
			"rotation": {"angle": 45, "axis": "x", "origin": [7.93154, 15.01833, 9.08728]},
			"faces": {
				"north": {"uv": [5, 5, 6.75, 6.25], "rotation": 180, "texture": "#2"},
				"east": {"uv": [5, 5, 6.75, 6.25], "rotation": 180, "texture": "#2"},
				"south": {"uv": [5, 5, 6.75, 6.25], "rotation": 180, "texture": "#2"},
				"west": {"uv": [13.5, 2, 14, 2.5], "rotation": 180, "texture": "#2"},
				"up": {"uv": [5, 5, 6.75, 6.25], "rotation": 180, "texture": "#2"},
				"down": {"uv": [5, 5, 6.75, 6.25], "rotation": 180, "texture": "#2"}
			}
		},
		{
			"from": [7.22365, 15.61131, 8.94644],
			"to": [11.98404, 17.33043, 9.94234],
			"rotation": {"angle": 45, "axis": "x", "origin": [7.93154, 15.01833, 9.08728]},
			"faces": {
				"north": {"uv": [5, 5, 6.75, 6.25], "rotation": 180, "texture": "#2"},
				"east": {"uv": [5, 5, 6.75, 6.25], "rotation": 180, "texture": "#2"},
				"south": {"uv": [5, 5, 6.75, 6.25], "rotation": 180, "texture": "#2"},
				"west": {"uv": [13.5, 2, 14, 2.5], "rotation": 180, "texture": "#2"},
				"up": {"uv": [5, 5, 6.75, 6.25], "rotation": 180, "texture": "#2"},
				"down": {"uv": [5, 5, 6.75, 6.25], "rotation": 180, "texture": "#2"}
			}
		},
		{
			"from": [5.98513, 15.60114, 8.18527],
			"to": [10.72256, 16.78674, 9.18117],
			"rotation": {"angle": 45, "axis": "x", "origin": [7.93154, 15.01833, 9.08728]},
			"faces": {
				"north": {"uv": [5, 5, 6.75, 6.25], "rotation": 180, "texture": "#2"},
				"east": {"uv": [5, 5, 6.75, 6.25], "rotation": 180, "texture": "#2"},
				"south": {"uv": [5, 5, 6.75, 6.25], "rotation": 180, "texture": "#2"},
				"west": {"uv": [13.5, 2, 14, 2.5], "rotation": 180, "texture": "#2"},
				"up": {"uv": [5, 5, 6.75, 6.25], "rotation": 180, "texture": "#2"},
				"down": {"uv": [5, 5, 6.75, 6.25], "rotation": 180, "texture": "#2"}
			}
		},
		{
			"from": [7.30449, 5.42474, 8.18527],
			"to": [13.40321, 15.60114, 9.84511],
			"rotation": {"angle": 45, "axis": "x", "origin": [7.93154, 15.01833, 9.08728]},
			"faces": {
				"north": {"uv": [5, 5, 6.75, 6.25], "rotation": 180, "texture": "#2"},
				"east": {"uv": [5, 5, 6.75, 6.25], "rotation": 180, "texture": "#2"},
				"south": {"uv": [5, 5, 6.75, 6.25], "rotation": 180, "texture": "#2"},
				"west": {"uv": [5, 5, 6.75, 6.25], "rotation": 180, "texture": "#2"},
				"up": {"uv": [5, 5, 6.75, 6.25], "rotation": 180, "texture": "#2"},
				"down": {"uv": [5, 5, 6.75, 6.25], "rotation": 180, "texture": "#2"}
			}
		},
		{
			"from": [4.80449, 14.57474, 8.18527],
			"to": [7.30321, 15.60114, 9.84511],
			"rotation": {"angle": 45, "axis": "x", "origin": [7.93154, 15.01833, 9.08728]},
			"faces": {
				"north": {"uv": [5, 5, 6.75, 6.25], "rotation": 180, "texture": "#2"},
				"east": {"uv": [5, 5, 6.75, 6.25], "rotation": 180, "texture": "#2"},
				"south": {"uv": [5, 5, 6.75, 6.25], "rotation": 180, "texture": "#2"},
				"west": {"uv": [5, 5, 6.75, 6.25], "rotation": 180, "texture": "#2"},
				"up": {"uv": [5, 5, 6.75, 6.25], "rotation": 180, "texture": "#2"},
				"down": {"uv": [5, 5, 6.75, 6.25], "rotation": 180, "texture": "#2"}
			}
		},
		{
			"from": [2.55449, 5.42474, 8.18527],
			"to": [7.40321, 14.60114, 9.84511],
			"rotation": {"angle": 45, "axis": "x", "origin": [7.93154, 15.01833, 9.08728]},
			"faces": {
				"north": {"uv": [5, 5, 6.75, 6.25], "rotation": 180, "texture": "#2"},
				"east": {"uv": [5, 5, 6.75, 6.25], "rotation": 180, "texture": "#2"},
				"south": {"uv": [5, 5, 6.75, 6.25], "rotation": 180, "texture": "#2"},
				"west": {"uv": [5, 5, 6.75, 6.25], "rotation": 180, "texture": "#2"},
				"up": {"uv": [5, 5, 6.75, 6.25], "rotation": 180, "texture": "#2"},
				"down": {"uv": [5, 5, 6.75, 6.25], "rotation": 180, "texture": "#2"}
			}
		},
		{
			"from": [5.23513, 4.54048, 6.82973],
			"to": [7.22256, 13.15266, 9.56847],
			"rotation": {"angle": 45, "axis": "x", "origin": [7.93154, 15.01833, 9.08728]},
			"faces": {
				"north": {"uv": [5, 5, 6.75, 6.25], "rotation": 180, "texture": "#2"},
				"east": {"uv": [5, 5, 6.75, 6.25], "rotation": 180, "texture": "#2"},
				"south": {"uv": [13.5, 2, 14, 2.5], "rotation": 180, "texture": "#2"},
				"west": {"uv": [5, 5, 6.75, 6.25], "rotation": 180, "texture": "#2"},
				"up": {"uv": [13.5, 2, 14, 2.5], "rotation": 180, "texture": "#2"},
				"down": {"uv": [5, 5, 6.75, 6.25], "rotation": 180, "texture": "#2"}
			}
		},
		{
			"from": [7.21013, 4.54048, 6.82973],
			"to": [10.72256, 9.55266, 9.56847],
			"rotation": {"angle": 45, "axis": "x", "origin": [7.93154, 15.01833, 9.08728]},
			"faces": {
				"north": {"uv": [5, 5, 6.75, 6.25], "rotation": 180, "texture": "#2"},
				"east": {"uv": [5, 5, 6.75, 6.25], "rotation": 180, "texture": "#2"},
				"south": {"uv": [13.5, 2, 14, 2.5], "rotation": 180, "texture": "#2"},
				"west": {"uv": [5, 5, 6.75, 6.25], "rotation": 180, "texture": "#2"},
				"up": {"uv": [13.5, 2, 14, 2.5], "rotation": 180, "texture": "#2"},
				"down": {"uv": [5, 5, 6.75, 6.25], "rotation": 180, "texture": "#2"}
			}
		},
		{
			"from": [7.23513, 9.54048, 6.82973],
			"to": [10.72256, 14.65266, 9.56847],
			"rotation": {"angle": 45, "axis": "x", "origin": [7.93154, 15.01833, 9.08728]},
			"faces": {
				"north": {"uv": [4, 14.25, 5.75, 15.5], "texture": "#2"},
				"east": {"uv": [5, 5, 6.75, 6.25], "rotation": 180, "texture": "#2"},
				"south": {"uv": [5, 5, 6.75, 6.25], "rotation": 180, "texture": "#2"},
				"west": {"uv": [13.5, 2, 14, 2.5], "rotation": 180, "texture": "#2"},
				"up": {"uv": [5, 5, 6.75, 6.25], "rotation": 180, "texture": "#2"},
				"down": {"uv": [5, 5, 6.75, 6.25], "rotation": 180, "texture": "#2"}
			}
		}
	],
	"display": {
		"head": {
			"translation": [0, 8.5, 3],
			"scale": [4, 4, 4]
		}
	},
	"groups": [
		{
			"name": "root",
			"origin": [8, 8, 8],
			"color": 0,
			"children": [
				{
					"name": "body",
					"origin": [8, 8, 8],
					"color": 0,
					"children": [
						{
							"name": "group",
							"origin": [8, 8, 8],
							"color": 0,
							"children": [
								0,
								1,
								2,
								3,
								4,
								5,
								6,
								7,
								8,
								9,
								10,
								11,
								12,
								13,
								{
									"name": "group",
									"origin": [7.99, 9.61471, 0.50365],
									"color": 0,
									"children": [14, 15, 16, 17, 18]
								},
								{
									"name": "group",
									"origin": [7.99, 9.61471, 0.50365],
									"color": 0,
									"children": [19, 20, 21, 22, 23, 24, 25, 26, 27]
								}
							]
						}
					]
				}
			]
		}
	]
}