{
	"credit": "Made with Blockbench",
	"texture_size": [32, 32],
	"textures": {
		"2": "diablos/head"
	},
	"elements": [
		{
			"from": [5.89772, 7.83845, -2.8172],
			"to": [10.13624, 8.57945, 3.8518],
			"rotation": {"angle": 0, "axis": "y", "origin": [12.90758, 8.57945, -7.2632]},
			"faces": {
				"north": {"uv": [6, 5, 7.5, 6.5], "texture": "#2"},
				"east": {"uv": [6, 5, 7.5, 6.5], "texture": "#2"},
				"south": {"uv": [6, 5, 7.5, 6.5], "texture": "#2"},
				"west": {"uv": [6, 5, 7.5, 6.5], "texture": "#2"},
				"up": {"uv": [6, 5, 7.5, 6.5], "texture": "#2"},
				"down": {"uv": [6, 5, 7.5, 6.5], "texture": "#2"}
			}
		},
		{
			"from": [5.08262, 4.13345, -2.8172],
			"to": [10.95134, 7.83845, 3.8518],
			"rotation": {"angle": 0, "axis": "y", "origin": [12.90758, 8.57945, -7.2632]},
			"faces": {
				"north": {"uv": [6, 5, 7.5, 6.5], "texture": "#2"},
				"east": {"uv": [6, 5, 7.5, 6.5], "texture": "#2"},
				"south": {"uv": [6, 5, 7.5, 6.5], "texture": "#2"},
				"west": {"uv": [6, 5, 7.5, 6.5], "texture": "#2"},
				"up": {"uv": [6, 5, 7.5, 6.5], "texture": "#2"},
				"down": {"uv": [6, 5, 7.5, 6.5], "texture": "#2"}
			}
		},
		{
			"from": [5.89772, 2.65145, -2.8172],
			"to": [10.13624, 4.13345, 3.8518],
			"rotation": {"angle": 0, "axis": "y", "origin": [12.90758, 8.57945, -7.2632]},
			"faces": {
				"north": {"uv": [2.5, 14, 4, 16], "texture": "#2"},
				"east": {"uv": [2.5, 14, 4, 16], "rotation": 270, "texture": "#2"},
				"south": {"uv": [2.5, 14, 4, 16], "texture": "#2"},
				"west": {"uv": [2.5, 14, 4, 16], "rotation": 90, "texture": "#2"},
				"up": {"uv": [2.5, 14, 4, 16], "texture": "#2"},
				"down": {"uv": [2.5, 14, 4, 16], "texture": "#2"}
			}
		},
		{
			"from": [6.16942, 8.50779, 2.12815],
			"to": [9.86454, 9.24879, 3.9189],
			"rotation": {"angle": -22.5, "axis": "x", "origin": [7.98981, 9.14399, 1.96742]},
			"faces": {
				"north": {"uv": [6, 5, 7.5, 6.5], "texture": "#2"},
				"east": {"uv": [6, 5, 7.5, 6.5], "texture": "#2"},
				"south": {"uv": [6, 5, 7.5, 6.5], "texture": "#2"},
				"west": {"uv": [6, 5, 7.5, 6.5], "texture": "#2"},
				"up": {"uv": [6, 5, 7.5, 6.5], "texture": "#2"},
				"down": {"uv": [6, 5, 7.5, 6.5], "texture": "#2"}
			}
		},
		{
			"from": [6.71282, 8.50779, 3.9189],
			"to": [9.04944, 9.00179, 4.6599],
			"rotation": {"angle": -22.5, "axis": "x", "origin": [7.98981, 9.14399, 1.96742]},
			"faces": {
				"north": {"uv": [6, 5, 7.5, 6.5], "texture": "#2"},
				"east": {"uv": [6, 5, 7.5, 6.5], "texture": "#2"},
				"south": {"uv": [6, 5, 7.5, 6.5], "texture": "#2"},
				"west": {"uv": [6, 5, 7.5, 6.5], "texture": "#2"},
				"up": {"uv": [6, 5, 7.5, 6.5], "texture": "#2"},
				"down": {"uv": [6, 5, 7.5, 6.5], "texture": "#2"}
			}
		},
		{
			"from": [5.35432, 8.58013, -2.82245],
			"to": [10.67964, 9.81513, 2.11755],
			"rotation": {"angle": -22.5, "axis": "x", "origin": [7.98981, 9.14399, 1.96742]},
			"faces": {
				"north": {"uv": [6, 5, 7.5, 6.5], "texture": "#2"},
				"east": {"uv": [6, 5, 7.5, 6.5], "texture": "#2"},
				"south": {"uv": [6, 5, 7.5, 6.5], "texture": "#2"},
				"west": {"uv": [6, 5, 7.5, 6.5], "texture": "#2"},
				"up": {"uv": [6, 5, 7.5, 6.5], "texture": "#2"},
				"down": {"uv": [6, 5, 7.5, 6.5], "texture": "#2"}
			}
		},
		{
			"from": [6.44112, 9.07413, 2.11755],
			"to": [9.59284, 9.81513, 3.35255],
			"rotation": {"angle": -22.5, "axis": "x", "origin": [7.98981, 9.14399, 1.96742]},
			"faces": {
				"north": {"uv": [6, 5, 7.5, 6.5], "texture": "#2"},
				"east": {"uv": [6, 5, 7.5, 6.5], "texture": "#2"},
				"south": {"uv": [6, 5, 7.5, 6.5], "texture": "#2"},
				"west": {"uv": [6, 5, 7.5, 6.5], "texture": "#2"},
				"up": {"uv": [6, 5, 7.5, 6.5], "texture": "#2"},
				"down": {"uv": [6, 5, 7.5, 6.5], "texture": "#2"}
			}
		},
		{
			"from": [6.44112, 8.58013, -2.32845],
			"to": [9.59284, 10.30913, 1.12955],
			"rotation": {"angle": -22.5, "axis": "x", "origin": [7.98981, 9.14399, 1.96742]},
			"faces": {
				"north": {"uv": [6, 5, 7.5, 6.5], "texture": "#2"},
				"east": {"uv": [6, 5, 7.5, 6.5], "texture": "#2"},
				"south": {"uv": [6, 5, 7.5, 6.5], "texture": "#2"},
				"west": {"uv": [6, 5, 7.5, 6.5], "texture": "#2"},
				"up": {"uv": [6, 5, 7.5, 6.5], "texture": "#2"},
				"down": {"uv": [6, 5, 7.5, 6.5], "texture": "#2"}
			}
		}
	],
	"display": {
		"head": {
			"translation": [0, 1.75, 29.5],
			"scale": [4, 4, 4]
		}
	},
	"groups": [
		{
			"name": "root",
			"origin": [8, 8, 8],
			"children": [
				{
					"name": "neck",
					"origin": [8, 8, 8],
					"children": [
						{
							"name": "0",
							"origin": [9.5, 10.5, -1.5],
							"children": [0, 1, 2, 3, 4, 5, 6, 7]
						}
					]
				}
			]
		}
	]
}