{
	"credit": "Made with Blockbench",
	"texture_size": [32, 32],
	"textures": {
		"2": "diablos/head",
		"3": "diablos/wing"
	},
	"elements": [
		{
			"from": [3.82698, 15.03918, 8.12152],
			"to": [7.98893, 18.26056, 10.799],
			"rotation": {"angle": 0, "axis": "y", "origin": [5.50658, 17.17474, 9.46026]},
			"faces": {
				"north": {"uv": [7, 5, 8, 6.75], "texture": "#2"},
				"east": {"uv": [7, 5, 8, 6.75], "texture": "#2"},
				"south": {"uv": [7, 5, 8, 6.75], "texture": "#2"},
				"west": {"uv": [7, 5, 8, 6.75], "texture": "#2"},
				"up": {"uv": [7, 5, 8, 6.75], "texture": "#2"},
				"down": {"uv": [7, 5, 8, 6.75], "texture": "#2"}
			}
		},
		{
			"from": [1.57664, 16.78646, 8.12152],
			"to": [12.64026, 20.39266, 10.799],
			"rotation": {"angle": -45, "axis": "z", "origin": [1.4835, 11.23852, 9.45806]},
			"faces": {
				"north": {"uv": [7, 5, 8, 6.75], "rotation": 90, "texture": "#2"},
				"east": {"uv": [7, 5, 8, 6.75], "rotation": 90, "texture": "#2"},
				"south": {"uv": [7, 5, 8, 6.75], "rotation": 90, "texture": "#2"},
				"west": {"uv": [7, 5, 8, 6.75], "rotation": 90, "texture": "#2"},
				"up": {"uv": [7, 5, 8, 6.75], "rotation": 90, "texture": "#2"},
				"down": {"uv": [7, 5, 8, 6.75], "rotation": 90, "texture": "#2"}
			}
		},
		{
			"from": [4.91667, -14.91919, 8.73902],
			"to": [6.05287, 16.23145, 10.1815],
			"rotation": {"angle": 0, "axis": "y", "origin": [1.4835, 11.23852, 9.45806]},
			"faces": {
				"north": {"uv": [7, 5, 8, 6.75], "texture": "#2"},
				"east": {"uv": [7, 5, 8, 6.75], "texture": "#2"},
				"south": {"uv": [7, 5, 8, 6.75], "texture": "#2"},
				"west": {"uv": [7, 5, 8, 6.75], "texture": "#2"},
				"up": {"uv": [7, 5, 8, 6.75], "texture": "#2"},
				"down": {"uv": [7, 5, 8, 6.75], "texture": "#2"}
			}
		},
		{
			"from": [12.69164, 16.78646, 8.12152],
			"to": [17.58026, 20.02216, 10.799],
			"rotation": {"angle": -45, "axis": "z", "origin": [1.4835, 11.23852, 9.45806]},
			"faces": {
				"north": {"uv": [7, 5, 8, 6.75], "rotation": 90, "texture": "#2"},
				"east": {"uv": [7, 5, 8, 6.75], "rotation": 90, "texture": "#2"},
				"south": {"uv": [7, 5, 8, 6.75], "rotation": 90, "texture": "#2"},
				"west": {"uv": [7, 5, 8, 6.75], "rotation": 90, "texture": "#2"},
				"up": {"uv": [7, 5, 8, 6.75], "rotation": 90, "texture": "#2"},
				"down": {"uv": [7, 5, 8, 6.75], "rotation": 90, "texture": "#2"}
			}
		},
		{
			"from": [17.41589, 9.6785, 7.50402],
			"to": [22.30451, 13.2847, 11.4165],
			"rotation": {"angle": -22.5, "axis": "z", "origin": [1.4835, 11.23852, 9.45806]},
			"faces": {
				"north": {"uv": [7, 5, 8, 6.75], "rotation": 90, "texture": "#2"},
				"east": {"uv": [7, 5, 8, 6.75], "rotation": 90, "texture": "#2"},
				"south": {"uv": [7, 5, 8, 6.75], "rotation": 90, "texture": "#2"},
				"west": {"uv": [7, 5, 8, 6.75], "rotation": 90, "texture": "#2"},
				"up": {"uv": [7, 5, 8, 6.75], "rotation": 90, "texture": "#2"},
				"down": {"uv": [7, 5, 8, 6.75], "rotation": 90, "texture": "#2"}
			}
		},
		{
			"from": [3.90119, 14.40922, 5.21927],
			"to": [8.54281, 18.57117, 7.40275],
			"rotation": {"angle": -45, "axis": "x", "origin": [6.23572, 19.70301, 5.44405]},
			"faces": {
				"north": {"uv": [7, 5, 8, 6.75], "rotation": 90, "texture": "#2"},
				"east": {"uv": [7, 5, 8, 6.75], "rotation": 90, "texture": "#2"},
				"south": {"uv": [7, 5, 8, 6.75], "rotation": 90, "texture": "#2"},
				"west": {"uv": [7, 5, 8, 6.75], "rotation": 90, "texture": "#2"},
				"up": {"uv": [7, 5, 8, 6.75], "rotation": 90, "texture": "#2"},
				"down": {"uv": [7, 5, 8, 6.75], "rotation": 90, "texture": "#2"}
			}
		},
		{
			"from": [4.64219, 14.90322, 7.44227],
			"to": [7.80181, 17.58317, 8.14375],
			"rotation": {"angle": -45, "axis": "x", "origin": [6.23572, 19.70301, 5.44405]},
			"faces": {
				"north": {"uv": [7, 5, 8, 6.75], "rotation": 90, "texture": "#2"},
				"east": {"uv": [7, 5, 8, 6.75], "rotation": 90, "texture": "#2"},
				"south": {"uv": [7, 5, 8, 6.75], "rotation": 90, "texture": "#2"},
				"west": {"uv": [7, 5, 8, 6.75], "rotation": 90, "texture": "#2"},
				"up": {"uv": [7, 5, 8, 6.75], "rotation": 90, "texture": "#2"},
				"down": {"uv": [7, 5, 8, 6.75], "rotation": 90, "texture": "#2"}
			}
		},
		{
			"from": [5.81544, 16.83654, 10.06523],
			"to": [7.80181, 18.28149, 10.76671],
			"rotation": {"angle": 0, "axis": "y", "origin": [6.222, 18.91751, 10.41597]},
			"faces": {
				"north": {"uv": [7, 5, 8, 6.75], "rotation": 90, "texture": "#2"},
				"east": {"uv": [7, 5, 8, 6.75], "rotation": 90, "texture": "#2"},
				"south": {"uv": [7, 5, 8, 6.75], "rotation": 90, "texture": "#2"},
				"west": {"uv": [7, 5, 8, 6.75], "rotation": 90, "texture": "#2"},
				"up": {"uv": [7, 5, 8, 6.75], "rotation": 90, "texture": "#2"},
				"down": {"uv": [7, 5, 8, 6.75], "rotation": 90, "texture": "#2"}
			}
		},
		{
			"from": [4.76569, 20.42433, 3.24081],
			"to": [5.45531, 21.18756, 4.37701],
			"rotation": {"angle": -22.5, "axis": "x", "origin": [6.23572, 19.70301, 5.44405]},
			"faces": {
				"north": {"uv": [13.5, 0.5, 14.5, 2], "rotation": 270, "texture": "#2"},
				"east": {"uv": [13.5, 0.5, 14.5, 2], "rotation": 270, "texture": "#2"},
				"south": {"uv": [13.5, 0.5, 14.5, 2], "rotation": 270, "texture": "#2"},
				"west": {"uv": [13.5, 0.5, 14.5, 2], "rotation": 270, "texture": "#2"},
				"up": {"uv": [13.5, 0.5, 14.5, 2], "rotation": 270, "texture": "#2"},
				"down": {"uv": [13.5, 0.5, 14.5, 2], "rotation": 270, "texture": "#2"}
			}
		},
		{
			"from": [4.64219, 19.68459, 3.85544],
			"to": [5.57881, 20.75657, 5.48564],
			"rotation": {"angle": 0, "axis": "y", "origin": [6.23572, 19.70301, 5.44405]},
			"faces": {
				"north": {"uv": [13.5, 0.5, 14.5, 2], "rotation": 270, "texture": "#2"},
				"east": {"uv": [13.5, 0.5, 14.5, 2], "rotation": 270, "texture": "#2"},
				"south": {"uv": [13.5, 0.5, 14.5, 2], "rotation": 270, "texture": "#2"},
				"west": {"uv": [13.5, 0.5, 14.5, 2], "rotation": 270, "texture": "#2"},
				"up": {"uv": [13.5, 0.5, 14.5, 2], "rotation": 270, "texture": "#2"},
				"down": {"uv": [13.5, 0.5, 14.5, 2], "rotation": 270, "texture": "#2"}
			}
		},
		{
			"from": [4.39519, 19.33038, 4.66871],
			"to": [5.82581, 20.71111, 6.29891],
			"rotation": {"angle": 22.5, "axis": "x", "origin": [6.23572, 19.70301, 5.44405]},
			"faces": {
				"north": {"uv": [13.5, 0.5, 14.5, 2], "rotation": 270, "texture": "#2"},
				"east": {"uv": [13.5, 0.5, 14.5, 2], "rotation": 270, "texture": "#2"},
				"south": {"uv": [13.5, 0.5, 14.5, 2], "rotation": 270, "texture": "#2"},
				"west": {"uv": [13.5, 0.5, 14.5, 2], "rotation": 270, "texture": "#2"},
				"up": {"uv": [13.5, 0.5, 14.5, 2], "rotation": 270, "texture": "#2"},
				"down": {"uv": [13.5, 0.5, 14.5, 2], "rotation": 270, "texture": "#2"}
			}
		},
		{
			"from": [4.14819, 17.37322, 4.97227],
			"to": [6.07281, 19.43567, 6.9705],
			"rotation": {"angle": -45, "axis": "x", "origin": [6.23572, 19.70301, 5.44405]},
			"faces": {
				"north": {"uv": [7, 5, 8, 6.75], "rotation": 90, "texture": "#2"},
				"east": {"uv": [7, 5, 8, 6.75], "rotation": 90, "texture": "#2"},
				"south": {"uv": [7, 5, 8, 6.75], "rotation": 90, "texture": "#2"},
				"west": {"uv": [7, 5, 8, 6.75], "rotation": 90, "texture": "#2"},
				"up": {"uv": [7, 5, 8, 6.75], "rotation": 90, "texture": "#2"},
				"down": {"uv": [7, 5, 8, 6.75], "rotation": 90, "texture": "#2"}
			}
		},
		{
			"from": [6.98869, 20.42433, 3.24081],
			"to": [7.67831, 21.18756, 4.37701],
			"rotation": {"angle": -22.5, "axis": "x", "origin": [6.23572, 19.70301, 5.44405]},
			"faces": {
				"north": {"uv": [13.5, 0.5, 14.5, 2], "rotation": 270, "texture": "#2"},
				"east": {"uv": [13.5, 0.5, 14.5, 2], "rotation": 270, "texture": "#2"},
				"south": {"uv": [13.5, 0.5, 14.5, 2], "rotation": 270, "texture": "#2"},
				"west": {"uv": [13.5, 0.5, 14.5, 2], "rotation": 270, "texture": "#2"},
				"up": {"uv": [13.5, 0.5, 14.5, 2], "rotation": 270, "texture": "#2"},
				"down": {"uv": [13.5, 0.5, 14.5, 2], "rotation": 270, "texture": "#2"}
			}
		},
		{
			"from": [6.86519, 19.68459, 3.85544],
			"to": [7.80181, 20.75657, 5.48564],
			"rotation": {"angle": 0, "axis": "y", "origin": [6.23572, 19.70301, 5.44405]},
			"faces": {
				"north": {"uv": [13.5, 0.5, 14.5, 2], "rotation": 270, "texture": "#2"},
				"east": {"uv": [13.5, 0.5, 14.5, 2], "rotation": 270, "texture": "#2"},
				"south": {"uv": [13.5, 0.5, 14.5, 2], "rotation": 270, "texture": "#2"},
				"west": {"uv": [13.5, 0.5, 14.5, 2], "rotation": 270, "texture": "#2"},
				"up": {"uv": [13.5, 0.5, 14.5, 2], "rotation": 270, "texture": "#2"},
				"down": {"uv": [13.5, 0.5, 14.5, 2], "rotation": 270, "texture": "#2"}
			}
		},
		{
			"from": [6.61819, 19.33038, 4.66871],
			"to": [8.04881, 20.71111, 6.29891],
			"rotation": {"angle": 22.5, "axis": "x", "origin": [6.23572, 19.70301, 5.44405]},
			"faces": {
				"north": {"uv": [13.5, 0.5, 14.5, 2], "rotation": 270, "texture": "#2"},
				"east": {"uv": [13.5, 0.5, 14.5, 2], "rotation": 270, "texture": "#2"},
				"south": {"uv": [13.5, 0.5, 14.5, 2], "rotation": 270, "texture": "#2"},
				"west": {"uv": [13.5, 0.5, 14.5, 2], "rotation": 270, "texture": "#2"},
				"up": {"uv": [13.5, 0.5, 14.5, 2], "rotation": 270, "texture": "#2"},
				"down": {"uv": [13.5, 0.5, 14.5, 2], "rotation": 270, "texture": "#2"}
			}
		},
		{
			"from": [6.37119, 17.37322, 4.97227],
			"to": [8.29581, 19.43567, 6.9705],
			"rotation": {"angle": -45, "axis": "x", "origin": [6.23572, 19.70301, 5.44405]},
			"faces": {
				"north": {"uv": [7, 5, 8, 6.75], "rotation": 90, "texture": "#2"},
				"east": {"uv": [7, 5, 8, 6.75], "rotation": 90, "texture": "#2"},
				"south": {"uv": [7, 5, 8, 6.75], "rotation": 90, "texture": "#2"},
				"west": {"uv": [7, 5, 8, 6.75], "rotation": 90, "texture": "#2"},
				"up": {"uv": [7, 5, 8, 6.75], "rotation": 90, "texture": "#2"},
				"down": {"uv": [7, 5, 8, 6.75], "rotation": 90, "texture": "#2"}
			}
		},
		{
			"from": [5.16367, -13.23367, 9.4405],
			"to": [20.25537, 16.84895, 9.4405],
			"rotation": {"angle": 0, "axis": "y", "origin": [1.4835, 11.23852, 9.45806]},
			"faces": {
				"north": {"uv": [0, 0, 6, 12], "texture": "#3"},
				"south": {"uv": [6, 0, 0, 12], "texture": "#3"}
			}
		}
	],
	"display": {
		"head": {
			"translation": [-43.5, 8.25, -5.5],
			"scale": [4, 4, 4]
		}
	},
	"groups": [
		{
			"name": "root",
			"origin": [8, 8, 8],
			"children": [
				{
					"name": "wing_l",
					"origin": [8, 8, 8],
					"children": [
						{
							"name": "0",
							"origin": [5.5, 8.44331, 2.22471],
							"children": [0, 1, 2, 3, 4, 5, 6, 7,
								{
									"name": "group",
									"origin": [0.04848, 14.75016, 2.92471],
									"children": [8, 9, 10, 11]
								},
								{
									"name": "group",
									"origin": [0.04848, 14.75016, 2.92471],
									"children": [12, 13, 14, 15]
								}, 16]
						}
					]
				}
			]
		}
	]
}