{
	"credit": "Made with Blockbench",
	"texture_size": [32, 32],
	"textures": {
		"2": "brachy/raging_phase2",
		"particle": "head"
	},
	"elements": [
		{
			"from": [0.03795, 1.81183, 5.46449],
			"to": [15.95606, 8.39968, 14.69131],
			"rotation": {"angle": 0, "axis": "y", "origin": [11.40171, 9.7624, 13.11053]},
			"faces": {
				"north": {"uv": [4.5, 6.5, 6.25, 8.5], "texture": "#2"},
				"east": {"uv": [4.5, 6.5, 6.25, 8.5], "texture": "#2"},
				"south": {"uv": [4.5, 6.5, 6.25, 8.5], "texture": "#2"},
				"west": {"uv": [4.5, 6.5, 6.25, 8.5], "texture": "#2"},
				"up": {"uv": [4.5, 6.5, 6.25, 8.5], "texture": "#2"},
				"down": {"uv": [4.5, 6.5, 6.25, 8.5], "texture": "#2"}
			}
		},
		{
			"from": [1.79138, 8.39968, 5.46449],
			"to": [14.20263, 10.55784, 15.70032],
			"rotation": {"angle": 0, "axis": "y", "origin": [11.40171, 13.15379, 13.11053]},
			"faces": {
				"north": {"uv": [6.25, 8, 4.5, 6.75], "rotation": 90, "texture": "#2"},
				"east": {"uv": [6.25, 8, 4.5, 6.75], "rotation": 90, "texture": "#2"},
				"south": {"uv": [6.25, 8, 4.5, 6.75], "rotation": 90, "texture": "#2"},
				"west": {"uv": [6.25, 8, 4.5, 6.75], "rotation": 90, "texture": "#2"},
				"up": {"uv": [6.25, 8, 4.5, 6.75], "rotation": 90, "texture": "#2"},
				"down": {"uv": [6.25, 8, 4.5, 6.75], "rotation": 90, "texture": "#2"}
			}
		},
		{
			"from": [3.69219, 10.55784, 5.46449],
			"to": [12.30182, 13.0243, 11.7764],
			"rotation": {"angle": 0, "axis": "y", "origin": [11.40171, 13.15379, 13.11053]},
			"faces": {
				"north": {"uv": [6.25, 8, 4.5, 6.75], "rotation": 90, "texture": "#2"},
				"east": {"uv": [6.25, 8, 4.5, 6.75], "rotation": 90, "texture": "#2"},
				"south": {"uv": [6.25, 8, 4.5, 6.75], "rotation": 90, "texture": "#2"},
				"west": {"uv": [6.25, 8, 4.5, 6.75], "rotation": 90, "texture": "#2"},
				"up": {"uv": [6.25, 8, 4.5, 6.75], "rotation": 90, "texture": "#2"},
				"down": {"uv": [6.25, 8, 4.5, 6.75], "rotation": 90, "texture": "#2"}
			}
		},
		{
			"from": [5.21691, 12.40768, 5.46449],
			"to": [10.7771, 14.87415, 11.7764],
			"rotation": {"angle": 0, "axis": "y", "origin": [11.40171, 13.15379, 13.11053]},
			"faces": {
				"north": {"uv": [6.25, 8, 4.5, 6.75], "rotation": 90, "texture": "#2"},
				"east": {"uv": [6.25, 8, 4.5, 6.75], "rotation": 90, "texture": "#2"},
				"south": {"uv": [6.25, 8, 4.5, 6.75], "rotation": 90, "texture": "#2"},
				"west": {"uv": [6.25, 8, 4.5, 6.75], "rotation": 90, "texture": "#2"},
				"up": {"uv": [6.25, 8, 4.5, 6.75], "rotation": 90, "texture": "#2"},
				"down": {"uv": [6.25, 8, 4.5, 6.75], "rotation": 90, "texture": "#2"}
			}
		},
		{
			"from": [5.21691, 13.64092, 11.7764],
			"to": [10.7771, 15.49076, 22.42704],
			"rotation": {"angle": 0, "axis": "y", "origin": [11.40171, 13.15379, 13.11053]},
			"faces": {
				"north": {"uv": [6.25, 8, 4.5, 6.75], "rotation": 90, "texture": "#2"},
				"east": {"uv": [6.25, 8, 4.5, 6.75], "rotation": 90, "texture": "#2"},
				"south": {"uv": [6.25, 8, 4.5, 6.75], "rotation": 90, "texture": "#2"},
				"west": {"uv": [6.25, 8, 4.5, 6.75], "rotation": 90, "texture": "#2"},
				"up": {"uv": [6.25, 8, 4.5, 6.75], "rotation": 90, "texture": "#2"},
				"down": {"uv": [6.25, 8, 4.5, 6.75], "rotation": 90, "texture": "#2"}
			}
		},
		{
			"from": [3.69219, 10.55784, 11.7764],
			"to": [12.30182, 13.64092, 24.74572],
			"rotation": {"angle": 0, "axis": "y", "origin": [11.40171, 13.15379, 13.11053]},
			"faces": {
				"north": {"uv": [6.25, 8, 4.5, 6.75], "rotation": 90, "texture": "#2"},
				"east": {"uv": [6.25, 8, 4.5, 6.75], "rotation": 90, "texture": "#2"},
				"south": {"uv": [6.25, 8, 4.5, 6.75], "rotation": 90, "texture": "#2"},
				"west": {"uv": [6.25, 8, 4.5, 6.75], "rotation": 90, "texture": "#2"},
				"up": {"uv": [6.25, 8, 4.5, 6.75], "rotation": 90, "texture": "#2"},
				"down": {"uv": [6.25, 8, 4.5, 6.75], "rotation": 90, "texture": "#2"}
			}
		},
		{
			"from": [1.71514, -3.6995, 5.46449],
			"to": [14.27886, 2.15096, 14.46708],
			"rotation": {"angle": 0, "axis": "y", "origin": [11.40171, 6.37101, 13.11053]},
			"faces": {
				"north": {"uv": [13.25, 0, 16, 1.5], "texture": "#2"},
				"east": {"uv": [13.25, 0, 16, 1.5], "texture": "#2"},
				"south": {"uv": [13.25, 0, 16, 1.5], "texture": "#2"},
				"west": {"uv": [13.25, 0, 16, 1.5], "texture": "#2"},
				"up": {"uv": [13.25, 0, 16, 1.5], "texture": "#2"},
				"down": {"uv": [13.25, 0, 16, 1.5], "texture": "#2"}
			}
		},
		{
			"from": [2.38602, -2.25488, 14.09711],
			"to": [13.60799, 3.42496, 21.6871],
			"rotation": {"angle": 0, "axis": "y", "origin": [11.40171, 6.37101, 13.11053]},
			"faces": {
				"north": {"uv": [13.25, 0, 16, 1.5], "texture": "#2"},
				"east": {"uv": [13.25, 0, 16, 1.5], "texture": "#2"},
				"south": {"uv": [13.25, 0, 16, 1.5], "texture": "#2"},
				"west": {"uv": [13.25, 0, 16, 1.5], "texture": "#2"},
				"up": {"uv": [13.25, 0, 16, 1.5], "texture": "#2"},
				"down": {"uv": [13.25, 0, 16, 1.5], "texture": "#2"}
			}
		},
		{
			"from": [3.14838, -1.05732, 21.6871],
			"to": [12.84562, 3.42496, 25.1218],
			"rotation": {"angle": 0, "axis": "y", "origin": [11.40171, 6.37101, 13.11053]},
			"faces": {
				"north": {"uv": [14, 0, 15, 1.5], "rotation": 90, "texture": "#2"},
				"east": {"uv": [14, 0, 15, 1.5], "rotation": 90, "texture": "#2"},
				"south": {"uv": [14, 0, 15, 1.5], "rotation": 90, "texture": "#2"},
				"west": {"uv": [14, 0, 15, 1.5], "rotation": 90, "texture": "#2"},
				"up": {"uv": [14, 0, 15, 1.5], "rotation": 90, "texture": "#2"},
				"down": {"uv": [14, 0, 15, 1.5], "rotation": 90, "texture": "#2"}
			}
		},
		{
			"from": [0.11418, 3.08583, 14.69131],
			"to": [15.87982, 9.0163, 25.0209],
			"rotation": {"angle": 0, "axis": "y", "origin": [11.40171, 9.7624, 13.11053]},
			"faces": {
				"north": {"uv": [4.5, 6.5, 6.25, 8.5], "texture": "#2"},
				"east": {"uv": [4.5, 6.5, 6.25, 8.5], "texture": "#2"},
				"south": {"uv": [4.5, 6.5, 6.25, 8.5], "texture": "#2"},
				"west": {"uv": [4.5, 6.5, 6.25, 8.5], "texture": "#2"},
				"up": {"uv": [4.5, 6.5, 6.25, 8.5], "texture": "#2"},
				"down": {"uv": [4.5, 6.5, 6.25, 8.5], "texture": "#2"}
			}
		},
		{
			"from": [2.62998, 9.0163, 10.65528],
			"to": [13.36403, 11.72941, 21.86648],
			"rotation": {"angle": 0, "axis": "y", "origin": [11.40171, 12.47551, 13.11053]},
			"faces": {
				"north": {"uv": [6.25, 8, 4.5, 6.75], "rotation": 90, "texture": "#2"},
				"east": {"uv": [6.25, 8, 4.5, 6.75], "rotation": 90, "texture": "#2"},
				"south": {"uv": [6.25, 8, 4.5, 6.75], "rotation": 90, "texture": "#2"},
				"west": {"uv": [6.25, 8, 4.5, 6.75], "rotation": 90, "texture": "#2"},
				"up": {"uv": [6.25, 8, 4.5, 6.75], "rotation": 90, "texture": "#2"},
				"down": {"uv": [6.25, 8, 4.5, 6.75], "rotation": 90, "texture": "#2"}
			}
		},
		{
			"from": [2.62998, 9.0163, 21.86648],
			"to": [13.36403, 11.05113, 25.0209],
			"rotation": {"angle": 0, "axis": "y", "origin": [11.40171, 12.47551, 13.11053]},
			"faces": {
				"north": {"uv": [6.25, 8, 4.5, 6.75], "rotation": 90, "texture": "#2"},
				"east": {"uv": [6.25, 8, 4.5, 6.75], "rotation": 90, "texture": "#2"},
				"south": {"uv": [6.25, 8, 4.5, 6.75], "rotation": 90, "texture": "#2"},
				"west": {"uv": [6.25, 8, 4.5, 6.75], "rotation": 90, "texture": "#2"},
				"up": {"uv": [6.25, 8, 4.5, 6.75], "rotation": 90, "texture": "#2"},
				"down": {"uv": [6.25, 8, 4.5, 6.75], "rotation": 90, "texture": "#2"}
			}
		}
	],
	"display": {
		"head": {
			"translation": [0, 0, -30.25],
			"scale": [4, 4, 4]
		}
	},
	"groups": [
		{
			"name": "root_raging_2",
			"origin": [8, 8, 8],
			"color": 0,
			"children": [
				{
					"name": "body",
					"origin": [8, 8, 8],
					"color": 0,
					"children": [
						{
							"name": "1",
							"origin": [8, 8, 8],
							"color": 0,
							"children": [0, 1, 2, 3, 4, 5, 6, 7, 8, 9, 10, 11]
						}
					]
				}
			]
		}
	]
}