{
  "pools": [
    {
      "rolls": 1,
      "entries": [
        {
          "type": "minecraft:group",
          "children": [
            {
              "type": "minecraft:item",
              "name": "minecraft:paper",
              "functions": [
                {
                "function": "minecraft:set_nbt",
                "tag": "{SpawnPaper:1,SpawnID:1}"
                }
              ],
              "conditions": [
                {
                  "condition": "minecraft:reference",
                  "name": "mh_dp:monsters/reus"
                },
                {
                  "condition": "minecraft:inverted",
                  "term": {
                    "condition": "minecraft:entity_properties",
                    "entity": "this",
                    "predicate": {
                      "nbt": "{Tags:[\"ExistReus\"]}"
                    }
                  }
                }
              ]
            },
            {
              "type": "minecraft:item",
              "name": "minecraft:paper",
              "functions": [
                {
                "function": "minecraft:set_nbt",
                "tag": "{SpawnPaper:1,SpawnID:2}"
                }
              ],
              "conditions": [
                {
                  "condition": "minecraft:reference",
                  "name": "mh_dp:monsters/diablos"
                },
                {
                  "condition": "minecraft:inverted",
                  "term": {
                    "condition": "minecraft:entity_properties",
                    "entity": "this",
                    "predicate": {
                      "nbt": "{Tags:[\"ExistDiablos\"]}"
                    }
                  }
                }
              ]
            },
            {
              "type": "minecraft:item",
              "name": "minecraft:paper",
              "functions": [
                {
                "function": "minecraft:set_nbt",
                "tag": "{SpawnPaper:1,SpawnID:3}"
                }
              ],
              "conditions": [
                {
                  "condition": "minecraft:reference",
                  "name": "mh_dp:monsters/zinogre"
                },
                {
                  "condition": "minecraft:inverted",
                  "term": {
                    "condition": "minecraft:entity_properties",
                    "entity": "this",
                    "predicate": {
                      "nbt": "{Tags:[\"ExistZinogre\"]}"
                    }
                  }
                }
              ]
            },
            {
              "type": "minecraft:item",
              "name": "minecraft:paper",
              "functions": [
                {
                "function": "minecraft:set_nbt",
                "tag": "{SpawnPaper:1,SpawnID:4}"
                }
              ],
              "conditions": [
                {
                  "condition": "minecraft:reference",
                  "name": "mh_dp:monsters/reia"
                },
                {
                  "condition": "minecraft:inverted",
                  "term": {
                    "condition": "minecraft:entity_properties",
                    "entity": "this",
                    "predicate": {
                      "nbt": "{Tags:[\"ExistReia\"]}"
                    }
                  }
                }
              ]
            },
            {
              "type": "minecraft:item",
              "name": "minecraft:paper",
              "functions": [
                {
                "function": "minecraft:set_nbt",
                "tag": "{SpawnPaper:1,SpawnID:5}"
                }
              ],
              "conditions": [
                {
                  "condition": "minecraft:reference",
                  "name": "mh_dp:monsters/reia"
                },
                {
                  "condition": "minecraft:inverted",
                  "term": {
                    "condition": "minecraft:entity_properties",
                    "entity": "this",
                    "predicate": {
                      "nbt": "{Tags:[\"ExistNarga\"]}"
                    }
                  }
                }
              ]
            },
            {
              "type": "minecraft:item",
              "name": "minecraft:paper",
              "functions": [
                {
                "function": "minecraft:set_nbt",
                "tag": "{SpawnPaper:1,SpawnID:6}"
                }
              ],
              "conditions": [
                {
                  "condition": "minecraft:reference",
                  "name": "mh_dp:monsters/reia"
                },
                {
                  "condition": "minecraft:inverted",
                  "term": {
                    "condition": "minecraft:entity_properties",
                    "entity": "this",
                    "predicate": {
                      "nbt": "{Tags:[\"ExistDyno\"]}"
                    }
                  }
                }
              ]
            },
            {
              "type": "minecraft:item",
              "name": "minecraft:paper",
              "functions": [
                {
                "function": "minecraft:set_nbt",
                "tag": "{SpawnPaper:1,SpawnID:7}"
                }
              ],
              "conditions": [
                {
                  "condition": "minecraft:reference",
                  "name": "mh_dp:monsters/reia"
                },
                {
                  "condition": "minecraft:inverted",
                  "term": {
                    "condition": "minecraft:entity_properties",
                    "entity": "this",
                    "predicate": {
                      "nbt": "{Tags:[\"ExistBrachy\"]}"
                    }
                  }
                }
              ]
            }
          ]
        }
      ]
    }
  ]
}