{
	"credit": "Made with Blockbench",
	"texture_size": [32, 32],
	"textures": {
		"2": "reia/head"
	},
	"elements": [
		{
			"from": [6.39551, 19.11068, 7.04493],
			"to": [10.12781, 20.24168, 10.15518],
			"rotation": {"angle": 22.5, "axis": "x", "origin": [7.98173, 14.3128, 6.55881]},
			"faces": {
				"north": {"uv": [8.5, 1.75, 9.5, 3], "texture": "#2"},
				"east": {"uv": [8.5, 1.75, 9.5, 3], "texture": "#2"},
				"south": {"uv": [8.5, 1.75, 9.5, 3], "texture": "#2"},
				"west": {"uv": [8.5, 1.75, 9.5, 3], "texture": "#2"},
				"up": {"uv": [8.5, 1.75, 9.5, 3], "texture": "#2"},
				"down": {"uv": [8.5, 1.75, 9.5, 3], "texture": "#2"}
			}
		},
		{
			"from": [5.77346, 12.32468, 7.04493],
			"to": [10.12781, 19.11068, 11.39928],
			"rotation": {"angle": 22.5, "axis": "x", "origin": [7.98173, 14.3128, 6.55881]},
			"faces": {
				"north": {"uv": [8.5, 1.75, 9.5, 3], "texture": "#2"},
				"east": {"uv": [8.5, 1.75, 9.5, 3], "texture": "#2"},
				"south": {"uv": [8.5, 1.75, 9.5, 3], "texture": "#2"},
				"west": {"uv": [8.5, 1.75, 9.5, 3], "texture": "#2"},
				"up": {"uv": [8.5, 1.75, 9.5, 3], "texture": "#2"},
				"down": {"uv": [8.5, 1.75, 9.5, 3], "texture": "#2"}
			}
		},
		{
			"from": [6.39551, 9.49718, 7.04493],
			"to": [9.50576, 12.32468, 10.15518],
			"rotation": {"angle": 22.5, "axis": "x", "origin": [7.98173, 14.3128, 6.55881]},
			"faces": {
				"north": {"uv": [8.5, 1.75, 9.5, 3], "texture": "#2"},
				"east": {"uv": [8.5, 1.75, 9.5, 3], "texture": "#2"},
				"south": {"uv": [8.5, 1.75, 9.5, 3], "texture": "#2"},
				"west": {"uv": [8.5, 1.75, 9.5, 3], "texture": "#2"},
				"up": {"uv": [8.5, 1.75, 9.5, 3], "texture": "#2"},
				"down": {"uv": [8.5, 1.75, 9.5, 3], "texture": "#2"}
			}
		},
		{
			"from": [6.39551, 12.32468, 5.80083],
			"to": [9.50576, 19.11068, 7.04493],
			"rotation": {"angle": 22.5, "axis": "x", "origin": [7.98173, 14.3128, 6.55881]},
			"faces": {
				"north": {"uv": [8.5, 1.75, 9.5, 3], "texture": "#2"},
				"east": {"uv": [8.5, 1.75, 9.5, 3], "texture": "#2"},
				"south": {"uv": [8.5, 1.75, 9.5, 3], "texture": "#2"},
				"west": {"uv": [8.5, 1.75, 9.5, 3], "texture": "#2"},
				"up": {"uv": [8.5, 1.75, 9.5, 3], "texture": "#2"},
				"down": {"uv": [8.5, 1.75, 9.5, 3], "texture": "#2"}
			}
		},
		{
			"from": [7.01756, 14.65164, 5.32395],
			"to": [8.88371, 15.89574, 8.71695],
			"rotation": {"angle": -45, "axis": "x", "origin": [7.95063, 15.19122, 5.96014]},
			"faces": {
				"north": {"uv": [5.5, 7.75, 6, 8], "rotation": 270, "texture": "#2"},
				"east": {"uv": [5.5, 7.75, 6, 9], "rotation": 90, "texture": "#2"},
				"south": {"uv": [5.5, 7.75, 6, 9], "rotation": 180, "texture": "#2"},
				"west": {"uv": [5.5, 7.75, 6, 9], "rotation": 270, "texture": "#2"},
				"up": {"uv": [5.5, 7.75, 6, 9], "texture": "#2"},
				"down": {"uv": [5.5, 7.75, 6, 8], "rotation": 270, "texture": "#2"}
			}
		},
		{
			"from": [7.39456, 14.69877, 3.9102],
			"to": [8.50671, 15.51874, 5.88945],
			"rotation": {"angle": -45, "axis": "x", "origin": [7.95063, 15.19122, 5.96014]},
			"faces": {
				"north": {"uv": [7.75, 7, 8.25, 7.5], "rotation": 90, "texture": "#2"},
				"east": {"uv": [7.75, 7, 8.25, 7.5], "rotation": 90, "texture": "#2"},
				"south": {"uv": [7.75, 7, 8.25, 7.5], "rotation": 90, "texture": "#2"},
				"west": {"uv": [7.75, 7, 8.25, 7.5], "rotation": 90, "texture": "#2"},
				"up": {"uv": [7.75, 7, 8.25, 7.5], "rotation": 90, "texture": "#2"},
				"down": {"uv": [7.75, 7, 8.25, 7.5], "rotation": 90, "texture": "#2"}
			}
		},
		{
			"from": [7.01756, 11.44714, 4.94695],
			"to": [8.88371, 12.69124, 8.33995],
			"rotation": {"angle": -45, "axis": "x", "origin": [7.95063, 11.98672, 5.58314]},
			"faces": {
				"north": {"uv": [5.5, 7.75, 6, 8], "rotation": 270, "texture": "#2"},
				"east": {"uv": [5.5, 7.75, 6, 9], "rotation": 90, "texture": "#2"},
				"south": {"uv": [5.5, 7.75, 6, 9], "rotation": 180, "texture": "#2"},
				"west": {"uv": [5.5, 7.75, 6, 9], "rotation": 270, "texture": "#2"},
				"up": {"uv": [5.5, 7.75, 6, 9], "texture": "#2"},
				"down": {"uv": [5.5, 7.75, 6, 8], "rotation": 270, "texture": "#2"}
			}
		},
		{
			"from": [7.39456, 11.49427, 3.5332],
			"to": [8.50671, 12.31424, 5.51245],
			"rotation": {"angle": -45, "axis": "x", "origin": [7.95063, 11.98672, 5.58314]},
			"faces": {
				"north": {"uv": [7.75, 7, 8.25, 7.5], "rotation": 90, "texture": "#2"},
				"east": {"uv": [7.75, 7, 8.25, 7.5], "rotation": 90, "texture": "#2"},
				"south": {"uv": [7.75, 7, 8.25, 7.5], "rotation": 90, "texture": "#2"},
				"west": {"uv": [7.75, 7, 8.25, 7.5], "rotation": 90, "texture": "#2"},
				"up": {"uv": [7.75, 7, 8.25, 7.5], "rotation": 90, "texture": "#2"},
				"down": {"uv": [7.75, 7, 8.25, 7.5], "rotation": 90, "texture": "#2"}
			}
		},
		{
			"from": [6.82906, 9.08854, 4.87862],
			"to": [9.07221, 12.48154, 6.12272],
			"rotation": {"angle": 22.5, "axis": "x", "origin": [7.95063, 9.72472, 5.58314]},
			"faces": {
				"north": {"uv": [5.5, 7.75, 6, 9], "rotation": 180, "texture": "#2"},
				"east": {"uv": [5.5, 7.75, 6, 9], "rotation": 180, "texture": "#2"},
				"south": {"uv": [5.5, 7.75, 6, 9], "rotation": 180, "texture": "#2"},
				"west": {"uv": [5.5, 7.75, 6, 9], "rotation": 180, "texture": "#2"},
				"up": {"uv": [5.5, 7.75, 6, 9], "texture": "#2"},
				"down": {"uv": [5.5, 7.75, 6, 8], "rotation": 270, "texture": "#2"}
			}
		},
		{
			"from": [7.39456, 7.67479, 5.25562],
			"to": [8.50671, 9.65404, 6.0756],
			"rotation": {"angle": 22.5, "axis": "x", "origin": [7.95063, 9.72472, 5.58314]},
			"faces": {
				"north": {"uv": [7.75, 7, 8.25, 7.5], "texture": "#2"},
				"east": {"uv": [7.75, 7, 8.25, 7.5], "texture": "#2"},
				"south": {"uv": [7.75, 7, 8.25, 7.5], "texture": "#2"},
				"west": {"uv": [7.75, 7, 8.25, 7.5], "texture": "#2"},
				"up": {"uv": [7.75, 7, 8.25, 7.5], "texture": "#2"},
				"down": {"uv": [7.75, 7, 8.25, 7.5], "texture": "#2"}
			}
		}
	],
	"display": {
		"head": {
			"rotation": [-22.5, 0, 0],
			"translation": [0.25, -33.25, 6],
			"scale": [4, 4, 4]
		}
	},
	"groups": [
		{
			"name": "root",
			"origin": [8, 8, 8],
			"children": [
				{
					"name": "leg_l",
					"origin": [8, 8, 8],
					"children": [
						{
							"name": "0",
							"origin": [8, 8, 8],
							"children": [0, 1, 2, 3,
								{
									"name": "group",
									"origin": [5.525, 4.52639, 3.16746],
									"children": [4, 5]
								},
								{
									"name": "group",
									"origin": [5.525, 4.52639, 3.16746],
									"children": [6, 7]
								},
								{
									"name": "group",
									"origin": [5.525, 4.52639, 3.16746],
									"children": [8, 9]
								}
							]
						}
					]
				}
			]
		}
	]
}