{
	"credit": "Made with Blockbench",
	"texture_size": [32, 32],
	"textures": {
		"2": "reia/head",
		"3": "reia/wing"
	},
	"elements": [
		{
			"from": [8.18585, 10.3165, 6.72203],
			"to": [13.02029, 12.676, 9.22583],
			"rotation": {"angle": -45, "axis": "z", "origin": [10.54982, 5.93654, 7.9722]},
			"faces": {
				"north": {"uv": [8.5, 1.75, 9.25, 3.5], "rotation": 90, "texture": "#2"},
				"east": {"uv": [8.5, 1.75, 9.25, 3.5], "rotation": 90, "texture": "#2"},
				"south": {"uv": [8.5, 1.75, 9.25, 3.5], "rotation": 90, "texture": "#2"},
				"west": {"uv": [8.5, 1.75, 9.25, 3.5], "rotation": 90, "texture": "#2"},
				"up": {"uv": [8.5, 1.75, 9.25, 3.5], "rotation": 90, "texture": "#2"},
				"down": {"uv": [1.5, 10.5, 3, 11.75], "rotation": 90, "texture": "#2"}
			}
		},
		{
			"from": [12.75102, 10.97473, 7.11203],
			"to": [14.56296, 13.33423, 8.83583],
			"rotation": {"angle": 0, "axis": "y", "origin": [10.54982, 5.93654, 7.9722]},
			"faces": {
				"north": {"uv": [8.5, 1.75, 9.25, 3.5], "rotation": 90, "texture": "#2"},
				"east": {"uv": [8.5, 1.75, 9.25, 3.5], "rotation": 90, "texture": "#2"},
				"south": {"uv": [8.5, 1.75, 9.25, 3.5], "rotation": 90, "texture": "#2"},
				"west": {"uv": [8.5, 1.75, 9.25, 3.5], "rotation": 90, "texture": "#2"},
				"up": {"uv": [8.5, 1.75, 9.25, 3.5], "rotation": 90, "texture": "#2"},
				"down": {"uv": [8.5, 1.75, 9.25, 3.5], "rotation": 90, "texture": "#2"}
			}
		},
		{
			"from": [12.55602, 10.77973, 6.91703],
			"to": [15.05046, 12.55423, 9.03083],
			"rotation": {"angle": 0, "axis": "y", "origin": [10.54982, 5.93654, 7.9722]},
			"faces": {
				"north": {"uv": [8.5, 1.75, 9.25, 3.5], "rotation": 90, "texture": "#2"},
				"east": {"uv": [8.5, 1.75, 9.25, 3.5], "rotation": 90, "texture": "#2"},
				"south": {"uv": [8.5, 1.75, 9.25, 3.5], "rotation": 90, "texture": "#2"},
				"west": {"uv": [8.5, 1.75, 9.25, 3.5], "rotation": 90, "texture": "#2"},
				"up": {"uv": [8.5, 1.75, 9.25, 3.5], "rotation": 90, "texture": "#2"},
				"down": {"uv": [8.5, 1.75, 9.25, 3.5], "rotation": 90, "texture": "#2"}
			}
		},
		{
			"from": [12.99397, 12.92473, 7.4685],
			"to": [14.32777, 15.57673, 8.50044],
			"rotation": {"angle": 0, "axis": "y", "origin": [14.04366, 15.46019, 7.98114]},
			"faces": {
				"north": {"uv": [0.75, 3.5, 1.75, 4.25], "texture": "#2"},
				"east": {"uv": [0.75, 3.5, 1.75, 4.25], "texture": "#2"},
				"south": {"uv": [0.75, 3.5, 1.75, 4.25], "texture": "#2"},
				"west": {"uv": [0.75, 3.5, 1.75, 4.25], "texture": "#2"},
				"up": {"uv": [0.75, 3.5, 1.75, 4.25], "rotation": 90, "texture": "#2"},
				"down": {"uv": [0.75, 3.5, 1.75, 4.25], "rotation": 270, "texture": "#2"}
			}
		},
		{
			"from": [13.37725, 14.99057, 7.56101],
			"to": [14.32105, 17.05757, 8.39795],
			"rotation": {"angle": -22.5, "axis": "z", "origin": [14.04366, 16.04519, 7.98114]},
			"faces": {
				"north": {"uv": [0.75, 3.5, 1.75, 4.25], "texture": "#2"},
				"east": {"uv": [0.75, 3.5, 1.75, 4.25], "texture": "#2"},
				"south": {"uv": [0.75, 3.5, 1.75, 4.25], "texture": "#2"},
				"west": {"uv": [0.75, 3.5, 1.75, 4.25], "texture": "#2"},
				"up": {"uv": [0.75, 3.5, 1.75, 4.25], "rotation": 90, "texture": "#2"},
				"down": {"uv": [0.75, 3.5, 1.75, 4.25], "rotation": 270, "texture": "#2"}
			}
		},
		{
			"from": [13.18148, 16.5014, 7.75601],
			"to": [13.73528, 18.3734, 8.20295],
			"rotation": {"angle": -45, "axis": "z", "origin": [14.04366, 16.04519, 7.98114]},
			"faces": {
				"north": {"uv": [0.75, 3.5, 1.75, 4.25], "texture": "#2"},
				"east": {"uv": [0.75, 3.5, 1.75, 4.25], "texture": "#2"},
				"south": {"uv": [0.75, 3.5, 1.75, 4.25], "texture": "#2"},
				"west": {"uv": [0.75, 3.5, 1.75, 4.25], "texture": "#2"},
				"up": {"uv": [0.75, 3.5, 1.75, 4.25], "rotation": 90, "texture": "#2"},
				"down": {"uv": [0.75, 3.5, 1.75, 4.25], "rotation": 270, "texture": "#2"}
			}
		},
		{
			"from": [10.62335, 10.3165, 6.91703],
			"to": [19.35779, 12.1885, 9.03083],
			"rotation": {"angle": -45, "axis": "z", "origin": [10.54982, 5.93654, 7.9722]},
			"faces": {
				"north": {"uv": [8.5, 1.75, 9.25, 3.5], "rotation": 90, "texture": "#2"},
				"east": {"uv": [8.5, 1.75, 9.25, 3.5], "rotation": 90, "texture": "#2"},
				"south": {"uv": [8.5, 1.75, 9.25, 3.5], "rotation": 90, "texture": "#2"},
				"west": {"uv": [8.5, 1.75, 9.25, 3.5], "rotation": 90, "texture": "#2"},
				"up": {"uv": [8.5, 1.75, 9.25, 3.5], "rotation": 90, "texture": "#2"},
				"down": {"uv": [1.5, 10.5, 3, 11.75], "rotation": 90, "texture": "#2"}
			}
		},
		{
			"from": [13.26021, -15.33361, 7.40453],
			"to": [14.15721, 9.87833, 8.54333],
			"rotation": {"angle": 0, "axis": "y", "origin": [10.54982, 5.93654, 7.9722]},
			"faces": {
				"north": {"uv": [5.5, 0.5, 6, 11.5], "texture": "#3"},
				"east": {"uv": [5.5, 0.5, 6, 11.5], "texture": "#3"},
				"south": {"uv": [5.5, 0.5, 6, 11.5], "texture": "#3"},
				"west": {"uv": [5.5, 0.5, 6, 11.5], "texture": "#3"},
				"up": {"uv": [5.5, 0.5, 6, 11.5], "texture": "#3"},
				"down": {"uv": [5.5, 0.5, 6, 11.5], "texture": "#3"}
			}
		},
		{
			"from": [19.39835, 9.829, 6.91703],
			"to": [23.25779, 12.676, 9.03083],
			"rotation": {"angle": -45, "axis": "z", "origin": [10.54982, 5.93654, 7.9722]},
			"faces": {
				"north": {"uv": [8.5, 1.75, 9.25, 3.5], "rotation": 90, "texture": "#2"},
				"east": {"uv": [8.5, 1.75, 9.25, 3.5], "rotation": 90, "texture": "#2"},
				"south": {"uv": [8.5, 1.75, 9.25, 3.5], "rotation": 90, "texture": "#2"},
				"west": {"uv": [8.5, 1.75, 9.25, 3.5], "rotation": 90, "texture": "#2"},
				"up": {"uv": [8.5, 1.75, 9.25, 3.5], "rotation": 90, "texture": "#2"},
				"down": {"uv": [1.5, 10.5, 3, 11.75], "rotation": 90, "texture": "#2"}
			}
		},
		{
			"from": [23.12802, 4.21745, 6.42953],
			"to": [27.47496, 8.03945, 9.51833],
			"rotation": {"angle": -22.5, "axis": "z", "origin": [10.54982, 5.93654, 7.9722]},
			"faces": {
				"north": {"uv": [8.5, 1.75, 9.25, 3.5], "rotation": 90, "texture": "#2"},
				"east": {"uv": [8.5, 1.75, 9.25, 3.5], "rotation": 90, "texture": "#2"},
				"south": {"uv": [8.5, 1.75, 9.25, 3.5], "rotation": 90, "texture": "#2"},
				"west": {"uv": [1.5, 9.75, 3, 11], "texture": "#2"},
				"up": {"uv": [8.5, 1.75, 9.25, 3.5], "rotation": 90, "texture": "#2"},
				"down": {"uv": [1.5, 10.5, 3, 11.75], "rotation": 90, "texture": "#2"}
			}
		},
		{
			"from": [13.45521, -13.38361, 7.95833],
			"to": [25.36971, 10.36583, 7.95833],
			"rotation": {"angle": 0, "axis": "y", "origin": [10.54982, 5.93654, 7.9722]},
			"faces": {
				"north": {"uv": [0, 0, 6, 12], "texture": "#3"},
				"east": {"uv": [0, 0, 0, 0], "texture": "#3"},
				"south": {"uv": [6, 0, 0, 12], "texture": "#3"},
				"west": {"uv": [0, 0, 0, 0], "texture": "#3"},
				"up": {"uv": [0, 0, 0, 0], "texture": "#3"},
				"down": {"uv": [0, 0, 0, 0], "texture": "#3"}
			}
		},
		{
			"from": [11.90496, 5.72196, 8.26686],
			"to": [15.51246, 10.12896, 8.90061],
			"rotation": {"angle": 45, "axis": "z", "origin": [13.90371, 8.90046, 7.97436]},
			"faces": {
				"north": {"uv": [10.5, 5, 16, 7], "rotation": 270, "texture": "#2"},
				"south": {"uv": [10.5, 5, 16, 7], "rotation": 90, "texture": "#2"},
				"up": {"uv": [10.5, 5, 16, 7], "rotation": 90, "texture": "#2"},
				"down": {"uv": [10.5, 5, 16, 7], "rotation": 90, "texture": "#2"}
			}
		}
	],
	"display": {
		"head": {
			"translation": [-65.25, 24, 0],
			"scale": [4, 4, 4]
		}
	},
	"groups": [
		{
			"name": "root",
			"origin": [8, 8, 8],
			"children": [
				{
					"name": "wing_l",
					"origin": [8, 8, 8],
					"children": [
						{
							"name": "0",
							"origin": [5.5, 8.44331, 2.22471],
							"children": [0, 1, 2, 3, 4, 5, 6, 7, 8, 9, 10, 11]
						}
					]
				}
			]
		}
	]
}