{
    "providers": [
        {
            "type": "bitmap",
            "file": "minecraft:mhdp_font/light/0.png",
            "ascent": 32,
            "height": 1024,
            "chars": [
                "0"
            ]
        },
        {
            "type": "bitmap",
            "file": "minecraft:mhdp_font/light/1.png",
            "ascent": 32,
            "height": 1024,
            "chars": [
                "1"
            ]
        },
        {
            "type": "bitmap",
            "file": "minecraft:mhdp_font/light/2.png",
            "ascent": 32,
            "height": 1024,
            "chars": [
                "2"
            ]
        },
        {
            "type": "bitmap",
            "file": "minecraft:mhdp_font/light/3.png",
            "ascent": 32,
            "height": 1024,
            "chars": [
                "3"
            ]
        },
        {
            "type": "bitmap",
            "file": "minecraft:mhdp_font/light/4.png",
            "ascent": 32,
            "height": 1024,
            "chars": [
                "4"
            ]
        },
        {
            "type": "bitmap",
            "file": "minecraft:mhdp_font/light/5.png",
            "ascent": 32,
            "height": 1024,
            "chars": [
                "5"
            ]
        },
        {
            "type": "bitmap",
            "file": "minecraft:mhdp_font/light/6.png",
            "ascent": 32,
            "height": 1024,
            "chars": [
                "6"
            ]
        },
        {
            "type": "bitmap",
            "file": "minecraft:mhdp_font/light/7.png",
            "ascent": 32,
            "height": 1024,
            "chars": [
                "7"
            ]
        },
        {
            "type": "bitmap",
            "file": "minecraft:mhdp_font/light/8.png",
            "ascent": 32,
            "height": 1024,
            "chars": [
                "8"
            ]
        },
        {
            "type": "bitmap",
            "file": "minecraft:mhdp_font/light/9.png",
            "ascent": 32,
            "height": 1024,
            "chars": [
                "9"
            ]
        }
    ]
}