{
    "providers": [
        {
            "type": "bitmap",
            "file": "minecraft:icon/eye_normal.png",
            "ascent": 8,
            "height": 8,
            "chars": [
                "\uE000"
            ]
        },
        {
            "type": "bitmap",
            "file": "minecraft:icon/eye_anger.png",
            "ascent": 8,
            "height": 8,
            "chars": [
                "\uE001"
            ]
        },
        {
            "type": "bitmap",
            "file": "minecraft:icon/eye_anger.png",
            "ascent": 0,
            "height": 64,
            "chars": [
                "\uE002"
            ]
        },
        {
            "type": "bitmap",
            "file": "minecraft:mhdp_font/weapon/reus.png",
            "ascent": 6,
            "height": 6,
            "chars": [
                "\uE003"
            ]
        },
        {
            "type": "bitmap",
            "file": "minecraft:mhdp_font/weapon/reia.png",
            "ascent": 6,
            "height": 6,
            "chars": [
                "\uE004"
            ]
        },
        {
            "type": "bitmap",
            "file": "minecraft:mhdp_font/weapon/diablos.png",
            "ascent": 6,
            "height": 6,
            "chars": [
                "\uE005"
            ]
        },
        {
            "type": "bitmap",
            "file": "minecraft:mhdp_font/weapon/narga.png",
            "ascent": 6,
            "height": 6,
            "chars": [
                "\uE006"
            ]
        },
        {
            "type": "bitmap",
            "file": "minecraft:mhdp_font/weapon/tiga.png",
            "ascent": 6,
            "height": 6,
            "chars": [
                "\uE007"
            ]
        },
        {
            "type": "bitmap",
            "file": "minecraft:mhdp_font/weapon/kushala.png",
            "ascent": 6,
            "height": 6,
            "chars": [
                "\uE008"
            ]
        },
        {
            "type": "bitmap",
            "file": "minecraft:mhdp_font/weapon/teo.png",
            "ascent": 6,
            "height": 6,
            "chars": [
                "\uE009"
            ]
        },
        {
            "type": "bitmap",
            "file": "minecraft:mhdp_font/weapon/nazuti.png",
            "ascent": 6,
            "height": 6,
            "chars": [
                "\uE010"
            ]
        },
        {
            "type": "bitmap",
            "file": "minecraft:mhdp_font/weapon/ruko.png",
            "ascent": 6,
            "height": 6,
            "chars": [
                "\uE011"
            ]
        },
        {
            "type": "bitmap",
            "file": "minecraft:mhdp_font/weapon/zinogre.png",
            "ascent": 6,
            "height": 6,
            "chars": [
                "\uE012"
            ]
        },
        {
            "type": "bitmap",
            "file": "minecraft:mhdp_font/weapon/buster_sword.png",
            "ascent": 6,
            "height": 6,
            "chars": [
                "\uE013"
            ]
        },
        {
            "type": "bitmap",
            "file": "minecraft:mhdp_font/weapon/brachyr.png",
            "ascent": 6,
            "height": 6,
            "chars": [
                "\uE014"
            ]
        }
    ]
}