{
	"credit": "Made with Blockbench",
	"texture_size": [32, 32],
	"textures": {
		"0": "reus/head",
		"particle": "reus/head"
	},
	"elements": [
		{
			"from": [6.36725, 3.93966, 9.99033],
			"to": [9.58475, 6.51366, 16.42533],
			"rotation": {"angle": -22.5, "axis": "x", "origin": [7.976, 4.41184, 16.70491]},
			"faces": {
				"north": {"uv": [3, 9.75, 1.5, 11], "texture": "#0"},
				"east": {"uv": [3, 9.75, 1.5, 11], "texture": "#0"},
				"south": {"uv": [3, 9.75, 1.5, 11], "texture": "#0"},
				"west": {"uv": [3, 9.75, 1.5, 11], "texture": "#0"},
				"up": {"uv": [3, 9.75, 1.5, 10.5], "texture": "#0"},
				"down": {"uv": [3, 10.5, 1.5, 11.75], "texture": "#0"}
			}
		},
		{
			"from": [5.08025, 1.36566, 7.41633],
			"to": [10.87175, 3.93966, 10.63383],
			"rotation": {"angle": 0, "axis": "y", "origin": [23.74175, 0.72216, -18.96717]},
			"faces": {
				"north": {"uv": [3, 9.75, 1.5, 11], "texture": "#0"},
				"east": {"uv": [3, 9.75, 1.5, 11], "texture": "#0"},
				"south": {"uv": [3, 9.75, 1.5, 11], "texture": "#0"},
				"west": {"uv": [3, 9.75, 1.5, 11], "texture": "#0"},
				"up": {"uv": [3, 9.75, 1.5, 10.5], "texture": "#0"},
				"down": {"uv": [3, 10.5, 1.5, 11.75], "texture": "#0"}
			}
		},
		{
			"from": [7.01075, 0.72216, 5.48583],
			"to": [8.94125, 2.65266, 8.70333],
			"rotation": {"angle": -22.5, "axis": "x", "origin": [7.976, 2.20221, 5.48583]},
			"faces": {
				"north": {"uv": [3, 9.75, 1.5, 11], "texture": "#0"},
				"east": {"uv": [3, 9.75, 1.5, 11], "texture": "#0"},
				"south": {"uv": [3, 9.75, 1.5, 11], "texture": "#0"},
				"west": {"uv": [3, 9.75, 1.5, 11], "texture": "#0"},
				"up": {"uv": [3, 9.75, 1.5, 10.5], "texture": "#0"},
				"down": {"uv": [3, 10.5, 1.5, 11.75], "texture": "#0"}
			}
		},
		{
			"from": [7.26815, 0.72216, 2.26833],
			"to": [8.68385, 2.13786, 5.48583],
			"rotation": {"angle": -45, "axis": "x", "origin": [7.976, 2.20221, 5.48583]},
			"faces": {
				"north": {"uv": [10, 8, 9.25, 8.75], "texture": "#0"},
				"east": {"uv": [10, 8, 9.25, 8.75], "texture": "#0"},
				"south": {"uv": [10, 8, 9.25, 8.75], "texture": "#0"},
				"west": {"uv": [10, 8, 9.25, 8.75], "texture": "#0"},
				"up": {"uv": [10, 8, 9.25, 8.75], "texture": "#0"},
				"down": {"uv": [10, 8, 9.25, 8.75], "texture": "#0"}
			}
		},
		{
			"from": [9.58475, 0.72216, 5.48583],
			"to": [11.51525, 2.65266, 8.70333],
			"rotation": {"angle": -22.5, "axis": "x", "origin": [7.976, 2.20221, 5.48583]},
			"faces": {
				"north": {"uv": [3, 9.75, 1.5, 11], "texture": "#0"},
				"east": {"uv": [3, 9.75, 1.5, 11], "texture": "#0"},
				"south": {"uv": [3, 9.75, 1.5, 11], "texture": "#0"},
				"west": {"uv": [3, 9.75, 1.5, 11], "texture": "#0"},
				"up": {"uv": [3, 9.75, 1.5, 10.5], "texture": "#0"},
				"down": {"uv": [3, 10.5, 1.5, 11.75], "texture": "#0"}
			}
		},
		{
			"from": [9.84215, 0.72216, 2.26833],
			"to": [11.25785, 2.13786, 5.48583],
			"rotation": {"angle": -45, "axis": "x", "origin": [7.976, 2.20221, 5.48583]},
			"faces": {
				"north": {"uv": [10, 8, 9.25, 8.75], "texture": "#0"},
				"east": {"uv": [10, 8, 9.25, 8.75], "texture": "#0"},
				"south": {"uv": [10, 8, 9.25, 8.75], "texture": "#0"},
				"west": {"uv": [10, 8, 9.25, 8.75], "texture": "#0"},
				"up": {"uv": [10, 8, 9.25, 8.75], "texture": "#0"},
				"down": {"uv": [10, 8, 9.25, 8.75], "texture": "#0"}
			}
		},
		{
			"from": [4.43675, 0.72216, 5.48583],
			"to": [6.36725, 2.65266, 8.70333],
			"rotation": {"angle": -22.5, "axis": "x", "origin": [7.976, 2.20221, 5.48583]},
			"faces": {
				"north": {"uv": [3, 9.75, 1.5, 11], "texture": "#0"},
				"east": {"uv": [3, 9.75, 1.5, 11], "texture": "#0"},
				"south": {"uv": [3, 9.75, 1.5, 11], "texture": "#0"},
				"west": {"uv": [3, 9.75, 1.5, 11], "texture": "#0"},
				"up": {"uv": [3, 9.75, 1.5, 10.5], "texture": "#0"},
				"down": {"uv": [3, 10.5, 1.5, 11.75], "texture": "#0"}
			}
		},
		{
			"from": [4.69415, 0.72216, 2.26833],
			"to": [6.10985, 2.13786, 5.48583],
			"rotation": {"angle": -45, "axis": "x", "origin": [7.976, 2.20221, 5.48583]},
			"faces": {
				"north": {"uv": [10, 8, 9.25, 8.75], "texture": "#0"},
				"east": {"uv": [10, 8, 9.25, 8.75], "texture": "#0"},
				"south": {"uv": [10, 8, 9.25, 8.75], "texture": "#0"},
				"west": {"uv": [10, 8, 9.25, 8.75], "texture": "#0"},
				"up": {"uv": [10, 8, 9.25, 8.75], "texture": "#0"},
				"down": {"uv": [10, 8, 9.25, 8.75], "texture": "#0"}
			}
		},
		{
			"from": [7.01075, 3.50296, 14.95294],
			"to": [8.94125, 5.43346, 18.17044],
			"rotation": {"angle": 22.5, "axis": "x", "origin": [7.976, 3.76834, 16.19011]},
			"faces": {
				"north": {"uv": [2.75, 6.25, 2, 7], "texture": "#0"},
				"east": {"uv": [2.75, 6.25, 2, 7], "texture": "#0"},
				"south": {"uv": [2.75, 6.25, 2, 7], "texture": "#0"},
				"west": {"uv": [2.75, 6.25, 2, 7], "texture": "#0"},
				"up": {"uv": [2.75, 6.25, 2, 7], "texture": "#0"},
				"down": {"uv": [2.75, 6.25, 2, 7], "texture": "#0"}
			}
		},
		{
			"from": [7.26815, 4.16834, 17.55486],
			"to": [8.68385, 5.58404, 20.77236],
			"rotation": {"angle": 45, "axis": "x", "origin": [7.976, 3.76834, 16.19011]},
			"faces": {
				"north": {"uv": [10, 8, 9.25, 8.75], "texture": "#0"},
				"east": {"uv": [10, 8, 9.25, 8.75], "texture": "#0"},
				"south": {"uv": [10, 8, 9.25, 8.75], "texture": "#0"},
				"west": {"uv": [10, 8, 9.25, 8.75], "texture": "#0"},
				"up": {"uv": [10, 8, 9.25, 8.75], "texture": "#0"},
				"down": {"uv": [10, 8, 9.25, 8.75], "texture": "#0"}
			}
		}
	],
	"display": {
		"head": {
			"translation": [0, 6.75, -25],
			"scale": [4, 4, 4]
		}
	},
	"groups": [
		{
			"name": "root",
			"origin": [8, 8, 8],
			"children": [
				{
					"name": "leg_l",
					"origin": [8, 8, 8],
					"children": [
						{
							"name": "2",
							"origin": [8, 8, 8],
							"children": [0, 1, 2, 3, 4, 5, 6, 7, 8, 9]
						}
					]
				}
			]
		}
	]
}