{
	"credit": "Made with Blockbench",
	"texture_size": [32, 32],
	"textures": {
		"0": "reus/head",
		"1": "reus/wing",
		"particle": "reus/head"
	},
	"elements": [
		{
			"from": [4.26174, 10.70981, 6.72611],
			"to": [9.16064, 13.10077, 9.26329],
			"rotation": {"angle": 45, "axis": "z", "origin": [6.76515, 6.27146, 7.99294]},
			"faces": {
				"north": {"uv": [8.5, 3.5, 9.25, 1.75], "rotation": 90, "texture": "#0"},
				"east": {"uv": [8.5, 3.5, 9.25, 1.75], "rotation": 90, "texture": "#0"},
				"south": {"uv": [8.5, 3.5, 9.25, 1.75], "rotation": 90, "texture": "#0"},
				"west": {"uv": [8.5, 3.5, 9.25, 1.75], "rotation": 90, "texture": "#0"},
				"up": {"uv": [8.5, 3.5, 9.25, 1.75], "rotation": 90, "texture": "#0"},
				"down": {"uv": [1.5, 11.75, 3, 10.5], "rotation": 90, "texture": "#0"}
			}
		},
		{
			"from": [2.6985, 11.37682, 7.12131],
			"to": [4.5346, 13.76778, 8.86809],
			"rotation": {"angle": 0, "axis": "y", "origin": [6.76515, 6.27146, 7.99294]},
			"faces": {
				"north": {"uv": [8.5, 3.5, 9.25, 1.75], "rotation": 90, "texture": "#0"},
				"east": {"uv": [8.5, 3.5, 9.25, 1.75], "rotation": 90, "texture": "#0"},
				"south": {"uv": [8.5, 3.5, 9.25, 1.75], "rotation": 90, "texture": "#0"},
				"west": {"uv": [8.5, 3.5, 9.25, 1.75], "rotation": 90, "texture": "#0"},
				"up": {"uv": [8.5, 3.5, 9.25, 1.75], "rotation": 90, "texture": "#0"},
				"down": {"uv": [8.5, 3.5, 9.25, 1.75], "rotation": 90, "texture": "#0"}
			}
		},
		{
			"from": [2.2045, 11.17922, 6.92371],
			"to": [4.7322, 12.97738, 9.06569],
			"rotation": {"angle": 0, "axis": "y", "origin": [6.76515, 6.27146, 7.99294]},
			"faces": {
				"north": {"uv": [8.5, 3.5, 9.25, 1.75], "rotation": 90, "texture": "#0"},
				"east": {"uv": [8.5, 3.5, 9.25, 1.75], "rotation": 90, "texture": "#0"},
				"south": {"uv": [8.5, 3.5, 9.25, 1.75], "rotation": 90, "texture": "#0"},
				"west": {"uv": [8.5, 3.5, 9.25, 1.75], "rotation": 90, "texture": "#0"},
				"up": {"uv": [8.5, 3.5, 9.25, 1.75], "rotation": 90, "texture": "#0"},
				"down": {"uv": [8.5, 3.5, 9.25, 1.75], "rotation": 90, "texture": "#0"}
			}
		},
		{
			"from": [2.93682, 13.35282, 7.48252],
			"to": [4.2884, 15.54618, 8.52822],
			"rotation": {"angle": 0, "axis": "y", "origin": [3.22472, 15.92209, 8.002]},
			"faces": {
				"north": {"uv": [1.75, 3.5, 0.75, 4.25], "texture": "#0"},
				"east": {"uv": [1.75, 3.5, 0.75, 4.25], "texture": "#0"},
				"south": {"uv": [1.75, 3.5, 0.75, 4.25], "texture": "#0"},
				"west": {"uv": [1.75, 3.5, 0.75, 4.25], "texture": "#0"},
				"up": {"uv": [0.75, 4.25, 1.75, 3.5], "rotation": 90, "texture": "#0"},
				"down": {"uv": [0.75, 4.25, 1.75, 3.5], "rotation": 270, "texture": "#0"}
			}
		},
		{
			"from": [2.94363, 14.85341, 7.57627],
			"to": [3.90002, 16.94797, 8.42437],
			"rotation": {"angle": 22.5, "axis": "z", "origin": [3.22472, 15.92209, 8.002]},
			"faces": {
				"north": {"uv": [1.75, 3.5, 0.75, 4.25], "texture": "#0"},
				"east": {"uv": [1.75, 3.5, 0.75, 4.25], "texture": "#0"},
				"south": {"uv": [1.75, 3.5, 0.75, 4.25], "texture": "#0"},
				"west": {"uv": [1.75, 3.5, 0.75, 4.25], "texture": "#0"},
				"up": {"uv": [0.75, 4.25, 1.75, 3.5], "rotation": 90, "texture": "#0"},
				"down": {"uv": [0.75, 4.25, 1.75, 3.5], "rotation": 270, "texture": "#0"}
			}
		},
		{
			"from": [3.53721, 16.38438, 7.77387],
			"to": [4.09839, 18.28134, 8.22677],
			"rotation": {"angle": 45, "axis": "z", "origin": [3.22472, 15.92209, 8.002]},
			"faces": {
				"north": {"uv": [1.75, 3.5, 0.75, 4.25], "texture": "#0"},
				"east": {"uv": [1.75, 3.5, 0.75, 4.25], "texture": "#0"},
				"south": {"uv": [1.75, 3.5, 0.75, 4.25], "texture": "#0"},
				"west": {"uv": [1.75, 3.5, 0.75, 4.25], "texture": "#0"},
				"up": {"uv": [0.75, 4.25, 1.75, 3.5], "rotation": 90, "texture": "#0"},
				"down": {"uv": [0.75, 4.25, 1.75, 3.5], "rotation": 270, "texture": "#0"}
			}
		},
		{
			"from": [-2.16026, 10.70981, 6.92371],
			"to": [6.69064, 12.60677, 9.06569],
			"rotation": {"angle": 45, "axis": "z", "origin": [6.76515, 6.27146, 7.99294]},
			"faces": {
				"north": {"uv": [8.5, 3.5, 9.25, 1.75], "rotation": 90, "texture": "#0"},
				"east": {"uv": [8.5, 3.5, 9.25, 1.75], "rotation": 90, "texture": "#0"},
				"south": {"uv": [8.5, 3.5, 9.25, 1.75], "rotation": 90, "texture": "#0"},
				"west": {"uv": [8.5, 3.5, 9.25, 1.75], "rotation": 90, "texture": "#0"},
				"up": {"uv": [8.5, 3.5, 9.25, 1.75], "rotation": 90, "texture": "#0"},
				"down": {"uv": [1.5, 11.75, 3, 10.5], "rotation": 90, "texture": "#0"}
			}
		},
		{
			"from": [3.10966, -15.28229, 7.41771],
			"to": [4.01862, 10.26581, 8.57169],
			"rotation": {"angle": 0, "axis": "y", "origin": [6.76515, 6.27146, 7.99294]},
			"faces": {
				"north": {"uv": [6, 0.5, 5.5, 11.5], "texture": "#1"},
				"east": {"uv": [6, 0.5, 5.5, 11.5], "texture": "#1"},
				"south": {"uv": [6, 0.5, 5.5, 11.5], "texture": "#1"},
				"west": {"uv": [6, 0.5, 5.5, 11.5], "texture": "#1"},
				"up": {"uv": [6, 0.5, 5.5, 11.5], "texture": "#1"},
				"down": {"uv": [6, 0.5, 5.5, 11.5], "texture": "#1"}
			}
		},
		{
			"from": [-6.11226, 10.21581, 6.92371],
			"to": [-2.20136, 13.10077, 9.06569],
			"rotation": {"angle": 45, "axis": "z", "origin": [6.76515, 6.27146, 7.99294]},
			"faces": {
				"north": {"uv": [8.5, 3.5, 9.25, 1.75], "rotation": 90, "texture": "#0"},
				"east": {"uv": [8.5, 3.5, 9.25, 1.75], "rotation": 90, "texture": "#0"},
				"south": {"uv": [8.5, 3.5, 9.25, 1.75], "rotation": 90, "texture": "#0"},
				"west": {"uv": [8.5, 3.5, 9.25, 1.75], "rotation": 90, "texture": "#0"},
				"up": {"uv": [8.5, 3.5, 9.25, 1.75], "rotation": 90, "texture": "#0"},
				"down": {"uv": [1.5, 11.75, 3, 10.5], "rotation": 90, "texture": "#0"}
			}
		},
		{
			"from": [-10.38566, 4.52944, 6.42971],
			"to": [-5.98076, 8.4024, 9.55969],
			"rotation": {"angle": 22.5, "axis": "z", "origin": [6.76515, 6.27146, 7.99294]},
			"faces": {
				"north": {"uv": [8.5, 3.5, 9.25, 1.75], "rotation": 90, "texture": "#0"},
				"east": {"uv": [3, 9.75, 1.5, 11], "texture": "#0"},
				"south": {"uv": [8.5, 3.5, 9.25, 1.75], "rotation": 90, "texture": "#0"},
				"west": {"uv": [8.5, 3.5, 9.25, 1.75], "rotation": 90, "texture": "#0"},
				"up": {"uv": [8.5, 3.5, 9.25, 1.75], "rotation": 90, "texture": "#0"},
				"down": {"uv": [1.5, 11.75, 3, 10.5], "rotation": 90, "texture": "#0"}
			}
		},
		{
			"from": [-8.25234, -13.30629, 7.97889],
			"to": [3.82102, 10.75981, 7.97889],
			"rotation": {"angle": 0, "axis": "y", "origin": [6.76515, 6.27146, 7.99294]},
			"faces": {
				"north": {"uv": [6, 0, 0, 12], "texture": "#1"},
				"south": {"uv": [0, 0, 6, 12], "texture": "#1"}
			}
		}
	],
	"display": {
		"head": {
			"translation": [61.25, 22.75, 0],
			"scale": [4, 4, 4]
		}
	},
	"groups": [
		{
			"name": "root",
			"origin": [8, 8, 8],
			"children": [
				{
					"name": "wing_l",
					"origin": [8, 8, 8],
					"children": [
						{
							"name": "0",
							"origin": [5.5, 8.44331, 2.22471],
							"children": [0, 1, 2, 3, 4, 5, 6, 7, 8, 9, 10]
						}
					]
				}
			]
		}
	]
}