{
	"credit": "Made with Blockbench",
	"texture_size": [32, 32],
	"textures": {
		"0": "brachy/head",
		"particle": "brachy/head"
	},
	"elements": [
		{
			"from": [1.91487, 3.27825, 5.69512],
			"to": [14.08085, 8.31325, 12.74705],
			"rotation": {"angle": 0, "axis": "y", "origin": [10.60003, 9.35476, 11.53888]},
			"faces": {
				"north": {"uv": [4.5, 6.5, 6.25, 8.5], "texture": "#0"},
				"east": {"uv": [4.5, 6.5, 6.25, 8.5], "texture": "#0"},
				"south": {"uv": [4.5, 6.5, 6.25, 8.5], "texture": "#0"},
				"west": {"uv": [4.5, 6.5, 6.25, 8.5], "texture": "#0"},
				"up": {"uv": [4.5, 6.5, 6.25, 8.5], "texture": "#0"},
				"down": {"uv": [4.5, 6.5, 6.25, 8.5], "texture": "#0"}
			}
		},
		{
			"from": [3.25499, 8.31325, 5.69512],
			"to": [12.74073, 9.9627, 13.51822],
			"rotation": {"angle": 0, "axis": "y", "origin": [10.60003, 11.94674, 11.53888]},
			"faces": {
				"north": {"uv": [6.25, 8, 4.5, 6.75], "rotation": 90, "texture": "#0"},
				"east": {"uv": [6.25, 8, 4.5, 6.75], "rotation": 90, "texture": "#0"},
				"south": {"uv": [6.25, 8, 4.5, 6.75], "rotation": 90, "texture": "#0"},
				"west": {"uv": [6.25, 8, 4.5, 6.75], "rotation": 90, "texture": "#0"},
				"up": {"uv": [6.25, 8, 4.5, 6.75], "rotation": 90, "texture": "#0"},
				"down": {"uv": [6.25, 8, 4.5, 6.75], "rotation": 90, "texture": "#0"}
			}
		},
		{
			"from": [4.70775, 9.9627, 5.69512],
			"to": [11.28797, 11.84778, 10.51922],
			"rotation": {"angle": 0, "axis": "y", "origin": [10.60003, 11.94674, 11.53888]},
			"faces": {
				"north": {"uv": [6.25, 8, 4.5, 6.75], "rotation": 90, "texture": "#0"},
				"east": {"uv": [6.25, 8, 4.5, 6.75], "rotation": 90, "texture": "#0"},
				"south": {"uv": [6.25, 8, 4.5, 6.75], "rotation": 90, "texture": "#0"},
				"west": {"uv": [6.25, 8, 4.5, 6.75], "rotation": 90, "texture": "#0"},
				"up": {"uv": [6.25, 8, 4.5, 6.75], "rotation": 90, "texture": "#0"},
				"down": {"uv": [6.25, 8, 4.5, 6.75], "rotation": 90, "texture": "#0"}
			}
		},
		{
			"from": [5.87308, 11.37651, 5.69512],
			"to": [10.12264, 13.26159, 10.51922],
			"rotation": {"angle": 0, "axis": "y", "origin": [10.60003, 11.94674, 11.53888]},
			"faces": {
				"north": {"uv": [6.25, 8, 4.5, 6.75], "rotation": 90, "texture": "#0"},
				"east": {"uv": [6.25, 8, 4.5, 6.75], "rotation": 90, "texture": "#0"},
				"south": {"uv": [6.25, 8, 4.5, 6.75], "rotation": 90, "texture": "#0"},
				"west": {"uv": [6.25, 8, 4.5, 6.75], "rotation": 90, "texture": "#0"},
				"up": {"uv": [6.25, 8, 4.5, 6.75], "rotation": 90, "texture": "#0"},
				"down": {"uv": [6.25, 8, 4.5, 6.75], "rotation": 90, "texture": "#0"}
			}
		},
		{
			"from": [5.87308, 12.31905, 10.51922],
			"to": [10.12264, 13.73286, 18.65935],
			"rotation": {"angle": 0, "axis": "y", "origin": [10.60003, 11.94674, 11.53888]},
			"faces": {
				"north": {"uv": [6.25, 8, 4.5, 6.75], "rotation": 90, "texture": "#0"},
				"east": {"uv": [6.25, 8, 4.5, 6.75], "rotation": 90, "texture": "#0"},
				"south": {"uv": [6.25, 8, 4.5, 6.75], "rotation": 90, "texture": "#0"},
				"west": {"uv": [6.25, 8, 4.5, 6.75], "rotation": 90, "texture": "#0"},
				"up": {"uv": [6.25, 8, 4.5, 6.75], "rotation": 90, "texture": "#0"},
				"down": {"uv": [6.25, 8, 4.5, 6.75], "rotation": 90, "texture": "#0"}
			}
		},
		{
			"from": [4.70775, 9.9627, 10.51922],
			"to": [11.28797, 12.31905, 20.43149],
			"rotation": {"angle": 0, "axis": "y", "origin": [10.60003, 11.94674, 11.53888]},
			"faces": {
				"north": {"uv": [6.25, 8, 4.5, 6.75], "rotation": 90, "texture": "#0"},
				"east": {"uv": [6.25, 8, 4.5, 6.75], "rotation": 90, "texture": "#0"},
				"south": {"uv": [6.25, 8, 4.5, 6.75], "rotation": 90, "texture": "#0"},
				"west": {"uv": [6.25, 8, 4.5, 6.75], "rotation": 90, "texture": "#0"},
				"up": {"uv": [6.25, 8, 4.5, 6.75], "rotation": 90, "texture": "#0"},
				"down": {"uv": [6.25, 8, 4.5, 6.75], "rotation": 90, "texture": "#0"}
			}
		},
		{
			"from": [3.19673, -0.93398, 5.69512],
			"to": [12.79899, 3.53744, 12.57568],
			"rotation": {"angle": 0, "axis": "y", "origin": [10.60003, 6.76277, 11.53888]},
			"faces": {
				"north": {"uv": [13.25, 0, 16, 1.5], "texture": "#0"},
				"east": {"uv": [13.25, 0, 16, 1.5], "texture": "#0"},
				"south": {"uv": [13.25, 0, 16, 1.5], "texture": "#0"},
				"west": {"uv": [13.25, 0, 16, 1.5], "texture": "#0"},
				"up": {"uv": [13.25, 0, 16, 1.5], "texture": "#0"},
				"down": {"uv": [13.25, 0, 16, 1.5], "texture": "#0"}
			}
		},
		{
			"from": [3.70947, 0.17011, 12.29291],
			"to": [12.28625, 4.51114, 18.09383],
			"rotation": {"angle": 0, "axis": "y", "origin": [10.60003, 6.76277, 11.53888]},
			"faces": {
				"north": {"uv": [13.25, 0, 16, 1.5], "texture": "#0"},
				"east": {"uv": [13.25, 0, 16, 1.5], "texture": "#0"},
				"south": {"uv": [13.25, 0, 16, 1.5], "texture": "#0"},
				"west": {"uv": [13.25, 0, 16, 1.5], "texture": "#0"},
				"up": {"uv": [13.25, 0, 16, 1.5], "texture": "#0"},
				"down": {"uv": [13.25, 0, 16, 1.5], "texture": "#0"}
			}
		},
		{
			"from": [4.29213, 1.08539, 18.09383],
			"to": [11.70359, 4.51114, 20.71892],
			"rotation": {"angle": 0, "axis": "y", "origin": [10.60003, 6.76277, 11.53888]},
			"faces": {
				"north": {"uv": [14, 0, 15, 1.5], "rotation": 90, "texture": "#0"},
				"east": {"uv": [14, 0, 15, 1.5], "rotation": 90, "texture": "#0"},
				"south": {"uv": [14, 0, 15, 1.5], "rotation": 90, "texture": "#0"},
				"west": {"uv": [14, 0, 15, 1.5], "rotation": 90, "texture": "#0"},
				"up": {"uv": [14, 0, 15, 1.5], "rotation": 90, "texture": "#0"},
				"down": {"uv": [14, 0, 15, 1.5], "rotation": 90, "texture": "#0"}
			}
		},
		{
			"from": [1.97314, 4.25195, 12.74705],
			"to": [14.02259, 8.78452, 20.64181],
			"rotation": {"angle": 0, "axis": "y", "origin": [10.60003, 9.35476, 11.53888]},
			"faces": {
				"north": {"uv": [4.5, 6.5, 6.25, 8.5], "texture": "#0"},
				"east": {"uv": [4.5, 6.5, 6.25, 8.5], "texture": "#0"},
				"south": {"uv": [4.5, 6.5, 6.25, 8.5], "texture": "#0"},
				"west": {"uv": [4.5, 6.5, 6.25, 8.5], "texture": "#0"},
				"up": {"uv": [4.5, 6.5, 6.25, 8.5], "texture": "#0"},
				"down": {"uv": [4.5, 6.5, 6.25, 8.5], "texture": "#0"}
			}
		},
		{
			"from": [3.89592, 8.78452, 9.66236],
			"to": [12.0998, 10.85811, 18.23092],
			"rotation": {"angle": 0, "axis": "y", "origin": [10.60003, 11.42834, 11.53888]},
			"faces": {
				"north": {"uv": [6.25, 8, 4.5, 6.75], "rotation": 90, "texture": "#0"},
				"east": {"uv": [6.25, 8, 4.5, 6.75], "rotation": 90, "texture": "#0"},
				"south": {"uv": [6.25, 8, 4.5, 6.75], "rotation": 90, "texture": "#0"},
				"west": {"uv": [6.25, 8, 4.5, 6.75], "rotation": 90, "texture": "#0"},
				"up": {"uv": [6.25, 8, 4.5, 6.75], "rotation": 90, "texture": "#0"},
				"down": {"uv": [6.25, 8, 4.5, 6.75], "rotation": 90, "texture": "#0"}
			}
		},
		{
			"from": [3.89592, 8.78452, 18.23092],
			"to": [12.0998, 10.33971, 20.64181],
			"rotation": {"angle": 0, "axis": "y", "origin": [10.60003, 11.42834, 11.53888]},
			"faces": {
				"north": {"uv": [6.25, 8, 4.5, 6.75], "rotation": 90, "texture": "#0"},
				"east": {"uv": [6.25, 8, 4.5, 6.75], "rotation": 90, "texture": "#0"},
				"south": {"uv": [6.25, 8, 4.5, 6.75], "rotation": 90, "texture": "#0"},
				"west": {"uv": [6.25, 8, 4.5, 6.75], "rotation": 90, "texture": "#0"},
				"up": {"uv": [6.25, 8, 4.5, 6.75], "rotation": 90, "texture": "#0"},
				"down": {"uv": [6.25, 8, 4.5, 6.75], "rotation": 90, "texture": "#0"}
			}
		}
	],
	"display": {
		"head": {
			"translation": [0, 0, -19.25],
			"scale": [4, 4, 4]
		}
	},
	"groups": [
		{
			"name": "root",
			"origin": [8, 8, 8],
			"color": 0,
			"children": [
				{
					"name": "body",
					"origin": [8, 8, 8],
					"color": 0,
					"children": [
						{
							"name": "1",
							"origin": [8, 8, 8],
							"color": 0,
							"children": [0, 1, 2, 3, 4, 5, 6, 7, 8, 9, 10, 11]
						}
					]
				}
			]
		}
	]
}