{
	"credit": "Made with Blockbench",
	"texture_size": [32, 32],
	"textures": {
		"0": "brachy/head",
		"particle": "brachy/head"
	},
	"elements": [
		{
			"from": [5.92639, 3.52073, 2.69372],
			"to": [10.07359, 4.80602, 11.05975],
			"rotation": {"angle": 0, "axis": "y", "origin": [9.69914, 10.72845, -32.08544]},
			"faces": {
				"north": {"uv": [13.25, 0, 16, 1.5], "texture": "#0"},
				"east": {"uv": [13.25, 0, 16, 1.5], "texture": "#0"},
				"south": {"uv": [13.25, 0, 16, 1.5], "texture": "#0"},
				"west": {"uv": [13.25, 0, 16, 1.5], "texture": "#0"},
				"up": {"uv": [13.25, 0, 16, 1.5], "texture": "#0"},
				"down": {"uv": [13.25, 0, 16, 1.5], "texture": "#0"}
			}
		},
		{
			"from": [4.64111, 4.80602, 2.69372],
			"to": [11.35887, 10.38532, 11.05975],
			"rotation": {"angle": 0, "axis": "y", "origin": [9.69914, 10.72845, -32.08544]},
			"faces": {
				"north": {"uv": [4.25, 6.5, 6, 8.5], "texture": "#0"},
				"east": {"uv": [4.25, 6.5, 6, 8.5], "texture": "#0"},
				"south": {"uv": [4.25, 6.5, 6, 8.5], "texture": "#0"},
				"west": {"uv": [4.25, 6.5, 6, 8.5], "texture": "#0"},
				"up": {"uv": [4.25, 6.5, 6, 8.5], "texture": "#0"},
				"down": {"uv": [4.25, 6.5, 6, 8.5], "texture": "#0"}
			}
		},
		{
			"from": [5.92639, 10.38532, 2.69372],
			"to": [10.07359, 12.58588, 11.05975],
			"rotation": {"angle": 0, "axis": "y", "origin": [9.69914, 10.72845, -32.08544]},
			"faces": {
				"north": {"uv": [4.25, 6.5, 6, 8.5], "texture": "#0"},
				"east": {"uv": [4.25, 6.5, 6, 8.5], "texture": "#0"},
				"south": {"uv": [4.25, 6.5, 6, 8.5], "texture": "#0"},
				"west": {"uv": [4.25, 6.5, 6, 8.5], "texture": "#0"},
				"up": {"uv": [4.25, 6.5, 6, 8.5], "texture": "#0"},
				"down": {"uv": [4.25, 6.5, 6, 8.5], "texture": "#0"}
			}
		}
	],
	"display": {
		"head": {
			"translation": [0, -6.75, 15.75],
			"scale": [4, 4, 4]
		}
	},
	"groups": [
		{
			"name": "root",
			"origin": [8, 8, 8],
			"color": 0,
			"children": [
				{
					"name": "tail",
					"origin": [8, 8, 8],
					"color": 0,
					"children": [
						{
							"name": "0",
							"origin": [8, 8, 8],
							"color": 0,
							"children": [0, 1, 2]
						}
					]
				}
			]
		}
	]
}