{
	"credit": "Made with Blockbench",
	"texture_size": [32, 32],
	"textures": {
		"0": "brachy/head",
		"particle": "brachy/head"
	},
	"elements": [
		{
			"from": [6.50701, 5.11517, 2.67814],
			"to": [9.49297, 6.04058, 9.87573],
			"rotation": {"angle": 0, "axis": "y", "origin": [9.22337, 10.65527, -17.69026]},
			"faces": {
				"north": {"uv": [13.25, 0, 16, 1.5], "texture": "#0"},
				"east": {"uv": [13.25, 0, 16, 1.5], "texture": "#0"},
				"south": {"uv": [13.25, 0, 16, 1.5], "texture": "#0"},
				"west": {"uv": [13.25, 0, 16, 1.5], "texture": "#0"},
				"up": {"uv": [13.25, 0, 16, 1.5], "texture": "#0"},
				"down": {"uv": [13.25, 0, 16, 1.5], "texture": "#0"}
			}
		},
		{
			"from": [5.5816, 6.04058, 2.67814],
			"to": [10.41838, 9.35661, 9.87573],
			"rotation": {"angle": 0, "axis": "y", "origin": [9.22337, 10.65527, -17.69026]},
			"faces": {
				"north": {"uv": [4.25, 6.5, 6, 8.5], "texture": "#0"},
				"east": {"uv": [4.25, 6.5, 6, 8.5], "texture": "#0"},
				"south": {"uv": [4.25, 6.5, 6, 8.5], "texture": "#0"},
				"west": {"uv": [4.25, 6.5, 6, 8.5], "texture": "#0"},
				"up": {"uv": [4.25, 6.5, 6, 8.5], "texture": "#0"},
				"down": {"uv": [4.25, 6.5, 6, 8.5], "texture": "#0"}
			}
		},
		{
			"from": [6.0816, 6.29058, 9.87573],
			"to": [9.91838, 9.10661, 9.90073],
			"rotation": {"angle": 0, "axis": "y", "origin": [9.22337, 10.65527, -17.69026]},
			"faces": {
				"north": {"uv": [4.25, 6.5, 6, 8.5], "texture": "#0"},
				"east": {"uv": [4.25, 6.5, 6, 8.5], "texture": "#0"},
				"south": {"uv": [10, 12.5, 11.75, 14.25], "texture": "#0"},
				"west": {"uv": [4.25, 6.5, 6, 8.5], "texture": "#0"},
				"up": {"uv": [4.25, 6.5, 6, 8.5], "texture": "#0"},
				"down": {"uv": [4.25, 6.5, 6, 8.5], "texture": "#0"}
			}
		},
		{
			"from": [6.6316, 9.08161, 9.90073],
			"to": [9.36838, 9.58161, 9.90073],
			"rotation": {"angle": 0, "axis": "y", "origin": [9.22337, 10.65527, -17.69026]},
			"faces": {
				"north": {"uv": [4.25, 6.5, 6, 8.5], "texture": "#0"},
				"east": {"uv": [4.25, 6.5, 6, 8.5], "texture": "#0"},
				"south": {"uv": [10.25, 14.25, 11.5, 14.5], "rotation": 180, "texture": "#0"},
				"west": {"uv": [4.25, 6.5, 6, 8.5], "texture": "#0"},
				"up": {"uv": [4.25, 6.5, 6, 8.5], "texture": "#0"},
				"down": {"uv": [4.25, 6.5, 6, 8.5], "texture": "#0"}
			}
		},
		{
			"from": [6.6316, 5.80661, 9.90073],
			"to": [9.36838, 6.30661, 9.90073],
			"rotation": {"angle": 0, "axis": "y", "origin": [9.22337, 10.65527, -17.69026]},
			"faces": {
				"north": {"uv": [4.25, 6.5, 6, 8.5], "texture": "#0"},
				"east": {"uv": [4.25, 6.5, 6, 8.5], "texture": "#0"},
				"south": {"uv": [10.25, 14.25, 11.5, 14.5], "rotation": 180, "texture": "#0"},
				"west": {"uv": [4.25, 6.5, 6, 8.5], "texture": "#0"},
				"up": {"uv": [4.25, 6.5, 6, 8.5], "texture": "#0"},
				"down": {"uv": [4.25, 6.5, 6, 8.5], "texture": "#0"}
			}
		},
		{
			"from": [6.50701, 9.35661, 2.67814],
			"to": [9.49297, 10.59049, 9.87573],
			"rotation": {"angle": 0, "axis": "y", "origin": [9.22337, 10.65527, -17.69026]},
			"faces": {
				"north": {"uv": [4.25, 6.5, 6, 8.5], "texture": "#0"},
				"east": {"uv": [4.25, 6.5, 6, 8.5], "texture": "#0"},
				"south": {"uv": [4.25, 6.5, 6, 8.5], "texture": "#0"},
				"west": {"uv": [4.25, 6.5, 6, 8.5], "texture": "#0"},
				"up": {"uv": [4.25, 6.5, 6, 8.5], "texture": "#0"},
				"down": {"uv": [4.25, 6.5, 6, 8.5], "texture": "#0"}
			}
		}
	],
	"display": {
		"head": {
			"translation": [0, -6.75, 15.25],
			"scale": [4, 4, 4]
		}
	},
	"groups": [
		{
			"name": "root",
			"origin": [8, 8, 8],
			"color": 0,
			"children": [
				{
					"name": "tail",
					"origin": [8, 8, 8],
					"color": 0,
					"children": [
						{
							"name": "2",
							"origin": [8, 8, 8],
							"color": 0,
							"children": [0, 1, 2, 3, 4, 5]
						}
					]
				}
			]
		}
	]
}