{
	"credit": "Made with Blockbench",
	"texture_size": [32, 32],
	"textures": {
		"2": "diablos/head"
	},
	"elements": [
		{
			"from": [-0.19741, 0.27471, 9.48129],
			"to": [16.49597, 5.60003, 21.67115],
			"rotation": {"angle": 0, "axis": "y", "origin": [17.65817, 5.75219, -23.5783]},
			"faces": {
				"north": {"uv": [5, 5, 6.75, 6.25], "texture": "#2"},
				"east": {"uv": [5, 5, 6.75, 6.25], "texture": "#2"},
				"south": {"uv": [5, 5, 6.75, 6.25], "texture": "#2"},
				"west": {"uv": [5, 5, 6.75, 6.25], "texture": "#2"},
				"up": {"uv": [5, 5, 6.75, 6.25], "texture": "#2"},
				"down": {"uv": [5, 5, 6.75, 6.25], "texture": "#2"}
			}
		},
		{
			"from": [1.89517, 0.27471, 21.51513],
			"to": [14.40339, 5.60003, 27.20395],
			"rotation": {"angle": 0, "axis": "y", "origin": [17.65817, 5.75219, -18.0455]},
			"faces": {
				"north": {"uv": [5, 5, 6.75, 6.25], "texture": "#2"},
				"east": {"uv": [5, 5, 6.75, 6.25], "texture": "#2"},
				"south": {"uv": [5, 5, 6.75, 6.25], "texture": "#2"},
				"west": {"uv": [5, 5, 6.75, 6.25], "texture": "#2"},
				"up": {"uv": [5, 5, 6.75, 6.25], "texture": "#2"},
				"down": {"uv": [5, 5, 6.75, 6.25], "texture": "#2"}
			}
		},
		{
			"from": [3.76463, 5.60003, 9.48129],
			"to": [12.53394, 7.88231, 22.94369],
			"rotation": {"angle": 0, "axis": "y", "origin": [17.65817, 5.75219, -23.5783]},
			"faces": {
				"north": {"uv": [5, 5, 6.75, 6.25], "texture": "#2"},
				"east": {"uv": [5, 5, 6.75, 6.25], "texture": "#2"},
				"south": {"uv": [5, 5, 6.75, 6.25], "texture": "#2"},
				"west": {"uv": [5, 5, 6.75, 6.25], "texture": "#2"},
				"up": {"uv": [5, 5, 6.75, 6.25], "texture": "#2"},
				"down": {"uv": [5, 5, 6.75, 6.25], "texture": "#2"}
			}
		},
		{
			"from": [4.11043, 3.13003, 18.05713],
			"to": [12.18814, 5.41231, 26.26337],
			"rotation": {"angle": -22.5, "axis": "x", "origin": [8.14928, 4.27117, 19.53217]},
			"faces": {
				"north": {"uv": [5, 5, 6.75, 6.25], "texture": "#2"},
				"east": {"uv": [5, 5, 6.75, 6.25], "texture": "#2"},
				"south": {"uv": [5, 5, 6.75, 6.25], "texture": "#2"},
				"west": {"uv": [5, 5, 6.75, 6.25], "texture": "#2"},
				"up": {"uv": [5, 5, 6.75, 6.25], "texture": "#2"},
				"down": {"uv": [5, 5, 6.75, 6.25], "texture": "#2"}
			}
		},
		{
			"from": [4.19342, 10.34597, 8.74761],
			"to": [12.10514, 12.62825, 13.0809],
			"rotation": {"angle": 0, "axis": "y", "origin": [8.14928, 9.63575, 14.91838]},
			"faces": {
				"north": {"uv": [5, 5, 6.75, 6.25], "texture": "#2"},
				"east": {"uv": [5, 5, 6.75, 6.25], "texture": "#2"},
				"south": {"uv": [5, 5, 6.75, 6.25], "texture": "#2"},
				"west": {"uv": [5, 5, 6.75, 6.25], "texture": "#2"},
				"up": {"uv": [5, 5, 6.75, 6.25], "texture": "#2"},
				"down": {"uv": [5, 5, 6.75, 6.25], "texture": "#2"}
			}
		},
		{
			"from": [4.19342, 8.8336, 12.83693],
			"to": [12.10514, 11.11588, 17.17022],
			"rotation": {"angle": 0, "axis": "y", "origin": [8.14928, 9.63575, 14.91838]},
			"faces": {
				"north": {"uv": [5, 5, 6.75, 6.25], "texture": "#2"},
				"east": {"uv": [5, 5, 6.75, 6.25], "texture": "#2"},
				"south": {"uv": [5, 5, 6.75, 6.25], "texture": "#2"},
				"west": {"uv": [5, 5, 6.75, 6.25], "texture": "#2"},
				"up": {"uv": [5, 5, 6.75, 6.25], "texture": "#2"},
				"down": {"uv": [5, 5, 6.75, 6.25], "texture": "#2"}
			}
		},
		{
			"from": [4.19342, 5.19276, 16.67066],
			"to": [12.10514, 9.69804, 21.00395],
			"rotation": {"angle": 0, "axis": "y", "origin": [8.14928, 9.63575, 14.91838]},
			"faces": {
				"north": {"uv": [5, 5, 6.75, 6.25], "texture": "#2"},
				"east": {"uv": [5, 5, 6.75, 6.25], "texture": "#2"},
				"south": {"uv": [5, 5, 6.75, 6.25], "texture": "#2"},
				"west": {"uv": [5, 5, 6.75, 6.25], "texture": "#2"},
				"up": {"uv": [5, 5, 6.75, 6.25], "texture": "#2"},
				"down": {"uv": [5, 5, 6.75, 6.25], "texture": "#2"}
			}
		},
		{
			"from": [2.70808, -3.07263, 9.48129],
			"to": [13.59048, 0.27471, 27.20395],
			"rotation": {"angle": 0, "axis": "y", "origin": [17.65817, 5.75219, -23.5783]},
			"faces": {
				"north": {"uv": [2.5, 14, 4, 16], "texture": "#2"},
				"east": {"uv": [2.5, 14, 4, 16], "rotation": 270, "texture": "#2"},
				"south": {"uv": [2.5, 14, 4, 16], "texture": "#2"},
				"west": {"uv": [2.5, 14, 4, 16], "rotation": 90, "texture": "#2"},
				"up": {"uv": [2.5, 14, 4, 16], "texture": "#2"},
				"down": {"uv": [2.5, 14, 4, 16], "texture": "#2"}
			}
		},
		{
			"from": [3.93896, 10.02969, 7.62242],
			"to": [12.00107, 12.66369, 21.24417],
			"rotation": {"angle": 22.5, "axis": "x", "origin": [7.97002, 9.33982, 7.30981]},
			"faces": {
				"north": {"uv": [5, 5, 6.75, 6.25], "rotation": 180, "texture": "#2"},
				"east": {"uv": [5, 5, 6.75, 6.25], "rotation": 90, "texture": "#2"},
				"south": {"uv": [5, 5, 6.75, 6.25], "texture": "#2"},
				"west": {"uv": [5, 5, 6.75, 6.25], "rotation": 270, "texture": "#2"},
				"up": {"uv": [5, 5, 6.75, 6.25], "texture": "#2"},
				"down": {"uv": [5, 5, 6.75, 6.25], "rotation": 180, "texture": "#2"}
			}
		},
		{
			"from": [3.93896, 7.25094, 7.96822],
			"to": [12.00107, 9.88494, 14.95061],
			"rotation": {"angle": 0, "axis": "y", "origin": [7.97002, 6.56107, 7.65561]},
			"faces": {
				"north": {"uv": [5, 5, 6.75, 6.25], "rotation": 180, "texture": "#2"},
				"east": {"uv": [5, 5, 6.75, 6.25], "rotation": 90, "texture": "#2"},
				"south": {"uv": [5, 5, 6.75, 6.25], "texture": "#2"},
				"west": {"uv": [5, 5, 6.75, 6.25], "rotation": 270, "texture": "#2"},
				"up": {"uv": [5, 5, 6.75, 6.25], "texture": "#2"},
				"down": {"uv": [5, 5, 6.75, 6.25], "rotation": 180, "texture": "#2"}
			}
		},
		{
			"from": [2.02545, 5.58521, 9.44256],
			"to": [13.91459, 9.55203, 16.25897],
			"rotation": {"angle": 0, "axis": "y", "origin": [16.71206, 10.69219, -16.80062]},
			"faces": {
				"north": {"uv": [5, 5, 6.75, 6.25], "texture": "#2"},
				"east": {"uv": [5, 5, 6.75, 6.25], "texture": "#2"},
				"south": {"uv": [5, 5, 6.75, 6.25], "texture": "#2"},
				"west": {"uv": [5, 5, 6.75, 6.25], "texture": "#2"},
				"up": {"uv": [5, 5, 6.75, 6.25], "texture": "#2"},
				"down": {"uv": [5, 5, 6.75, 6.25], "texture": "#2"}
			}
		},
		{
			"from": [2.02545, 5.58521, 16.2894],
			"to": [13.91459, 8.31703, 18.95621],
			"rotation": {"angle": 0, "axis": "y", "origin": [16.71206, 10.69219, -9.95378]},
			"faces": {
				"north": {"uv": [5, 5, 6.75, 6.25], "texture": "#2"},
				"east": {"uv": [5, 5, 6.75, 6.25], "texture": "#2"},
				"south": {"uv": [5, 5, 6.75, 6.25], "texture": "#2"},
				"west": {"uv": [5, 5, 6.75, 6.25], "texture": "#2"},
				"up": {"uv": [5, 5, 6.75, 6.25], "texture": "#2"},
				"down": {"uv": [5, 5, 6.75, 6.25], "texture": "#2"}
			}
		}
	],
	"display": {
		"head": {
			"translation": [0, 8.5, -37],
			"scale": [4, 4, 4]
		}
	},
	"groups": [
		{
			"name": "root",
			"origin": [8, 8, 8],
			"children": [
				{
					"name": "body",
					"origin": [8, 8, 8],
					"children": [
						{
							"name": "group",
							"origin": [9.8, 10.53615, -0.43345],
							"children": [0, 1, 2, 3, 4, 5, 6, 7, 8, 9, 10, 11]
						}
					]
				}
			]
		}
	]
}