{
	"credit": "Made with Blockbench",
	"texture_size": [32, 32],
	"textures": {
		"2": "diablos/head"
	},
	"elements": [
		{
			"from": [4.7595, 3.87078, 9.46832],
			"to": [11.23955, 6.31608, 13.00042],
			"rotation": {"angle": 0, "axis": "y", "origin": [7.99952, 6.33125, 11.31029]},
			"faces": {
				"north": {"uv": [4, 2, 5.5, 2.5], "texture": "#2"},
				"east": {"uv": [2.5, 1, 3, 1.5], "texture": "#2"},
				"south": {"uv": [4, 2.5, 5.5, 3], "texture": "#2"},
				"west": {"uv": [9, 1.5, 9.5, 2], "texture": "#2"},
				"up": {"uv": [5.5, 3.5, 4, 3], "texture": "#2"},
				"down": {"uv": [5.5, 3.5, 4, 4], "texture": "#2"}
			}
		},
		{
			"from": [5.55151, 4.41418, 5.39282],
			"to": [10.44754, 6.31608, 9.46832],
			"rotation": {"angle": 0, "axis": "y", "origin": [7.99952, 6.33125, 11.31029]},
			"faces": {
				"north": {"uv": [3.5, 6, 4.5, 6.5], "texture": "#2"},
				"east": {"uv": [4.5, 6, 5.5, 6.5], "texture": "#2"},
				"south": {"uv": [5.5, 6, 6.5, 6.5], "texture": "#2"},
				"west": {"uv": [6, 2, 7, 2.5], "texture": "#2"},
				"up": {"uv": [3.5, 1, 2.5, 0], "texture": "#2"},
				"down": {"uv": [4, 3, 3, 4], "texture": "#2"}
			}
		},
		{
			"from": [5.83951, 4.82173, 2.67582],
			"to": [10.15954, 6.31608, 5.39282],
			"rotation": {"angle": 0, "axis": "y", "origin": [7.99952, 6.33125, 11.31029]},
			"faces": {
				"north": {"uv": [6, 2.5, 7, 3], "texture": "#2"},
				"east": {"uv": [9, 3, 9.5, 3.5], "texture": "#2"},
				"south": {"uv": [6, 3, 7, 3.5], "texture": "#2"},
				"west": {"uv": [9, 3.5, 9.5, 4], "texture": "#2"},
				"up": {"uv": [2, 7, 1, 6.5], "texture": "#2"},
				"down": {"uv": [4.5, 6.5, 3.5, 7], "texture": "#2"}
			}
		},
		{
			"from": [6.99152, 5.36513, 1.04562],
			"to": [9.00753, 6.31608, 2.67582],
			"rotation": {"angle": 0, "axis": "y", "origin": [7.99952, 6.33125, 11.31029]},
			"faces": {
				"north": {"uv": [9, 4, 9.5, 4.5], "texture": "#2"},
				"east": {"uv": [9, 4.5, 9.5, 5], "texture": "#2"},
				"south": {"uv": [9, 5, 9.5, 5.5], "texture": "#2"},
				"west": {"uv": [9, 5.5, 9.5, 6], "texture": "#2"},
				"up": {"uv": [9.5, 7, 9, 6.5], "texture": "#2"},
				"down": {"uv": [9.5, 7, 9, 7.5], "texture": "#2"}
			}
		},
		{
			"from": [6.84752, 5.20476, 7.27372],
			"to": [9.15153, 6.15571, 9.31147],
			"rotation": {"angle": 22.5, "axis": "x", "origin": [7.99952, 6.33125, 11.31029]},
			"faces": {
				"north": {"uv": [0.5, 9.5, 1, 10], "texture": "#2"},
				"east": {"uv": [1, 9.5, 1.5, 10], "texture": "#2"},
				"south": {"uv": [1.5, 9.5, 2, 10], "texture": "#2"},
				"west": {"uv": [2, 9.5, 2.5, 10], "texture": "#2"},
				"up": {"uv": [3, 10, 2.5, 9.5], "texture": "#2"},
				"down": {"uv": [4.5, 9.5, 4, 10], "texture": "#2"}
			}
		},
		{
			"from": [7.27952, 5.20476, 6.18692],
			"to": [8.71953, 6.15571, 7.27372],
			"rotation": {"angle": 22.5, "axis": "x", "origin": [7.99952, 6.33125, 11.31029]},
			"faces": {
				"north": {"uv": [4.5, 9.5, 5, 10], "texture": "#2"},
				"east": {"uv": [5, 9.5, 5.5, 10], "texture": "#2"},
				"south": {"uv": [5.5, 9.5, 6, 10], "texture": "#2"},
				"west": {"uv": [6, 9.5, 6.5, 10], "texture": "#2"},
				"up": {"uv": [7, 10, 6.5, 9.5], "texture": "#2"},
				"down": {"uv": [7.5, 9.5, 7, 10], "texture": "#2"}
			}
		},
		{
			"from": [6.55951, 6.06771, 9.05387],
			"to": [9.43953, 7.01866, 13.37637],
			"rotation": {"angle": 0, "axis": "y", "origin": [7.99952, 6.33125, 11.31029]},
			"faces": {
				"north": {"uv": [9, 7.5, 9.5, 8], "texture": "#2"},
				"east": {"uv": [0, 4.5, 1.5, 5], "texture": "#2"},
				"south": {"uv": [0, 9.5, 0.5, 10], "texture": "#2"},
				"west": {"uv": [1.5, 4.5, 3, 5], "texture": "#2"},
				"up": {"uv": [1.5, 3.5, 1, 2], "texture": "#2"},
				"down": {"uv": [0.5, 5, 0, 6.5], "texture": "#2"}
			}
		},
		{
			"from": [3.9675, 3.78984, 10.27812],
			"to": [4.8315, 5.01249, 12.85927],
			"rotation": {"angle": 22.5, "axis": "x", "origin": [7.99952, 6.33125, 11.31029]},
			"faces": {
				"north": {"uv": [7.5, 9.5, 8, 10], "texture": "#2"},
				"east": {"uv": [8, 9.5, 8.5, 10], "texture": "#2"},
				"south": {"uv": [8.5, 9.5, 9, 10], "texture": "#2"},
				"west": {"uv": [9, 9.5, 9.5, 10], "texture": "#2"},
				"up": {"uv": [10, 10, 9.5, 9.5], "texture": "#2"},
				"down": {"uv": [10, 1.5, 9.5, 2], "texture": "#2"}
			}
		},
		{
			"from": [4.2555, 5.01249, 10.27812],
			"to": [4.8315, 5.69174, 12.85927],
			"rotation": {"angle": 22.5, "axis": "x", "origin": [7.99952, 6.33125, 11.31029]},
			"faces": {
				"north": {"uv": [9.5, 2, 10, 2.5], "texture": "#2"},
				"east": {"uv": [9.5, 2.5, 10, 3], "texture": "#2"},
				"south": {"uv": [9.5, 3, 10, 3.5], "texture": "#2"},
				"west": {"uv": [9.5, 3.5, 10, 4], "texture": "#2"},
				"up": {"uv": [10, 4.5, 9.5, 4], "texture": "#2"},
				"down": {"uv": [10, 4.5, 9.5, 5], "texture": "#2"}
			}
		},
		{
			"from": [4.1115, 0.03596, 11.94465],
			"to": [4.8315, 1.39446, 12.48805],
			"rotation": {"angle": 45, "axis": "x", "origin": [7.99952, 6.33125, 11.31029]},
			"faces": {
				"north": {"uv": [9.5, 5, 10, 5.5], "texture": "#2"},
				"east": {"uv": [9.5, 5.5, 10, 6], "texture": "#2"},
				"south": {"uv": [9.5, 6, 10, 6.5], "texture": "#2"},
				"west": {"uv": [9.5, 6.5, 10, 7], "texture": "#2"},
				"up": {"uv": [10, 7.5, 9.5, 7], "texture": "#2"},
				"down": {"uv": [10, 7.5, 9.5, 8], "texture": "#2"}
			}
		},
		{
			"from": [4.1115, 1.39446, 11.94465],
			"to": [4.8315, 4.79071, 13.1673],
			"rotation": {"angle": 45, "axis": "x", "origin": [7.99952, 6.33125, 11.31029]},
			"faces": {
				"north": {"uv": [9.5, 8, 10, 8.5], "texture": "#2"},
				"east": {"uv": [9.5, 8.5, 10, 9], "texture": "#2"},
				"south": {"uv": [0, 10, 0.5, 10.5], "texture": "#2"},
				"west": {"uv": [0.5, 10, 1, 10.5], "texture": "#2"},
				"up": {"uv": [1.5, 10.5, 1, 10], "texture": "#2"},
				"down": {"uv": [2, 10, 1.5, 10.5], "texture": "#2"}
			}
		},
		{
			"from": [4.1115, 1.80201, 11.40125],
			"to": [4.8315, 4.79071, 11.94465],
			"rotation": {"angle": 45, "axis": "x", "origin": [7.99952, 6.33125, 11.31029]},
			"faces": {
				"north": {"uv": [2, 10, 2.5, 10.5], "texture": "#2"},
				"east": {"uv": [2.5, 10, 3, 10.5], "texture": "#2"},
				"south": {"uv": [3, 10, 3.5, 10.5], "texture": "#2"},
				"west": {"uv": [3.5, 10, 4, 10.5], "texture": "#2"},
				"up": {"uv": [4.5, 10.5, 4, 10], "texture": "#2"},
				"down": {"uv": [5, 10, 4.5, 10.5], "texture": "#2"}
			}
		},
		{
			"from": [11.16755, 3.78984, 10.27812],
			"to": [12.03155, 5.01249, 12.85927],
			"rotation": {"angle": 22.5, "axis": "x", "origin": [7.99952, 6.33125, 11.31029]},
			"faces": {
				"north": {"uv": [5, 10, 5.5, 10.5], "texture": "#2"},
				"east": {"uv": [5.5, 10, 6, 10.5], "texture": "#2"},
				"south": {"uv": [6, 10, 6.5, 10.5], "texture": "#2"},
				"west": {"uv": [6.5, 10, 7, 10.5], "texture": "#2"},
				"up": {"uv": [7.5, 10.5, 7, 10], "texture": "#2"},
				"down": {"uv": [8, 10, 7.5, 10.5], "texture": "#2"}
			}
		},
		{
			"from": [11.16755, 5.01249, 10.27812],
			"to": [11.74355, 5.69174, 12.85927],
			"rotation": {"angle": 22.5, "axis": "x", "origin": [7.99952, 6.33125, 11.31029]},
			"faces": {
				"north": {"uv": [8, 10, 8.5, 10.5], "texture": "#2"},
				"east": {"uv": [8.5, 10, 9, 10.5], "texture": "#2"},
				"south": {"uv": [9, 10, 9.5, 10.5], "texture": "#2"},
				"west": {"uv": [9.5, 10, 10, 10.5], "texture": "#2"},
				"up": {"uv": [10.5, 10.5, 10, 10], "texture": "#2"},
				"down": {"uv": [10.5, 0, 10, 0.5], "texture": "#2"}
			}
		},
		{
			"from": [11.16755, 0.03596, 11.94465],
			"to": [11.88755, 1.39446, 12.48805],
			"rotation": {"angle": 45, "axis": "x", "origin": [7.99952, 6.33125, 11.31029]},
			"faces": {
				"north": {"uv": [10, 0.5, 10.5, 1], "texture": "#2"},
				"east": {"uv": [10, 1, 10.5, 1.5], "texture": "#2"},
				"south": {"uv": [10, 1.5, 10.5, 2], "texture": "#2"},
				"west": {"uv": [10, 2, 10.5, 2.5], "texture": "#2"},
				"up": {"uv": [10.5, 3, 10, 2.5], "texture": "#2"},
				"down": {"uv": [10.5, 3, 10, 3.5], "texture": "#2"}
			}
		},
		{
			"from": [11.16755, 1.39446, 11.94465],
			"to": [11.88755, 4.79071, 13.1673],
			"rotation": {"angle": 45, "axis": "x", "origin": [7.99952, 6.33125, 11.31029]},
			"faces": {
				"north": {"uv": [10, 3.5, 10.5, 4], "texture": "#2"},
				"east": {"uv": [10, 4, 10.5, 4.5], "texture": "#2"},
				"south": {"uv": [10, 4.5, 10.5, 5], "texture": "#2"},
				"west": {"uv": [10, 5, 10.5, 5.5], "texture": "#2"},
				"up": {"uv": [10.5, 6, 10, 5.5], "texture": "#2"},
				"down": {"uv": [10.5, 6, 10, 6.5], "texture": "#2"}
			}
		},
		{
			"from": [11.16755, 1.80201, 11.40125],
			"to": [11.88755, 4.79071, 11.94465],
			"rotation": {"angle": 45, "axis": "x", "origin": [7.99952, 6.33125, 11.31029]},
			"faces": {
				"north": {"uv": [10, 6.5, 10.5, 7], "texture": "#2"},
				"east": {"uv": [10, 7, 10.5, 7.5], "texture": "#2"},
				"south": {"uv": [10, 7.5, 10.5, 8], "texture": "#2"},
				"west": {"uv": [10, 8, 10.5, 8.5], "texture": "#2"},
				"up": {"uv": [10.5, 9, 10, 8.5], "texture": "#2"},
				"down": {"uv": [10.5, 9, 10, 9.5], "texture": "#2"}
			}
		},
		{
			"from": [5.69551, 5.02551, 7.97397],
			"to": [5.83951, 10.25573, 12.59287],
			"rotation": {"angle": 0, "axis": "y", "origin": [7.99952, 6.33125, 11.31029]},
			"faces": {
				"north": {"uv": [0, 6.5, 0.5, 7.5], "texture": "#2"},
				"east": {"uv": [3, 1, 4, 2], "texture": "#2"},
				"south": {"uv": [2, 6.5, 2.5, 7.5], "texture": "#2"},
				"west": {"uv": [3, 2, 4, 3], "texture": "#2"},
				"up": {"uv": [5, 7.5, 4.5, 6.5], "texture": "#2"},
				"down": {"uv": [5.5, 6.5, 5, 7.5], "texture": "#2"}
			}
		},
		{
			"from": [10.15954, 5.02551, 7.97397],
			"to": [10.30354, 10.25573, 12.59287],
			"rotation": {"angle": 0, "axis": "y", "origin": [7.99952, 6.33125, 11.31029]},
			"faces": {
				"north": {"uv": [5.5, 6.5, 6, 7.5], "texture": "#2"},
				"east": {"uv": [0, 3.5, 1, 4.5], "texture": "#2"},
				"south": {"uv": [6, 6.5, 6.5, 7.5], "texture": "#2"},
				"west": {"uv": [1, 3.5, 2, 4.5], "texture": "#2"},
				"up": {"uv": [7, 7.5, 6.5, 6.5], "texture": "#2"},
				"down": {"uv": [7, 1, 6.5, 2], "texture": "#2"}
			}
		},
		{
			"from": [7.71152, -0.82309, 3.73086],
			"to": [8.28753, -0.14384, 5.02144],
			"rotation": {"angle": 45, "axis": "x", "origin": [7.99952, 6.33125, 11.31029]},
			"faces": {
				"north": {"uv": [10, 9.5, 10.5, 10], "texture": "#2"},
				"east": {"uv": [0, 10.5, 0.5, 11], "texture": "#2"},
				"south": {"uv": [0.5, 10.5, 1, 11], "texture": "#2"},
				"west": {"uv": [1, 10.5, 1.5, 11], "texture": "#2"},
				"up": {"uv": [2, 11, 1.5, 10.5], "texture": "#2"},
				"down": {"uv": [2.5, 10.5, 2, 11], "texture": "#2"}
			}
		},
		{
			"from": [9.43953, 0.70088, 4.86287],
			"to": [10.01554, 1.38013, 6.90062],
			"rotation": {"angle": 45, "axis": "x", "origin": [7.99952, 6.33125, 11.31029]},
			"faces": {
				"north": {"uv": [2.5, 10.5, 3, 11], "texture": "#2"},
				"east": {"uv": [3, 10.5, 3.5, 11], "texture": "#2"},
				"south": {"uv": [3.5, 10.5, 4, 11], "texture": "#2"},
				"west": {"uv": [4, 10.5, 4.5, 11], "texture": "#2"},
				"up": {"uv": [5, 11, 4.5, 10.5], "texture": "#2"},
				"down": {"uv": [5.5, 10.5, 5, 11], "texture": "#2"}
			}
		},
		{
			"from": [5.98351, 0.70088, 4.86287],
			"to": [6.55951, 1.38013, 6.90062],
			"rotation": {"angle": 45, "axis": "x", "origin": [7.99952, 6.33125, 11.31029]},
			"faces": {
				"north": {"uv": [5.5, 10.5, 6, 11], "texture": "#2"},
				"east": {"uv": [6, 10.5, 6.5, 11], "texture": "#2"},
				"south": {"uv": [6.5, 10.5, 7, 11], "texture": "#2"},
				"west": {"uv": [7, 10.5, 7.5, 11], "texture": "#2"},
				"up": {"uv": [8, 11, 7.5, 10.5], "texture": "#2"},
				"down": {"uv": [8.5, 10.5, 8, 11], "texture": "#2"}
			}
		},
		{
			"from": [9.72754, 2.62209, 6.78407],
			"to": [10.30354, 3.30134, 8.82182],
			"rotation": {"angle": 45, "axis": "x", "origin": [7.99952, 6.33125, 11.31029]},
			"faces": {
				"north": {"uv": [8.5, 10.5, 9, 11], "texture": "#2"},
				"east": {"uv": [9, 10.5, 9.5, 11], "texture": "#2"},
				"south": {"uv": [9.5, 10.5, 10, 11], "texture": "#2"},
				"west": {"uv": [10, 10.5, 10.5, 11], "texture": "#2"},
				"up": {"uv": [11, 11, 10.5, 10.5], "texture": "#2"},
				"down": {"uv": [11, 0, 10.5, 0.5], "texture": "#2"}
			}
		},
		{
			"from": [5.69551, 2.62209, 6.78407],
			"to": [6.27151, 3.30134, 8.82182],
			"rotation": {"angle": 45, "axis": "x", "origin": [7.99952, 6.33125, 11.31029]},
			"faces": {
				"north": {"uv": [10.5, 0.5, 11, 1], "texture": "#2"},
				"east": {"uv": [10.5, 1, 11, 1.5], "texture": "#2"},
				"south": {"uv": [10.5, 1.5, 11, 2], "texture": "#2"},
				"west": {"uv": [10.5, 2, 11, 2.5], "texture": "#2"},
				"up": {"uv": [11, 3, 10.5, 2.5], "texture": "#2"},
				"down": {"uv": [11, 3, 10.5, 3.5], "texture": "#2"}
			}
		}
	],
	"display": {
		"head": {
			"translation": [0, 4.5, -15.25],
			"scale": [4, 4, 4]
		}
	},
	"groups": [
		{
			"name": "root",
			"origin": [8, 8, 8],
			"children": [
				{
					"name": "head",
					"origin": [8, 8, 8],
					"children": [
						{
							"name": "lower",
							"origin": [8, 8, 8],
							"children": [0, 1, 2, 3,
								{
									"name": "group",
									"origin": [7.99998, 7.67707, -8.78521],
									"children": [4, 5, 6]
								},
								{
									"name": "group",
									"origin": [6.75, 8.8, -10.075],
									"children": [7, 8, 9, 10, 11]
								},
								{
									"name": "group",
									"origin": [6.75, 8.8, -10.075],
									"children": [12, 13, 14, 15, 16]
								}, 17, 18, 19, 20, 21, 22, 23]
						}
					]
				}
			]
		}
	]
}