{
	"credit": "Made with Blockbench",
	"texture_size": [32, 32],
	"textures": {
		"2": "diablos/head"
	},
	"elements": [
		{
			"from": [6.45254, -5.1183, 11.4086],
			"to": [9.56475, 5.2557, 14.5208],
			"rotation": {"angle": -45, "axis": "x", "origin": [8.00865, -2.1543, 10.0007]},
			"faces": {
				"north": {"uv": [6.5, 6.25, 8, 4.5], "rotation": 270, "texture": "#2"},
				"east": {"uv": [6.5, 6.25, 8, 4.5], "rotation": 270, "texture": "#2"},
				"south": {"uv": [6.5, 6.25, 8, 4.5], "rotation": 270, "texture": "#2"},
				"west": {"uv": [6.5, 6.25, 8, 4.5], "rotation": 270, "texture": "#2"},
				"up": {"uv": [6.5, 6.25, 8, 4.5], "rotation": 270, "texture": "#2"},
				"down": {"uv": [6.5, 6.25, 8, 4.5], "rotation": 270, "texture": "#2"}
			}
		}
	],
	"display": {
		"head": {
			"rotation": [45, 0, 0],
			"translation": [0, 3.5, 11.5],
			"scale": [4, 4, 4]
		}
	},
	"groups": [
		{
			"name": "root",
			"origin": [8, 8, 8],
			"children": [
				{
					"name": "leg_l",
					"origin": [8, 8, 8],
					"children": [
						{
							"name": "1",
							"origin": [8, 8, 8],
							"children": [0]
						}
					]
				}
			]
		}
	]
}