{
	"credit": "Made with Blockbench",
	"texture_size": [32, 32],
	"textures": {
		"2": "diablos/head"
	},
	"elements": [
		{
			"from": [5.9862, 4.63065, -4.07035],
			"to": [10.0138, 10.07381, 0.43604],
			"rotation": {"angle": 0, "axis": "y", "origin": [12.4753, 12.58067, -40.66572]},
			"faces": {
				"north": {"uv": [5, 5, 6.75, 6.25], "texture": "#2"},
				"east": {"uv": [5, 5, 6.75, 6.25], "texture": "#2"},
				"south": {"uv": [5, 5, 6.75, 6.25], "texture": "#2"},
				"west": {"uv": [5, 5, 6.75, 6.25], "texture": "#2"},
				"up": {"uv": [5, 5, 6.75, 6.25], "texture": "#2"},
				"down": {"uv": [5, 5, 6.75, 6.25], "texture": "#2"}
			}
		},
		{
			"from": [6.74748, 5.66599, 0.29765],
			"to": [9.25252, 9.03847, 1.06004],
			"rotation": {"angle": 0, "axis": "y", "origin": [12.4753, 12.58067, -45.65772]},
			"faces": {
				"north": {"uv": [5, 5, 6.75, 6.25], "texture": "#2"},
				"east": {"uv": [5, 5, 6.75, 6.25], "texture": "#2"},
				"south": {"uv": [5, 5, 6.75, 6.25], "texture": "#2"},
				"west": {"uv": [5, 5, 6.75, 6.25], "texture": "#2"},
				"up": {"uv": [5, 5, 6.75, 6.25], "texture": "#2"},
				"down": {"uv": [5, 5, 6.75, 6.25], "texture": "#2"}
			}
		},
		{
			"from": [4.83804, 6.00545, -3.44635],
			"to": [11.16196, 8.69901, -0.81196],
			"rotation": {"angle": 0, "axis": "y", "origin": [12.4753, 12.58067, -40.66572]},
			"faces": {
				"north": {"uv": [5, 5, 6.75, 6.25], "texture": "#2"},
				"east": {"uv": [5, 5, 6.75, 6.25], "texture": "#2"},
				"south": {"uv": [5, 5, 6.75, 6.25], "texture": "#2"},
				"west": {"uv": [5, 5, 6.75, 6.25], "texture": "#2"},
				"up": {"uv": [5, 5, 6.75, 6.25], "texture": "#2"},
				"down": {"uv": [5, 5, 6.75, 6.25], "texture": "#2"}
			}
		},
		{
			"from": [11.10375, 4.25688, -5.40749],
			"to": [15.62156, 10.44758, 4.65799],
			"rotation": {"angle": 0, "axis": "y", "origin": [21.48701, 13.73093, -50.81512]},
			"faces": {
				"north": {"uv": [5, 5, 6.75, 6.25], "texture": "#2"},
				"east": {"uv": [5, 5, 6.75, 6.25], "texture": "#2"},
				"south": {"uv": [5, 5, 6.75, 6.25], "texture": "#2"},
				"west": {"uv": [5, 5, 6.75, 6.25], "texture": "#2"},
				"up": {"uv": [5, 5, 6.75, 6.25], "texture": "#2"},
				"down": {"uv": [5, 5, 6.75, 6.25], "texture": "#2"}
			}
		},
		{
			"from": [13.38759, 5.70636, -3.88493],
			"to": [17.14412, 8.9981, -2.34578],
			"rotation": {"angle": 0, "axis": "y", "origin": [22.24829, 13.73093, -50.81512]},
			"faces": {
				"north": {"uv": [5, 5, 6.75, 6.25], "texture": "#2"},
				"east": {"uv": [5, 5, 6.75, 6.25], "texture": "#2"},
				"south": {"uv": [5, 5, 6.75, 6.25], "texture": "#2"},
				"west": {"uv": [5, 5, 6.75, 6.25], "texture": "#2"},
				"up": {"uv": [5, 5, 6.75, 6.25], "texture": "#2"},
				"down": {"uv": [5, 5, 6.75, 6.25], "texture": "#2"}
			}
		},
		{
			"from": [13.38759, 5.70636, 1.9008],
			"to": [17.14412, 8.9981, 3.43995],
			"rotation": {"angle": 0, "axis": "y", "origin": [22.24829, 13.73093, -45.02939]},
			"faces": {
				"north": {"uv": [5, 5, 6.75, 6.25], "texture": "#2"},
				"east": {"uv": [5, 5, 6.75, 6.25], "texture": "#2"},
				"south": {"uv": [5, 5, 6.75, 6.25], "texture": "#2"},
				"west": {"uv": [5, 5, 6.75, 6.25], "texture": "#2"},
				"up": {"uv": [5, 5, 6.75, 6.25], "texture": "#2"},
				"down": {"uv": [5, 5, 6.75, 6.25], "texture": "#2"}
			}
		},
		{
			"from": [13.23533, 5.70636, 6.77299],
			"to": [15.46931, 8.9981, 8.31214],
			"rotation": {"angle": -22.5, "axis": "y", "origin": [14.50458, 7.35223, 7.54257]},
			"faces": {
				"north": {"uv": [5, 5, 6.75, 6.25], "texture": "#2"},
				"east": {"uv": [5, 5, 6.75, 6.25], "texture": "#2"},
				"south": {"uv": [5, 5, 6.75, 6.25], "texture": "#2"},
				"west": {"uv": [5, 5, 6.75, 6.25], "texture": "#2"},
				"up": {"uv": [5, 5, 6.75, 6.25], "texture": "#2"},
				"down": {"uv": [5, 5, 6.75, 6.25], "texture": "#2"}
			}
		},
		{
			"from": [11.71277, 4.67102, -6.93005],
			"to": [14.55577, 10.03344, -3.86834],
			"rotation": {"angle": 22.5, "axis": "y", "origin": [12.98202, 7.35223, -4.63791]},
			"faces": {
				"north": {"uv": [5, 5, 6.75, 6.25], "texture": "#2"},
				"east": {"uv": [5, 5, 6.75, 6.25], "texture": "#2"},
				"south": {"uv": [5, 5, 6.75, 6.25], "texture": "#2"},
				"west": {"uv": [5, 5, 6.75, 6.25], "texture": "#2"},
				"up": {"uv": [5, 5, 6.75, 6.25], "texture": "#2"},
				"down": {"uv": [5, 5, 6.75, 6.25], "texture": "#2"}
			}
		},
		{
			"from": [12.01729, 5.08515, -7.99584],
			"to": [13.79449, 9.6193, -6.15218],
			"rotation": {"angle": 22.5, "axis": "y", "origin": [12.98202, 7.35223, -4.63791]},
			"faces": {
				"north": {"uv": [5, 5, 6.75, 6.25], "texture": "#2"},
				"east": {"uv": [5, 5, 6.75, 6.25], "texture": "#2"},
				"south": {"uv": [5, 5, 6.75, 6.25], "texture": "#2"},
				"west": {"uv": [5, 5, 6.75, 6.25], "texture": "#2"},
				"up": {"uv": [5, 5, 6.75, 6.25], "texture": "#2"},
				"down": {"uv": [5, 5, 6.75, 6.25], "texture": "#2"}
			}
		},
		{
			"from": [11.40826, 4.67102, 3.72787],
			"to": [14.55577, 10.03344, 9.98695],
			"rotation": {"angle": -22.5, "axis": "y", "origin": [12.98202, 7.35223, 4.95421]},
			"faces": {
				"north": {"uv": [5, 5, 6.75, 6.25], "texture": "#2"},
				"east": {"uv": [5, 5, 6.75, 6.25], "texture": "#2"},
				"south": {"uv": [5, 5, 6.75, 6.25], "texture": "#2"},
				"west": {"uv": [5, 5, 6.75, 6.25], "texture": "#2"},
				"up": {"uv": [5, 5, 6.75, 6.25], "texture": "#2"},
				"down": {"uv": [5, 5, 6.75, 6.25], "texture": "#2"}
			}
		},
		{
			"from": [9.30307, 5.08515, 8.67013],
			"to": [11.23253, 9.6193, 11.88409],
			"rotation": {"angle": -22.5, "axis": "y", "origin": [10.48061, 7.35223, 11.58911]},
			"faces": {
				"north": {"uv": [5, 5, 6.75, 6.25], "texture": "#2"},
				"east": {"uv": [5, 5, 6.75, 6.25], "texture": "#2"},
				"south": {"uv": [5, 5, 6.75, 6.25], "texture": "#2"},
				"west": {"uv": [5, 5, 6.75, 6.25], "texture": "#2"},
				"up": {"uv": [5, 5, 6.75, 6.25], "texture": "#2"},
				"down": {"uv": [5, 5, 6.75, 6.25], "texture": "#2"}
			}
		},
		{
			"from": [9.62913, 5.49929, 11.42796],
			"to": [10.72118, 9.20517, 14.33741],
			"rotation": {"angle": 0, "axis": "y", "origin": [10.48061, 7.35223, 11.58911]},
			"faces": {
				"north": {"uv": [5, 5, 6.75, 6.25], "texture": "#2"},
				"east": {"uv": [5, 5, 6.75, 6.25], "texture": "#2"},
				"south": {"uv": [5, 5, 6.75, 6.25], "texture": "#2"},
				"west": {"uv": [5, 5, 6.75, 6.25], "texture": "#2"},
				"up": {"uv": [5, 5, 6.75, 6.25], "texture": "#2"},
				"down": {"uv": [5, 5, 6.75, 6.25], "texture": "#2"}
			}
		},
		{
			"from": [11.72775, 3.63288, -3.53549],
			"to": [14.99756, 11.07158, 2.78599],
			"rotation": {"angle": 0, "axis": "y", "origin": [21.48701, 13.73093, -50.81512]},
			"faces": {
				"north": {"uv": [6.75, 5, 5, 6.25], "texture": "#2"},
				"east": {"uv": [6.75, 5, 5, 6.25], "texture": "#2"},
				"south": {"uv": [6.75, 5, 5, 6.25], "texture": "#2"},
				"west": {"uv": [6.75, 5, 5, 6.25], "texture": "#2"},
				"up": {"uv": [6.75, 5, 5, 6.25], "texture": "#2"},
				"down": {"uv": [6.75, 5, 5, 6.25], "texture": "#2"}
			}
		},
		{
			"from": [0.37844, 4.25688, -5.40749],
			"to": [4.89625, 10.44758, 4.65799],
			"rotation": {"angle": 0, "axis": "y", "origin": [-5.48701, 13.73093, -50.81512]},
			"faces": {
				"north": {"uv": [5, 5, 6.75, 6.25], "texture": "#2"},
				"east": {"uv": [5, 5, 6.75, 6.25], "texture": "#2"},
				"south": {"uv": [5, 5, 6.75, 6.25], "texture": "#2"},
				"west": {"uv": [5, 5, 6.75, 6.25], "texture": "#2"},
				"up": {"uv": [5, 5, 6.75, 6.25], "texture": "#2"},
				"down": {"uv": [5, 5, 6.75, 6.25], "texture": "#2"}
			}
		},
		{
			"from": [1.00244, 3.63288, -3.53549],
			"to": [4.27225, 11.07158, 2.78599],
			"rotation": {"angle": 0, "axis": "y", "origin": [-5.48701, 13.73093, -50.81512]},
			"faces": {
				"north": {"uv": [5, 5, 6.75, 6.25], "texture": "#2"},
				"east": {"uv": [5, 5, 6.75, 6.25], "texture": "#2"},
				"south": {"uv": [5, 5, 6.75, 6.25], "texture": "#2"},
				"west": {"uv": [5, 5, 6.75, 6.25], "texture": "#2"},
				"up": {"uv": [5, 5, 6.75, 6.25], "texture": "#2"},
				"down": {"uv": [5, 5, 6.75, 6.25], "texture": "#2"}
			}
		},
		{
			"from": [-1.14412, 5.70636, -3.88493],
			"to": [2.61241, 8.9981, -2.34578],
			"rotation": {"angle": 0, "axis": "y", "origin": [-6.24829, 13.73093, -50.81512]},
			"faces": {
				"north": {"uv": [5, 5, 6.75, 6.25], "texture": "#2"},
				"east": {"uv": [5, 5, 6.75, 6.25], "texture": "#2"},
				"south": {"uv": [5, 5, 6.75, 6.25], "texture": "#2"},
				"west": {"uv": [5, 5, 6.75, 6.25], "texture": "#2"},
				"up": {"uv": [5, 5, 6.75, 6.25], "texture": "#2"},
				"down": {"uv": [5, 5, 6.75, 6.25], "texture": "#2"}
			}
		},
		{
			"from": [-1.14412, 5.70636, 1.9008],
			"to": [2.61241, 8.9981, 3.43995],
			"rotation": {"angle": 0, "axis": "y", "origin": [-6.24829, 13.73093, -45.02939]},
			"faces": {
				"north": {"uv": [5, 5, 6.75, 6.25], "texture": "#2"},
				"east": {"uv": [5, 5, 6.75, 6.25], "texture": "#2"},
				"south": {"uv": [5, 5, 6.75, 6.25], "texture": "#2"},
				"west": {"uv": [5, 5, 6.75, 6.25], "texture": "#2"},
				"up": {"uv": [5, 5, 6.75, 6.25], "texture": "#2"},
				"down": {"uv": [5, 5, 6.75, 6.25], "texture": "#2"}
			}
		},
		{
			"from": [0.53069, 5.70636, 6.77299],
			"to": [2.76467, 8.9981, 8.31214],
			"rotation": {"angle": 22.5, "axis": "y", "origin": [1.49542, 7.35223, 7.54257]},
			"faces": {
				"north": {"uv": [5, 5, 6.75, 6.25], "texture": "#2"},
				"east": {"uv": [5, 5, 6.75, 6.25], "texture": "#2"},
				"south": {"uv": [5, 5, 6.75, 6.25], "texture": "#2"},
				"west": {"uv": [5, 5, 6.75, 6.25], "texture": "#2"},
				"up": {"uv": [5, 5, 6.75, 6.25], "texture": "#2"},
				"down": {"uv": [5, 5, 6.75, 6.25], "texture": "#2"}
			}
		},
		{
			"from": [1.44423, 4.67102, -6.93005],
			"to": [4.28723, 10.03344, -3.86834],
			"rotation": {"angle": -22.5, "axis": "y", "origin": [3.01798, 7.35223, -4.63791]},
			"faces": {
				"north": {"uv": [5, 5, 6.75, 6.25], "texture": "#2"},
				"east": {"uv": [5, 5, 6.75, 6.25], "texture": "#2"},
				"south": {"uv": [5, 5, 6.75, 6.25], "texture": "#2"},
				"west": {"uv": [5, 5, 6.75, 6.25], "texture": "#2"},
				"up": {"uv": [5, 5, 6.75, 6.25], "texture": "#2"},
				"down": {"uv": [5, 5, 6.75, 6.25], "texture": "#2"}
			}
		},
		{
			"from": [2.20551, 5.08515, -7.99584],
			"to": [3.98271, 9.6193, -6.15218],
			"rotation": {"angle": -22.5, "axis": "y", "origin": [3.01798, 7.35223, -4.63791]},
			"faces": {
				"north": {"uv": [5, 5, 6.75, 6.25], "texture": "#2"},
				"east": {"uv": [5, 5, 6.75, 6.25], "texture": "#2"},
				"south": {"uv": [5, 5, 6.75, 6.25], "texture": "#2"},
				"west": {"uv": [5, 5, 6.75, 6.25], "texture": "#2"},
				"up": {"uv": [5, 5, 6.75, 6.25], "texture": "#2"},
				"down": {"uv": [5, 5, 6.75, 6.25], "texture": "#2"}
			}
		},
		{
			"from": [1.44423, 4.67102, 3.72787],
			"to": [4.59174, 10.03344, 9.98695],
			"rotation": {"angle": 22.5, "axis": "y", "origin": [3.01798, 7.35223, 4.95421]},
			"faces": {
				"north": {"uv": [5, 5, 6.75, 6.25], "texture": "#2"},
				"east": {"uv": [5, 5, 6.75, 6.25], "texture": "#2"},
				"south": {"uv": [5, 5, 6.75, 6.25], "texture": "#2"},
				"west": {"uv": [5, 5, 6.75, 6.25], "texture": "#2"},
				"up": {"uv": [5, 5, 6.75, 6.25], "texture": "#2"},
				"down": {"uv": [5, 5, 6.75, 6.25], "texture": "#2"}
			}
		},
		{
			"from": [4.76747, 5.08515, 8.67013],
			"to": [6.69693, 9.6193, 11.88409],
			"rotation": {"angle": 22.5, "axis": "y", "origin": [5.51939, 7.35223, 11.58911]},
			"faces": {
				"north": {"uv": [5, 5, 6.75, 6.25], "texture": "#2"},
				"east": {"uv": [5, 5, 6.75, 6.25], "texture": "#2"},
				"south": {"uv": [5, 5, 6.75, 6.25], "texture": "#2"},
				"west": {"uv": [5, 5, 6.75, 6.25], "texture": "#2"},
				"up": {"uv": [5, 5, 6.75, 6.25], "texture": "#2"},
				"down": {"uv": [5, 5, 6.75, 6.25], "texture": "#2"}
			}
		},
		{
			"from": [5.27882, 5.49929, 11.42796],
			"to": [6.37087, 9.20517, 14.33741],
			"rotation": {"angle": 0, "axis": "y", "origin": [5.51939, 7.35223, 11.58911]},
			"faces": {
				"north": {"uv": [5, 5, 6.75, 6.25], "texture": "#2"},
				"east": {"uv": [5, 5, 6.75, 6.25], "texture": "#2"},
				"south": {"uv": [5, 5, 6.75, 6.25], "texture": "#2"},
				"west": {"uv": [5, 5, 6.75, 6.25], "texture": "#2"},
				"up": {"uv": [5, 5, 6.75, 6.25], "texture": "#2"},
				"down": {"uv": [5, 5, 6.75, 6.25], "texture": "#2"}
			}
		}
	],
	"display": {
		"head": {
			"translation": [0, -4.25, 39],
			"scale": [4, 4, 4]
		}
	},
	"groups": [
		{
			"name": "root",
			"origin": [8, 8, 8],
			"children": [
				{
					"name": "tail",
					"origin": [8, 8, 8],
					"children": [
						{
							"name": "group",
							"origin": [8, 8, 8],
							"children": [0, 1, 2,
								{
									"name": "group",
									"origin": [8, 8, 8],
									"children": [3, 4, 5, 6, 7, 8, 9, 10, 11, 12]
								},
								{
									"name": "group",
									"origin": [8, 8, 8],
									"children": [13, 14, 15, 16, 17, 18, 19, 20, 21, 22]
								}
							]
						}
					]
				}
			]
		}
	]
}