{
	"credit": "Made with Blockbench",
	"texture_size": [32, 32],
	"textures": {
		"2": "diablos/head",
		"3": "diablos/wing"
	},
	"elements": [
		{
			"from": [8.01107, 15.03918, 8.12152],
			"to": [12.17302, 18.26056, 10.799],
			"rotation": {"angle": 0, "axis": "y", "origin": [10.49342, 17.17474, 9.46026]},
			"faces": {
				"north": {"uv": [8, 5, 7, 6.75], "texture": "#2"},
				"east": {"uv": [8, 5, 7, 6.75], "texture": "#2"},
				"south": {"uv": [8, 5, 7, 6.75], "texture": "#2"},
				"west": {"uv": [8, 5, 7, 6.75], "texture": "#2"},
				"up": {"uv": [8, 5, 7, 6.75], "texture": "#2"},
				"down": {"uv": [8, 5, 7, 6.75], "texture": "#2"}
			}
		},
		{
			"from": [3.35974, 16.78646, 8.12152],
			"to": [14.42336, 20.39266, 10.799],
			"rotation": {"angle": 45, "axis": "z", "origin": [14.5165, 11.23852, 9.45806]},
			"faces": {
				"north": {"uv": [7, 6.75, 8, 5], "rotation": 90, "texture": "#2"},
				"east": {"uv": [7, 6.75, 8, 5], "rotation": 90, "texture": "#2"},
				"south": {"uv": [7, 6.75, 8, 5], "rotation": 90, "texture": "#2"},
				"west": {"uv": [7, 6.75, 8, 5], "rotation": 90, "texture": "#2"},
				"up": {"uv": [7, 6.75, 8, 5], "rotation": 90, "texture": "#2"},
				"down": {"uv": [7, 6.75, 8, 5], "rotation": 90, "texture": "#2"}
			}
		},
		{
			"from": [9.94713, -14.91919, 8.73902],
			"to": [11.08333, 16.23145, 10.1815],
			"rotation": {"angle": 0, "axis": "y", "origin": [14.5165, 11.23852, 9.45806]},
			"faces": {
				"north": {"uv": [8, 5, 7, 6.75], "texture": "#2"},
				"east": {"uv": [8, 5, 7, 6.75], "texture": "#2"},
				"south": {"uv": [8, 5, 7, 6.75], "texture": "#2"},
				"west": {"uv": [8, 5, 7, 6.75], "texture": "#2"},
				"up": {"uv": [8, 5, 7, 6.75], "texture": "#2"},
				"down": {"uv": [8, 5, 7, 6.75], "texture": "#2"}
			}
		},
		{
			"from": [-1.58026, 16.78646, 8.12152],
			"to": [3.30836, 20.02216, 10.799],
			"rotation": {"angle": 45, "axis": "z", "origin": [14.5165, 11.23852, 9.45806]},
			"faces": {
				"north": {"uv": [7, 6.75, 8, 5], "rotation": 90, "texture": "#2"},
				"east": {"uv": [7, 6.75, 8, 5], "rotation": 90, "texture": "#2"},
				"south": {"uv": [7, 6.75, 8, 5], "rotation": 90, "texture": "#2"},
				"west": {"uv": [7, 6.75, 8, 5], "rotation": 90, "texture": "#2"},
				"up": {"uv": [7, 6.75, 8, 5], "rotation": 90, "texture": "#2"},
				"down": {"uv": [7, 6.75, 8, 5], "rotation": 90, "texture": "#2"}
			}
		},
		{
			"from": [-6.30451, 9.6785, 7.50402],
			"to": [-1.41589, 13.2847, 11.4165],
			"rotation": {"angle": 22.5, "axis": "z", "origin": [14.5165, 11.23852, 9.45806]},
			"faces": {
				"north": {"uv": [7, 6.75, 8, 5], "rotation": 90, "texture": "#2"},
				"east": {"uv": [7, 6.75, 8, 5], "rotation": 90, "texture": "#2"},
				"south": {"uv": [7, 6.75, 8, 5], "rotation": 90, "texture": "#2"},
				"west": {"uv": [7, 6.75, 8, 5], "rotation": 90, "texture": "#2"},
				"up": {"uv": [7, 6.75, 8, 5], "rotation": 90, "texture": "#2"},
				"down": {"uv": [7, 6.75, 8, 5], "rotation": 90, "texture": "#2"}
			}
		},
		{
			"from": [7.45719, 14.40922, 5.21927],
			"to": [12.09881, 18.57117, 7.40275],
			"rotation": {"angle": -45, "axis": "x", "origin": [9.76428, 19.70301, 5.44405]},
			"faces": {
				"north": {"uv": [7, 6.75, 8, 5], "rotation": 90, "texture": "#2"},
				"east": {"uv": [7, 6.75, 8, 5], "rotation": 90, "texture": "#2"},
				"south": {"uv": [7, 6.75, 8, 5], "rotation": 90, "texture": "#2"},
				"west": {"uv": [7, 6.75, 8, 5], "rotation": 90, "texture": "#2"},
				"up": {"uv": [7, 6.75, 8, 5], "rotation": 90, "texture": "#2"},
				"down": {"uv": [7, 6.75, 8, 5], "rotation": 90, "texture": "#2"}
			}
		},
		{
			"from": [8.19819, 14.90322, 7.44227],
			"to": [11.35781, 17.58317, 8.14375],
			"rotation": {"angle": -45, "axis": "x", "origin": [9.76428, 19.70301, 5.44405]},
			"faces": {
				"north": {"uv": [7, 6.75, 8, 5], "rotation": 90, "texture": "#2"},
				"east": {"uv": [7, 6.75, 8, 5], "rotation": 90, "texture": "#2"},
				"south": {"uv": [7, 6.75, 8, 5], "rotation": 90, "texture": "#2"},
				"west": {"uv": [7, 6.75, 8, 5], "rotation": 90, "texture": "#2"},
				"up": {"uv": [7, 6.75, 8, 5], "rotation": 90, "texture": "#2"},
				"down": {"uv": [7, 6.75, 8, 5], "rotation": 90, "texture": "#2"}
			}
		},
		{
			"from": [8.19819, 16.83654, 10.06523],
			"to": [10.18456, 18.28149, 10.76671],
			"rotation": {"angle": 0, "axis": "y", "origin": [9.778, 18.91751, 10.41597]},
			"faces": {
				"north": {"uv": [7, 6.75, 8, 5], "rotation": 90, "texture": "#2"},
				"east": {"uv": [7, 6.75, 8, 5], "rotation": 90, "texture": "#2"},
				"south": {"uv": [7, 6.75, 8, 5], "rotation": 90, "texture": "#2"},
				"west": {"uv": [7, 6.75, 8, 5], "rotation": 90, "texture": "#2"},
				"up": {"uv": [7, 6.75, 8, 5], "rotation": 90, "texture": "#2"},
				"down": {"uv": [7, 6.75, 8, 5], "rotation": 90, "texture": "#2"}
			}
		},
		{
			"from": [10.54469, 20.42433, 3.24081],
			"to": [11.23431, 21.18756, 4.37701],
			"rotation": {"angle": -22.5, "axis": "x", "origin": [9.76428, 19.70301, 5.44405]},
			"faces": {
				"north": {"uv": [13.5, 2, 14.5, 0.5], "rotation": 270, "texture": "#2"},
				"east": {"uv": [13.5, 2, 14.5, 0.5], "rotation": 270, "texture": "#2"},
				"south": {"uv": [13.5, 2, 14.5, 0.5], "rotation": 270, "texture": "#2"},
				"west": {"uv": [13.5, 2, 14.5, 0.5], "rotation": 270, "texture": "#2"},
				"up": {"uv": [13.5, 2, 14.5, 0.5], "rotation": 270, "texture": "#2"},
				"down": {"uv": [13.5, 2, 14.5, 0.5], "rotation": 270, "texture": "#2"}
			}
		},
		{
			"from": [10.42119, 19.68459, 3.85544],
			"to": [11.35781, 20.75657, 5.48564],
			"rotation": {"angle": 0, "axis": "y", "origin": [9.76428, 19.70301, 5.44405]},
			"faces": {
				"north": {"uv": [13.5, 2, 14.5, 0.5], "rotation": 270, "texture": "#2"},
				"east": {"uv": [13.5, 2, 14.5, 0.5], "rotation": 270, "texture": "#2"},
				"south": {"uv": [13.5, 2, 14.5, 0.5], "rotation": 270, "texture": "#2"},
				"west": {"uv": [13.5, 2, 14.5, 0.5], "rotation": 270, "texture": "#2"},
				"up": {"uv": [13.5, 2, 14.5, 0.5], "rotation": 270, "texture": "#2"},
				"down": {"uv": [13.5, 2, 14.5, 0.5], "rotation": 270, "texture": "#2"}
			}
		},
		{
			"from": [10.17419, 19.33038, 4.66871],
			"to": [11.60481, 20.71111, 6.29891],
			"rotation": {"angle": 22.5, "axis": "x", "origin": [9.76428, 19.70301, 5.44405]},
			"faces": {
				"north": {"uv": [13.5, 2, 14.5, 0.5], "rotation": 270, "texture": "#2"},
				"east": {"uv": [13.5, 2, 14.5, 0.5], "rotation": 270, "texture": "#2"},
				"south": {"uv": [13.5, 2, 14.5, 0.5], "rotation": 270, "texture": "#2"},
				"west": {"uv": [13.5, 2, 14.5, 0.5], "rotation": 270, "texture": "#2"},
				"up": {"uv": [13.5, 2, 14.5, 0.5], "rotation": 270, "texture": "#2"},
				"down": {"uv": [13.5, 2, 14.5, 0.5], "rotation": 270, "texture": "#2"}
			}
		},
		{
			"from": [9.92719, 17.37322, 4.97227],
			"to": [11.85181, 19.43567, 6.9705],
			"rotation": {"angle": -45, "axis": "x", "origin": [9.76428, 19.70301, 5.44405]},
			"faces": {
				"north": {"uv": [7, 6.75, 8, 5], "rotation": 90, "texture": "#2"},
				"east": {"uv": [7, 6.75, 8, 5], "rotation": 90, "texture": "#2"},
				"south": {"uv": [7, 6.75, 8, 5], "rotation": 90, "texture": "#2"},
				"west": {"uv": [7, 6.75, 8, 5], "rotation": 90, "texture": "#2"},
				"up": {"uv": [7, 6.75, 8, 5], "rotation": 90, "texture": "#2"},
				"down": {"uv": [7, 6.75, 8, 5], "rotation": 90, "texture": "#2"}
			}
		},
		{
			"from": [8.32169, 20.42433, 3.24081],
			"to": [9.01131, 21.18756, 4.37701],
			"rotation": {"angle": -22.5, "axis": "x", "origin": [9.76428, 19.70301, 5.44405]},
			"faces": {
				"north": {"uv": [13.5, 2, 14.5, 0.5], "rotation": 270, "texture": "#2"},
				"east": {"uv": [13.5, 2, 14.5, 0.5], "rotation": 270, "texture": "#2"},
				"south": {"uv": [13.5, 2, 14.5, 0.5], "rotation": 270, "texture": "#2"},
				"west": {"uv": [13.5, 2, 14.5, 0.5], "rotation": 270, "texture": "#2"},
				"up": {"uv": [13.5, 2, 14.5, 0.5], "rotation": 270, "texture": "#2"},
				"down": {"uv": [13.5, 2, 14.5, 0.5], "rotation": 270, "texture": "#2"}
			}
		},
		{
			"from": [8.19819, 19.68459, 3.85544],
			"to": [9.13481, 20.75657, 5.48564],
			"rotation": {"angle": 0, "axis": "y", "origin": [9.76428, 19.70301, 5.44405]},
			"faces": {
				"north": {"uv": [13.5, 2, 14.5, 0.5], "rotation": 270, "texture": "#2"},
				"east": {"uv": [13.5, 2, 14.5, 0.5], "rotation": 270, "texture": "#2"},
				"south": {"uv": [13.5, 2, 14.5, 0.5], "rotation": 270, "texture": "#2"},
				"west": {"uv": [13.5, 2, 14.5, 0.5], "rotation": 270, "texture": "#2"},
				"up": {"uv": [13.5, 2, 14.5, 0.5], "rotation": 270, "texture": "#2"},
				"down": {"uv": [13.5, 2, 14.5, 0.5], "rotation": 270, "texture": "#2"}
			}
		},
		{
			"from": [7.95119, 19.33038, 4.66871],
			"to": [9.38181, 20.71111, 6.29891],
			"rotation": {"angle": 22.5, "axis": "x", "origin": [9.76428, 19.70301, 5.44405]},
			"faces": {
				"north": {"uv": [13.5, 2, 14.5, 0.5], "rotation": 270, "texture": "#2"},
				"east": {"uv": [13.5, 2, 14.5, 0.5], "rotation": 270, "texture": "#2"},
				"south": {"uv": [13.5, 2, 14.5, 0.5], "rotation": 270, "texture": "#2"},
				"west": {"uv": [13.5, 2, 14.5, 0.5], "rotation": 270, "texture": "#2"},
				"up": {"uv": [13.5, 2, 14.5, 0.5], "rotation": 270, "texture": "#2"},
				"down": {"uv": [13.5, 2, 14.5, 0.5], "rotation": 270, "texture": "#2"}
			}
		},
		{
			"from": [7.70419, 17.37322, 4.97227],
			"to": [9.62881, 19.43567, 6.9705],
			"rotation": {"angle": -45, "axis": "x", "origin": [9.76428, 19.70301, 5.44405]},
			"faces": {
				"north": {"uv": [7, 6.75, 8, 5], "rotation": 90, "texture": "#2"},
				"east": {"uv": [7, 6.75, 8, 5], "rotation": 90, "texture": "#2"},
				"south": {"uv": [7, 6.75, 8, 5], "rotation": 90, "texture": "#2"},
				"west": {"uv": [7, 6.75, 8, 5], "rotation": 90, "texture": "#2"},
				"up": {"uv": [7, 6.75, 8, 5], "rotation": 90, "texture": "#2"},
				"down": {"uv": [7, 6.75, 8, 5], "rotation": 90, "texture": "#2"}
			}
		},
		{
			"from": [-4.25537, -13.23367, 9.4405],
			"to": [10.83633, 16.84895, 9.4405],
			"rotation": {"angle": 0, "axis": "y", "origin": [14.5165, 11.23852, 9.45806]},
			"faces": {
				"north": {"uv": [6, 0, 0, 12], "texture": "#3"},
				"south": {"uv": [0, 0, 6, 12], "texture": "#3"}
			}
		}
	],
	"display": {
		"head": {
			"translation": [43.5, 8.25, -5.5],
			"scale": [4, 4, 4]
		}
	},
	"groups": [
		{
			"name": "root",
			"origin": [8, 8, 8],
			"children": [
				{
					"name": "wing_l",
					"origin": [8, 8, 8],
					"children": [
						{
							"name": "0",
							"origin": [5.5, 8.44331, 2.22471],
							"children": [0, 1, 2, 3, 4, 5, 6, 7,
								{
									"name": "group",
									"origin": [0.04848, 14.75016, 2.92471],
									"children": [8, 9, 10, 11]
								},
								{
									"name": "group",
									"origin": [0.04848, 14.75016, 2.92471],
									"children": [12, 13, 14, 15]
								}, 16]
						}
					]
				}
			]
		}
	]
}