{
	"credit": "Made with Blockbench",
	"texture_size": [32, 32],
	"textures": {
		"2": "diablos/head",
		"3": "diablos/wing"
	},
	"elements": [
		{
			"from": [-10.8645, 17.10527, 8.42124],
			"to": [9.46162, 19.47647, 10.35772],
			"rotation": {"angle": -22.5, "axis": "z", "origin": [-5.06964, 14.25095, 9.38729]},
			"faces": {
				"north": {"uv": [7, 6.75, 8, 5], "rotation": 90, "texture": "#2"},
				"east": {"uv": [7, 6.75, 8, 5], "rotation": 90, "texture": "#2"},
				"south": {"uv": [7, 6.75, 8, 5], "rotation": 90, "texture": "#2"},
				"west": {"uv": [7, 6.75, 8, 5], "rotation": 90, "texture": "#2"},
				"up": {"uv": [7, 6.75, 8, 5], "rotation": 90, "texture": "#2"},
				"down": {"uv": [7, 6.75, 8, 5], "rotation": 90, "texture": "#2"}
			}
		},
		{
			"from": [6.13, 22.5074, 8.66824],
			"to": [26.45613, 24.2611, 10.11072],
			"rotation": {"angle": -45, "axis": "z", "origin": [-5.06964, 14.25095, 9.38729]},
			"faces": {
				"north": {"uv": [7, 6.75, 8, 5], "rotation": 90, "texture": "#2"},
				"east": {"uv": [7, 6.75, 8, 5], "rotation": 90, "texture": "#2"},
				"south": {"uv": [7, 6.75, 8, 5], "rotation": 90, "texture": "#2"},
				"west": {"uv": [7, 6.75, 8, 5], "rotation": 90, "texture": "#2"},
				"up": {"uv": [7, 6.75, 8, 5], "rotation": 90, "texture": "#2"},
				"down": {"uv": [7, 6.75, 8, 5], "rotation": 90, "texture": "#2"}
			}
		},
		{
			"from": [20.00169, -10.98161, 8.91524],
			"to": [21.26139, -1.77048, 9.86372],
			"rotation": {"angle": 22.5, "axis": "z", "origin": [20.63154, 5.60346, 9.38948]},
			"faces": {
				"north": {"uv": [8, 5, 7, 6.75], "rotation": 180, "texture": "#2"},
				"east": {"uv": [8, 5, 7, 6.75], "rotation": 180, "texture": "#2"},
				"south": {"uv": [8, 5, 7, 6.75], "rotation": 180, "texture": "#2"},
				"west": {"uv": [8, 5, 7, 6.75], "rotation": 180, "texture": "#2"},
				"up": {"uv": [8, 5, 7, 6.75], "rotation": 180, "texture": "#2"},
				"down": {"uv": [8, 5, 7, 6.75], "rotation": 180, "texture": "#2"}
			}
		},
		{
			"from": [-6.35395, -11.66228, 8.66824],
			"to": [-5.21775, 20.39634, 10.11072],
			"rotation": {"angle": 22.5, "axis": "z", "origin": [-5.06964, 14.25095, 9.38729]},
			"faces": {
				"north": {"uv": [8, 5, 7, 6.75], "texture": "#2"},
				"east": {"uv": [8, 5, 7, 6.75], "texture": "#2"},
				"south": {"uv": [8, 5, 7, 6.75], "texture": "#2"},
				"west": {"uv": [8, 5, 7, 6.75], "texture": "#2"},
				"up": {"uv": [8, 5, 7, 6.75], "texture": "#2"},
				"down": {"uv": [8, 5, 7, 6.75], "texture": "#2"}
			}
		},
		{
			"from": [-8.77451, -10.22124, 9.36972],
			"to": [23.36019, 19.36739, 9.36972],
			"rotation": {"angle": 0, "axis": "y", "origin": [-5.06964, 14.25095, 9.38729]},
			"faces": {
				"north": {"uv": [16, 0, 6, 12], "texture": "#3"},
				"south": {"uv": [6, 0, 16, 12], "texture": "#3"}
			}
		}
	],
	"display": {
		"head": {
			"translation": [64.25, -53.75, -5.5],
			"scale": [4, 4, 4]
		}
	},
	"groups": [
		{
			"name": "root",
			"origin": [8, 8, 8],
			"children": [
				{
					"name": "wing_l",
					"origin": [8, 8, 8],
					"children": [
						{
							"name": "1",
							"origin": [8, 8, 8],
							"children": [0, 1, 2, 3, 4]
						}
					]
				}
			]
		}
	]
}