{
	"credit": "Made with Blockbench",
	"texture_size": [32, 32],
	"textures": {
		"0": "ruko/head",
		"particle": "ruko/head"
	},
	"elements": [
		{
			"from": [6.3393, 4.53027, 10.84195],
			"to": [9.08386, 14.08891, 13.81364],
			"rotation": {"angle": 0, "axis": "y", "origin": [8.35995, 12.09191, 13.256]},
			"faces": {
				"north": {"uv": [2.4414, 3.625, 1.625, 5.626], "rotation": 180, "texture": "#0"},
				"east": {"uv": [0.8164, 1.25, 0, 3.876], "rotation": 180, "texture": "#0"},
				"south": {"uv": [0.8164, 1.25, 0, 3.876], "rotation": 180, "texture": "#0"},
				"west": {"uv": [0.8164, 1.25, 0, 3.876], "rotation": 180, "texture": "#0"},
				"up": {"uv": [0.8164, 1.25, 0, 3.876], "rotation": 180, "texture": "#0"},
				"down": {"uv": [0.8164, 1.25, 0, 3.876], "rotation": 180, "texture": "#0"}
			}
		},
		{
			"from": [6.8125, 4.53027, 13.68115],
			"to": [8.61066, 13.14251, 14.76004],
			"rotation": {"angle": 0, "axis": "y", "origin": [8.35995, 12.09191, 13.256]},
			"faces": {
				"north": {"uv": [0.2964, 1.25, 0, 3.616], "rotation": 180, "texture": "#0"},
				"east": {"uv": [0.2964, 1.25, 0, 3.616], "rotation": 180, "texture": "#0"},
				"south": {"uv": [0.2964, 1.25, 0, 3.616], "rotation": 180, "texture": "#0"},
				"west": {"uv": [0.2964, 1.25, 0, 3.616], "rotation": 180, "texture": "#0"},
				"up": {"uv": [0.2964, 1.25, 0, 3.616], "rotation": 180, "texture": "#0"},
				"down": {"uv": [0.2964, 1.25, 0, 3.616], "rotation": 180, "texture": "#0"}
			}
		},
		{
			"from": [8.9783, 15.45027, 13.02595],
			"to": [9.99386, 17.72891, 14.17764],
			"rotation": {"angle": -22.5, "axis": "z", "origin": [8.64433, 15.11084, 13.6018]},
			"faces": {
				"north": {"uv": [5, 13, 6.625, 12.5], "rotation": 90, "texture": "#0"},
				"east": {"uv": [5, 13, 6.625, 12.5], "rotation": 90, "texture": "#0"},
				"south": {"uv": [5, 13, 6.625, 12.5], "rotation": 90, "texture": "#0"},
				"west": {"uv": [5, 13, 6.625, 12.5], "rotation": 90, "texture": "#0"},
				"up": {"uv": [5, 13, 6.625, 12.5], "rotation": 90, "texture": "#0"},
				"down": {"uv": [5, 13, 6.625, 12.5], "rotation": 90, "texture": "#0"}
			}
		},
		{
			"from": [8.5233, 11.81027, 13.02595],
			"to": [9.99386, 15.45391, 14.17764],
			"rotation": {"angle": -22.5, "axis": "z", "origin": [8.64433, 15.11084, 13.6018]},
			"faces": {
				"north": {"uv": [6.625, 12.5, 5, 13], "rotation": 180, "texture": "#0"},
				"east": {"uv": [6.625, 12.5, 5, 13], "rotation": 180, "texture": "#0"},
				"south": {"uv": [6.625, 12.5, 5, 13], "rotation": 180, "texture": "#0"},
				"west": {"uv": [6.625, 12.5, 5, 13], "rotation": 180, "texture": "#0"},
				"up": {"uv": [6.625, 12.5, 5, 13], "rotation": 180, "texture": "#0"},
				"down": {"uv": [6.625, 12.5, 5, 13], "rotation": 180, "texture": "#0"}
			}
		},
		{
			"from": [9.36665, 11.68777, 13.20795],
			"to": [10.47321, 15.33141, 13.99564],
			"rotation": {"angle": -45, "axis": "z", "origin": [8.64593, 13.50959, 13.6018]},
			"faces": {
				"north": {"uv": [6.625, 12.5, 5, 13], "rotation": 180, "texture": "#0"},
				"east": {"uv": [6.625, 12.5, 5, 13], "rotation": 180, "texture": "#0"},
				"south": {"uv": [6.625, 12.5, 5, 13], "rotation": 180, "texture": "#0"},
				"west": {"uv": [6.625, 12.5, 5, 13], "rotation": 180, "texture": "#0"},
				"up": {"uv": [6.625, 12.5, 5, 13], "rotation": 180, "texture": "#0"},
				"down": {"uv": [6.625, 12.5, 5, 13], "rotation": 180, "texture": "#0"}
			}
		}
	],
	"display": {
		"head": {
			"rotation": [22.5, 0, 0],
			"translation": [1.5, -17.75, -23],
			"scale": [4, 4, 4]
		}
	},
	"groups": [
		{
			"name": "root",
			"origin": [8, 8, 8],
			"color": 0,
			"children": [
				{
					"name": "arm_l",
					"origin": [8, 8, 8],
					"color": 0,
					"children": [
						{
							"name": "1",
							"origin": [8, 8, 8],
							"color": 0,
							"children": [0, 1, 2, 3, 4]
						}
					]
				}
			]
		}
	]
}