{
	"credit": "Made with Blockbench",
	"texture_size": [32, 32],
	"textures": {
		"0": "ruko/head",
		"particle": "ruko/head"
	},
	"elements": [
		{
			"from": [6.91614, 4.53027, 10.84195],
			"to": [9.6607, 14.08891, 13.81364],
			"rotation": {"angle": 0, "axis": "y", "origin": [7.64005, 12.09191, 13.256]},
			"faces": {
				"north": {"uv": [1.625, 3.625, 2.4414, 5.626], "rotation": 180, "texture": "#0"},
				"east": {"uv": [0, 1.25, 0.8164, 3.876], "rotation": 180, "texture": "#0"},
				"south": {"uv": [0, 1.25, 0.8164, 3.876], "rotation": 180, "texture": "#0"},
				"west": {"uv": [0, 1.25, 0.8164, 3.876], "rotation": 180, "texture": "#0"},
				"up": {"uv": [0, 1.25, 0.8164, 3.876], "rotation": 180, "texture": "#0"},
				"down": {"uv": [0, 1.25, 0.8164, 3.876], "rotation": 180, "texture": "#0"}
			}
		},
		{
			"from": [7.38934, 4.53027, 13.68115],
			"to": [9.1875, 13.14251, 14.76004],
			"rotation": {"angle": 0, "axis": "y", "origin": [7.64005, 12.09191, 13.256]},
			"faces": {
				"north": {"uv": [0, 1.25, 0.2964, 3.616], "rotation": 180, "texture": "#0"},
				"east": {"uv": [0, 1.25, 0.2964, 3.616], "rotation": 180, "texture": "#0"},
				"south": {"uv": [0, 1.25, 0.2964, 3.616], "rotation": 180, "texture": "#0"},
				"west": {"uv": [0, 1.25, 0.2964, 3.616], "rotation": 180, "texture": "#0"},
				"up": {"uv": [0, 1.25, 0.2964, 3.616], "rotation": 180, "texture": "#0"},
				"down": {"uv": [0, 1.25, 0.2964, 3.616], "rotation": 180, "texture": "#0"}
			}
		},
		{
			"from": [6.00614, 15.45027, 13.02595],
			"to": [7.0217, 17.72891, 14.17764],
			"rotation": {"angle": 22.5, "axis": "z", "origin": [7.35567, 15.11084, 13.6018]},
			"faces": {
				"north": {"uv": [5, 12.5, 6.625, 13], "rotation": 90, "texture": "#0"},
				"east": {"uv": [5, 12.5, 6.625, 13], "rotation": 90, "texture": "#0"},
				"south": {"uv": [5, 12.5, 6.625, 13], "rotation": 90, "texture": "#0"},
				"west": {"uv": [5, 12.5, 6.625, 13], "rotation": 90, "texture": "#0"},
				"up": {"uv": [5, 12.5, 6.625, 13], "rotation": 90, "texture": "#0"},
				"down": {"uv": [5, 12.5, 6.625, 13], "rotation": 90, "texture": "#0"}
			}
		},
		{
			"from": [6.00614, 11.81027, 13.02595],
			"to": [7.4767, 15.45391, 14.17764],
			"rotation": {"angle": 22.5, "axis": "z", "origin": [7.35567, 15.11084, 13.6018]},
			"faces": {
				"north": {"uv": [5, 12.5, 6.625, 13], "rotation": 180, "texture": "#0"},
				"east": {"uv": [5, 12.5, 6.625, 13], "rotation": 180, "texture": "#0"},
				"south": {"uv": [5, 12.5, 6.625, 13], "rotation": 180, "texture": "#0"},
				"west": {"uv": [5, 12.5, 6.625, 13], "rotation": 180, "texture": "#0"},
				"up": {"uv": [5, 12.5, 6.625, 13], "rotation": 180, "texture": "#0"},
				"down": {"uv": [5, 12.5, 6.625, 13], "rotation": 180, "texture": "#0"}
			}
		},
		{
			"from": [5.52679, 11.68777, 13.20795],
			"to": [6.63335, 15.33141, 13.99564],
			"rotation": {"angle": 45, "axis": "z", "origin": [7.35407, 13.50959, 13.6018]},
			"faces": {
				"north": {"uv": [5, 12.5, 6.625, 13], "rotation": 180, "texture": "#0"},
				"east": {"uv": [5, 12.5, 6.625, 13], "rotation": 180, "texture": "#0"},
				"south": {"uv": [5, 12.5, 6.625, 13], "rotation": 180, "texture": "#0"},
				"west": {"uv": [5, 12.5, 6.625, 13], "rotation": 180, "texture": "#0"},
				"up": {"uv": [5, 12.5, 6.625, 13], "rotation": 180, "texture": "#0"},
				"down": {"uv": [5, 12.5, 6.625, 13], "rotation": 180, "texture": "#0"}
			}
		}
	],
	"display": {
		"head": {
			"rotation": [22.5, 0, 0],
			"translation": [-1.5, -17.75, -23],
			"scale": [4, 4, 4]
		}
	},
	"groups": [
		{
			"name": "root",
			"origin": [8, 8, 8],
			"color": 0,
			"children": [
				{
					"name": "arm_l",
					"origin": [8, 8, 8],
					"color": 0,
					"children": [
						{
							"name": "1",
							"origin": [8, 8, 8],
							"color": 0,
							"children": [0, 1, 2, 3, 4]
						}
					]
				}
			]
		}
	]
}