{
	"credit": "Made with Blockbench",
	"texture_size": [32, 32],
	"textures": {
		"0": "ruko/head",
		"particle": "ruko/head"
	},
	"elements": [
		{
			"from": [6.01802, 5.91009, 5.35505],
			"to": [9.98198, 7.49568, 10.31],
			"rotation": {"angle": 0, "axis": "y", "origin": [6.86284, 7.5106, 7.74349]},
			"faces": {
				"north": {"uv": [0.5, 5, 1.5, 5.5], "texture": "#0"},
				"east": {"uv": [6, 3, 7.5, 3.5], "texture": "#0"},
				"south": {"uv": [1.5, 7, 2.5, 7.5], "texture": "#0"},
				"west": {"uv": [6, 3.5, 7.5, 4], "texture": "#0"},
				"up": {"uv": [4, 1.5, 3, 0], "texture": "#0"},
				"down": {"uv": [4, 1.5, 3, 3], "texture": "#0"}
			}
		},
		{
			"from": [6.51352, 7.49568, 5.35505],
			"to": [9.48649, 8.48667, 10.31],
			"rotation": {"angle": 0, "axis": "y", "origin": [6.86284, 7.5106, 7.74349]},
			"faces": {
				"north": {"uv": [3, 10, 4, 10.5], "texture": "#0"},
				"east": {"uv": [7.5, 7, 9, 7.5], "texture": "#0"},
				"south": {"uv": [10, 3.5, 11, 4], "texture": "#0"},
				"west": {"uv": [7.5, 7.5, 9, 8], "texture": "#0"},
				"up": {"uv": [5, 2.5, 4, 1], "texture": "#0"},
				"down": {"uv": [2.5, 4, 1.5, 5.5], "texture": "#0"}
			}
		},
		{
			"from": [7.10811, 7.09928, 2.97668],
			"to": [8.89189, 8.28847, 5.35505],
			"rotation": {"angle": 0, "axis": "y", "origin": [6.86284, 7.5106, 7.74349]},
			"faces": {
				"north": {"uv": [10.5, 11, 11, 11.5], "texture": "#0"},
				"east": {"uv": [10.5, 5.5, 11.5, 6], "texture": "#0"},
				"south": {"uv": [11, 11, 11.5, 11.5], "texture": "#0"},
				"west": {"uv": [10.5, 6, 11.5, 6.5], "texture": "#0"},
				"up": {"uv": [6.5, 8.5, 6, 7.5], "texture": "#0"},
				"down": {"uv": [0.5, 8, 0, 9], "texture": "#0"}
			}
		},
		{
			"from": [7.20721, 7.88309, 4.59234],
			"to": [8.79279, 9.56778, 8.1599],
			"rotation": {"angle": -22.5, "axis": "x", "origin": [6.86284, 7.5106, 7.74349]},
			"faces": {
				"north": {"uv": [11, 3, 11.5, 3.5], "texture": "#0"},
				"east": {"uv": [2, 7.5, 3, 8], "texture": "#0"},
				"south": {"uv": [3.5, 11, 4, 11.5], "texture": "#0"},
				"west": {"uv": [7.5, 2.5, 8.5, 3], "texture": "#0"},
				"up": {"uv": [3.5, 8.5, 3, 7.5], "texture": "#0"},
				"down": {"uv": [8, 3, 7.5, 4], "texture": "#0"}
			}
		},
		{
			"from": [7.20721, 7.55138, 6.61129],
			"to": [8.79279, 9.23606, 9.48516],
			"rotation": {"angle": 22.5, "axis": "x", "origin": [6.86284, 7.5106, 7.74349]},
			"faces": {
				"north": {"uv": [11, 3.5, 11.5, 4], "texture": "#0"},
				"east": {"uv": [8, 2, 9, 2.5], "texture": "#0"},
				"south": {"uv": [4, 11, 4.5, 11.5], "texture": "#0"},
				"west": {"uv": [4, 8, 5, 8.5], "texture": "#0"},
				"up": {"uv": [8.5, 5.5, 8, 4.5], "texture": "#0"},
				"down": {"uv": [5.5, 8, 5, 9], "texture": "#0"}
			}
		},
		{
			"from": [6.61261, 5.91009, 2.38208],
			"to": [9.38739, 7.39658, 3.76947],
			"rotation": {"angle": 0, "axis": "y", "origin": [6.86284, 7.5106, 7.74349]},
			"faces": {
				"north": {"uv": [8, 5.5, 9, 6], "texture": "#0"},
				"east": {"uv": [11, 4, 11.5, 4.5], "texture": "#0"},
				"south": {"uv": [6.5, 8, 7.5, 8.5], "texture": "#0"},
				"west": {"uv": [4.5, 11, 5, 11.5], "texture": "#0"},
				"up": {"uv": [8.5, 8.5, 7.5, 8], "texture": "#0"},
				"down": {"uv": [9.5, 0, 8.5, 0.5], "texture": "#0"}
			}
		},
		{
			"from": [6.41442, 5.91009, 3.76947],
			"to": [9.58558, 7.39658, 5.85055],
			"rotation": {"angle": 0, "axis": "y", "origin": [6.86284, 7.5106, 7.74349]},
			"faces": {
				"north": {"uv": [0.5, 8.5, 1.5, 9], "texture": "#0"},
				"east": {"uv": [10, 4, 10.5, 4.5], "texture": "#0"},
				"south": {"uv": [8.5, 0.5, 9.5, 1], "texture": "#0"},
				"west": {"uv": [5, 10, 5.5, 10.5], "texture": "#0"},
				"up": {"uv": [8, 2, 7, 1.5], "texture": "#0"},
				"down": {"uv": [8, 2, 7, 2.5], "texture": "#0"}
			}
		},
		{
			"from": [5.57208, 6.38816, 4.80047],
			"to": [10.42793, 7.52779, 8.96263],
			"rotation": {"angle": -45, "axis": "x", "origin": [8, 6.90843, 6.6338]},
			"faces": {
				"north": {"uv": [0.5, 8, 2, 8.5], "texture": "#0"},
				"east": {"uv": [8.5, 6, 9.5, 6.5], "texture": "#0"},
				"south": {"uv": [8, 1.5, 9.5, 2], "texture": "#0"},
				"west": {"uv": [8.5, 6.5, 9.5, 7], "texture": "#0"},
				"up": {"uv": [4.5, 4, 3, 3], "texture": "#0"},
				"down": {"uv": [1.5, 4, 0, 5], "texture": "#0"}
			}
		},
		{
			"from": [5.72072, 5.24851, 3.51219],
			"to": [10.27928, 6.18996, 5.69237],
			"rotation": {"angle": 0, "axis": "y", "origin": [8, 6.90843, 6.6338]},
			"faces": {
				"north": {"uv": [8.5, 1, 10, 1.5], "texture": "#0"},
				"east": {"uv": [0, 11.5, 0.5, 12], "texture": "#0"},
				"south": {"uv": [8.5, 2.5, 10, 3], "texture": "#0"},
				"west": {"uv": [11.5, 0, 12, 0.5], "texture": "#0"},
				"up": {"uv": [4, 6.5, 2.5, 6], "texture": "#0"},
				"down": {"uv": [7.5, 2.5, 6, 3], "texture": "#0"}
			}
		},
		{
			"from": [9.68468, 5.34761, 2.1248],
			"to": [10.22973, 6.2395, 4.70138],
			"rotation": {"angle": 22.5, "axis": "y", "origin": [8, 5.76879, 4.60228]},
			"faces": {
				"north": {"uv": [11.5, 12, 12, 12.5], "texture": "#0"},
				"east": {"uv": [6.5, 10.5, 7.5, 11], "texture": "#0"},
				"south": {"uv": [12, 11.5, 12.5, 12], "texture": "#0"},
				"west": {"uv": [10.5, 7, 11.5, 7.5], "texture": "#0"},
				"up": {"uv": [12.5, 1.5, 12, 0.5], "texture": "#0"},
				"down": {"uv": [1.5, 12, 1, 13], "texture": "#0"}
			}
		},
		{
			"from": [5.77028, 5.34761, 2.1248],
			"to": [6.31532, 6.2395, 4.70138],
			"rotation": {"angle": -22.5, "axis": "y", "origin": [8, 5.76879, 4.60228]},
			"faces": {
				"north": {"uv": [12, 12, 12.5, 12.5], "texture": "#0"},
				"east": {"uv": [10.5, 7.5, 11.5, 8], "texture": "#0"},
				"south": {"uv": [0, 12.5, 0.5, 13], "texture": "#0"},
				"west": {"uv": [10.5, 8, 11.5, 8.5], "texture": "#0"},
				"up": {"uv": [2, 13, 1.5, 12], "texture": "#0"},
				"down": {"uv": [12.5, 1.5, 12, 2.5], "texture": "#0"}
			}
		},
		{
			"from": [5.62162, 4.47316, 3.86857],
			"to": [10.37838, 5.91009, 10.31],
			"rotation": {"angle": 0, "axis": "y", "origin": [6.86284, 7.5106, 7.74349]},
			"faces": {
				"north": {"uv": [6, 4, 7.5, 4.5], "texture": "#0"},
				"east": {"uv": [5, 5.5, 7, 6], "texture": "#0"},
				"south": {"uv": [5, 6, 6.5, 6.5], "texture": "#0"},
				"west": {"uv": [0.5, 6, 2.5, 6.5], "texture": "#0"},
				"up": {"uv": [1.5, 2, 0, 0], "texture": "#0"},
				"down": {"uv": [3, 0, 1.5, 2], "texture": "#0"}
			}
		},
		{
			"from": [5.72072, 2.24343, 7.33703],
			"to": [10.27928, 4.52271, 10.31],
			"rotation": {"angle": 0, "axis": "y", "origin": [6.86284, 7.5106, 7.74349]},
			"faces": {
				"north": {"uv": [5, 1, 6.5, 2], "texture": "#0"},
				"east": {"uv": [6.5, 0, 7.5, 1], "texture": "#0"},
				"south": {"uv": [2.5, 5, 4, 6], "texture": "#0"},
				"west": {"uv": [0.5, 6.5, 1.5, 7.5], "texture": "#0"},
				"up": {"uv": [6, 3.5, 4.5, 2.5], "texture": "#0"},
				"down": {"uv": [6, 3.5, 4.5, 4.5], "texture": "#0"}
			}
		},
		{
			"from": [6.90991, 5.6128, 0.4001],
			"to": [9.09009, 7.09928, 2.38208],
			"rotation": {"angle": 0, "axis": "y", "origin": [6.86284, 7.5106, 7.74349]},
			"faces": {
				"north": {"uv": [10, 5, 10.5, 5.5], "texture": "#0"},
				"east": {"uv": [5.5, 10, 6, 10.5], "texture": "#0"},
				"south": {"uv": [10, 5.5, 10.5, 6], "texture": "#0"},
				"west": {"uv": [6, 10, 6.5, 10.5], "texture": "#0"},
				"up": {"uv": [4.5, 3, 4, 2.5], "texture": "#0"},
				"down": {"uv": [9, 8, 8.5, 8.5], "texture": "#0"}
			}
		},
		{
			"from": [6.41442, 4.52271, 0.4001],
			"to": [9.58558, 5.6128, 2.38208],
			"rotation": {"angle": 0, "axis": "y", "origin": [6.86284, 7.5106, 7.74349]},
			"faces": {
				"north": {"uv": [6.5, 10, 7.5, 10.5], "texture": "#0"},
				"east": {"uv": [11.5, 0.5, 12, 1], "texture": "#0"},
				"south": {"uv": [10, 6.5, 11, 7], "texture": "#0"},
				"west": {"uv": [11.5, 1, 12, 1.5], "texture": "#0"},
				"up": {"uv": [3.5, 7.5, 2.5, 7], "texture": "#0"},
				"down": {"uv": [4.5, 7, 3.5, 7.5], "texture": "#0"}
			}
		},
		{
			"from": [6.11712, 4.52271, 2.38208],
			"to": [9.88288, 5.91009, 5.85055],
			"rotation": {"angle": 0, "axis": "y", "origin": [6.86284, 7.5106, 7.74349]},
			"faces": {
				"north": {"uv": [7, 5, 8, 5.5], "texture": "#0"},
				"east": {"uv": [3.5, 7.5, 4.5, 8], "texture": "#0"},
				"south": {"uv": [7, 5.5, 8, 6], "texture": "#0"},
				"west": {"uv": [7.5, 4, 8.5, 4.5], "texture": "#0"},
				"up": {"uv": [3.5, 5, 2.5, 4], "texture": "#0"},
				"down": {"uv": [4.5, 4, 3.5, 5], "texture": "#0"}
			}
		},
		{
			"from": [7.50451, 1.50708, 0.47543],
			"to": [8.4955, 3.58816, 1.46642],
			"rotation": {"angle": 22.5, "axis": "x", "origin": [6.86284, 7.5106, 7.74349]},
			"faces": {
				"north": {"uv": [1.5, 11.5, 2, 12], "texture": "#0"},
				"east": {"uv": [11.5, 1.5, 12, 2], "texture": "#0"},
				"south": {"uv": [2, 11.5, 2.5, 12], "texture": "#0"},
				"west": {"uv": [11.5, 2, 12, 2.5], "texture": "#0"},
				"up": {"uv": [2.5, 12.5, 2, 12], "texture": "#0"},
				"down": {"uv": [3, 12, 2.5, 12.5], "texture": "#0"}
			}
		},
		{
			"from": [7.30631, 8.66703, -0.48471],
			"to": [8.69369, 9.85622, 0.95222],
			"rotation": {"angle": -22.5, "axis": "x", "origin": [6.86284, 7.5106, 7.74349]},
			"faces": {
				"north": {"uv": [11.5, 7.5, 12, 8], "texture": "#0"},
				"east": {"uv": [11.5, 8, 12, 8.5], "texture": "#0"},
				"south": {"uv": [8.5, 11.5, 9, 12], "texture": "#0"},
				"west": {"uv": [11.5, 8.5, 12, 9], "texture": "#0"},
				"up": {"uv": [11.5, 5, 11, 4.5], "texture": "#0"},
				"down": {"uv": [5.5, 11, 5, 11.5], "texture": "#0"}
			}
		},
		{
			"from": [7.00901, 2.00257, 1.16913],
			"to": [8.99099, 4.28185, 2.30876],
			"rotation": {"angle": 22.5, "axis": "x", "origin": [6.86284, 7.5106, 7.74349]},
			"faces": {
				"north": {"uv": [2, 8, 2.5, 9], "texture": "#0"},
				"east": {"uv": [7.5, 10.5, 8, 11.5], "texture": "#0"},
				"south": {"uv": [2.5, 8, 3, 9], "texture": "#0"},
				"west": {"uv": [8.5, 10.5, 9, 11.5], "texture": "#0"},
				"up": {"uv": [12, 3, 11.5, 2.5], "texture": "#0"},
				"down": {"uv": [3.5, 11.5, 3, 12], "texture": "#0"}
			}
		},
		{
			"from": [4.68019, 7.40993, 8.08551],
			"to": [6.61261, 8.99551, 10.56299],
			"rotation": {"angle": -22.5, "axis": "x", "origin": [6.86284, 7.5106, 7.74349]},
			"faces": {
				"north": {"uv": [3.5, 10.5, 4, 11], "texture": "#0"},
				"east": {"uv": [1.5, 9.5, 2.5, 10], "texture": "#0"},
				"south": {"uv": [4, 10.5, 4.5, 11], "texture": "#0"},
				"west": {"uv": [9.5, 1.5, 10.5, 2], "texture": "#0"},
				"up": {"uv": [8.5, 4, 8, 3], "texture": "#0"},
				"down": {"uv": [4, 8, 3.5, 9], "texture": "#0"}
			}
		},
		{
			"from": [5.07658, 7.40993, 5.60804],
			"to": [6.61261, 8.99551, 8.08551],
			"rotation": {"angle": -22.5, "axis": "x", "origin": [6.86284, 7.5106, 7.74349]},
			"faces": {
				"north": {"uv": [5.5, 11, 6, 11.5], "texture": "#0"},
				"east": {"uv": [2.5, 9.5, 3.5, 10], "texture": "#0"},
				"south": {"uv": [6, 11, 6.5, 11.5], "texture": "#0"},
				"west": {"uv": [9.5, 3, 10.5, 3.5], "texture": "#0"},
				"up": {"uv": [10, 4.5, 9.5, 3.5], "texture": "#0"},
				"down": {"uv": [4.5, 9.5, 4, 10.5], "texture": "#0"}
			}
		},
		{
			"from": [4.92793, 7.80632, 9.12605],
			"to": [6.21622, 9.5901, 14.03145],
			"rotation": {"angle": -22.5, "axis": "x", "origin": [6.36735, 7.5106, 7.74349]},
			"faces": {
				"north": {"uv": [5.125, 12.5, 7.25, 13], "texture": "#0"},
				"east": {"uv": [5.125, 12.5, 7.25, 13], "texture": "#0"},
				"south": {"uv": [5.125, 12.5, 7.25, 13], "texture": "#0"},
				"west": {"uv": [5.125, 12.5, 7.25, 13], "texture": "#0"},
				"up": {"uv": [5.125, 12.5, 7.25, 13], "texture": "#0"},
				"down": {"uv": [5.125, 12.5, 7.25, 13], "texture": "#0"}
			}
		},
		{
			"from": [5.02703, 7.61452, 10.33479],
			"to": [6.11712, 8.60551, 12.11857],
			"rotation": {"angle": -45, "axis": "x", "origin": [6.36735, 7.5106, 7.74349]},
			"faces": {
				"north": {"uv": [5.125, 12.5, 7.25, 13], "texture": "#0"},
				"east": {"uv": [5.125, 12.5, 7.25, 13], "texture": "#0"},
				"south": {"uv": [5.125, 12.5, 7.25, 13], "texture": "#0"},
				"west": {"uv": [5.125, 12.5, 7.25, 13], "texture": "#0"},
				"up": {"uv": [5.125, 12.5, 7.25, 13], "texture": "#0"},
				"down": {"uv": [5.125, 12.5, 7.25, 13], "texture": "#0"}
			}
		},
		{
			"from": [4.97748, 11.54503, 9.31895],
			"to": [6.06757, 13.32881, 10.60724],
			"rotation": {"angle": 22.5, "axis": "x", "origin": [6.3178, 7.5106, 7.74349]},
			"faces": {
				"north": {"uv": [5.125, 12.5, 7.25, 13], "texture": "#0"},
				"east": {"uv": [5.125, 12.5, 7.25, 13], "texture": "#0"},
				"south": {"uv": [5.125, 12.5, 7.25, 13], "texture": "#0"},
				"west": {"uv": [5.125, 12.5, 7.25, 13], "texture": "#0"},
				"up": {"uv": [5.125, 12.5, 7.25, 13], "texture": "#0"},
				"down": {"uv": [5.125, 12.5, 7.25, 13], "texture": "#0"}
			}
		},
		{
			"from": [5.12613, 13.32881, 9.36851],
			"to": [5.91892, 14.1216, 9.864],
			"rotation": {"angle": 22.5, "axis": "x", "origin": [6.3178, 7.5106, 7.74349]},
			"faces": {
				"north": {"uv": [5.125, 12.5, 7.25, 13], "texture": "#0"},
				"east": {"uv": [5.125, 12.5, 7.25, 13], "texture": "#0"},
				"south": {"uv": [5.125, 12.5, 7.25, 13], "texture": "#0"},
				"west": {"uv": [5.125, 12.5, 7.25, 13], "texture": "#0"},
				"up": {"uv": [5.125, 12.5, 7.25, 13], "texture": "#0"},
				"down": {"uv": [5.125, 12.5, 7.25, 13], "texture": "#0"}
			}
		},
		{
			"from": [4.77929, 11.38466, 11.15267],
			"to": [6.26576, 12.87114, 15.90942],
			"rotation": {"angle": -45, "axis": "x", "origin": [5.42343, 11.43421, 13.43194]},
			"faces": {
				"north": {"uv": [5.125, 12.5, 7.25, 13], "texture": "#0"},
				"east": {"uv": [5.125, 12.5, 7.25, 13], "texture": "#0"},
				"south": {"uv": [5.125, 12.5, 7.25, 13], "texture": "#0"},
				"west": {"uv": [5.125, 12.5, 7.25, 13], "texture": "#0"},
				"up": {"uv": [5.125, 12.5, 7.25, 13], "texture": "#0"},
				"down": {"uv": [5.125, 12.5, 7.25, 13], "texture": "#0"}
			}
		},
		{
			"from": [4.87839, 8.56533, 12.47702],
			"to": [6.11712, 12.62839, 13.9635],
			"rotation": {"angle": 22.5, "axis": "x", "origin": [5.42343, 10.9437, 14.0626]},
			"faces": {
				"north": {"uv": [5.125, 12.5, 7.25, 13], "texture": "#0"},
				"east": {"uv": [5.125, 12.5, 7.25, 13], "texture": "#0"},
				"south": {"uv": [5.125, 12.5, 7.25, 13], "texture": "#0"},
				"west": {"uv": [5.125, 12.5, 7.25, 13], "texture": "#0"},
				"up": {"uv": [5.125, 12.5, 7.25, 13], "texture": "#0"},
				"down": {"uv": [5.125, 12.5, 7.25, 13], "texture": "#0"}
			}
		},
		{
			"from": [5.02703, 8.81498, 8.93993],
			"to": [6.01802, 9.90507, 13.00299],
			"rotation": {"angle": 0, "axis": "y", "origin": [5.42343, 10.94561, 13.15165]},
			"faces": {
				"north": {"uv": [5.125, 12.5, 7.25, 13], "texture": "#0"},
				"east": {"uv": [5.125, 12.5, 7.25, 13], "texture": "#0"},
				"south": {"uv": [5.125, 12.5, 7.25, 13], "texture": "#0"},
				"west": {"uv": [5.125, 12.5, 7.25, 13], "texture": "#0"},
				"up": {"uv": [5.125, 12.5, 7.25, 13], "texture": "#0"},
				"down": {"uv": [5.125, 12.5, 7.25, 13], "texture": "#0"}
			}
		},
		{
			"from": [4.97748, 11.89571, 14.74574],
			"to": [6.06757, 13.48129, 18.5115],
			"rotation": {"angle": -22.5, "axis": "x", "origin": [5.42343, 11.99481, 13.0115]},
			"faces": {
				"north": {"uv": [8, 10, 8.5, 10.5], "texture": "#0"},
				"east": {"uv": [8, 10, 8.5, 10.5], "texture": "#0"},
				"south": {"uv": [8, 10, 8.5, 10.5], "texture": "#0"},
				"west": {"uv": [8, 10, 8.5, 10.5], "texture": "#0"},
				"up": {"uv": [8, 10, 8.5, 10.5], "texture": "#0"},
				"down": {"uv": [8, 10, 8.5, 10.5], "texture": "#0"}
			}
		},
		{
			"from": [4.97748, 10.90472, 13.25925],
			"to": [6.06757, 11.89571, 17.02501],
			"rotation": {"angle": -22.5, "axis": "x", "origin": [5.42343, 11.99481, 13.0115]},
			"faces": {
				"north": {"uv": [5.125, 12.5, 7.25, 13], "texture": "#0"},
				"east": {"uv": [5.125, 12.5, 7.25, 13], "texture": "#0"},
				"south": {"uv": [5.125, 12.5, 7.25, 13], "texture": "#0"},
				"west": {"uv": [5.125, 12.5, 7.25, 13], "texture": "#0"},
				"up": {"uv": [5.125, 12.5, 7.25, 13], "texture": "#0"},
				"down": {"uv": [5.125, 12.5, 7.25, 13], "texture": "#0"}
			}
		},
		{
			"from": [4.97748, 12.6885, 18.5115],
			"to": [6.06757, 13.48129, 20.98897],
			"rotation": {"angle": -22.5, "axis": "x", "origin": [5.42343, 11.99481, 13.0115]},
			"faces": {
				"north": {"uv": [8, 10, 8.5, 10.5], "texture": "#0"},
				"east": {"uv": [8, 10, 8.5, 10.5], "texture": "#0"},
				"south": {"uv": [8, 10, 8.5, 10.5], "texture": "#0"},
				"west": {"uv": [8, 10, 8.5, 10.5], "texture": "#0"},
				"up": {"uv": [8, 10, 8.5, 10.5], "texture": "#0"},
				"down": {"uv": [8, 10, 8.5, 10.5], "texture": "#0"}
			}
		},
		{
			"from": [4.97748, 9.36357, 12.42374],
			"to": [6.06757, 10.94916, 16.1895],
			"rotation": {"angle": 0, "axis": "y", "origin": [5.42343, 10.70142, 16.36292]},
			"faces": {
				"north": {"uv": [5.125, 12.5, 7.25, 13], "texture": "#0"},
				"east": {"uv": [5.125, 12.5, 7.25, 13], "texture": "#0"},
				"south": {"uv": [5.125, 12.5, 7.25, 13], "texture": "#0"},
				"west": {"uv": [5.125, 12.5, 7.25, 13], "texture": "#0"},
				"up": {"uv": [5.125, 12.5, 7.25, 13], "texture": "#0"},
				"down": {"uv": [5.125, 12.5, 7.25, 13], "texture": "#0"}
			}
		},
		{
			"from": [5.02703, 10.15637, 16.1895],
			"to": [6.11712, 10.94916, 18.66697],
			"rotation": {"angle": 0, "axis": "y", "origin": [5.42343, 10.70142, 16.36292]},
			"faces": {
				"north": {"uv": [5.125, 12.5, 7.25, 13], "texture": "#0"},
				"east": {"uv": [5.125, 12.5, 7.25, 13], "texture": "#0"},
				"south": {"uv": [5.125, 12.5, 7.25, 13], "texture": "#0"},
				"west": {"uv": [5.125, 12.5, 7.25, 13], "texture": "#0"},
				"up": {"uv": [5.125, 12.5, 7.25, 13], "texture": "#0"},
				"down": {"uv": [5.125, 12.5, 7.25, 13], "texture": "#0"}
			}
		},
		{
			"from": [5.32433, 8.01916, 6.63965],
			"to": [6.61261, 9.60475, 9.41442],
			"rotation": {"angle": -45, "axis": "x", "origin": [6.86284, 7.5106, 7.74349]},
			"faces": {
				"north": {"uv": [9, 11, 9.5, 11.5], "texture": "#0"},
				"east": {"uv": [8.5, 3, 9.5, 3.5], "texture": "#0"},
				"south": {"uv": [11, 9, 11.5, 9.5], "texture": "#0"},
				"west": {"uv": [8.5, 3.5, 9.5, 4], "texture": "#0"},
				"up": {"uv": [3.5, 9.5, 3, 8.5], "texture": "#0"},
				"down": {"uv": [4.5, 8.5, 4, 9.5], "texture": "#0"}
			}
		},
		{
			"from": [5.52253, 9.24782, 6.62242],
			"to": [6.41442, 11.52709, 7.51431],
			"rotation": {"angle": 22.5, "axis": "x", "origin": [6.86284, 7.5106, 7.74349]},
			"faces": {
				"north": {"uv": [5.125, 12.5, 7.25, 13], "texture": "#0"},
				"east": {"uv": [5.125, 12.5, 7.25, 13], "texture": "#0"},
				"south": {"uv": [5.125, 12.5, 7.25, 13], "texture": "#0"},
				"west": {"uv": [5.125, 12.5, 7.25, 13], "texture": "#0"},
				"up": {"uv": [5.125, 12.5, 7.25, 13], "texture": "#0"},
				"down": {"uv": [5.125, 12.5, 7.25, 13], "texture": "#0"}
			}
		},
		{
			"from": [5.52253, 11.52709, 6.62242],
			"to": [6.41442, 12.71628, 7.31611],
			"rotation": {"angle": 22.5, "axis": "x", "origin": [6.86284, 7.5106, 7.74349]},
			"faces": {
				"north": {"uv": [5.125, 12.5, 7.25, 13], "texture": "#0"},
				"east": {"uv": [5.125, 12.5, 7.25, 13], "texture": "#0"},
				"south": {"uv": [5.125, 12.5, 7.25, 13], "texture": "#0"},
				"west": {"uv": [5.125, 12.5, 7.25, 13], "texture": "#0"},
				"up": {"uv": [5.125, 12.5, 7.25, 13], "texture": "#0"},
				"down": {"uv": [5.125, 12.5, 7.25, 13], "texture": "#0"}
			}
		},
		{
			"from": [5.81982, 8.10362, 3.13056],
			"to": [7.20721, 9.19371, 6.20263],
			"rotation": {"angle": -22.5, "axis": "x", "origin": [6.86284, 7.5106, 7.74349]},
			"faces": {
				"north": {"uv": [11, 11.5, 11.5, 12], "texture": "#0"},
				"east": {"uv": [10.5, 5, 11.5, 5.5], "texture": "#0"},
				"south": {"uv": [11.5, 11, 12, 11.5], "texture": "#0"},
				"west": {"uv": [5.5, 10.5, 6.5, 11], "texture": "#0"},
				"up": {"uv": [9, 5, 8.5, 4], "texture": "#0"},
				"down": {"uv": [5, 8.5, 4.5, 9.5], "texture": "#0"}
			}
		},
		{
			"from": [4.87839, 7.34692, 8.42825],
			"to": [6.51352, 8.9325, 10.70753],
			"rotation": {"angle": -45, "axis": "x", "origin": [6.86284, 7.5106, 7.74349]},
			"faces": {
				"north": {"uv": [9.5, 11, 10, 11.5], "texture": "#0"},
				"east": {"uv": [9.5, 4.5, 10.5, 5], "texture": "#0"},
				"south": {"uv": [11, 9.5, 11.5, 10], "texture": "#0"},
				"west": {"uv": [9.5, 6, 10.5, 6.5], "texture": "#0"},
				"up": {"uv": [5, 10.5, 4.5, 9.5], "texture": "#0"},
				"down": {"uv": [10, 6.5, 9.5, 7.5], "texture": "#0"}
			}
		},
		{
			"from": [5.57208, 3.60028, 6.94068],
			"to": [6.56307, 4.78947, 11.59834],
			"rotation": {"angle": -22.5, "axis": "y", "origin": [6.86284, 3.91319, 7.74349]},
			"faces": {
				"north": {"uv": [8, 12, 8.5, 12.5], "texture": "#0"},
				"east": {"uv": [8.5, 5, 10, 5.5], "texture": "#0"},
				"south": {"uv": [12, 8, 12.5, 8.5], "texture": "#0"},
				"west": {"uv": [6, 8.5, 7.5, 9], "texture": "#0"},
				"up": {"uv": [8, 10, 7.5, 8.5], "texture": "#0"},
				"down": {"uv": [8.5, 8.5, 8, 10], "texture": "#0"}
			}
		},
		{
			"from": [5.47298, 4.98767, 7.33708],
			"to": [6.46397, 6.17685, 11.49924],
			"rotation": {"angle": -22.5, "axis": "y", "origin": [6.86284, 3.91319, 7.74349]},
			"faces": {
				"north": {"uv": [8.5, 12, 9, 12.5], "texture": "#0"},
				"east": {"uv": [9, 8, 10, 8.5], "texture": "#0"},
				"south": {"uv": [12, 8.5, 12.5, 9], "texture": "#0"},
				"west": {"uv": [8.5, 9, 9.5, 9.5], "texture": "#0"},
				"up": {"uv": [0.5, 10.5, 0, 9.5], "texture": "#0"},
				"down": {"uv": [10, 0, 9.5, 1], "texture": "#0"}
			}
		},
		{
			"from": [5.67118, 4.49217, 7.83257],
			"to": [6.56307, 5.68136, 11.35059],
			"rotation": {"angle": -22.5, "axis": "y", "origin": [6.86284, 3.91319, 7.74349]},
			"faces": {
				"north": {"uv": [9, 12, 9.5, 12.5], "texture": "#0"},
				"east": {"uv": [9.5, 7.5, 10.5, 8], "texture": "#0"},
				"south": {"uv": [12, 9, 12.5, 9.5], "texture": "#0"},
				"west": {"uv": [9.5, 9, 10.5, 9.5], "texture": "#0"},
				"up": {"uv": [10, 10.5, 9.5, 9.5], "texture": "#0"},
				"down": {"uv": [10.5, 0, 10, 1], "texture": "#0"}
			}
		},
		{
			"from": [5.57208, 5.68136, 7.83257],
			"to": [6.56307, 7.16784, 11.35059],
			"rotation": {"angle": -22.5, "axis": "y", "origin": [6.86284, 3.91319, 7.74349]},
			"faces": {
				"north": {"uv": [11.5, 11.5, 12, 12], "texture": "#0"},
				"east": {"uv": [7.5, 6, 8.5, 6.5], "texture": "#0"},
				"south": {"uv": [0, 12, 0.5, 12.5], "texture": "#0"},
				"west": {"uv": [7.5, 6.5, 8.5, 7], "texture": "#0"},
				"up": {"uv": [1, 11, 0.5, 10], "texture": "#0"},
				"down": {"uv": [1.5, 10, 1, 11], "texture": "#0"}
			}
		},
		{
			"from": [5.37387, 6.47415, 8.12987],
			"to": [6.36487, 7.66334, 11.40014],
			"rotation": {"angle": -22.5, "axis": "y", "origin": [6.86284, 3.91319, 7.74349]},
			"faces": {
				"north": {"uv": [9.5, 12, 10, 12.5], "texture": "#0"},
				"east": {"uv": [10, 1, 11, 1.5], "texture": "#0"},
				"south": {"uv": [12, 9.5, 12.5, 10], "texture": "#0"},
				"west": {"uv": [1.5, 10, 2.5, 10.5], "texture": "#0"},
				"up": {"uv": [10.5, 3, 10, 2], "texture": "#0"},
				"down": {"uv": [3, 10, 2.5, 11], "texture": "#0"}
			}
		},
		{
			"from": [4.28379, 3.79977, 10.67341],
			"to": [4.97748, 4.59257, 12.20944],
			"rotation": {"angle": 0, "axis": "y", "origin": [4.48198, 7.07004, 11.5653]},
			"faces": {
				"north": {"uv": [5.125, 12.5, 7.25, 13], "texture": "#0"},
				"east": {"uv": [5.125, 12.5, 7.25, 13], "texture": "#0"},
				"south": {"uv": [5.125, 12.5, 7.25, 13], "texture": "#0"},
				"west": {"uv": [5.125, 12.5, 7.25, 13], "texture": "#0"},
				"up": {"uv": [5.125, 12.5, 7.25, 13], "texture": "#0"},
				"down": {"uv": [5.125, 12.5, 7.25, 13], "texture": "#0"}
			}
		},
		{
			"from": [4.23424, 5.23671, 10.47521],
			"to": [4.92793, 6.02951, 12.65539],
			"rotation": {"angle": 0, "axis": "y", "origin": [4.48198, 7.07004, 11.5653]},
			"faces": {
				"north": {"uv": [5.125, 12.5, 7.25, 13], "texture": "#0"},
				"east": {"uv": [5.125, 12.5, 7.25, 13], "texture": "#0"},
				"south": {"uv": [5.125, 12.5, 7.25, 13], "texture": "#0"},
				"west": {"uv": [5.125, 12.5, 7.25, 13], "texture": "#0"},
				"up": {"uv": [5.125, 12.5, 7.25, 13], "texture": "#0"},
				"down": {"uv": [5.125, 12.5, 7.25, 13], "texture": "#0"}
			}
		},
		{
			"from": [4.18469, 6.67365, 10.67341],
			"to": [4.87839, 7.46644, 12.85358],
			"rotation": {"angle": 0, "axis": "y", "origin": [4.48198, 7.07004, 11.5653]},
			"faces": {
				"north": {"uv": [5.125, 12.5, 7.25, 13], "texture": "#0"},
				"east": {"uv": [5.125, 12.5, 7.25, 13], "texture": "#0"},
				"south": {"uv": [5.125, 12.5, 7.25, 13], "texture": "#0"},
				"west": {"uv": [5.125, 12.5, 7.25, 13], "texture": "#0"},
				"up": {"uv": [5.125, 12.5, 7.25, 13], "texture": "#0"},
				"down": {"uv": [5.125, 12.5, 7.25, 13], "texture": "#0"}
			}
		},
		{
			"from": [9.38739, 7.40993, 8.08551],
			"to": [11.31981, 8.99551, 10.56299],
			"rotation": {"angle": -22.5, "axis": "x", "origin": [9.13716, 7.5106, 7.74349]},
			"faces": {
				"north": {"uv": [4, 10.5, 3.5, 11], "texture": "#0"},
				"east": {"uv": [10.5, 1.5, 9.5, 2], "texture": "#0"},
				"south": {"uv": [4.5, 10.5, 4, 11], "texture": "#0"},
				"west": {"uv": [2.5, 9.5, 1.5, 10], "texture": "#0"},
				"up": {"uv": [8, 4, 8.5, 3], "texture": "#0"},
				"down": {"uv": [3.5, 8, 4, 9], "texture": "#0"}
			}
		},
		{
			"from": [9.38739, 7.40993, 5.60804],
			"to": [10.92342, 8.99551, 8.08551],
			"rotation": {"angle": -22.5, "axis": "x", "origin": [9.13716, 7.5106, 7.74349]},
			"faces": {
				"north": {"uv": [6, 11, 5.5, 11.5], "texture": "#0"},
				"east": {"uv": [10.5, 3, 9.5, 3.5], "texture": "#0"},
				"south": {"uv": [6.5, 11, 6, 11.5], "texture": "#0"},
				"west": {"uv": [3.5, 9.5, 2.5, 10], "texture": "#0"},
				"up": {"uv": [9.5, 4.5, 10, 3.5], "texture": "#0"},
				"down": {"uv": [4, 9.5, 4.5, 10.5], "texture": "#0"}
			}
		},
		{
			"from": [9.78378, 7.80632, 9.12605],
			"to": [11.07207, 9.5901, 14.03145],
			"rotation": {"angle": -22.5, "axis": "x", "origin": [9.63265, 7.5106, 7.74349]},
			"faces": {
				"north": {"uv": [7.25, 12.5, 5.125, 13], "texture": "#0"},
				"east": {"uv": [7.25, 12.5, 5.125, 13], "texture": "#0"},
				"south": {"uv": [7.25, 12.5, 5.125, 13], "texture": "#0"},
				"west": {"uv": [7.25, 12.5, 5.125, 13], "texture": "#0"},
				"up": {"uv": [7.25, 12.5, 5.125, 13], "texture": "#0"},
				"down": {"uv": [7.25, 12.5, 5.125, 13], "texture": "#0"}
			}
		},
		{
			"from": [9.88288, 7.61452, 10.33479],
			"to": [10.97297, 8.60551, 12.11857],
			"rotation": {"angle": -45, "axis": "x", "origin": [9.63265, 7.5106, 7.74349]},
			"faces": {
				"north": {"uv": [7.25, 12.5, 5.125, 13], "texture": "#0"},
				"east": {"uv": [7.25, 12.5, 5.125, 13], "texture": "#0"},
				"south": {"uv": [7.25, 12.5, 5.125, 13], "texture": "#0"},
				"west": {"uv": [7.25, 12.5, 5.125, 13], "texture": "#0"},
				"up": {"uv": [7.25, 12.5, 5.125, 13], "texture": "#0"},
				"down": {"uv": [7.25, 12.5, 5.125, 13], "texture": "#0"}
			}
		},
		{
			"from": [9.93243, 11.54503, 9.31895],
			"to": [11.02252, 13.32881, 10.60724],
			"rotation": {"angle": 22.5, "axis": "x", "origin": [9.6822, 7.5106, 7.74349]},
			"faces": {
				"north": {"uv": [7.25, 12.5, 5.125, 13], "texture": "#0"},
				"east": {"uv": [7.25, 12.5, 5.125, 13], "texture": "#0"},
				"south": {"uv": [7.25, 12.5, 5.125, 13], "texture": "#0"},
				"west": {"uv": [7.25, 12.5, 5.125, 13], "texture": "#0"},
				"up": {"uv": [7.25, 12.5, 5.125, 13], "texture": "#0"},
				"down": {"uv": [7.25, 12.5, 5.125, 13], "texture": "#0"}
			}
		},
		{
			"from": [10.08108, 13.32881, 9.36851],
			"to": [10.87387, 14.1216, 9.864],
			"rotation": {"angle": 22.5, "axis": "x", "origin": [9.6822, 7.5106, 7.74349]},
			"faces": {
				"north": {"uv": [7.25, 12.5, 5.125, 13], "texture": "#0"},
				"east": {"uv": [7.25, 12.5, 5.125, 13], "texture": "#0"},
				"south": {"uv": [7.25, 12.5, 5.125, 13], "texture": "#0"},
				"west": {"uv": [7.25, 12.5, 5.125, 13], "texture": "#0"},
				"up": {"uv": [7.25, 12.5, 5.125, 13], "texture": "#0"},
				"down": {"uv": [7.25, 12.5, 5.125, 13], "texture": "#0"}
			}
		},
		{
			"from": [9.73424, 11.38466, 11.15267],
			"to": [11.22071, 12.87114, 15.90942],
			"rotation": {"angle": -45, "axis": "x", "origin": [10.57657, 11.43421, 13.43194]},
			"faces": {
				"north": {"uv": [7.25, 12.5, 5.125, 13], "texture": "#0"},
				"east": {"uv": [7.25, 12.5, 5.125, 13], "texture": "#0"},
				"south": {"uv": [7.25, 12.5, 5.125, 13], "texture": "#0"},
				"west": {"uv": [7.25, 12.5, 5.125, 13], "texture": "#0"},
				"up": {"uv": [7.25, 12.5, 5.125, 13], "texture": "#0"},
				"down": {"uv": [7.25, 12.5, 5.125, 13], "texture": "#0"}
			}
		},
		{
			"from": [9.88288, 8.56533, 12.47702],
			"to": [11.12161, 12.62839, 13.9635],
			"rotation": {"angle": 22.5, "axis": "x", "origin": [10.57657, 10.9437, 14.0626]},
			"faces": {
				"north": {"uv": [7.25, 12.5, 5.125, 13], "texture": "#0"},
				"east": {"uv": [7.25, 12.5, 5.125, 13], "texture": "#0"},
				"south": {"uv": [7.25, 12.5, 5.125, 13], "texture": "#0"},
				"west": {"uv": [7.25, 12.5, 5.125, 13], "texture": "#0"},
				"up": {"uv": [7.25, 12.5, 5.125, 13], "texture": "#0"},
				"down": {"uv": [7.25, 12.5, 5.125, 13], "texture": "#0"}
			}
		},
		{
			"from": [9.98198, 8.81498, 8.93993],
			"to": [10.97297, 9.90507, 13.00299],
			"rotation": {"angle": 0, "axis": "y", "origin": [10.57657, 10.94561, 13.15165]},
			"faces": {
				"north": {"uv": [7.25, 12.5, 5.125, 13], "texture": "#0"},
				"east": {"uv": [7.25, 12.5, 5.125, 13], "texture": "#0"},
				"south": {"uv": [7.25, 12.5, 5.125, 13], "texture": "#0"},
				"west": {"uv": [7.25, 12.5, 5.125, 13], "texture": "#0"},
				"up": {"uv": [7.25, 12.5, 5.125, 13], "texture": "#0"},
				"down": {"uv": [7.25, 12.5, 5.125, 13], "texture": "#0"}
			}
		},
		{
			"from": [9.93243, 11.89571, 14.74574],
			"to": [11.02252, 13.48129, 18.5115],
			"rotation": {"angle": -22.5, "axis": "x", "origin": [10.57657, 11.99481, 13.0115]},
			"faces": {
				"north": {"uv": [8.5, 10, 8, 10.5], "texture": "#0"},
				"east": {"uv": [8.5, 10, 8, 10.5], "texture": "#0"},
				"south": {"uv": [8.5, 10, 8, 10.5], "texture": "#0"},
				"west": {"uv": [8.5, 10, 8, 10.5], "texture": "#0"},
				"up": {"uv": [8.5, 10, 8, 10.5], "texture": "#0"},
				"down": {"uv": [8.5, 10, 8, 10.5], "texture": "#0"}
			}
		},
		{
			"from": [9.93243, 10.90472, 13.25925],
			"to": [11.02252, 11.89571, 17.02501],
			"rotation": {"angle": -22.5, "axis": "x", "origin": [10.57657, 11.99481, 13.0115]},
			"faces": {
				"north": {"uv": [7.25, 12.5, 5.125, 13], "texture": "#0"},
				"east": {"uv": [7.25, 12.5, 5.125, 13], "texture": "#0"},
				"south": {"uv": [7.25, 12.5, 5.125, 13], "texture": "#0"},
				"west": {"uv": [7.25, 12.5, 5.125, 13], "texture": "#0"},
				"up": {"uv": [7.25, 12.5, 5.125, 13], "texture": "#0"},
				"down": {"uv": [7.25, 12.5, 5.125, 13], "texture": "#0"}
			}
		},
		{
			"from": [9.93243, 12.6885, 18.5115],
			"to": [11.02252, 13.48129, 20.98897],
			"rotation": {"angle": -22.5, "axis": "x", "origin": [10.57657, 11.99481, 13.0115]},
			"faces": {
				"north": {"uv": [8.5, 10, 8, 10.5], "texture": "#0"},
				"east": {"uv": [8.5, 10, 8, 10.5], "texture": "#0"},
				"south": {"uv": [8.5, 10, 8, 10.5], "texture": "#0"},
				"west": {"uv": [8.5, 10, 8, 10.5], "texture": "#0"},
				"up": {"uv": [8.5, 10, 8, 10.5], "texture": "#0"},
				"down": {"uv": [8.5, 10, 8, 10.5], "texture": "#0"}
			}
		},
		{
			"from": [9.93243, 9.36357, 12.42374],
			"to": [11.02252, 10.94916, 16.1895],
			"rotation": {"angle": 0, "axis": "y", "origin": [10.57657, 10.70142, 16.36292]},
			"faces": {
				"north": {"uv": [7.25, 12.5, 5.125, 13], "texture": "#0"},
				"east": {"uv": [7.25, 12.5, 5.125, 13], "texture": "#0"},
				"south": {"uv": [7.25, 12.5, 5.125, 13], "texture": "#0"},
				"west": {"uv": [7.25, 12.5, 5.125, 13], "texture": "#0"},
				"up": {"uv": [7.25, 12.5, 5.125, 13], "texture": "#0"},
				"down": {"uv": [7.25, 12.5, 5.125, 13], "texture": "#0"}
			}
		},
		{
			"from": [9.88288, 10.15637, 16.1895],
			"to": [10.97297, 10.94916, 18.66697],
			"rotation": {"angle": 0, "axis": "y", "origin": [10.57657, 10.70142, 16.36292]},
			"faces": {
				"north": {"uv": [7.25, 12.5, 5.125, 13], "texture": "#0"},
				"east": {"uv": [7.25, 12.5, 5.125, 13], "texture": "#0"},
				"south": {"uv": [7.25, 12.5, 5.125, 13], "texture": "#0"},
				"west": {"uv": [7.25, 12.5, 5.125, 13], "texture": "#0"},
				"up": {"uv": [7.25, 12.5, 5.125, 13], "texture": "#0"},
				"down": {"uv": [7.25, 12.5, 5.125, 13], "texture": "#0"}
			}
		},
		{
			"from": [9.38739, 8.01916, 6.63965],
			"to": [10.67567, 9.60475, 9.41442],
			"rotation": {"angle": -45, "axis": "x", "origin": [9.13716, 7.5106, 7.74349]},
			"faces": {
				"north": {"uv": [9.5, 11, 9, 11.5], "texture": "#0"},
				"east": {"uv": [9.5, 3.5, 8.5, 4], "texture": "#0"},
				"south": {"uv": [11.5, 9, 11, 9.5], "texture": "#0"},
				"west": {"uv": [9.5, 3, 8.5, 3.5], "texture": "#0"},
				"up": {"uv": [3, 9.5, 3.5, 8.5], "texture": "#0"},
				"down": {"uv": [4, 8.5, 4.5, 9.5], "texture": "#0"}
			}
		},
		{
			"from": [9.58558, 9.24782, 6.62242],
			"to": [10.47747, 11.52709, 7.51431],
			"rotation": {"angle": 22.5, "axis": "x", "origin": [9.13716, 7.5106, 7.74349]},
			"faces": {
				"north": {"uv": [7.25, 12.5, 5.125, 13], "texture": "#0"},
				"east": {"uv": [7.25, 12.5, 5.125, 13], "texture": "#0"},
				"south": {"uv": [7.25, 12.5, 5.125, 13], "texture": "#0"},
				"west": {"uv": [7.25, 12.5, 5.125, 13], "texture": "#0"},
				"up": {"uv": [7.25, 12.5, 5.125, 13], "texture": "#0"},
				"down": {"uv": [7.25, 12.5, 5.125, 13], "texture": "#0"}
			}
		},
		{
			"from": [9.58558, 11.52709, 6.62242],
			"to": [10.47747, 12.71628, 7.31611],
			"rotation": {"angle": 22.5, "axis": "x", "origin": [9.13716, 7.5106, 7.74349]},
			"faces": {
				"north": {"uv": [7.25, 12.5, 5.125, 13], "texture": "#0"},
				"east": {"uv": [7.25, 12.5, 5.125, 13], "texture": "#0"},
				"south": {"uv": [7.25, 12.5, 5.125, 13], "texture": "#0"},
				"west": {"uv": [7.25, 12.5, 5.125, 13], "texture": "#0"},
				"up": {"uv": [7.25, 12.5, 5.125, 13], "texture": "#0"},
				"down": {"uv": [7.25, 12.5, 5.125, 13], "texture": "#0"}
			}
		},
		{
			"from": [8.79279, 8.10362, 3.13056],
			"to": [10.18018, 9.19371, 6.20263],
			"rotation": {"angle": -22.5, "axis": "x", "origin": [9.13716, 7.5106, 7.74349]},
			"faces": {
				"north": {"uv": [11.5, 11.5, 11, 12], "texture": "#0"},
				"east": {"uv": [6.5, 10.5, 5.5, 11], "texture": "#0"},
				"south": {"uv": [12, 11, 11.5, 11.5], "texture": "#0"},
				"west": {"uv": [11.5, 5, 10.5, 5.5], "texture": "#0"},
				"up": {"uv": [8.5, 5, 9, 4], "texture": "#0"},
				"down": {"uv": [4.5, 8.5, 5, 9.5], "texture": "#0"}
			}
		},
		{
			"from": [9.48648, 7.34692, 8.42825],
			"to": [11.12161, 8.9325, 10.70753],
			"rotation": {"angle": -45, "axis": "x", "origin": [9.13716, 7.5106, 7.74349]},
			"faces": {
				"north": {"uv": [10, 11, 9.5, 11.5], "texture": "#0"},
				"east": {"uv": [10.5, 6, 9.5, 6.5], "texture": "#0"},
				"south": {"uv": [11.5, 9.5, 11, 10], "texture": "#0"},
				"west": {"uv": [10.5, 4.5, 9.5, 5], "texture": "#0"},
				"up": {"uv": [4.5, 10.5, 5, 9.5], "texture": "#0"},
				"down": {"uv": [9.5, 6.5, 10, 7.5], "texture": "#0"}
			}
		},
		{
			"from": [9.43693, 3.60028, 6.94068],
			"to": [10.42792, 4.78947, 11.59834],
			"rotation": {"angle": 22.5, "axis": "y", "origin": [9.13716, 3.91319, 7.74349]},
			"faces": {
				"north": {"uv": [8.5, 12, 8, 12.5], "texture": "#0"},
				"east": {"uv": [7.5, 8.5, 6, 9], "texture": "#0"},
				"south": {"uv": [12.5, 8, 12, 8.5], "texture": "#0"},
				"west": {"uv": [10, 5, 8.5, 5.5], "texture": "#0"},
				"up": {"uv": [7.5, 10, 8, 8.5], "texture": "#0"},
				"down": {"uv": [8, 8.5, 8.5, 10], "texture": "#0"}
			}
		},
		{
			"from": [9.53603, 4.98767, 7.33708],
			"to": [10.52702, 6.17685, 11.49924],
			"rotation": {"angle": 22.5, "axis": "y", "origin": [9.13716, 3.91319, 7.74349]},
			"faces": {
				"north": {"uv": [9, 12, 8.5, 12.5], "texture": "#0"},
				"east": {"uv": [9.5, 9, 8.5, 9.5], "texture": "#0"},
				"south": {"uv": [12.5, 8.5, 12, 9], "texture": "#0"},
				"west": {"uv": [10, 8, 9, 8.5], "texture": "#0"},
				"up": {"uv": [0, 10.5, 0.5, 9.5], "texture": "#0"},
				"down": {"uv": [9.5, 0, 10, 1], "texture": "#0"}
			}
		},
		{
			"from": [9.43693, 4.49217, 7.83257],
			"to": [10.32882, 5.68136, 11.35059],
			"rotation": {"angle": 22.5, "axis": "y", "origin": [9.13716, 3.91319, 7.74349]},
			"faces": {
				"north": {"uv": [9.5, 12, 9, 12.5], "texture": "#0"},
				"east": {"uv": [10.5, 9, 9.5, 9.5], "texture": "#0"},
				"south": {"uv": [12.5, 9, 12, 9.5], "texture": "#0"},
				"west": {"uv": [10.5, 7.5, 9.5, 8], "texture": "#0"},
				"up": {"uv": [9.5, 10.5, 10, 9.5], "texture": "#0"},
				"down": {"uv": [10, 0, 10.5, 1], "texture": "#0"}
			}
		},
		{
			"from": [9.43693, 5.68136, 7.83257],
			"to": [10.42792, 7.16784, 11.35059],
			"rotation": {"angle": 22.5, "axis": "y", "origin": [9.13716, 3.91319, 7.74349]},
			"faces": {
				"north": {"uv": [12, 11.5, 11.5, 12], "texture": "#0"},
				"east": {"uv": [8.5, 6.5, 7.5, 7], "texture": "#0"},
				"south": {"uv": [0.5, 12, 0, 12.5], "texture": "#0"},
				"west": {"uv": [8.5, 6, 7.5, 6.5], "texture": "#0"},
				"up": {"uv": [0.5, 11, 1, 10], "texture": "#0"},
				"down": {"uv": [1, 10, 1.5, 11], "texture": "#0"}
			}
		},
		{
			"from": [9.63513, 6.47415, 8.12987],
			"to": [10.62613, 7.66334, 11.40014],
			"rotation": {"angle": 22.5, "axis": "y", "origin": [9.13716, 3.91319, 7.74349]},
			"faces": {
				"north": {"uv": [10, 12, 9.5, 12.5], "texture": "#0"},
				"east": {"uv": [2.5, 10, 1.5, 10.5], "texture": "#0"},
				"south": {"uv": [12.5, 9.5, 12, 10], "texture": "#0"},
				"west": {"uv": [11, 1, 10, 1.5], "texture": "#0"},
				"up": {"uv": [10, 3, 10.5, 2], "texture": "#0"},
				"down": {"uv": [2.5, 10, 3, 11], "texture": "#0"}
			}
		},
		{
			"from": [11.02252, 3.79977, 10.67341],
			"to": [11.71621, 4.59257, 12.20944],
			"rotation": {"angle": 0, "axis": "y", "origin": [11.51802, 7.07004, 11.5653]},
			"faces": {
				"north": {"uv": [7.25, 12.5, 5.125, 13], "texture": "#0"},
				"east": {"uv": [7.25, 12.5, 5.125, 13], "texture": "#0"},
				"south": {"uv": [7.25, 12.5, 5.125, 13], "texture": "#0"},
				"west": {"uv": [7.25, 12.5, 5.125, 13], "texture": "#0"},
				"up": {"uv": [7.25, 12.5, 5.125, 13], "texture": "#0"},
				"down": {"uv": [7.25, 12.5, 5.125, 13], "texture": "#0"}
			}
		},
		{
			"from": [11.07207, 5.23671, 10.47521],
			"to": [11.76576, 6.02951, 12.65539],
			"rotation": {"angle": 0, "axis": "y", "origin": [11.51802, 7.07004, 11.5653]},
			"faces": {
				"north": {"uv": [7.25, 12.5, 5.125, 13], "texture": "#0"},
				"east": {"uv": [7.25, 12.5, 5.125, 13], "texture": "#0"},
				"south": {"uv": [7.25, 12.5, 5.125, 13], "texture": "#0"},
				"west": {"uv": [7.25, 12.5, 5.125, 13], "texture": "#0"},
				"up": {"uv": [7.25, 12.5, 5.125, 13], "texture": "#0"},
				"down": {"uv": [7.25, 12.5, 5.125, 13], "texture": "#0"}
			}
		},
		{
			"from": [11.12161, 6.67365, 10.67341],
			"to": [11.81531, 7.46644, 12.85358],
			"rotation": {"angle": 0, "axis": "y", "origin": [11.51802, 7.07004, 11.5653]},
			"faces": {
				"north": {"uv": [7.25, 12.5, 5.125, 13], "texture": "#0"},
				"east": {"uv": [7.25, 12.5, 5.125, 13], "texture": "#0"},
				"south": {"uv": [7.25, 12.5, 5.125, 13], "texture": "#0"},
				"west": {"uv": [7.25, 12.5, 5.125, 13], "texture": "#0"},
				"up": {"uv": [7.25, 12.5, 5.125, 13], "texture": "#0"},
				"down": {"uv": [7.25, 12.5, 5.125, 13], "texture": "#0"}
			}
		},
		{
			"name": "eye",
			"from": [6.01802, 6.35604, 4.06677],
			"to": [9.98198, 7.04974, 5.05776],
			"rotation": {"angle": 0, "axis": "y", "origin": [6.86284, 7.5106, 7.74349]},
			"faces": {
				"north": {"uv": [2.75, 13, 3, 13.5], "texture": "#0"},
				"east": {"uv": [2.75, 13, 3.25, 13.5], "rotation": 180, "texture": "#0"},
				"south": {"uv": [3, 13, 3.25, 13.5], "texture": "#0"},
				"west": {"uv": [2.75, 13, 3.25, 13.5], "texture": "#0"},
				"up": {"uv": [2.75, 13, 3.25, 13.5], "texture": "#0"},
				"down": {"uv": [2.75, 13, 3.25, 13.5], "rotation": 270, "texture": "#0"}
			}
		},
		{
			"from": [7.35784, 7.44853, 1.22878],
			"to": [7.89216, 9.26799, 6.79078],
			"rotation": {"angle": 22.5, "axis": "x", "origin": [8, 7.82312, 5.82755]},
			"faces": {
				"north": {"uv": [1.5, 13, 2, 13.5], "texture": "#0"},
				"east": {"uv": [5, 12.5, 7.5, 13], "texture": "#0"},
				"south": {"uv": [5, 12.5, 7.5, 13], "texture": "#0"},
				"west": {"uv": [5, 12.5, 7.5, 13], "texture": "#0"},
				"up": {"uv": [5, 12.5, 7.5, 13], "texture": "#0"},
				"down": {"uv": [5, 12.5, 7.5, 13], "texture": "#0"}
			}
		},
		{
			"from": [7.35784, 8.44853, 0.72878],
			"to": [7.89216, 9.26799, 1.22878],
			"rotation": {"angle": 22.5, "axis": "x", "origin": [8, 7.82312, 5.82755]},
			"faces": {
				"north": {"uv": [1.5, 13, 2, 13.5], "texture": "#0"},
				"east": {"uv": [5, 12.5, 7.5, 13], "texture": "#0"},
				"south": {"uv": [5, 12.5, 7.5, 13], "texture": "#0"},
				"west": {"uv": [1.5, 13, 2, 13.375], "texture": "#0"},
				"up": {"uv": [5, 12.5, 7.5, 13], "texture": "#0"},
				"down": {"uv": [1.5, 13, 2, 13.5], "texture": "#0"}
			}
		},
		{
			"from": [7.85784, 7.44853, 0.47878],
			"to": [8.64216, 9.26799, 6.79078],
			"rotation": {"angle": 22.5, "axis": "x", "origin": [8, 7.82312, 5.82755]},
			"faces": {
				"north": {"uv": [1.5, 13, 2, 13.5], "texture": "#0"},
				"east": {"uv": [5, 12.5, 7.5, 13], "texture": "#0"},
				"south": {"uv": [5, 12.5, 7.5, 13], "texture": "#0"},
				"west": {"uv": [1.5, 13, 2, 13.375], "texture": "#0"},
				"up": {"uv": [5, 12.5, 7.5, 13], "texture": "#0"},
				"down": {"uv": [5, 12.5, 7.5, 13], "texture": "#0"}
			}
		},
		{
			"from": [8.10784, 7.44853, -0.02122],
			"to": [8.64216, 8.51799, 0.47878],
			"rotation": {"angle": 22.5, "axis": "x", "origin": [8, 7.82312, 5.82755]},
			"faces": {
				"north": {"uv": [1.5, 13, 2, 13.5], "texture": "#0"},
				"east": {"uv": [5, 12.5, 7.5, 13], "texture": "#0"},
				"south": {"uv": [5, 12.5, 7.5, 13], "texture": "#0"},
				"west": {"uv": [1.5, 13, 2, 13.375], "texture": "#0"},
				"up": {"uv": [1.5, 13, 2, 13.5], "texture": "#0"},
				"down": {"uv": [5, 12.5, 7.5, 13], "texture": "#0"}
			}
		},
		{
			"from": [7.57189, 8.26379, 4.1401],
			"to": [8.42811, 11.11742, 5.10334],
			"rotation": {"angle": -22.5, "axis": "x", "origin": [8, 9.74411, 2.58821]},
			"faces": {
				"north": {"uv": [5, 12.5, 7.5, 13], "texture": "#0"},
				"east": {"uv": [5, 12.5, 7.5, 13], "texture": "#0"},
				"south": {"uv": [5, 12.5, 7.5, 13], "texture": "#0"},
				"west": {"uv": [5, 12.5, 7.5, 13], "texture": "#0"},
				"up": {"uv": [5, 12.5, 7.5, 13], "texture": "#0"},
				"down": {"uv": [5, 12.5, 7.5, 13], "texture": "#0"}
			}
		}
	],
	"display": {
		"head": {
			"translation": [0, 4.5, -3.25],
			"scale": [4, 4, 4]
		}
	},
	"groups": [
		{
			"name": "root",
			"origin": [8, 8, 8],
			"color": 0,
			"children": [
				{
					"name": "head",
					"origin": [8, 8, 8],
					"color": 0,
					"children": [
						{
							"name": "upper",
							"origin": [8, 8, 8],
							"color": 0,
							"children": [
								0,
								1,
								2,
								3,
								4,
								5,
								6,
								7,
								8,
								9,
								10,
								11,
								12,
								13,
								14,
								15,
								16,
								17,
								18,
								{
									"name": "horne_l",
									"origin": [8, 8, 8],
									"color": 0,
									"children": [
										{
											"name": "group",
											"origin": [8, 14.9, -10.5],
											"color": 0,
											"children": [19, 20, 21, 22, 23, 24, 25, 26, 27, 28, 29, 30, 31, 32, 33, 34, 35, 36, 37]
										},
										{
											"name": "group",
											"origin": [7.025, 10.43538, -10.33148],
											"color": 0,
											"children": [38, 39, 40, 41, 42, 43, 44, 45]
										}
									]
								},
								{
									"name": "horne_r",
									"origin": [8, 8, 8],
									"color": 0,
									"children": [
										{
											"name": "group",
											"origin": [8, 14.9, -10.5],
											"color": 0,
											"children": [46, 47, 48, 49, 50, 51, 52, 53, 54, 55, 56, 57, 58, 59, 60, 61, 62, 63, 64]
										},
										{
											"name": "group",
											"origin": [7.025, 10.43538, -10.33148],
											"color": 0,
											"children": [65, 66, 67, 68, 69, 70, 71, 72]
										}
									]
								},
								73
							]
						}
					]
				},
				{
					"name": "horne",
					"origin": [8, 8, 8],
					"color": 0,
					"children": [74, 75, 76, 77, 78]
				}
			]
		}
	]
}