{
	"credit": "Made with Blockbench",
	"texture_size": [32, 32],
	"textures": {
		"0": "ruko/head",
		"particle": "ruko/head"
	},
	"elements": [
		{
			"from": [5.98494, 5.30103, 9.40174],
			"to": [8.7295, 12.49367, 12.2788],
			"rotation": {"angle": 0, "axis": "y", "origin": [7.7658, 3.44243, 7.62876]},
			"faces": {
				"north": {"uv": [2.5, 4, 1.625, 5.25], "rotation": 180, "texture": "#0"},
				"east": {"uv": [0.75, 1.75, 0, 3.25], "rotation": 180, "texture": "#0"},
				"south": {"uv": [1, 1.75, 0, 3.25], "rotation": 180, "texture": "#0"},
				"west": {"uv": [1, 1.75, 0, 3.25], "rotation": 180, "texture": "#0"},
				"up": {"uv": [1, 1.75, 0, 3.25], "rotation": 180, "texture": "#0"},
				"down": {"uv": [1, 1.75, 0, 3.25], "rotation": 180, "texture": "#0"}
			}
		},
		{
			"from": [5.26259, 2.36056, 7.13953],
			"to": [9.36429, 4.9007, 12.13652],
			"rotation": {"angle": -22.5, "axis": "x", "origin": [7.7658, 3.44243, 7.62876]},
			"faces": {
				"north": {"uv": [0, 3.25, 1, 1.75], "rotation": 90, "texture": "#0"},
				"east": {"uv": [0, 3.25, 1, 1.75], "rotation": 90, "texture": "#0"},
				"south": {"uv": [0, 3.25, 1, 1.75], "rotation": 90, "texture": "#0"},
				"west": {"uv": [0, 3.25, 1, 1.75], "rotation": 90, "texture": "#0"},
				"up": {"uv": [2.5, 4.125, 1.5, 5.5], "rotation": 180, "texture": "#0"},
				"down": {"uv": [0, 3.25, 1, 1.75], "rotation": 90, "texture": "#0"}
			}
		},
		{
			"from": [5.78311, 2.36056, 12.13652],
			"to": [8.84377, 4.9007, 13.17756],
			"rotation": {"angle": -22.5, "axis": "x", "origin": [7.7658, 3.44243, 7.62876]},
			"faces": {
				"north": {"uv": [0, 3.25, 1, 1.75], "rotation": 90, "texture": "#0"},
				"east": {"uv": [0, 3.25, 1, 1.75], "rotation": 90, "texture": "#0"},
				"south": {"uv": [0, 3.25, 1, 1.75], "rotation": 90, "texture": "#0"},
				"west": {"uv": [0, 3.25, 1, 1.75], "rotation": 90, "texture": "#0"},
				"up": {"uv": [0, 3.25, 1, 1.75], "rotation": 90, "texture": "#0"},
				"down": {"uv": [0, 3.25, 1, 1.75], "rotation": 90, "texture": "#0"}
			}
		},
		{
			"from": [8.32866, 2.53068, 5.83102],
			"to": [9.74681, 4.46935, 7.74654],
			"rotation": {"angle": -22.5, "axis": "x", "origin": [7.7658, 3.44243, 7.62876]},
			"faces": {
				"north": {"uv": [0, 3.25, 1, 1.75], "rotation": 90, "texture": "#0"},
				"east": {"uv": [0, 3.25, 1, 1.75], "rotation": 90, "texture": "#0"},
				"south": {"uv": [0, 3.25, 1, 1.75], "rotation": 90, "texture": "#0"},
				"west": {"uv": [0, 3.25, 1, 1.75], "rotation": 90, "texture": "#0"},
				"up": {"uv": [1.875, 4.25, 1.5, 4.75], "texture": "#0"},
				"down": {"uv": [0, 3.25, 1, 1.75], "rotation": 90, "texture": "#0"}
			}
		},
		{
			"from": [8.51775, 1.00385, 5.65511],
			"to": [9.55772, 2.91937, 6.90329],
			"rotation": {"angle": 22.5, "axis": "x", "origin": [7.7658, 3.44243, 7.62876]},
			"faces": {
				"north": {"uv": [2.75, 13, 2.375, 13.875], "rotation": 180, "texture": "#0"},
				"east": {"uv": [2.75, 13, 2.375, 13.875], "rotation": 180, "texture": "#0"},
				"south": {"uv": [2.75, 13, 2.375, 13.875], "rotation": 180, "texture": "#0"},
				"west": {"uv": [2.75, 13, 2.375, 13.875], "rotation": 180, "texture": "#0"},
				"up": {"uv": [2.75, 13, 2.375, 13.875], "rotation": 180, "texture": "#0"},
				"down": {"uv": [2.75, 13, 2.375, 13.875], "rotation": 180, "texture": "#0"}
			}
		},
		{
			"from": [8.66816, 0.72633, 4.94659],
			"to": [9.42164, 2.05886, 5.70007],
			"rotation": {"angle": 0, "axis": "y", "origin": [7.7658, 3.44243, 7.62876]},
			"faces": {
				"north": {"uv": [2, 13.875, 2.375, 13], "rotation": 270, "texture": "#0"},
				"east": {"uv": [2, 13.875, 2.375, 13], "rotation": 270, "texture": "#0"},
				"south": {"uv": [2, 13.875, 2.375, 13], "rotation": 270, "texture": "#0"},
				"west": {"uv": [2, 13.875, 2.375, 13], "rotation": 270, "texture": "#0"},
				"up": {"uv": [2, 13.875, 2.375, 13], "rotation": 270, "texture": "#0"},
				"down": {"uv": [2, 13.875, 2.375, 13], "rotation": 270, "texture": "#0"}
			}
		},
		{
			"from": [8.84918, 2.53068, 9.47466],
			"to": [10.26733, 4.46935, 11.39018],
			"rotation": {"angle": -22.5, "axis": "x", "origin": [7.7658, 3.44243, 7.62876]},
			"faces": {
				"north": {"uv": [0, 3.25, 1, 1.75], "rotation": 90, "texture": "#0"},
				"east": {"uv": [0, 3.25, 1, 1.75], "rotation": 90, "texture": "#0"},
				"south": {"uv": [0, 3.25, 1, 1.75], "rotation": 90, "texture": "#0"},
				"west": {"uv": [0, 3.25, 1, 1.75], "rotation": 90, "texture": "#0"},
				"up": {"uv": [1.5, 3.75, 1.875, 4.875], "rotation": 180, "texture": "#0"},
				"down": {"uv": [0, 3.25, 1, 1.75], "rotation": 90, "texture": "#0"}
			}
		},
		{
			"from": [9.03827, 3.58029, 8.23155],
			"to": [10.07824, 5.49581, 9.47973],
			"rotation": {"angle": 22.5, "axis": "x", "origin": [7.7658, 3.44243, 7.62876]},
			"faces": {
				"north": {"uv": [2.75, 13, 2.375, 13.875], "rotation": 180, "texture": "#0"},
				"east": {"uv": [2.75, 13, 2.375, 13.875], "rotation": 180, "texture": "#0"},
				"south": {"uv": [2.75, 13, 2.375, 13.875], "rotation": 180, "texture": "#0"},
				"west": {"uv": [2.75, 13, 2.375, 13.875], "rotation": 180, "texture": "#0"},
				"up": {"uv": [2.75, 13, 2.375, 13.875], "rotation": 180, "texture": "#0"},
				"down": {"uv": [2.75, 13, 2.375, 13.875], "rotation": 180, "texture": "#0"}
			}
		},
		{
			"from": [9.18868, 2.12069, 8.31288],
			"to": [9.94216, 3.45322, 9.06636],
			"rotation": {"angle": 0, "axis": "y", "origin": [7.7658, 3.44243, 7.62876]},
			"faces": {
				"north": {"uv": [2, 13.875, 2.375, 13], "rotation": 270, "texture": "#0"},
				"east": {"uv": [2, 13.875, 2.375, 13], "rotation": 270, "texture": "#0"},
				"south": {"uv": [2, 13.875, 2.375, 13], "rotation": 270, "texture": "#0"},
				"west": {"uv": [2, 13.875, 2.375, 13], "rotation": 270, "texture": "#0"},
				"up": {"uv": [2, 13.875, 2.375, 13], "rotation": 270, "texture": "#0"},
				"down": {"uv": [2, 13.875, 2.375, 13], "rotation": 270, "texture": "#0"}
			}
		},
		{
			"from": [6.60437, 2.53068, 5.83102],
			"to": [8.02251, 4.46935, 7.74654],
			"rotation": {"angle": -22.5, "axis": "x", "origin": [7.7658, 3.44243, 7.62876]},
			"faces": {
				"north": {"uv": [0, 3.25, 1, 1.75], "rotation": 90, "texture": "#0"},
				"east": {"uv": [0, 3.25, 1, 1.75], "rotation": 90, "texture": "#0"},
				"south": {"uv": [0, 3.25, 1, 1.75], "rotation": 90, "texture": "#0"},
				"west": {"uv": [0, 3.25, 1, 1.75], "rotation": 90, "texture": "#0"},
				"up": {"uv": [1.875, 4.25, 1.5, 4.75], "texture": "#0"},
				"down": {"uv": [0, 3.25, 1, 1.75], "rotation": 90, "texture": "#0"}
			}
		},
		{
			"from": [6.79345, 1.00385, 5.65511],
			"to": [7.83343, 2.91937, 6.90329],
			"rotation": {"angle": 22.5, "axis": "x", "origin": [7.7658, 3.44243, 7.62876]},
			"faces": {
				"north": {"uv": [2.75, 13, 2.375, 13.875], "rotation": 180, "texture": "#0"},
				"east": {"uv": [2.75, 13, 2.375, 13.875], "rotation": 180, "texture": "#0"},
				"south": {"uv": [2.75, 13, 2.375, 13.875], "rotation": 180, "texture": "#0"},
				"west": {"uv": [2.75, 13, 2.375, 13.875], "rotation": 180, "texture": "#0"},
				"up": {"uv": [2.75, 13, 2.375, 13.875], "rotation": 180, "texture": "#0"},
				"down": {"uv": [2.75, 13, 2.375, 13.875], "rotation": 180, "texture": "#0"}
			}
		},
		{
			"from": [6.9367, 0.72633, 4.94659],
			"to": [7.69018, 2.05886, 5.70007],
			"rotation": {"angle": 0, "axis": "y", "origin": [7.7658, 3.44243, 7.62876]},
			"faces": {
				"north": {"uv": [2, 13.875, 2.375, 13], "rotation": 270, "texture": "#0"},
				"east": {"uv": [2, 13.875, 2.375, 13], "rotation": 270, "texture": "#0"},
				"south": {"uv": [2, 13.875, 2.375, 13], "rotation": 270, "texture": "#0"},
				"west": {"uv": [2, 13.875, 2.375, 13], "rotation": 270, "texture": "#0"},
				"up": {"uv": [2, 13.875, 2.375, 13], "rotation": 270, "texture": "#0"},
				"down": {"uv": [2, 13.875, 2.375, 13], "rotation": 270, "texture": "#0"}
			}
		},
		{
			"from": [4.88007, 2.53068, 5.83102],
			"to": [6.29822, 4.46935, 7.74654],
			"rotation": {"angle": -22.5, "axis": "x", "origin": [7.7658, 3.44243, 7.62876]},
			"faces": {
				"north": {"uv": [0, 3.25, 1, 1.75], "rotation": 90, "texture": "#0"},
				"east": {"uv": [0, 3.25, 1, 1.75], "rotation": 90, "texture": "#0"},
				"south": {"uv": [0, 3.25, 1, 1.75], "rotation": 90, "texture": "#0"},
				"west": {"uv": [0, 3.25, 1, 1.75], "rotation": 90, "texture": "#0"},
				"up": {"uv": [1.875, 4.25, 1.5, 4.75], "texture": "#0"},
				"down": {"uv": [0, 3.25, 1, 1.75], "rotation": 90, "texture": "#0"}
			}
		},
		{
			"from": [5.06916, 1.00385, 5.65511],
			"to": [6.10913, 2.91937, 6.90329],
			"rotation": {"angle": 22.5, "axis": "x", "origin": [7.7658, 3.44243, 7.62876]},
			"faces": {
				"north": {"uv": [2.75, 13, 2.375, 13.875], "rotation": 180, "texture": "#0"},
				"east": {"uv": [2.75, 13, 2.375, 13.875], "rotation": 180, "texture": "#0"},
				"south": {"uv": [2.75, 13, 2.375, 13.875], "rotation": 180, "texture": "#0"},
				"west": {"uv": [2.75, 13, 2.375, 13.875], "rotation": 180, "texture": "#0"},
				"up": {"uv": [2.75, 13, 2.375, 13.875], "rotation": 180, "texture": "#0"},
				"down": {"uv": [2.75, 13, 2.375, 13.875], "rotation": 180, "texture": "#0"}
			}
		},
		{
			"from": [5.20524, 0.72633, 4.94659],
			"to": [5.95872, 2.05886, 5.70007],
			"rotation": {"angle": 0, "axis": "y", "origin": [7.7658, 3.44243, 7.62876]},
			"faces": {
				"north": {"uv": [2, 13.875, 2.375, 13], "rotation": 270, "texture": "#0"},
				"east": {"uv": [2, 13.875, 2.375, 13], "rotation": 270, "texture": "#0"},
				"south": {"uv": [2, 13.875, 2.375, 13], "rotation": 270, "texture": "#0"},
				"west": {"uv": [2, 13.875, 2.375, 13], "rotation": 270, "texture": "#0"},
				"up": {"uv": [2, 13.875, 2.375, 13], "rotation": 270, "texture": "#0"},
				"down": {"uv": [2, 13.875, 2.375, 13], "rotation": 270, "texture": "#0"}
			}
		},
		{
			"from": [9.20072, 14.60256, 10.64437],
			"to": [10.21628, 16.8812, 11.79606],
			"rotation": {"angle": -45, "axis": "z", "origin": [9.94917, 13.6077, 11.22022]},
			"faces": {
				"north": {"uv": [5, 13.004, 6.251, 12.5], "rotation": 90, "texture": "#0"},
				"east": {"uv": [5, 13.004, 6.251, 12.5], "rotation": 90, "texture": "#0"},
				"south": {"uv": [5, 13.004, 6.251, 12.5], "rotation": 90, "texture": "#0"},
				"west": {"uv": [5, 13.004, 6.251, 12.5], "rotation": 90, "texture": "#0"},
				"up": {"uv": [5, 13.004, 6.251, 12.5], "rotation": 90, "texture": "#0"},
				"down": {"uv": [5, 13.004, 6.251, 12.5], "rotation": 90, "texture": "#0"}
			}
		},
		{
			"from": [8.74572, 10.96256, 10.64437],
			"to": [10.21628, 14.6062, 11.79606],
			"rotation": {"angle": -45, "axis": "z", "origin": [9.94917, 13.6077, 11.22022]},
			"faces": {
				"north": {"uv": [6.25, 13.004, 7.501, 12.5], "rotation": 90, "texture": "#0"},
				"east": {"uv": [6.25, 13.004, 7.501, 12.5], "rotation": 90, "texture": "#0"},
				"south": {"uv": [6.25, 13.004, 7.501, 12.5], "rotation": 90, "texture": "#0"},
				"west": {"uv": [6.25, 13.004, 7.501, 12.5], "rotation": 90, "texture": "#0"},
				"up": {"uv": [6.25, 13.004, 7.501, 12.5], "rotation": 90, "texture": "#0"},
				"down": {"uv": [6.25, 13.004, 7.501, 12.5], "rotation": 90, "texture": "#0"}
			}
		},
		{
			"from": [7.18754, 11.89789, 10.82637],
			"to": [10.83118, 13.00445, 11.61406],
			"rotation": {"angle": 22.5, "axis": "z", "origin": [9.94917, 13.6077, 11.22022]},
			"faces": {
				"north": {"uv": [6.754, 12.5, 5.125, 13.001], "rotation": 180, "texture": "#0"},
				"east": {"uv": [6.754, 12.5, 5.125, 13.001], "rotation": 180, "texture": "#0"},
				"south": {"uv": [6.754, 12.5, 5.125, 13.001], "rotation": 180, "texture": "#0"},
				"west": {"uv": [6.754, 12.5, 5.125, 13.001], "rotation": 180, "texture": "#0"},
				"up": {"uv": [6.754, 12.5, 5.125, 13.001], "rotation": 180, "texture": "#0"},
				"down": {"uv": [6.754, 12.5, 5.125, 13.001], "rotation": 180, "texture": "#0"}
			}
		},
		{
			"from": [7.18754, 10.25989, 10.82637],
			"to": [10.46718, 11.36645, 11.61406],
			"rotation": {"angle": 0, "axis": "y", "origin": [9.94917, 13.6077, 11.22022]},
			"faces": {
				"north": {"uv": [6.754, 12.5, 5.125, 13.001], "rotation": 180, "texture": "#0"},
				"east": {"uv": [6.754, 12.5, 5.125, 13.001], "rotation": 180, "texture": "#0"},
				"south": {"uv": [6.754, 12.5, 5.125, 13.001], "rotation": 180, "texture": "#0"},
				"west": {"uv": [6.754, 12.5, 5.125, 13.001], "rotation": 180, "texture": "#0"},
				"up": {"uv": [6.754, 12.5, 5.125, 13.001], "rotation": 180, "texture": "#0"},
				"down": {"uv": [6.754, 12.5, 5.125, 13.001], "rotation": 180, "texture": "#0"}
			}
		}
	],
	"display": {
		"head": {
			"rotation": [22.5, 0, 0],
			"translation": [2.5, -15.5, -15.25],
			"scale": [4, 4, 4]
		}
	},
	"groups": [
		{
			"name": "root",
			"origin": [8, 8, 8],
			"color": 0,
			"children": [
				{
					"name": "leg_l",
					"origin": [8, 8, 8],
					"color": 0,
					"children": [
						{
							"name": "2",
							"origin": [8, 8, 8],
							"color": 0,
							"children": [
								0,
								1,
								2,
								{
									"name": "group",
									"origin": [5.0635, 4.87884, 7.77597],
									"color": 0,
									"children": [3, 4, 5]
								},
								{
									"name": "group",
									"origin": [5.0635, 4.87884, 7.77597],
									"color": 0,
									"children": [6, 7, 8]
								},
								{
									"name": "group",
									"origin": [5.0635, 4.87884, 7.77597],
									"color": 0,
									"children": [9, 10, 11]
								},
								{
									"name": "group",
									"origin": [5.0635, 4.87884, 7.77597],
									"color": 0,
									"children": [12, 13, 14]
								},
								15,
								16,
								17,
								18
							]
						}
					]
				}
			]
		}
	]
}