{
	"credit": "Made with Blockbench",
	"texture_size": [32, 32],
	"textures": {
		"0": "ruko/head",
		"particle": "ruko/head"
	},
	"elements": [
		{
			"from": [7.2705, 5.30103, 9.40174],
			"to": [10.01506, 12.49367, 12.2788],
			"rotation": {"angle": 0, "axis": "y", "origin": [8.2342, 3.44243, 7.62876]},
			"faces": {
				"north": {"uv": [1.625, 4, 2.5, 5.25], "rotation": 180, "texture": "#0"},
				"east": {"uv": [0, 1.75, 1, 3.25], "rotation": 180, "texture": "#0"},
				"south": {"uv": [0, 1.75, 1, 3.25], "rotation": 180, "texture": "#0"},
				"west": {"uv": [0, 1.75, 0.75, 3.25], "rotation": 180, "texture": "#0"},
				"up": {"uv": [0, 1.75, 1, 3.25], "rotation": 180, "texture": "#0"},
				"down": {"uv": [0, 1.75, 1, 3.25], "rotation": 180, "texture": "#0"}
			}
		},
		{
			"from": [6.63571, 2.36056, 7.13953],
			"to": [10.73741, 4.9007, 12.13652],
			"rotation": {"angle": -22.5, "axis": "x", "origin": [8.2342, 3.44243, 7.62876]},
			"faces": {
				"north": {"uv": [0, 1.75, 1, 3.25], "rotation": 90, "texture": "#0"},
				"east": {"uv": [0, 1.75, 1, 3.25], "rotation": 90, "texture": "#0"},
				"south": {"uv": [0, 1.75, 1, 3.25], "rotation": 90, "texture": "#0"},
				"west": {"uv": [0, 1.75, 1, 3.25], "rotation": 90, "texture": "#0"},
				"up": {"uv": [1.5, 4.125, 2.5, 5.5], "rotation": 180, "texture": "#0"},
				"down": {"uv": [0, 1.75, 1, 3.25], "rotation": 90, "texture": "#0"}
			}
		},
		{
			"from": [7.15623, 2.36056, 12.13652],
			"to": [10.21689, 4.9007, 13.17756],
			"rotation": {"angle": -22.5, "axis": "x", "origin": [8.2342, 3.44243, 7.62876]},
			"faces": {
				"north": {"uv": [0, 1.75, 1, 3.25], "rotation": 90, "texture": "#0"},
				"east": {"uv": [0, 1.75, 1, 3.25], "rotation": 90, "texture": "#0"},
				"south": {"uv": [0, 1.75, 1, 3.25], "rotation": 90, "texture": "#0"},
				"west": {"uv": [0, 1.75, 1, 3.25], "rotation": 90, "texture": "#0"},
				"up": {"uv": [0, 1.75, 1, 3.25], "rotation": 90, "texture": "#0"},
				"down": {"uv": [0, 1.75, 1, 3.25], "rotation": 90, "texture": "#0"}
			}
		},
		{
			"from": [6.25319, 2.53068, 5.83102],
			"to": [7.67134, 4.46935, 7.74654],
			"rotation": {"angle": -22.5, "axis": "x", "origin": [8.2342, 3.44243, 7.62876]},
			"faces": {
				"north": {"uv": [0, 1.75, 1, 3.25], "rotation": 90, "texture": "#0"},
				"east": {"uv": [0, 1.75, 1, 3.25], "rotation": 90, "texture": "#0"},
				"south": {"uv": [0, 1.75, 1, 3.25], "rotation": 90, "texture": "#0"},
				"west": {"uv": [0, 1.75, 1, 3.25], "rotation": 90, "texture": "#0"},
				"up": {"uv": [1.5, 4.25, 1.875, 4.75], "texture": "#0"},
				"down": {"uv": [0, 1.75, 1, 3.25], "rotation": 90, "texture": "#0"}
			}
		},
		{
			"from": [6.44228, 1.00385, 5.65511],
			"to": [7.48225, 2.91937, 6.90329],
			"rotation": {"angle": 22.5, "axis": "x", "origin": [8.2342, 3.44243, 7.62876]},
			"faces": {
				"north": {"uv": [2.375, 13, 2.75, 13.875], "rotation": 180, "texture": "#0"},
				"east": {"uv": [2.375, 13, 2.75, 13.875], "rotation": 180, "texture": "#0"},
				"south": {"uv": [2.375, 13, 2.75, 13.875], "rotation": 180, "texture": "#0"},
				"west": {"uv": [2.375, 13, 2.75, 13.875], "rotation": 180, "texture": "#0"},
				"up": {"uv": [2.375, 13, 2.75, 13.875], "rotation": 180, "texture": "#0"},
				"down": {"uv": [2.375, 13, 2.75, 13.875], "rotation": 180, "texture": "#0"}
			}
		},
		{
			"from": [6.57836, 0.72633, 4.94659],
			"to": [7.33184, 2.05886, 5.70007],
			"rotation": {"angle": 0, "axis": "y", "origin": [8.2342, 3.44243, 7.62876]},
			"faces": {
				"north": {"uv": [2, 13, 2.375, 13.875], "rotation": 270, "texture": "#0"},
				"east": {"uv": [2, 13, 2.375, 13.875], "rotation": 270, "texture": "#0"},
				"south": {"uv": [2, 13, 2.375, 13.875], "rotation": 270, "texture": "#0"},
				"west": {"uv": [2, 13, 2.375, 13.875], "rotation": 270, "texture": "#0"},
				"up": {"uv": [2, 13, 2.375, 13.875], "rotation": 270, "texture": "#0"},
				"down": {"uv": [2, 13, 2.375, 13.875], "rotation": 270, "texture": "#0"}
			}
		},
		{
			"from": [5.73267, 2.53068, 9.47466],
			"to": [7.15082, 4.46935, 11.39018],
			"rotation": {"angle": -22.5, "axis": "x", "origin": [8.2342, 3.44243, 7.62876]},
			"faces": {
				"north": {"uv": [0, 1.75, 1, 3.25], "rotation": 90, "texture": "#0"},
				"east": {"uv": [0, 1.75, 1, 3.25], "rotation": 90, "texture": "#0"},
				"south": {"uv": [0, 1.75, 1, 3.25], "rotation": 90, "texture": "#0"},
				"west": {"uv": [0, 1.75, 1, 3.25], "rotation": 90, "texture": "#0"},
				"up": {"uv": [1.875, 3.75, 1.5, 4.875], "rotation": 180, "texture": "#0"},
				"down": {"uv": [0, 1.75, 1, 3.25], "rotation": 90, "texture": "#0"}
			}
		},
		{
			"from": [5.92176, 3.58029, 8.23155],
			"to": [6.96173, 5.49581, 9.47973],
			"rotation": {"angle": 22.5, "axis": "x", "origin": [8.2342, 3.44243, 7.62876]},
			"faces": {
				"north": {"uv": [2.375, 13, 2.75, 13.875], "rotation": 180, "texture": "#0"},
				"east": {"uv": [2.375, 13, 2.75, 13.875], "rotation": 180, "texture": "#0"},
				"south": {"uv": [2.375, 13, 2.75, 13.875], "rotation": 180, "texture": "#0"},
				"west": {"uv": [2.375, 13, 2.75, 13.875], "rotation": 180, "texture": "#0"},
				"up": {"uv": [2.375, 13, 2.75, 13.875], "rotation": 180, "texture": "#0"},
				"down": {"uv": [2.375, 13, 2.75, 13.875], "rotation": 180, "texture": "#0"}
			}
		},
		{
			"from": [6.05784, 2.12069, 8.31288],
			"to": [6.81132, 3.45322, 9.06636],
			"rotation": {"angle": 0, "axis": "y", "origin": [8.2342, 3.44243, 7.62876]},
			"faces": {
				"north": {"uv": [2, 13, 2.375, 13.875], "rotation": 270, "texture": "#0"},
				"east": {"uv": [2, 13, 2.375, 13.875], "rotation": 270, "texture": "#0"},
				"south": {"uv": [2, 13, 2.375, 13.875], "rotation": 270, "texture": "#0"},
				"west": {"uv": [2, 13, 2.375, 13.875], "rotation": 270, "texture": "#0"},
				"up": {"uv": [2, 13, 2.375, 13.875], "rotation": 270, "texture": "#0"},
				"down": {"uv": [2, 13, 2.375, 13.875], "rotation": 270, "texture": "#0"}
			}
		},
		{
			"from": [7.97749, 2.53068, 5.83102],
			"to": [9.39563, 4.46935, 7.74654],
			"rotation": {"angle": -22.5, "axis": "x", "origin": [8.2342, 3.44243, 7.62876]},
			"faces": {
				"north": {"uv": [0, 1.75, 1, 3.25], "rotation": 90, "texture": "#0"},
				"east": {"uv": [0, 1.75, 1, 3.25], "rotation": 90, "texture": "#0"},
				"south": {"uv": [0, 1.75, 1, 3.25], "rotation": 90, "texture": "#0"},
				"west": {"uv": [0, 1.75, 1, 3.25], "rotation": 90, "texture": "#0"},
				"up": {"uv": [1.5, 4.25, 1.875, 4.75], "texture": "#0"},
				"down": {"uv": [0, 1.75, 1, 3.25], "rotation": 90, "texture": "#0"}
			}
		},
		{
			"from": [8.16657, 1.00385, 5.65511],
			"to": [9.20655, 2.91937, 6.90329],
			"rotation": {"angle": 22.5, "axis": "x", "origin": [8.2342, 3.44243, 7.62876]},
			"faces": {
				"north": {"uv": [2.375, 13, 2.75, 13.875], "rotation": 180, "texture": "#0"},
				"east": {"uv": [2.375, 13, 2.75, 13.875], "rotation": 180, "texture": "#0"},
				"south": {"uv": [2.375, 13, 2.75, 13.875], "rotation": 180, "texture": "#0"},
				"west": {"uv": [2.375, 13, 2.75, 13.875], "rotation": 180, "texture": "#0"},
				"up": {"uv": [2.375, 13, 2.75, 13.875], "rotation": 180, "texture": "#0"},
				"down": {"uv": [2.375, 13, 2.75, 13.875], "rotation": 180, "texture": "#0"}
			}
		},
		{
			"from": [8.30982, 0.72633, 4.94659],
			"to": [9.0633, 2.05886, 5.70007],
			"rotation": {"angle": 0, "axis": "y", "origin": [8.2342, 3.44243, 7.62876]},
			"faces": {
				"north": {"uv": [2, 13, 2.375, 13.875], "rotation": 270, "texture": "#0"},
				"east": {"uv": [2, 13, 2.375, 13.875], "rotation": 270, "texture": "#0"},
				"south": {"uv": [2, 13, 2.375, 13.875], "rotation": 270, "texture": "#0"},
				"west": {"uv": [2, 13, 2.375, 13.875], "rotation": 270, "texture": "#0"},
				"up": {"uv": [2, 13, 2.375, 13.875], "rotation": 270, "texture": "#0"},
				"down": {"uv": [2, 13, 2.375, 13.875], "rotation": 270, "texture": "#0"}
			}
		},
		{
			"from": [9.70178, 2.53068, 5.83102],
			"to": [11.11993, 4.46935, 7.74654],
			"rotation": {"angle": -22.5, "axis": "x", "origin": [8.2342, 3.44243, 7.62876]},
			"faces": {
				"north": {"uv": [0, 1.75, 1, 3.25], "rotation": 90, "texture": "#0"},
				"east": {"uv": [0, 1.75, 1, 3.25], "rotation": 90, "texture": "#0"},
				"south": {"uv": [0, 1.75, 1, 3.25], "rotation": 90, "texture": "#0"},
				"west": {"uv": [0, 1.75, 1, 3.25], "rotation": 90, "texture": "#0"},
				"up": {"uv": [1.5, 4.25, 1.875, 4.75], "texture": "#0"},
				"down": {"uv": [0, 1.75, 1, 3.25], "rotation": 90, "texture": "#0"}
			}
		},
		{
			"from": [9.89087, 1.00385, 5.65511],
			"to": [10.93084, 2.91937, 6.90329],
			"rotation": {"angle": 22.5, "axis": "x", "origin": [8.2342, 3.44243, 7.62876]},
			"faces": {
				"north": {"uv": [2.375, 13, 2.75, 13.875], "rotation": 180, "texture": "#0"},
				"east": {"uv": [2.375, 13, 2.75, 13.875], "rotation": 180, "texture": "#0"},
				"south": {"uv": [2.375, 13, 2.75, 13.875], "rotation": 180, "texture": "#0"},
				"west": {"uv": [2.375, 13, 2.75, 13.875], "rotation": 180, "texture": "#0"},
				"up": {"uv": [2.375, 13, 2.75, 13.875], "rotation": 180, "texture": "#0"},
				"down": {"uv": [2.375, 13, 2.75, 13.875], "rotation": 180, "texture": "#0"}
			}
		},
		{
			"from": [10.04128, 0.72633, 4.94659],
			"to": [10.79476, 2.05886, 5.70007],
			"rotation": {"angle": 0, "axis": "y", "origin": [8.2342, 3.44243, 7.62876]},
			"faces": {
				"north": {"uv": [2, 13, 2.375, 13.875], "rotation": 270, "texture": "#0"},
				"east": {"uv": [2, 13, 2.375, 13.875], "rotation": 270, "texture": "#0"},
				"south": {"uv": [2, 13, 2.375, 13.875], "rotation": 270, "texture": "#0"},
				"west": {"uv": [2, 13, 2.375, 13.875], "rotation": 270, "texture": "#0"},
				"up": {"uv": [2, 13, 2.375, 13.875], "rotation": 270, "texture": "#0"},
				"down": {"uv": [2, 13, 2.375, 13.875], "rotation": 270, "texture": "#0"}
			}
		},
		{
			"from": [5.78372, 14.60256, 10.64437],
			"to": [6.79928, 16.8812, 11.79606],
			"rotation": {"angle": 45, "axis": "z", "origin": [6.05083, 13.6077, 11.22022]},
			"faces": {
				"north": {"uv": [5, 12.5, 6.251, 13.004], "rotation": 90, "texture": "#0"},
				"east": {"uv": [5, 12.5, 6.251, 13.004], "rotation": 90, "texture": "#0"},
				"south": {"uv": [5, 12.5, 6.251, 13.004], "rotation": 90, "texture": "#0"},
				"west": {"uv": [5, 12.5, 6.251, 13.004], "rotation": 90, "texture": "#0"},
				"up": {"uv": [5, 12.5, 6.251, 13.004], "rotation": 90, "texture": "#0"},
				"down": {"uv": [5, 12.5, 6.251, 13.004], "rotation": 90, "texture": "#0"}
			}
		},
		{
			"from": [5.78372, 10.96256, 10.64437],
			"to": [7.25428, 14.6062, 11.79606],
			"rotation": {"angle": 45, "axis": "z", "origin": [6.05083, 13.6077, 11.22022]},
			"faces": {
				"north": {"uv": [6.25, 12.5, 7.501, 13.004], "rotation": 90, "texture": "#0"},
				"east": {"uv": [6.25, 12.5, 7.501, 13.004], "rotation": 90, "texture": "#0"},
				"south": {"uv": [6.25, 12.5, 7.501, 13.004], "rotation": 90, "texture": "#0"},
				"west": {"uv": [6.25, 12.5, 7.501, 13.004], "rotation": 90, "texture": "#0"},
				"up": {"uv": [6.25, 12.5, 7.501, 13.004], "rotation": 90, "texture": "#0"},
				"down": {"uv": [6.25, 12.5, 7.501, 13.004], "rotation": 90, "texture": "#0"}
			}
		},
		{
			"from": [5.16882, 11.89789, 10.82637],
			"to": [8.81246, 13.00445, 11.61406],
			"rotation": {"angle": -22.5, "axis": "z", "origin": [6.05083, 13.6077, 11.22022]},
			"faces": {
				"north": {"uv": [5.125, 12.5, 6.754, 13.001], "rotation": 180, "texture": "#0"},
				"east": {"uv": [5.125, 12.5, 6.754, 13.001], "rotation": 180, "texture": "#0"},
				"south": {"uv": [5.125, 12.5, 6.754, 13.001], "rotation": 180, "texture": "#0"},
				"west": {"uv": [5.125, 12.5, 6.754, 13.001], "rotation": 180, "texture": "#0"},
				"up": {"uv": [5.125, 12.5, 6.754, 13.001], "rotation": 180, "texture": "#0"},
				"down": {"uv": [5.125, 12.5, 6.754, 13.001], "rotation": 180, "texture": "#0"}
			}
		},
		{
			"from": [5.53282, 10.25989, 10.82637],
			"to": [8.81246, 11.36645, 11.61406],
			"rotation": {"angle": 0, "axis": "y", "origin": [6.05083, 13.6077, 11.22022]},
			"faces": {
				"north": {"uv": [5.125, 12.5, 6.754, 13.001], "rotation": 180, "texture": "#0"},
				"east": {"uv": [5.125, 12.5, 6.754, 13.001], "rotation": 180, "texture": "#0"},
				"south": {"uv": [5.125, 12.5, 6.754, 13.001], "rotation": 180, "texture": "#0"},
				"west": {"uv": [5.125, 12.5, 6.754, 13.001], "rotation": 180, "texture": "#0"},
				"up": {"uv": [5.125, 12.5, 6.754, 13.001], "rotation": 180, "texture": "#0"},
				"down": {"uv": [5.125, 12.5, 6.754, 13.001], "rotation": 180, "texture": "#0"}
			}
		}
	],
	"display": {
		"head": {
			"rotation": [22.5, 0, 0],
			"translation": [-2.5, -15.5, -15.25],
			"scale": [4, 4, 4]
		}
	},
	"groups": [
		{
			"name": "root",
			"origin": [8, 8, 8],
			"color": 0,
			"children": [
				{
					"name": "leg_l",
					"origin": [8, 8, 8],
					"color": 0,
					"children": [
						{
							"name": "2",
							"origin": [8, 8, 8],
							"color": 0,
							"children": [
								0,
								1,
								2,
								{
									"name": "group",
									"origin": [5.0635, 4.87884, 7.77597],
									"color": 0,
									"children": [3, 4, 5]
								},
								{
									"name": "group",
									"origin": [5.0635, 4.87884, 7.77597],
									"color": 0,
									"children": [6, 7, 8]
								},
								{
									"name": "group",
									"origin": [5.0635, 4.87884, 7.77597],
									"color": 0,
									"children": [9, 10, 11]
								},
								{
									"name": "group",
									"origin": [5.0635, 4.87884, 7.77597],
									"color": 0,
									"children": [12, 13, 14]
								},
								15,
								16,
								17,
								18
							]
						}
					]
				}
			]
		}
	]
}