{
	"credit": "Made with Blockbench",
	"texture_size": [32, 32],
	"textures": {
		"2": "reia/head"
	},
	"elements": [
		{
			"from": [6.46808, 4.20067, 9.80071],
			"to": [9.57833, 6.68887, 16.02121],
			"rotation": {"angle": -22.5, "axis": "x", "origin": [8.0232, 4.65711, 16.29147]},
			"faces": {
				"north": {"uv": [1.5, 9.75, 3, 11], "texture": "#2"},
				"east": {"uv": [1.5, 9.75, 3, 11], "texture": "#2"},
				"south": {"uv": [1.5, 9.75, 3, 11], "texture": "#2"},
				"west": {"uv": [1.5, 9.75, 3, 11], "texture": "#2"},
				"up": {"uv": [1.5, 9.75, 3, 10.5], "texture": "#2"},
				"down": {"uv": [1.5, 10.5, 3, 11.75], "texture": "#2"}
			}
		},
		{
			"from": [5.22398, 1.71247, 7.31251],
			"to": [10.82243, 4.20067, 10.42276],
			"rotation": {"angle": 0, "axis": "y", "origin": [-7.21702, 1.09042, -18.19154]},
			"faces": {
				"north": {"uv": [1.5, 9.75, 3, 11], "texture": "#2"},
				"east": {"uv": [1.5, 9.75, 3, 11], "texture": "#2"},
				"south": {"uv": [1.5, 9.75, 3, 11], "texture": "#2"},
				"west": {"uv": [1.5, 9.75, 3, 11], "texture": "#2"},
				"up": {"uv": [1.5, 9.75, 3, 10.5], "texture": "#2"},
				"down": {"uv": [1.5, 10.5, 3, 11.75], "texture": "#2"}
			}
		},
		{
			"from": [7.09013, 1.09042, 5.44636],
			"to": [8.95628, 2.95657, 8.55661],
			"rotation": {"angle": -22.5, "axis": "x", "origin": [8.0232, 2.52114, 5.44636]},
			"faces": {
				"north": {"uv": [1.5, 9.75, 3, 11], "texture": "#2"},
				"east": {"uv": [1.5, 9.75, 3, 11], "texture": "#2"},
				"south": {"uv": [1.5, 9.75, 3, 11], "texture": "#2"},
				"west": {"uv": [1.5, 9.75, 3, 11], "texture": "#2"},
				"up": {"uv": [1.5, 9.75, 3, 10.5], "texture": "#2"},
				"down": {"uv": [1.5, 10.5, 3, 11.75], "texture": "#2"}
			}
		},
		{
			"from": [7.33895, 1.09042, 2.33611],
			"to": [8.70746, 2.45893, 5.44636],
			"rotation": {"angle": -45, "axis": "x", "origin": [8.0232, 2.52114, 5.44636]},
			"faces": {
				"north": {"uv": [9.25, 8, 10, 8.75], "texture": "#2"},
				"east": {"uv": [9.25, 8, 10, 8.75], "texture": "#2"},
				"south": {"uv": [9.25, 8, 10, 8.75], "texture": "#2"},
				"west": {"uv": [9.25, 8, 10, 8.75], "texture": "#2"},
				"up": {"uv": [9.25, 8, 10, 8.75], "texture": "#2"},
				"down": {"uv": [9.25, 8, 10, 8.75], "texture": "#2"}
			}
		},
		{
			"from": [4.60193, 1.09042, 5.44636],
			"to": [6.46808, 2.95657, 8.55661],
			"rotation": {"angle": -22.5, "axis": "x", "origin": [8.0232, 2.52114, 5.44636]},
			"faces": {
				"north": {"uv": [1.5, 9.75, 3, 11], "texture": "#2"},
				"east": {"uv": [1.5, 9.75, 3, 11], "texture": "#2"},
				"south": {"uv": [1.5, 9.75, 3, 11], "texture": "#2"},
				"west": {"uv": [1.5, 9.75, 3, 11], "texture": "#2"},
				"up": {"uv": [1.5, 9.75, 3, 10.5], "texture": "#2"},
				"down": {"uv": [1.5, 10.5, 3, 11.75], "texture": "#2"}
			}
		},
		{
			"from": [4.85075, 1.09042, 2.33611],
			"to": [6.21926, 2.45893, 5.44636],
			"rotation": {"angle": -45, "axis": "x", "origin": [8.0232, 2.52114, 5.44636]},
			"faces": {
				"north": {"uv": [9.25, 8, 10, 8.75], "texture": "#2"},
				"east": {"uv": [9.25, 8, 10, 8.75], "texture": "#2"},
				"south": {"uv": [9.25, 8, 10, 8.75], "texture": "#2"},
				"west": {"uv": [9.25, 8, 10, 8.75], "texture": "#2"},
				"up": {"uv": [9.25, 8, 10, 8.75], "texture": "#2"},
				"down": {"uv": [9.25, 8, 10, 8.75], "texture": "#2"}
			}
		},
		{
			"from": [9.57833, 1.09042, 5.44636],
			"to": [11.44448, 2.95657, 8.55661],
			"rotation": {"angle": -22.5, "axis": "x", "origin": [8.0232, 2.52114, 5.44636]},
			"faces": {
				"north": {"uv": [1.5, 9.75, 3, 11], "texture": "#2"},
				"east": {"uv": [1.5, 9.75, 3, 11], "texture": "#2"},
				"south": {"uv": [1.5, 9.75, 3, 11], "texture": "#2"},
				"west": {"uv": [1.5, 9.75, 3, 11], "texture": "#2"},
				"up": {"uv": [1.5, 9.75, 3, 10.5], "texture": "#2"},
				"down": {"uv": [1.5, 10.5, 3, 11.75], "texture": "#2"}
			}
		},
		{
			"from": [9.82715, 1.09042, 2.33611],
			"to": [11.19566, 2.45893, 5.44636],
			"rotation": {"angle": -45, "axis": "x", "origin": [8.0232, 2.52114, 5.44636]},
			"faces": {
				"north": {"uv": [9.25, 8, 10, 8.75], "texture": "#2"},
				"east": {"uv": [9.25, 8, 10, 8.75], "texture": "#2"},
				"south": {"uv": [9.25, 8, 10, 8.75], "texture": "#2"},
				"west": {"uv": [9.25, 8, 10, 8.75], "texture": "#2"},
				"up": {"uv": [9.25, 8, 10, 8.75], "texture": "#2"},
				"down": {"uv": [9.25, 8, 10, 8.75], "texture": "#2"}
			}
		},
		{
			"from": [7.09013, 3.77853, 14.5979],
			"to": [8.95628, 5.64468, 17.70815],
			"rotation": {"angle": 22.5, "axis": "x", "origin": [8.0232, 4.03506, 15.79383]},
			"faces": {
				"north": {"uv": [2, 6.25, 2.75, 7], "texture": "#2"},
				"east": {"uv": [2, 6.25, 2.75, 7], "texture": "#2"},
				"south": {"uv": [2, 6.25, 2.75, 7], "texture": "#2"},
				"west": {"uv": [2, 6.25, 2.75, 7], "texture": "#2"},
				"up": {"uv": [2, 6.25, 2.75, 7], "texture": "#2"},
				"down": {"uv": [2, 6.25, 2.75, 7], "texture": "#2"}
			}
		},
		{
			"from": [7.33895, 4.42173, 17.11309],
			"to": [8.70746, 5.79024, 20.22334],
			"rotation": {"angle": 45, "axis": "x", "origin": [8.0232, 4.03506, 15.79383]},
			"faces": {
				"north": {"uv": [9.25, 8, 10, 8.75], "texture": "#2"},
				"east": {"uv": [9.25, 8, 10, 8.75], "texture": "#2"},
				"south": {"uv": [9.25, 8, 10, 8.75], "texture": "#2"},
				"west": {"uv": [9.25, 8, 10, 8.75], "texture": "#2"},
				"up": {"uv": [9.25, 8, 10, 8.75], "texture": "#2"},
				"down": {"uv": [9.25, 8, 10, 8.75], "texture": "#2"}
			}
		}
	],
	"display": {
		"head": {
			"translation": [0, 6.5, -24],
			"scale": [4, 4, 4]
		}
	},
	"groups": [
		{
			"name": "root",
			"origin": [8, 8, 8],
			"children": [
				{
					"name": "leg_l",
					"origin": [8, 8, 8],
					"children": [
						{
							"name": "2",
							"origin": [8, 8, 8],
							"children": [0, 1, 2, 3, 4, 5, 6, 7, 8, 9]
						}
					]
				}
			]
		}
	]
}