{
	"credit": "Made with Blockbench",
	"texture_size": [32, 32],
	"textures": {
		"2": "reia/head",
		"3": "reia/wing"
	},
	"elements": [
		{
			"from": [0.8753, 8.18995, 7.20953],
			"to": [16.92224, 10.06195, 8.73833],
			"rotation": {"angle": -22.5, "axis": "z", "origin": [5.45018, 5.93654, 7.9722]},
			"faces": {
				"north": {"uv": [8.5, 3.5, 9.25, 1.75], "rotation": 90, "texture": "#2"},
				"east": {"uv": [8.5, 3.5, 9.25, 1.75], "rotation": 90, "texture": "#2"},
				"south": {"uv": [8.5, 3.5, 9.25, 1.75], "rotation": 90, "texture": "#2"},
				"west": {"uv": [8.5, 3.5, 9.25, 1.75], "rotation": 90, "texture": "#2"},
				"up": {"uv": [8.5, 3.5, 9.25, 1.75], "rotation": 90, "texture": "#2"},
				"down": {"uv": [1.5, 11.75, 3, 10.5], "rotation": 90, "texture": "#2"}
			}
		},
		{
			"from": [14.29201, 12.25979, 7.40453],
			"to": [30.33895, 13.83929, 8.54333],
			"rotation": {"angle": -45, "axis": "z", "origin": [5.45018, 5.93654, 7.9722]},
			"faces": {
				"north": {"uv": [8.5, 3.5, 9.25, 1.75], "rotation": 90, "texture": "#2"},
				"east": {"uv": [8.5, 3.5, 9.25, 1.75], "rotation": 90, "texture": "#2"},
				"south": {"uv": [8.5, 3.5, 9.25, 1.75], "rotation": 90, "texture": "#2"},
				"west": {"uv": [8.5, 3.5, 9.25, 1.75], "rotation": 90, "texture": "#2"},
				"up": {"uv": [8.5, 3.5, 9.25, 1.75], "rotation": 90, "texture": "#2"},
				"down": {"uv": [1.5, 11.75, 3, 10.5], "rotation": 90, "texture": "#2"}
			}
		},
		{
			"from": [26.62381, -10.82225, 7.59953],
			"to": [27.61831, -6.57281, 8.34833],
			"rotation": {"angle": 22.5, "axis": "z", "origin": [26.43856, -4.99253, 7.97393]},
			"faces": {
				"north": {"uv": [10, 7.75, 9.25, 9.5], "rotation": 180, "texture": "#2"},
				"east": {"uv": [10, 7.75, 9.25, 9.5], "rotation": 180, "texture": "#2"},
				"south": {"uv": [10, 7.75, 9.25, 9.5], "rotation": 180, "texture": "#2"},
				"west": {"uv": [10, 7.75, 9.25, 9.5], "rotation": 180, "texture": "#2"},
				"up": {"uv": [10, 7.75, 9.25, 9.5], "rotation": 180, "texture": "#2"},
				"down": {"uv": [10, 7.75, 9.25, 9.5], "rotation": 180, "texture": "#2"}
			}
		},
		{
			"from": [4.43626, -14.52127, 7.40453],
			"to": [5.33326, 10.78817, 8.54333],
			"rotation": {"angle": 22.5, "axis": "z", "origin": [5.45018, 5.93654, 7.9722]},
			"faces": {
				"north": {"uv": [7.5, 0.5, 7, 11.5], "texture": "#3"},
				"east": {"uv": [7.5, 0.5, 7, 11.5], "texture": "#3"},
				"south": {"uv": [7.5, 0.5, 7, 11.5], "texture": "#3"},
				"west": {"uv": [7.5, 0.5, 7, 11.5], "texture": "#3"},
				"up": {"uv": [7.5, 0.5, 7, 11.5], "texture": "#3"},
				"down": {"uv": [7.5, 0.5, 7, 11.5], "texture": "#3"}
			}
		},
		{
			"from": [2.52529, -13.38361, 7.95833],
			"to": [27.89479, 9.97583, 7.95833],
			"rotation": {"angle": 0, "axis": "y", "origin": [5.45018, 5.93654, 7.9722]},
			"faces": {
				"north": {"uv": [16, 0, 6, 12], "texture": "#3"},
				"east": {"uv": [0, 0, 0, 0], "texture": "#3"},
				"south": {"uv": [6, 0, 16, 12], "texture": "#3"},
				"west": {"uv": [0, 0, 0, 0], "texture": "#3"},
				"up": {"uv": [0, 0, 0, 0], "texture": "#3"},
				"down": {"uv": [0, 0, 0, 0], "texture": "#3"}
			}
		},
		{
			"from": [6.38625, 13.9883, 7.79453],
			"to": [6.83319, 15.5678, 8.18453],
			"rotation": {"angle": -45, "axis": "z", "origin": [6.60972, 13.41305, 7.98953]},
			"faces": {
				"north": {"uv": [1.75, 3.5, 0.75, 4.25], "texture": "#2"},
				"east": {"uv": [1.75, 3.5, 0.75, 4.25], "texture": "#2"},
				"south": {"uv": [1.75, 3.5, 0.75, 4.25], "texture": "#2"},
				"west": {"uv": [1.75, 3.5, 0.75, 4.25], "texture": "#2"},
				"up": {"uv": [1.75, 3.5, 0.75, 4.25], "texture": "#2"},
				"down": {"uv": [1.75, 3.5, 0.75, 4.25], "texture": "#2"}
			}
		},
		{
			"from": [6.19125, 12.4283, 7.59953],
			"to": [7.02819, 14.5928, 8.37953],
			"rotation": {"angle": -45, "axis": "z", "origin": [6.60972, 13.41305, 7.98953]},
			"faces": {
				"north": {"uv": [1.75, 3.5, 0.75, 4.25], "texture": "#2"},
				"east": {"uv": [1.75, 3.5, 0.75, 4.25], "texture": "#2"},
				"south": {"uv": [1.75, 3.5, 0.75, 4.25], "texture": "#2"},
				"west": {"uv": [1.75, 3.5, 0.75, 4.25], "texture": "#2"},
				"up": {"uv": [1.75, 3.5, 0.75, 4.25], "texture": "#2"},
				"down": {"uv": [1.75, 3.5, 0.75, 4.25], "texture": "#2"}
			}
		},
		{
			"from": [2.77873, 9.42368, 7.40453],
			"to": [4.00567, 12.75818, 8.57453],
			"rotation": {"angle": -22.5, "axis": "z", "origin": [5.45018, 5.93654, 7.8747]},
			"faces": {
				"north": {"uv": [1.75, 3.5, 0.75, 4.25], "texture": "#2"},
				"east": {"uv": [1.75, 3.5, 0.75, 4.25], "texture": "#2"},
				"south": {"uv": [1.75, 3.5, 0.75, 4.25], "texture": "#2"},
				"west": {"uv": [1.75, 3.5, 0.75, 4.25], "texture": "#2"},
				"up": {"uv": [1.75, 3.5, 0.75, 4.25], "texture": "#2"},
				"down": {"uv": [1.75, 3.5, 0.75, 4.25], "texture": "#2"}
			}
		},
		{
			"from": [9.31125, 12.0383, 7.79453],
			"to": [9.75819, 13.6178, 8.18453],
			"rotation": {"angle": -45, "axis": "z", "origin": [9.53472, 11.46305, 7.98953]},
			"faces": {
				"north": {"uv": [1.75, 3.5, 0.75, 4.25], "texture": "#2"},
				"east": {"uv": [1.75, 3.5, 0.75, 4.25], "texture": "#2"},
				"south": {"uv": [1.75, 3.5, 0.75, 4.25], "texture": "#2"},
				"west": {"uv": [1.75, 3.5, 0.75, 4.25], "texture": "#2"},
				"up": {"uv": [1.75, 3.5, 0.75, 4.25], "texture": "#2"},
				"down": {"uv": [1.75, 3.5, 0.75, 4.25], "texture": "#2"}
			}
		},
		{
			"from": [9.11625, 10.4783, 7.59953],
			"to": [9.95319, 12.4478, 8.37953],
			"rotation": {"angle": -45, "axis": "z", "origin": [9.53472, 11.46305, 7.98953]},
			"faces": {
				"north": {"uv": [1.75, 3.5, 0.75, 4.25], "texture": "#2"},
				"east": {"uv": [1.75, 3.5, 0.75, 4.25], "texture": "#2"},
				"south": {"uv": [1.75, 3.5, 0.75, 4.25], "texture": "#2"},
				"west": {"uv": [1.75, 3.5, 0.75, 4.25], "texture": "#2"},
				"up": {"uv": [1.75, 3.5, 0.75, 4.25], "texture": "#2"},
				"down": {"uv": [1.75, 3.5, 0.75, 4.25], "texture": "#2"}
			}
		},
		{
			"from": [5.70373, 7.47368, 7.40453],
			"to": [6.93067, 10.80818, 8.57453],
			"rotation": {"angle": -22.5, "axis": "z", "origin": [8.37518, 3.98654, 7.8747]},
			"faces": {
				"north": {"uv": [1.75, 3.5, 0.75, 4.25], "texture": "#2"},
				"east": {"uv": [1.75, 3.5, 0.75, 4.25], "texture": "#2"},
				"south": {"uv": [1.75, 3.5, 0.75, 4.25], "texture": "#2"},
				"west": {"uv": [1.75, 3.5, 0.75, 4.25], "texture": "#2"},
				"up": {"uv": [1.75, 3.5, 0.75, 4.25], "texture": "#2"},
				"down": {"uv": [1.75, 3.5, 0.75, 4.25], "texture": "#2"}
			}
		},
		{
			"from": [11.84625, 10.0883, 7.79453],
			"to": [12.29319, 11.6678, 8.18453],
			"rotation": {"angle": -45, "axis": "z", "origin": [12.06972, 9.51305, 7.98953]},
			"faces": {
				"north": {"uv": [1.75, 3.5, 0.75, 4.25], "texture": "#2"},
				"east": {"uv": [1.75, 3.5, 0.75, 4.25], "texture": "#2"},
				"south": {"uv": [1.75, 3.5, 0.75, 4.25], "texture": "#2"},
				"west": {"uv": [1.75, 3.5, 0.75, 4.25], "texture": "#2"},
				"up": {"uv": [1.75, 3.5, 0.75, 4.25], "texture": "#2"},
				"down": {"uv": [1.75, 3.5, 0.75, 4.25], "texture": "#2"}
			}
		},
		{
			"from": [11.65125, 8.5283, 7.59953],
			"to": [12.48819, 10.3028, 8.37953],
			"rotation": {"angle": -45, "axis": "z", "origin": [12.06972, 9.51305, 7.98953]},
			"faces": {
				"north": {"uv": [1.75, 3.5, 0.75, 4.25], "texture": "#2"},
				"east": {"uv": [1.75, 3.5, 0.75, 4.25], "texture": "#2"},
				"south": {"uv": [1.75, 3.5, 0.75, 4.25], "texture": "#2"},
				"west": {"uv": [1.75, 3.5, 0.75, 4.25], "texture": "#2"},
				"up": {"uv": [1.75, 3.5, 0.75, 4.25], "texture": "#2"},
				"down": {"uv": [1.75, 3.5, 0.75, 4.25], "texture": "#2"}
			}
		},
		{
			"from": [8.23873, 6.88868, 7.40453],
			"to": [9.46567, 8.85818, 8.57453],
			"rotation": {"angle": -22.5, "axis": "z", "origin": [10.91018, 2.03654, 7.8747]},
			"faces": {
				"north": {"uv": [1.75, 3.5, 0.75, 4.25], "texture": "#2"},
				"east": {"uv": [1.75, 3.5, 0.75, 4.25], "texture": "#2"},
				"south": {"uv": [1.75, 3.5, 0.75, 4.25], "texture": "#2"},
				"west": {"uv": [1.75, 3.5, 0.75, 4.25], "texture": "#2"},
				"up": {"uv": [1.75, 3.5, 0.75, 4.25], "texture": "#2"},
				"down": {"uv": [1.75, 3.5, 0.75, 4.25], "texture": "#2"}
			}
		},
		{
			"from": [14.77125, 8.0408, 7.79453],
			"to": [15.21819, 9.6203, 8.18453],
			"rotation": {"angle": -45, "axis": "z", "origin": [14.99472, 7.95305, 7.98953]},
			"faces": {
				"north": {"uv": [1.75, 3.5, 0.75, 4.25], "texture": "#2"},
				"east": {"uv": [1.75, 3.5, 0.75, 4.25], "texture": "#2"},
				"south": {"uv": [1.75, 3.5, 0.75, 4.25], "texture": "#2"},
				"west": {"uv": [1.75, 3.5, 0.75, 4.25], "texture": "#2"},
				"up": {"uv": [1.75, 3.5, 0.75, 4.25], "texture": "#2"},
				"down": {"uv": [1.75, 3.5, 0.75, 4.25], "texture": "#2"}
			}
		},
		{
			"from": [14.57625, 6.9683, 7.59953],
			"to": [15.41319, 8.4503, 8.37953],
			"rotation": {"angle": -45, "axis": "z", "origin": [14.99472, 7.95305, 7.98953]},
			"faces": {
				"north": {"uv": [1.75, 3.5, 0.75, 4.25], "texture": "#2"},
				"east": {"uv": [1.75, 3.5, 0.75, 4.25], "texture": "#2"},
				"south": {"uv": [1.75, 3.5, 0.75, 4.25], "texture": "#2"},
				"west": {"uv": [1.75, 3.5, 0.75, 4.25], "texture": "#2"},
				"up": {"uv": [1.75, 3.5, 0.75, 4.25], "texture": "#2"},
				"down": {"uv": [1.75, 3.5, 0.75, 4.25], "texture": "#2"}
			}
		},
		{
			"from": [11.16373, 5.13368, 7.40453],
			"to": [12.39067, 7.29818, 8.57453],
			"rotation": {"angle": -22.5, "axis": "z", "origin": [13.83518, 0.28154, 7.8747]},
			"faces": {
				"north": {"uv": [1.75, 3.5, 0.75, 4.25], "texture": "#2"},
				"east": {"uv": [1.75, 3.5, 0.75, 4.25], "texture": "#2"},
				"south": {"uv": [1.75, 3.5, 0.75, 4.25], "texture": "#2"},
				"west": {"uv": [1.75, 3.5, 0.75, 4.25], "texture": "#2"},
				"up": {"uv": [1.75, 3.5, 0.75, 4.25], "texture": "#2"},
				"down": {"uv": [1.75, 3.5, 0.75, 4.25], "texture": "#2"}
			}
		},
		{
			"from": [17.03247, 5.77958, 7.79453],
			"to": [18.61197, 6.22652, 8.18453],
			"rotation": {"angle": 22.5, "axis": "z", "origin": [16.94472, 6.00305, 7.98953]},
			"faces": {
				"north": {"uv": [0.75, 4.25, 1.75, 3.5], "rotation": 90, "texture": "#2"},
				"east": {"uv": [0.75, 4.25, 1.75, 3.5], "rotation": 270, "texture": "#2"},
				"south": {"uv": [0.75, 4.25, 1.75, 3.5], "rotation": 270, "texture": "#2"},
				"west": {"uv": [0.75, 4.25, 1.75, 3.5], "rotation": 270, "texture": "#2"},
				"up": {"uv": [0.75, 4.25, 1.75, 3.5], "rotation": 270, "texture": "#2"},
				"down": {"uv": [0.75, 4.25, 1.75, 3.5], "rotation": 270, "texture": "#2"}
			}
		},
		{
			"from": [18.39747, 3.24458, 7.79453],
			"to": [19.97697, 3.69152, 8.18453],
			"rotation": {"angle": 22.5, "axis": "z", "origin": [18.30972, 3.46805, 7.98953]},
			"faces": {
				"north": {"uv": [0.75, 4.25, 1.75, 3.5], "rotation": 90, "texture": "#2"},
				"east": {"uv": [0.75, 4.25, 1.75, 3.5], "rotation": 270, "texture": "#2"},
				"south": {"uv": [0.75, 4.25, 1.75, 3.5], "rotation": 270, "texture": "#2"},
				"west": {"uv": [0.75, 4.25, 1.75, 3.5], "rotation": 270, "texture": "#2"},
				"up": {"uv": [0.75, 4.25, 1.75, 3.5], "rotation": 270, "texture": "#2"},
				"down": {"uv": [0.75, 4.25, 1.75, 3.5], "rotation": 270, "texture": "#2"}
			}
		},
		{
			"from": [16.62375, 4.8233, 7.59953],
			"to": [17.46069, 6.3053, 8.37953],
			"rotation": {"angle": -45, "axis": "z", "origin": [17.04222, 5.80805, 7.98953]},
			"faces": {
				"north": {"uv": [1.75, 3.5, 0.75, 4.25], "texture": "#2"},
				"east": {"uv": [1.75, 3.5, 0.75, 4.25], "texture": "#2"},
				"south": {"uv": [1.75, 3.5, 0.75, 4.25], "texture": "#2"},
				"west": {"uv": [1.75, 3.5, 0.75, 4.25], "texture": "#2"},
				"up": {"uv": [1.75, 3.5, 0.75, 4.25], "texture": "#2"},
				"down": {"uv": [1.75, 3.5, 0.75, 4.25], "texture": "#2"}
			}
		}
	],
	"display": {
		"head": {
			"translation": [19.25, -16.5, 0],
			"scale": [4, 4, 4]
		}
	},
	"groups": [
		{
			"name": "root",
			"origin": [8, 8, 8],
			"children": [
				{
					"name": "wing_l",
					"origin": [8, 8, 8],
					"children": [
						{
							"name": "1",
							"origin": [8, 8, 8],
							"children": [0, 1, 2, 3, 4, 5, 6, 7, 8, 9, 10, 11, 12, 13, 14, 15, 16, 17, 18, 19]
						}
					]
				}
			]
		}
	]
}