{
	"credit": "Made with Blockbench",
	"texture_size": [32, 32],
	"textures": {
		"2": "reia/head",
		"3": "reia/wing"
	},
	"elements": [
		{
			"from": [2.97971, 10.3165, 6.72203],
			"to": [7.81415, 12.676, 9.22583],
			"rotation": {"angle": 45, "axis": "z", "origin": [5.45018, 5.93654, 7.9722]},
			"faces": {
				"north": {"uv": [8.5, 3.5, 9.25, 1.75], "rotation": 90, "texture": "#2"},
				"east": {"uv": [8.5, 3.5, 9.25, 1.75], "rotation": 90, "texture": "#2"},
				"south": {"uv": [8.5, 3.5, 9.25, 1.75], "rotation": 90, "texture": "#2"},
				"west": {"uv": [8.5, 3.5, 9.25, 1.75], "rotation": 90, "texture": "#2"},
				"up": {"uv": [8.5, 3.5, 9.25, 1.75], "rotation": 90, "texture": "#2"},
				"down": {"uv": [1.5, 11.75, 3, 10.5], "rotation": 90, "texture": "#2"}
			}
		},
		{
			"from": [1.43704, 10.97473, 7.11203],
			"to": [3.24898, 13.33423, 8.83583],
			"rotation": {"angle": 0, "axis": "y", "origin": [5.45018, 5.93654, 7.9722]},
			"faces": {
				"north": {"uv": [8.5, 3.5, 9.25, 1.75], "rotation": 90, "texture": "#2"},
				"east": {"uv": [8.5, 3.5, 9.25, 1.75], "rotation": 90, "texture": "#2"},
				"south": {"uv": [8.5, 3.5, 9.25, 1.75], "rotation": 90, "texture": "#2"},
				"west": {"uv": [8.5, 3.5, 9.25, 1.75], "rotation": 90, "texture": "#2"},
				"up": {"uv": [8.5, 3.5, 9.25, 1.75], "rotation": 90, "texture": "#2"},
				"down": {"uv": [8.5, 3.5, 9.25, 1.75], "rotation": 90, "texture": "#2"}
			}
		},
		{
			"from": [0.94954, 10.77973, 6.91703],
			"to": [3.44398, 12.55423, 9.03083],
			"rotation": {"angle": 0, "axis": "y", "origin": [5.45018, 5.93654, 7.9722]},
			"faces": {
				"north": {"uv": [8.5, 3.5, 9.25, 1.75], "rotation": 90, "texture": "#2"},
				"east": {"uv": [8.5, 3.5, 9.25, 1.75], "rotation": 90, "texture": "#2"},
				"south": {"uv": [8.5, 3.5, 9.25, 1.75], "rotation": 90, "texture": "#2"},
				"west": {"uv": [8.5, 3.5, 9.25, 1.75], "rotation": 90, "texture": "#2"},
				"up": {"uv": [8.5, 3.5, 9.25, 1.75], "rotation": 90, "texture": "#2"},
				"down": {"uv": [8.5, 3.5, 9.25, 1.75], "rotation": 90, "texture": "#2"}
			}
		},
		{
			"from": [1.67223, 12.92473, 7.4685],
			"to": [3.00603, 15.57673, 8.50044],
			"rotation": {"angle": 0, "axis": "y", "origin": [1.95634, 15.46019, 7.98114]},
			"faces": {
				"north": {"uv": [1.75, 3.5, 0.75, 4.25], "texture": "#2"},
				"east": {"uv": [1.75, 3.5, 0.75, 4.25], "texture": "#2"},
				"south": {"uv": [1.75, 3.5, 0.75, 4.25], "texture": "#2"},
				"west": {"uv": [1.75, 3.5, 0.75, 4.25], "texture": "#2"},
				"up": {"uv": [0.75, 4.25, 1.75, 3.5], "rotation": 90, "texture": "#2"},
				"down": {"uv": [0.75, 4.25, 1.75, 3.5], "rotation": 270, "texture": "#2"}
			}
		},
		{
			"from": [1.67895, 14.99057, 7.56101],
			"to": [2.62275, 17.05757, 8.39795],
			"rotation": {"angle": 22.5, "axis": "z", "origin": [1.95634, 16.04519, 7.98114]},
			"faces": {
				"north": {"uv": [1.75, 3.5, 0.75, 4.25], "texture": "#2"},
				"east": {"uv": [1.75, 3.5, 0.75, 4.25], "texture": "#2"},
				"south": {"uv": [1.75, 3.5, 0.75, 4.25], "texture": "#2"},
				"west": {"uv": [1.75, 3.5, 0.75, 4.25], "texture": "#2"},
				"up": {"uv": [0.75, 4.25, 1.75, 3.5], "rotation": 90, "texture": "#2"},
				"down": {"uv": [0.75, 4.25, 1.75, 3.5], "rotation": 270, "texture": "#2"}
			}
		},
		{
			"from": [2.26472, 16.5014, 7.75601],
			"to": [2.81852, 18.3734, 8.20295],
			"rotation": {"angle": 45, "axis": "z", "origin": [1.95634, 16.04519, 7.98114]},
			"faces": {
				"north": {"uv": [1.75, 3.5, 0.75, 4.25], "texture": "#2"},
				"east": {"uv": [1.75, 3.5, 0.75, 4.25], "texture": "#2"},
				"south": {"uv": [1.75, 3.5, 0.75, 4.25], "texture": "#2"},
				"west": {"uv": [1.75, 3.5, 0.75, 4.25], "texture": "#2"},
				"up": {"uv": [0.75, 4.25, 1.75, 3.5], "rotation": 90, "texture": "#2"},
				"down": {"uv": [0.75, 4.25, 1.75, 3.5], "rotation": 270, "texture": "#2"}
			}
		},
		{
			"from": [-3.35779, 10.3165, 6.91703],
			"to": [5.37665, 12.1885, 9.03083],
			"rotation": {"angle": 45, "axis": "z", "origin": [5.45018, 5.93654, 7.9722]},
			"faces": {
				"north": {"uv": [8.5, 3.5, 9.25, 1.75], "rotation": 90, "texture": "#2"},
				"east": {"uv": [8.5, 3.5, 9.25, 1.75], "rotation": 90, "texture": "#2"},
				"south": {"uv": [8.5, 3.5, 9.25, 1.75], "rotation": 90, "texture": "#2"},
				"west": {"uv": [8.5, 3.5, 9.25, 1.75], "rotation": 90, "texture": "#2"},
				"up": {"uv": [8.5, 3.5, 9.25, 1.75], "rotation": 90, "texture": "#2"},
				"down": {"uv": [1.5, 11.75, 3, 10.5], "rotation": 90, "texture": "#2"}
			}
		},
		{
			"from": [1.84279, -15.33361, 7.40453],
			"to": [2.73979, 9.87833, 8.54333],
			"rotation": {"angle": 0, "axis": "y", "origin": [5.45018, 5.93654, 7.9722]},
			"faces": {
				"north": {"uv": [6, 0.5, 5.5, 11.5], "texture": "#3"},
				"east": {"uv": [6, 0.5, 5.5, 11.5], "texture": "#3"},
				"south": {"uv": [6, 0.5, 5.5, 11.5], "texture": "#3"},
				"west": {"uv": [6, 0.5, 5.5, 11.5], "texture": "#3"},
				"up": {"uv": [6, 0.5, 5.5, 11.5], "texture": "#3"},
				"down": {"uv": [6, 0.5, 5.5, 11.5], "texture": "#3"}
			}
		},
		{
			"from": [-7.25779, 9.829, 6.91703],
			"to": [-3.39835, 12.676, 9.03083],
			"rotation": {"angle": 45, "axis": "z", "origin": [5.45018, 5.93654, 7.9722]},
			"faces": {
				"north": {"uv": [8.5, 3.5, 9.25, 1.75], "rotation": 90, "texture": "#2"},
				"east": {"uv": [8.5, 3.5, 9.25, 1.75], "rotation": 90, "texture": "#2"},
				"south": {"uv": [8.5, 3.5, 9.25, 1.75], "rotation": 90, "texture": "#2"},
				"west": {"uv": [8.5, 3.5, 9.25, 1.75], "rotation": 90, "texture": "#2"},
				"up": {"uv": [8.5, 3.5, 9.25, 1.75], "rotation": 90, "texture": "#2"},
				"down": {"uv": [1.5, 11.75, 3, 10.5], "rotation": 90, "texture": "#2"}
			}
		},
		{
			"from": [-11.47496, 4.21745, 6.42953],
			"to": [-7.12802, 8.03945, 9.51833],
			"rotation": {"angle": 22.5, "axis": "z", "origin": [5.45018, 5.93654, 7.9722]},
			"faces": {
				"north": {"uv": [8.5, 3.5, 9.25, 1.75], "rotation": 90, "texture": "#2"},
				"east": {"uv": [3, 9.75, 1.5, 11], "texture": "#2"},
				"south": {"uv": [8.5, 3.5, 9.25, 1.75], "rotation": 90, "texture": "#2"},
				"west": {"uv": [8.5, 3.5, 9.25, 1.75], "rotation": 90, "texture": "#2"},
				"up": {"uv": [8.5, 3.5, 9.25, 1.75], "rotation": 90, "texture": "#2"},
				"down": {"uv": [1.5, 11.75, 3, 10.5], "rotation": 90, "texture": "#2"}
			}
		},
		{
			"from": [-9.36971, -13.38361, 7.95833],
			"to": [2.54479, 10.36583, 7.95833],
			"rotation": {"angle": 0, "axis": "y", "origin": [5.45018, 5.93654, 7.9722]},
			"faces": {
				"north": {"uv": [6, 0, 0, 12], "texture": "#3"},
				"east": {"uv": [0, 0, 0, 0], "texture": "#3"},
				"south": {"uv": [0, 0, 6, 12], "texture": "#3"},
				"west": {"uv": [0, 0, 0, 0], "texture": "#3"},
				"up": {"uv": [0, 0, 0, 0], "texture": "#3"},
				"down": {"uv": [0, 0, 0, 0], "texture": "#3"}
			}
		},
		{
			"from": [0.48754, 5.72196, 8.26686],
			"to": [4.09504, 10.12896, 8.90061],
			"rotation": {"angle": -45, "axis": "z", "origin": [2.09629, 8.90046, 7.97436]},
			"faces": {
				"north": {"uv": [10.5, 7, 16, 5], "rotation": 270, "texture": "#2"},
				"south": {"uv": [10.5, 7, 16, 5], "rotation": 90, "texture": "#2"},
				"up": {"uv": [10.5, 7, 16, 5], "rotation": 90, "texture": "#2"},
				"down": {"uv": [10.5, 7, 16, 5], "rotation": 90, "texture": "#2"}
			}
		}
	],
	"display": {
		"head": {
			"translation": [65.25, 24, 0],
			"scale": [4, 4, 4]
		}
	},
	"groups": [
		{
			"name": "root",
			"origin": [8, 8, 8],
			"children": [
				{
					"name": "wing_l",
					"origin": [8, 8, 8],
					"children": [
						{
							"name": "0",
							"origin": [5.5, 8.44331, 2.22471],
							"children": [0, 1, 2, 3, 4, 5, 6, 7, 8, 9, 10, 11]
						}
					]
				}
			]
		}
	]
}