{
	"credit": "Made with Blockbench",
	"texture_size": [32, 32],
	"textures": {
		"0": "reus/head",
		"particle": "reus/head"
	},
	"elements": [
		{
			"from": [3.64799, 1.39427, 5.7926],
			"to": [12.35201, 7.98558, 14.61422],
			"rotation": {"angle": 0, "axis": "y", "origin": [12.43964, 5.37891, -17.3131]},
			"faces": {
				"north": {"uv": [2, 9.25, 3, 10.5], "texture": "#0"},
				"east": {"uv": [2, 9.25, 3, 10.5], "texture": "#0"},
				"south": {"uv": [2, 9.25, 3, 10.5], "texture": "#0"},
				"west": {"uv": [2, 9.25, 3, 10.5], "texture": "#0"},
				"up": {"uv": [2, 9.5, 3, 10.5], "texture": "#0"},
				"down": {"uv": [2, 9.25, 3, 10.5], "texture": "#0"}
			}
		},
		{
			"from": [4.50339, 1.84927, 14.5013],
			"to": [11.49661, 6.62058, 18.61822],
			"rotation": {"angle": 0, "axis": "y", "origin": [12.43964, 5.37891, -13.3091]},
			"faces": {
				"north": {"uv": [2, 9.25, 3, 10.5], "texture": "#0"},
				"east": {"uv": [2, 9.25, 3, 10.5], "texture": "#0"},
				"south": {"uv": [2, 9.25, 3, 10.5], "texture": "#0"},
				"west": {"uv": [2, 9.25, 3, 10.5], "texture": "#0"},
				"up": {"uv": [2, 9.5, 3, 10.5], "texture": "#0"},
				"down": {"uv": [2, 9.25, 3, 10.5], "texture": "#0"}
			}
		},
		{
			"from": [6.04383, 6.62058, 10.3426],
			"to": [9.95617, 9.28943, 15.53514],
			"rotation": {"angle": 0, "axis": "y", "origin": [12.43964, 5.37891, -17.3131]},
			"faces": {
				"north": {"uv": [2, 9.25, 3, 10.5], "texture": "#0"},
				"east": {"uv": [2, 9.25, 3, 10.5], "texture": "#0"},
				"south": {"uv": [2, 9.25, 3, 10.5], "texture": "#0"},
				"west": {"uv": [0, 11, 1.5, 11.75], "texture": "#0"},
				"up": {"uv": [7.75, 1.75, 8.75, 2.75], "texture": "#0"},
				"down": {"uv": [2, 9.25, 3, 10.5], "texture": "#0"}
			}
		},
		{
			"from": [6.04383, 6.62058, 5.7926],
			"to": [9.95617, 9.74443, 10.3426],
			"rotation": {"angle": 0, "axis": "y", "origin": [12.43964, 5.37891, -17.3131]},
			"faces": {
				"north": {"uv": [2, 9.25, 3, 10.5], "texture": "#0"},
				"east": {"uv": [2, 9.25, 3, 10.5], "texture": "#0"},
				"south": {"uv": [2, 9.25, 3, 10.5], "texture": "#0"},
				"west": {"uv": [0, 11, 1.5, 11.75], "texture": "#0"},
				"up": {"uv": [7.75, 1.75, 8.75, 2.75], "texture": "#0"},
				"down": {"uv": [2, 9.25, 3, 10.5], "texture": "#0"}
			}
		},
		{
			"from": [6.13483, 6.16558, 15.5023],
			"to": [9.86517, 8.28843, 18.58819],
			"rotation": {"angle": 0, "axis": "y", "origin": [12.43964, 5.37891, -14.21]},
			"faces": {
				"north": {"uv": [2, 9.25, 3, 10.5], "texture": "#0"},
				"east": {"uv": [2, 9.25, 3, 10.5], "texture": "#0"},
				"south": {"uv": [2, 9.25, 3, 10.5], "texture": "#0"},
				"west": {"uv": [0, 11, 1.5, 11.75], "texture": "#0"},
				"up": {"uv": [7.75, 1.75, 8.75, 2.75], "texture": "#0"},
				"down": {"uv": [2, 9.25, 3, 10.5], "texture": "#0"}
			}
		},
		{
			"from": [5.27754, -0.95484, 5.7926],
			"to": [10.72246, 1.39427, 14.11372],
			"rotation": {"angle": 0, "axis": "y", "origin": [12.43964, 5.37891, -17.3131]},
			"faces": {
				"north": {"uv": [0, 1.5, 1.5, 3], "texture": "#0"},
				"east": {"uv": [0, 1.5, 1.5, 3], "texture": "#0"},
				"south": {"uv": [0, 1.5, 1.5, 3], "texture": "#0"},
				"west": {"uv": [0, 1.5, 1.5, 3], "texture": "#0"},
				"up": {"uv": [0, 1.5, 1.5, 3], "texture": "#0"},
				"down": {"uv": [0, 1.5, 1.5, 3], "texture": "#0"}
			}
		},
		{
			"from": [5.82354, 0.22816, 14.1009],
			"to": [10.17646, 1.84927, 18.61822],
			"rotation": {"angle": 0, "axis": "y", "origin": [12.43964, 5.37891, -9.0048]},
			"faces": {
				"north": {"uv": [0, 1.5, 1.5, 3], "texture": "#0"},
				"east": {"uv": [0, 1.5, 1.5, 3], "texture": "#0"},
				"south": {"uv": [0, 1.5, 1.5, 3], "texture": "#0"},
				"west": {"uv": [0, 1.5, 1.5, 3], "texture": "#0"},
				"up": {"uv": [0, 1.5, 1.5, 3], "texture": "#0"},
				"down": {"uv": [0, 1.5, 1.5, 3], "texture": "#0"}
			}
		},
		{
			"from": [7.2676, 8.6295, 8.75845],
			"to": [8.7324, 10.98167, 10.12345],
			"rotation": {"angle": 22.5, "axis": "x", "origin": [8, 9.80558, 10.12345]},
			"faces": {
				"north": {"uv": [9.5, 7.75, 10.5, 9], "rotation": 270, "texture": "#0"},
				"east": {"uv": [9.5, 7.75, 10.5, 9], "rotation": 270, "texture": "#0"},
				"south": {"uv": [9.5, 7.75, 10.5, 9], "rotation": 270, "texture": "#0"},
				"west": {"uv": [9.5, 7.75, 10.5, 9], "rotation": 270, "texture": "#0"},
				"up": {"uv": [9.5, 7.75, 10.5, 9], "rotation": 270, "texture": "#0"},
				"down": {"uv": [9.5, 7.75, 10.5, 9], "rotation": 270, "texture": "#0"}
			}
		},
		{
			"from": [7.2676, 9.5395, 10.94245],
			"to": [8.7324, 12.25567, 12.48945],
			"rotation": {"angle": 22.5, "axis": "x", "origin": [8, 9.80558, 10.03245]},
			"faces": {
				"north": {"uv": [9.5, 7.75, 10.5, 9], "rotation": 270, "texture": "#0"},
				"east": {"uv": [9.5, 7.75, 10.5, 9], "rotation": 270, "texture": "#0"},
				"south": {"uv": [9.5, 7.75, 10.5, 9], "rotation": 270, "texture": "#0"},
				"west": {"uv": [9.5, 7.75, 10.5, 9], "rotation": 270, "texture": "#0"},
				"up": {"uv": [9.5, 7.75, 10.5, 9], "rotation": 270, "texture": "#0"},
				"down": {"uv": [9.5, 7.75, 10.5, 9], "rotation": 270, "texture": "#0"}
			}
		},
		{
			"from": [7.6316, 10.76454, 9.06274],
			"to": [8.3684, 11.58354, 11.86991],
			"rotation": {"angle": -45, "axis": "x", "origin": [8, 11.53804, 10.10232]},
			"faces": {
				"north": {"uv": [9.5, 7.75, 10.5, 9], "texture": "#0"},
				"east": {"uv": [9.5, 7.75, 10.5, 9], "texture": "#0"},
				"south": {"uv": [9.5, 7.75, 10.5, 9], "texture": "#0"},
				"west": {"uv": [9.5, 7.75, 10.5, 9], "texture": "#0"},
				"up": {"uv": [9.5, 7.75, 10.5, 9], "texture": "#0"},
				"down": {"uv": [9.5, 7.75, 10.5, 9], "texture": "#0"}
			}
		},
		{
			"from": [7.2676, 8.1745, 13.67245],
			"to": [8.7324, 10.52667, 15.03745],
			"rotation": {"angle": 22.5, "axis": "x", "origin": [8, 9.35058, 15.03745]},
			"faces": {
				"north": {"uv": [9.5, 7.75, 10.5, 9], "rotation": 270, "texture": "#0"},
				"east": {"uv": [9.5, 7.75, 10.5, 9], "rotation": 270, "texture": "#0"},
				"south": {"uv": [9.5, 7.75, 10.5, 9], "rotation": 270, "texture": "#0"},
				"west": {"uv": [9.5, 7.75, 10.5, 9], "rotation": 270, "texture": "#0"},
				"up": {"uv": [9.5, 7.75, 10.5, 9], "rotation": 270, "texture": "#0"},
				"down": {"uv": [9.5, 7.75, 10.5, 9], "rotation": 270, "texture": "#0"}
			}
		},
		{
			"from": [7.6316, 10.30954, 13.97674],
			"to": [8.3684, 11.12854, 16.78391],
			"rotation": {"angle": -45, "axis": "x", "origin": [8, 11.08304, 15.01632]},
			"faces": {
				"north": {"uv": [9.5, 7.75, 10.5, 9], "texture": "#0"},
				"east": {"uv": [9.5, 7.75, 10.5, 9], "texture": "#0"},
				"south": {"uv": [9.5, 7.75, 10.5, 9], "texture": "#0"},
				"west": {"uv": [9.5, 7.75, 10.5, 9], "texture": "#0"},
				"up": {"uv": [9.5, 7.75, 10.5, 9], "texture": "#0"},
				"down": {"uv": [9.5, 7.75, 10.5, 9], "texture": "#0"}
			}
		},
		{
			"from": [7.2676, 7.2645, 15.58345],
			"to": [8.7324, 9.61667, 16.94845],
			"rotation": {"angle": 22.5, "axis": "x", "origin": [8, 8.44058, 16.94845]},
			"faces": {
				"north": {"uv": [9.5, 7.75, 10.5, 9], "rotation": 270, "texture": "#0"},
				"east": {"uv": [9.5, 7.75, 10.5, 9], "rotation": 270, "texture": "#0"},
				"south": {"uv": [9.5, 7.75, 10.5, 9], "rotation": 270, "texture": "#0"},
				"west": {"uv": [9.5, 7.75, 10.5, 9], "rotation": 270, "texture": "#0"},
				"up": {"uv": [9.5, 7.75, 10.5, 9], "rotation": 270, "texture": "#0"},
				"down": {"uv": [9.5, 7.75, 10.5, 9], "rotation": 270, "texture": "#0"}
			}
		},
		{
			"from": [7.6316, 9.39954, 15.88774],
			"to": [8.3684, 10.21854, 18.69491],
			"rotation": {"angle": -45, "axis": "x", "origin": [8, 10.17304, 16.92732]},
			"faces": {
				"north": {"uv": [9.5, 7.75, 10.5, 9], "texture": "#0"},
				"east": {"uv": [9.5, 7.75, 10.5, 9], "texture": "#0"},
				"south": {"uv": [9.5, 7.75, 10.5, 9], "texture": "#0"},
				"west": {"uv": [9.5, 7.75, 10.5, 9], "texture": "#0"},
				"up": {"uv": [9.5, 7.75, 10.5, 9], "texture": "#0"},
				"down": {"uv": [9.5, 7.75, 10.5, 9], "texture": "#0"}
			}
		},
		{
			"from": [7.2676, 6.72957, 18.23471],
			"to": [8.7324, 9.08174, 19.59971],
			"rotation": {"angle": 45, "axis": "x", "origin": [8, 8.8004, 19.155]},
			"faces": {
				"north": {"uv": [9.5, 7.75, 10.5, 9], "rotation": 270, "texture": "#0"},
				"east": {"uv": [9.5, 7.75, 10.5, 9], "rotation": 270, "texture": "#0"},
				"south": {"uv": [9.5, 7.75, 10.5, 9], "rotation": 270, "texture": "#0"},
				"west": {"uv": [9.5, 7.75, 10.5, 9], "rotation": 270, "texture": "#0"},
				"up": {"uv": [9.5, 7.75, 10.5, 9], "rotation": 270, "texture": "#0"},
				"down": {"uv": [9.5, 7.75, 10.5, 9], "rotation": 270, "texture": "#0"}
			}
		},
		{
			"from": [7.6316, 8.51361, 18.66906],
			"to": [8.3684, 9.33261, 21.47622],
			"rotation": {"angle": -22.5, "axis": "x", "origin": [8, 8.8004, 19.155]},
			"faces": {
				"north": {"uv": [9.5, 7.75, 10.5, 9], "texture": "#0"},
				"east": {"uv": [9.5, 7.75, 10.5, 9], "texture": "#0"},
				"south": {"uv": [9.5, 7.75, 10.5, 9], "texture": "#0"},
				"west": {"uv": [9.5, 7.75, 10.5, 9], "texture": "#0"},
				"up": {"uv": [9.5, 7.75, 10.5, 9], "texture": "#0"},
				"down": {"uv": [9.5, 7.75, 10.5, 9], "texture": "#0"}
			}
		},
		{
			"from": [7.6316, 11.42561, 14.30106],
			"to": [8.3684, 12.24461, 16.65322],
			"rotation": {"angle": -45, "axis": "x", "origin": [8, 11.7124, 13.604]},
			"faces": {
				"north": {"uv": [9.5, 7.75, 10.5, 9], "texture": "#0"},
				"east": {"uv": [9.5, 7.75, 10.5, 9], "texture": "#0"},
				"south": {"uv": [9.5, 7.75, 10.5, 9], "texture": "#0"},
				"west": {"uv": [9.5, 7.75, 10.5, 9], "texture": "#0"},
				"up": {"uv": [9.5, 7.75, 10.5, 9], "texture": "#0"},
				"down": {"uv": [9.5, 7.75, 10.5, 9], "texture": "#0"}
			}
		},
		{
			"from": [7.4496, 10.09657, 12.68371],
			"to": [8.5504, 12.44874, 13.86671],
			"rotation": {"angle": 45, "axis": "x", "origin": [8, 11.7124, 13.604]},
			"faces": {
				"north": {"uv": [9.5, 7.75, 10.5, 9], "rotation": 270, "texture": "#0"},
				"east": {"uv": [9.5, 7.75, 10.5, 9], "rotation": 270, "texture": "#0"},
				"south": {"uv": [9.5, 7.75, 10.5, 9], "rotation": 270, "texture": "#0"},
				"west": {"uv": [9.5, 7.75, 10.5, 9], "rotation": 270, "texture": "#0"},
				"up": {"uv": [9.5, 7.75, 10.5, 9], "rotation": 270, "texture": "#0"},
				"down": {"uv": [9.5, 7.75, 10.5, 9], "rotation": 270, "texture": "#0"}
			}
		},
		{
			"from": [7.2676, 9.0845, 6.48345],
			"to": [8.7324, 11.43667, 7.84845],
			"rotation": {"angle": 22.5, "axis": "x", "origin": [8, 10.26058, 7.84845]},
			"faces": {
				"north": {"uv": [9.5, 7.75, 10.5, 9], "rotation": 270, "texture": "#0"},
				"east": {"uv": [9.5, 7.75, 10.5, 9], "rotation": 270, "texture": "#0"},
				"south": {"uv": [9.5, 7.75, 10.5, 9], "rotation": 270, "texture": "#0"},
				"west": {"uv": [9.5, 7.75, 10.5, 9], "rotation": 270, "texture": "#0"},
				"up": {"uv": [9.5, 7.75, 10.5, 9], "rotation": 270, "texture": "#0"},
				"down": {"uv": [9.5, 7.75, 10.5, 9], "rotation": 270, "texture": "#0"}
			}
		},
		{
			"from": [7.6316, 11.21954, 6.78774],
			"to": [8.3684, 12.03854, 9.59491],
			"rotation": {"angle": -45, "axis": "x", "origin": [8, 11.99304, 7.82732]},
			"faces": {
				"north": {"uv": [9.5, 7.75, 10.5, 9], "texture": "#0"},
				"east": {"uv": [9.5, 7.75, 10.5, 9], "texture": "#0"},
				"south": {"uv": [9.5, 7.75, 10.5, 9], "texture": "#0"},
				"west": {"uv": [9.5, 7.75, 10.5, 9], "texture": "#0"},
				"up": {"uv": [9.5, 7.75, 10.5, 9], "texture": "#0"},
				"down": {"uv": [9.5, 7.75, 10.5, 9], "texture": "#0"}
			}
		}
	],
	"display": {
		"head": {
			"translation": [0, 8.75, -11.5],
			"scale": [4, 4, 4]
		}
	},
	"groups": [
		{
			"name": "root",
			"origin": [8, 8, 8],
			"color": 0,
			"children": [
				{
					"name": "body",
					"origin": [8, 8, 8],
					"color": 0,
					"children": [
						{
							"name": "1",
							"origin": [9.8, 10.53615, -0.43345],
							"color": 0,
							"children": [
								0,
								1,
								2,
								3,
								4,
								5,
								6,
								{
									"name": "group",
									"origin": [8, 12.14334, 3.29321],
									"color": 0,
									"children": [7, 8, 9, 10, 11, 12, 13, 14, 15, 16, 17, 18, 19]
								}
							]
						}
					]
				}
			]
		}
	]
}