{
	"credit": "Made with Blockbench",
	"texture_size": [32, 32],
	"textures": {
		"0": "reus/head",
		"particle": "reus/head"
	},
	"elements": [
		{
			"from": [6.63393, 9.86714, 6.63536],
			"to": [9.36393, 10.77714, 9.36536],
			"rotation": {"angle": 0, "axis": "y", "origin": [10.72893, 9.41214, 10.73036]},
			"faces": {
				"north": {"uv": [8.25, 1.75, 10.25, 2.75], "texture": "#0"},
				"east": {"uv": [9.75, 6.75, 10.25, 9.5], "rotation": 90, "texture": "#0"},
				"south": {"uv": [4.5, 2, 5.5, 2.5], "texture": "#0"},
				"west": {"uv": [9.5, 7.25, 10, 9.5], "rotation": 90, "texture": "#0"},
				"up": {"uv": [10.25, 3.25, 8.25, 1.5], "texture": "#0"},
				"down": {"uv": [3.5, 0, 2.5, 1.5], "texture": "#0"}
			}
		},
		{
			"from": [6.63393, 9.86714, 9.36536],
			"to": [9.36393, 11.23214, 11.64036],
			"rotation": {"angle": 0, "axis": "y", "origin": [10.72893, 9.41214, 10.73036]},
			"faces": {
				"north": {"uv": [8.25, 1.75, 10.25, 2.75], "texture": "#0"},
				"east": {"uv": [9.75, 6.75, 10.25, 9.5], "rotation": 90, "texture": "#0"},
				"south": {"uv": [4.5, 2, 5.5, 2.5], "texture": "#0"},
				"west": {"uv": [9.5, 7.25, 10, 9.5], "rotation": 90, "texture": "#0"},
				"up": {"uv": [10.25, 3.25, 8.25, 1.5], "texture": "#0"},
				"down": {"uv": [3.5, 0, 2.5, 1.5], "texture": "#0"}
			}
		},
		{
			"from": [6.17893, 8.95714, 5.72536],
			"to": [9.81893, 9.86714, 11.64036],
			"rotation": {"angle": 0, "axis": "y", "origin": [10.72893, 9.41214, 10.73036]},
			"faces": {
				"north": {"uv": [11, 1.25, 10, 1.75], "texture": "#0"},
				"east": {"uv": [3.5, 3, 5, 3.5], "texture": "#0"},
				"south": {"uv": [4.5, 4, 5.5, 4.5], "texture": "#0"},
				"west": {"uv": [2, 4.5, 3.5, 5], "texture": "#0"},
				"up": {"uv": [3.75, 6, 5.25, 5], "rotation": 90, "texture": "#0"},
				"down": {"uv": [2, 3.5, 1, 5], "texture": "#0"}
			}
		},
		{
			"from": [6.36093, 6.68214, 4.36036],
			"to": [9.63693, 8.95714, 5.72536],
			"rotation": {"angle": 0, "axis": "y", "origin": [10.72893, 9.41214, 10.73036]},
			"faces": {
				"north": {"uv": [10.5, 1.5, 12.5, 3], "texture": "#0"},
				"east": {"uv": [4.25, 1.5, 4.5, 2], "texture": "#0"},
				"south": {"uv": [1, 5, 2, 5.5], "texture": "#0"},
				"west": {"uv": [2.5, 2, 2.75, 2.5], "texture": "#0"},
				"up": {"uv": [2.5, 3.5, 1.5, 3.25], "texture": "#0"},
				"down": {"uv": [3.5, 4.25, 2.5, 4.5], "texture": "#0"}
			}
		},
		{
			"from": [5.90593, 6.68214, 5.72536],
			"to": [10.09193, 8.95714, 11.64036],
			"rotation": {"angle": 0, "axis": "y", "origin": [10.72893, 9.41214, 10.73036]},
			"faces": {
				"north": {"uv": [0, 5, 1, 5.5], "texture": "#0"},
				"east": {"uv": [2.5, 1.5, 4.25, 2], "texture": "#0"},
				"south": {"uv": [1, 5, 2, 5.5], "texture": "#0"},
				"west": {"uv": [2.75, 2, 4.5, 2.5], "texture": "#0"},
				"up": {"uv": [2.5, 3.5, 1.5, 1.5], "texture": "#0"},
				"down": {"uv": [3.5, 2.5, 2.5, 4.5], "texture": "#0"}
			}
		},
		{
			"from": [5.90593, 4.58914, 8.91036],
			"to": [10.09193, 6.68214, 11.64036],
			"rotation": {"angle": 0, "axis": "y", "origin": [10.72893, 9.41214, 10.73036]},
			"faces": {
				"north": {"uv": [0, 5, 1, 5.5], "texture": "#0"},
				"east": {"uv": [2.5, 1.5, 4.25, 2], "texture": "#0"},
				"south": {"uv": [1, 5, 2, 5.5], "texture": "#0"},
				"west": {"uv": [2.75, 2, 4.5, 2.5], "texture": "#0"},
				"up": {"uv": [2.5, 3.5, 1.5, 1.5], "texture": "#0"},
				"down": {"uv": [3.5, 2.5, 2.5, 4.5], "texture": "#0"}
			}
		},
		{
			"from": [6.08793, 5.77214, 9.91136],
			"to": [10.09193, 8.59314, 11.09436],
			"rotation": {"angle": 0, "axis": "y", "origin": [10.72893, 9.41214, 10.73036]},
			"faces": {
				"north": {"uv": [0, 5, 1, 5.5], "texture": "#0"},
				"east": {"uv": [2.5, 1.5, 4.25, 2], "texture": "#0"},
				"south": {"uv": [1, 5, 2, 5.5], "texture": "#0"},
				"west": {"uv": [2.75, 2, 4.5, 2.5], "texture": "#0"},
				"up": {"uv": [2.5, 3.5, 1.5, 1.5], "texture": "#0"},
				"down": {"uv": [3.5, 2.5, 2.5, 4.5], "texture": "#0"}
			}
		},
		{
			"from": [6.63393, 6.68214, 2.54036],
			"to": [9.36393, 8.13814, 4.36036],
			"rotation": {"angle": 0, "axis": "y", "origin": [10.72893, 9.41214, 10.73036]},
			"faces": {
				"north": {"uv": [4.75, 5.25, 3.75, 5.75], "rotation": 180, "texture": "#0"},
				"east": {"uv": [4.25, 3.25, 4.75, 3.75], "rotation": 180, "texture": "#0"},
				"south": {"uv": [3, 5, 4, 5.5], "texture": "#0"},
				"west": {"uv": [2, 3.5, 2.5, 4], "texture": "#0"},
				"up": {"uv": [4.75, 5.75, 3.75, 5.25], "texture": "#0"},
				"down": {"uv": [6, 5, 5, 5.5], "texture": "#0"}
			}
		},
		{
			"from": [7.54393, 6.68214, 1.35736],
			"to": [8.45393, 7.59214, 2.54036],
			"rotation": {"angle": 0, "axis": "y", "origin": [10.72893, 9.41214, 10.73036]},
			"faces": {
				"north": {"uv": [2, 4, 2.5, 4.5], "texture": "#0"},
				"east": {"uv": [4, 5.5, 4.5, 6], "texture": "#0"},
				"south": {"uv": [4.5, 5.5, 5, 6], "texture": "#0"},
				"west": {"uv": [5, 5.5, 5.5, 6], "texture": "#0"},
				"up": {"uv": [6, 6, 5.5, 5.5], "texture": "#0"},
				"down": {"uv": [6, 2, 5.5, 2.5], "texture": "#0"}
			}
		},
		{
			"from": [7.72593, 5.77214, 1.17536],
			"to": [8.27193, 6.68214, 1.72136],
			"rotation": {"angle": 45, "axis": "x", "origin": [8.90893, 6.22714, 1.81236]},
			"faces": {
				"north": {"uv": [5.5, 3.5, 6, 4], "texture": "#0"},
				"east": {"uv": [5.5, 4, 6, 4.5], "texture": "#0"},
				"south": {"uv": [0, 6, 0.5, 6.5], "texture": "#0"},
				"west": {"uv": [0.5, 6, 1, 6.5], "texture": "#0"},
				"up": {"uv": [1.5, 6.5, 1, 6], "texture": "#0"},
				"down": {"uv": [2, 6, 1.5, 6.5], "texture": "#0"}
			}
		},
		{
			"from": [7.68043, 6.6531, 4.30432],
			"to": [8.31743, 8.2456, 4.78207],
			"rotation": {"angle": 22.5, "axis": "x", "origin": [7.99893, 10.80498, 7.15945]},
			"faces": {
				"north": {"uv": [2, 6, 2.5, 6.5], "texture": "#0"},
				"east": {"uv": [2.5, 6, 3, 6.5], "texture": "#0"},
				"south": {"uv": [3, 6, 3.5, 6.5], "texture": "#0"},
				"west": {"uv": [3.5, 6, 4, 6.5], "texture": "#0"},
				"up": {"uv": [4.5, 6.5, 4, 6], "texture": "#0"},
				"down": {"uv": [5, 6, 4.5, 6.5], "texture": "#0"}
			}
		},
		{
			"from": [7.31857, 8.4031, 4.75932],
			"to": [8.18357, 9.1556, 5.78307],
			"rotation": {"angle": 22.5, "axis": "x", "origin": [8.00107, 10.80498, 7.15945]},
			"faces": {
				"north": {"uv": [5.5, 6, 5, 6.5], "texture": "#0"},
				"east": {"uv": [5.5, 0.5, 5, 1], "texture": "#0"},
				"south": {"uv": [6.5, 6, 6, 6.5], "texture": "#0"},
				"west": {"uv": [6, 6, 5.5, 6.5], "texture": "#0"},
				"up": {"uv": [5.25, 1, 5.75, 0.5], "texture": "#0"},
				"down": {"uv": [6, 1, 6.5, 1.5], "texture": "#0"}
			}
		},
		{
			"from": [7.31643, 6.6531, 4.75932],
			"to": [8.68143, 8.4056, 5.78307],
			"rotation": {"angle": 22.5, "axis": "x", "origin": [7.99893, 10.80498, 7.15945]},
			"faces": {
				"north": {"uv": [5, 6, 5.5, 6.5], "texture": "#0"},
				"east": {"uv": [5.5, 6, 6, 6.5], "texture": "#0"},
				"south": {"uv": [6, 6, 6.5, 6.5], "texture": "#0"},
				"west": {"uv": [6, 0, 6.5, 0.5], "texture": "#0"},
				"up": {"uv": [5.75, 1, 5.25, 0.5], "texture": "#0"},
				"down": {"uv": [6.5, 1, 6, 1.5], "texture": "#0"}
			}
		},
		{
			"from": [7.08893, 7.85499, 5.94695],
			"to": [8.90893, 10.58499, 7.31195],
			"rotation": {"angle": 22.5, "axis": "x", "origin": [7.99893, 10.96416, 7.78212]},
			"faces": {
				"north": {"uv": [1.5, 5.25, 2, 5.75], "rotation": 90, "texture": "#0"},
				"east": {"uv": [2, 6.5, 2.5, 7], "texture": "#0"},
				"south": {"uv": [2.5, 6.5, 3, 7], "texture": "#0"},
				"west": {"uv": [3, 6.5, 3.5, 7], "texture": "#0"},
				"up": {"uv": [4, 7, 3.5, 6.5], "texture": "#0"},
				"down": {"uv": [4.5, 6.5, 4, 7], "texture": "#0"}
			}
		},
		{
			"from": [7.54393, 10.58499, 6.40195],
			"to": [8.45393, 11.44999, 7.31195],
			"rotation": {"angle": 22.5, "axis": "x", "origin": [7.99893, 10.96416, 7.78212]},
			"faces": {
				"north": {"uv": [4.5, 6.5, 5, 7], "texture": "#0"},
				"east": {"uv": [5, 6.5, 5.5, 7], "texture": "#0"},
				"south": {"uv": [5.5, 6.5, 6, 7], "texture": "#0"},
				"west": {"uv": [6, 6.5, 6.5, 7], "texture": "#0"},
				"up": {"uv": [3, 11.75, 2.5, 11.25], "texture": "#0"},
				"down": {"uv": [7, 0, 6.5, 0.5], "texture": "#0"}
			}
		},
		{
			"from": [7.08893, 10.22099, 7.58495],
			"to": [8.90893, 12.67799, 8.94995],
			"rotation": {"angle": 22.5, "axis": "x", "origin": [7.99893, 10.96416, 7.78212]},
			"faces": {
				"north": {"uv": [7, 6, 6.5, 5.5], "rotation": 180, "texture": "#0"},
				"east": {"uv": [6.5, 4, 7, 4.5], "rotation": 90, "texture": "#0"},
				"south": {"uv": [7, 6, 6.5, 6.5], "texture": "#0"},
				"west": {"uv": [6.5, 5, 7, 5.5], "rotation": 270, "texture": "#0"},
				"up": {"uv": [6.5, 4.5, 7, 5], "texture": "#0"},
				"down": {"uv": [6.5, 3.5, 7, 4], "rotation": 180, "texture": "#0"}
			}
		},
		{
			"from": [7.54393, 10.52433, 9.22295],
			"to": [8.45393, 11.43433, 10.58795],
			"rotation": {"angle": -45, "axis": "x", "origin": [7.99893, 10.96416, 7.78212]},
			"faces": {
				"north": {"uv": [0, 7, 0.5, 7.5], "texture": "#0"},
				"east": {"uv": [0.5, 7, 1, 7.5], "texture": "#0"},
				"south": {"uv": [1, 7, 1.5, 7.5], "texture": "#0"},
				"west": {"uv": [1.5, 7, 2, 7.5], "texture": "#0"},
				"up": {"uv": [2.5, 7.5, 2, 7], "texture": "#0"},
				"down": {"uv": [3, 7, 2.5, 7.5], "texture": "#0"}
			}
		},
		{
			"from": [7.72593, 10.52433, 10.58795],
			"to": [8.27193, 11.07033, 11.49795],
			"rotation": {"angle": -45, "axis": "x", "origin": [7.99893, 10.96416, 7.78212]},
			"faces": {
				"north": {"uv": [3, 7, 3.5, 7.5], "texture": "#0"},
				"east": {"uv": [3.5, 7, 4, 7.5], "texture": "#0"},
				"south": {"uv": [4, 7, 4.5, 7.5], "texture": "#0"},
				"west": {"uv": [4.5, 7, 5, 7.5], "texture": "#0"},
				"up": {"uv": [5.5, 7.5, 5, 7], "texture": "#0"},
				"down": {"uv": [6, 7, 5.5, 7.5], "texture": "#0"}
			}
		},
		{
			"from": [7.08893, 10.15605, 10.53769],
			"to": [8.90893, 13.34105, 11.90269],
			"rotation": {"angle": 22.5, "axis": "x", "origin": [7.99893, 11.52105, 11.22019]},
			"faces": {
				"north": {"uv": [7.5, 1, 7, 0.5], "rotation": 180, "texture": "#0"},
				"east": {"uv": [6.5, 7, 7, 7.5], "rotation": 90, "texture": "#0"},
				"south": {"uv": [7.5, 1, 7, 1.5], "texture": "#0"},
				"west": {"uv": [7, 0, 7.5, 0.5], "rotation": 270, "texture": "#0"},
				"up": {"uv": [7, 7, 7.5, 7.5], "texture": "#0"},
				"down": {"uv": [6, 7, 6.5, 7.5], "rotation": 180, "texture": "#0"}
			}
		},
		{
			"from": [7.54393, 12.16338, 13.26775],
			"to": [8.45393, 13.07338, 14.63275],
			"rotation": {"angle": -45, "axis": "x", "origin": [7.99893, 10.99555, 12.28191]},
			"faces": {
				"north": {"uv": [7, 1.5, 7.5, 2], "texture": "#0"},
				"east": {"uv": [7, 2, 7.5, 2.5], "texture": "#0"},
				"south": {"uv": [7, 2.5, 7.5, 3], "texture": "#0"},
				"west": {"uv": [7, 3, 7.5, 3.5], "texture": "#0"},
				"up": {"uv": [7.5, 4, 7, 3.5], "texture": "#0"},
				"down": {"uv": [7.5, 4, 7, 4.5], "texture": "#0"}
			}
		},
		{
			"from": [7.72593, 12.16338, 14.63275],
			"to": [8.27193, 12.70938, 15.54275],
			"rotation": {"angle": -45, "axis": "x", "origin": [7.99893, 10.99555, 12.28191]},
			"faces": {
				"north": {"uv": [7, 4.5, 7.5, 5], "texture": "#0"},
				"east": {"uv": [7, 5, 7.5, 5.5], "texture": "#0"},
				"south": {"uv": [7, 5.5, 7.5, 6], "texture": "#0"},
				"west": {"uv": [7, 6, 7.5, 6.5], "texture": "#0"},
				"up": {"uv": [7.5, 7, 7, 6.5], "texture": "#0"},
				"down": {"uv": [0.5, 7.5, 0, 8], "texture": "#0"}
			}
		},
		{
			"from": [3.26693, 6.68214, 4.26936],
			"to": [4.63193, 8.04714, 6.54436],
			"rotation": {"angle": -45, "axis": "y", "origin": [3.81293, 7.95614, 8.45536]},
			"faces": {
				"north": {"uv": [0.5, 7.5, 1, 8], "texture": "#0"},
				"east": {"uv": [1, 7.5, 1.5, 8], "texture": "#0"},
				"south": {"uv": [1.5, 7.5, 2, 8], "texture": "#0"},
				"west": {"uv": [2, 7.5, 2.5, 8], "texture": "#0"},
				"up": {"uv": [3, 8, 2.5, 7.5], "texture": "#0"},
				"down": {"uv": [3.5, 7.5, 3, 8], "texture": "#0"}
			}
		},
		{
			"from": [3.26693, 7.13714, 6.54436],
			"to": [4.17693, 8.04714, 7.90936],
			"rotation": {"angle": -45, "axis": "y", "origin": [3.81293, 7.95614, 8.45536]},
			"faces": {
				"north": {"uv": [3.5, 7.5, 4, 8], "texture": "#0"},
				"east": {"uv": [4, 7.5, 4.5, 8], "texture": "#0"},
				"south": {"uv": [4.5, 7.5, 5, 8], "texture": "#0"},
				"west": {"uv": [5, 7.5, 5.5, 8], "texture": "#0"},
				"up": {"uv": [6, 8, 5.5, 7.5], "texture": "#0"},
				"down": {"uv": [6.5, 7.5, 6, 8], "texture": "#0"}
			}
		},
		{
			"from": [3.26693, 7.59214, 7.90936],
			"to": [3.72193, 8.04714, 8.81936],
			"rotation": {"angle": -45, "axis": "y", "origin": [3.81293, 7.95614, 8.45536]},
			"faces": {
				"north": {"uv": [6.5, 7.5, 7, 8], "texture": "#0"},
				"east": {"uv": [7, 7.5, 7.5, 8], "texture": "#0"},
				"south": {"uv": [7.5, 7.5, 8, 8], "texture": "#0"},
				"west": {"uv": [7.5, 0, 8, 0.5], "texture": "#0"},
				"up": {"uv": [8, 1, 7.5, 0.5], "texture": "#0"},
				"down": {"uv": [8, 1, 7.5, 1.5], "texture": "#0"}
			}
		},
		{
			"from": [4.48951, 7.22814, 8.36728],
			"to": [6.76451, 8.59314, 9.73228],
			"rotation": {"angle": 22.5, "axis": "y", "origin": [5.39951, 8.13814, 10.64228]},
			"faces": {
				"north": {"uv": [7.5, 1.5, 8, 2], "texture": "#0"},
				"east": {"uv": [7.5, 2, 8, 2.5], "texture": "#0"},
				"south": {"uv": [7.5, 2.5, 8, 3], "texture": "#0"},
				"west": {"uv": [7.5, 3, 8, 3.5], "texture": "#0"},
				"up": {"uv": [8, 4, 7.5, 3.5], "texture": "#0"},
				"down": {"uv": [8, 4, 7.5, 4.5], "texture": "#0"}
			}
		},
		{
			"from": [3.12451, 7.68314, 8.36728],
			"to": [4.48951, 8.59314, 9.27728],
			"rotation": {"angle": 22.5, "axis": "y", "origin": [5.39951, 8.13814, 10.64228]},
			"faces": {
				"north": {"uv": [7.5, 4.5, 8, 5], "texture": "#0"},
				"east": {"uv": [7.5, 5, 8, 5.5], "texture": "#0"},
				"south": {"uv": [7.5, 5.5, 8, 6], "texture": "#0"},
				"west": {"uv": [7.5, 6, 8, 6.5], "texture": "#0"},
				"up": {"uv": [8, 7, 7.5, 6.5], "texture": "#0"},
				"down": {"uv": [8, 7, 7.5, 7.5], "texture": "#0"}
			}
		},
		{
			"from": [2.21451, 8.13814, 8.36728],
			"to": [3.12451, 8.59314, 8.82228],
			"rotation": {"angle": 22.5, "axis": "y", "origin": [5.39951, 8.13814, 10.64228]},
			"faces": {
				"north": {"uv": [0, 8, 0.5, 8.5], "texture": "#0"},
				"east": {"uv": [0.5, 8, 1, 8.5], "texture": "#0"},
				"south": {"uv": [1, 8, 1.5, 8.5], "texture": "#0"},
				"west": {"uv": [1.5, 8, 2, 8.5], "texture": "#0"},
				"up": {"uv": [2.5, 8.5, 2, 8], "texture": "#0"},
				"down": {"uv": [3, 8, 2.5, 8.5], "texture": "#0"}
			}
		},
		{
			"from": [4.26838, 8.32014, 6.23178],
			"to": [5.63338, 9.68514, 7.59678],
			"rotation": {"angle": 45, "axis": "y", "origin": [5.63338, 7.68314, 5.32178]},
			"faces": {
				"north": {"uv": [3, 8, 3.5, 8.5], "texture": "#0"},
				"east": {"uv": [3.5, 8, 4, 8.5], "texture": "#0"},
				"south": {"uv": [4, 8, 4.5, 8.5], "texture": "#0"},
				"west": {"uv": [4.5, 8, 5, 8.5], "texture": "#0"},
				"up": {"uv": [5.5, 8.5, 5, 8], "texture": "#0"},
				"down": {"uv": [6, 8, 5.5, 8.5], "texture": "#0"}
			}
		},
		{
			"from": [2.90338, 8.77514, 6.23178],
			"to": [4.26838, 9.68514, 7.14178],
			"rotation": {"angle": 45, "axis": "y", "origin": [5.63338, 7.68314, 5.32178]},
			"faces": {
				"north": {"uv": [6, 8, 6.5, 8.5], "texture": "#0"},
				"east": {"uv": [6.5, 8, 7, 8.5], "texture": "#0"},
				"south": {"uv": [7, 8, 7.5, 8.5], "texture": "#0"},
				"west": {"uv": [7.5, 8, 8, 8.5], "texture": "#0"},
				"up": {"uv": [8.5, 8.5, 8, 8], "texture": "#0"},
				"down": {"uv": [8.5, 0, 8, 0.5], "texture": "#0"}
			}
		},
		{
			"from": [1.99338, 9.23014, 6.23178],
			"to": [2.90338, 9.68514, 6.68678],
			"rotation": {"angle": 45, "axis": "y", "origin": [5.63338, 7.68314, 5.32178]},
			"faces": {
				"north": {"uv": [8, 0.5, 8.5, 1], "texture": "#0"},
				"east": {"uv": [8, 1, 8.5, 1.5], "texture": "#0"},
				"south": {"uv": [8, 1.5, 8.5, 2], "texture": "#0"},
				"west": {"uv": [8, 2, 8.5, 2.5], "texture": "#0"},
				"up": {"uv": [8.5, 3, 8, 2.5], "texture": "#0"},
				"down": {"uv": [8.5, 3, 8, 3.5], "texture": "#0"}
			}
		},
		{
			"from": [2.44838, 8.32014, 8.05178],
			"to": [3.81338, 9.68514, 9.41678],
			"rotation": {"angle": 45, "axis": "y", "origin": [5.63338, 7.68314, 5.32178]},
			"faces": {
				"north": {"uv": [8, 3.5, 8.5, 4], "texture": "#0"},
				"east": {"uv": [8, 4, 8.5, 4.5], "texture": "#0"},
				"south": {"uv": [8, 4.5, 8.5, 5], "texture": "#0"},
				"west": {"uv": [8, 5, 8.5, 5.5], "texture": "#0"},
				"up": {"uv": [8.5, 6, 8, 5.5], "texture": "#0"},
				"down": {"uv": [8.5, 6, 8, 6.5], "texture": "#0"}
			}
		},
		{
			"from": [1.08338, 8.77514, 8.05178],
			"to": [2.44838, 9.68514, 8.96178],
			"rotation": {"angle": 45, "axis": "y", "origin": [5.63338, 7.68314, 5.32178]},
			"faces": {
				"north": {"uv": [8, 6.5, 8.5, 7], "texture": "#0"},
				"east": {"uv": [8, 7, 8.5, 7.5], "texture": "#0"},
				"south": {"uv": [8, 7.5, 8.5, 8], "texture": "#0"},
				"west": {"uv": [0, 8.5, 0.5, 9], "texture": "#0"},
				"up": {"uv": [1, 9, 0.5, 8.5], "texture": "#0"},
				"down": {"uv": [1.5, 8.5, 1, 9], "texture": "#0"}
			}
		},
		{
			"from": [0.17338, 9.23014, 8.05178],
			"to": [1.08338, 9.68514, 8.50678],
			"rotation": {"angle": 45, "axis": "y", "origin": [5.63338, 7.68314, 5.32178]},
			"faces": {
				"north": {"uv": [1.5, 8.5, 2, 9], "texture": "#0"},
				"east": {"uv": [2, 8.5, 2.5, 9], "texture": "#0"},
				"south": {"uv": [2.5, 8.5, 3, 9], "texture": "#0"},
				"west": {"uv": [3, 8.5, 3.5, 9], "texture": "#0"},
				"up": {"uv": [4, 9, 3.5, 8.5], "texture": "#0"},
				"down": {"uv": [4.5, 8.5, 4, 9], "texture": "#0"}
			}
		},
		{
			"from": [5.35993, 5.86314, 10.45736],
			"to": [5.99693, 7.68314, 12.27736],
			"rotation": {"angle": -22.5, "axis": "x", "origin": [5.51918, 3.80426, 8.62599]},
			"faces": {
				"north": {"uv": [4.5, 8.5, 5, 9], "texture": "#0"},
				"east": {"uv": [5, 8.5, 5.5, 9], "texture": "#0"},
				"south": {"uv": [5.5, 8.5, 6, 9], "texture": "#0"},
				"west": {"uv": [6, 8.5, 6.5, 9], "texture": "#0"},
				"up": {"uv": [7, 9, 6.5, 8.5], "texture": "#0"},
				"down": {"uv": [7.5, 8.5, 7, 9], "texture": "#0"}
			}
		},
		{
			"from": [5.17793, 3.95214, 10.45736],
			"to": [5.99693, 5.86314, 12.27736],
			"rotation": {"angle": -22.5, "axis": "x", "origin": [5.51918, 3.80426, 8.62599]},
			"faces": {
				"north": {"uv": [7.5, 8.5, 8, 9], "texture": "#0"},
				"east": {"uv": [8, 8.5, 8.5, 9], "texture": "#0"},
				"south": {"uv": [8.5, 8.5, 9, 9], "texture": "#0"},
				"west": {"uv": [8.5, 0, 9, 0.5], "texture": "#0"},
				"up": {"uv": [9, 1, 8.5, 0.5], "texture": "#0"},
				"down": {"uv": [9, 1, 8.5, 1.5], "texture": "#0"}
			}
		},
		{
			"from": [4.99593, 3.04214, 9.09236],
			"to": [5.99693, 5.77214, 10.45736],
			"rotation": {"angle": -22.5, "axis": "x", "origin": [5.51918, 3.80426, 8.62599]},
			"faces": {
				"north": {"uv": [8.5, 1.5, 9, 2], "texture": "#0"},
				"east": {"uv": [8.5, 2, 9, 2.5], "texture": "#0"},
				"south": {"uv": [8.5, 2.5, 9, 3], "texture": "#0"},
				"west": {"uv": [8.5, 3, 9, 3.5], "texture": "#0"},
				"up": {"uv": [9, 4, 8.5, 3.5], "texture": "#0"},
				"down": {"uv": [9, 4, 8.5, 4.5], "texture": "#0"}
			}
		},
		{
			"from": [5.26893, 4.68014, 8.18236],
			"to": [5.72393, 5.13514, 9.54736],
			"rotation": {"angle": -22.5, "axis": "x", "origin": [5.51918, 3.80426, 8.62599]},
			"faces": {
				"north": {"uv": [8.5, 4.5, 9, 5], "texture": "#0"},
				"east": {"uv": [8.5, 5, 9, 5.5], "texture": "#0"},
				"south": {"uv": [8.5, 5.5, 9, 6], "texture": "#0"},
				"west": {"uv": [8.5, 6, 9, 6.5], "texture": "#0"},
				"up": {"uv": [9, 7, 8.5, 6.5], "texture": "#0"},
				"down": {"uv": [9, 7, 8.5, 7.5], "texture": "#0"}
			}
		},
		{
			"from": [5.26893, 3.49714, 8.18236],
			"to": [5.72393, 3.95214, 9.54736],
			"rotation": {"angle": -22.5, "axis": "x", "origin": [5.51918, 3.80426, 8.62599]},
			"faces": {
				"north": {"uv": [8.5, 7.5, 9, 8], "texture": "#0"},
				"east": {"uv": [8.5, 8, 9, 8.5], "texture": "#0"},
				"south": {"uv": [0, 9, 0.5, 9.5], "texture": "#0"},
				"west": {"uv": [0.5, 9, 1, 9.5], "texture": "#0"},
				"up": {"uv": [1.5, 9.5, 1, 9], "texture": "#0"},
				"down": {"uv": [2, 9, 1.5, 9.5], "texture": "#0"}
			}
		},
		{
			"from": [11.36593, 6.68214, 4.26936],
			"to": [12.73093, 8.04714, 6.54436],
			"rotation": {"angle": 45, "axis": "y", "origin": [12.18493, 7.95614, 8.45536]},
			"faces": {
				"north": {"uv": [2, 9, 2.5, 9.5], "texture": "#0"},
				"east": {"uv": [2.5, 9, 3, 9.5], "texture": "#0"},
				"south": {"uv": [3, 9, 3.5, 9.5], "texture": "#0"},
				"west": {"uv": [3.5, 9, 4, 9.5], "texture": "#0"},
				"up": {"uv": [4.5, 9.5, 4, 9], "texture": "#0"},
				"down": {"uv": [5, 9, 4.5, 9.5], "texture": "#0"}
			}
		},
		{
			"from": [11.82093, 7.13714, 6.54436],
			"to": [12.73093, 8.04714, 7.90936],
			"rotation": {"angle": 45, "axis": "y", "origin": [12.18493, 7.95614, 8.45536]},
			"faces": {
				"north": {"uv": [5, 9, 5.5, 9.5], "texture": "#0"},
				"east": {"uv": [5.5, 9, 6, 9.5], "texture": "#0"},
				"south": {"uv": [6, 9, 6.5, 9.5], "texture": "#0"},
				"west": {"uv": [6.5, 9, 7, 9.5], "texture": "#0"},
				"up": {"uv": [7.5, 9.5, 7, 9], "texture": "#0"},
				"down": {"uv": [8, 9, 7.5, 9.5], "texture": "#0"}
			}
		},
		{
			"from": [12.27593, 7.59214, 7.90936],
			"to": [12.73093, 8.04714, 8.81936],
			"rotation": {"angle": 45, "axis": "y", "origin": [12.18493, 7.95614, 8.45536]},
			"faces": {
				"north": {"uv": [8, 9, 8.5, 9.5], "texture": "#0"},
				"east": {"uv": [8.5, 9, 9, 9.5], "texture": "#0"},
				"south": {"uv": [9, 9, 9.5, 9.5], "texture": "#0"},
				"west": {"uv": [9, 0, 9.5, 0.5], "texture": "#0"},
				"up": {"uv": [9.5, 1, 9, 0.5], "texture": "#0"},
				"down": {"uv": [9.5, 1, 9, 1.5], "texture": "#0"}
			}
		},
		{
			"from": [9.23335, 7.22814, 8.36728],
			"to": [11.50835, 8.59314, 9.73228],
			"rotation": {"angle": -22.5, "axis": "y", "origin": [10.59835, 8.13814, 10.64228]},
			"faces": {
				"north": {"uv": [9, 1.5, 9.5, 2], "texture": "#0"},
				"east": {"uv": [9, 2, 9.5, 2.5], "texture": "#0"},
				"south": {"uv": [9, 2.5, 9.5, 3], "texture": "#0"},
				"west": {"uv": [9, 3, 9.5, 3.5], "texture": "#0"},
				"up": {"uv": [9.5, 4, 9, 3.5], "texture": "#0"},
				"down": {"uv": [9.5, 4, 9, 4.5], "texture": "#0"}
			}
		},
		{
			"from": [11.50835, 7.68314, 8.36728],
			"to": [12.87335, 8.59314, 9.27728],
			"rotation": {"angle": -22.5, "axis": "y", "origin": [10.59835, 8.13814, 10.64228]},
			"faces": {
				"north": {"uv": [9, 4.5, 9.5, 5], "texture": "#0"},
				"east": {"uv": [9, 5, 9.5, 5.5], "texture": "#0"},
				"south": {"uv": [9, 5.5, 9.5, 6], "texture": "#0"},
				"west": {"uv": [9, 6, 9.5, 6.5], "texture": "#0"},
				"up": {"uv": [9.5, 7, 9, 6.5], "texture": "#0"},
				"down": {"uv": [9.5, 7, 9, 7.5], "texture": "#0"}
			}
		},
		{
			"from": [12.87335, 8.13814, 8.36728],
			"to": [13.78335, 8.59314, 8.82228],
			"rotation": {"angle": -22.5, "axis": "y", "origin": [10.59835, 8.13814, 10.64228]},
			"faces": {
				"north": {"uv": [9, 7.5, 9.5, 8], "texture": "#0"},
				"east": {"uv": [9, 8, 9.5, 8.5], "texture": "#0"},
				"south": {"uv": [9, 8.5, 9.5, 9], "texture": "#0"},
				"west": {"uv": [0, 9.5, 0.5, 10], "texture": "#0"},
				"up": {"uv": [1, 10, 0.5, 9.5], "texture": "#0"},
				"down": {"uv": [1.5, 9.5, 1, 10], "texture": "#0"}
			}
		},
		{
			"from": [10.36448, 8.32014, 6.23178],
			"to": [11.72948, 9.68514, 7.59678],
			"rotation": {"angle": -45, "axis": "y", "origin": [10.36448, 7.68314, 5.32178]},
			"faces": {
				"north": {"uv": [1.5, 9.5, 2, 10], "texture": "#0"},
				"east": {"uv": [5.5, 2.25, 4.75, 2.75], "rotation": 180, "texture": "#0"},
				"south": {"uv": [2.5, 9.5, 3, 10], "texture": "#0"},
				"west": {"uv": [3, 9.5, 3.5, 10], "texture": "#0"},
				"up": {"uv": [4, 10, 3.5, 9.5], "texture": "#0"},
				"down": {"uv": [4.5, 9.5, 4, 10], "texture": "#0"}
			}
		},
		{
			"from": [11.72948, 9.02514, 6.73178],
			"to": [13.09448, 9.68514, 7.14178],
			"rotation": {"angle": -45, "axis": "y", "origin": [10.36448, 7.68314, 5.32178]},
			"faces": {
				"north": {"uv": [2.25, 11, 2.75, 11.5], "texture": "#0"},
				"east": {"uv": [5, 9.5, 5.5, 10], "texture": "#0"},
				"south": {"uv": [5.5, 9.5, 6, 10], "texture": "#0"},
				"west": {"uv": [6, 9.5, 6.5, 10], "texture": "#0"},
				"up": {"uv": [7, 10, 6.5, 9.5], "texture": "#0"},
				"down": {"uv": [7.5, 9.5, 7, 10], "texture": "#0"}
			}
		},
		{
			"from": [12.18448, 8.32014, 8.05178],
			"to": [13.54948, 9.68514, 9.41678],
			"rotation": {"angle": -45, "axis": "y", "origin": [10.36448, 7.68314, 5.32178]},
			"faces": {
				"north": {"uv": [9.5, 0.5, 10, 1], "texture": "#0"},
				"east": {"uv": [9.5, 1, 10, 1.5], "texture": "#0"},
				"south": {"uv": [9.5, 1.5, 10, 2], "texture": "#0"},
				"west": {"uv": [9.5, 2, 10, 2.5], "texture": "#0"},
				"up": {"uv": [10, 3, 9.5, 2.5], "texture": "#0"},
				"down": {"uv": [10, 3, 9.5, 3.5], "texture": "#0"}
			}
		},
		{
			"from": [13.54948, 8.77514, 8.05178],
			"to": [14.91448, 9.68514, 8.96178],
			"rotation": {"angle": -45, "axis": "y", "origin": [10.36448, 7.68314, 5.32178]},
			"faces": {
				"north": {"uv": [9.5, 3.5, 10, 4], "texture": "#0"},
				"east": {"uv": [9.5, 4, 10, 4.5], "texture": "#0"},
				"south": {"uv": [9.5, 4.5, 10, 5], "texture": "#0"},
				"west": {"uv": [9.5, 5, 10, 5.5], "texture": "#0"},
				"up": {"uv": [10, 6, 9.5, 5.5], "texture": "#0"},
				"down": {"uv": [10, 6, 9.5, 6.5], "texture": "#0"}
			}
		},
		{
			"from": [14.91448, 9.23014, 8.05178],
			"to": [15.82448, 9.68514, 8.50678],
			"rotation": {"angle": -45, "axis": "y", "origin": [10.36448, 7.68314, 5.32178]},
			"faces": {
				"north": {"uv": [9.5, 6.5, 10, 7], "texture": "#0"},
				"east": {"uv": [9.5, 7, 10, 7.5], "texture": "#0"},
				"south": {"uv": [9.5, 7.5, 10, 8], "texture": "#0"},
				"west": {"uv": [9.5, 8, 10, 8.5], "texture": "#0"},
				"up": {"uv": [10, 9, 9.5, 8.5], "texture": "#0"},
				"down": {"uv": [10, 9, 9.5, 9.5], "texture": "#0"}
			}
		},
		{
			"from": [10.00093, 5.86314, 10.45736],
			"to": [10.63793, 7.68314, 12.27736],
			"rotation": {"angle": -22.5, "axis": "x", "origin": [10.47868, 3.80426, 8.62599]},
			"faces": {
				"north": {"uv": [0, 10, 0.5, 10.5], "texture": "#0"},
				"east": {"uv": [0.5, 10, 1, 10.5], "texture": "#0"},
				"south": {"uv": [1, 10, 1.5, 10.5], "texture": "#0"},
				"west": {"uv": [1.5, 10, 2, 10.5], "texture": "#0"},
				"up": {"uv": [2.5, 10.5, 2, 10], "texture": "#0"},
				"down": {"uv": [3, 10, 2.5, 10.5], "texture": "#0"}
			}
		},
		{
			"from": [10.00093, 3.95214, 10.45736],
			"to": [10.81993, 5.86314, 12.27736],
			"rotation": {"angle": -22.5, "axis": "x", "origin": [10.47868, 3.80426, 8.62599]},
			"faces": {
				"north": {"uv": [3, 10, 3.5, 10.5], "texture": "#0"},
				"east": {"uv": [3.5, 10, 4, 10.5], "texture": "#0"},
				"south": {"uv": [4, 10, 4.5, 10.5], "texture": "#0"},
				"west": {"uv": [4.5, 10, 5, 10.5], "texture": "#0"},
				"up": {"uv": [5.5, 10.5, 5, 10], "texture": "#0"},
				"down": {"uv": [6, 10, 5.5, 10.5], "texture": "#0"}
			}
		},
		{
			"from": [10.00093, 3.04214, 9.09236],
			"to": [11.00193, 5.77214, 10.45736],
			"rotation": {"angle": -22.5, "axis": "x", "origin": [10.47868, 3.80426, 8.62599]},
			"faces": {
				"north": {"uv": [6, 10, 6.5, 10.5], "texture": "#0"},
				"east": {"uv": [6.5, 10, 7, 10.5], "texture": "#0"},
				"south": {"uv": [7, 10, 7.5, 10.5], "texture": "#0"},
				"west": {"uv": [7.5, 10, 8, 10.5], "texture": "#0"},
				"up": {"uv": [8.5, 10.5, 8, 10], "texture": "#0"},
				"down": {"uv": [9, 10, 8.5, 10.5], "texture": "#0"}
			}
		},
		{
			"from": [10.27393, 4.68014, 8.18236],
			"to": [10.72893, 5.13514, 9.54736],
			"rotation": {"angle": -22.5, "axis": "x", "origin": [10.47868, 3.80426, 8.62599]},
			"faces": {
				"north": {"uv": [9, 10, 9.5, 10.5], "texture": "#0"},
				"east": {"uv": [9.5, 10, 10, 10.5], "texture": "#0"},
				"south": {"uv": [10, 10, 10.5, 10.5], "texture": "#0"},
				"west": {"uv": [10, 0, 10.5, 0.5], "texture": "#0"},
				"up": {"uv": [10.5, 1, 10, 0.5], "texture": "#0"},
				"down": {"uv": [10.5, 1, 10, 1.5], "texture": "#0"}
			}
		},
		{
			"from": [10.27393, 3.49714, 8.18236],
			"to": [10.72893, 3.95214, 9.54736],
			"rotation": {"angle": -22.5, "axis": "x", "origin": [10.47868, 3.80426, 8.62599]},
			"faces": {
				"north": {"uv": [10, 1.5, 10.5, 2], "texture": "#0"},
				"east": {"uv": [10, 2, 10.5, 2.5], "texture": "#0"},
				"south": {"uv": [10, 2.5, 10.5, 3], "texture": "#0"},
				"west": {"uv": [10, 3, 10.5, 3.5], "texture": "#0"},
				"up": {"uv": [10.5, 4, 10, 3.5], "texture": "#0"},
				"down": {"uv": [10.5, 4, 10, 4.5], "texture": "#0"}
			}
		},
		{
			"from": [6.26993, 8.32014, 4.54236],
			"to": [9.72793, 8.63864, 5.90736],
			"rotation": {"angle": -22.5, "axis": "x", "origin": [7.99893, 8.45664, 5.22486]},
			"faces": {
				"north": {"uv": [0.25, 3.5, 0.5, 4], "texture": "#0"},
				"east": {"uv": [0.25, 3.5, 0.5, 4], "texture": "#0"},
				"south": {"uv": [0.25, 3.5, 0.5, 4], "texture": "#0"},
				"west": {"uv": [0.25, 3.5, 0.5, 4], "texture": "#0"},
				"up": {"uv": [0.25, 3.5, 0.5, 4], "texture": "#0"},
				"down": {"uv": [0.25, 3.5, 0.5, 4], "texture": "#0"}
			}
		},
		{
			"from": [6.31543, 7.95614, 4.90636],
			"to": [9.68243, 8.50214, 5.99836],
			"rotation": {"angle": 0, "axis": "y", "origin": [10.72893, 10.68614, 11.91336]},
			"faces": {
				"north": {"uv": [11, 4.25, 11.25, 4.5], "texture": "#0"},
				"east": {"uv": [10.75, 4.25, 11.25, 4.5], "texture": "#0"},
				"south": {"uv": [10.5, 3.75, 10.75, 4.25], "texture": "#0"},
				"west": {"uv": [10.75, 4.25, 11.25, 4.5], "rotation": 180, "texture": "#0"},
				"up": {"uv": [10.5, 3.5, 10.75, 4], "texture": "#0"},
				"down": {"uv": [10.75, 4.25, 11.25, 4.5], "rotation": 180, "texture": "#0"}
			}
		},
		{
			"from": [6.72493, 6.40914, 4.67886],
			"to": [9.27293, 6.68214, 8.45536],
			"rotation": {"angle": 0, "axis": "y", "origin": [10.72893, 9.13914, 10.73036]},
			"faces": {
				"east": {"uv": [0, 11.75, 3.25, 12], "texture": "#0"},
				"west": {"uv": [0, 11.75, 3.25, 12], "texture": "#0"}
			}
		},
		{
			"from": [9.27293, 6.40914, 4.67886],
			"to": [6.72493, 6.68214, 8.45536],
			"rotation": {"angle": 0, "axis": "y", "origin": [13.27693, 9.13914, 10.73036]},
			"faces": {
				"east": {"uv": [0, 11.75, 3.25, 12], "texture": "#0"},
				"west": {"uv": [0, 11.75, 3.25, 12], "texture": "#0"}
			}
		},
		{
			"from": [6.90693, 6.40914, 2.99536],
			"to": [9.09093, 6.68214, 4.36036],
			"rotation": {"angle": 0, "axis": "y", "origin": [10.72893, 9.13914, 6.63536]},
			"faces": {
				"north": {"uv": [0.25, 11.75, 2.5, 12], "texture": "#0"},
				"east": {"uv": [0, 11.75, 1.25, 12], "texture": "#0"},
				"west": {"uv": [0, 11.75, 1.25, 12], "texture": "#0"}
			}
		},
		{
			"from": [9.09093, 6.40914, 2.99536],
			"to": [6.90693, 6.68214, 4.36036],
			"rotation": {"angle": 0, "axis": "y", "origin": [12.91293, 9.13914, 6.63536]},
			"faces": {
				"north": {"uv": [0.25, 11.75, 2.5, 12], "texture": "#0"},
				"east": {"uv": [0, 11.75, 1.25, 12], "texture": "#0"},
				"west": {"uv": [0, 11.75, 1.25, 12], "texture": "#0"}
			}
		},
		{
			"from": [10.09193, 4.58232, 9.51248],
			"to": [10.54693, 6.40232, 11.78748],
			"rotation": {"angle": -22.5, "axis": "x", "origin": [7.99893, 7.87407, 7.83827]},
			"faces": {
				"north": {"uv": [6, 1.5, 4.5, 2], "texture": "#0"},
				"east": {"uv": [12.5, 0, 10.5, 1.5], "texture": "#0"},
				"south": {"uv": [6, 1.5, 4.5, 2], "texture": "#0"},
				"west": {"uv": [6, 1.5, 4.5, 2], "texture": "#0"},
				"up": {"uv": [6, 1.5, 4.5, 2], "texture": "#0"},
				"down": {"uv": [6, 1.5, 4.5, 2], "texture": "#0"}
			}
		},
		{
			"from": [10.09193, 5.67432, 12.69748],
			"to": [10.54693, 6.40232, 13.15248],
			"rotation": {"angle": -22.5, "axis": "x", "origin": [7.99893, 7.87407, 7.83827]},
			"faces": {
				"north": {"uv": [6, 1.5, 4.5, 2], "texture": "#0"},
				"east": {"uv": [6, 1.5, 4.5, 2], "texture": "#0"},
				"south": {"uv": [6, 1.5, 4.5, 2], "texture": "#0"},
				"west": {"uv": [6, 1.5, 4.5, 2], "texture": "#0"},
				"up": {"uv": [6, 1.5, 4.5, 2], "texture": "#0"},
				"down": {"uv": [6, 1.5, 4.5, 2], "texture": "#0"}
			}
		},
		{
			"from": [10.09193, 5.03732, 11.78748],
			"to": [10.54693, 6.40232, 12.69748],
			"rotation": {"angle": -22.5, "axis": "x", "origin": [7.99893, 7.87407, 7.83827]},
			"faces": {
				"north": {"uv": [6, 1.5, 4.5, 2], "texture": "#0"},
				"east": {"uv": [6, 1.5, 4.5, 2], "texture": "#0"},
				"south": {"uv": [6, 1.5, 4.5, 2], "texture": "#0"},
				"west": {"uv": [6, 1.5, 4.5, 2], "texture": "#0"},
				"up": {"uv": [6, 1.5, 4.5, 2], "texture": "#0"},
				"down": {"uv": [6, 1.5, 4.5, 2], "texture": "#0"}
			}
		},
		{
			"from": [5.45093, 4.58232, 9.51248],
			"to": [5.90593, 6.40232, 11.78748],
			"rotation": {"angle": -22.5, "axis": "x", "origin": [7.99893, 7.87407, 7.83827]},
			"faces": {
				"north": {"uv": [4.5, 1.5, 6, 2], "texture": "#0"},
				"east": {"uv": [4.5, 1.5, 6, 2], "texture": "#0"},
				"south": {"uv": [4.5, 1.5, 6, 2], "texture": "#0"},
				"west": {"uv": [10.5, 0, 12.5, 1.5], "texture": "#0"},
				"up": {"uv": [4.5, 1.5, 6, 2], "texture": "#0"},
				"down": {"uv": [4.5, 1.5, 6, 2], "texture": "#0"}
			}
		},
		{
			"from": [5.45093, 5.67432, 12.69748],
			"to": [5.90593, 6.40232, 13.15248],
			"rotation": {"angle": -22.5, "axis": "x", "origin": [7.99893, 7.87407, 7.83827]},
			"faces": {
				"north": {"uv": [4.5, 1.5, 6, 2], "texture": "#0"},
				"east": {"uv": [4.5, 1.5, 6, 2], "texture": "#0"},
				"south": {"uv": [4.5, 1.5, 6, 2], "texture": "#0"},
				"west": {"uv": [4.5, 1.5, 6, 2], "texture": "#0"},
				"up": {"uv": [4.5, 1.5, 6, 2], "texture": "#0"},
				"down": {"uv": [4.5, 1.5, 6, 2], "texture": "#0"}
			}
		},
		{
			"from": [5.45093, 5.03732, 11.78748],
			"to": [5.90593, 6.40232, 12.69748],
			"rotation": {"angle": -22.5, "axis": "x", "origin": [7.99893, 7.87407, 7.83827]},
			"faces": {
				"north": {"uv": [4.5, 1.5, 6, 2], "texture": "#0"},
				"east": {"uv": [4.5, 1.5, 6, 2], "texture": "#0"},
				"south": {"uv": [4.5, 1.5, 6, 2], "texture": "#0"},
				"west": {"uv": [4.5, 1.5, 6, 2], "texture": "#0"},
				"up": {"uv": [4.5, 1.5, 6, 2], "texture": "#0"},
				"down": {"uv": [4.5, 1.5, 6, 2], "texture": "#0"}
			}
		}
	],
	"display": {
		"head": {
			"translation": [0, -3, -10.25],
			"scale": [4, 4, 4]
		}
	},
	"groups": [
		{
			"name": "root",
			"origin": [8, 8, 8],
			"color": 0,
			"children": [
				{
					"name": "head",
					"origin": [8, 8, 8],
					"color": 0,
					"children": [
						{
							"name": "upper",
							"origin": [8, 8, 8],
							"color": 0,
							"children": [
								0,
								1,
								2,
								3,
								4,
								5,
								6,
								7,
								8,
								9,
								{
									"name": "horn_center",
									"origin": [8, 8, 8],
									"color": 0,
									"children": [
										{
											"name": "group",
											"origin": [8, 8, 8],
											"color": 0,
											"children": [10, 11, 12]
										},
										{
											"name": "group",
											"origin": [8, 8, 8],
											"color": 0,
											"children": [13, 14]
										},
										{
											"name": "group",
											"origin": [8, 8, 8],
											"color": 0,
											"children": [15, 16, 17]
										},
										{
											"name": "group",
											"origin": [8, 8, 8],
											"color": 0,
											"children": [18, 19, 20]
										}
									]
								},
								{
									"name": "horn_l",
									"origin": [8, 8, 8],
									"color": 0,
									"children": [
										{
											"name": "group",
											"origin": [9.5, 10.5, -1.5],
											"color": 0,
											"children": [21, 22, 23]
										},
										{
											"name": "group",
											"origin": [9.5, 10.5, -1.5],
											"color": 0,
											"children": [24, 25, 26]
										},
										{
											"name": "group",
											"origin": [9.5, 10.5, -1.5],
											"color": 0,
											"children": [27, 28, 29]
										},
										{
											"name": "group",
											"origin": [9.5, 10.5, -1.5],
											"color": 0,
											"children": [30, 31, 32]
										},
										{
											"name": "group",
											"origin": [8, 8, 8],
											"color": 0,
											"children": [33, 34, 35, 36, 37]
										}
									]
								},
								{
									"name": "horn_r",
									"origin": [8, 8, 8],
									"color": 0,
									"children": [
										{
											"name": "group",
											"origin": [9.5, 10.5, -1.5],
											"color": 0,
											"children": [38, 39, 40]
										},
										{
											"name": "group",
											"origin": [9.5, 10.5, -1.5],
											"color": 0,
											"children": [41, 42, 43]
										},
										{
											"name": "group",
											"origin": [9.5, 10.5, -1.5],
											"color": 0,
											"children": [44, 45]
										},
										{
											"name": "group",
											"origin": [9.5, 10.5, -1.5],
											"color": 0,
											"children": [46, 47, 48]
										},
										{
											"name": "group",
											"origin": [8, 8, 8],
											"color": 0,
											"children": [49, 50, 51, 52, 53]
										}
									]
								},
								54,
								55,
								{
									"name": "tooth",
									"origin": [9.5, 9.1, -12.25],
									"color": 0,
									"children": [56, 57, 58, 59]
								}
							]
						}
					]
				},
				{
					"name": "ear",
					"origin": [7.5, 9.25, -6.5],
					"color": 0,
					"children": [60, 61, 62]
				},
				{
					"name": "ear",
					"origin": [7.5, 9.25, -6.5],
					"color": 0,
					"children": [63, 64, 65]
				}
			]
		}
	]
}