{
	"credit": "Made with Blockbench",
	"texture_size": [32, 32],
	"textures": {
		"0": "reus/head",
		"particle": "reus/head"
	},
	"elements": [
		{
			"from": [6.01817, 20.97062, 6.50269],
			"to": [9.62177, 22.06262, 9.50569],
			"rotation": {"angle": 22.5, "axis": "x", "origin": [7.5497, 15.42819, 6.03334]},
			"faces": {
				"north": {"uv": [8.5, 1.75, 9.5, 3], "texture": "#0"},
				"east": {"uv": [8.5, 1.75, 9.5, 3], "texture": "#0"},
				"south": {"uv": [8.5, 1.75, 9.5, 3], "texture": "#0"},
				"west": {"uv": [8.5, 1.75, 9.5, 3], "texture": "#0"},
				"up": {"uv": [8.5, 1.75, 9.5, 3], "texture": "#0"},
				"down": {"uv": [8.5, 1.75, 9.5, 3], "texture": "#0"}
			}
		},
		{
			"from": [5.41757, 13.05362, 6.04769],
			"to": [9.62177, 20.97062, 10.25189],
			"rotation": {"angle": 22.5, "axis": "x", "origin": [7.5497, 15.42819, 6.03334]},
			"faces": {
				"north": {"uv": [8.5, 1.75, 9.5, 3], "texture": "#0"},
				"east": {"uv": [8.5, 1.75, 9.5, 3], "texture": "#0"},
				"south": {"uv": [8.5, 1.75, 9.5, 3], "texture": "#0"},
				"west": {"uv": [8.5, 1.75, 9.5, 3], "texture": "#0"},
				"up": {"uv": [8.5, 1.75, 9.5, 3], "texture": "#0"},
				"down": {"uv": [8.5, 1.75, 9.5, 3], "texture": "#0"}
			}
		},
		{
			"from": [5.74517, 9.86862, 6.50269],
			"to": [9.29417, 13.50862, 9.50569],
			"rotation": {"angle": 22.5, "axis": "x", "origin": [7.5497, 15.42819, 6.03334]},
			"faces": {
				"north": {"uv": [8.5, 1.75, 9.5, 3], "texture": "#0"},
				"east": {"uv": [8.5, 1.75, 9.5, 3], "texture": "#0"},
				"south": {"uv": [8.5, 1.75, 9.5, 3], "texture": "#0"},
				"west": {"uv": [8.5, 1.75, 9.5, 3], "texture": "#0"},
				"up": {"uv": [8.5, 1.75, 9.5, 3], "texture": "#0"},
				"down": {"uv": [8.5, 1.75, 9.5, 3], "texture": "#0"}
			}
		},
		{
			"from": [6.01817, 13.50862, 4.84649],
			"to": [9.02117, 19.60562, 6.50269],
			"rotation": {"angle": 22.5, "axis": "x", "origin": [7.5497, 15.42819, 6.03334]},
			"faces": {
				"north": {"uv": [8.5, 1.75, 9.5, 3], "texture": "#0"},
				"east": {"uv": [8.5, 1.75, 9.5, 3], "texture": "#0"},
				"south": {"uv": [8.5, 1.75, 9.5, 3], "texture": "#0"},
				"west": {"uv": [8.5, 1.75, 9.5, 3], "texture": "#0"},
				"up": {"uv": [8.5, 1.75, 9.5, 3], "texture": "#0"},
				"down": {"uv": [8.5, 1.75, 9.5, 3], "texture": "#0"}
			}
		},
		{
			"from": [6.61877, 16.21034, 3.47606],
			"to": [8.42057, 17.86654, 7.66206],
			"rotation": {"angle": -22.5, "axis": "x", "origin": [7.51967, 16.27632, 5.45531]},
			"faces": {
				"north": {"uv": [5.5, 7.75, 6, 8], "rotation": 270, "texture": "#0"},
				"east": {"uv": [5.5, 7.75, 6, 9], "rotation": 90, "texture": "#0"},
				"south": {"uv": [5.5, 7.75, 6, 9], "rotation": 180, "texture": "#0"},
				"west": {"uv": [5.5, 7.75, 6, 9], "rotation": 270, "texture": "#0"},
				"up": {"uv": [5.5, 7.75, 6, 9], "texture": "#0"},
				"down": {"uv": [5.5, 7.75, 6, 8], "rotation": 270, "texture": "#0"}
			}
		},
		{
			"from": [6.98277, 16.25584, 2.11106],
			"to": [8.05657, 17.32054, 4.93206],
			"rotation": {"angle": -22.5, "axis": "x", "origin": [7.51967, 16.27632, 5.45531]},
			"faces": {
				"north": {"uv": [7.75, 7, 8.25, 7.5], "rotation": 90, "texture": "#0"},
				"east": {"uv": [7.75, 7, 8.25, 7.5], "rotation": 90, "texture": "#0"},
				"south": {"uv": [7.75, 7, 8.25, 7.5], "rotation": 90, "texture": "#0"},
				"west": {"uv": [7.75, 7, 8.25, 7.5], "rotation": 90, "texture": "#0"},
				"up": {"uv": [7.75, 7, 8.25, 7.5], "rotation": 90, "texture": "#0"},
				"down": {"uv": [7.75, 7, 8.25, 7.5], "rotation": 90, "texture": "#0"}
			}
		},
		{
			"from": [6.61877, 13.38934, 3.02106],
			"to": [8.42057, 15.04554, 7.20706],
			"rotation": {"angle": -45, "axis": "x", "origin": [7.51967, 13.18232, 5.09131]},
			"faces": {
				"north": {"uv": [5.5, 7.75, 6, 8], "rotation": 270, "texture": "#0"},
				"east": {"uv": [5.5, 7.75, 6, 9], "rotation": 90, "texture": "#0"},
				"south": {"uv": [5.5, 7.75, 6, 9], "rotation": 180, "texture": "#0"},
				"west": {"uv": [5.5, 7.75, 6, 9], "rotation": 270, "texture": "#0"},
				"up": {"uv": [5.5, 7.75, 6, 9], "texture": "#0"},
				"down": {"uv": [5.5, 7.75, 6, 8], "rotation": 270, "texture": "#0"}
			}
		},
		{
			"from": [6.98277, 13.43484, 1.65606],
			"to": [8.05657, 14.49954, 4.47706],
			"rotation": {"angle": -45, "axis": "x", "origin": [7.51967, 13.18232, 5.09131]},
			"faces": {
				"north": {"uv": [7.75, 7, 8.25, 7.5], "rotation": 90, "texture": "#0"},
				"east": {"uv": [7.75, 7, 8.25, 7.5], "rotation": 90, "texture": "#0"},
				"south": {"uv": [7.75, 7, 8.25, 7.5], "rotation": 90, "texture": "#0"},
				"west": {"uv": [7.75, 7, 8.25, 7.5], "rotation": 90, "texture": "#0"},
				"up": {"uv": [7.75, 7, 8.25, 7.5], "rotation": 90, "texture": "#0"},
				"down": {"uv": [7.75, 7, 8.25, 7.5], "rotation": 90, "texture": "#0"}
			}
		},
		{
			"from": [6.16377, 10.38407, 3.95609],
			"to": [8.87557, 13.66007, 5.61229],
			"rotation": {"angle": 22.5, "axis": "x", "origin": [7.51967, 10.99832, 5.09131]},
			"faces": {
				"north": {"uv": [5.5, 7.75, 6, 9], "rotation": 180, "texture": "#0"},
				"east": {"uv": [5.5, 7.75, 6, 9], "rotation": 180, "texture": "#0"},
				"south": {"uv": [5.5, 7.75, 6, 9], "rotation": 180, "texture": "#0"},
				"west": {"uv": [5.5, 7.75, 6, 9], "rotation": 180, "texture": "#0"},
				"up": {"uv": [5.5, 7.75, 6, 9], "texture": "#0"},
				"down": {"uv": [5.5, 7.75, 6, 8], "rotation": 270, "texture": "#0"}
			}
		},
		{
			"from": [6.98277, 7.65407, 4.32009],
			"to": [8.05657, 10.93007, 5.38479],
			"rotation": {"angle": 22.5, "axis": "x", "origin": [7.51967, 10.99832, 5.09131]},
			"faces": {
				"north": {"uv": [7.75, 7, 8.25, 7.5], "texture": "#0"},
				"east": {"uv": [7.75, 7, 8.25, 7.5], "texture": "#0"},
				"south": {"uv": [7.75, 7, 8.25, 7.5], "texture": "#0"},
				"west": {"uv": [7.75, 7, 8.25, 7.5], "texture": "#0"},
				"up": {"uv": [7.75, 7, 8.25, 7.5], "texture": "#0"},
				"down": {"uv": [7.75, 7, 8.25, 7.5], "texture": "#0"}
			}
		}
	],
	"display": {
		"head": {
			"translation": [2, -36.5, -0.5],
			"scale": [4, 4, 4]
		}
	},
	"groups": [
		{
			"name": "root",
			"origin": [8, 8, 8],
			"color": 0,
			"children": [
				{
					"name": "leg_l",
					"origin": [8, 8, 8],
					"color": 0,
					"children": [
						{
							"name": "0",
							"origin": [8, 8, 8],
							"color": 0,
							"children": [
								0,
								1,
								2,
								3,
								{
									"name": "group",
									"origin": [5.525, 4.52639, 3.16746],
									"color": 0,
									"children": [4, 5]
								},
								{
									"name": "group",
									"origin": [5.525, 4.52639, 3.16746],
									"color": 0,
									"children": [6, 7]
								},
								{
									"name": "group",
									"origin": [5.525, 4.52639, 3.16746],
									"color": 0,
									"children": [8, 9]
								}
							]
						}
					]
				}
			]
		}
	]
}