{
	"credit": "Made with Blockbench",
	"texture_size": [32, 32],
	"textures": {
		"0": "reus/head",
		"particle": "reus/head"
	},
	"elements": [
		{
			"from": [6.94607, 9.92061, 7.52097],
			"to": [10.01459, 12.66881, 11.37937],
			"rotation": {"angle": 0, "axis": "y", "origin": [8.48033, 9.24721, 9.90517]},
			"faces": {
				"north": {"uv": [0, 3, 1, 1.5], "rotation": 270, "texture": "#0"},
				"east": {"uv": [0, 3, 1, 1.5], "rotation": 270, "texture": "#0"},
				"south": {"uv": [0, 3, 1, 1.5], "rotation": 270, "texture": "#0"},
				"west": {"uv": [0, 3, 1, 1.5], "rotation": 270, "texture": "#0"},
				"up": {"uv": [0, 3, 1, 1.5], "rotation": 270, "texture": "#0"},
				"down": {"uv": [0, 3, 1, 1.5], "rotation": 270, "texture": "#0"}
			}
		},
		{
			"from": [7.21907, 9.46561, 6.61097],
			"to": [9.74159, 11.75881, 13.65437],
			"rotation": {"angle": 0, "axis": "y", "origin": [8.48033, 9.24721, 9.90517]},
			"faces": {
				"north": {"uv": [0, 3, 1, 1.5], "rotation": 270, "texture": "#0"},
				"east": {"uv": [0, 3, 1, 1.5], "rotation": 270, "texture": "#0"},
				"south": {"uv": [0, 3, 1, 1.5], "rotation": 270, "texture": "#0"},
				"west": {"uv": [0, 3, 1, 1.5], "rotation": 270, "texture": "#0"},
				"up": {"uv": [0, 3, 1, 1.5], "rotation": 270, "texture": "#0"},
				"down": {"uv": [0, 3, 1, 1.5], "rotation": 270, "texture": "#0"}
			}
		}
	],
	"display": {
		"head": {
			"translation": [-2, -19, -0.75],
			"scale": [4, 4, 4]
		}
	},
	"groups": [
		{
			"name": "root",
			"origin": [8, 8, 8],
			"color": 0,
			"children": [
				{
					"name": "leg_l",
					"origin": [8, 8, 8],
					"color": 0,
					"children": [
						{
							"name": "1",
							"origin": [8, 8, 8],
							"color": 0,
							"children": [0, 1]
						}
					]
				}
			]
		}
	]
}