{
	"credit": "Made with Blockbench",
	"texture_size": [32, 32],
	"textures": {
		"0": "reus/head",
		"particle": "reus/head"
	},
	"elements": [
		{
			"from": [6.90876, 3.4478, 10.03087],
			"to": [9.91176, 5.8502, 14.67187],
			"rotation": {"angle": -22.5, "axis": "x", "origin": [8.41026, 4.649, 13.03387]},
			"faces": {
				"north": {"uv": [0, 3, 1, 1.5], "rotation": 90, "texture": "#0"},
				"east": {"uv": [0, 3, 1, 1.5], "rotation": 90, "texture": "#0"},
				"south": {"uv": [0, 3, 1, 1.5], "rotation": 90, "texture": "#0"},
				"west": {"uv": [0, 3, 1, 1.5], "rotation": 90, "texture": "#0"},
				"up": {"uv": [0, 3, 1, 1.5], "rotation": 90, "texture": "#0"},
				"down": {"uv": [0, 3, 1, 1.5], "rotation": 90, "texture": "#0"}
			}
		},
		{
			"from": [7.27276, 3.20339, 11.77549],
			"to": [9.54776, 11.48439, 14.17789],
			"rotation": {"angle": 22.5, "axis": "x", "origin": [8.41026, 8.25389, 12.97669]},
			"faces": {
				"north": {"uv": [1, 1.5, 0, 3], "rotation": 180, "texture": "#0"},
				"east": {"uv": [1, 1.5, 0, 3], "rotation": 180, "texture": "#0"},
				"south": {"uv": [1, 1.5, 0, 3], "rotation": 180, "texture": "#0"},
				"west": {"uv": [1, 1.5, 0, 3], "rotation": 180, "texture": "#0"},
				"up": {"uv": [1, 1.5, 0, 3], "rotation": 180, "texture": "#0"},
				"down": {"uv": [1, 1.5, 0, 3], "rotation": 180, "texture": "#0"}
			}
		},
		{
			"from": [6.16256, 2.53435, 7.67105],
			"to": [10.65796, 4.75475, 10.67405],
			"rotation": {"angle": 0, "axis": "y", "origin": [23.12496, 1.75175, -16.95355]},
			"faces": {
				"north": {"uv": [0, 3, 1, 1.5], "rotation": 90, "texture": "#0"},
				"east": {"uv": [0, 3, 1, 1.5], "rotation": 90, "texture": "#0"},
				"south": {"uv": [0, 3, 1, 1.5], "rotation": 90, "texture": "#0"},
				"west": {"uv": [0, 3, 1, 1.5], "rotation": 90, "texture": "#0"},
				"up": {"uv": [0, 3, 1, 1.5], "rotation": 90, "texture": "#0"},
				"down": {"uv": [0, 3, 1, 1.5], "rotation": 90, "texture": "#0"}
			}
		},
		{
			"from": [7.63549, 3.57713, 5.72869],
			"to": [9.18504, 5.12667, 8.73169],
			"rotation": {"angle": 22.5, "axis": "x", "origin": [8.41026, 4.02511, 5.92374]},
			"faces": {
				"north": {"uv": [0, 3, 1, 1.5], "rotation": 90, "texture": "#0"},
				"east": {"uv": [0, 3, 1, 1.5], "rotation": 90, "texture": "#0"},
				"south": {"uv": [0, 3, 1, 1.5], "rotation": 90, "texture": "#0"},
				"west": {"uv": [0, 3, 1, 1.5], "rotation": 90, "texture": "#0"},
				"up": {"uv": [0, 3, 1, 1.5], "rotation": 90, "texture": "#0"},
				"down": {"uv": [0, 3, 1, 1.5], "rotation": 90, "texture": "#0"}
			}
		},
		{
			"from": [7.84209, 3.27195, 4.34382],
			"to": [8.97843, 4.40829, 6.43682],
			"rotation": {"angle": -22.5, "axis": "x", "origin": [8.41026, 4.15316, 4.57132]},
			"faces": {
				"north": {"uv": [10, 8, 9.25, 8.75], "texture": "#0"},
				"east": {"uv": [10, 8, 9.25, 8.75], "texture": "#0"},
				"south": {"uv": [10, 8, 9.25, 8.75], "texture": "#0"},
				"west": {"uv": [10, 8, 9.25, 8.75], "texture": "#0"},
				"up": {"uv": [10, 8, 9.25, 8.75], "texture": "#0"},
				"down": {"uv": [10, 8, 9.25, 8.75], "texture": "#0"}
			}
		},
		{
			"from": [7.99861, 3.1644, 3.34861],
			"to": [8.82191, 3.98769, 4.80461],
			"rotation": {"angle": -45, "axis": "x", "origin": [8.41026, 3.6543, 4.12211]},
			"faces": {
				"north": {"uv": [10, 8, 9.25, 8.75], "texture": "#0"},
				"east": {"uv": [10, 8, 9.25, 8.75], "texture": "#0"},
				"south": {"uv": [10, 8, 9.25, 8.75], "texture": "#0"},
				"west": {"uv": [10, 8, 9.25, 8.75], "texture": "#0"},
				"up": {"uv": [10, 8, 9.25, 8.75], "texture": "#0"},
				"down": {"uv": [10, 8, 9.25, 8.75], "texture": "#0"}
			}
		},
		{
			"from": [9.8905, 3.1644, 3.34861],
			"to": [10.7138, 3.98769, 4.80461],
			"rotation": {"angle": -45, "axis": "x", "origin": [8.22826, 3.6543, 4.12211]},
			"faces": {
				"north": {"uv": [10, 8, 9.25, 8.75], "texture": "#0"},
				"east": {"uv": [10, 8, 9.25, 8.75], "texture": "#0"},
				"south": {"uv": [10, 8, 9.25, 8.75], "texture": "#0"},
				"west": {"uv": [10, 8, 9.25, 8.75], "texture": "#0"},
				"up": {"uv": [10, 8, 9.25, 8.75], "texture": "#0"},
				"down": {"uv": [10, 8, 9.25, 8.75], "texture": "#0"}
			}
		},
		{
			"from": [6.10672, 3.1644, 3.34861],
			"to": [6.93002, 3.98769, 4.80461],
			"rotation": {"angle": -45, "axis": "x", "origin": [8.59226, 3.6543, 4.12211]},
			"faces": {
				"north": {"uv": [10, 8, 9.25, 8.75], "texture": "#0"},
				"east": {"uv": [10, 8, 9.25, 8.75], "texture": "#0"},
				"south": {"uv": [10, 8, 9.25, 8.75], "texture": "#0"},
				"west": {"uv": [10, 8, 9.25, 8.75], "texture": "#0"},
				"up": {"uv": [10, 8, 9.25, 8.75], "texture": "#0"},
				"down": {"uv": [10, 8, 9.25, 8.75], "texture": "#0"}
			}
		},
		{
			"from": [9.51955, 3.57713, 5.72869],
			"to": [11.0691, 5.12667, 8.73169],
			"rotation": {"angle": 22.5, "axis": "x", "origin": [8.22826, 4.02511, 5.92374]},
			"faces": {
				"north": {"uv": [0, 3, 1, 1.5], "rotation": 90, "texture": "#0"},
				"east": {"uv": [0, 3, 1, 1.5], "rotation": 90, "texture": "#0"},
				"south": {"uv": [0, 3, 1, 1.5], "rotation": 90, "texture": "#0"},
				"west": {"uv": [0, 3, 1, 1.5], "rotation": 90, "texture": "#0"},
				"up": {"uv": [0, 3, 1, 1.5], "rotation": 90, "texture": "#0"},
				"down": {"uv": [0, 3, 1, 1.5], "rotation": 90, "texture": "#0"}
			}
		},
		{
			"from": [9.72616, 3.27195, 4.34382],
			"to": [10.86249, 4.40829, 6.43682],
			"rotation": {"angle": -22.5, "axis": "x", "origin": [8.22826, 4.15316, 4.57132]},
			"faces": {
				"north": {"uv": [10, 8, 9.25, 8.75], "texture": "#0"},
				"east": {"uv": [10, 8, 9.25, 8.75], "texture": "#0"},
				"south": {"uv": [10, 8, 9.25, 8.75], "texture": "#0"},
				"west": {"uv": [10, 8, 9.25, 8.75], "texture": "#0"},
				"up": {"uv": [10, 8, 9.25, 8.75], "texture": "#0"},
				"down": {"uv": [10, 8, 9.25, 8.75], "texture": "#0"}
			}
		},
		{
			"from": [5.75142, 3.57713, 5.72869],
			"to": [7.30097, 5.12667, 8.73169],
			"rotation": {"angle": 22.5, "axis": "x", "origin": [8.59226, 4.02511, 5.92374]},
			"faces": {
				"north": {"uv": [0, 3, 1, 1.5], "rotation": 90, "texture": "#0"},
				"east": {"uv": [0, 3, 1, 1.5], "rotation": 90, "texture": "#0"},
				"south": {"uv": [0, 3, 1, 1.5], "rotation": 90, "texture": "#0"},
				"west": {"uv": [0, 3, 1, 1.5], "rotation": 90, "texture": "#0"},
				"up": {"uv": [0, 3, 1, 1.5], "rotation": 90, "texture": "#0"},
				"down": {"uv": [0, 3, 1, 1.5], "rotation": 90, "texture": "#0"}
			}
		},
		{
			"from": [5.95803, 3.27195, 4.34382],
			"to": [7.09437, 4.40829, 6.43682],
			"rotation": {"angle": -22.5, "axis": "x", "origin": [8.59226, 4.15316, 4.57132]},
			"faces": {
				"north": {"uv": [10, 8, 9.25, 8.75], "texture": "#0"},
				"east": {"uv": [10, 8, 9.25, 8.75], "texture": "#0"},
				"south": {"uv": [10, 8, 9.25, 8.75], "texture": "#0"},
				"west": {"uv": [10, 8, 9.25, 8.75], "texture": "#0"},
				"up": {"uv": [10, 8, 9.25, 8.75], "texture": "#0"},
				"down": {"uv": [10, 8, 9.25, 8.75], "texture": "#0"}
			}
		},
		{
			"from": [4.98713, 2.07477, 9.35362],
			"to": [7.53513, 3.69639, 10.97524],
			"rotation": {"angle": -22.5, "axis": "z", "origin": [8.6414, 3.83498, 14.75083]},
			"faces": {
				"north": {"uv": [0, 3, 1, 1.5], "rotation": 90, "texture": "#0"},
				"east": {"uv": [0, 3, 1, 1.5], "rotation": 90, "texture": "#0"},
				"south": {"uv": [0, 3, 1, 1.5], "rotation": 90, "texture": "#0"},
				"west": {"uv": [0, 3, 1, 1.5], "rotation": 90, "texture": "#0"},
				"up": {"uv": [0, 3, 1, 1.5], "rotation": 90, "texture": "#0"},
				"down": {"uv": [0, 3, 1, 1.5], "rotation": 90, "texture": "#0"}
			}
		},
		{
			"from": [3.73199, 3.30964, 9.56984],
			"to": [5.36999, 4.49882, 10.75903],
			"rotation": {"angle": 22.5, "axis": "z", "origin": [4.18699, 4.39563, 10.16443]},
			"faces": {
				"north": {"uv": [9.25, 8, 10, 8.75], "texture": "#0"},
				"east": {"uv": [9.25, 8, 10, 8.75], "texture": "#0"},
				"south": {"uv": [9.25, 8, 10, 8.75], "texture": "#0"},
				"west": {"uv": [9.25, 8, 10, 8.75], "texture": "#0"},
				"up": {"uv": [9.25, 8, 10, 8.75], "rotation": 90, "texture": "#0"},
				"down": {"uv": [9.25, 8, 10, 8.75], "rotation": 270, "texture": "#0"}
			}
		},
		{
			"from": [2.45799, 3.63724, 9.73364],
			"to": [4.00499, 4.49882, 10.59523],
			"rotation": {"angle": 45, "axis": "z", "origin": [4.18699, 4.39563, 10.16443]},
			"faces": {
				"north": {"uv": [9.25, 8, 10, 8.75], "texture": "#0"},
				"east": {"uv": [9.25, 8, 10, 8.75], "texture": "#0"},
				"south": {"uv": [9.25, 8, 10, 8.75], "texture": "#0"},
				"west": {"uv": [9.25, 8, 10, 8.75], "texture": "#0"},
				"up": {"uv": [9.25, 8, 10, 8.75], "rotation": 90, "texture": "#0"},
				"down": {"uv": [9.25, 8, 10, 8.75], "rotation": 270, "texture": "#0"}
			}
		},
		{
			"from": [6.88419, 3.52611, 13.69767],
			"to": [8.50581, 5.14773, 16.24567],
			"rotation": {"angle": 0, "axis": "y", "origin": [7.695, 3.81267, 16.09079]},
			"faces": {
				"north": {"uv": [0, 3, 1, 1.5], "rotation": 90, "texture": "#0"},
				"east": {"uv": [0, 3, 1, 1.5], "rotation": 90, "texture": "#0"},
				"south": {"uv": [0, 3, 1, 1.5], "rotation": 90, "texture": "#0"},
				"west": {"uv": [0, 3, 1, 1.5], "rotation": 90, "texture": "#0"},
				"up": {"uv": [0, 3, 1, 1.5], "rotation": 90, "texture": "#0"},
				"down": {"uv": [0, 3, 1, 1.5], "rotation": 90, "texture": "#0"}
			}
		},
		{
			"from": [7.10041, 3.51686, 15.29211],
			"to": [8.2896, 4.70605, 16.93011],
			"rotation": {"angle": 45, "axis": "x", "origin": [7.695, 3.81267, 16.09079]},
			"faces": {
				"north": {"uv": [9.25, 8, 10, 8.75], "texture": "#0"},
				"east": {"uv": [9.25, 8, 10, 8.75], "texture": "#0"},
				"south": {"uv": [9.25, 8, 10, 8.75], "texture": "#0"},
				"west": {"uv": [9.25, 8, 10, 8.75], "texture": "#0"},
				"up": {"uv": [10, 8.75, 9.25, 8], "rotation": 180, "texture": "#0"},
				"down": {"uv": [10, 8.75, 9.25, 8], "rotation": 180, "texture": "#0"}
			}
		},
		{
			"from": [7.26421, 2.03099, 16.2095],
			"to": [8.1258, 3.57799, 17.07109],
			"rotation": {"angle": -22.5, "axis": "x", "origin": [7.695, 3.81267, 16.09079]},
			"faces": {
				"north": {"uv": [10, 8.75, 9.25, 8], "texture": "#0"},
				"east": {"uv": [10, 8.75, 9.25, 8], "rotation": 90, "texture": "#0"},
				"south": {"uv": [10, 8.75, 9.25, 8], "rotation": 180, "texture": "#0"},
				"west": {"uv": [10, 8.75, 9.25, 8], "rotation": 270, "texture": "#0"},
				"up": {"uv": [9.25, 8, 10, 8.75], "rotation": 180, "texture": "#0"},
				"down": {"uv": [9.25, 8, 10, 8.75], "texture": "#0"}
			}
		}
	],
	"display": {
		"head": {
			"translation": [-1.5, -15, -22.75],
			"scale": [4, 4, 4]
		}
	},
	"groups": [
		{
			"name": "root",
			"origin": [8, 8, 8],
			"color": 0,
			"children": [
				{
					"name": "leg_l",
					"origin": [8, 8, 8],
					"color": 0,
					"children": [
						{
							"name": "2",
							"origin": [8, 8, 8],
							"color": 0,
							"children": [0, 1, 2, 3, 4, 5, 6, 7, 8, 9, 10, 11, 12, 13, 14, 15, 16, 17]
						}
					]
				}
			]
		}
	]
}