{
	"credit": "Made with Blockbench",
	"texture_size": [32, 32],
	"textures": {
		"0": "reus/head",
		"particle": "reus/head"
	},
	"elements": [
		{
			"from": [5.98752, 5.65124, -2.22412],
			"to": [10.02564, 8.71357, 2.13467],
			"rotation": {"angle": 0, "axis": "y", "origin": [10.97857, 8.62323, -24.89648]},
			"faces": {
				"north": {"uv": [2, 9, 3.25, 10.25], "texture": "#0"},
				"east": {"uv": [2, 9, 3.25, 10.25], "texture": "#0"},
				"south": {"uv": [2, 9, 3.25, 10.25], "texture": "#0"},
				"west": {"uv": [2, 9, 3.25, 10.25], "texture": "#0"},
				"up": {"uv": [0, 11, 1.5, 11.75], "texture": "#0"},
				"down": {"uv": [2, 9, 3.25, 10.25], "texture": "#0"}
			}
		},
		{
			"from": [6.42978, 8.62512, -2.22412],
			"to": [9.58338, 9.81922, 2.13467],
			"rotation": {"angle": 0, "axis": "y", "origin": [10.97857, 8.62323, -24.89648]},
			"faces": {
				"north": {"uv": [2, 9, 3.25, 10.25], "texture": "#0"},
				"east": {"uv": [2, 9, 3.25, 10.25], "texture": "#0"},
				"south": {"uv": [2, 9, 3.25, 10.25], "texture": "#0"},
				"west": {"uv": [2, 9, 3.25, 10.25], "texture": "#0"},
				"up": {"uv": [7.75, 2.75, 8.75, 3.5], "texture": "#0"},
				"down": {"uv": [2, 9, 3.25, 10.25], "texture": "#0"}
			}
		},
		{
			"from": [6.65091, 4.65616, -2.22412],
			"to": [9.36225, 5.70284, 2.13467],
			"rotation": {"angle": 0, "axis": "y", "origin": [10.97857, 8.62323, -24.89648]},
			"faces": {
				"north": {"uv": [0, 1.5, 1.5, 3], "texture": "#0"},
				"east": {"uv": [0, 1.5, 1.5, 3], "texture": "#0"},
				"south": {"uv": [0, 1.5, 1.5, 3], "texture": "#0"},
				"west": {"uv": [0, 1.5, 1.5, 3], "texture": "#0"},
				"up": {"uv": [0, 1.5, 1.5, 3], "texture": "#0"},
				"down": {"uv": [0, 1.5, 1.5, 3], "texture": "#0"}
			}
		},
		{
			"from": [6.19311, 5.77882, 2.00819],
			"to": [9.82742, 8.62592, 5.8401],
			"rotation": {"angle": 0, "axis": "y", "origin": [10.68505, 8.45361, -17.30493]},
			"faces": {
				"north": {"uv": [2, 9, 3.25, 10.25], "texture": "#0"},
				"east": {"uv": [2, 9, 3.25, 10.25], "texture": "#0"},
				"south": {"uv": [2, 9, 3.25, 10.25], "texture": "#0"},
				"west": {"uv": [2, 9, 3.25, 10.25], "texture": "#0"},
				"up": {"uv": [0, 11, 1.5, 11.75], "texture": "#0"},
				"down": {"uv": [2, 9, 3.25, 10.25], "texture": "#0"}
			}
		},
		{
			"from": [6.59114, 8.54631, 2.00819],
			"to": [9.42939, 9.621, 5.8401],
			"rotation": {"angle": 0, "axis": "y", "origin": [10.68505, 8.45361, -17.30493]},
			"faces": {
				"north": {"uv": [2, 9, 3.25, 10.25], "texture": "#0"},
				"east": {"uv": [2, 9, 3.25, 10.25], "texture": "#0"},
				"south": {"uv": [2, 9, 3.25, 10.25], "texture": "#0"},
				"west": {"uv": [2, 9, 3.25, 10.25], "texture": "#0"},
				"up": {"uv": [7.75, 2.75, 8.75, 3.5], "texture": "#0"},
				"down": {"uv": [2, 9, 3.25, 10.25], "texture": "#0"}
			}
		},
		{
			"from": [6.79016, 4.88324, 2.00819],
			"to": [9.23037, 5.82526, 5.8401],
			"rotation": {"angle": 0, "axis": "y", "origin": [10.68505, 8.45361, -17.30493]},
			"faces": {
				"north": {"uv": [0, 1.5, 1.5, 3], "texture": "#0"},
				"east": {"uv": [0, 1.5, 1.5, 3], "texture": "#0"},
				"south": {"uv": [0, 1.5, 1.5, 3], "texture": "#0"},
				"west": {"uv": [0, 1.5, 1.5, 3], "texture": "#0"},
				"up": {"uv": [0, 1.5, 1.5, 3], "texture": "#0"},
				"down": {"uv": [0, 1.5, 1.5, 3], "texture": "#0"}
			}
		},
		{
			"from": [6.73305, 8.41302, 5.87569],
			"to": [9.28748, 9.38025, 9.7076],
			"rotation": {"angle": 0, "axis": "y", "origin": [10.41758, 8.32959, -17.30493]},
			"faces": {
				"north": {"uv": [2, 9, 3.25, 10.25], "texture": "#0"},
				"east": {"uv": [2, 9, 3.25, 10.25], "texture": "#0"},
				"south": {"uv": [2, 9, 3.25, 10.25], "texture": "#0"},
				"west": {"uv": [2, 9, 3.25, 10.25], "texture": "#0"},
				"up": {"uv": [7.75, 2.75, 8.75, 3.5], "texture": "#0"},
				"down": {"uv": [2, 9, 3.25, 10.25], "texture": "#0"}
			}
		},
		{
			"from": [6.37482, 5.92228, 5.87569],
			"to": [9.64571, 8.48467, 9.7076],
			"rotation": {"angle": 0, "axis": "y", "origin": [10.41758, 8.32959, -17.30493]},
			"faces": {
				"north": {"uv": [2, 9, 3.25, 10.25], "texture": "#0"},
				"east": {"uv": [2, 9, 3.25, 10.25], "texture": "#0"},
				"south": {"uv": [2, 9, 3.25, 10.25], "texture": "#0"},
				"west": {"uv": [2, 9, 3.25, 10.25], "texture": "#0"},
				"up": {"uv": [0, 11, 1.5, 11.75], "texture": "#0"},
				"down": {"uv": [2, 9, 3.25, 10.25], "texture": "#0"}
			}
		},
		{
			"from": [6.91217, 5.11626, 5.87569],
			"to": [9.10836, 5.96407, 9.7076],
			"rotation": {"angle": 0, "axis": "y", "origin": [10.41758, 8.32959, -17.30493]},
			"faces": {
				"north": {"uv": [0, 1.5, 1.5, 3], "texture": "#0"},
				"east": {"uv": [0, 1.5, 1.5, 3], "texture": "#0"},
				"south": {"uv": [0, 1.5, 1.5, 3], "texture": "#0"},
				"west": {"uv": [0, 1.5, 1.5, 3], "texture": "#0"},
				"up": {"uv": [0, 1.5, 1.5, 3], "texture": "#0"},
				"down": {"uv": [0, 1.5, 1.5, 3], "texture": "#0"}
			}
		},
		{
			"from": [7.62954, 10.06171, 0.63767],
			"to": [8.36633, 10.88071, 3.44483],
			"rotation": {"angle": -22.5, "axis": "x", "origin": [7.99794, 10.34849, 1.12361]},
			"faces": {
				"north": {"uv": [9.5, 7.75, 10.5, 9], "texture": "#0"},
				"east": {"uv": [9.5, 7.75, 10.5, 9], "texture": "#0"},
				"south": {"uv": [9.5, 7.75, 10.5, 9], "texture": "#0"},
				"west": {"uv": [9.5, 7.75, 10.5, 9], "texture": "#0"},
				"up": {"uv": [9.5, 7.75, 10.5, 9], "texture": "#0"},
				"down": {"uv": [9.5, 7.75, 10.5, 9], "texture": "#0"}
			}
		},
		{
			"from": [7.26554, 8.27766, 0.20332],
			"to": [8.73033, 10.62983, 1.56832],
			"rotation": {"angle": 45, "axis": "x", "origin": [7.99794, 10.34849, 1.12361]},
			"faces": {
				"north": {"uv": [9.5, 7.75, 10.5, 9], "rotation": 270, "texture": "#0"},
				"east": {"uv": [9.5, 7.75, 10.5, 9], "rotation": 270, "texture": "#0"},
				"south": {"uv": [9.5, 7.75, 10.5, 9], "rotation": 270, "texture": "#0"},
				"west": {"uv": [9.5, 7.75, 10.5, 9], "rotation": 270, "texture": "#0"},
				"up": {"uv": [9.5, 7.75, 10.5, 9], "rotation": 270, "texture": "#0"},
				"down": {"uv": [9.5, 7.75, 10.5, 9], "rotation": 270, "texture": "#0"}
			}
		},
		{
			"from": [7.62954, 9.87971, 4.55067],
			"to": [8.36633, 10.69871, 7.35783],
			"rotation": {"angle": -22.5, "axis": "x", "origin": [7.99794, 10.16649, 5.03661]},
			"faces": {
				"north": {"uv": [9.5, 7.75, 10.5, 9], "texture": "#0"},
				"east": {"uv": [9.5, 7.75, 10.5, 9], "texture": "#0"},
				"south": {"uv": [9.5, 7.75, 10.5, 9], "texture": "#0"},
				"west": {"uv": [9.5, 7.75, 10.5, 9], "texture": "#0"},
				"up": {"uv": [9.5, 7.75, 10.5, 9], "texture": "#0"},
				"down": {"uv": [9.5, 7.75, 10.5, 9], "texture": "#0"}
			}
		},
		{
			"from": [7.26554, 8.09566, 4.11632],
			"to": [8.73033, 10.44783, 5.48132],
			"rotation": {"angle": 45, "axis": "x", "origin": [7.99794, 10.16649, 5.03661]},
			"faces": {
				"north": {"uv": [9.5, 7.75, 10.5, 9], "rotation": 270, "texture": "#0"},
				"east": {"uv": [9.5, 7.75, 10.5, 9], "rotation": 270, "texture": "#0"},
				"south": {"uv": [9.5, 7.75, 10.5, 9], "rotation": 270, "texture": "#0"},
				"west": {"uv": [9.5, 7.75, 10.5, 9], "rotation": 270, "texture": "#0"},
				"up": {"uv": [9.5, 7.75, 10.5, 9], "rotation": 270, "texture": "#0"},
				"down": {"uv": [9.5, 7.75, 10.5, 9], "rotation": 270, "texture": "#0"}
			}
		},
		{
			"from": [7.62954, 9.33371, 7.91767],
			"to": [8.36633, 10.15271, 10.72483],
			"rotation": {"angle": -22.5, "axis": "x", "origin": [7.99794, 9.62049, 8.40361]},
			"faces": {
				"north": {"uv": [9.5, 7.75, 10.5, 9], "texture": "#0"},
				"east": {"uv": [9.5, 7.75, 10.5, 9], "texture": "#0"},
				"south": {"uv": [9.5, 7.75, 10.5, 9], "texture": "#0"},
				"west": {"uv": [9.5, 7.75, 10.5, 9], "texture": "#0"},
				"up": {"uv": [9.5, 7.75, 10.5, 9], "texture": "#0"},
				"down": {"uv": [9.5, 7.75, 10.5, 9], "texture": "#0"}
			}
		},
		{
			"from": [7.26554, 7.54966, 7.48332],
			"to": [8.73033, 9.90183, 8.84832],
			"rotation": {"angle": 45, "axis": "x", "origin": [7.99794, 9.62049, 8.40361]},
			"faces": {
				"north": {"uv": [9.5, 7.75, 10.5, 9], "rotation": 270, "texture": "#0"},
				"east": {"uv": [9.5, 7.75, 10.5, 9], "rotation": 270, "texture": "#0"},
				"south": {"uv": [9.5, 7.75, 10.5, 9], "rotation": 270, "texture": "#0"},
				"west": {"uv": [9.5, 7.75, 10.5, 9], "rotation": 270, "texture": "#0"},
				"up": {"uv": [9.5, 7.75, 10.5, 9], "rotation": 270, "texture": "#0"},
				"down": {"uv": [9.5, 7.75, 10.5, 9], "rotation": 270, "texture": "#0"}
			}
		},
		{
			"from": [7.01489, 6.2627, 9.70145],
			"to": [8.96014, 8.27157, 9.73207],
			"rotation": {"angle": 0, "axis": "y", "origin": [10.22288, 8.34206, -29.89118]},
			"faces": {
				"north": {"uv": [2, 9, 3.25, 10.25], "texture": "#0"},
				"east": {"uv": [2, 9, 3.25, 10.25], "texture": "#0"},
				"south": {"uv": [10.5, 5, 12.5, 7], "texture": "#0"},
				"west": {"uv": [2, 9, 3.25, 10.25], "texture": "#0"},
				"up": {"uv": [0, 11, 1.5, 11.75], "texture": "#0"},
				"down": {"uv": [2, 9, 3.25, 10.25], "texture": "#0"}
			}
		},
		{
			"from": [7.01489, 8.2712, 9.70145],
			"to": [8.96014, 8.66157, 9.73207],
			"rotation": {"angle": 0, "axis": "y", "origin": [10.22288, 8.73206, -29.89118]},
			"faces": {
				"north": {"uv": [2, 9, 3.25, 10.25], "texture": "#0"},
				"east": {"uv": [2, 9, 3.25, 10.25], "texture": "#0"},
				"south": {"uv": [11, 5, 12, 5.25], "texture": "#0"},
				"west": {"uv": [2, 9, 3.25, 10.25], "texture": "#0"},
				"up": {"uv": [0, 11, 1.5, 11.75], "texture": "#0"},
				"down": {"uv": [2, 9, 3.25, 10.25], "texture": "#0"}
			}
		},
		{
			"from": [7.01489, 5.8727, 9.70145],
			"to": [8.96014, 6.26307, 9.73207],
			"rotation": {"angle": 0, "axis": "y", "origin": [10.22288, 6.33356, -29.89118]},
			"faces": {
				"north": {"uv": [2, 9, 3.25, 10.25], "texture": "#0"},
				"east": {"uv": [2, 9, 3.25, 10.25], "texture": "#0"},
				"south": {"uv": [11, 5, 12, 5.25], "texture": "#0"},
				"west": {"uv": [2, 9, 3.25, 10.25], "texture": "#0"},
				"up": {"uv": [0, 11, 1.5, 11.75], "texture": "#0"},
				"down": {"uv": [2, 9, 3.25, 10.25], "texture": "#0"}
			}
		},
		{
			"from": [8.94787, 6.51858, 9.70145],
			"to": [9.33824, 7.97633, 9.73207],
			"rotation": {"angle": 0, "axis": "y", "origin": [8.56538, 8.92706, -29.89118]},
			"faces": {
				"north": {"uv": [2, 9, 3.25, 10.25], "rotation": 90, "texture": "#0"},
				"east": {"uv": [2, 9, 3.25, 10.25], "rotation": 270, "texture": "#0"},
				"south": {"uv": [11, 5, 12, 5.25], "rotation": 270, "texture": "#0"},
				"west": {"uv": [0, 11, 1.5, 11.75], "rotation": 270, "texture": "#0"},
				"up": {"uv": [2, 9, 3.25, 10.25], "rotation": 270, "texture": "#0"},
				"down": {"uv": [2, 9, 3.25, 10.25], "rotation": 270, "texture": "#0"}
			}
		},
		{
			"from": [6.65815, 6.51858, 9.70145],
			"to": [7.04851, 7.97633, 9.73207],
			"rotation": {"angle": 0, "axis": "y", "origin": [7.43101, 8.92706, -29.89118]},
			"faces": {
				"north": {"uv": [2, 10.25, 3.25, 9], "rotation": 90, "texture": "#0"},
				"east": {"uv": [0, 11.75, 1.5, 11], "rotation": 270, "texture": "#0"},
				"south": {"uv": [11, 5.25, 12, 5], "rotation": 270, "texture": "#0"},
				"west": {"uv": [2, 10.25, 3.25, 9], "rotation": 270, "texture": "#0"},
				"up": {"uv": [2, 10.25, 3.25, 9], "rotation": 270, "texture": "#0"},
				"down": {"uv": [2, 10.25, 3.25, 9], "rotation": 270, "texture": "#0"}
			}
		}
	],
	"display": {
		"head": {
			"translation": [0, -3.25, 35.75],
			"scale": [4, 4, 4]
		}
	},
	"groups": [
		{
			"name": "root",
			"origin": [8, 8, 8],
			"color": 0,
			"children": [
				{
					"name": "tail",
					"origin": [8, 8, 8],
					"color": 0,
					"children": [
						{
							"name": "1",
							"origin": [8, 8, 8],
							"color": 0,
							"children": [
								{
									"name": "group",
									"origin": [8, 8, 8],
									"color": 0,
									"children": [
										0,
										1,
										2,
										{
											"name": "group",
											"origin": [8.05, 10.48413, 9.47217],
											"color": 0,
											"children": []
										}
									]
								},
								{
									"name": "group",
									"origin": [8, 8, 8],
									"color": 0,
									"children": [
										3,
										4,
										5,
										6,
										7,
										8,
										{
											"name": "group",
											"origin": [8.05, 10.48413, 9.47217],
											"color": 0,
											"children": []
										}
									]
								},
								9,
								10,
								11,
								12,
								13,
								14
							]
						}
					]
				}
			]
		},
		{
			"name": "tail_break",
			"origin": [7.27284, 9.39747, -29.89118],
			"color": 0,
			"children": [15, 16, 17, 18, 19]
		}
	]
}