{
	"credit": "Made with Blockbench",
	"texture_size": [32, 32],
	"textures": {
		"0": "zinogre/head",
		"particle": "zinogre/head"
	},
	"elements": [
		{
			"from": [4.7343, 5.57822, -9.62044],
			"to": [11.2968, 8.05322, -3.17044],
			"rotation": {"angle": 0, "axis": "y", "origin": [7.99992, 8.54223, -3.29042]},
			"faces": {
				"north": {"uv": [0.25, 0.75, 1.75, 2.75], "texture": "#0"},
				"east": {"uv": [0.25, 0.75, 1.75, 2.75], "texture": "#0"},
				"south": {"uv": [0.25, 0.75, 1.75, 2.75], "texture": "#0"},
				"west": {"uv": [0.25, 0.75, 1.75, 2.75], "texture": "#0"},
				"up": {"uv": [0.25, 0.75, 1.75, 2.75], "texture": "#0"},
				"down": {"uv": [0.25, 0.75, 1.75, 2.75], "texture": "#0"}
			}
		},
		{
			"from": [5.4843, 4.67822, -9.62044],
			"to": [10.5468, 5.65322, -3.17044],
			"rotation": {"angle": 0, "axis": "y", "origin": [7.99992, 7.64223, -3.29042]},
			"faces": {
				"north": {"uv": [5.25, 14, 5.5, 16], "rotation": 270, "texture": "#0"},
				"east": {"uv": [5.25, 14, 5.5, 16], "rotation": 270, "texture": "#0"},
				"south": {"uv": [5.25, 14, 5.5, 16], "rotation": 270, "texture": "#0"},
				"west": {"uv": [5.25, 14, 5.5, 16], "rotation": 270, "texture": "#0"},
				"up": {"uv": [5.25, 14, 5.5, 16], "rotation": 270, "texture": "#0"},
				"down": {"uv": [2.5, 14, 5.5, 16], "rotation": 270, "texture": "#0"}
			}
		},
		{
			"from": [5.3718, 8.05322, -9.62044],
			"to": [10.6218, 9.55322, -3.17044],
			"rotation": {"angle": 0, "axis": "y", "origin": [7.99992, 8.54223, -3.29042]},
			"color": 0,
			"faces": {
				"north": {"uv": [0, 0, 1.75, 0.5], "texture": "#missing"},
				"east": {"uv": [0, 0, 2.15, 0.5], "texture": "#missing"},
				"south": {"uv": [0, 0, 1.75, 0.5], "texture": "#missing"},
				"west": {"uv": [0, 0, 2.15, 0.5], "texture": "#missing"},
				"up": {"uv": [0, 0, 1.75, 2.15], "texture": "#missing"},
				"down": {"uv": [0, 0, 1.75, 2.15], "texture": "#missing"}
			}
		},
		{
			"from": [6.2148, 9.51349, -9.44625],
			"to": [7.4028, 10.80649, -3.14625],
			"rotation": {"angle": 0, "axis": "y", "origin": [7.99992, 8.54223, -3.14042]},
			"faces": {
				"north": {"uv": [14, 0, 14.5, 0.5], "rotation": 90, "texture": "#0"},
				"east": {"uv": [14, 0, 14.5, 4.25], "rotation": 90, "texture": "#0"},
				"south": {"uv": [14, 0, 14.5, 0.5], "rotation": 90, "texture": "#0"},
				"west": {"uv": [14, 0, 14.5, 4.25], "rotation": 90, "texture": "#0"},
				"up": {"uv": [14, 0, 14.5, 4.25], "texture": "#0"},
				"down": {"uv": [14, 0, 14.5, 4.25], "rotation": 180, "texture": "#0"}
			}
		},
		{
			"from": [8.5908, 9.51349, -9.44625],
			"to": [9.7788, 10.80649, -3.14625],
			"rotation": {"angle": 0, "axis": "y", "origin": [7.99992, 8.54223, -3.14042]},
			"faces": {
				"north": {"uv": [14, 0, 14.5, 0.5], "rotation": 90, "texture": "#0"},
				"east": {"uv": [14, 0, 14.5, 4.25], "rotation": 90, "texture": "#0"},
				"south": {"uv": [14, 0, 14.5, 0.5], "rotation": 90, "texture": "#0"},
				"west": {"uv": [14, 0, 14.5, 4.25], "rotation": 90, "texture": "#0"},
				"up": {"uv": [14, 0, 14.5, 4.25], "texture": "#0"},
				"down": {"uv": [14, 0, 14.5, 4.25], "rotation": 180, "texture": "#0"}
			}
		},
		{
			"from": [4.2648, 8.08886, -9.40457],
			"to": [5.4528, 8.93186, -3.14207],
			"rotation": {"angle": 0, "axis": "y", "origin": [7.99992, 8.54223, -3.14042]},
			"faces": {
				"north": {"uv": [14, 0, 14.5, 0.5], "rotation": 90, "texture": "#0"},
				"east": {"uv": [14, 0, 14.5, 4.25], "rotation": 90, "texture": "#0"},
				"south": {"uv": [14, 0, 14.5, 0.5], "rotation": 90, "texture": "#0"},
				"west": {"uv": [14, 0, 14.5, 4.25], "rotation": 90, "texture": "#0"},
				"up": {"uv": [14, 0, 14.5, 4.25], "texture": "#0"},
				"down": {"uv": [14, 0, 14.5, 4.25], "rotation": 180, "texture": "#0"}
			}
		},
		{
			"from": [4.26855, 6.13886, -9.40457],
			"to": [5.45655, 6.98186, -3.14207],
			"rotation": {"angle": 0, "axis": "y", "origin": [8.00367, 6.59223, -3.14042]},
			"faces": {
				"north": {"uv": [14, 0, 14.5, 0.5], "rotation": 90, "texture": "#0"},
				"east": {"uv": [14, 0, 14.5, 4.25], "rotation": 90, "texture": "#0"},
				"south": {"uv": [14, 0, 14.5, 0.5], "rotation": 90, "texture": "#0"},
				"west": {"uv": [14, 0, 14.5, 4.25], "rotation": 90, "texture": "#0"},
				"up": {"uv": [14, 0, 14.5, 4.25], "texture": "#0"},
				"down": {"uv": [14, 0, 14.5, 4.25], "rotation": 180, "texture": "#0"}
			}
		},
		{
			"from": [10.54455, 6.13886, -9.40457],
			"to": [11.73255, 6.98186, -3.14207],
			"rotation": {"angle": 0, "axis": "y", "origin": [7.99742, 6.59223, -3.14042]},
			"faces": {
				"north": {"uv": [14, 0, 14.5, 0.5], "rotation": 90, "texture": "#0"},
				"east": {"uv": [14, 0, 14.5, 4.25], "rotation": 90, "texture": "#0"},
				"south": {"uv": [14, 0, 14.5, 0.5], "rotation": 90, "texture": "#0"},
				"west": {"uv": [14, 0, 14.5, 4.25], "rotation": 90, "texture": "#0"},
				"up": {"uv": [14, 0, 14.5, 4.25], "texture": "#0"},
				"down": {"uv": [14, 0, 14.5, 4.25], "rotation": 180, "texture": "#0"}
			}
		},
		{
			"from": [10.5408, 8.08886, -9.40457],
			"to": [11.7288, 8.93186, -3.14207],
			"rotation": {"angle": 0, "axis": "y", "origin": [7.99992, 8.54223, -3.14042]},
			"faces": {
				"north": {"uv": [14, 0, 14.5, 0.5], "rotation": 90, "texture": "#0"},
				"east": {"uv": [14, 0, 14.5, 4.25], "rotation": 90, "texture": "#0"},
				"south": {"uv": [14, 0, 14.5, 0.5], "rotation": 90, "texture": "#0"},
				"west": {"uv": [14, 0, 14.5, 4.25], "rotation": 90, "texture": "#0"},
				"up": {"uv": [14, 0, 14.5, 4.25], "texture": "#0"},
				"down": {"uv": [14, 0, 14.5, 4.25], "rotation": 180, "texture": "#0"}
			}
		},
		{
			"from": [3.18377, 6.28886, -9.04066],
			"to": [4.14677, 7.13186, -7.27816],
			"rotation": {"angle": -22.5, "axis": "y", "origin": [3.96527, 6.71036, -7.25941]},
			"faces": {
				"north": {"uv": [12, 5, 13.75, 7.25], "rotation": 180, "texture": "#0"},
				"east": {"uv": [12, 5, 13.75, 7.25], "rotation": 180, "texture": "#0"},
				"south": {"uv": [12, 5, 13.75, 7.25], "rotation": 180, "texture": "#0"},
				"west": {"uv": [12, 5, 13.75, 7.25], "rotation": 180, "texture": "#0"},
				"up": {"uv": [12, 5, 13.75, 7.25], "rotation": 180, "texture": "#0"},
				"down": {"uv": [12, 5, 13.75, 7.25], "rotation": 180, "texture": "#0"}
			}
		},
		{
			"from": [3.18377, 6.28886, -7.09066],
			"to": [4.14677, 7.13186, -5.32816],
			"rotation": {"angle": -22.5, "axis": "y", "origin": [3.96527, 6.71036, -5.30941]},
			"faces": {
				"north": {"uv": [12, 5, 13.75, 7.25], "rotation": 180, "texture": "#0"},
				"east": {"uv": [12, 5, 13.75, 7.25], "rotation": 180, "texture": "#0"},
				"south": {"uv": [12, 5, 13.75, 7.25], "rotation": 180, "texture": "#0"},
				"west": {"uv": [12, 5, 13.75, 7.25], "rotation": 180, "texture": "#0"},
				"up": {"uv": [12, 5, 13.75, 7.25], "rotation": 180, "texture": "#0"},
				"down": {"uv": [12, 5, 13.75, 7.25], "rotation": 180, "texture": "#0"}
			}
		},
		{
			"from": [3.18377, 6.28886, -5.14066],
			"to": [4.14677, 7.13186, -3.37816],
			"rotation": {"angle": -22.5, "axis": "y", "origin": [3.96527, 6.71036, -3.35941]},
			"faces": {
				"north": {"uv": [12, 5, 13.75, 7.25], "rotation": 180, "texture": "#0"},
				"east": {"uv": [12, 5, 13.75, 7.25], "rotation": 180, "texture": "#0"},
				"south": {"uv": [12, 5, 13.75, 7.25], "rotation": 180, "texture": "#0"},
				"west": {"uv": [12, 5, 13.75, 7.25], "rotation": 180, "texture": "#0"},
				"up": {"uv": [12, 5, 13.75, 7.25], "rotation": 180, "texture": "#0"},
				"down": {"uv": [12, 5, 13.75, 7.25], "rotation": 180, "texture": "#0"}
			}
		},
		{
			"from": [11.85432, 6.28886, -9.04066],
			"to": [12.81732, 7.13186, -7.27816],
			"rotation": {"angle": 22.5, "axis": "y", "origin": [12.03582, 6.71036, -7.25941]},
			"faces": {
				"north": {"uv": [12, 5, 13.75, 7.25], "rotation": 180, "texture": "#0"},
				"east": {"uv": [12, 5, 13.75, 7.25], "rotation": 180, "texture": "#0"},
				"south": {"uv": [12, 5, 13.75, 7.25], "rotation": 180, "texture": "#0"},
				"west": {"uv": [12, 5, 13.75, 7.25], "rotation": 180, "texture": "#0"},
				"up": {"uv": [12, 5, 13.75, 7.25], "rotation": 180, "texture": "#0"},
				"down": {"uv": [12, 5, 13.75, 7.25], "rotation": 180, "texture": "#0"}
			}
		},
		{
			"from": [11.85432, 6.28886, -7.09066],
			"to": [12.81732, 7.13186, -5.32816],
			"rotation": {"angle": 22.5, "axis": "y", "origin": [12.03582, 6.71036, -5.30941]},
			"faces": {
				"north": {"uv": [12, 5, 13.75, 7.25], "rotation": 180, "texture": "#0"},
				"east": {"uv": [12, 5, 13.75, 7.25], "rotation": 180, "texture": "#0"},
				"south": {"uv": [12, 5, 13.75, 7.25], "rotation": 180, "texture": "#0"},
				"west": {"uv": [12, 5, 13.75, 7.25], "rotation": 180, "texture": "#0"},
				"up": {"uv": [12, 5, 13.75, 7.25], "rotation": 180, "texture": "#0"},
				"down": {"uv": [12, 5, 13.75, 7.25], "rotation": 180, "texture": "#0"}
			}
		},
		{
			"from": [11.85432, 6.28886, -5.14066],
			"to": [12.81732, 7.13186, -3.37816],
			"rotation": {"angle": 22.5, "axis": "y", "origin": [12.03582, 6.71036, -3.35941]},
			"faces": {
				"north": {"uv": [12, 5, 13.75, 7.25], "rotation": 180, "texture": "#0"},
				"east": {"uv": [12, 5, 13.75, 7.25], "rotation": 180, "texture": "#0"},
				"south": {"uv": [12, 5, 13.75, 7.25], "rotation": 180, "texture": "#0"},
				"west": {"uv": [12, 5, 13.75, 7.25], "rotation": 180, "texture": "#0"},
				"up": {"uv": [12, 5, 13.75, 7.25], "rotation": 180, "texture": "#0"},
				"down": {"uv": [12, 5, 13.75, 7.25], "rotation": 180, "texture": "#0"}
			}
		},
		{
			"from": [7.3008, 8.44876, -9.52744],
			"to": [8.6928, 10.33876, -3.05494],
			"rotation": {"angle": 0, "axis": "y", "origin": [7.9968, 6.99839, -5.44013]},
			"faces": {
				"north": {"uv": [11.75, 14, 15, 16], "rotation": 90, "texture": "#0"},
				"east": {"uv": [11.75, 14, 15, 16], "rotation": 90, "texture": "#0"},
				"south": {"uv": [11.75, 14, 15, 16], "texture": "#0"},
				"west": {"uv": [11.75, 14, 15, 16], "rotation": 90, "texture": "#0"},
				"up": {"uv": [11.75, 14, 15, 16], "texture": "#0"},
				"down": {"uv": [11.75, 14, 15, 16], "rotation": 90, "texture": "#0"}
			}
		},
		{
			"from": [5.2008, 7.99876, -9.52744],
			"to": [10.7928, 9.88876, -3.05494],
			"rotation": {"angle": 0, "axis": "y", "origin": [5.5968, 6.54839, -5.44013]},
			"faces": {
				"north": {"uv": [11.75, 14, 15, 16], "rotation": 90, "texture": "#0"},
				"east": {"uv": [11.75, 14, 15, 16], "rotation": 90, "texture": "#0"},
				"south": {"uv": [11.75, 14, 15, 16], "texture": "#0"},
				"west": {"uv": [11.75, 14, 15, 16], "rotation": 90, "texture": "#0"},
				"up": {"uv": [11.75, 14, 15, 16], "texture": "#0"},
				"down": {"uv": [11.75, 14, 15, 16], "rotation": 90, "texture": "#0"}
			}
		},
		{
			"from": [4.1508, 6.79876, -9.52744],
			"to": [11.8428, 8.08876, -3.09244],
			"rotation": {"angle": 0, "axis": "y", "origin": [5.5968, 5.34839, -5.44013]},
			"faces": {
				"north": {"uv": [11.75, 14, 15, 16], "rotation": 90, "texture": "#0"},
				"east": {"uv": [11.75, 14, 15, 16], "rotation": 90, "texture": "#0"},
				"south": {"uv": [11.75, 14, 15, 16], "texture": "#0"},
				"west": {"uv": [11.75, 14, 15, 16], "rotation": 90, "texture": "#0"},
				"up": {"uv": [11.75, 14, 15, 16], "rotation": 90, "texture": "#0"},
				"down": {"uv": [11.75, 14, 15, 16], "rotation": 90, "texture": "#0"}
			}
		},
		{
			"from": [6.57555, 10.52826, -8.27609],
			"to": [7.10055, 11.91576, -7.52609],
			"rotation": {"angle": -22.5, "axis": "x", "origin": [6.83805, 11.22201, -7.90109]},
			"faces": {
				"north": {"uv": [14, 0, 14.5, 0.5], "rotation": 90, "texture": "#0"},
				"east": {"uv": [14, 0, 14.5, 0.5], "rotation": 90, "texture": "#0"},
				"south": {"uv": [14, 0, 14.5, 0.5], "rotation": 90, "texture": "#0"},
				"west": {"uv": [14, 0, 14.5, 0.5], "rotation": 90, "texture": "#0"},
				"up": {"uv": [14, 0, 14.5, 0.5], "rotation": 90, "texture": "#0"},
				"down": {"uv": [14, 0, 14.5, 0.5], "rotation": 90, "texture": "#0"}
			}
		},
		{
			"from": [8.90023, 10.52826, -8.27609],
			"to": [9.42523, 11.91576, -7.52609],
			"rotation": {"angle": -22.5, "axis": "x", "origin": [9.16273, 11.22201, -7.90109]},
			"faces": {
				"north": {"uv": [14, 0.5, 14.5, 0], "rotation": 90, "texture": "#0"},
				"east": {"uv": [14, 0.5, 14.5, 0], "rotation": 90, "texture": "#0"},
				"south": {"uv": [14, 0.5, 14.5, 0], "rotation": 90, "texture": "#0"},
				"west": {"uv": [14, 0.5, 14.5, 0], "rotation": 90, "texture": "#0"},
				"up": {"uv": [14, 0.5, 14.5, 0], "rotation": 90, "texture": "#0"},
				"down": {"uv": [14, 0.5, 14.5, 0], "rotation": 90, "texture": "#0"}
			}
		},
		{
			"from": [6.57555, 10.52826, -5.72609],
			"to": [7.10055, 11.91576, -4.97609],
			"rotation": {"angle": -22.5, "axis": "x", "origin": [6.83805, 11.22201, -5.35109]},
			"faces": {
				"north": {"uv": [14, 0, 14.5, 0.5], "rotation": 90, "texture": "#0"},
				"east": {"uv": [14, 0, 14.5, 0.5], "rotation": 90, "texture": "#0"},
				"south": {"uv": [14, 0, 14.5, 0.5], "rotation": 90, "texture": "#0"},
				"west": {"uv": [14, 0, 14.5, 0.5], "rotation": 90, "texture": "#0"},
				"up": {"uv": [14, 0, 14.5, 0.5], "rotation": 90, "texture": "#0"},
				"down": {"uv": [14, 0, 14.5, 0.5], "rotation": 90, "texture": "#0"}
			}
		},
		{
			"from": [8.90023, 10.52826, -5.72609],
			"to": [9.42523, 11.91576, -4.97609],
			"rotation": {"angle": -22.5, "axis": "x", "origin": [9.16273, 11.22201, -5.35109]},
			"faces": {
				"north": {"uv": [14, 0.5, 14.5, 0], "rotation": 90, "texture": "#0"},
				"east": {"uv": [14, 0.5, 14.5, 0], "rotation": 90, "texture": "#0"},
				"south": {"uv": [14, 0.5, 14.5, 0], "rotation": 90, "texture": "#0"},
				"west": {"uv": [14, 0.5, 14.5, 0], "rotation": 90, "texture": "#0"},
				"up": {"uv": [14, 0.5, 14.5, 0], "rotation": 90, "texture": "#0"},
				"down": {"uv": [14, 0.5, 14.5, 0], "rotation": 90, "texture": "#0"}
			}
		},
		{
			"from": [5.06092, 5.78312, -3.43783],
			"to": [10.96717, 8.01062, 2.36717],
			"rotation": {"angle": 0, "axis": "y", "origin": [7.99998, 8.45073, 2.25918]},
			"faces": {
				"north": {"uv": [0.25, 0.75, 1.75, 2.75], "texture": "#0"},
				"east": {"uv": [0.25, 0.75, 1.75, 2.75], "texture": "#0"},
				"south": {"uv": [0.25, 0.75, 1.75, 2.75], "texture": "#0"},
				"west": {"uv": [0.25, 0.75, 1.75, 2.75], "texture": "#0"},
				"up": {"uv": [0.25, 0.75, 1.75, 2.75], "texture": "#0"},
				"down": {"uv": [0.25, 0.75, 1.75, 2.75], "texture": "#0"}
			}
		},
		{
			"from": [5.73592, 4.97312, -3.43783],
			"to": [10.29217, 5.85062, 2.36717],
			"rotation": {"angle": 0, "axis": "y", "origin": [7.99998, 7.64073, 2.25918]},
			"faces": {
				"north": {"uv": [5.25, 14, 5.5, 16], "rotation": 270, "texture": "#0"},
				"east": {"uv": [5.25, 14, 5.5, 16], "rotation": 270, "texture": "#0"},
				"south": {"uv": [5.25, 14, 5.5, 16], "rotation": 270, "texture": "#0"},
				"west": {"uv": [5.25, 14, 5.5, 16], "rotation": 270, "texture": "#0"},
				"up": {"uv": [5.25, 14, 5.5, 16], "rotation": 270, "texture": "#0"},
				"down": {"uv": [2.5, 14, 5.5, 16], "rotation": 270, "texture": "#0"}
			}
		},
		{
			"from": [5.63467, 8.01062, -3.43783],
			"to": [10.35967, 9.36062, 2.36717],
			"rotation": {"angle": 0, "axis": "y", "origin": [7.99998, 8.45073, 2.25918]},
			"color": 0,
			"faces": {
				"north": {"uv": [0, 0, 1.75, 0.5], "texture": "#missing"},
				"east": {"uv": [0, 0, 2.15, 0.5], "texture": "#missing"},
				"south": {"uv": [0, 0, 1.75, 0.5], "texture": "#missing"},
				"west": {"uv": [0, 0, 2.15, 0.5], "texture": "#missing"},
				"up": {"uv": [0, 0, 1.75, 2.15], "texture": "#missing"},
				"down": {"uv": [0, 0, 1.75, 2.15], "texture": "#missing"}
			}
		},
		{
			"from": [6.39337, 9.32486, -3.28106],
			"to": [7.46257, 10.48856, 2.38894],
			"rotation": {"angle": 0, "axis": "y", "origin": [7.99998, 8.45073, 2.39418]},
			"faces": {
				"north": {"uv": [14, 0, 14.5, 0.5], "rotation": 90, "texture": "#0"},
				"east": {"uv": [14, 0, 14.5, 4.25], "rotation": 90, "texture": "#0"},
				"south": {"uv": [14, 0, 14.5, 0.5], "rotation": 90, "texture": "#0"},
				"west": {"uv": [14, 0, 14.5, 4.25], "rotation": 90, "texture": "#0"},
				"up": {"uv": [14, 0, 14.5, 4.25], "texture": "#0"},
				"down": {"uv": [14, 0, 14.5, 4.25], "rotation": 180, "texture": "#0"}
			}
		},
		{
			"from": [8.53177, 9.32486, -3.28106],
			"to": [9.60097, 10.48856, 2.38894],
			"rotation": {"angle": 0, "axis": "y", "origin": [7.99998, 8.45073, 2.39418]},
			"faces": {
				"north": {"uv": [14, 0, 14.5, 0.5], "rotation": 90, "texture": "#0"},
				"east": {"uv": [14, 0, 14.5, 4.25], "rotation": 90, "texture": "#0"},
				"south": {"uv": [14, 0, 14.5, 0.5], "rotation": 90, "texture": "#0"},
				"west": {"uv": [14, 0, 14.5, 4.25], "rotation": 90, "texture": "#0"},
				"up": {"uv": [14, 0, 14.5, 4.25], "texture": "#0"},
				"down": {"uv": [14, 0, 14.5, 4.25], "rotation": 180, "texture": "#0"}
			}
		},
		{
			"from": [4.63837, 8.04269, -3.24355],
			"to": [5.70757, 8.80139, 2.3927],
			"rotation": {"angle": 0, "axis": "y", "origin": [7.99998, 8.45073, 2.39418]},
			"faces": {
				"north": {"uv": [14, 0, 14.5, 0.5], "rotation": 90, "texture": "#0"},
				"east": {"uv": [14, 0, 14.5, 4.25], "rotation": 90, "texture": "#0"},
				"south": {"uv": [14, 0, 14.5, 0.5], "rotation": 90, "texture": "#0"},
				"west": {"uv": [14, 0, 14.5, 4.25], "rotation": 90, "texture": "#0"},
				"up": {"uv": [14, 0, 14.5, 4.25], "texture": "#0"},
				"down": {"uv": [14, 0, 14.5, 4.25], "rotation": 180, "texture": "#0"}
			}
		},
		{
			"from": [4.64175, 6.28769, -3.24355],
			"to": [5.71095, 7.04639, 2.3927],
			"rotation": {"angle": 0, "axis": "y", "origin": [8.00336, 6.69573, 2.39418]},
			"faces": {
				"north": {"uv": [14, 0, 14.5, 0.5], "rotation": 90, "texture": "#0"},
				"east": {"uv": [14, 0, 14.5, 4.25], "rotation": 90, "texture": "#0"},
				"south": {"uv": [14, 0, 14.5, 0.5], "rotation": 90, "texture": "#0"},
				"west": {"uv": [14, 0, 14.5, 4.25], "rotation": 90, "texture": "#0"},
				"up": {"uv": [14, 0, 14.5, 4.25], "texture": "#0"},
				"down": {"uv": [14, 0, 14.5, 4.25], "rotation": 180, "texture": "#0"}
			}
		},
		{
			"from": [10.29015, 6.28769, -3.24355],
			"to": [11.35935, 7.04639, 2.3927],
			"rotation": {"angle": 0, "axis": "y", "origin": [7.99773, 6.69573, 2.39418]},
			"faces": {
				"north": {"uv": [14, 0, 14.5, 0.5], "rotation": 90, "texture": "#0"},
				"east": {"uv": [14, 0, 14.5, 4.25], "rotation": 90, "texture": "#0"},
				"south": {"uv": [14, 0, 14.5, 0.5], "rotation": 90, "texture": "#0"},
				"west": {"uv": [14, 0, 14.5, 4.25], "rotation": 90, "texture": "#0"},
				"up": {"uv": [14, 0, 14.5, 4.25], "texture": "#0"},
				"down": {"uv": [14, 0, 14.5, 4.25], "rotation": 180, "texture": "#0"}
			}
		},
		{
			"from": [10.28677, 8.04269, -3.24355],
			"to": [11.35597, 8.80139, 2.3927],
			"rotation": {"angle": 0, "axis": "y", "origin": [7.99998, 8.45073, 2.39418]},
			"faces": {
				"north": {"uv": [14, 0, 14.5, 0.5], "rotation": 90, "texture": "#0"},
				"east": {"uv": [14, 0, 14.5, 4.25], "rotation": 90, "texture": "#0"},
				"south": {"uv": [14, 0, 14.5, 0.5], "rotation": 90, "texture": "#0"},
				"west": {"uv": [14, 0, 14.5, 4.25], "rotation": 90, "texture": "#0"},
				"up": {"uv": [14, 0, 14.5, 4.25], "texture": "#0"},
				"down": {"uv": [14, 0, 14.5, 4.25], "rotation": 180, "texture": "#0"}
			}
		},
		{
			"from": [3.66545, 6.42269, -2.91603],
			"to": [4.53215, 7.18139, -1.32978],
			"rotation": {"angle": -22.5, "axis": "y", "origin": [4.3688, 6.80204, -1.3129]},
			"faces": {
				"north": {"uv": [12, 5, 13.75, 7.25], "rotation": 180, "texture": "#0"},
				"east": {"uv": [12, 5, 13.75, 7.25], "rotation": 180, "texture": "#0"},
				"south": {"uv": [12, 5, 13.75, 7.25], "rotation": 180, "texture": "#0"},
				"west": {"uv": [12, 5, 13.75, 7.25], "rotation": 180, "texture": "#0"},
				"up": {"uv": [12, 5, 13.75, 7.25], "rotation": 180, "texture": "#0"},
				"down": {"uv": [12, 5, 13.75, 7.25], "rotation": 180, "texture": "#0"}
			}
		},
		{
			"from": [3.66545, 6.42269, -1.16103],
			"to": [4.53215, 7.18139, 0.42522],
			"rotation": {"angle": -22.5, "axis": "y", "origin": [4.3688, 6.80204, 0.4421]},
			"faces": {
				"north": {"uv": [12, 5, 13.75, 7.25], "rotation": 180, "texture": "#0"},
				"east": {"uv": [12, 5, 13.75, 7.25], "rotation": 180, "texture": "#0"},
				"south": {"uv": [12, 5, 13.75, 7.25], "rotation": 180, "texture": "#0"},
				"west": {"uv": [12, 5, 13.75, 7.25], "rotation": 180, "texture": "#0"},
				"up": {"uv": [12, 5, 13.75, 7.25], "rotation": 180, "texture": "#0"},
				"down": {"uv": [12, 5, 13.75, 7.25], "rotation": 180, "texture": "#0"}
			}
		},
		{
			"from": [3.66545, 6.42269, 0.59397],
			"to": [4.53215, 7.18139, 2.18022],
			"rotation": {"angle": -22.5, "axis": "y", "origin": [4.3688, 6.80204, 2.1971]},
			"faces": {
				"north": {"uv": [12, 5, 13.75, 7.25], "rotation": 180, "texture": "#0"},
				"east": {"uv": [12, 5, 13.75, 7.25], "rotation": 180, "texture": "#0"},
				"south": {"uv": [12, 5, 13.75, 7.25], "rotation": 180, "texture": "#0"},
				"west": {"uv": [12, 5, 13.75, 7.25], "rotation": 180, "texture": "#0"},
				"up": {"uv": [12, 5, 13.75, 7.25], "rotation": 180, "texture": "#0"},
				"down": {"uv": [12, 5, 13.75, 7.25], "rotation": 180, "texture": "#0"}
			}
		},
		{
			"from": [11.46894, 6.42269, -2.91603],
			"to": [12.33564, 7.18139, -1.32978],
			"rotation": {"angle": 22.5, "axis": "y", "origin": [11.63229, 6.80204, -1.3129]},
			"faces": {
				"north": {"uv": [12, 5, 13.75, 7.25], "rotation": 180, "texture": "#0"},
				"east": {"uv": [12, 5, 13.75, 7.25], "rotation": 180, "texture": "#0"},
				"south": {"uv": [12, 5, 13.75, 7.25], "rotation": 180, "texture": "#0"},
				"west": {"uv": [12, 5, 13.75, 7.25], "rotation": 180, "texture": "#0"},
				"up": {"uv": [12, 5, 13.75, 7.25], "rotation": 180, "texture": "#0"},
				"down": {"uv": [12, 5, 13.75, 7.25], "rotation": 180, "texture": "#0"}
			}
		},
		{
			"from": [11.46894, 6.42269, -1.16103],
			"to": [12.33564, 7.18139, 0.42522],
			"rotation": {"angle": 22.5, "axis": "y", "origin": [11.63229, 6.80204, 0.4421]},
			"faces": {
				"north": {"uv": [12, 5, 13.75, 7.25], "rotation": 180, "texture": "#0"},
				"east": {"uv": [12, 5, 13.75, 7.25], "rotation": 180, "texture": "#0"},
				"south": {"uv": [12, 5, 13.75, 7.25], "rotation": 180, "texture": "#0"},
				"west": {"uv": [12, 5, 13.75, 7.25], "rotation": 180, "texture": "#0"},
				"up": {"uv": [12, 5, 13.75, 7.25], "rotation": 180, "texture": "#0"},
				"down": {"uv": [12, 5, 13.75, 7.25], "rotation": 180, "texture": "#0"}
			}
		},
		{
			"from": [11.46894, 6.42269, 0.59397],
			"to": [12.33564, 7.18139, 2.18022],
			"rotation": {"angle": 22.5, "axis": "y", "origin": [11.63229, 6.80204, 2.1971]},
			"faces": {
				"north": {"uv": [12, 5, 13.75, 7.25], "rotation": 180, "texture": "#0"},
				"east": {"uv": [12, 5, 13.75, 7.25], "rotation": 180, "texture": "#0"},
				"south": {"uv": [12, 5, 13.75, 7.25], "rotation": 180, "texture": "#0"},
				"west": {"uv": [12, 5, 13.75, 7.25], "rotation": 180, "texture": "#0"},
				"up": {"uv": [12, 5, 13.75, 7.25], "rotation": 180, "texture": "#0"},
				"down": {"uv": [12, 5, 13.75, 7.25], "rotation": 180, "texture": "#0"}
			}
		},
		{
			"from": [7.37077, 8.36661, -3.35413],
			"to": [8.62357, 10.06761, 2.47112],
			"rotation": {"angle": 0, "axis": "y", "origin": [7.99717, 7.06127, 0.32444]},
			"faces": {
				"north": {"uv": [11.75, 14, 15, 16], "rotation": 90, "texture": "#0"},
				"east": {"uv": [11.75, 14, 15, 16], "rotation": 90, "texture": "#0"},
				"south": {"uv": [11.75, 14, 15, 16], "texture": "#0"},
				"west": {"uv": [11.75, 14, 15, 16], "rotation": 90, "texture": "#0"},
				"up": {"uv": [11.75, 14, 15, 16], "texture": "#0"},
				"down": {"uv": [11.75, 14, 15, 16], "rotation": 90, "texture": "#0"}
			}
		},
		{
			"from": [5.48077, 7.96161, -3.35413],
			"to": [10.51357, 9.66261, 2.47112],
			"rotation": {"angle": 0, "axis": "y", "origin": [5.83717, 6.65627, 0.32444]},
			"faces": {
				"north": {"uv": [11.75, 14, 15, 16], "rotation": 90, "texture": "#0"},
				"east": {"uv": [11.75, 14, 15, 16], "rotation": 90, "texture": "#0"},
				"south": {"uv": [11.75, 14, 15, 16], "texture": "#0"},
				"west": {"uv": [11.75, 14, 15, 16], "rotation": 90, "texture": "#0"},
				"up": {"uv": [11.75, 14, 15, 16], "texture": "#0"},
				"down": {"uv": [11.75, 14, 15, 16], "rotation": 90, "texture": "#0"}
			}
		},
		{
			"from": [4.53577, 6.88161, -3.35413],
			"to": [11.45857, 8.04261, 2.43737],
			"rotation": {"angle": 0, "axis": "y", "origin": [5.83717, 5.57627, 0.32444]},
			"faces": {
				"north": {"uv": [11.75, 14, 15, 16], "rotation": 90, "texture": "#0"},
				"east": {"uv": [11.75, 14, 15, 16], "rotation": 90, "texture": "#0"},
				"south": {"uv": [11.75, 14, 15, 16], "texture": "#0"},
				"west": {"uv": [11.75, 14, 15, 16], "rotation": 90, "texture": "#0"},
				"up": {"uv": [11.75, 14, 15, 16], "rotation": 90, "texture": "#0"},
				"down": {"uv": [11.75, 14, 15, 16], "rotation": 90, "texture": "#0"}
			}
		},
		{
			"from": [6.57555, 10.07826, 0.27391],
			"to": [7.10055, 11.46576, 1.02391],
			"rotation": {"angle": -22.5, "axis": "x", "origin": [6.83805, 10.77201, 0.64891]},
			"faces": {
				"north": {"uv": [14, 0, 14.5, 0.5], "rotation": 90, "texture": "#0"},
				"east": {"uv": [14, 0, 14.5, 0.5], "rotation": 90, "texture": "#0"},
				"south": {"uv": [14, 0, 14.5, 0.5], "rotation": 90, "texture": "#0"},
				"west": {"uv": [14, 0, 14.5, 0.5], "rotation": 90, "texture": "#0"},
				"up": {"uv": [14, 0, 14.5, 0.5], "rotation": 90, "texture": "#0"},
				"down": {"uv": [14, 0, 14.5, 0.5], "rotation": 90, "texture": "#0"}
			}
		},
		{
			"from": [8.90023, 10.07826, 0.27391],
			"to": [9.42523, 11.46576, 1.02391],
			"rotation": {"angle": -22.5, "axis": "x", "origin": [9.16273, 10.77201, 0.64891]},
			"faces": {
				"north": {"uv": [14, 0.5, 14.5, 0], "rotation": 90, "texture": "#0"},
				"east": {"uv": [14, 0.5, 14.5, 0], "rotation": 90, "texture": "#0"},
				"south": {"uv": [14, 0.5, 14.5, 0], "rotation": 90, "texture": "#0"},
				"west": {"uv": [14, 0.5, 14.5, 0], "rotation": 90, "texture": "#0"},
				"up": {"uv": [14, 0.5, 14.5, 0], "rotation": 90, "texture": "#0"},
				"down": {"uv": [14, 0.5, 14.5, 0], "rotation": 90, "texture": "#0"}
			}
		},
		{
			"from": [6.57555, 10.07826, -2.27609],
			"to": [7.10055, 11.46576, -1.52609],
			"rotation": {"angle": -22.5, "axis": "x", "origin": [6.83805, 10.77201, -1.90109]},
			"faces": {
				"north": {"uv": [14, 0, 14.5, 0.5], "rotation": 90, "texture": "#0"},
				"east": {"uv": [14, 0, 14.5, 0.5], "rotation": 90, "texture": "#0"},
				"south": {"uv": [14, 0, 14.5, 0.5], "rotation": 90, "texture": "#0"},
				"west": {"uv": [14, 0, 14.5, 0.5], "rotation": 90, "texture": "#0"},
				"up": {"uv": [14, 0, 14.5, 0.5], "rotation": 90, "texture": "#0"},
				"down": {"uv": [14, 0, 14.5, 0.5], "rotation": 90, "texture": "#0"}
			}
		},
		{
			"from": [8.90023, 10.07826, -2.27609],
			"to": [9.42523, 11.46576, -1.52609],
			"rotation": {"angle": -22.5, "axis": "x", "origin": [9.16273, 10.77201, -1.90109]},
			"faces": {
				"north": {"uv": [14, 0.5, 14.5, 0], "rotation": 90, "texture": "#0"},
				"east": {"uv": [14, 0.5, 14.5, 0], "rotation": 90, "texture": "#0"},
				"south": {"uv": [14, 0.5, 14.5, 0], "rotation": 90, "texture": "#0"},
				"west": {"uv": [14, 0.5, 14.5, 0], "rotation": 90, "texture": "#0"},
				"up": {"uv": [14, 0.5, 14.5, 0], "rotation": 90, "texture": "#0"},
				"down": {"uv": [14, 0.5, 14.5, 0], "rotation": 90, "texture": "#0"}
			}
		}
	],
	"display": {
		"head": {
			"translation": [0, -4, 65.75],
			"scale": [4, 4, 4]
		}
	},
	"groups": [
		{
			"name": "root_normal",
			"origin": [8, 8, 8],
			"children": []
		},
		{
			"name": "root_thunder",
			"origin": [8, 8, 8],
			"children": [
				{
					"name": "tail",
					"origin": [8, 8, 8],
					"children": [
						{
							"name": "0",
							"origin": [8, 8, 8],
							"children": [
								{
									"name": "0",
									"origin": [8, 8, 8],
									"children": [0, 1, 2,
										{
											"name": "group",
											"origin": [8, 8, 8],
											"children": [3, 4, 5, 6, 7, 8,
												{
													"name": "group",
													"origin": [8, 8, 8],
													"children": [9, 10, 11, 12, 13, 14]
												}
											]
										}, 15, 16, 17, 18, 19, 20, 21]
								},
								{
									"name": "1",
									"origin": [8, 8, 8],
									"children": [22, 23, 24,
										{
											"name": "group",
											"origin": [8, 8, 8],
											"children": [25, 26, 27, 28, 29, 30,
												{
													"name": "group",
													"origin": [8, 8, 8],
													"children": [31, 32, 33, 34, 35, 36]
												}
											]
										}, 37, 38, 39, 40, 41, 42, 43]
								}
							]
						}
					]
				}
			]
		}
	]
}