{
	"credit": "Made with Blockbench",
	"texture_size": [32, 32],
	"textures": {
		"0": "nazuti/head_lucent",
		"particle": "nazuti/head_lucent"
	},
	"elements": [
		{
			"from": [5.46352, 5.74839, 8.13982],
			"to": [9.81549, 8.55394, 12.97017],
			"rotation": {"angle": 0, "axis": "y", "origin": [8.70486, 12.37138, 17.5863]},
			"faces": {
				"north": {"uv": [7.25, 5.5, 8.25, 6.125], "texture": "#0"},
				"east": {"uv": [9.5, 12, 10.5, 13], "texture": "#0"},
				"south": {"uv": [8, 1, 9, 1.625], "rotation": 180, "texture": "#0"},
				"west": {"uv": [9.5, 12, 10.5, 13], "texture": "#0"},
				"up": {"uv": [7.25, 5.5, 8.25, 6.125], "texture": "#0"},
				"down": {"uv": [8.75, 10.625, 9.75, 11.25], "texture": "#0"}
			}
		},
		{
			"from": [9.72492, 5.74839, 5.47644],
			"to": [11.09391, 7.8082, 8.13982],
			"rotation": {"angle": -22.5, "axis": "y", "origin": [7.63951, 6.68951, 4.85499]},
			"faces": {
				"north": {"uv": [7.25, 5.5, 8.25, 6.125], "texture": "#0"},
				"east": {"uv": [9.5, 12, 10.5, 13], "texture": "#0"},
				"south": {"uv": [7.25, 5.5, 8.25, 6.125], "texture": "#0"},
				"west": {"uv": [9.5, 12, 10.5, 13], "texture": "#0"},
				"up": {"uv": [7.25, 5.5, 8.25, 6.125], "texture": "#0"},
				"down": {"uv": [8.75, 10.625, 9.75, 11.25], "texture": "#0"}
			}
		},
		{
			"from": [9.51185, 5.74839, 3.87842],
			"to": [11.30698, 8.23434, 5.47644],
			"rotation": {"angle": -22.5, "axis": "y", "origin": [7.63951, 6.68951, 4.85499]},
			"faces": {
				"north": {"uv": [9.5, 12, 10.5, 13], "texture": "#0"},
				"east": {"uv": [9.5, 12, 10.5, 13], "texture": "#0"},
				"south": {"uv": [7.25, 5.5, 8.25, 6.125], "texture": "#0"},
				"west": {"uv": [9.5, 12, 10.5, 13], "texture": "#0"},
				"up": {"uv": [7.25, 5.5, 8.25, 6.125], "texture": "#0"},
				"down": {"uv": [8.75, 10.625, 9.75, 11.25], "texture": "#0"}
			}
		},
		{
			"from": [10.04453, 5.74839, 2.28039],
			"to": [10.77431, 6.84938, 3.87842],
			"rotation": {"angle": -22.5, "axis": "y", "origin": [7.63951, 6.68951, 4.85499]},
			"faces": {
				"north": {"uv": [6.375, 8.625, 5.625, 9.125], "texture": "#0"},
				"east": {"uv": [6.375, 8.625, 5.625, 9.125], "texture": "#0"},
				"south": {"uv": [6.375, 8.625, 5.625, 9.125], "texture": "#0"},
				"west": {"uv": [6.375, 8.625, 5.625, 9.125], "texture": "#0"},
				"up": {"uv": [6.375, 8.625, 5.625, 9.125], "texture": "#0"},
				"down": {"uv": [6.375, 8.625, 5.625, 9.125], "texture": "#0"}
			}
		},
		{
			"from": [6.95501, 5.74839, 5.47644],
			"to": [8.324, 7.8082, 8.13982],
			"rotation": {"angle": 0, "axis": "y", "origin": [7.63951, 6.68951, 4.85499]},
			"faces": {
				"north": {"uv": [7.25, 5.5, 8.25, 6.125], "texture": "#0"},
				"east": {"uv": [9.5, 12, 10.5, 13], "texture": "#0"},
				"south": {"uv": [7.25, 5.5, 8.25, 6.125], "texture": "#0"},
				"west": {"uv": [9.5, 12, 10.5, 13], "texture": "#0"},
				"up": {"uv": [7.25, 5.5, 8.25, 6.125], "texture": "#0"},
				"down": {"uv": [8.75, 10.625, 9.75, 11.25], "texture": "#0"}
			}
		},
		{
			"from": [6.74194, 5.74839, 3.87842],
			"to": [8.53707, 8.23434, 5.47644],
			"rotation": {"angle": 0, "axis": "y", "origin": [7.63951, 6.68951, 4.85499]},
			"faces": {
				"north": {"uv": [9.5, 12, 10.5, 13], "texture": "#0"},
				"east": {"uv": [9.5, 12, 10.5, 13], "texture": "#0"},
				"south": {"uv": [7.25, 5.5, 8.25, 6.125], "texture": "#0"},
				"west": {"uv": [9.5, 12, 10.5, 13], "texture": "#0"},
				"up": {"uv": [7.25, 5.5, 8.25, 6.125], "texture": "#0"},
				"down": {"uv": [8.75, 10.625, 9.75, 11.25], "texture": "#0"}
			}
		},
		{
			"from": [7.27462, 5.74839, 2.28039],
			"to": [8.0044, 6.84938, 3.87842],
			"rotation": {"angle": 0, "axis": "y", "origin": [7.63951, 6.68951, 4.85499]},
			"faces": {
				"north": {"uv": [6.375, 8.625, 5.625, 9.125], "texture": "#0"},
				"east": {"uv": [6.375, 8.625, 5.625, 9.125], "texture": "#0"},
				"south": {"uv": [6.375, 8.625, 5.625, 9.125], "texture": "#0"},
				"west": {"uv": [6.375, 8.625, 5.625, 9.125], "texture": "#0"},
				"up": {"uv": [6.375, 8.625, 5.625, 9.125], "texture": "#0"},
				"down": {"uv": [6.375, 8.625, 5.625, 9.125], "texture": "#0"}
			}
		},
		{
			"from": [4.13184, 5.74839, 5.47644],
			"to": [5.50082, 7.8082, 8.13982],
			"rotation": {"angle": 22.5, "axis": "y", "origin": [7.63951, 6.68951, 4.85499]},
			"faces": {
				"north": {"uv": [7.25, 5.5, 8.25, 6.125], "texture": "#0"},
				"east": {"uv": [9.5, 12, 10.5, 13], "texture": "#0"},
				"south": {"uv": [7.25, 5.5, 8.25, 6.125], "texture": "#0"},
				"west": {"uv": [9.5, 12, 10.5, 13], "texture": "#0"},
				"up": {"uv": [7.25, 5.5, 8.25, 6.125], "texture": "#0"},
				"down": {"uv": [8.75, 10.625, 9.75, 11.25], "texture": "#0"}
			}
		},
		{
			"from": [3.91877, 5.74839, 3.87842],
			"to": [5.71389, 8.23434, 5.47644],
			"rotation": {"angle": 22.5, "axis": "y", "origin": [7.63951, 6.68951, 4.85499]},
			"faces": {
				"north": {"uv": [9.5, 12, 10.5, 13], "texture": "#0"},
				"east": {"uv": [9.5, 12, 10.5, 13], "texture": "#0"},
				"south": {"uv": [7.25, 5.5, 8.25, 6.125], "texture": "#0"},
				"west": {"uv": [9.5, 12, 10.5, 13], "texture": "#0"},
				"up": {"uv": [7.25, 5.5, 8.25, 6.125], "texture": "#0"},
				"down": {"uv": [8.75, 10.625, 9.75, 11.25], "texture": "#0"}
			}
		},
		{
			"from": [4.45144, 5.74839, 2.28039],
			"to": [5.18122, 6.84938, 3.87842],
			"rotation": {"angle": 22.5, "axis": "y", "origin": [7.63951, 6.68951, 4.85499]},
			"faces": {
				"north": {"uv": [6.375, 8.625, 5.625, 9.125], "texture": "#0"},
				"east": {"uv": [6.375, 8.625, 5.625, 9.125], "texture": "#0"},
				"south": {"uv": [6.375, 8.625, 5.625, 9.125], "texture": "#0"},
				"west": {"uv": [6.375, 8.625, 5.625, 9.125], "texture": "#0"},
				"up": {"uv": [6.375, 8.625, 5.625, 9.125], "texture": "#0"},
				"down": {"uv": [6.375, 8.625, 5.625, 9.125], "texture": "#0"}
			}
		}
	],
	"display": {
		"head": {
			"translation": [1.5, -4.5, -12.5],
			"scale": [4, 4, 4]
		}
	},
	"groups": [
		{
			"name": "root",
			"origin": [8, 8, 8],
			"color": 0,
			"children": [
				{
					"name": "arm_l",
					"origin": [8, 8, 8],
					"color": 0,
					"children": [
						{
							"name": "2",
							"origin": [8, 8, 8],
							"color": 0,
							"children": [
								0,
								{
									"name": "group",
									"origin": [3.875, 3.47928, 2.25554],
									"color": 0,
									"children": [1, 2, 3]
								},
								{
									"name": "group",
									"origin": [3.875, 3.47928, 2.25554],
									"color": 0,
									"children": [4, 5, 6]
								},
								{
									"name": "group",
									"origin": [3.875, 3.47928, 2.25554],
									"color": 0,
									"children": [7, 8, 9]
								}
							]
						}
					]
				}
			]
		}
	]
}