{
	"credit": "Made with Blockbench",
	"texture_size": [32, 32],
	"textures": {
		"0": "nazuti/head_lucent",
		"particle": "nazuti/head_lucent"
	},
	"elements": [
		{
			"from": [6.18451, 5.74839, 8.13982],
			"to": [10.53648, 8.55394, 12.97017],
			"rotation": {"angle": 0, "axis": "y", "origin": [7.29514, 12.37138, 17.5863]},
			"faces": {
				"north": {"uv": [8.25, 5.5, 7.25, 6.125], "texture": "#0"},
				"east": {"uv": [10.5, 12, 9.5, 13], "texture": "#0"},
				"south": {"uv": [9, 1, 8, 1.625], "rotation": 180, "texture": "#0"},
				"west": {"uv": [10.5, 12, 9.5, 13], "texture": "#0"},
				"up": {"uv": [8.25, 5.5, 7.25, 6.125], "texture": "#0"},
				"down": {"uv": [9.75, 10.625, 8.75, 11.25], "texture": "#0"}
			}
		},
		{
			"from": [4.90609, 5.74839, 5.47644],
			"to": [6.27508, 7.8082, 8.13982],
			"rotation": {"angle": 22.5, "axis": "y", "origin": [8.36049, 6.68951, 4.85499]},
			"faces": {
				"north": {"uv": [8.25, 5.5, 7.25, 6.125], "texture": "#0"},
				"east": {"uv": [10.5, 12, 9.5, 13], "texture": "#0"},
				"south": {"uv": [8.25, 5.5, 7.25, 6.125], "texture": "#0"},
				"west": {"uv": [10.5, 12, 9.5, 13], "texture": "#0"},
				"up": {"uv": [8.25, 5.5, 7.25, 6.125], "texture": "#0"},
				"down": {"uv": [9.75, 10.625, 8.75, 11.25], "texture": "#0"}
			}
		},
		{
			"from": [4.69302, 5.74839, 3.87842],
			"to": [6.48815, 8.23434, 5.47644],
			"rotation": {"angle": 22.5, "axis": "y", "origin": [8.36049, 6.68951, 4.85499]},
			"faces": {
				"north": {"uv": [10.5, 12, 9.5, 13], "texture": "#0"},
				"east": {"uv": [10.5, 12, 9.5, 13], "texture": "#0"},
				"south": {"uv": [8.25, 5.5, 7.25, 6.125], "texture": "#0"},
				"west": {"uv": [10.5, 12, 9.5, 13], "texture": "#0"},
				"up": {"uv": [8.25, 5.5, 7.25, 6.125], "texture": "#0"},
				"down": {"uv": [9.75, 10.625, 8.75, 11.25], "texture": "#0"}
			}
		},
		{
			"from": [5.22569, 5.74839, 2.28039],
			"to": [5.95547, 6.84938, 3.87842],
			"rotation": {"angle": 22.5, "axis": "y", "origin": [8.36049, 6.68951, 4.85499]},
			"faces": {
				"north": {"uv": [5.625, 8.625, 6.375, 9.125], "texture": "#0"},
				"east": {"uv": [5.625, 8.625, 6.375, 9.125], "texture": "#0"},
				"south": {"uv": [5.625, 8.625, 6.375, 9.125], "texture": "#0"},
				"west": {"uv": [5.625, 8.625, 6.375, 9.125], "texture": "#0"},
				"up": {"uv": [5.625, 8.625, 6.375, 9.125], "texture": "#0"},
				"down": {"uv": [5.625, 8.625, 6.375, 9.125], "texture": "#0"}
			}
		},
		{
			"from": [7.676, 5.74839, 5.47644],
			"to": [9.04499, 7.8082, 8.13982],
			"rotation": {"angle": 0, "axis": "y", "origin": [8.36049, 6.68951, 4.85499]},
			"faces": {
				"north": {"uv": [8.25, 5.5, 7.25, 6.125], "texture": "#0"},
				"east": {"uv": [10.5, 12, 9.5, 13], "texture": "#0"},
				"south": {"uv": [8.25, 5.5, 7.25, 6.125], "texture": "#0"},
				"west": {"uv": [10.5, 12, 9.5, 13], "texture": "#0"},
				"up": {"uv": [8.25, 5.5, 7.25, 6.125], "texture": "#0"},
				"down": {"uv": [9.75, 10.625, 8.75, 11.25], "texture": "#0"}
			}
		},
		{
			"from": [7.46293, 5.74839, 3.87842],
			"to": [9.25806, 8.23434, 5.47644],
			"rotation": {"angle": 0, "axis": "y", "origin": [8.36049, 6.68951, 4.85499]},
			"faces": {
				"north": {"uv": [10.5, 12, 9.5, 13], "texture": "#0"},
				"east": {"uv": [10.5, 12, 9.5, 13], "texture": "#0"},
				"south": {"uv": [8.25, 5.5, 7.25, 6.125], "texture": "#0"},
				"west": {"uv": [10.5, 12, 9.5, 13], "texture": "#0"},
				"up": {"uv": [8.25, 5.5, 7.25, 6.125], "texture": "#0"},
				"down": {"uv": [9.75, 10.625, 8.75, 11.25], "texture": "#0"}
			}
		},
		{
			"from": [7.9956, 5.74839, 2.28039],
			"to": [8.72538, 6.84938, 3.87842],
			"rotation": {"angle": 0, "axis": "y", "origin": [8.36049, 6.68951, 4.85499]},
			"faces": {
				"north": {"uv": [5.625, 8.625, 6.375, 9.125], "texture": "#0"},
				"east": {"uv": [5.625, 8.625, 6.375, 9.125], "texture": "#0"},
				"south": {"uv": [5.625, 8.625, 6.375, 9.125], "texture": "#0"},
				"west": {"uv": [5.625, 8.625, 6.375, 9.125], "texture": "#0"},
				"up": {"uv": [5.625, 8.625, 6.375, 9.125], "texture": "#0"},
				"down": {"uv": [5.625, 8.625, 6.375, 9.125], "texture": "#0"}
			}
		},
		{
			"from": [10.49918, 5.74839, 5.47644],
			"to": [11.86816, 7.8082, 8.13982],
			"rotation": {"angle": -22.5, "axis": "y", "origin": [8.36049, 6.68951, 4.85499]},
			"faces": {
				"north": {"uv": [8.25, 5.5, 7.25, 6.125], "texture": "#0"},
				"east": {"uv": [10.5, 12, 9.5, 13], "texture": "#0"},
				"south": {"uv": [8.25, 5.5, 7.25, 6.125], "texture": "#0"},
				"west": {"uv": [10.5, 12, 9.5, 13], "texture": "#0"},
				"up": {"uv": [8.25, 5.5, 7.25, 6.125], "texture": "#0"},
				"down": {"uv": [9.75, 10.625, 8.75, 11.25], "texture": "#0"}
			}
		},
		{
			"from": [10.28611, 5.74839, 3.87842],
			"to": [12.08123, 8.23434, 5.47644],
			"rotation": {"angle": -22.5, "axis": "y", "origin": [8.36049, 6.68951, 4.85499]},
			"faces": {
				"north": {"uv": [10.5, 12, 9.5, 13], "texture": "#0"},
				"east": {"uv": [10.5, 12, 9.5, 13], "texture": "#0"},
				"south": {"uv": [8.25, 5.5, 7.25, 6.125], "texture": "#0"},
				"west": {"uv": [10.5, 12, 9.5, 13], "texture": "#0"},
				"up": {"uv": [8.25, 5.5, 7.25, 6.125], "texture": "#0"},
				"down": {"uv": [9.75, 10.625, 8.75, 11.25], "texture": "#0"}
			}
		},
		{
			"from": [10.81878, 5.74839, 2.28039],
			"to": [11.54856, 6.84938, 3.87842],
			"rotation": {"angle": -22.5, "axis": "y", "origin": [8.36049, 6.68951, 4.85499]},
			"faces": {
				"north": {"uv": [5.625, 8.625, 6.375, 9.125], "texture": "#0"},
				"east": {"uv": [5.625, 8.625, 6.375, 9.125], "texture": "#0"},
				"south": {"uv": [5.625, 8.625, 6.375, 9.125], "texture": "#0"},
				"west": {"uv": [5.625, 8.625, 6.375, 9.125], "texture": "#0"},
				"up": {"uv": [5.625, 8.625, 6.375, 9.125], "texture": "#0"},
				"down": {"uv": [5.625, 8.625, 6.375, 9.125], "texture": "#0"}
			}
		}
	],
	"display": {
		"head": {
			"translation": [-1.5, -4.5, -12.5],
			"scale": [4, 4, 4]
		}
	},
	"groups": [
		{
			"name": "root",
			"origin": [8, 8, 8],
			"color": 0,
			"children": [
				{
					"name": "arm_l",
					"origin": [8, 8, 8],
					"color": 0,
					"children": [
						{
							"name": "2",
							"origin": [8, 8, 8],
							"color": 0,
							"children": [
								0,
								{
									"name": "group",
									"origin": [3.875, 3.47928, 2.25554],
									"color": 0,
									"children": [1, 2, 3]
								},
								{
									"name": "group",
									"origin": [3.875, 3.47928, 2.25554],
									"color": 0,
									"children": [4, 5, 6]
								},
								{
									"name": "group",
									"origin": [3.875, 3.47928, 2.25554],
									"color": 0,
									"children": [7, 8, 9]
								}
							]
						}
					]
				}
			]
		}
	]
}