{
	"credit": "Made with Blockbench",
	"texture_size": [32, 32],
	"textures": {
		"0": "nazuti/head_lucent",
		"particle": "nazuti/head_lucent"
	},
	"elements": [
		{
			"from": [4.70135, 3.0839, 8.00613],
			"to": [11.30094, 5.96674, 10.63115],
			"rotation": {"angle": 0, "axis": "y", "origin": [7.99958, 6.91111, 10.61992]},
			"faces": {
				"north": {"uv": [4.5, 7.5, 6.5, 8.5], "texture": "#0"},
				"east": {"uv": [2.5, 12, 3.5, 13], "texture": "#0"},
				"south": {"uv": [6.5, 7.5, 8.5, 8.5], "texture": "#0"},
				"west": {"uv": [3.5, 12, 4.5, 13], "texture": "#0"},
				"up": {"uv": [9.5, 9.5, 7.5, 8.5], "texture": "#0"},
				"down": {"uv": [10.5, 7.5, 8.5, 8.5], "texture": "#0"}
			}
		},
		{
			"from": [6.09074, 4.14502, 7.1061],
			"to": [6.09074, 9.37163, 10.90301],
			"rotation": {"angle": 22.5, "axis": "x", "origin": [7.99958, 6.91111, 10.61992]},
			"faces": {
				"north": {"uv": [0, 0, 0, 1.5], "texture": "#0"},
				"east": {"uv": [1.5, 7.5, 2.5, 9], "texture": "#0"},
				"south": {"uv": [0, 0, 0, 1.5], "texture": "#0"},
				"west": {"uv": [2.5, 7.5, 3.5, 9], "texture": "#0"},
				"up": {"uv": [0, 1, 0, 0], "texture": "#0"},
				"down": {"uv": [0, 0, 0, 1], "texture": "#0"}
			}
		},
		{
			"from": [9.90821, 4.14502, 7.1061],
			"to": [9.90821, 9.37163, 10.90301],
			"rotation": {"angle": 22.5, "axis": "x", "origin": [7.99958, 6.91111, 10.61992]},
			"faces": {
				"north": {"uv": [0, 0, 0, 1.5], "texture": "#0"},
				"east": {"uv": [7.5, 3, 8.5, 4.5], "texture": "#0"},
				"south": {"uv": [0, 0, 0, 1.5], "texture": "#0"},
				"west": {"uv": [3.5, 7.5, 4.5, 9], "texture": "#0"},
				"up": {"uv": [0, 1, 0, 0], "texture": "#0"},
				"down": {"uv": [0, 0, 0, 1], "texture": "#0"}
			}
		},
		{
			"from": [5.81233, 3.43547, 4.88891],
			"to": [10.18997, 5.96674, 8.00613],
			"rotation": {"angle": 0, "axis": "y", "origin": [7.99958, 6.91111, 10.61992]},
			"faces": {
				"north": {"uv": [4.5, 10.5, 6, 11.5], "texture": "#0"},
				"east": {"uv": [5.5, 12, 6.5, 13], "texture": "#0"},
				"south": {"uv": [6, 10.5, 7.5, 11.5], "texture": "#0"},
				"west": {"uv": [6.5, 12, 7.5, 13], "texture": "#0"},
				"up": {"uv": [2.5, 11, 1, 10], "texture": "#0"},
				"down": {"uv": [11.5, 2, 10, 3], "texture": "#0"}
			}
		},
		{
			"from": [6.28846, 3.13078, 2.94359],
			"to": [9.71383, 5.96674, 4.88891],
			"rotation": {"angle": 0, "axis": "y", "origin": [7.99958, 6.91111, 10.61992]},
			"faces": {
				"north": {"uv": [10.5, 9.5, 11.5, 10.5], "texture": "#0"},
				"east": {"uv": [8, 2, 8.5, 3], "texture": "#0"},
				"south": {"uv": [10.5, 10.5, 11.5, 11.5], "texture": "#0"},
				"west": {"uv": [1, 12.5, 1.5, 13.5], "texture": "#0"},
				"up": {"uv": [13, 3.5, 12, 3], "texture": "#0"},
				"down": {"uv": [13, 6.5, 12, 7], "texture": "#0"}
			}
		},
		{
			"from": [6.95644, 6.3213, 0.93264],
			"to": [9.04586, 7.68069, 3.18265],
			"rotation": {"angle": -22.5, "axis": "x", "origin": [7.99958, 6.91111, 10.61992]},
			"faces": {
				"north": {"uv": [1, 13.5, 1.5, 14], "texture": "#0"},
				"east": {"uv": [13, 12, 14, 12.5], "texture": "#0"},
				"south": {"uv": [13.5, 1, 14, 1.5], "texture": "#0"},
				"west": {"uv": [13, 12.5, 14, 13], "texture": "#0"},
				"up": {"uv": [8.5, 13.5, 8, 12.5], "texture": "#0"},
				"down": {"uv": [13, 8.5, 12.5, 9.5], "texture": "#0"}
			}
		},
		{
			"from": [7.22363, 5.87807, 9.18607],
			"to": [8.77867, 7.23746, 12.02204],
			"rotation": {"angle": 22.5, "axis": "x", "origin": [7.99958, 6.91111, 10.61992]},
			"faces": {
				"north": {"uv": [13.5, 4.5, 14, 5], "texture": "#0"},
				"east": {"uv": [5.5, 13, 6.5, 13.5], "texture": "#0"},
				"south": {"uv": [5, 13.5, 5.5, 14], "texture": "#0"},
				"west": {"uv": [6.5, 13, 7.5, 13.5], "texture": "#0"},
				"up": {"uv": [13.5, 8.5, 13, 7.5], "texture": "#0"},
				"down": {"uv": [9, 13, 8.5, 14], "texture": "#0"}
			}
		},
		{
			"from": [7.22363, 6.49698, 6.12235],
			"to": [8.77867, 7.73918, 9.42706],
			"rotation": {"angle": 0, "axis": "y", "origin": [7.99958, 6.91111, 10.61992]},
			"faces": {
				"north": {"uv": [13.5, 5, 14, 5.5], "texture": "#0"},
				"east": {"uv": [12.5, 5.5, 13.5, 6], "texture": "#0"},
				"south": {"uv": [5.5, 13.5, 6, 14], "texture": "#0"},
				"west": {"uv": [12.5, 6, 13.5, 6.5], "texture": "#0"},
				"up": {"uv": [8, 13.5, 7.5, 12.5], "texture": "#0"},
				"down": {"uv": [13, 7.5, 12.5, 8.5], "texture": "#0"}
			}
		},
		{
			"from": [6.95644, 5.91104, 3.77858],
			"to": [9.04586, 7.73918, 6.12235],
			"rotation": {"angle": 0, "axis": "y", "origin": [7.99958, 6.91111, 10.61992]},
			"faces": {
				"north": {"uv": [9.5, 13, 10, 13.5], "texture": "#0"},
				"east": {"uv": [12.5, 10.5, 13.5, 11], "texture": "#0"},
				"south": {"uv": [13, 9.5, 13.5, 10], "texture": "#0"},
				"west": {"uv": [12.5, 11, 13.5, 11.5], "texture": "#0"},
				"up": {"uv": [12, 13.5, 11.5, 12.5], "texture": "#0"},
				"down": {"uv": [13, 11.5, 12.5, 12.5], "texture": "#0"}
			}
		},
		{
			"from": [6.37193, 5.7987, 3.8003],
			"to": [9.63037, 6.7672, 6.71413],
			"rotation": {"angle": 0, "axis": "y", "origin": [7.99958, 6.91111, 10.61992]},
			"faces": {
				"north": {"uv": [0, 14.5, 1.5, 14], "texture": "#0"},
				"east": {"uv": [3, 14.5, 4.5, 14], "texture": "#0"},
				"west": {"uv": [1.5, 14.5, 3, 14], "texture": "#0"}
			}
		},
		{
			"from": [9.6164, 5.7987, 3.8003],
			"to": [6.35798, 6.7672, 6.71413],
			"rotation": {"angle": 0, "axis": "y", "origin": [7.99958, 6.91111, 10.61992]},
			"faces": {
				"north": {"uv": [0, 14.5, 1.5, 14], "texture": "#0"},
				"east": {"uv": [3, 14.5, 4.5, 14], "texture": "#0"},
				"west": {"uv": [1.5, 14.5, 3, 14], "texture": "#0"}
			}
		}
	],
	"display": {
		"head": {
			"translation": [0, -2, -5.75],
			"scale": [4, 4, 4]
		}
	},
	"groups": [
		{
			"name": "root",
			"origin": [8, 8, 8],
			"color": 0,
			"children": [
				{
					"name": "head",
					"origin": [8, 8, 8],
					"color": 0,
					"children": [
						{
							"name": "lower",
							"origin": [8, 8, 8],
							"color": 0,
							"children": [
								0,
								1,
								2,
								3,
								4,
								5,
								6,
								7,
								8,
								{
									"name": "tooth",
									"origin": [10.45886, 14.2053, -3.50278],
									"color": 0,
									"children": [9, 10]
								}
							]
						}
					]
				}
			]
		}
	]
}