{
	"credit": "Made with Blockbench",
	"texture_size": [32, 32],
	"textures": {
		"0": "nazuti/head_lucent",
		"particle": "nazuti/head_lucent"
	},
	"elements": [
		{
			"from": [7.07336, 22.60384, 0.18947],
			"to": [10.35997, 26.26167, 8.21587],
			"rotation": {"angle": 45, "axis": "x", "origin": [8.71666, 10.05053, -9.11421]},
			"faces": {
				"north": {"uv": [2.625, 3, 3.625, 4.25], "texture": "#0"},
				"east": {"uv": [9.5, 12, 10.5, 12.875], "texture": "#0"},
				"south": {"uv": [9.5, 12, 10.5, 12.875], "texture": "#0"},
				"west": {"uv": [9.5, 12, 10.5, 12.875], "texture": "#0"},
				"up": {"uv": [2.625, 3, 3.625, 4.25], "texture": "#0"},
				"down": {"uv": [8.75, 10.5, 9.875, 11.375], "texture": "#0"}
			}
		}
	],
	"display": {
		"head": {
			"translation": [-3.25, -25.75, -2.25],
			"scale": [4, 4, 4]
		}
	},
	"groups": [
		{
			"name": "root",
			"origin": [8, 8, 8],
			"color": 0,
			"children": [
				{
					"name": "leg_l",
					"origin": [8, 8, 8],
					"color": 0,
					"children": [
						{
							"name": "1",
							"origin": [8, 8, 8],
							"color": 0,
							"children": [0]
						}
					]
				}
			]
		}
	]
}