{
	"credit": "Made with Blockbench",
	"texture_size": [32, 32],
	"textures": {
		"0": "nazuti/head_lucent",
		"particle": "nazuti/head_lucent"
	},
	"elements": [
		{
			"from": [6.70538, 5.76282, 9.47224],
			"to": [11.05734, 8.56837, 14.30259],
			"rotation": {"angle": -22.5, "axis": "y", "origin": [8.67344, 6.75011, 7.87052]},
			"faces": {
				"north": {"uv": [3.625, 3, 2.625, 4.25], "texture": "#0"},
				"east": {"uv": [10.5, 12, 9.5, 12.875], "texture": "#0"},
				"south": {"uv": [9, 1, 8, 1.875], "texture": "#0"},
				"west": {"uv": [10.5, 12, 9.5, 12.875], "texture": "#0"},
				"up": {"uv": [3.625, 3, 2.625, 4.25], "texture": "#0"},
				"down": {"uv": [9.875, 10.5, 8.75, 11.375], "texture": "#0"}
			}
		},
		{
			"from": [6.70538, 5.76282, 7.87421],
			"to": [9.99199, 8.3553, 9.47224],
			"rotation": {"angle": -22.5, "axis": "y", "origin": [8.67344, 6.75011, 7.87052]},
			"faces": {
				"north": {"uv": [3.625, 3, 2.625, 4.25], "texture": "#0"},
				"east": {"uv": [10.5, 12, 9.5, 12.875], "texture": "#0"},
				"south": {"uv": [10.5, 12, 9.5, 12.875], "texture": "#0"},
				"west": {"uv": [10.5, 12, 9.5, 12.875], "texture": "#0"},
				"up": {"uv": [3.625, 3, 2.625, 4.25], "texture": "#0"},
				"down": {"uv": [9.875, 10.5, 8.75, 11.375], "texture": "#0"}
			}
		},
		{
			"from": [6.07368, 5.76282, 5.8701],
			"to": [7.44266, 7.82263, 8.53348],
			"rotation": {"angle": 0, "axis": "y", "origin": [8.67344, 6.75011, 7.87052]},
			"faces": {
				"north": {"uv": [3.625, 3, 2.625, 4.25], "texture": "#0"},
				"east": {"uv": [10.5, 12, 9.5, 12.875], "texture": "#0"},
				"south": {"uv": [10.5, 12, 9.5, 12.875], "texture": "#0"},
				"west": {"uv": [10.5, 12, 9.5, 12.875], "texture": "#0"},
				"up": {"uv": [3.625, 3, 2.625, 4.25], "texture": "#0"},
				"down": {"uv": [9.875, 10.5, 8.75, 11.375], "texture": "#0"}
			}
		},
		{
			"from": [5.86061, 5.76282, 4.27208],
			"to": [7.65573, 8.24877, 5.8701],
			"rotation": {"angle": 0, "axis": "y", "origin": [8.67344, 6.75011, 7.87052]},
			"faces": {
				"north": {"uv": [3.625, 3, 2.625, 4.25], "texture": "#0"},
				"east": {"uv": [10.5, 12, 9.5, 12.875], "texture": "#0"},
				"south": {"uv": [10.5, 12, 9.5, 12.875], "texture": "#0"},
				"west": {"uv": [10.5, 12, 9.5, 12.875], "texture": "#0"},
				"up": {"uv": [3.625, 3, 2.625, 4.25], "texture": "#0"},
				"down": {"uv": [9.875, 10.5, 8.75, 11.375], "texture": "#0"}
			}
		},
		{
			"from": [6.39328, 5.76282, 2.67405],
			"to": [7.12306, 6.86381, 4.27208],
			"rotation": {"angle": 0, "axis": "y", "origin": [8.67344, 6.75011, 7.87052]},
			"faces": {
				"north": {"uv": [5.625, 8.625, 6.375, 9.125], "texture": "#0"},
				"east": {"uv": [5.625, 8.625, 6.375, 9.125], "texture": "#0"},
				"south": {"uv": [5.625, 8.625, 6.375, 9.125], "texture": "#0"},
				"west": {"uv": [5.625, 8.625, 6.375, 9.125], "texture": "#0"},
				"up": {"uv": [5.625, 8.625, 6.375, 9.125], "texture": "#0"},
				"down": {"uv": [5.625, 8.625, 6.375, 9.125], "texture": "#0"}
			}
		},
		{
			"from": [8.19687, 5.76282, 6.80886],
			"to": [9.56585, 7.82263, 9.47224],
			"rotation": {"angle": -22.5, "axis": "y", "origin": [8.67344, 6.75011, 7.87052]},
			"faces": {
				"north": {"uv": [3.625, 3, 2.625, 4.25], "texture": "#0"},
				"east": {"uv": [10.5, 12, 9.5, 12.875], "texture": "#0"},
				"south": {"uv": [10.5, 12, 9.5, 12.875], "texture": "#0"},
				"west": {"uv": [10.5, 12, 9.5, 12.875], "texture": "#0"},
				"up": {"uv": [3.625, 3, 2.625, 4.25], "texture": "#0"},
				"down": {"uv": [9.875, 10.5, 8.75, 11.375], "texture": "#0"}
			}
		},
		{
			"from": [7.9838, 5.76282, 5.21084],
			"to": [9.77892, 8.24877, 6.80886],
			"rotation": {"angle": -22.5, "axis": "y", "origin": [8.67344, 6.75011, 7.87052]},
			"faces": {
				"north": {"uv": [3.625, 3, 2.625, 4.25], "texture": "#0"},
				"east": {"uv": [10.5, 12, 9.5, 12.875], "texture": "#0"},
				"south": {"uv": [10.5, 12, 9.5, 12.875], "texture": "#0"},
				"west": {"uv": [10.5, 12, 9.5, 12.875], "texture": "#0"},
				"up": {"uv": [3.625, 3, 2.625, 4.25], "texture": "#0"},
				"down": {"uv": [9.875, 10.5, 8.75, 11.375], "texture": "#0"}
			}
		},
		{
			"from": [8.51647, 5.76282, 3.61281],
			"to": [9.24625, 6.86381, 5.21084],
			"rotation": {"angle": -22.5, "axis": "y", "origin": [8.67344, 6.75011, 7.87052]},
			"faces": {
				"north": {"uv": [5.625, 8.625, 6.375, 9.125], "texture": "#0"},
				"east": {"uv": [5.625, 8.625, 6.375, 9.125], "texture": "#0"},
				"south": {"uv": [5.625, 8.625, 6.375, 9.125], "texture": "#0"},
				"west": {"uv": [5.625, 8.625, 6.375, 9.125], "texture": "#0"},
				"up": {"uv": [5.625, 8.625, 6.375, 9.125], "texture": "#0"},
				"down": {"uv": [5.625, 8.625, 6.375, 9.125], "texture": "#0"}
			}
		},
		{
			"from": [10.2884, 5.76282, 8.05474],
			"to": [11.65739, 7.82263, 10.71811],
			"rotation": {"angle": -45, "axis": "y", "origin": [8.67344, 6.75011, 7.87052]},
			"faces": {
				"north": {"uv": [3.625, 3, 2.625, 4.25], "texture": "#0"},
				"east": {"uv": [10.5, 12, 9.5, 12.875], "texture": "#0"},
				"south": {"uv": [10.5, 12, 9.5, 12.875], "texture": "#0"},
				"west": {"uv": [10.5, 12, 9.5, 12.875], "texture": "#0"},
				"up": {"uv": [3.625, 3, 2.625, 4.25], "texture": "#0"},
				"down": {"uv": [9.875, 10.5, 8.75, 11.375], "texture": "#0"}
			}
		},
		{
			"from": [10.07533, 5.76282, 6.45671],
			"to": [11.87046, 8.24877, 8.05474],
			"rotation": {"angle": -45, "axis": "y", "origin": [8.67344, 6.75011, 7.87052]},
			"faces": {
				"north": {"uv": [3.625, 3, 2.625, 4.25], "texture": "#0"},
				"east": {"uv": [10.5, 12, 9.5, 12.875], "texture": "#0"},
				"south": {"uv": [10.5, 12, 9.5, 12.875], "texture": "#0"},
				"west": {"uv": [10.5, 12, 9.5, 12.875], "texture": "#0"},
				"up": {"uv": [3.625, 3, 2.625, 4.25], "texture": "#0"},
				"down": {"uv": [9.875, 10.5, 8.75, 11.375], "texture": "#0"}
			}
		},
		{
			"from": [10.60801, 5.76282, 4.85869],
			"to": [11.33779, 6.86381, 6.45671],
			"rotation": {"angle": -45, "axis": "y", "origin": [8.67344, 6.75011, 7.87052]},
			"faces": {
				"north": {"uv": [5.625, 8.625, 6.375, 9.125], "texture": "#0"},
				"east": {"uv": [5.625, 8.625, 6.375, 9.125], "texture": "#0"},
				"south": {"uv": [5.625, 8.625, 6.375, 9.125], "texture": "#0"},
				"west": {"uv": [5.625, 8.625, 6.375, 9.125], "texture": "#0"},
				"up": {"uv": [5.625, 8.625, 6.375, 9.125], "texture": "#0"},
				"down": {"uv": [5.625, 8.625, 6.375, 9.125], "texture": "#0"}
			}
		}
	],
	"display": {
		"head": {
			"translation": [3.25, -4, -17],
			"scale": [4, 4, 4]
		}
	},
	"groups": [
		{
			"name": "root",
			"origin": [8, 8, 8],
			"color": 0,
			"children": [
				{
					"name": "leg_l",
					"origin": [8, 8, 8],
					"color": 0,
					"children": [
						{
							"name": "2",
							"origin": [8, 8, 8],
							"color": 0,
							"children": [
								0,
								1,
								{
									"name": "group",
									"origin": [3.875, 3.47928, 2.25554],
									"color": 0,
									"children": [2, 3, 4]
								},
								{
									"name": "group",
									"origin": [3.875, 3.47928, 2.25554],
									"color": 0,
									"children": [5, 6, 7]
								},
								{
									"name": "group",
									"origin": [3.875, 3.47928, 2.25554],
									"color": 0,
									"children": [8, 9, 10]
								}
							]
						}
					]
				}
			]
		}
	]
}