{
	"credit": "Made with Blockbench",
	"texture_size": [32, 32],
	"textures": {
		"0": "nazuti/head_lucent",
		"particle": "nazuti/head_lucent"
	},
	"elements": [
		{
			"from": [3.29293, 9.46643, -2.38131],
			"to": [12.70581, 14.50387, 1.14025],
			"rotation": {"angle": 0, "axis": "y", "origin": [13.94536, 13.6264, -54.08877]},
			"faces": {
				"north": {"uv": [6.875, 5.375, 7.875, 6.25], "texture": "#0"},
				"east": {"uv": [6.875, 5.375, 7.875, 6.25], "texture": "#0"},
				"south": {"uv": [8.875, 10.5, 9.875, 11.375], "texture": "#0"},
				"west": {"uv": [6.875, 5.375, 7.875, 6.25], "texture": "#0"},
				"up": {"uv": [6.875, 5.375, 7.875, 6.25], "texture": "#0"},
				"down": {"uv": [6.875, 5.375, 7.875, 6.25], "texture": "#0"}
			}
		},
		{
			"from": [3.29293, 10.63832, 9.92348],
			"to": [12.70581, 15.08981, 13.44504],
			"rotation": {"angle": 0, "axis": "y", "origin": [13.94536, 13.6264, -54.08877]},
			"faces": {
				"north": {"uv": [8.875, 10.5, 9.875, 11.375], "texture": "#0"},
				"east": {"uv": [6.875, 5.375, 7.875, 6.25], "texture": "#0"},
				"south": {"uv": [6.875, 5.375, 7.875, 6.25], "texture": "#0"},
				"west": {"uv": [6.875, 5.375, 7.875, 6.25], "texture": "#0"},
				"up": {"uv": [6.875, 5.375, 7.875, 6.25], "texture": "#0"},
				"down": {"uv": [8.875, 10.5, 9.875, 11.375], "texture": "#0"}
			}
		},
		{
			"from": [2.12104, 10.8727, 0.89996],
			"to": [13.87769, 15.67576, 9.92939],
			"rotation": {"angle": 0, "axis": "y", "origin": [13.94536, 13.6264, -54.08877]},
			"faces": {
				"north": {"uv": [6.875, 5.375, 7.875, 6.25], "texture": "#0"},
				"east": {"uv": [6.875, 5.375, 7.875, 6.25], "texture": "#0"},
				"south": {"uv": [6.875, 5.375, 7.875, 6.25], "texture": "#0"},
				"west": {"uv": [6.875, 5.375, 7.875, 6.25], "texture": "#0"},
				"up": {"uv": [6.875, 5.375, 7.875, 6.25], "texture": "#0"},
				"down": {"uv": [10.375, 2, 11.125, 2.75], "texture": "#0"}
			}
		},
		{
			"from": [0.36321, 9.11487, 0.89996],
			"to": [2.15884, 13.91793, 9.92939],
			"rotation": {"angle": 0, "axis": "y", "origin": [13.94536, 13.6264, -54.08877]},
			"faces": {
				"north": {"uv": [6.875, 5.375, 7.875, 6.25], "texture": "#0"},
				"east": {"uv": [6.875, 5.375, 7.875, 6.25], "texture": "#0"},
				"south": {"uv": [6.875, 5.375, 7.875, 6.25], "texture": "#0"},
				"west": {"uv": [6.875, 5.375, 7.875, 6.25], "texture": "#0"},
				"up": {"uv": [6.875, 5.375, 7.875, 6.25], "texture": "#0"},
				"down": {"uv": [6.875, 5.375, 7.875, 6.25], "texture": "#0"}
			}
		},
		{
			"from": [1.5351, 8.29455, -2.38131],
			"to": [3.29293, 12.74604, 1.14025],
			"rotation": {"angle": 0, "axis": "y", "origin": [13.94536, 13.6264, -54.08877]},
			"faces": {
				"north": {"uv": [6.875, 5.375, 7.875, 6.25], "texture": "#0"},
				"east": {"uv": [6.875, 5.375, 7.875, 6.25], "texture": "#0"},
				"south": {"uv": [6.875, 5.375, 7.875, 6.25], "texture": "#0"},
				"west": {"uv": [6.875, 5.375, 7.875, 6.25], "texture": "#0"},
				"up": {"uv": [6.875, 5.375, 7.875, 6.25], "texture": "#0"},
				"down": {"uv": [6.875, 5.375, 7.875, 6.25], "texture": "#0"}
			}
		},
		{
			"from": [1.5351, 8.88049, 9.92348],
			"to": [3.29293, 13.33199, 13.44504],
			"rotation": {"angle": 0, "axis": "y", "origin": [13.94536, 13.6264, -54.08877]},
			"faces": {
				"north": {"uv": [6.875, 5.375, 7.875, 6.25], "texture": "#0"},
				"east": {"uv": [6.875, 5.375, 7.875, 6.25], "texture": "#0"},
				"south": {"uv": [6.875, 5.375, 7.875, 6.25], "texture": "#0"},
				"west": {"uv": [6.875, 5.375, 7.875, 6.25], "texture": "#0"},
				"up": {"uv": [6.875, 5.375, 7.875, 6.25], "texture": "#0"},
				"down": {"uv": [6.875, 5.375, 7.875, 6.25], "texture": "#0"}
			}
		},
		{
			"from": [13.83048, 9.11487, 0.89996],
			"to": [15.62611, 13.91793, 9.92939],
			"rotation": {"angle": 0, "axis": "y", "origin": [2.04397, 13.6264, -54.08877]},
			"faces": {
				"north": {"uv": [7.875, 5.375, 6.875, 6.25], "texture": "#0"},
				"east": {"uv": [7.875, 5.375, 6.875, 6.25], "texture": "#0"},
				"south": {"uv": [7.875, 5.375, 6.875, 6.25], "texture": "#0"},
				"west": {"uv": [7.875, 5.375, 6.875, 6.25], "texture": "#0"},
				"up": {"uv": [7.875, 5.375, 6.875, 6.25], "texture": "#0"},
				"down": {"uv": [7.875, 5.375, 6.875, 6.25], "texture": "#0"}
			}
		},
		{
			"from": [12.6964, 8.29455, -2.38131],
			"to": [14.45423, 12.74604, 1.14025],
			"rotation": {"angle": 0, "axis": "y", "origin": [2.04397, 13.6264, -54.08877]},
			"faces": {
				"north": {"uv": [7.875, 5.375, 6.875, 6.25], "texture": "#0"},
				"east": {"uv": [7.875, 5.375, 6.875, 6.25], "texture": "#0"},
				"south": {"uv": [7.875, 5.375, 6.875, 6.25], "texture": "#0"},
				"west": {"uv": [7.875, 5.375, 6.875, 6.25], "texture": "#0"},
				"up": {"uv": [7.875, 5.375, 6.875, 6.25], "texture": "#0"},
				"down": {"uv": [7.875, 5.375, 6.875, 6.25], "texture": "#0"}
			}
		},
		{
			"from": [12.6964, 8.88049, 9.92348],
			"to": [14.45423, 13.33199, 13.44504],
			"rotation": {"angle": 0, "axis": "y", "origin": [2.04397, 13.6264, -54.08877]},
			"faces": {
				"north": {"uv": [7.875, 5.375, 6.875, 6.25], "texture": "#0"},
				"east": {"uv": [7.875, 5.375, 6.875, 6.25], "texture": "#0"},
				"south": {"uv": [7.875, 5.375, 6.875, 6.25], "texture": "#0"},
				"west": {"uv": [7.875, 5.375, 6.875, 6.25], "texture": "#0"},
				"up": {"uv": [7.875, 5.375, 6.875, 6.25], "texture": "#0"},
				"down": {"uv": [7.875, 5.375, 6.875, 6.25], "texture": "#0"}
			}
		},
		{
			"from": [5.63199, 9.46643, 15.78881],
			"to": [10.35733, 12.74604, 17.54664],
			"rotation": {"angle": 22.5, "axis": "x", "origin": [7.99466, 11.98515, 15.49584]},
			"faces": {
				"north": {"uv": [6.875, 5.375, 7.875, 6.25], "texture": "#0"},
				"east": {"uv": [6.875, 5.375, 7.875, 6.25], "texture": "#0"},
				"south": {"uv": [6.875, 5.375, 7.875, 6.25], "texture": "#0"},
				"west": {"uv": [6.875, 5.375, 7.875, 6.25], "texture": "#0"},
				"up": {"uv": [6.875, 5.375, 7.875, 6.25], "texture": "#0"},
				"down": {"uv": [6.875, 5.375, 7.875, 6.25], "texture": "#0"}
			}
		},
		{
			"from": [5.04605, 9.46643, 12.27316],
			"to": [10.94328, 13.33199, 15.78881],
			"rotation": {"angle": 22.5, "axis": "x", "origin": [7.99466, 11.98515, 15.49584]},
			"faces": {
				"north": {"uv": [6.875, 5.375, 7.875, 6.25], "texture": "#0"},
				"east": {"uv": [6.875, 5.375, 7.875, 6.25], "texture": "#0"},
				"south": {"uv": [6.875, 5.375, 7.875, 6.25], "texture": "#0"},
				"west": {"uv": [6.875, 5.375, 7.875, 6.25], "texture": "#0"},
				"up": {"uv": [6.875, 5.375, 7.875, 6.25], "texture": "#0"},
				"down": {"uv": [6.875, 5.375, 7.875, 6.25], "texture": "#0"}
			}
		},
		{
			"from": [-2.21493, 6.7711, -1.09224],
			"to": [4.81638, 9.23039, 1.37463],
			"rotation": {"angle": 22.5, "axis": "z", "origin": [-0.80867, 8.58669, 0.14119]},
			"faces": {
				"north": {"uv": [6.875, 5.375, 7.875, 6.25], "texture": "#0"},
				"east": {"uv": [6.875, 5.375, 7.875, 6.25], "texture": "#0"},
				"south": {"uv": [6.875, 5.375, 7.875, 6.25], "texture": "#0"},
				"west": {"uv": [6.875, 5.375, 7.875, 6.25], "texture": "#0"},
				"up": {"uv": [6.875, 5.375, 7.875, 6.25], "texture": "#0"},
				"down": {"uv": [6.875, 5.375, 7.875, 6.25], "texture": "#0"}
			}
		},
		{
			"from": [-3.07051, 4.45539, -0.85786],
			"to": [-1.07997, 8.4398, 1.14025],
			"rotation": {"angle": -22.5, "axis": "z", "origin": [-2.07524, 6.44759, 0.14119]},
			"faces": {
				"north": {"uv": [6.875, 5.375, 7.875, 6.25], "rotation": 270, "texture": "#0"},
				"east": {"uv": [6.875, 5.375, 7.875, 6.25], "rotation": 270, "texture": "#0"},
				"south": {"uv": [6.875, 5.375, 7.875, 6.25], "rotation": 270, "texture": "#0"},
				"west": {"uv": [6.875, 5.375, 7.875, 6.25], "rotation": 270, "texture": "#0"},
				"up": {"uv": [6.875, 5.375, 7.875, 6.25], "rotation": 270, "texture": "#0"},
				"down": {"uv": [6.875, 5.375, 7.875, 6.25], "rotation": 270, "texture": "#0"}
			}
		},
		{
			"from": [-4.2424, 3.51788, -0.62349],
			"to": [-2.72061, 6.56478, 0.90587],
			"rotation": {"angle": 45, "axis": "z", "origin": [-2.07524, 6.44759, 0.14119]},
			"faces": {
				"north": {"uv": [7.625, 1, 8.625, 1.75], "rotation": 270, "texture": "#0"},
				"east": {"uv": [7.625, 1, 8.625, 1.75], "rotation": 270, "texture": "#0"},
				"south": {"uv": [7.625, 1, 8.625, 1.75], "rotation": 270, "texture": "#0"},
				"west": {"uv": [7.625, 1, 8.625, 1.75], "rotation": 270, "texture": "#0"},
				"up": {"uv": [7.625, 1, 8.625, 1.75], "rotation": 270, "texture": "#0"},
				"down": {"uv": [7.625, 1, 8.625, 1.75], "rotation": 270, "texture": "#0"}
			}
		},
		{
			"from": [-2.19243, 2.99482, -0.38911],
			"to": [0.85447, 4.28222, 0.6715],
			"rotation": {"angle": 22.5, "axis": "z", "origin": [-2.07524, 4.45884, 0.14119]},
			"faces": {
				"north": {"uv": [2.75, 2, 3.25, 2.75], "rotation": 180, "texture": "#0"},
				"east": {"uv": [2.75, 2, 3.25, 2.75], "rotation": 180, "texture": "#0"},
				"south": {"uv": [2.75, 2, 3.25, 2.75], "rotation": 180, "texture": "#0"},
				"west": {"uv": [2.75, 2, 3.25, 2.75], "rotation": 180, "texture": "#0"},
				"up": {"uv": [2.75, 2, 3.25, 2.75], "rotation": 180, "texture": "#0"},
				"down": {"uv": [2.75, 2, 3.25, 2.75], "rotation": 180, "texture": "#0"}
			}
		},
		{
			"from": [-1.62899, 9.11487, 4.18124],
			"to": [3.05855, 11.57416, 6.64811],
			"rotation": {"angle": 22.5, "axis": "z", "origin": [-0.22273, 10.93046, 5.41468]},
			"faces": {
				"north": {"uv": [6.875, 5.375, 7.875, 6.25], "texture": "#0"},
				"east": {"uv": [6.875, 5.375, 7.875, 6.25], "texture": "#0"},
				"south": {"uv": [6.875, 5.375, 7.875, 6.25], "texture": "#0"},
				"west": {"uv": [6.875, 5.375, 7.875, 6.25], "texture": "#0"},
				"up": {"uv": [6.875, 5.375, 7.875, 6.25], "texture": "#0"},
				"down": {"uv": [6.875, 5.375, 7.875, 6.25], "texture": "#0"}
			}
		},
		{
			"from": [-2.48457, 6.79916, 4.41562],
			"to": [-0.49403, 10.78357, 6.41373],
			"rotation": {"angle": -22.5, "axis": "z", "origin": [-1.4893, 8.79136, 5.41468]},
			"faces": {
				"north": {"uv": [6.875, 5.375, 7.875, 6.25], "rotation": 270, "texture": "#0"},
				"east": {"uv": [6.875, 5.375, 7.875, 6.25], "rotation": 270, "texture": "#0"},
				"south": {"uv": [6.875, 5.375, 7.875, 6.25], "rotation": 270, "texture": "#0"},
				"west": {"uv": [6.875, 5.375, 7.875, 6.25], "rotation": 270, "texture": "#0"},
				"up": {"uv": [6.875, 5.375, 7.875, 6.25], "rotation": 270, "texture": "#0"},
				"down": {"uv": [6.875, 5.375, 7.875, 6.25], "rotation": 270, "texture": "#0"}
			}
		},
		{
			"from": [-3.65645, 5.86165, 4.65],
			"to": [-2.13467, 8.90855, 6.17936],
			"rotation": {"angle": 45, "axis": "z", "origin": [-1.4893, 8.79136, 5.41468]},
			"faces": {
				"north": {"uv": [7.625, 1, 8.625, 1.75], "rotation": 270, "texture": "#0"},
				"east": {"uv": [7.625, 1, 8.625, 1.75], "rotation": 270, "texture": "#0"},
				"south": {"uv": [7.625, 1, 8.625, 1.75], "rotation": 270, "texture": "#0"},
				"west": {"uv": [7.625, 1, 8.625, 1.75], "rotation": 270, "texture": "#0"},
				"up": {"uv": [7.625, 1, 8.625, 1.75], "rotation": 270, "texture": "#0"},
				"down": {"uv": [7.625, 1, 8.625, 1.75], "rotation": 270, "texture": "#0"}
			}
		},
		{
			"from": [-1.60649, 5.33859, 4.88437],
			"to": [1.44041, 6.62599, 5.94498],
			"rotation": {"angle": 22.5, "axis": "z", "origin": [-1.4893, 6.80261, 5.41468]},
			"faces": {
				"north": {"uv": [2.75, 2, 3.25, 2.75], "rotation": 180, "texture": "#0"},
				"east": {"uv": [2.75, 2, 3.25, 2.75], "rotation": 180, "texture": "#0"},
				"south": {"uv": [2.75, 2, 3.25, 2.75], "rotation": 180, "texture": "#0"},
				"west": {"uv": [2.75, 2, 3.25, 2.75], "rotation": 180, "texture": "#0"},
				"up": {"uv": [2.75, 2, 3.25, 2.75], "rotation": 180, "texture": "#0"},
				"down": {"uv": [2.75, 2, 3.25, 2.75], "rotation": 180, "texture": "#0"}
			}
		},
		{
			"from": [0.12884, 8.52893, 8.86878],
			"to": [4.81638, 10.98822, 11.33565],
			"rotation": {"angle": 22.5, "axis": "z", "origin": [1.5351, 10.34451, 10.10222]},
			"faces": {
				"north": {"uv": [6.875, 5.375, 7.875, 6.25], "texture": "#0"},
				"east": {"uv": [6.875, 5.375, 7.875, 6.25], "texture": "#0"},
				"south": {"uv": [6.875, 5.375, 7.875, 6.25], "texture": "#0"},
				"west": {"uv": [6.875, 5.375, 7.875, 6.25], "texture": "#0"},
				"up": {"uv": [6.875, 5.375, 7.875, 6.25], "texture": "#0"},
				"down": {"uv": [6.875, 5.375, 7.875, 6.25], "texture": "#0"}
			}
		},
		{
			"from": [-0.72674, 6.21322, 9.10316],
			"to": [1.2638, 10.19763, 11.10127],
			"rotation": {"angle": -22.5, "axis": "z", "origin": [0.26853, 8.20542, 10.10222]},
			"faces": {
				"north": {"uv": [6.875, 5.375, 7.875, 6.25], "rotation": 270, "texture": "#0"},
				"east": {"uv": [6.875, 5.375, 7.875, 6.25], "rotation": 270, "texture": "#0"},
				"south": {"uv": [6.875, 5.375, 7.875, 6.25], "rotation": 270, "texture": "#0"},
				"west": {"uv": [6.875, 5.375, 7.875, 6.25], "rotation": 270, "texture": "#0"},
				"up": {"uv": [6.875, 5.375, 7.875, 6.25], "rotation": 270, "texture": "#0"},
				"down": {"uv": [6.875, 5.375, 7.875, 6.25], "rotation": 270, "texture": "#0"}
			}
		},
		{
			"from": [-1.89863, 5.27571, 9.33754],
			"to": [-0.37684, 8.32261, 10.8669],
			"rotation": {"angle": 45, "axis": "z", "origin": [0.26853, 8.20542, 10.10222]},
			"faces": {
				"north": {"uv": [7.625, 1, 8.625, 1.75], "rotation": 270, "texture": "#0"},
				"east": {"uv": [7.625, 1, 8.625, 1.75], "rotation": 270, "texture": "#0"},
				"south": {"uv": [7.625, 1, 8.625, 1.75], "rotation": 270, "texture": "#0"},
				"west": {"uv": [7.625, 1, 8.625, 1.75], "rotation": 270, "texture": "#0"},
				"up": {"uv": [7.625, 1, 8.625, 1.75], "rotation": 270, "texture": "#0"},
				"down": {"uv": [7.625, 1, 8.625, 1.75], "rotation": 270, "texture": "#0"}
			}
		},
		{
			"from": [0.15134, 4.75265, 9.57191],
			"to": [3.19824, 6.04005, 10.63252],
			"rotation": {"angle": 22.5, "axis": "z", "origin": [0.26853, 6.21667, 10.10222]},
			"faces": {
				"north": {"uv": [2.75, 2, 3.25, 2.75], "rotation": 180, "texture": "#0"},
				"east": {"uv": [2.75, 2, 3.25, 2.75], "rotation": 180, "texture": "#0"},
				"south": {"uv": [2.75, 2, 3.25, 2.75], "rotation": 180, "texture": "#0"},
				"west": {"uv": [2.75, 2, 3.25, 2.75], "rotation": 180, "texture": "#0"},
				"up": {"uv": [2.75, 2, 3.25, 2.75], "rotation": 180, "texture": "#0"},
				"down": {"uv": [2.75, 2, 3.25, 2.75], "rotation": 180, "texture": "#0"}
			}
		},
		{
			"from": [11.17321, 6.7711, -1.09224],
			"to": [18.20452, 9.23039, 1.37463],
			"rotation": {"angle": -22.5, "axis": "z", "origin": [16.79825, 8.58669, 0.14119]},
			"faces": {
				"north": {"uv": [7.875, 5.375, 6.875, 6.25], "texture": "#0"},
				"east": {"uv": [7.875, 5.375, 6.875, 6.25], "texture": "#0"},
				"south": {"uv": [7.875, 5.375, 6.875, 6.25], "texture": "#0"},
				"west": {"uv": [7.875, 5.375, 6.875, 6.25], "texture": "#0"},
				"up": {"uv": [7.875, 5.375, 6.875, 6.25], "texture": "#0"},
				"down": {"uv": [7.875, 5.375, 6.875, 6.25], "texture": "#0"}
			}
		},
		{
			"from": [17.06956, 4.45539, -0.85786],
			"to": [19.0601, 8.4398, 1.14025],
			"rotation": {"angle": 22.5, "axis": "z", "origin": [18.06483, 6.44759, 0.14119]},
			"faces": {
				"north": {"uv": [6.875, 6.25, 7.875, 5.375], "rotation": 270, "texture": "#0"},
				"east": {"uv": [6.875, 6.25, 7.875, 5.375], "rotation": 270, "texture": "#0"},
				"south": {"uv": [6.875, 6.25, 7.875, 5.375], "rotation": 270, "texture": "#0"},
				"west": {"uv": [6.875, 6.25, 7.875, 5.375], "rotation": 270, "texture": "#0"},
				"up": {"uv": [6.875, 6.25, 7.875, 5.375], "rotation": 270, "texture": "#0"},
				"down": {"uv": [6.875, 6.25, 7.875, 5.375], "rotation": 270, "texture": "#0"}
			}
		},
		{
			"from": [18.7102, 3.51788, -0.62349],
			"to": [20.23198, 6.56478, 0.90587],
			"rotation": {"angle": -45, "axis": "z", "origin": [18.06483, 6.44759, 0.14119]},
			"faces": {
				"north": {"uv": [7.625, 1.75, 8.625, 1], "rotation": 270, "texture": "#0"},
				"east": {"uv": [7.625, 1.75, 8.625, 1], "rotation": 270, "texture": "#0"},
				"south": {"uv": [7.625, 1.75, 8.625, 1], "rotation": 270, "texture": "#0"},
				"west": {"uv": [7.625, 1.75, 8.625, 1], "rotation": 270, "texture": "#0"},
				"up": {"uv": [7.625, 1.75, 8.625, 1], "rotation": 270, "texture": "#0"},
				"down": {"uv": [7.625, 1.75, 8.625, 1], "rotation": 270, "texture": "#0"}
			}
		},
		{
			"from": [15.13511, 2.99482, -0.38911],
			"to": [18.18202, 4.28222, 0.6715],
			"rotation": {"angle": -22.5, "axis": "z", "origin": [18.06483, 4.45884, 0.14119]},
			"faces": {
				"north": {"uv": [3.25, 2, 2.75, 2.75], "rotation": 180, "texture": "#0"},
				"east": {"uv": [3.25, 2, 2.75, 2.75], "rotation": 180, "texture": "#0"},
				"south": {"uv": [3.25, 2, 2.75, 2.75], "rotation": 180, "texture": "#0"},
				"west": {"uv": [3.25, 2, 2.75, 2.75], "rotation": 180, "texture": "#0"},
				"up": {"uv": [3.25, 2, 2.75, 2.75], "rotation": 180, "texture": "#0"},
				"down": {"uv": [3.25, 2, 2.75, 2.75], "rotation": 180, "texture": "#0"}
			}
		},
		{
			"from": [12.93103, 9.11487, 4.18124],
			"to": [17.61857, 11.57416, 6.64811],
			"rotation": {"angle": -22.5, "axis": "z", "origin": [16.21231, 10.93046, 5.41468]},
			"faces": {
				"north": {"uv": [7.875, 5.375, 6.875, 6.25], "texture": "#0"},
				"east": {"uv": [7.875, 5.375, 6.875, 6.25], "texture": "#0"},
				"south": {"uv": [7.875, 5.375, 6.875, 6.25], "texture": "#0"},
				"west": {"uv": [7.875, 5.375, 6.875, 6.25], "texture": "#0"},
				"up": {"uv": [7.875, 5.375, 6.875, 6.25], "texture": "#0"},
				"down": {"uv": [7.875, 5.375, 6.875, 6.25], "texture": "#0"}
			}
		},
		{
			"from": [16.48362, 6.79916, 4.41562],
			"to": [18.47415, 10.78357, 6.41373],
			"rotation": {"angle": 22.5, "axis": "z", "origin": [17.47888, 8.79136, 5.41468]},
			"faces": {
				"north": {"uv": [6.875, 6.25, 7.875, 5.375], "rotation": 270, "texture": "#0"},
				"east": {"uv": [6.875, 6.25, 7.875, 5.375], "rotation": 270, "texture": "#0"},
				"south": {"uv": [6.875, 6.25, 7.875, 5.375], "rotation": 270, "texture": "#0"},
				"west": {"uv": [6.875, 6.25, 7.875, 5.375], "rotation": 270, "texture": "#0"},
				"up": {"uv": [6.875, 6.25, 7.875, 5.375], "rotation": 270, "texture": "#0"},
				"down": {"uv": [6.875, 6.25, 7.875, 5.375], "rotation": 270, "texture": "#0"}
			}
		},
		{
			"from": [18.12426, 5.86165, 4.65],
			"to": [19.64604, 8.90855, 6.17936],
			"rotation": {"angle": -45, "axis": "z", "origin": [17.47888, 8.79136, 5.41468]},
			"faces": {
				"north": {"uv": [7.625, 1.75, 8.625, 1], "rotation": 270, "texture": "#0"},
				"east": {"uv": [7.625, 1.75, 8.625, 1], "rotation": 270, "texture": "#0"},
				"south": {"uv": [7.625, 1.75, 8.625, 1], "rotation": 270, "texture": "#0"},
				"west": {"uv": [7.625, 1.75, 8.625, 1], "rotation": 270, "texture": "#0"},
				"up": {"uv": [7.625, 1.75, 8.625, 1], "rotation": 270, "texture": "#0"},
				"down": {"uv": [7.625, 1.75, 8.625, 1], "rotation": 270, "texture": "#0"}
			}
		},
		{
			"from": [14.54917, 5.33859, 4.88437],
			"to": [17.59607, 6.62599, 5.94498],
			"rotation": {"angle": -22.5, "axis": "z", "origin": [17.47888, 6.80261, 5.41468]},
			"faces": {
				"north": {"uv": [3.25, 2, 2.75, 2.75], "rotation": 180, "texture": "#0"},
				"east": {"uv": [3.25, 2, 2.75, 2.75], "rotation": 180, "texture": "#0"},
				"south": {"uv": [3.25, 2, 2.75, 2.75], "rotation": 180, "texture": "#0"},
				"west": {"uv": [3.25, 2, 2.75, 2.75], "rotation": 180, "texture": "#0"},
				"up": {"uv": [3.25, 2, 2.75, 2.75], "rotation": 180, "texture": "#0"},
				"down": {"uv": [3.25, 2, 2.75, 2.75], "rotation": 180, "texture": "#0"}
			}
		},
		{
			"from": [11.17321, 8.52893, 8.86878],
			"to": [15.86075, 10.98822, 11.33565],
			"rotation": {"angle": -22.5, "axis": "z", "origin": [14.45448, 10.34451, 10.10222]},
			"faces": {
				"north": {"uv": [7.875, 5.375, 6.875, 6.25], "texture": "#0"},
				"east": {"uv": [7.875, 5.375, 6.875, 6.25], "texture": "#0"},
				"south": {"uv": [7.875, 5.375, 6.875, 6.25], "texture": "#0"},
				"west": {"uv": [7.875, 5.375, 6.875, 6.25], "texture": "#0"},
				"up": {"uv": [7.875, 5.375, 6.875, 6.25], "texture": "#0"},
				"down": {"uv": [7.875, 5.375, 6.875, 6.25], "texture": "#0"}
			}
		},
		{
			"from": [14.72579, 6.21322, 9.10316],
			"to": [16.71633, 10.19763, 11.10127],
			"rotation": {"angle": 22.5, "axis": "z", "origin": [15.72106, 8.20542, 10.10222]},
			"faces": {
				"north": {"uv": [6.875, 6.25, 7.875, 5.375], "rotation": 270, "texture": "#0"},
				"east": {"uv": [6.875, 6.25, 7.875, 5.375], "rotation": 270, "texture": "#0"},
				"south": {"uv": [6.875, 6.25, 7.875, 5.375], "rotation": 270, "texture": "#0"},
				"west": {"uv": [6.875, 6.25, 7.875, 5.375], "rotation": 270, "texture": "#0"},
				"up": {"uv": [6.875, 6.25, 7.875, 5.375], "rotation": 270, "texture": "#0"},
				"down": {"uv": [6.875, 6.25, 7.875, 5.375], "rotation": 270, "texture": "#0"}
			}
		},
		{
			"from": [16.36643, 5.27571, 9.33754],
			"to": [17.88821, 8.32261, 10.8669],
			"rotation": {"angle": -45, "axis": "z", "origin": [15.72106, 8.20542, 10.10222]},
			"faces": {
				"north": {"uv": [7.625, 1.75, 8.625, 1], "rotation": 270, "texture": "#0"},
				"east": {"uv": [7.625, 1.75, 8.625, 1], "rotation": 270, "texture": "#0"},
				"south": {"uv": [7.625, 1.75, 8.625, 1], "rotation": 270, "texture": "#0"},
				"west": {"uv": [7.625, 1.75, 8.625, 1], "rotation": 270, "texture": "#0"},
				"up": {"uv": [7.625, 1.75, 8.625, 1], "rotation": 270, "texture": "#0"},
				"down": {"uv": [7.625, 1.75, 8.625, 1], "rotation": 270, "texture": "#0"}
			}
		},
		{
			"from": [12.79134, 4.75265, 9.57191],
			"to": [15.83825, 6.04005, 10.63252],
			"rotation": {"angle": -22.5, "axis": "z", "origin": [15.72106, 6.21667, 10.10222]},
			"faces": {
				"north": {"uv": [3.25, 2, 2.75, 2.75], "rotation": 180, "texture": "#0"},
				"east": {"uv": [3.25, 2, 2.75, 2.75], "rotation": 180, "texture": "#0"},
				"south": {"uv": [3.25, 2, 2.75, 2.75], "rotation": 180, "texture": "#0"},
				"west": {"uv": [3.25, 2, 2.75, 2.75], "rotation": 180, "texture": "#0"},
				"up": {"uv": [3.25, 2, 2.75, 2.75], "rotation": 180, "texture": "#0"},
				"down": {"uv": [3.25, 2, 2.75, 2.75], "rotation": 180, "texture": "#0"}
			}
		}
	],
	"display": {
		"head": {
			"translation": [0, -20.25, 36.5],
			"scale": [4, 4, 4]
		}
	},
	"groups": [
		{
			"name": "root",
			"origin": [8, 8, 8],
			"color": 0,
			"children": [
				{
					"name": "tail",
					"origin": [8, 8, 8],
					"color": 0,
					"children": [
						{
							"name": "1",
							"origin": [8, 8, 8],
							"color": 0,
							"children": [
								0,
								1,
								2,
								{
									"name": "group",
									"origin": [10.53894, 5.42446, -5.22765],
									"color": 0,
									"children": [3, 4, 5]
								},
								{
									"name": "group",
									"origin": [10.53894, 5.42446, -5.22765],
									"color": 0,
									"children": [6, 7, 8]
								},
								9,
								10,
								{
									"name": "group",
									"origin": [8, 8, 8],
									"color": 0,
									"children": [
										{
											"name": "group",
											"origin": [8, 8, 8],
											"color": 0,
											"children": [11, 12, 13, 14]
										},
										{
											"name": "group",
											"origin": [8, 8, 8],
											"color": 0,
											"children": [15, 16, 17, 18]
										},
										{
											"name": "group",
											"origin": [8, 8, 8],
											"color": 0,
											"children": [19, 20, 21, 22]
										}
									]
								},
								{
									"name": "group",
									"origin": [8, 8, 8],
									"color": 0,
									"children": [
										{
											"name": "group",
											"origin": [8, 8, 8],
											"color": 0,
											"children": [23, 24, 25, 26]
										},
										{
											"name": "group",
											"origin": [8, 8, 8],
											"color": 0,
											"children": [27, 28, 29, 30]
										},
										{
											"name": "group",
											"origin": [8, 8, 8],
											"color": 0,
											"children": [31, 32, 33, 34]
										}
									]
								}
							]
						}
					]
				}
			]
		}
	]
}