{
	"credit": "Made with Blockbench",
	"texture_size": [32, 32],
	"textures": {
		"0": "nazuti/head_lucent",
		"particle": "nazuti/head_lucent"
	},
	"elements": [
		{
			"from": [5.87764, 7.97894, 15.01475],
			"to": [10.13423, 10.32105, 19.11635],
			"rotation": {"angle": 22.5, "axis": "x", "origin": [8.00593, 7.50936, 19.76089]},
			"faces": {
				"north": {"uv": [6.875, 5.375, 7.875, 6.25], "texture": "#0"},
				"east": {"uv": [6.875, 5.375, 7.875, 6.25], "texture": "#0"},
				"south": {"uv": [6.875, 5.375, 7.875, 6.25], "texture": "#0"},
				"west": {"uv": [6.875, 5.375, 7.875, 6.25], "texture": "#0"},
				"up": {"uv": [6.875, 5.375, 7.875, 6.25], "texture": "#0"},
				"down": {"uv": [6.875, 5.375, 7.875, 6.25], "texture": "#0"}
			}
		},
		{
			"from": [6.11201, 7.51019, 17.82728],
			"to": [9.89985, 9.61791, 21.92888],
			"rotation": {"angle": 45, "axis": "x", "origin": [8.00593, 7.50936, 19.76089]},
			"faces": {
				"north": {"uv": [6.875, 5.375, 7.875, 6.25], "texture": "#0"},
				"east": {"uv": [6.875, 5.375, 7.875, 6.25], "texture": "#0"},
				"south": {"uv": [6.875, 5.375, 7.875, 6.25], "texture": "#0"},
				"west": {"uv": [6.875, 5.375, 7.875, 6.25], "texture": "#0"},
				"up": {"uv": [6.875, 5.375, 7.875, 6.25], "texture": "#0"},
				"down": {"uv": [6.875, 5.375, 7.875, 6.25], "texture": "#0"}
			}
		},
		{
			"from": [6.34639, 4.25996, 21.29005],
			"to": [9.66547, 7.18967, 23.1634],
			"rotation": {"angle": -22.5, "axis": "x", "origin": [8.00593, 6.01779, 22.57829]},
			"faces": {
				"north": {"uv": [6.875, 5.375, 7.875, 6.25], "rotation": 270, "texture": "#0"},
				"east": {"uv": [6.875, 5.375, 7.875, 6.25], "rotation": 270, "texture": "#0"},
				"south": {"uv": [6.875, 5.375, 7.875, 6.25], "rotation": 270, "texture": "#0"},
				"west": {"uv": [6.875, 5.375, 7.875, 6.25], "rotation": 270, "texture": "#0"},
				"up": {"uv": [6.875, 5.375, 7.875, 6.25], "rotation": 270, "texture": "#0"},
				"down": {"uv": [6.875, 5.375, 7.875, 6.25], "rotation": 270, "texture": "#0"}
			}
		},
		{
			"from": [6.40498, 2.21411, 22.07347],
			"to": [9.60688, 5.14383, 23.94681],
			"rotation": {"angle": 22.5, "axis": "x", "origin": [8.00593, 5.61258, 22.3656]},
			"faces": {
				"north": {"uv": [6.875, 5.375, 7.875, 6.25], "rotation": 270, "texture": "#0"},
				"east": {"uv": [6.875, 5.375, 7.875, 6.25], "rotation": 270, "texture": "#0"},
				"south": {"uv": [6.875, 5.375, 7.875, 6.25], "rotation": 270, "texture": "#0"},
				"west": {"uv": [6.875, 5.375, 7.875, 6.25], "rotation": 270, "texture": "#0"},
				"up": {"uv": [6.875, 5.375, 7.875, 6.25], "rotation": 270, "texture": "#0"},
				"down": {"uv": [6.875, 5.375, 7.875, 6.25], "rotation": 270, "texture": "#0"}
			}
		},
		{
			"from": [6.46358, 1.9397, 18.88124],
			"to": [9.54828, 3.81305, 21.81096],
			"rotation": {"angle": -22.5, "axis": "x", "origin": [8.00593, 3.5795, 22.22112]},
			"faces": {
				"north": {"uv": [6.875, 5.375, 7.875, 6.25], "rotation": 180, "texture": "#0"},
				"east": {"uv": [6.875, 5.375, 7.875, 6.25], "rotation": 180, "texture": "#0"},
				"south": {"uv": [6.875, 5.375, 7.875, 6.25], "rotation": 180, "texture": "#0"},
				"west": {"uv": [6.875, 5.375, 7.875, 6.25], "rotation": 180, "texture": "#0"},
				"up": {"uv": [6.875, 5.375, 7.875, 6.25], "rotation": 180, "texture": "#0"},
				"down": {"uv": [6.875, 5.375, 7.875, 6.25], "rotation": 180, "texture": "#0"}
			}
		},
		{
			"from": [6.58077, 0.57255, 17.53522],
			"to": [9.43109, 2.4459, 20.46493],
			"rotation": {"angle": 22.5, "axis": "x", "origin": [8.00593, 2.21236, 20.7579]},
			"faces": {
				"north": {"uv": [6.875, 5.375, 7.875, 6.25], "rotation": 180, "texture": "#0"},
				"east": {"uv": [6.875, 5.375, 7.875, 6.25], "rotation": 180, "texture": "#0"},
				"south": {"uv": [6.875, 5.375, 7.875, 6.25], "rotation": 180, "texture": "#0"},
				"west": {"uv": [6.875, 5.375, 7.875, 6.25], "rotation": 180, "texture": "#0"},
				"up": {"uv": [6.875, 5.375, 7.875, 6.25], "rotation": 180, "texture": "#0"},
				"down": {"uv": [6.875, 5.375, 7.875, 6.25], "rotation": 180, "texture": "#0"}
			}
		},
		{
			"from": [6.63936, 2.58701, 17.16641],
			"to": [9.3725, 5.22375, 18.86397],
			"rotation": {"angle": -22.5, "axis": "x", "origin": [8.00593, 2.23544, 18.86481]},
			"faces": {
				"north": {"uv": [6.875, 5.375, 7.875, 6.25], "rotation": 90, "texture": "#0"},
				"east": {"uv": [6.875, 5.375, 7.875, 6.25], "rotation": 90, "texture": "#0"},
				"south": {"uv": [6.875, 5.375, 7.875, 6.25], "rotation": 90, "texture": "#0"},
				"west": {"uv": [6.875, 5.375, 7.875, 6.25], "rotation": 90, "texture": "#0"},
				"up": {"uv": [6.875, 5.375, 7.875, 6.25], "rotation": 90, "texture": "#0"},
				"down": {"uv": [6.875, 5.375, 7.875, 6.25], "rotation": 90, "texture": "#0"}
			}
		},
		{
			"from": [6.69796, 3.82953, 15.92506],
			"to": [9.31391, 6.11471, 17.50544],
			"rotation": {"angle": 22.5, "axis": "x", "origin": [8.00593, 3.50726, 17.41838]},
			"faces": {
				"north": {"uv": [6.875, 5.375, 7.875, 6.25], "rotation": 90, "texture": "#0"},
				"east": {"uv": [6.875, 5.375, 7.875, 6.25], "rotation": 90, "texture": "#0"},
				"south": {"uv": [6.875, 5.375, 7.875, 6.25], "rotation": 90, "texture": "#0"},
				"west": {"uv": [6.875, 5.375, 7.875, 6.25], "rotation": 90, "texture": "#0"},
				"up": {"uv": [6.875, 5.375, 7.875, 6.25], "rotation": 90, "texture": "#0"},
				"down": {"uv": [6.875, 5.375, 7.875, 6.25], "rotation": 90, "texture": "#0"}
			}
		},
		{
			"from": [6.75655, 5.15982, 17.53443],
			"to": [9.19672, 6.44722, 19.70242],
			"rotation": {"angle": -22.5, "axis": "x", "origin": [8.00593, 5.12969, 17.32935]},
			"faces": {
				"north": {"uv": [6.875, 5.375, 7.875, 6.25], "texture": "#0"},
				"east": {"uv": [6.875, 5.375, 7.875, 6.25], "texture": "#0"},
				"south": {"uv": [6.875, 5.375, 7.875, 6.25], "texture": "#0"},
				"west": {"uv": [6.875, 5.375, 7.875, 6.25], "texture": "#0"},
				"up": {"uv": [6.875, 5.375, 7.875, 6.25], "texture": "#0"},
				"down": {"uv": [6.875, 5.375, 7.875, 6.25], "texture": "#0"}
			}
		},
		{
			"from": [6.81514, 6.18778, 18.5847],
			"to": [9.13812, 7.41659, 19.99096],
			"rotation": {"angle": 22.5, "axis": "x", "origin": [7.97663, 6.24554, 18.26243]},
			"faces": {
				"north": {"uv": [6.875, 5.375, 7.875, 6.25], "texture": "#0"},
				"east": {"uv": [6.875, 5.375, 7.875, 6.25], "texture": "#0"},
				"south": {"uv": [6.875, 5.375, 7.875, 6.25], "texture": "#0"},
				"west": {"uv": [6.875, 5.375, 7.875, 6.25], "texture": "#0"},
				"up": {"uv": [6.875, 5.375, 7.875, 6.25], "texture": "#0"},
				"down": {"uv": [6.875, 5.375, 7.875, 6.25], "texture": "#0"}
			}
		},
		{
			"from": [6.87374, 4.72677, 19.21855],
			"to": [9.07953, 6.30881, 20.33018],
			"rotation": {"angle": -22.5, "axis": "x", "origin": [7.97663, 6.36741, 19.4228]},
			"faces": {
				"north": {"uv": [6.875, 5.375, 7.875, 6.25], "rotation": 270, "texture": "#0"},
				"east": {"uv": [6.875, 5.375, 7.875, 6.25], "rotation": 270, "texture": "#0"},
				"south": {"uv": [6.875, 5.375, 7.875, 6.25], "rotation": 270, "texture": "#0"},
				"west": {"uv": [6.875, 5.375, 7.875, 6.25], "rotation": 270, "texture": "#0"},
				"up": {"uv": [6.875, 5.375, 7.875, 6.25], "rotation": 270, "texture": "#0"},
				"down": {"uv": [6.875, 5.375, 7.875, 6.25], "rotation": 270, "texture": "#0"}
			}
		},
		{
			"from": [6.93233, 3.98847, 19.98568],
			"to": [9.02093, 5.57052, 20.98011],
			"rotation": {"angle": 22.5, "axis": "x", "origin": [7.97663, 5.717, 20.07274]},
			"faces": {
				"north": {"uv": [6.875, 5.375, 7.875, 6.25], "rotation": 270, "texture": "#0"},
				"east": {"uv": [6.875, 5.375, 7.875, 6.25], "rotation": 270, "texture": "#0"},
				"south": {"uv": [6.875, 5.375, 7.875, 6.25], "rotation": 270, "texture": "#0"},
				"west": {"uv": [6.875, 5.375, 7.875, 6.25], "rotation": 270, "texture": "#0"},
				"up": {"uv": [6.875, 5.375, 7.875, 6.25], "rotation": 270, "texture": "#0"},
				"down": {"uv": [6.875, 5.375, 7.875, 6.25], "rotation": 270, "texture": "#0"}
			}
		},
		{
			"from": [6.87374, 3.78652, 18.71594],
			"to": [9.07953, 4.78095, 19.88783],
			"rotation": {"angle": -22.5, "axis": "x", "origin": [7.97663, 4.6939, 20.09291]},
			"faces": {
				"north": {"uv": [6.875, 5.375, 7.875, 6.25], "rotation": 180, "texture": "#0"},
				"east": {"uv": [6.875, 5.375, 7.875, 6.25], "rotation": 180, "texture": "#0"},
				"south": {"uv": [6.875, 5.375, 7.875, 6.25], "rotation": 180, "texture": "#0"},
				"west": {"uv": [6.875, 5.375, 7.875, 6.25], "rotation": 180, "texture": "#0"},
				"up": {"uv": [6.875, 5.375, 7.875, 6.25], "rotation": 180, "texture": "#0"},
				"down": {"uv": [6.875, 5.375, 7.875, 6.25], "rotation": 180, "texture": "#0"}
			}
		}
	],
	"display": {
		"head": {
			"rotation": [-22.5, 0, 0],
			"translation": [0, -30, -30.5],
			"scale": [4, 4, 4]
		}
	},
	"groups": [
		{
			"name": "root",
			"origin": [8, 8, 8],
			"color": 0,
			"children": [
				{
					"name": "tail",
					"origin": [8, 8, 8],
					"color": 0,
					"children": [
						{
							"name": "2",
							"origin": [8, 8, 8],
							"color": 0,
							"children": [0, 1, 2, 3, 4, 5, 6, 7, 8, 9, 10, 11, 12]
						}
					]
				}
			]
		}
	]
}