{
	"credit": "Made with Blockbench",
	"texture_size": [32, 32],
	"textures": {
		"0": "nazuti/head_lucent",
		"1": "nazuti/wing_0_lucent",
		"particle": "nazuti/head_lucent"
	},
	"elements": [
		{
			"from": [5.84922, 16.08508, -5.29323],
			"to": [10.14769, 19.50699, 11.81015],
			"rotation": {"angle": 22.5, "axis": "x", "origin": [8.00001, 12.45275, 10.01015]},
			"faces": {
				"north": {"uv": [7.375, 5.5, 8, 6.5], "rotation": 180, "texture": "#0"},
				"east": {"uv": [7.375, 5.5, 8, 6.5], "rotation": 270, "texture": "#0"},
				"south": {"uv": [7.375, 5.5, 8, 6.5], "texture": "#0"},
				"west": {"uv": [7.375, 5.5, 8, 6.5], "rotation": 90, "texture": "#0"},
				"up": {"uv": [7.375, 5.5, 8, 6.5], "rotation": 180, "texture": "#0"},
				"down": {"uv": [7.375, 5.5, 8, 6.5], "texture": "#0"}
			}
		},
		{
			"from": [5.61484, 9.86843, -9.72686],
			"to": [10.38207, 14.11065, -3.89488],
			"rotation": {"angle": 45, "axis": "x", "origin": [8.00001, 12.45275, 10.01015]},
			"faces": {
				"north": {"uv": [7.375, 5.5, 8, 6.5], "rotation": 180, "texture": "#0"},
				"east": {"uv": [7.375, 5.5, 8, 6.5], "rotation": 270, "texture": "#0"},
				"south": {"uv": [7.375, 5.5, 8, 6.5], "texture": "#0"},
				"west": {"uv": [7.375, 5.5, 8, 6.5], "rotation": 90, "texture": "#0"},
				"up": {"uv": [7.375, 5.5, 8, 6.5], "rotation": 180, "texture": "#0"},
				"down": {"uv": [7.375, 5.5, 8, 6.5], "texture": "#0"}
			}
		},
		{
			"from": [6.0858, 15.57541, 6.99995],
			"to": [9.91552, 30.76117, 11.0078],
			"rotation": {"angle": 45, "axis": "x", "origin": [8.00001, 12.45275, 10.01015]},
			"faces": {
				"north": {"uv": [7.375, 5.5, 8, 6.5], "texture": "#0"},
				"east": {"uv": [7.375, 5.5, 8, 6.5], "texture": "#0"},
				"south": {"uv": [7.375, 5.5, 8, 6.5], "texture": "#0"},
				"west": {"uv": [7.375, 5.5, 8, 6.5], "texture": "#0"},
				"up": {"uv": [7.375, 5.5, 8, 6.5], "texture": "#0"},
				"down": {"uv": [7.375, 5.5, 8, 6.5], "texture": "#0"}
			}
		},
		{
			"from": [7.70696, -9.76772, -5.58456],
			"to": [8.2929, 26.28585, 22.19162],
			"rotation": {"angle": 0, "axis": "x", "origin": [8.00001, 12.45275, 10.01015]},
			"faces": {
				"east": {"uv": [16, 8, 0, 16], "rotation": 270, "texture": "#1"},
				"west": {"uv": [0, 8, 16, 16], "rotation": 90, "texture": "#1"}
			}
		}
	],
	"display": {
		"head": {
			"rotation": [-90, 0, 0],
			"translation": [0, 36, 66.75],
			"scale": [4, 4, 4]
		}
	},
	"groups": [
		{
			"name": "root",
			"origin": [8, 8, 8],
			"color": 0,
			"children": [
				{
					"name": "wing_l_close",
					"origin": [8, 8, 8],
					"color": 0,
					"children": [
						{
							"name": "0",
							"origin": [5.5, 8.44331, 2.22471],
							"color": 0,
							"children": [0, 1]
						},
						{
							"name": "1",
							"origin": [5.5, 8.44331, 2.22471],
							"color": 0,
							"children": [2, 3]
						}
					]
				}
			]
		}
	]
}