{
	"credit": "Made with Blockbench",
	"texture_size": [32, 32],
	"textures": {
		"2": "diablos/head"
	},
	"elements": [
		{
			"from": [5.28022, 7.8337, 3.8518],
			"to": [10.75374, 8.66362, 10.5208],
			"rotation": {"angle": 0, "axis": "y", "origin": [12.90758, 8.66362, -0.5942]},
			"faces": {
				"north": {"uv": [6, 5, 7.5, 6.5], "texture": "#2"},
				"east": {"uv": [6, 5, 7.5, 6.5], "texture": "#2"},
				"south": {"uv": [6, 5, 7.5, 6.5], "texture": "#2"},
				"west": {"uv": [6, 5, 7.5, 6.5], "texture": "#2"},
				"up": {"uv": [6, 5, 7.5, 6.5], "texture": "#2"},
				"down": {"uv": [6, 5, 7.5, 6.5], "texture": "#2"}
			}
		},
		{
			"from": [4.46512, 3.6841, 3.8518],
			"to": [11.56884, 7.8337, 10.5208],
			"rotation": {"angle": 0, "axis": "y", "origin": [12.90758, 8.66362, -0.5942]},
			"faces": {
				"north": {"uv": [6, 5, 7.5, 6.5], "texture": "#2"},
				"east": {"uv": [6, 5, 7.5, 6.5], "texture": "#2"},
				"south": {"uv": [6, 5, 7.5, 6.5], "texture": "#2"},
				"west": {"uv": [6, 5, 7.5, 6.5], "texture": "#2"},
				"up": {"uv": [6, 5, 7.5, 6.5], "texture": "#2"},
				"down": {"uv": [6, 5, 7.5, 6.5], "texture": "#2"}
			}
		},
		{
			"from": [5.28022, 2.02426, 3.8518],
			"to": [10.75374, 3.6841, 10.5208],
			"rotation": {"angle": 0, "axis": "y", "origin": [12.90758, 8.66362, -0.5942]},
			"faces": {
				"north": {"uv": [2.5, 14, 4, 16], "texture": "#2"},
				"east": {"uv": [2.5, 14, 4, 16], "rotation": 270, "texture": "#2"},
				"south": {"uv": [2.5, 14, 4, 16], "texture": "#2"},
				"west": {"uv": [2.5, 14, 4, 16], "rotation": 90, "texture": "#2"},
				"up": {"uv": [2.5, 14, 4, 16], "texture": "#2"},
				"down": {"uv": [2.5, 14, 4, 16], "texture": "#2"}
			}
		},
		{
			"from": [5.55192, 8.58337, 8.79715],
			"to": [10.48204, 9.41329, 10.5879],
			"rotation": {"angle": -22.5, "axis": "x", "origin": [7.98981, 9.29592, 8.63642]},
			"faces": {
				"north": {"uv": [6, 5, 7.5, 6.5], "texture": "#2"},
				"east": {"uv": [6, 5, 7.5, 6.5], "texture": "#2"},
				"south": {"uv": [6, 5, 7.5, 6.5], "texture": "#2"},
				"west": {"uv": [6, 5, 7.5, 6.5], "texture": "#2"},
				"up": {"uv": [6, 5, 7.5, 6.5], "texture": "#2"},
				"down": {"uv": [6, 5, 7.5, 6.5], "texture": "#2"}
			}
		},
		{
			"from": [6.09532, 8.58337, 10.5879],
			"to": [9.66694, 9.13665, 11.3289],
			"rotation": {"angle": -22.5, "axis": "x", "origin": [7.98981, 9.29592, 8.63642]},
			"faces": {
				"north": {"uv": [6, 5, 7.5, 6.5], "texture": "#2"},
				"east": {"uv": [6, 5, 7.5, 6.5], "texture": "#2"},
				"south": {"uv": [6, 5, 7.5, 6.5], "texture": "#2"},
				"west": {"uv": [6, 5, 7.5, 6.5], "texture": "#2"},
				"up": {"uv": [6, 5, 7.5, 6.5], "texture": "#2"},
				"down": {"uv": [6, 5, 7.5, 6.5], "texture": "#2"}
			}
		},
		{
			"from": [4.98382, 8.66439, 3.84655],
			"to": [11.05014, 10.04759, 8.78655],
			"rotation": {"angle": -22.5, "axis": "x", "origin": [7.98981, 9.29592, 8.63642]},
			"faces": {
				"north": {"uv": [6, 5, 7.5, 6.5], "texture": "#2"},
				"east": {"uv": [6, 5, 7.5, 6.5], "texture": "#2"},
				"south": {"uv": [6, 5, 7.5, 6.5], "texture": "#2"},
				"west": {"uv": [6, 5, 7.5, 6.5], "texture": "#2"},
				"up": {"uv": [6, 5, 7.5, 6.5], "texture": "#2"},
				"down": {"uv": [6, 5, 7.5, 6.5], "texture": "#2"}
			}
		},
		{
			"from": [5.82362, 9.21767, 8.78655],
			"to": [10.21034, 10.04759, 10.02155],
			"rotation": {"angle": -22.5, "axis": "x", "origin": [7.98981, 9.29592, 8.63642]},
			"faces": {
				"north": {"uv": [6, 5, 7.5, 6.5], "texture": "#2"},
				"east": {"uv": [6, 5, 7.5, 6.5], "texture": "#2"},
				"south": {"uv": [6, 5, 7.5, 6.5], "texture": "#2"},
				"west": {"uv": [6, 5, 7.5, 6.5], "texture": "#2"},
				"up": {"uv": [6, 5, 7.5, 6.5], "texture": "#2"},
				"down": {"uv": [6, 5, 7.5, 6.5], "texture": "#2"}
			}
		},
		{
			"from": [5.82362, 8.66439, 4.34055],
			"to": [10.21034, 10.60087, 7.79855],
			"rotation": {"angle": -22.5, "axis": "x", "origin": [7.98981, 9.29592, 8.63642]},
			"faces": {
				"north": {"uv": [6, 5, 7.5, 6.5], "texture": "#2"},
				"east": {"uv": [6, 5, 7.5, 6.5], "texture": "#2"},
				"south": {"uv": [6, 5, 7.5, 6.5], "texture": "#2"},
				"west": {"uv": [6, 5, 7.5, 6.5], "texture": "#2"},
				"up": {"uv": [6, 5, 7.5, 6.5], "texture": "#2"},
				"down": {"uv": [6, 5, 7.5, 6.5], "texture": "#2"}
			}
		}
	],
	"display": {
		"head": {
			"translation": [0, 1.75, 3.25],
			"scale": [4, 4, 4]
		}
	},
	"groups": [
		{
			"name": "root",
			"origin": [8, 8, 8],
			"children": [
				{
					"name": "neck",
					"origin": [8, 8, 8],
					"children": [
						{
							"name": "1",
							"origin": [9.5, 10.5, -1.5],
							"children": [0, 1, 2, 3, 4, 5, 6, 7]
						}
					]
				}
			]
		}
	]
}