{
	"credit": "Made with Blockbench",
	"texture_size": [32, 32],
	"textures": {
		"1": "brachy/raging",
		"particle": "brachy/head"
	},
	"elements": [
		{
			"from": [6.07926, 2.45859, 7.11274],
			"to": [9.90004, 12.05537, 11.4474],
			"rotation": {"angle": 0, "axis": "x", "origin": [7.98965, 7.51857, 9.96463]},
			"faces": {
				"north": {"uv": [3.75, 7, 2.5, 9], "rotation": 180, "texture": "#1"},
				"east": {"uv": [2.5, 9, 3.75, 7], "rotation": 90, "texture": "#1"},
				"south": {"uv": [3.75, 7, 2.5, 9], "texture": "#1"},
				"west": {"uv": [2.5, 9, 3.75, 7], "rotation": 270, "texture": "#1"},
				"up": {"uv": [3.75, 7, 2.5, 9], "rotation": 180, "texture": "#1"},
				"down": {"uv": [3.75, 7, 2.5, 9], "texture": "#1"}
			}
		},
		{
			"from": [5.5187, 7.50363, 6.55218],
			"to": [10.4606, 12.61593, 12.41564],
			"rotation": {"angle": 0, "axis": "x", "origin": [7.98965, 7.51857, 9.96463]},
			"faces": {
				"north": {"uv": [10, 9.75, 7.25, 11.75], "rotation": 180, "texture": "#1"},
				"east": {"uv": [13.25, 5, 16, 3], "rotation": 90, "texture": "#1"},
				"south": {"uv": [16, 0, 13.25, 1.5], "texture": "#1"},
				"west": {"uv": [13.25, 5, 16, 3], "rotation": 270, "texture": "#1"},
				"up": {"uv": [16, 3, 13.25, 5], "rotation": 180, "texture": "#1"},
				"down": {"uv": [16, 2.75, 13.25, 4.75], "texture": "#1"}
			}
		},
		{
			"from": [6.75193, 2.45859, 10.13977],
			"to": [9.22737, 8.01934, 12.12007],
			"rotation": {"angle": 0, "axis": "x", "origin": [7.98965, 7.51857, 9.96463]},
			"faces": {
				"north": {"uv": [16, 0, 13.25, 1.5], "rotation": 180, "texture": "#1"},
				"east": {"uv": [13.25, 1.5, 16, 0], "rotation": 90, "texture": "#1"},
				"south": {"uv": [16, 0, 13.25, 1.5], "texture": "#1"},
				"west": {"uv": [13.25, 1.5, 16, 0], "rotation": 270, "texture": "#1"},
				"up": {"uv": [16, 0, 13.25, 1.5], "rotation": 180, "texture": "#1"},
				"down": {"uv": [16, 0, 13.25, 1.5], "texture": "#1"}
			}
		}
	],
	"display": {
		"head": {
			"translation": [0, -17.75, -6],
			"scale": [4, 4, 4]
		}
	}
}