{
	"credit": "Made with Blockbench",
	"texture_size": [32, 32],
	"textures": {
		"1": "brachy/raging",
		"particle": "brachy/head"
	},
	"elements": [
		{
			"from": [4.48529, 2.13031, 7.55699],
			"to": [11.51471, 5.18872, 10.36876],
			"rotation": {"angle": 0, "axis": "y", "origin": [8, 7.1863, 12.21144]},
			"faces": {
				"north": {"uv": [1.5, 6, 2.75, 6.5], "texture": "#1"},
				"east": {"uv": [2, 9.5, 2.5, 10], "texture": "#1"},
				"south": {"uv": [6, 1.5, 7.25, 2], "texture": "#1"},
				"west": {"uv": [9.5, 3, 10, 3.5], "texture": "#1"},
				"up": {"uv": [4.75, 6.5, 3.5, 6], "texture": "#1"},
				"down": {"uv": [6.25, 6, 5, 6.5], "texture": "#1"}
			}
		},
		{
			"from": [5.75059, 2.41149, 3.33934],
			"to": [10.24941, 5.18872, 7.55699],
			"rotation": {"angle": 0, "axis": "y", "origin": [8, 7.1863, 12.21144]},
			"faces": {
				"north": {"uv": [8.5, 4.5, 9.25, 5], "texture": "#1"},
				"east": {"uv": [8.5, 5, 9.25, 5.5], "texture": "#1"},
				"south": {"uv": [7.5, 8.5, 8.25, 9], "texture": "#1"},
				"west": {"uv": [8.5, 8.5, 9.25, 9], "texture": "#1"},
				"up": {"uv": [2.25, 7.25, 1.5, 6.5], "texture": "#1"},
				"down": {"uv": [7.25, 3, 6.5, 3.75], "texture": "#1"}
			}
		},
		{
			"from": [6.87529, 2.83325, 0.52756],
			"to": [9.12471, 5.18872, 1.93345],
			"rotation": {"angle": 0, "axis": "y", "origin": [8, 7.1863, 12.21144]},
			"faces": {
				"north": {"uv": [9.5, 3.5, 10, 4], "texture": "#1"},
				"east": {"uv": [2, 12, 2.25, 12.5], "texture": "#1"},
				"south": {"uv": [4, 9.5, 4.5, 10], "texture": "#1"},
				"west": {"uv": [12, 2, 12.25, 2.5], "texture": "#1"},
				"up": {"uv": [3, 12.25, 2.5, 12], "texture": "#1"},
				"down": {"uv": [12.5, 2.5, 12, 2.75], "texture": "#1"}
			}
		},
		{
			"from": [6.45353, 3.07989, 1.93345],
			"to": [9.54647, 5.18872, 3.33934],
			"rotation": {"angle": 0, "axis": "y", "origin": [8, 7.1863, 12.21144]},
			"faces": {
				"north": {"uv": [9.5, 4, 10, 4.5], "texture": "#1"},
				"east": {"uv": [3, 12, 3.25, 12.5], "texture": "#1"},
				"south": {"uv": [4.5, 9.5, 5, 10], "texture": "#1"},
				"west": {"uv": [12, 3, 12.25, 3.5], "texture": "#1"},
				"up": {"uv": [4, 12.25, 3.5, 12], "texture": "#1"},
				"down": {"uv": [12.5, 3.5, 12, 3.75], "texture": "#1"}
			}
		},
		{
			"from": [7.15647, 7.21509, -0.16074],
			"to": [8.84353, 10.16744, 1.24514],
			"rotation": {"angle": -22.5, "axis": "x", "origin": [8, 7.1863, 12.21144]},
			"faces": {
				"north": {"uv": [4, 12, 4.25, 12.5], "texture": "#1"},
				"east": {"uv": [12, 4, 12.25, 4.5], "texture": "#1"},
				"south": {"uv": [4.5, 12, 4.75, 12.5], "texture": "#1"},
				"west": {"uv": [12, 4.5, 12.25, 5], "texture": "#1"},
				"up": {"uv": [12.75, 2.75, 12.5, 2.5], "texture": "#1"},
				"down": {"uv": [3.25, 12.5, 3, 12.75], "texture": "#1"}
			}
		},
		{
			"from": [7.43765, 5.8092, 0.5422],
			"to": [8.56235, 7.91803, 1.94808],
			"rotation": {"angle": -22.5, "axis": "x", "origin": [8, 7.1863, 12.21144]},
			"faces": {
				"north": {"uv": [5, 12, 5.25, 12.5], "texture": "#1"},
				"east": {"uv": [12, 5, 12.25, 5.5], "texture": "#1"},
				"south": {"uv": [5.5, 12, 5.75, 12.5], "texture": "#1"},
				"west": {"uv": [12, 5.5, 12.25, 6], "texture": "#1"},
				"up": {"uv": [12.75, 3.25, 12.5, 3], "texture": "#1"},
				"down": {"uv": [3.75, 12.5, 3.5, 12.75], "texture": "#1"}
			}
		},
		{
			"from": [5.46941, -1.88795, 6.53954],
			"to": [6.59411, -0.48206, 10.6166],
			"rotation": {"angle": 45, "axis": "x", "origin": [8, 7.1863, 12.21144]},
			"faces": {
				"north": {"uv": [14.25, 8.75, 14.75, 9], "rotation": 180, "texture": "#1"},
				"east": {"uv": [15.5, 8.5, 16, 8.75], "texture": "#1"},
				"south": {"uv": [14, 8, 14.5, 8.25], "texture": "#1"},
				"west": {"uv": [15.5, 8.5, 15.75, 9], "rotation": 90, "texture": "#1"},
				"up": {"uv": [15.5, 8.5, 15.75, 9], "rotation": 180, "texture": "#1"},
				"down": {"uv": [15.5, 8.5, 15.75, 9], "texture": "#1"}
			}
		},
		{
			"from": [4.62588, 0.64264, 9.07013],
			"to": [5.75059, 2.04853, 13.14719],
			"rotation": {"angle": 45, "axis": "x", "origin": [8, 7.1863, 12.21144]},
			"faces": {
				"north": {"uv": [14.25, 8.75, 14.75, 9], "rotation": 180, "texture": "#1"},
				"east": {"uv": [15.5, 8.5, 16, 8.75], "texture": "#1"},
				"south": {"uv": [14, 8, 14.5, 8.25], "texture": "#1"},
				"west": {"uv": [15.5, 8.5, 15.75, 9], "rotation": 90, "texture": "#1"},
				"up": {"uv": [15.5, 8.5, 15.75, 9], "rotation": 180, "texture": "#1"},
				"down": {"uv": [15.5, 8.5, 15.75, 9], "texture": "#1"}
			}
		},
		{
			"from": [9.40589, -1.88795, 6.53954],
			"to": [10.53059, -0.48206, 10.6166],
			"rotation": {"angle": 45, "axis": "x", "origin": [8, 7.1863, 12.21144]},
			"faces": {
				"north": {"uv": [14.25, 8.75, 14.75, 9], "rotation": 180, "texture": "#1"},
				"east": {"uv": [15.5, 8.5, 16, 8.75], "texture": "#1"},
				"south": {"uv": [14, 8, 14.5, 8.25], "texture": "#1"},
				"west": {"uv": [15.5, 8.5, 15.75, 9], "rotation": 90, "texture": "#1"},
				"up": {"uv": [15.5, 8.5, 15.75, 9], "rotation": 180, "texture": "#1"},
				"down": {"uv": [15.5, 8.5, 15.75, 9], "texture": "#1"}
			}
		},
		{
			"from": [10.24941, 0.64264, 9.07013],
			"to": [11.37412, 2.04853, 13.14719],
			"rotation": {"angle": 45, "axis": "x", "origin": [8, 7.1863, 12.21144]},
			"faces": {
				"north": {"uv": [14.25, 8.75, 14.75, 9], "rotation": 180, "texture": "#1"},
				"east": {"uv": [15.5, 8.5, 16, 8.75], "texture": "#1"},
				"south": {"uv": [14, 8, 14.5, 8.25], "texture": "#1"},
				"west": {"uv": [15.5, 8.5, 15.75, 9], "rotation": 90, "texture": "#1"},
				"up": {"uv": [15.5, 8.5, 15.75, 9], "rotation": 180, "texture": "#1"},
				"down": {"uv": [15.5, 8.5, 15.75, 9], "texture": "#1"}
			}
		}
	],
	"display": {
		"head": {
			"translation": [0, -0.75, -2],
			"scale": [4, 4, 4]
		}
	},
	"groups": [
		{
			"name": "root_raging",
			"origin": [8, 8, 8],
			"color": 0,
			"children": [
				{
					"name": "head",
					"origin": [8, 8, 8],
					"color": 0,
					"children": [
						{
							"name": "lower",
							"origin": [8, 8, 8],
							"color": 0,
							"children": [
								0,
								1,
								2,
								3,
								{
									"name": "group",
									"origin": [8, 8, 8],
									"color": 0,
									"children": [4, 5, 6, 7, 8, 9]
								}
							]
						}
					]
				}
			]
		}
	]
}