{
	"credit": "Made with Blockbench",
	"texture_size": [32, 32],
	"textures": {
		"1": "brachy/raging",
		"particle": "brachy/head"
	},
	"elements": [
		{
			"from": [6.28037, 4.7569, 8.31208],
			"to": [10.99963, 9.97452, 18.48409],
			"rotation": {"angle": 0, "axis": "y", "origin": [8.32519, 13.40039, 12.79753]},
			"faces": {
				"north": {"uv": [10.25, 3.75, 12.75, 4.75], "rotation": 180, "texture": "#1"},
				"east": {"uv": [10.25, 3.75, 12.75, 4.75], "rotation": 180, "texture": "#1"},
				"south": {"uv": [10.25, 3.75, 12.75, 4.75], "rotation": 180, "texture": "#1"},
				"west": {"uv": [10.25, 3.75, 12.75, 4.75], "rotation": 180, "texture": "#1"},
				"up": {"uv": [10.25, 3.75, 12.75, 4.75], "rotation": 180, "texture": "#1"},
				"down": {"uv": [10.25, 3.75, 12.75, 4.75], "rotation": 180, "texture": "#1"}
			}
		},
		{
			"from": [5.19919, 4.44694, 3.6398],
			"to": [12.36689, 11.18465, 12.35169],
			"rotation": {"angle": 0, "axis": "y", "origin": [8.37015, 13.9675, 13.52842]},
			"faces": {
				"north": {"uv": [13.5, 5, 15.75, 7], "rotation": 270, "texture": "#1"},
				"east": {"uv": [13.5, 6.75, 15.75, 9.25], "rotation": 90, "texture": "#1"},
				"south": {"uv": [8.25, 3, 10.5, 5.5], "rotation": 270, "texture": "#1"},
				"west": {"uv": [13.5, 6.75, 15.75, 9.25], "rotation": 270, "texture": "#1"},
				"up": {"uv": [13.5, 6.75, 16, 9], "texture": "#1"},
				"down": {"uv": [13.5, 6.75, 16, 9], "rotation": 180, "texture": "#1"}
			}
		},
		{
			"from": [5.59876, 3.4017, 0.31007],
			"to": [11.96732, 6.14374, 5.02629],
			"rotation": {"angle": 0, "axis": "y", "origin": [8.37015, 13.9675, 13.52842]},
			"faces": {
				"north": {"uv": [13.25, 8, 15.75, 9], "rotation": 180, "texture": "#1"},
				"east": {"uv": [13.25, 8, 15.75, 9], "rotation": 180, "texture": "#1"},
				"south": {"uv": [13.25, 8, 15.75, 9], "rotation": 180, "texture": "#1"},
				"west": {"uv": [13.25, 8, 15.75, 9], "rotation": 180, "texture": "#1"},
				"up": {"uv": [13.25, 8, 15.75, 9], "rotation": 180, "texture": "#1"},
				"down": {"uv": [13.25, 8, 15.75, 9], "rotation": 180, "texture": "#1"}
			}
		},
		{
			"from": [6.74536, 2.36976, 2.60327],
			"to": [10.82072, 4.42384, 6.74619],
			"rotation": {"angle": 0, "axis": "y", "origin": [8.37015, 13.9675, 13.52842]},
			"faces": {
				"north": {"uv": [13.5, 8.25, 16, 9.25], "texture": "#1"},
				"east": {"uv": [13.5, 8.25, 16, 9.25], "texture": "#1"},
				"south": {"uv": [13.5, 8.25, 16, 9.25], "texture": "#1"},
				"west": {"uv": [13.5, 8.25, 16, 9.25], "texture": "#1"},
				"up": {"uv": [13.5, 8.25, 16, 9.25], "texture": "#1"},
				"down": {"uv": [10, 10, 11, 10.75], "texture": "#1"}
			}
		},
		{
			"from": [6.85073, 11.18465, 4.46557],
			"to": [10.71535, 12.8362, 9.87438],
			"rotation": {"angle": 0, "axis": "y", "origin": [8.37015, 13.9675, 13.52842]},
			"faces": {
				"north": {"uv": [14, 7.25, 15.25, 8], "texture": "#1"},
				"east": {"uv": [13.5, 7.5, 15, 8.75], "rotation": 90, "texture": "#1"},
				"south": {"uv": [13.5, 7.5, 14.75, 9], "texture": "#1"},
				"west": {"uv": [13.5, 7.5, 15, 8.75], "rotation": 270, "texture": "#1"},
				"up": {"uv": [13.5, 7.5, 14.75, 9], "texture": "#1"},
				"down": {"uv": [13.5, 7.5, 14.75, 9], "texture": "#1"}
			}
		},
		{
			"from": [3.54764, 5.68501, 4.46557],
			"to": [5.19919, 8.70734, 9.87438],
			"rotation": {"angle": 0, "axis": "y", "origin": [8.37015, 13.9675, 13.52842]},
			"faces": {
				"north": {"uv": [13.5, 7.5, 15, 8.25], "rotation": 90, "texture": "#1"},
				"east": {"uv": [13.5, 7.5, 15, 8.25], "rotation": 90, "texture": "#1"},
				"south": {"uv": [13.5, 7.5, 15, 8.25], "rotation": 90, "texture": "#1"},
				"west": {"uv": [13.5, 7.5, 15, 8.25], "rotation": 90, "texture": "#1"},
				"up": {"uv": [13.5, 7.5, 15, 8.25], "rotation": 90, "texture": "#1"},
				"down": {"uv": [13.5, 7.5, 15, 8.25], "rotation": 90, "texture": "#1"}
			}
		},
		{
			"from": [6.46427, 4.11061, -1.25545],
			"to": [11.10181, 5.61425, 4.93213],
			"rotation": {"angle": 0, "axis": "y", "origin": [8.28758, 15.32177, 16.25347]},
			"faces": {
				"north": {"uv": [14.25, 8.25, 15.6647, 9.07356], "rotation": 180, "texture": "#1"},
				"east": {"uv": [14.25, 8.25, 15.6647, 9.07356], "rotation": 180, "texture": "#1"},
				"south": {"uv": [14.25, 8.25, 15.6647, 9.07356], "rotation": 180, "texture": "#1"},
				"west": {"uv": [14.25, 8.25, 15.6647, 9.07356], "rotation": 180, "texture": "#1"},
				"up": {"uv": [14.25, 8.25, 15.6647, 9.07356], "rotation": 180, "texture": "#1"},
				"down": {"uv": [14.25, 8.25, 15.6647, 9.07356], "rotation": 180, "texture": "#1"}
			}
		},
		{
			"from": [6.02496, 5.12562, 5.29134],
			"to": [9.0638, 9.26673, 14.07159],
			"rotation": {"angle": -22.5, "axis": "y", "origin": [8.78304, 7.19617, 3.86688]},
			"faces": {
				"north": {"uv": [13.5, 7.5, 14.25, 9], "texture": "#1"},
				"east": {"uv": [13.5, 7.5, 14.25, 9], "rotation": 90, "texture": "#1"},
				"south": {"uv": [13.25, 8, 13.75, 8.75], "texture": "#1"},
				"west": {"uv": [13.5, 7.5, 14.25, 9], "rotation": 270, "texture": "#1"},
				"up": {"uv": [13.5, 7.5, 14.25, 9], "texture": "#1"},
				"down": {"uv": [13.5, 7.5, 14.25, 9], "rotation": 180, "texture": "#1"}
			}
		},
		{
			"from": [2.67248, 6.18047, 11.96587],
			"to": [4.39008, 8.21187, 18.0353],
			"rotation": {"angle": 0, "axis": "y", "origin": [8.78304, 7.19617, 3.86688]},
			"faces": {
				"north": {"uv": [13.25, 8, 13.5, 9], "rotation": 180, "texture": "#1"},
				"east": {"uv": [13.25, 8, 13.5, 9], "rotation": 180, "texture": "#1"},
				"south": {"uv": [13.25, 8, 13.5, 9], "rotation": 180, "texture": "#1"},
				"west": {"uv": [13.25, 8, 13.5, 9], "rotation": 180, "texture": "#1"},
				"up": {"uv": [13.25, 8, 13.5, 9], "rotation": 180, "texture": "#1"},
				"down": {"uv": [13.25, 8, 13.5, 9], "rotation": 180, "texture": "#1"}
			}
		},
		{
			"from": [6.13918, 9.83951, 5.41328],
			"to": [9.707, 12.87835, 13.94106],
			"rotation": {"angle": -45, "axis": "x", "origin": [7.63644, 10.82617, 8.53057]},
			"faces": {
				"north": {"uv": [13.5, 7, 16, 8.5], "rotation": 270, "texture": "#1"},
				"east": {"uv": [13.5, 7, 16, 8.5], "rotation": 90, "texture": "#1"},
				"south": {"uv": [13.5, 8, 16, 8.5], "rotation": 270, "texture": "#1"},
				"west": {"uv": [13.5, 7, 16, 8.5], "rotation": 270, "texture": "#1"},
				"up": {"uv": [13.5, 7, 15, 9], "texture": "#1"},
				"down": {"uv": [13.5, 7, 15, 8.75], "rotation": 180, "texture": "#1"}
			}
		},
		{
			"from": [7.19404, 10.07791, 11.72288],
			"to": [8.65214, 11.79551, 20.08551],
			"rotation": {"angle": -22.5, "axis": "x", "origin": [7.63644, 7.19617, 3.86688]},
			"faces": {
				"north": {"uv": [13.25, 8, 13.5, 9], "rotation": 270, "texture": "#1"},
				"east": {"uv": [13.25, 8, 13.5, 9], "rotation": 270, "texture": "#1"},
				"south": {"uv": [13.25, 8, 13.5, 9], "rotation": 270, "texture": "#1"},
				"west": {"uv": [13.25, 8, 13.5, 9], "rotation": 270, "texture": "#1"},
				"up": {"uv": [13.25, 8, 13.5, 9], "rotation": 270, "texture": "#1"},
				"down": {"uv": [13.25, 8, 13.5, 9], "rotation": 270, "texture": "#1"}
			}
		},
		{
			"from": [9.46124, 2.18447, 2.69592],
			"to": [10.90181, 3.51636, 8.74403],
			"rotation": {"angle": 22.5, "axis": "x", "origin": [9.51558, 2.54175, 7.99574]},
			"faces": {
				"north": {"uv": [13.25, 8, 13.5, 9], "rotation": 180, "texture": "#1"},
				"east": {"uv": [13.25, 8, 13.5, 9], "rotation": 180, "texture": "#1"},
				"south": {"uv": [13.25, 8, 13.5, 9], "rotation": 180, "texture": "#1"},
				"west": {"uv": [13.25, 8, 13.5, 9], "rotation": 180, "texture": "#1"},
				"up": {"uv": [13.25, 8, 13.5, 9], "rotation": 180, "texture": "#1"},
				"down": {"uv": [13.25, 8, 13.5, 9], "rotation": 180, "texture": "#1"}
			}
		},
		{
			"from": [7.06383, 2.18447, 2.69592],
			"to": [8.50441, 3.51636, 8.74403],
			"rotation": {"angle": 22.5, "axis": "x", "origin": [9.51558, 2.54175, 7.99574]},
			"faces": {
				"north": {"uv": [13.25, 8, 13.5, 9], "rotation": 180, "texture": "#1"},
				"east": {"uv": [13.25, 8, 13.5, 9], "rotation": 180, "texture": "#1"},
				"south": {"uv": [13.25, 8, 13.5, 9], "rotation": 180, "texture": "#1"},
				"west": {"uv": [13.25, 8, 13.5, 9], "rotation": 180, "texture": "#1"},
				"up": {"uv": [13.25, 8, 13.5, 9], "rotation": 180, "texture": "#1"},
				"down": {"uv": [13.25, 8, 13.5, 9], "rotation": 180, "texture": "#1"}
			}
		},
		{
			"from": [9.69056, 2.12714, 8.42892],
			"to": [10.67249, 3.00039, 12.18383],
			"rotation": {"angle": 0, "axis": "y", "origin": [9.51558, 2.54175, 7.99574]},
			"faces": {
				"north": {"uv": [13.25, 8, 13.5, 9], "rotation": 180, "texture": "#1"},
				"east": {"uv": [13.25, 8, 13.5, 9], "rotation": 180, "texture": "#1"},
				"south": {"uv": [13.25, 8, 13.5, 9], "rotation": 180, "texture": "#1"},
				"west": {"uv": [13.25, 8, 13.5, 9], "rotation": 180, "texture": "#1"},
				"up": {"uv": [13.25, 8, 13.5, 9], "rotation": 180, "texture": "#1"},
				"down": {"uv": [13.25, 8, 13.5, 9], "rotation": 180, "texture": "#1"}
			}
		},
		{
			"from": [7.29315, 2.12714, 8.42892],
			"to": [8.27509, 3.00039, 12.18383],
			"rotation": {"angle": 0, "axis": "y", "origin": [9.51558, 2.54175, 7.99574]},
			"faces": {
				"north": {"uv": [13.25, 8, 13.5, 9], "rotation": 180, "texture": "#1"},
				"east": {"uv": [13.25, 8, 13.5, 9], "rotation": 180, "texture": "#1"},
				"south": {"uv": [13.25, 8, 13.5, 9], "rotation": 180, "texture": "#1"},
				"west": {"uv": [13.25, 8, 13.5, 9], "rotation": 180, "texture": "#1"},
				"up": {"uv": [13.25, 8, 13.5, 9], "rotation": 180, "texture": "#1"},
				"down": {"uv": [13.25, 8, 13.5, 9], "rotation": 180, "texture": "#1"}
			}
		},
		{
			"from": [6.32786, 5.90893, -1.73638],
			"to": [10.89306, 11.3396, 4.75975],
			"rotation": {"angle": 0, "axis": "y", "origin": [8.12273, 15.25213, 17.77647]},
			"faces": {
				"north": {"uv": [1, 15.25, 1.25, 16], "rotation": 180, "texture": "#1"},
				"east": {"uv": [7, 12.75, 8.9147, 14.32356], "rotation": 180, "texture": "#1"},
				"south": {"uv": [1.5, 12.75, 3.4147, 14.32356], "rotation": 180, "texture": "#1"},
				"west": {"uv": [6.75, 12.5, 8.6647, 14.07356], "rotation": 180, "texture": "#1"},
				"up": {"uv": [6.5, 12.5, 8.4147, 14.07356], "rotation": 180, "texture": "#1"},
				"down": {"uv": [6.25, 12.5, 9.4147, 14.07356], "rotation": 180, "texture": "#1"}
			}
		},
		{
			"from": [6.11185, 5.19133, -5.22494],
			"to": [11.10907, 10.36414, 4.75975],
			"rotation": {"angle": 0, "axis": "y", "origin": [8.12273, 15.25213, 17.77647]},
			"faces": {
				"north": {"uv": [0.25, 14.75, 1.5, 16], "rotation": 180, "texture": "#1"},
				"east": {"uv": [1.5, 14.75, 3.5, 16], "rotation": 180, "texture": "#1"},
				"south": {"uv": [1.5, 14.75, 3.5, 16], "rotation": 180, "texture": "#1"},
				"west": {"uv": [1.5, 14.75, 3.5, 16], "rotation": 180, "texture": "#1"},
				"up": {"uv": [1.5, 14.75, 3.5, 16], "rotation": 90, "texture": "#1"},
				"down": {"uv": [1.5, 14.75, 3.5, 16], "rotation": 270, "texture": "#1"}
			}
		},
		{
			"from": [7.61586, 5.90893, -3.02438],
			"to": [10.24906, 11.3396, -1.71245],
			"rotation": {"angle": 0, "axis": "y", "origin": [8.12273, 15.25213, 17.77647]},
			"faces": {
				"north": {"uv": [6.75, 13.5, 7.9147, 14.07356], "rotation": 180, "texture": "#1"},
				"east": {"uv": [0.75, 15.5, 1.1647, 15.82356], "rotation": 180, "texture": "#1"},
				"south": {"uv": [1.5, 12.75, 3.4147, 14.32356], "rotation": 180, "texture": "#1"},
				"west": {"uv": [0.75, 15.25, 1.1647, 15.82356], "rotation": 180, "texture": "#1"},
				"up": {"uv": [7.5, 13, 8.6647, 13.32356], "rotation": 180, "texture": "#1"},
				"down": {"uv": [6.25, 12.5, 9.4147, 14.07356], "rotation": 180, "texture": "#1"}
			}
		},
		{
			"from": [5.0486, 5.49513, -1.73638],
			"to": [9.59634, 10.06032, 4.75975],
			"rotation": {"angle": 0, "axis": "y", "origin": [8.61046, 7.25329, 2.26654]},
			"faces": {
				"north": {"uv": [0.75, 15.25, 1.37048, 15.9147], "rotation": 90, "texture": "#1"},
				"east": {"uv": [1.5, 12.75, 2.37048, 14.6647], "rotation": 90, "texture": "#1"},
				"south": {"uv": [1.5, 12.75, 2.37048, 14.6647], "rotation": 90, "texture": "#1"},
				"west": {"uv": [6.75, 12.5, 7.62048, 14.4147], "rotation": 90, "texture": "#1"},
				"up": {"uv": [7.25, 12.5, 8.12048, 14.4147], "rotation": 90, "texture": "#1"},
				"down": {"uv": [6.25, 12.5, 8.37048, 14.4147], "rotation": 90, "texture": "#1"}
			}
		},
		{
			"from": [5.0486, 5.49513, -3.02438],
			"to": [9.59634, 7.48432, -1.71245],
			"rotation": {"angle": 0, "axis": "y", "origin": [8.61046, 7.25329, 2.26654]},
			"faces": {
				"north": {"uv": [7.75, 12.5, 8.25, 13.75], "rotation": 180, "texture": "#1"},
				"east": {"uv": [7.75, 12.5, 8.25, 13.75], "rotation": 180, "texture": "#1"},
				"south": {"uv": [7.75, 12.5, 8.25, 13.75], "rotation": 180, "texture": "#1"},
				"west": {"uv": [7.75, 12.5, 8.25, 13.75], "rotation": 180, "texture": "#1"},
				"up": {"uv": [7.75, 12.5, 8.25, 13.75], "rotation": 180, "texture": "#1"},
				"down": {"uv": [7.75, 12.5, 8.25, 13.75], "rotation": 180, "texture": "#1"}
			}
		},
		{
			"from": [8.9126, 5.49513, -3.02438],
			"to": [12.17234, 10.06032, 4.75975],
			"rotation": {"angle": 0, "axis": "y", "origin": [8.61046, 7.25329, 2.26654]},
			"faces": {
				"north": {"uv": [7, 12.5, 7.87048, 14.4147], "rotation": 90, "texture": "#1"},
				"east": {"uv": [7, 12.5, 7.87048, 14.4147], "rotation": 90, "texture": "#1"},
				"south": {"uv": [7, 12.5, 7.87048, 14.4147], "rotation": 90, "texture": "#1"},
				"west": {"uv": [7, 12.5, 7.87048, 14.4147], "rotation": 90, "texture": "#1"},
				"up": {"uv": [7, 12.5, 7.87048, 14.4147], "rotation": 90, "texture": "#1"},
				"down": {"uv": [7, 12.5, 7.87048, 14.4147], "rotation": 90, "texture": "#1"}
			}
		}
	],
	"display": {
		"head": {
			"translation": [-2.25, -4.5, -32.5],
			"scale": [4, 4, 4]
		}
	},
	"groups": [
		{
			"name": "root_raging",
			"origin": [8, 8, 8],
			"color": 0,
			"children": [
				{
					"name": "arm_l",
					"origin": [8, 8, 8],
					"color": 0,
					"children": [
						{
							"name": "1",
							"origin": [8, 8, 8],
							"color": 0,
							"children": [
								0,
								1,
								2,
								3,
								4,
								5,
								6,
								{
									"name": "group",
									"origin": [5.5, 6.05811, -3.70612],
									"color": 0,
									"children": [7, 8]
								},
								{
									"name": "group",
									"origin": [5.5, 6.05811, -3.70612],
									"color": 0,
									"children": [9, 10]
								},
								11,
								12,
								13,
								14
							]
						}
					]
				}
			]
		},
		15,
		16,
		17,
		18,
		19,
		20
	]
}