{
	"credit": "Made with Blockbench",
	"texture_size": [32, 32],
	"textures": {
		"1": "brachy/raging",
		"particle": "brachy/head"
	},
	"elements": [
		{
			"from": [5.85418, 8.3715, 14.59647],
			"to": [9.94402, 23.54841, 19.74913],
			"rotation": {"angle": 0, "axis": "z", "origin": [8, 6.9808, 6.9808]},
			"faces": {
				"north": {"uv": [2.5, 4.75, 0, 6.25], "texture": "#1"},
				"east": {"uv": [2.5, 4.75, 0, 6.25], "texture": "#1"},
				"south": {"uv": [2.5, 4.75, 0, 6.25], "texture": "#1"},
				"west": {"uv": [2.5, 4.75, 0, 6.25], "texture": "#1"},
				"up": {"uv": [2.5, 4.75, 0, 6.25], "texture": "#1"},
				"down": {"uv": [2.5, 4.75, 0, 6.25], "texture": "#1"}
			}
		},
		{
			"from": [5.58511, 13.22289, 13.92379],
			"to": [10.61669, 23.54841, 20.42181],
			"rotation": {"angle": 0, "axis": "z", "origin": [8, 6.9808, 6.9808]},
			"faces": {
				"north": {"uv": [16, 7, 13.5, 9.25], "texture": "#1"},
				"east": {"uv": [16, 7, 13.5, 9.25], "texture": "#1"},
				"south": {"uv": [16, 7, 13.5, 9.25], "texture": "#1"},
				"west": {"uv": [16, 7, 13.5, 9.25], "texture": "#1"},
				"up": {"uv": [16, 5.25, 13.5, 6.75], "texture": "#1"},
				"down": {"uv": [8.5, 10.25, 7, 11.5], "texture": "#1"}
			}
		}
	],
	"display": {
		"head": {
			"translation": [-0.5, -53.25, -37],
			"scale": [4, 4, 4]
		}
	},
	"groups": [
		{
			"name": "root_raging",
			"origin": [8, 8, 8],
			"color": 0,
			"children": [
				{
					"name": "arm_l",
					"origin": [8, 8, 8],
					"color": 0,
					"children": [
						{
							"name": "0",
							"origin": [8, 8, 8],
							"color": 0,
							"children": [0, 1]
						}
					]
				}
			]
		}
	]
}