{
	"credit": "Made with Blockbench",
	"textures": {
		"1": "narga/texture",
		"particle": "head"
	},
	"elements": [
		{
			"from": [1.22575, -3.63255, 6.7691],
			"to": [2.76547, -1.78488, 9.84854],
			"rotation": {"angle": 0, "axis": "y", "origin": [-14.4794, 10.53288, 8.30882]},
			"faces": {
				"north": {"uv": [3.125, 9.25, 3.25, 9], "rotation": 180, "texture": "#1"},
				"east": {"uv": [8.75, 1.75, 9, 1.5], "rotation": 270, "texture": "#1"},
				"south": {"uv": [4.625, 9, 4.75, 9.25], "texture": "#1"},
				"west": {"uv": [8.75, 1.5, 9, 1.25], "rotation": 90, "texture": "#1"},
				"up": {"uv": [4.25, 8.875, 4.125, 9.125], "texture": "#1"},
				"down": {"uv": [4.125, 8.875, 4, 9.125], "rotation": 180, "texture": "#1"}
			}
		},
		{
			"from": [3.53533, -5.48021, 7.53896],
			"to": [4.45916, -4.40241, 9.84854],
			"rotation": {"angle": 0, "axis": "y", "origin": [-14.4794, 10.53288, 8.30882]},
			"faces": {
				"north": {"uv": [5.375, 9.375, 5.5, 9.25], "rotation": 180, "texture": "#1"},
				"east": {"uv": [6.5, 9.25, 6.625, 9], "rotation": 270, "texture": "#1"},
				"south": {"uv": [5.5, 9.25, 5.625, 9.375], "texture": "#1"},
				"west": {"uv": [6.375, 9.25, 6.5, 9], "rotation": 90, "texture": "#1"},
				"up": {"uv": [5.125, 9.125, 5, 9.375], "texture": "#1"},
				"down": {"uv": [5, 9.125, 4.875, 9.375], "rotation": 180, "texture": "#1"}
			}
		},
		{
			"from": [1.53369, -4.71035, 7.53896],
			"to": [2.45752, -3.63255, 9.84854],
			"rotation": {"angle": 0, "axis": "y", "origin": [-14.4794, 10.53288, 8.30882]},
			"faces": {
				"north": {"uv": [5.75, 9.375, 5.875, 9.25], "rotation": 180, "texture": "#1"},
				"east": {"uv": [9, 6.875, 9.125, 6.625], "rotation": 270, "texture": "#1"},
				"south": {"uv": [9.25, 5.75, 9.375, 5.875], "texture": "#1"},
				"west": {"uv": [6.625, 9.25, 6.75, 9], "rotation": 90, "texture": "#1"},
				"up": {"uv": [9.25, 5.125, 9.125, 5.375], "texture": "#1"},
				"down": {"uv": [5.25, 9.125, 5.125, 9.375], "rotation": 180, "texture": "#1"}
			}
		},
		{
			"from": [5.53696, -4.71035, 7.53896],
			"to": [6.46079, -3.63255, 9.84854],
			"rotation": {"angle": 0, "axis": "y", "origin": [-14.4794, 10.53288, 8.30882]},
			"faces": {
				"north": {"uv": [5.875, 9.375, 6, 9.25], "rotation": 180, "texture": "#1"},
				"east": {"uv": [9, 7.125, 9.125, 6.875], "rotation": 270, "texture": "#1"},
				"south": {"uv": [9.25, 5.875, 9.375, 6], "texture": "#1"},
				"west": {"uv": [6.875, 9.25, 7, 9], "rotation": 90, "texture": "#1"},
				"up": {"uv": [9.25, 5.75, 9.125, 6], "texture": "#1"},
				"down": {"uv": [5.375, 9.125, 5.25, 9.375], "rotation": 180, "texture": "#1"}
			}
		},
		{
			"from": [0.9178, -1.78488, 5.99924],
			"to": [7.07668, 1.29456, 9.84854],
			"rotation": {"angle": 0, "axis": "y", "origin": [-14.4794, 10.53288, 8.30882]},
			"faces": {
				"north": {"uv": [8.125, 8.25, 8.625, 8], "rotation": 180, "texture": "#1"},
				"east": {"uv": [1.75, 8.875, 2, 8.5], "rotation": 270, "texture": "#1"},
				"south": {"uv": [8.25, 0, 8.75, 0.25], "texture": "#1"},
				"west": {"uv": [0.5, 8.875, 0.75, 8.5], "rotation": 90, "texture": "#1"},
				"up": {"uv": [8.375, 7.625, 7.875, 8], "texture": "#1"},
				"down": {"uv": [6.5, 7.875, 6, 8.25], "rotation": 180, "texture": "#1"}
			}
		},
		{
			"from": [5.22902, -3.63255, 6.7691],
			"to": [6.76874, -1.78488, 9.84854],
			"rotation": {"angle": 0, "axis": "y", "origin": [-14.4794, 10.53288, 8.30882]},
			"faces": {
				"north": {"uv": [4.75, 9.25, 4.875, 9], "rotation": 180, "texture": "#1"},
				"east": {"uv": [2.25, 9, 2.5, 8.75], "rotation": 270, "texture": "#1"},
				"south": {"uv": [9, 5.75, 9.125, 6], "texture": "#1"},
				"west": {"uv": [2, 9, 2.25, 8.75], "rotation": 90, "texture": "#1"},
				"up": {"uv": [9, 4.25, 8.875, 4.5], "texture": "#1"},
				"down": {"uv": [4.375, 8.875, 4.25, 9.125], "rotation": 180, "texture": "#1"}
			}
		},
		{
			"from": [3.22738, -4.40241, 6.7691],
			"to": [4.7671, -1.78488, 9.84854],
			"rotation": {"angle": 0, "axis": "y", "origin": [-14.4794, 10.53288, 8.30882]},
			"faces": {
				"north": {"uv": [6.75, 9.125, 6.875, 8.875], "rotation": 180, "texture": "#1"},
				"east": {"uv": [8.625, 2.25, 8.875, 2], "rotation": 270, "texture": "#1"},
				"south": {"uv": [8.875, 7, 9, 7.25], "texture": "#1"},
				"west": {"uv": [0.75, 8.875, 1, 8.625], "rotation": 90, "texture": "#1"},
				"up": {"uv": [5, 8.875, 4.875, 9.125], "texture": "#1"},
				"down": {"uv": [4.5, 8.875, 4.375, 9.125], "rotation": 180, "texture": "#1"}
			}
		}
	],
	"display": {
		"head": {
			"rotation": [90, 0, 0],
			"translation": [16, -7.5, 32.25],
			"scale": [4, 4, 4]
		}
	},
	"groups": [
		{
			"name": "root",
			"origin": [5, -15, -3],
			"color": 0,
			"children": [
				{
					"name": "wing_l",
					"origin": [17, -15, 3],
					"color": 0,
					"children": [
						{
							"name": "2",
							"origin": [17, 0, 2],
							"color": 0,
							"children": [0, 1, 2, 3, 4, 5, 6]
						}
					]
				}
			]
		}
	]
}