{
	"credit": "Made with Blockbench",
	"textures": {
		"1": "narga/texture"
	},
	"elements": [
		{
			"from": [7.23014, 4.21323, 3.0258],
			"to": [8.76986, 4.52118, 3.0258],
			"rotation": {"angle": 0, "axis": "y", "origin": [8, 4.21323, 19.65478]},
			"faces": {
				"north": {"uv": [7.25, 9.25, 7.375, 9.375], "texture": "#1"},
				"east": {"uv": [0, 0, 0, 0.125], "texture": "#1"},
				"south": {"uv": [7.375, 9.25, 7.5, 9.375], "texture": "#1"},
				"west": {"uv": [0, 0, 0, 0.125], "texture": "#1"},
				"up": {"uv": [0.125, 0, 0, 0], "texture": "#1"},
				"down": {"uv": [0.125, 0, 0, 0], "texture": "#1"}
			}
		},
		{
			"from": [6.46028, 2.67351, 5.7973],
			"to": [9.53972, 4.21323, 11.95618],
			"rotation": {"angle": 0, "axis": "y", "origin": [8, 2.67351, 19.65478]},
			"faces": {
				"north": {"uv": [0.75, 8.875, 1, 9], "texture": "#1"},
				"east": {"uv": [3.5, 8.5, 4, 8.625], "texture": "#1"},
				"south": {"uv": [8.875, 1, 9.125, 1.125], "texture": "#1"},
				"west": {"uv": [4, 8.5, 4.5, 8.625], "texture": "#1"},
				"up": {"uv": [5.25, 6, 5, 5.5], "texture": "#1"},
				"down": {"uv": [1, 8.125, 0.75, 8.625], "texture": "#1"}
			}
		},
		{
			"from": [6.9222, 2.98146, 2.71786],
			"to": [9.0778, 4.21323, 5.7973],
			"rotation": {"angle": 0, "axis": "y", "origin": [8, 2.67351, 19.65478]},
			"faces": {
				"north": {"uv": [6, 9, 6.25, 9.125], "texture": "#1"},
				"east": {"uv": [9, 1.5, 9.25, 1.625], "texture": "#1"},
				"south": {"uv": [9, 6, 9.25, 6.125], "texture": "#1"},
				"west": {"uv": [9, 1.625, 9.25, 1.75], "texture": "#1"},
				"up": {"uv": [5.625, 8.875, 5.375, 8.625], "texture": "#1"},
				"down": {"uv": [8.875, 7, 8.625, 7.25], "texture": "#1"}
			}
		},
		{
			"from": [5.69042, 2.36557, 7.33702],
			"to": [10.30958, 4.21169, 10.41646],
			"rotation": {"angle": 0, "axis": "y", "origin": [8, 2.67351, 19.65478]},
			"faces": {
				"north": {"uv": [1.375, 8.625, 1.75, 8.875], "texture": "#1"},
				"east": {"uv": [8.75, 0, 9, 0.25], "texture": "#1"},
				"south": {"uv": [8.625, 1.75, 9, 2], "texture": "#1"},
				"west": {"uv": [8.75, 0.25, 9, 0.5], "texture": "#1"},
				"up": {"uv": [8.75, 5.125, 8.375, 4.875], "texture": "#1"},
				"down": {"uv": [8.75, 5.125, 8.375, 5.375], "texture": "#1"}
			}
		},
		{
			"from": [1.22523, 2.67351, 7.49099],
			"to": [1.84112, 4.21169, 9.18468],
			"rotation": {"angle": -22.5, "axis": "y", "origin": [8, 2.67351, 19.65478]},
			"faces": {
				"north": {"uv": [9.125, 8.5, 9.25, 8.625], "texture": "#1"},
				"east": {"uv": [7.5, 9, 7.625, 9.125], "texture": "#1"},
				"south": {"uv": [8.625, 9.125, 8.75, 9.25], "texture": "#1"},
				"west": {"uv": [9, 7.5, 9.125, 7.625], "texture": "#1"},
				"up": {"uv": [9.25, 8.75, 9.125, 8.625], "texture": "#1"},
				"down": {"uv": [8.875, 9.125, 8.75, 9.25], "texture": "#1"}
			}
		},
		{
			"from": [1.53318, 3.13543, 5.95127],
			"to": [2.14906, 4.21169, 7.49099],
			"rotation": {"angle": -22.5, "axis": "y", "origin": [8, 2.67351, 19.65478]},
			"faces": {
				"north": {"uv": [4.75, 9.25, 4.875, 9.375], "texture": "#1"},
				"east": {"uv": [9.125, 3.125, 9.25, 3.25], "texture": "#1"},
				"south": {"uv": [9.25, 4.75, 9.375, 4.875], "texture": "#1"},
				"west": {"uv": [3.25, 9.125, 3.375, 9.25], "texture": "#1"},
				"up": {"uv": [9.25, 8.875, 9.125, 8.75], "texture": "#1"},
				"down": {"uv": [9, 9.125, 8.875, 9.25], "texture": "#1"}
			}
		},
		{
			"from": [7.23014, -2.71551, 5.33538],
			"to": [8.76986, -1.94565, 6.8751],
			"rotation": {"angle": 22.5, "axis": "x", "origin": [8, 2.67351, 19.65478]},
			"faces": {
				"north": {"uv": [9.125, 8.875, 9.25, 9], "texture": "#1"},
				"east": {"uv": [9, 9.125, 9.125, 9.25], "texture": "#1"},
				"south": {"uv": [9.125, 9, 9.25, 9.125], "texture": "#1"},
				"west": {"uv": [9.125, 9.125, 9.25, 9.25], "texture": "#1"},
				"up": {"uv": [7.75, 9.125, 7.625, 9], "texture": "#1"},
				"down": {"uv": [9.125, 7.75, 9, 7.875], "texture": "#1"}
			}
		},
		{
			"from": [13.85094, 3.13543, 5.95127],
			"to": [14.46682, 4.21169, 7.49099],
			"rotation": {"angle": 22.5, "axis": "y", "origin": [8, 2.67351, 19.65478]},
			"faces": {
				"north": {"uv": [9.25, 5.125, 9.375, 5.25], "texture": "#1"},
				"east": {"uv": [9.125, 3.25, 9.25, 3.375], "texture": "#1"},
				"south": {"uv": [9.25, 5.25, 9.375, 5.375], "texture": "#1"},
				"west": {"uv": [9.125, 3.375, 9.25, 3.5], "texture": "#1"},
				"up": {"uv": [0.125, 9.375, 0, 9.25], "texture": "#1"},
				"down": {"uv": [9.375, 0, 9.25, 0.125], "texture": "#1"}
			}
		},
		{
			"from": [14.15888, 2.67351, 7.49099],
			"to": [14.77477, 4.21169, 9.18468],
			"rotation": {"angle": 22.5, "axis": "y", "origin": [8, 2.67351, 19.65478]},
			"faces": {
				"north": {"uv": [0.125, 9.25, 0.25, 9.375], "texture": "#1"},
				"east": {"uv": [8, 9, 8.125, 9.125], "texture": "#1"},
				"south": {"uv": [0.25, 9.25, 0.375, 9.375], "texture": "#1"},
				"west": {"uv": [8.125, 9, 8.25, 9.125], "texture": "#1"},
				"up": {"uv": [9.375, 0.375, 9.25, 0.25], "texture": "#1"},
				"down": {"uv": [9.375, 0.375, 9.25, 0.5], "texture": "#1"}
			}
		},
		{
			"from": [8.76986, 4.21323, 3.0258],
			"to": [8.76986, 4.52118, 5.7973],
			"rotation": {"angle": 0, "axis": "y", "origin": [8, 4.21323, 19.65478]},
			"faces": {
				"north": {"uv": [0, 0, 0, 0.125], "texture": "#1"},
				"east": {"uv": [2.75, 9.25, 3, 9.375], "texture": "#1"},
				"south": {"uv": [0, 0, 0, 0.125], "texture": "#1"},
				"west": {"uv": [9.25, 2.875, 9.5, 3], "texture": "#1"},
				"up": {"uv": [0, 0.25, 0, 0], "texture": "#1"},
				"down": {"uv": [0, 0, 0, 0.25], "texture": "#1"}
			}
		},
		{
			"from": [7.23014, 4.21323, 3.0258],
			"to": [7.23014, 4.52118, 6.10524],
			"rotation": {"angle": 0, "axis": "y", "origin": [8, 4.21323, 19.65478]},
			"faces": {
				"north": {"uv": [0, 0, 0, 0.125], "texture": "#1"},
				"east": {"uv": [0.75, 9.25, 1, 9.375], "texture": "#1"},
				"south": {"uv": [0, 0, 0, 0.125], "texture": "#1"},
				"west": {"uv": [9.25, 0.875, 9.5, 1], "texture": "#1"},
				"up": {"uv": [0, 0.25, 0, 0], "texture": "#1"},
				"down": {"uv": [0, 0, 0, 0.25], "texture": "#1"}
			}
		}
	],
	"display": {
		"head": {
			"translation": [0, 4, -4],
			"scale": [4, 4, 4]
		}
	},
	"groups": [
		{
			"name": "root",
			"origin": [5, -15, -3],
			"color": 0,
			"children": [
				{
					"name": "head",
					"origin": [5, 0, 5],
					"color": 0,
					"children": [
						{
							"name": "lower",
							"origin": [5, 0.67841, -2.02292],
							"color": 0,
							"children": [0, 1, 2, 3, 4, 5, 6, 7, 8, 9, 10]
						}
					]
				}
			]
		}
	]
}