{
	"credit": "Made with Blockbench",
	"textures": {
		"1": "narga/texture",
		"particle": "head"
	},
	"elements": [
		{
			"from": [4.9751, 2.56575, 7.36203],
			"to": [7.64, 6.11895, 13.58013],
			"rotation": {"angle": 0, "axis": "y", "origin": [13.8581, 16.77855, -20.12207]},
			"faces": {
				"north": {"uv": [3.5, 8.625, 3.75, 8.875], "texture": "#1"},
				"east": {"uv": [3, 8.25, 3.5, 8.5], "texture": "#1"},
				"south": {"uv": [3.75, 8.625, 4, 8.875], "texture": "#1"},
				"west": {"uv": [3.5, 8.25, 4, 8.5], "texture": "#1"},
				"up": {"uv": [6, 8.875, 5.75, 8.375], "texture": "#1"},
				"down": {"uv": [8, 8.375, 7.75, 8.875], "texture": "#1"}
			}
		},
		{
			"from": [6.30755, 2.56575, 5.58543],
			"to": [7.19585, 5.23065, 7.36203],
			"rotation": {"angle": 0, "axis": "y", "origin": [13.8581, 16.77855, -20.12207]},
			"faces": {
				"north": {"uv": [9.125, 0.25, 9.25, 0.5], "texture": "#1"},
				"east": {"uv": [7.25, 8.875, 7.375, 9.125], "texture": "#1"},
				"south": {"uv": [0.375, 9.125, 0.5, 9.375], "texture": "#1"},
				"west": {"uv": [7.375, 8.875, 7.5, 9.125], "texture": "#1"},
				"up": {"uv": [7.625, 9.25, 7.5, 9.125], "texture": "#1"},
				"down": {"uv": [9.25, 7.5, 9.125, 7.625], "texture": "#1"}
			}
		},
		{
			"from": [5.68574, 2.74341, 7.00671],
			"to": [7.64, 6.47427, 13.40247],
			"rotation": {"angle": 0, "axis": "y", "origin": [13.8581, 16.77855, -20.12207]},
			"faces": {
				"north": {"uv": [1.375, 1.75, 1.5, 2], "texture": "#1"},
				"east": {"uv": [4, 8.25, 4.5, 8.5], "texture": "#1"},
				"south": {"uv": [2.75, 4, 2.875, 4.25], "texture": "#1"},
				"west": {"uv": [8.25, 4.625, 8.75, 4.875], "texture": "#1"},
				"up": {"uv": [2.875, 2, 2.75, 1.5], "texture": "#1"},
				"down": {"uv": [3.625, 5.625, 3.5, 6.125], "texture": "#1"}
			}
		},
		{
			"from": [7.64, 2.56575, 7.36203],
			"to": [10.3049, 6.11895, 13.58013],
			"rotation": {"angle": 0, "axis": "y", "origin": [13.8581, 16.77855, -20.12207]},
			"faces": {
				"north": {"uv": [8.625, 3.75, 8.875, 4], "texture": "#1"},
				"east": {"uv": [8.25, 5.625, 8.75, 5.875], "texture": "#1"},
				"south": {"uv": [4, 8.625, 4.25, 8.875], "texture": "#1"},
				"west": {"uv": [8.25, 5.875, 8.75, 6.125], "texture": "#1"},
				"up": {"uv": [0.25, 9, 0, 8.5], "texture": "#1"},
				"down": {"uv": [0.5, 8.5, 0.25, 9], "texture": "#1"}
			}
		},
		{
			"from": [7.64, 2.74341, 7.00671],
			"to": [9.59426, 6.47427, 13.40247],
			"rotation": {"angle": 0, "axis": "y", "origin": [13.8581, 16.77855, -20.12207]},
			"faces": {
				"north": {"uv": [3.375, 4, 3.5, 4.25], "texture": "#1"},
				"east": {"uv": [6, 8.25, 6.5, 8.5], "texture": "#1"},
				"south": {"uv": [1.375, 4.75, 1.5, 5], "texture": "#1"},
				"west": {"uv": [8.25, 6.125, 8.75, 6.375], "texture": "#1"},
				"up": {"uv": [4.375, 6.75, 4.25, 6.25], "texture": "#1"},
				"down": {"uv": [3.125, 7.375, 3, 7.875], "texture": "#1"}
			}
		},
		{
			"from": [4.70861, 2.56575, 6.47373],
			"to": [5.59691, 5.23065, 8.25033],
			"rotation": {"angle": 0, "axis": "y", "origin": [13.8581, 16.77855, -20.12207]},
			"faces": {
				"north": {"uv": [0.5, 9.125, 0.625, 9.375], "texture": "#1"},
				"east": {"uv": [7.75, 8.875, 7.875, 9.125], "texture": "#1"},
				"south": {"uv": [0.625, 9.125, 0.75, 9.375], "texture": "#1"},
				"west": {"uv": [7.875, 8.875, 8, 9.125], "texture": "#1"},
				"up": {"uv": [7.75, 9.25, 7.625, 9.125], "texture": "#1"},
				"down": {"uv": [7.875, 9.125, 7.75, 9.25], "texture": "#1"}
			}
		},
		{
			"from": [8.08415, 2.56575, 5.58543],
			"to": [8.97245, 5.23065, 7.36203],
			"rotation": {"angle": 0, "axis": "y", "origin": [13.8581, 16.77855, -20.12207]},
			"faces": {
				"north": {"uv": [9.125, 0.875, 9.25, 1.125], "texture": "#1"},
				"east": {"uv": [8.5, 8.875, 8.625, 9.125], "texture": "#1"},
				"south": {"uv": [1, 9.125, 1.125, 9.375], "texture": "#1"},
				"west": {"uv": [8.625, 8.875, 8.75, 9.125], "texture": "#1"},
				"up": {"uv": [9.25, 7.875, 9.125, 7.75], "texture": "#1"},
				"down": {"uv": [8, 9.125, 7.875, 9.25], "texture": "#1"}
			}
		},
		{
			"from": [9.68309, 2.56575, 6.47373],
			"to": [10.57139, 5.23065, 8.25033],
			"rotation": {"angle": 0, "axis": "y", "origin": [13.8581, 16.77855, -20.12207]},
			"faces": {
				"north": {"uv": [1.125, 9.125, 1.25, 9.375], "texture": "#1"},
				"east": {"uv": [8.75, 8.875, 8.875, 9.125], "texture": "#1"},
				"south": {"uv": [1.375, 9.125, 1.5, 9.375], "texture": "#1"},
				"west": {"uv": [8.875, 8.875, 9, 9.125], "texture": "#1"},
				"up": {"uv": [8.125, 9.25, 8, 9.125], "texture": "#1"},
				"down": {"uv": [8.25, 9.125, 8.125, 9.25], "texture": "#1"}
			}
		}
	],
	"display": {
		"head": {
			"translation": [1.75, 6.75, -12.75],
			"scale": [4, 4, 4]
		}
	},
	"groups": [
		{
			"name": "root",
			"origin": [5, -15, -3],
			"color": 0,
			"children": [
				{
					"name": "leg_l",
					"origin": [5, 0, -3],
					"color": 0,
					"children": [
						{
							"name": "2",
							"origin": [5, 0, -3],
							"color": 0,
							"children": [0, 1, 2, 3, 4, 5, 6, 7]
						}
					]
				}
			]
		}
	]
}