{
	"credit": "Made with Blockbench",
	"textures": {
		"1": "narga/texture_damage"
	},
	"elements": [
		{
			"from": [-6.61522, -7.01298, 7.81375],
			"to": [1.08338, 17.62254, 7.81375],
			"rotation": {"angle": -22.5, "axis": "z", "origin": [-20.4727, -11.63214, 14.74249]},
			"faces": {
				"north": {"uv": [1.5, 2, 2.125, 0], "rotation": 180, "texture": "#1"},
				"east": {"uv": [1.5, 2, 2.125, 0], "rotation": 180, "texture": "#1"},
				"south": {"uv": [2.125, 2, 1.5, 0], "rotation": 180, "texture": "#1"},
				"west": {"uv": [1.5, 2, 2.125, 0], "rotation": 180, "texture": "#1"},
				"up": {"uv": [1.5, 2, 2.125, 0], "rotation": 180, "texture": "#1"},
				"down": {"uv": [1.5, 2, 2.125, 0], "rotation": 180, "texture": "#1"}
			}
		},
		{
			"from": [-1.99606, -11.63214, 7.19786],
			"to": [2.6231, 3.76506, 8.42964],
			"rotation": {"angle": -22.5, "axis": "z", "origin": [-20.4727, -11.63214, 8.58361]},
			"faces": {
				"north": {"uv": [3.625, 6.25, 4, 5], "rotation": 180, "texture": "#1"},
				"east": {"uv": [8.25, 0.625, 9.5, 0.5], "rotation": 270, "texture": "#1"},
				"south": {"uv": [4, 5, 4.375, 6.25], "texture": "#1"},
				"west": {"uv": [8.125, 4.625, 9.375, 4.5], "rotation": 90, "texture": "#1"},
				"up": {"uv": [9.125, 5.25, 8.75, 5.375], "texture": "#1"},
				"down": {"uv": [9.125, 5.125, 8.75, 5.25], "rotation": 180, "texture": "#1"}
			}
		},
		{
			"from": [-0.45634, 3.76506, 7.19786],
			"to": [2.6231, 20.70198, 8.42964],
			"rotation": {"angle": -22.5, "axis": "z", "origin": [-20.4727, -11.63214, 8.58361]},
			"faces": {
				"north": {"uv": [6.125, 4.625, 6.375, 3.25], "rotation": 180, "texture": "#1"},
				"east": {"uv": [8, 3.75, 9.375, 3.625], "rotation": 270, "texture": "#1"},
				"south": {"uv": [3.375, 6.125, 3.625, 7.5], "texture": "#1"},
				"west": {"uv": [8, 3.625, 9.375, 3.5], "rotation": 90, "texture": "#1"},
				"up": {"uv": [9.25, 4, 9, 4.125], "texture": "#1"},
				"down": {"uv": [4, 9, 3.75, 9.125], "rotation": 180, "texture": "#1"}
			}
		},
		{
			"from": [1.08338, 20.70198, 7.19786],
			"to": [2.6231, 23.78142, 8.42964],
			"rotation": {"angle": -22.5, "axis": "z", "origin": [-20.4727, -11.63214, 8.58361]},
			"faces": {
				"north": {"uv": [3.5, 9.125, 3.625, 8.875], "rotation": 180, "texture": "#1"},
				"east": {"uv": [9, 3, 9.25, 2.875], "rotation": 270, "texture": "#1"},
				"south": {"uv": [3.625, 8.875, 3.75, 9.125], "texture": "#1"},
				"west": {"uv": [2.875, 9.125, 3.125, 9], "rotation": 90, "texture": "#1"},
				"up": {"uv": [9.25, 4.75, 9.125, 4.875], "texture": "#1"},
				"down": {"uv": [4.5, 9.125, 4.375, 9.25], "rotation": 180, "texture": "#1"}
			}
		},
		{
			"from": [2.6231, 5.30478, 7.50427],
			"to": [3.85487, 23.78142, 7.96926],
			"rotation": {"angle": -22.5, "axis": "z", "origin": [-20.4727, -11.63214, 8.58361]},
			"faces": {
				"north": {"uv": [1.25, 9.25, 1.375, 7.75], "rotation": 180, "texture": "#1"},
				"east": {"uv": [8.625, 7.5, 10.125, 7.375], "rotation": 270, "texture": "#1"},
				"south": {"uv": [4.5, 7.875, 4.625, 9.375], "texture": "#1"},
				"west": {"uv": [8.625, 7.375, 10.125, 7.25], "rotation": 90, "texture": "#1"},
				"up": {"uv": [9.375, 8.625, 9.25, 8.75], "texture": "#1"},
				"down": {"uv": [8.75, 9.25, 8.625, 9.375], "rotation": 180, "texture": "#1"}
			}
		},
		{
			"from": [14.171, 11.77161, 7.50581],
			"to": [15.55674, 15.46693, 7.96772],
			"rotation": {"angle": 0, "axis": "y", "origin": [-20.4727, -11.63214, 8.58361]},
			"faces": {
				"north": {"uv": [1, 9.125, 1.125, 8.75], "rotation": 180, "texture": "#1"},
				"east": {"uv": [9.125, 7.125, 9.5, 7], "rotation": 270, "texture": "#1"},
				"south": {"uv": [1.125, 8.75, 1.25, 9.125], "texture": "#1"},
				"west": {"uv": [9.125, 7, 9.5, 6.875], "rotation": 90, "texture": "#1"},
				"up": {"uv": [9.375, 7.625, 9.25, 7.75], "texture": "#1"},
				"down": {"uv": [7.75, 9.25, 7.625, 9.375], "rotation": 180, "texture": "#1"}
			}
		},
		{
			"from": [1.08338, 23.78142, 7.50427],
			"to": [2.46912, 28.40058, 7.96926],
			"rotation": {"angle": -22.5, "axis": "z", "origin": [-20.4727, -11.63214, 8.58361]},
			"faces": {
				"north": {"uv": [1.5, 4.375, 1.625, 4], "rotation": 180, "texture": "#1"},
				"east": {"uv": [9.125, 3.875, 9.5, 3.75], "rotation": 270, "texture": "#1"},
				"south": {"uv": [8, 8.375, 8.125, 8.75], "texture": "#1"},
				"west": {"uv": [3.5, 9.25, 3.875, 9.125], "rotation": 90, "texture": "#1"},
				"up": {"uv": [9.375, 7.5, 9.25, 7.625], "texture": "#1"},
				"down": {"uv": [7.625, 9.25, 7.5, 9.375], "rotation": 180, "texture": "#1"}
			}
		},
		{
			"from": [-5.69139, 10.07791, 7.50581],
			"to": [-4.45962, 13.31133, 7.96772],
			"rotation": {"angle": -45, "axis": "z", "origin": [-20.4727, -11.63214, 8.58361]},
			"faces": {
				"north": {"uv": [9, 2.875, 9.125, 2.625], "rotation": 180, "texture": "#1"},
				"east": {"uv": [9.25, 2.625, 9.5, 2.5], "rotation": 270, "texture": "#1"},
				"south": {"uv": [2.75, 9, 2.875, 9.25], "texture": "#1"},
				"west": {"uv": [2.5, 9.375, 2.75, 9.25], "rotation": 90, "texture": "#1"},
				"up": {"uv": [9.375, 8.5, 9.25, 8.625], "texture": "#1"},
				"down": {"uv": [8.625, 9.25, 8.5, 9.375], "rotation": 180, "texture": "#1"}
			}
		},
		{
			"from": [1.08338, 28.40058, 7.50427],
			"to": [1.85324, 31.48002, 7.96926],
			"rotation": {"angle": -22.5, "axis": "z", "origin": [-20.4727, -11.63214, 8.58361]},
			"faces": {
				"north": {"uv": [8.375, 9.25, 8.5, 9], "rotation": 180, "texture": "#1"},
				"east": {"uv": [9.25, 1.75, 9.5, 1.625], "rotation": 270, "texture": "#1"},
				"south": {"uv": [9, 8.375, 9.125, 8.625], "texture": "#1"},
				"west": {"uv": [9.25, 1.625, 9.5, 1.5], "rotation": 90, "texture": "#1"},
				"up": {"uv": [0.25, 9.375, 0.125, 9.5], "texture": "#1"},
				"down": {"uv": [9.5, 0, 9.375, 0.125], "rotation": 180, "texture": "#1"}
			}
		},
		{
			"from": [15.40277, 16.54474, 7.50581],
			"to": [16.01866, 18.54637, 7.96772],
			"rotation": {"angle": 0, "axis": "y", "origin": [-20.4727, -11.63214, 8.58361]},
			"faces": {
				"north": {"uv": [6, 9.375, 6.125, 9.125], "rotation": 180, "texture": "#1"},
				"east": {"uv": [9.25, 6.375, 9.5, 6.25], "rotation": 270, "texture": "#1"},
				"south": {"uv": [6.125, 9.125, 6.25, 9.375], "texture": "#1"},
				"west": {"uv": [6.25, 9.375, 6.5, 9.25], "rotation": 90, "texture": "#1"},
				"up": {"uv": [0.125, 9.375, 0, 9.5], "texture": "#1"},
				"down": {"uv": [9.375, 9.25, 9.25, 9.375], "rotation": 180, "texture": "#1"}
			}
		},
		{
			"from": [-9.69466, 2.22534, 7.81375],
			"to": [-0.45634, 23.78142, 7.81375],
			"rotation": {"angle": -45, "axis": "z", "origin": [-20.4727, -11.63214, 14.74249]},
			"faces": {
				"north": {"uv": [0, 1.75, 0.75, 0], "rotation": 180, "texture": "#1"},
				"east": {"uv": [0, 1.75, 0.75, 0], "rotation": 180, "texture": "#1"},
				"south": {"uv": [0.75, 1.75, 0, 0], "rotation": 180, "texture": "#1"},
				"west": {"uv": [0, 1.75, 0.75, 0], "rotation": 180, "texture": "#1"},
				"up": {"uv": [0, 1.75, 0.75, 0], "rotation": 180, "texture": "#1"},
				"down": {"uv": [0, 1.75, 0.75, 0], "rotation": 180, "texture": "#1"}
			}
		},
		{
			"from": [-0.45634, 22.2417, 7.50427],
			"to": [0.31352, 25.32114, 7.96926],
			"rotation": {"angle": -45, "axis": "z", "origin": [-20.4727, -11.63214, 8.58361]},
			"faces": {
				"north": {"uv": [9, 8.875, 9.125, 8.625], "rotation": 180, "texture": "#1"},
				"east": {"uv": [9.25, 1.875, 9.5, 1.75], "rotation": 270, "texture": "#1"},
				"south": {"uv": [9, 8.875, 9.125, 9.125], "texture": "#1"},
				"west": {"uv": [1.75, 9.375, 2, 9.25], "rotation": 90, "texture": "#1"},
				"up": {"uv": [0.5, 9.375, 0.375, 9.5], "texture": "#1"},
				"down": {"uv": [9.5, 0.25, 9.375, 0.375], "rotation": 180, "texture": "#1"}
			}
		},
		{
			"from": [11.55347, 11.30969, 7.50581],
			"to": [12.32333, 13.31133, 7.96772],
			"rotation": {"angle": -22.5, "axis": "z", "origin": [-20.4727, -11.63214, 8.58361]},
			"faces": {
				"north": {"uv": [9.125, 6.875, 9.25, 6.625], "rotation": 180, "texture": "#1"},
				"east": {"uv": [6.5, 9.375, 6.75, 9.25], "rotation": 270, "texture": "#1"},
				"south": {"uv": [6.75, 9.125, 6.875, 9.375], "texture": "#1"},
				"west": {"uv": [9.25, 6.5, 9.5, 6.375], "rotation": 90, "texture": "#1"},
				"up": {"uv": [0.375, 9.375, 0.25, 9.5], "texture": "#1"},
				"down": {"uv": [9.5, 0.125, 9.375, 0.25], "rotation": 180, "texture": "#1"}
			}
		},
		{
			"from": [-0.45634, 17.62254, 7.50427],
			"to": [1.08338, 22.2417, 7.96926],
			"rotation": {"angle": -45, "axis": "z", "origin": [-20.4727, -11.63214, 8.58361]},
			"faces": {
				"north": {"uv": [6.875, 9, 7, 8.625], "rotation": 180, "texture": "#1"},
				"east": {"uv": [9.125, 4.75, 9.5, 4.625], "rotation": 270, "texture": "#1"},
				"south": {"uv": [7.125, 8.625, 7.25, 9], "texture": "#1"},
				"west": {"uv": [4, 9.25, 4.375, 9.125], "rotation": 90, "texture": "#1"},
				"up": {"uv": [9.375, 7.75, 9.25, 7.875], "texture": "#1"},
				"down": {"uv": [7.875, 9.25, 7.75, 9.375], "rotation": 180, "texture": "#1"}
			}
		},
		{
			"from": [10.47567, 6.69053, 7.50581],
			"to": [11.70744, 9.76997, 7.96772],
			"rotation": {"angle": -22.5, "axis": "z", "origin": [-20.4727, -11.63214, 8.58361]},
			"faces": {
				"north": {"uv": [2.25, 9.25, 2.375, 9], "rotation": 180, "texture": "#1"},
				"east": {"uv": [2.25, 9.375, 2.5, 9.25], "rotation": 270, "texture": "#1"},
				"south": {"uv": [2.375, 9, 2.5, 9.25], "texture": "#1"},
				"west": {"uv": [9.25, 2.125, 9.5, 2], "rotation": 90, "texture": "#1"},
				"up": {"uv": [9.375, 8.375, 9.25, 8.5], "texture": "#1"},
				"down": {"uv": [8.5, 9.25, 8.375, 9.375], "rotation": 180, "texture": "#1"}
			}
		},
		{
			"from": [1.08338, 2.22534, 7.50581],
			"to": [2.31515, 17.62254, 7.96772],
			"rotation": {"angle": -45, "axis": "z", "origin": [-20.4727, -11.63214, 8.58361]},
			"faces": {
				"north": {"uv": [5.625, 9.375, 5.75, 8.125], "rotation": 180, "texture": "#1"},
				"east": {"uv": [8.75, 0.875, 10, 0.75], "rotation": 270, "texture": "#1"},
				"south": {"uv": [7, 8.125, 7.125, 9.375], "texture": "#1"},
				"west": {"uv": [8.75, 0.75, 10, 0.625], "rotation": 90, "texture": "#1"},
				"up": {"uv": [9.375, 8.25, 9.25, 8.375], "texture": "#1"},
				"down": {"uv": [8.375, 9.25, 8.25, 9.375], "rotation": 180, "texture": "#1"}
			}
		},
		{
			"from": [-0.45634, 14.5431, 7.19786],
			"to": [1.08338, 17.62254, 8.27567],
			"rotation": {"angle": -45, "axis": "z", "origin": [-20.4727, -11.63214, 8.58361]},
			"faces": {
				"north": {"uv": [4.625, 8.125, 4.75, 7.875], "rotation": 180, "texture": "#1"},
				"east": {"uv": [9, 2.625, 9.25, 2.5], "rotation": 270, "texture": "#1"},
				"south": {"uv": [6.5, 7.875, 6.625, 8.125], "texture": "#1"},
				"west": {"uv": [2.5, 9.125, 2.75, 9], "rotation": 90, "texture": "#1"},
				"up": {"uv": [9.25, 3.875, 9.125, 4], "texture": "#1"},
				"down": {"uv": [4, 9.125, 3.875, 9.25], "rotation": 180, "texture": "#1"}
			}
		},
		{
			"from": [-1.99606, -3.93354, 7.19632],
			"to": [1.08338, 14.5431, 8.43118],
			"rotation": {"angle": -45, "axis": "z", "origin": [-20.4727, -11.63214, 8.58361]},
			"faces": {
				"north": {"uv": [0.5, 7.625, 0.75, 6.125], "rotation": 180, "texture": "#1"},
				"east": {"uv": [8, 1.25, 9.5, 1.125], "rotation": 270, "texture": "#1"},
				"south": {"uv": [0.75, 6.125, 1, 7.625], "texture": "#1"},
				"west": {"uv": [7.875, 4.25, 9.375, 4.125], "rotation": 90, "texture": "#1"},
				"up": {"uv": [9.25, 4.375, 9, 4.5], "texture": "#1"},
				"down": {"uv": [9.25, 4.25, 9, 4.375], "rotation": 180, "texture": "#1"}
			}
		},
		{
			"from": [1.08338, -5.47326, 7.50581],
			"to": [2.31515, 2.22534, 7.96772],
			"rotation": {"angle": -45, "axis": "z", "origin": [-20.4727, -11.63214, 8.58361]},
			"faces": {
				"north": {"uv": [2.75, 4, 2.875, 3.375], "rotation": 180, "texture": "#1"},
				"east": {"uv": [9, 5.75, 9.625, 5.625], "rotation": 270, "texture": "#1"},
				"south": {"uv": [0.375, 6.25, 0.5, 6.875], "texture": "#1"},
				"west": {"uv": [9, 5.625, 9.625, 5.5], "rotation": 90, "texture": "#1"},
				"up": {"uv": [9.375, 8, 9.25, 8.125], "texture": "#1"},
				"down": {"uv": [8.125, 9.25, 8, 9.375], "rotation": 180, "texture": "#1"}
			}
		}
	],
	"display": {
		"head": {
			"rotation": [90, 0, 0],
			"translation": [39.5, -7.5, 80],
			"scale": [4, 4, 4]
		}
	},
	"groups": [
		{
			"name": "root",
			"origin": [5, -15, -3],
			"color": 0,
			"children": [
				{
					"name": "wing",
					"origin": [27.65722, 0.88072, 8.59731],
					"color": 0,
					"children": [
						{
							"name": "0",
							"origin": [-14.7213, 0.08582, 8.58752],
							"color": 0,
							"children": [0, 1, 2, 3, 4, 5, 6, 7, 8, 9]
						},
						{
							"name": "1",
							"origin": [-14.7213, 0.08582, 8.58752],
							"color": 0,
							"children": [10, 11, 12, 13, 14, 15, 16, 17, 18]
						}
					]
				}
			]
		}
	]
}