{
	"credit": "Made with Blockbench",
	"textures": {
		"1": "tiga/tiga"
	},
	"elements": [
		{
			"from": [5.35429, 19.96712, -0.46788],
			"to": [9.74829, 30.10712, 6.29212],
			"rotation": {"angle": 22.5, "axis": "x", "origin": [13.46629, 16.58712, -19.05788]},
			"faces": {
				"north": {"uv": [0.875, 5.375, 1.1875, 6.125], "texture": "#1"},
				"east": {"uv": [4.125, 1.25, 4.625, 2], "texture": "#1"},
				"south": {"uv": [3.875, 5.5, 4.1875, 6.25], "texture": "#1"},
				"west": {"uv": [3.25, 4.125, 3.75, 4.875], "texture": "#1"},
				"up": {"uv": [5.4375, 6.875, 5.125, 6.375], "texture": "#1"},
				"down": {"uv": [5.8125, 6.375, 5.5, 6.875], "texture": "#1"}
			}
		},
		{
			"from": [5.69229, 11.18612, 3.71212],
			"to": [9.41029, 13.72112, 9.62712],
			"rotation": {"angle": 45, "axis": "x", "origin": [7.55129, 12.31987, 6.50337]},
			"faces": {
				"north": {"uv": [0.125, 8.625, 0.40625, 8.8125], "texture": "#1"},
				"east": {"uv": [6.125, 7.875, 6.5625, 8.0625], "texture": "#1"},
				"south": {"uv": [0.875, 8.625, 1.15625, 8.8125], "texture": "#1"},
				"west": {"uv": [6.625, 7.875, 7.0625, 8.0625], "texture": "#1"},
				"up": {"uv": [2.65625, 7.6875, 2.375, 7.25], "texture": "#1"},
				"down": {"uv": [7.53125, 2.75, 7.25, 3.1875], "texture": "#1"}
			}
		},
		{
			"from": [6.03029, 9.49612, 3.71212],
			"to": [9.07229, 12.87612, 12.16212],
			"rotation": {"angle": 45, "axis": "x", "origin": [7.55129, 12.31987, 6.50337]},
			"faces": {
				"north": {"uv": [2.75, 8.375, 2.96875, 8.625], "texture": "#1"},
				"east": {"uv": [6.5, 1.25, 7.125, 1.5], "texture": "#1"},
				"south": {"uv": [3, 8.375, 3.21875, 8.625], "texture": "#1"},
				"west": {"uv": [6.5, 1.5, 7.125, 1.75], "texture": "#1"},
				"up": {"uv": [3.59375, 7.5, 3.375, 6.875], "texture": "#1"},
				"down": {"uv": [5.21875, 6.875, 5, 7.5], "texture": "#1"}
			}
		}
	],
	"display": {
		"head": {
			"rotation": [-22.5, 0, 0],
			"translation": [1.75, -31, 25.5],
			"scale": [4, 4, 4]
		}
	},
	"groups": [
		{
			"name": "root",
			"origin": [24, -15, 15],
			"color": 2,
			"children": [
				{
					"name": "leg_l",
					"origin": [16, 7, -6],
					"color": 2,
					"children": [0, 1, 2]
				}
			]
		}
	]
}