{
	"credit": "Made with Blockbench",
	"textures": {
		"1": "tiga/tiga"
	},
	"elements": [
		{
			"from": [6.58971, 5.06445, 11.04735],
			"to": [10.30771, 13.51445, 13.58235],
			"rotation": {"angle": -22.5, "axis": "x", "origin": [7.58258, 8.78809, 12.93236]},
			"faces": {
				"north": {"uv": [4.15625, 6.25, 3.875, 6.875], "texture": "#1"},
				"east": {"uv": [1.4375, 7.375, 1.25, 8], "texture": "#1"},
				"south": {"uv": [4.53125, 6.25, 4.25, 6.875], "texture": "#1"},
				"west": {"uv": [2.9375, 7.25, 2.75, 7.875], "texture": "#1"},
				"up": {"uv": [1.25, 8.8125, 1.53125, 8.625], "texture": "#1"},
				"down": {"uv": [8.625, 1.5, 8.90625, 1.6875], "texture": "#1"}
			}
		},
		{
			"from": [6.08271, 8.92149, 11.06478],
			"to": [7.26571, 10.61149, 14.44478],
			"rotation": {"angle": 22.5, "axis": "x", "origin": [7.58258, 8.78809, 12.93236]},
			"faces": {
				"north": {"uv": [0.875, 8, 0.96875, 7.875], "rotation": 180, "texture": "#1"},
				"east": {"uv": [2, 9.25, 2.125, 9], "rotation": 270, "texture": "#1"},
				"south": {"uv": [2.875, 7.875, 2.96875, 8], "texture": "#1"},
				"west": {"uv": [1.875, 9.25, 2, 9], "rotation": 90, "texture": "#1"},
				"up": {"uv": [9.34375, 8.125, 9.25, 8.375], "texture": "#1"},
				"down": {"uv": [8.21875, 9.25, 8.125, 9.5], "rotation": 180, "texture": "#1"}
			}
		},
		{
			"from": [6.25171, 9.25949, 14.44478],
			"to": [7.09671, 10.27349, 16.13478],
			"rotation": {"angle": 22.5, "axis": "x", "origin": [7.58258, 8.78809, 12.93236]},
			"faces": {
				"north": {"uv": [4.25, 9.9375, 4.3125, 9.875], "rotation": 180, "texture": "#1"},
				"east": {"uv": [9.75, 7, 9.8125, 6.875], "rotation": 270, "texture": "#1"},
				"south": {"uv": [9.875, 4.25, 9.9375, 4.3125], "texture": "#1"},
				"west": {"uv": [6.75, 9.875, 6.8125, 9.75], "rotation": 90, "texture": "#1"},
				"up": {"uv": [9.8125, 6.75, 9.75, 6.875], "texture": "#1"},
				"down": {"uv": [9.8125, 6.625, 9.75, 6.75], "rotation": 180, "texture": "#1"}
			}
		},
		{
			"from": [7.43471, 5.06445, 10.20235],
			"to": [9.63171, 11.82445, 11.04735],
			"rotation": {"angle": -22.5, "axis": "x", "origin": [7.58258, 8.78809, 12.93236]},
			"faces": {
				"north": {"uv": [7.78125, 8, 7.625, 8.5], "texture": "#1"},
				"east": {"uv": [5.1875, 9, 5.125, 9.5], "texture": "#1"},
				"south": {"uv": [8.03125, 8, 7.875, 8.5], "texture": "#1"},
				"west": {"uv": [4.9375, 9, 4.875, 9.5], "texture": "#1"},
				"up": {"uv": [7.875, 9.6875, 8.03125, 9.625], "texture": "#1"},
				"down": {"uv": [8.5, 9.625, 8.65625, 9.6875], "texture": "#1"}
			}
		}
	],
	"display": {
		"head": {
			"translation": [-1.75, -20.75, -12.5],
			"scale": [4, 4, 4]
		}
	},
	"groups": [
		{
			"name": "root",
			"origin": [24, -15, 15],
			"color": 2,
			"children": [
				{
					"name": "leg_l",
					"origin": [16, 7, -6],
					"color": 2,
					"children": [
						{
							"name": "7",
							"origin": [16, 7, -6],
							"color": 2,
							"children": [0, 1, 2, 3]
						}
					]
				}
			]
		}
	]
}