{
	"credit": "Made with Blockbench",
	"textures": {
		"1": "tiga/tiga"
	},
	"elements": [
		{
			"from": [4.958, 5.59175, 8],
			"to": [11.042, 8.97175, 14.76],
			"rotation": {"angle": 0, "axis": "y", "origin": [8, 3.73275, 9.69]},
			"faces": {
				"north": {"uv": [7.5, 1, 7.9375, 1.25], "texture": "#1"},
				"east": {"uv": [6.75, 7.125, 7.25, 7.375], "texture": "#1"},
				"south": {"uv": [7.5, 1.25, 7.9375, 1.5], "texture": "#1"},
				"west": {"uv": [7.125, 6.75, 7.625, 7], "texture": "#1"},
				"up": {"uv": [5.9375, 6, 5.5, 5.5], "texture": "#1"},
				"down": {"uv": [6.0625, 0.375, 5.625, 0.875], "texture": "#1"}
			}
		},
		{
			"from": [5.803, 4.74675, 8],
			"to": [10.197, 5.59175, 14.76],
			"rotation": {"angle": 0, "axis": "y", "origin": [8, 3.73275, 9.69]},
			"faces": {
				"north": {"uv": [9.375, 4.25, 9.6875, 4.3125], "texture": "#1"},
				"east": {"uv": [9, 1.5, 9.5, 1.5625], "texture": "#1"},
				"south": {"uv": [9.375, 4.625, 9.6875, 4.6875], "texture": "#1"},
				"west": {"uv": [9, 1.625, 9.5, 1.6875], "texture": "#1"},
				"up": {"uv": [1.5625, 6.875, 1.25, 6.375], "texture": "#1"},
				"down": {"uv": [2.8125, 6.375, 2.5, 6.875], "texture": "#1"}
			}
		},
		{
			"from": [5.803, 8.97175, 8],
			"to": [10.197, 9.98575, 14.76],
			"rotation": {"angle": 0, "axis": "y", "origin": [8, 3.73275, 9.69]},
			"faces": {
				"north": {"uv": [9.375, 6.5, 9.6875, 6.5625], "texture": "#1"},
				"east": {"uv": [9, 2.125, 9.5, 2.1875], "texture": "#1"},
				"south": {"uv": [9.375, 6.625, 9.6875, 6.6875], "texture": "#1"},
				"west": {"uv": [9, 2.25, 9.5, 2.3125], "texture": "#1"},
				"up": {"uv": [6.6875, 3.25, 6.375, 2.75], "texture": "#1"},
				"down": {"uv": [3.1875, 6.375, 2.875, 6.875], "texture": "#1"}
			}
		},
		{
			"from": [7.493, 9.98575, 8],
			"to": [8.507, 11.33775, 14.76],
			"rotation": {"angle": 0, "axis": "y", "origin": [8, 3.73275, 9.69]},
			"faces": {
				"north": {"uv": [1.375, 9.875, 1.4375, 9.96875], "texture": "#1"},
				"east": {"uv": [8.625, 3.625, 9.125, 3.71875], "texture": "#1"},
				"south": {"uv": [9.875, 1.375, 9.9375, 1.46875], "texture": "#1"},
				"west": {"uv": [8.625, 3.875, 9.125, 3.96875], "texture": "#1"},
				"up": {"uv": [1.3125, 9.5, 1.25, 9], "texture": "#1"},
				"down": {"uv": [1.4375, 9, 1.375, 9.5], "texture": "#1"}
			}
		},
		{
			"from": [4.282, 7.28175, 8],
			"to": [11.718, 8.12675, 14.76],
			"rotation": {"angle": 0, "axis": "y", "origin": [8, 3.73275, 9.69]},
			"faces": {
				"north": {"uv": [8.875, 5.25, 9.4375, 5.3125], "texture": "#1"},
				"east": {"uv": [2.625, 9, 3.125, 9.0625], "texture": "#1"},
				"south": {"uv": [8.875, 5.375, 9.4375, 5.4375], "texture": "#1"},
				"west": {"uv": [9, 2.875, 9.5, 2.9375], "texture": "#1"},
				"up": {"uv": [5.0625, 3.375, 4.5, 2.875], "texture": "#1"},
				"down": {"uv": [5.1875, 0.75, 4.625, 1.25], "texture": "#1"}
			}
		}
	],
	"display": {
		"head": {
			"translation": [0, -5.5, -19.5],
			"scale": [4, 4, 4]
		}
	},
	"groups": [
		{
			"name": "root",
			"origin": [24, -15, 15],
			"color": 2,
			"children": [
				{
					"name": "neck",
					"origin": [24, 0, 15],
					"color": 2,
					"children": [
						{
							"name": "1",
							"origin": [24, 0, 15],
							"color": 2,
							"children": [0, 1, 2, 3, 4]
						}
					]
				}
			]
		}
	]
}