{
	"credit": "Made with Blockbench",
	"textures": {
		"1": "tiga/tiga"
	},
	"elements": [
		{
			"from": [4.62, 6.94375, 1.24],
			"to": [11.38, 7.78875, 8],
			"rotation": {"angle": 0, "axis": "y", "origin": [8, 3.73275, 9.69]},
			"faces": {
				"north": {"uv": [9, 0, 9.5, 0.0625], "texture": "#1"},
				"east": {"uv": [9, 0.125, 9.5, 0.1875], "texture": "#1"},
				"south": {"uv": [9, 0.25, 9.5, 0.3125], "texture": "#1"},
				"west": {"uv": [9, 0.375, 9.5, 0.4375], "texture": "#1"},
				"up": {"uv": [5.75, 2.5, 5.25, 2], "texture": "#1"},
				"down": {"uv": [0.875, 5.375, 0.375, 5.875], "texture": "#1"}
			}
		},
		{
			"from": [7.493, 9.98575, 1.24],
			"to": [8.507, 11.33775, 8],
			"rotation": {"angle": 0, "axis": "y", "origin": [8, 3.73275, 9.69]},
			"faces": {
				"north": {"uv": [1.25, 9.875, 1.3125, 9.96875], "texture": "#1"},
				"east": {"uv": [2.625, 8.625, 3.125, 8.71875], "texture": "#1"},
				"south": {"uv": [9.875, 1.25, 9.9375, 1.34375], "texture": "#1"},
				"west": {"uv": [8.625, 3.25, 9.125, 3.34375], "texture": "#1"},
				"up": {"uv": [6.9375, 9.375, 6.875, 8.875], "texture": "#1"},
				"down": {"uv": [7.6875, 8.875, 7.625, 9.375], "texture": "#1"}
			}
		},
		{
			"from": [6.141, 8.97175, 1.24],
			"to": [9.859, 9.98575, 8],
			"rotation": {"angle": 0, "axis": "y", "origin": [8, 3.73275, 9.69]},
			"faces": {
				"north": {"uv": [1.625, 9.5, 1.90625, 9.5625], "texture": "#1"},
				"east": {"uv": [9, 0.75, 9.5, 0.8125], "texture": "#1"},
				"south": {"uv": [9.5, 1.625, 9.78125, 1.6875], "texture": "#1"},
				"west": {"uv": [9, 0.875, 9.5, 0.9375], "texture": "#1"},
				"up": {"uv": [0.78125, 7.125, 0.5, 6.625], "texture": "#1"},
				"down": {"uv": [1.15625, 6.625, 0.875, 7.125], "texture": "#1"}
			}
		},
		{
			"from": [5.803, 4.23975, 1.24],
			"to": [10.197, 5.59175, 8],
			"rotation": {"angle": 0, "axis": "y", "origin": [8, 3.73275, 9.69]},
			"faces": {
				"north": {"uv": [9, 7.625, 9.3125, 7.71875], "texture": "#1"},
				"east": {"uv": [8.625, 3.375, 9.125, 3.46875], "texture": "#1"},
				"south": {"uv": [9.125, 0.625, 9.4375, 0.71875], "texture": "#1"},
				"west": {"uv": [8.625, 3.5, 9.125, 3.59375], "texture": "#1"},
				"up": {"uv": [6.5625, 5.125, 6.25, 4.625], "texture": "#1"},
				"down": {"uv": [6.6875, 0.75, 6.375, 1.25], "texture": "#1"}
			}
		},
		{
			"from": [5.296, 5.59175, 1.24],
			"to": [10.704, 8.97175, 8],
			"rotation": {"angle": 0, "axis": "y", "origin": [8, 3.73275, 9.69]},
			"faces": {
				"north": {"uv": [7.625, 6.25, 8.03125, 6.5], "texture": "#1"},
				"east": {"uv": [4.25, 3.875, 4.75, 4.125], "texture": "#1"},
				"south": {"uv": [7.625, 6.5, 8.03125, 6.75], "texture": "#1"},
				"west": {"uv": [7.125, 6.5, 7.625, 6.75], "texture": "#1"},
				"up": {"uv": [6.28125, 4.125, 5.875, 3.625], "texture": "#1"},
				"down": {"uv": [6.28125, 4.125, 5.875, 4.625], "texture": "#1"}
			}
		}
	],
	"display": {
		"head": {
			"translation": [0, -5.5, 6.75],
			"scale": [4, 4, 4]
		}
	},
	"groups": [
		{
			"name": "root",
			"origin": [24, -15, 15],
			"color": 2,
			"children": [
				{
					"name": "neck",
					"origin": [24, 0, 15],
					"color": 2,
					"children": [
						{
							"name": "0",
							"origin": [24, 0, 15],
							"color": 2,
							"children": [0, 1, 2, 3, 4]
						}
					]
				}
			]
		}
	]
}