{
	"credit": "Made with Blockbench",
	"textures": {
		"1": "tiga/tiga",
		"2": "reus/head",
		"particle": "reus/head"
	},
	"elements": [
		{
			"from": [5.127, 5.10822, -0.66398],
			"to": [10.873, 9.16422, 11.16602],
			"rotation": {"angle": 0, "axis": "y", "origin": [8, 3.58722, -54.74398]},
			"faces": {
				"north": {"uv": [6.875, 4.125, 7.3125, 4.4375], "texture": "#1"},
				"east": {"uv": [2.625, 5, 3.5, 5.3125], "texture": "#1"},
				"south": {"uv": [5.25, 6.875, 5.6875, 7.1875], "texture": "#1"},
				"west": {"uv": [5, 3.375, 5.875, 3.6875], "texture": "#1"},
				"up": {"uv": [2.6875, 4.625, 2.25, 3.75], "texture": "#1"},
				"down": {"uv": [3.1875, 3.75, 2.75, 4.625], "texture": "#1"}
			}
		},
		{
			"from": [5.877, 5.60822, 11.16602],
			"to": [10.123, 8.66422, 11.19102],
			"rotation": {"angle": 0, "axis": "y", "origin": [8, 3.58722, -54.74398]},
			"faces": {
				"north": {"uv": [6.875, 4.125, 7.3125, 4.4375], "texture": "#1"},
				"east": {"uv": [2.625, 5, 3.5, 5.3125], "texture": "#1"},
				"south": {"uv": [10.5, 5.125, 12.5, 6.875], "texture": "#2"},
				"west": {"uv": [5, 3.375, 5.875, 3.6875], "texture": "#1"},
				"up": {"uv": [2.6875, 4.625, 2.25, 3.75], "texture": "#1"},
				"down": {"uv": [3.1875, 3.75, 2.75, 4.625], "texture": "#1"}
			}
		},
		{
			"from": [28.1955, 6.79822, 3.56102],
			"to": [31.998, 8.15022, 7.78602],
			"rotation": {"angle": -22.5, "axis": "y", "origin": [8, 4.60122, -54.74398]},
			"faces": {
				"north": {"uv": [9.125, 8.875, 9.40625, 8.96875], "texture": "#1"},
				"east": {"uv": [4.25, 9.125, 4.5625, 9.21875], "texture": "#1"},
				"south": {"uv": [9.25, 0.5, 9.53125, 0.59375], "texture": "#1"},
				"west": {"uv": [9.125, 5.125, 9.4375, 5.21875], "texture": "#1"},
				"up": {"uv": [2.53125, 8.0625, 2.25, 7.75], "texture": "#1"},
				"down": {"uv": [4.78125, 7.75, 4.5, 8.0625], "texture": "#1"}
			}
		},
		{
			"from": [26.59, 6.62922, -2.35398],
			"to": [30.815, 8.31922, 3.56102],
			"rotation": {"angle": -22.5, "axis": "y", "origin": [8, 4.60122, -54.74398]},
			"faces": {
				"north": {"uv": [8.875, 0.5, 9.1875, 0.625], "texture": "#1"},
				"east": {"uv": [8.375, 3.125, 8.8125, 3.25], "texture": "#1"},
				"south": {"uv": [1.25, 8.875, 1.5625, 9], "texture": "#1"},
				"west": {"uv": [8.375, 4.375, 8.8125, 4.5], "texture": "#1"},
				"up": {"uv": [7.3125, 2.6875, 7, 2.25], "texture": "#1"},
				"down": {"uv": [0.8125, 7.125, 0.5, 7.5625], "texture": "#1"}
			}
		},
		{
			"from": [25.4915, 6.46022, -3.70598],
			"to": [28.449, 8.48822, -0.32598],
			"rotation": {"angle": -22.5, "axis": "y", "origin": [8, 4.60122, -54.74398]},
			"faces": {
				"north": {"uv": [7.375, 8.875, 7.59375, 9.03125], "texture": "#1"},
				"east": {"uv": [8.875, 1.25, 9.125, 1.40625], "texture": "#1"},
				"south": {"uv": [8.875, 7.375, 9.09375, 7.53125], "texture": "#1"},
				"west": {"uv": [8.875, 1.875, 9.125, 2.03125], "texture": "#1"},
				"up": {"uv": [4.46875, 8.625, 4.25, 8.375], "texture": "#1"},
				"down": {"uv": [4.96875, 8.375, 4.75, 8.625], "texture": "#1"}
			}
		},
		{
			"from": [7.493, 9.84022, -0.66398],
			"to": [8.507, 11.19222, 11.16602],
			"rotation": {"angle": 0, "axis": "y", "origin": [8, 3.58722, -54.74398]},
			"faces": {
				"north": {"uv": [1.75, 9.875, 1.8125, 9.96875], "texture": "#1"},
				"east": {"uv": [7.875, 5.625, 8.75, 5.71875], "texture": "#1"},
				"south": {"uv": [9.875, 1.75, 9.9375, 1.84375], "texture": "#1"},
				"west": {"uv": [8, 0.5, 8.875, 0.59375], "texture": "#1"},
				"up": {"uv": [1.8125, 9.25, 1.75, 8.375], "texture": "#1"},
				"down": {"uv": [5.0625, 8.375, 5, 9.25], "texture": "#1"}
			}
		},
		{
			"from": [6.648, 9.16422, -0.66398],
			"to": [9.352, 9.84022, 11.16602],
			"rotation": {"angle": 0, "axis": "y", "origin": [8, 3.58722, -54.74398]},
			"faces": {
				"north": {"uv": [4.625, 9.625, 4.8125, 9.6875], "texture": "#1"},
				"east": {"uv": [8.375, 4.5, 9.25, 4.5625], "texture": "#1"},
				"south": {"uv": [4.875, 9.625, 5.0625, 9.6875], "texture": "#1"},
				"west": {"uv": [8.375, 4.875, 9.25, 4.9375], "texture": "#1"},
				"up": {"uv": [0.1875, 7.25, 0, 6.375], "texture": "#1"},
				"down": {"uv": [0.4375, 6.375, 0.25, 7.25], "texture": "#1"}
			}
		},
		{
			"from": [-12.449, 6.46022, -3.70598],
			"to": [-9.4915, 8.48822, -0.32598],
			"rotation": {"angle": 22.5, "axis": "y", "origin": [8, 4.60122, -54.74398]},
			"faces": {
				"north": {"uv": [8.875, 7.75, 9.09375, 7.90625], "texture": "#1"},
				"east": {"uv": [2.25, 8.875, 2.5, 9.03125], "texture": "#1"},
				"south": {"uv": [8.875, 8, 9.09375, 8.15625], "texture": "#1"},
				"west": {"uv": [8.875, 2.375, 9.125, 2.53125], "texture": "#1"},
				"up": {"uv": [8.59375, 5.25, 8.375, 5], "texture": "#1"},
				"down": {"uv": [5.34375, 8.375, 5.125, 8.625], "texture": "#1"}
			}
		},
		{
			"from": [-14.815, 6.62922, -2.35398],
			"to": [-10.59, 8.31922, 3.56102],
			"rotation": {"angle": 22.5, "axis": "y", "origin": [8, 4.60122, -54.74398]},
			"faces": {
				"north": {"uv": [8.875, 2.625, 9.1875, 2.75], "texture": "#1"},
				"east": {"uv": [8.375, 5.25, 8.8125, 5.375], "texture": "#1"},
				"south": {"uv": [8.875, 2.75, 9.1875, 2.875], "texture": "#1"},
				"west": {"uv": [8.375, 5.375, 8.8125, 5.5], "texture": "#1"},
				"up": {"uv": [7.4375, 1.1875, 7.125, 0.75], "texture": "#1"},
				"down": {"uv": [1.1875, 7.125, 0.875, 7.5625], "texture": "#1"}
			}
		},
		{
			"from": [-15.998, 6.79822, 3.56102],
			"to": [-12.1955, 8.15022, 7.78602],
			"rotation": {"angle": 22.5, "axis": "y", "origin": [8, 4.60122, -54.74398]},
			"faces": {
				"north": {"uv": [1.75, 9.25, 2.03125, 9.34375], "texture": "#1"},
				"east": {"uv": [5.25, 9.125, 5.5625, 9.21875], "texture": "#1"},
				"south": {"uv": [9.25, 1.75, 9.53125, 1.84375], "texture": "#1"},
				"west": {"uv": [9.125, 5.5, 9.4375, 5.59375], "texture": "#1"},
				"up": {"uv": [6.03125, 8.0625, 5.75, 7.75], "texture": "#1"},
				"down": {"uv": [8.03125, 7.375, 7.75, 7.6875], "texture": "#1"}
			}
		}
	],
	"display": {
		"head": {
			"translation": [0, -5.75, 29.25],
			"scale": [4, 4, 4]
		}
	},
	"groups": [
		{
			"name": "root",
			"origin": [24, -15, 15],
			"color": 2,
			"children": [
				{
					"name": "tail",
					"origin": [12, 0, -16],
					"color": 2,
					"children": [
						{
							"name": "4",
							"origin": [12, 1.2, -16],
							"color": 0,
							"children": [0, 1, 2, 3, 4, 5, 6, 7, 8, 9]
						}
					]
				}
			]
		}
	]
}