{
	"credit": "Made with Blockbench",
	"textures": {
		"1": "tiga/tiga"
	},
	"elements": [
		{
			"from": [7.324, 6.38586, 5.2025],
			"to": [8.676, 8.75186, 8.5825],
			"rotation": {"angle": 0, "axis": "y", "origin": [8, 4.69586, -66.6225]},
			"faces": {
				"north": {"uv": [9.5, 3.125, 9.59375, 3.3125], "texture": "#1"},
				"east": {"uv": [8.625, 8, 8.875, 8.1875], "texture": "#1"},
				"south": {"uv": [3.75, 9.5, 3.84375, 9.6875], "texture": "#1"},
				"west": {"uv": [8.75, 0, 9, 0.1875], "texture": "#1"},
				"up": {"uv": [8.96875, 9.5, 8.875, 9.25], "texture": "#1"},
				"down": {"uv": [9.09375, 9.25, 9, 9.5], "texture": "#1"}
			}
		},
		{
			"from": [5.127, 5.37186, -0.7125],
			"to": [10.873, 9.25886, 2.6675],
			"rotation": {"angle": 0, "axis": "y", "origin": [8, 4.69586, -66.6225]},
			"faces": {
				"north": {"uv": [7.25, 4.5, 7.6875, 4.78125], "texture": "#1"},
				"east": {"uv": [3.25, 8.125, 3.5, 8.40625], "texture": "#1"},
				"south": {"uv": [5.25, 7.25, 5.6875, 7.53125], "texture": "#1"},
				"west": {"uv": [3.5, 8.125, 3.75, 8.40625], "texture": "#1"},
				"up": {"uv": [8.0625, 3.125, 7.625, 2.875], "texture": "#1"},
				"down": {"uv": [3.6875, 7.625, 3.25, 7.875], "texture": "#1"}
			}
		},
		{
			"from": [5.296, 6.04786, 4.3575],
			"to": [6.648, 7.73786, 6.8925],
			"rotation": {"angle": 0, "axis": "y", "origin": [8, 4.69586, -66.6225]},
			"faces": {
				"north": {"uv": [9.625, 5, 9.71875, 5.125], "texture": "#1"},
				"east": {"uv": [9.25, 8.75, 9.4375, 8.875], "texture": "#1"},
				"south": {"uv": [9.625, 5.125, 9.71875, 5.25], "texture": "#1"},
				"west": {"uv": [9.25, 9, 9.4375, 9.125], "texture": "#1"},
				"up": {"uv": [3.96875, 9.6875, 3.875, 9.5], "texture": "#1"},
				"down": {"uv": [4.34375, 9.5, 4.25, 9.6875], "texture": "#1"}
			}
		},
		{
			"from": [5.127, 5.87886, 2.6675],
			"to": [10.873, 7.90686, 4.3575],
			"rotation": {"angle": 0, "axis": "y", "origin": [8, 4.69586, -66.6225]},
			"faces": {
				"north": {"uv": [6.125, 8.125, 6.5625, 8.28125], "texture": "#1"},
				"east": {"uv": [7.625, 9.375, 7.75, 9.53125], "texture": "#1"},
				"south": {"uv": [8.125, 6.25, 8.5625, 6.40625], "texture": "#1"},
				"west": {"uv": [9.375, 8, 9.5, 8.15625], "texture": "#1"},
				"up": {"uv": [6.1875, 8.5, 5.75, 8.375], "texture": "#1"},
				"down": {"uv": [8.8125, 5.75, 8.375, 5.875], "texture": "#1"}
			}
		},
		{
			"from": [6.986, 5.88055, 2.6675],
			"to": [9.014, 9.26055, 5.2025],
			"rotation": {"angle": 0, "axis": "y", "origin": [8, 4.69586, -66.6225]},
			"faces": {
				"north": {"uv": [3.25, 8.875, 3.40625, 9.125], "texture": "#1"},
				"east": {"uv": [8.75, 0.25, 8.9375, 0.5], "texture": "#1"},
				"south": {"uv": [3.5, 8.875, 3.65625, 9.125], "texture": "#1"},
				"west": {"uv": [8.75, 0.75, 8.9375, 1], "texture": "#1"},
				"up": {"uv": [4.78125, 9.3125, 4.625, 9.125], "texture": "#1"},
				"down": {"uv": [5.78125, 9.125, 5.625, 9.3125], "texture": "#1"}
			}
		},
		{
			"from": [7.493, 6.38586, 8.5825],
			"to": [8.507, 8.07586, 15.3425],
			"rotation": {"angle": 0, "axis": "y", "origin": [8, 4.69586, -66.6225]},
			"faces": {
				"north": {"uv": [7, 9.75, 7.0625, 9.875], "texture": "#1"},
				"east": {"uv": [4, 8.25, 4.5, 8.375], "texture": "#1"},
				"south": {"uv": [9.75, 7, 9.8125, 7.125], "texture": "#1"},
				"west": {"uv": [8.25, 7.25, 8.75, 7.375], "texture": "#1"},
				"up": {"uv": [9.0625, 6.375, 9, 5.875], "texture": "#1"},
				"down": {"uv": [6.3125, 9, 6.25, 9.5], "texture": "#1"}
			}
		},
		{
			"from": [5.465, 6.04786, 6.8925],
			"to": [6.479, 7.31536, 11.1175],
			"rotation": {"angle": 0, "axis": "y", "origin": [8, 4.69586, -66.6225]},
			"faces": {
				"north": {"uv": [1.875, 9.875, 1.9375, 9.96875], "texture": "#1"},
				"east": {"uv": [9.125, 5.625, 9.4375, 5.71875], "texture": "#1"},
				"south": {"uv": [9.875, 1.875, 9.9375, 1.96875], "texture": "#1"},
				"west": {"uv": [9.125, 5.875, 9.4375, 5.96875], "texture": "#1"},
				"up": {"uv": [8.3125, 9.6875, 8.25, 9.375], "texture": "#1"},
				"down": {"uv": [8.4375, 9.375, 8.375, 9.6875], "texture": "#1"}
			}
		},
		{
			"from": [9.521, 6.04786, 6.8925],
			"to": [10.535, 7.31536, 11.1175],
			"rotation": {"angle": 0, "axis": "y", "origin": [8, 4.69586, -66.6225]},
			"faces": {
				"north": {"uv": [2, 9.875, 2.0625, 9.96875], "texture": "#1"},
				"east": {"uv": [9.125, 6, 9.4375, 6.09375], "texture": "#1"},
				"south": {"uv": [9.875, 2, 9.9375, 2.09375], "texture": "#1"},
				"west": {"uv": [9.125, 6.125, 9.4375, 6.21875], "texture": "#1"},
				"up": {"uv": [9.1875, 9.6875, 9.125, 9.375], "texture": "#1"},
				"down": {"uv": [9.3125, 9.375, 9.25, 9.6875], "texture": "#1"}
			}
		},
		{
			"from": [9.352, 6.04786, 4.3575],
			"to": [10.704, 7.73786, 6.8925],
			"rotation": {"angle": 0, "axis": "y", "origin": [8, 4.69586, -66.6225]},
			"faces": {
				"north": {"uv": [9.625, 5.25, 9.71875, 5.375], "texture": "#1"},
				"east": {"uv": [9.125, 9.25, 9.3125, 9.375], "texture": "#1"},
				"south": {"uv": [9.625, 5.375, 9.71875, 5.5], "texture": "#1"},
				"west": {"uv": [9.25, 9.125, 9.4375, 9.25], "texture": "#1"},
				"up": {"uv": [4.46875, 9.6875, 4.375, 9.5], "texture": "#1"},
				"down": {"uv": [9.59375, 4.375, 9.5, 4.5625], "texture": "#1"}
			}
		},
		{
			"from": [30.477, 7.06186, -4.4305],
			"to": [32, 8.07586, -1.0505],
			"rotation": {"angle": -22.5, "axis": "y", "origin": [8, 4.69586, -66.6225]},
			"faces": {
				"north": {"uv": [9.75, 0, 9.90625, 0.0625], "texture": "#1"},
				"east": {"uv": [9.5, 6, 9.75, 6.0625], "texture": "#1"},
				"south": {"uv": [9.75, 0.125, 9.90625, 0.1875], "texture": "#1"},
				"west": {"uv": [6.125, 9.5, 6.375, 9.5625], "texture": "#1"},
				"up": {"uv": [4.15625, 9.125, 4, 8.875], "texture": "#1"},
				"down": {"uv": [9.03125, 4.125, 8.875, 4.375], "texture": "#1"}
			}
		},
		{
			"from": [7.662, 9.25886, -0.7125],
			"to": [8.338, 10.61086, 4.3575],
			"rotation": {"angle": 0, "axis": "y", "origin": [8, 3.68186, -66.6225]},
			"faces": {
				"north": {"uv": [2.125, 9.875, 2.1875, 9.96875], "texture": "#1"},
				"east": {"uv": [8.875, 6.625, 9.25, 6.71875], "texture": "#1"},
				"south": {"uv": [9.875, 2.125, 9.9375, 2.21875], "texture": "#1"},
				"west": {"uv": [8.875, 6.75, 9.25, 6.84375], "texture": "#1"},
				"up": {"uv": [0.5625, 9.75, 0.5, 9.375], "texture": "#1"},
				"down": {"uv": [0.6875, 9.375, 0.625, 9.75], "texture": "#1"}
			}
		},
		{
			"from": [-16, 7.06186, -4.4305],
			"to": [-14.477, 8.07586, -1.0505],
			"rotation": {"angle": 22.5, "axis": "y", "origin": [8, 4.69586, -66.6225]},
			"faces": {
				"north": {"uv": [9.75, 0.25, 9.90625, 0.3125], "texture": "#1"},
				"east": {"uv": [9.5, 6.125, 9.75, 6.1875], "texture": "#1"},
				"south": {"uv": [9.75, 0.375, 9.90625, 0.4375], "texture": "#1"},
				"west": {"uv": [9.5, 6.25, 9.75, 6.3125], "texture": "#1"},
				"up": {"uv": [4.40625, 9.125, 4.25, 8.875], "texture": "#1"},
				"down": {"uv": [4.65625, 8.875, 4.5, 9.125], "texture": "#1"}
			}
		}
	],
	"display": {
		"head": {
			"translation": [0, -5.75, 29.25],
			"scale": [4, 4, 4]
		}
	},
	"groups": [
		{
			"name": "root",
			"origin": [24, -15, 15],
			"color": 2,
			"children": [
				{
					"name": "tail",
					"origin": [12, 0, -16],
					"color": 2,
					"children": [
						{
							"name": "5",
							"origin": [12, 1.2, -16],
							"color": 0,
							"children": [0, 1, 2, 3, 4, 5, 6, 7, 8, 9, 10, 11]
						}
					]
				}
			]
		}
	]
}