{
	"credit": "Made with Blockbench",
	"textures": {
		"1": "tiga/tiga"
	},
	"elements": [
		{
			"from": [4.62, 5.19959, 3.53309],
			"to": [11.38, 9.08659, 9.44809],
			"rotation": {"angle": 0, "axis": "y", "origin": [8, 2.32659, -31.11191]},
			"faces": {
				"north": {"uv": [6.75, 2.75, 7.25, 3.03125], "texture": "#1"},
				"east": {"uv": [7.25, 1.875, 7.6875, 2.15625], "texture": "#1"},
				"south": {"uv": [6.75, 3.5, 7.25, 3.78125], "texture": "#1"},
				"west": {"uv": [7.25, 3.5, 7.6875, 3.78125], "texture": "#1"},
				"up": {"uv": [6.375, 1.3125, 5.875, 0.875], "texture": "#1"},
				"down": {"uv": [1.75, 5.875, 1.25, 6.3125], "texture": "#1"}
			}
		},
		{
			"from": [7.324, 9.93159, -0.69191],
			"to": [8.676, 12.63559, 9.44809],
			"rotation": {"angle": 0, "axis": "y", "origin": [8, 2.32659, -31.11191]},
			"faces": {
				"north": {"uv": [2.5, 9.5, 2.59375, 9.6875], "texture": "#1"},
				"east": {"uv": [6.625, 5, 7.375, 5.1875], "texture": "#1"},
				"south": {"uv": [2.625, 9.5, 2.71875, 9.6875], "texture": "#1"},
				"west": {"uv": [6.75, 3.875, 7.5, 4.0625], "texture": "#1"},
				"up": {"uv": [3.96875, 8.75, 3.875, 8], "texture": "#1"},
				"down": {"uv": [0.84375, 8.125, 0.75, 8.875], "texture": "#1"}
			}
		},
		{
			"from": [3.437, 6.55159, 2.68809],
			"to": [12.563, 7.90359, 9.44809],
			"rotation": {"angle": 0, "axis": "y", "origin": [8, 2.32659, -31.11191]},
			"faces": {
				"north": {"uv": [8.125, 7.75, 8.8125, 7.84375], "texture": "#1"},
				"east": {"uv": [8.625, 6.375, 9.125, 6.46875], "texture": "#1"},
				"south": {"uv": [8.125, 7.875, 8.8125, 7.96875], "texture": "#1"},
				"west": {"uv": [8.625, 6.875, 9.125, 6.96875], "texture": "#1"},
				"up": {"uv": [4.9375, 3.875, 4.25, 3.375], "texture": "#1"},
				"down": {"uv": [5.1875, 2, 4.5, 2.5], "texture": "#1"}
			}
		},
		{
			"from": [5.634, 9.08659, 3.53309],
			"to": [10.366, 9.93159, 6.91309],
			"rotation": {"angle": 0, "axis": "y", "origin": [8, 2.32659, -31.11191]},
			"faces": {
				"north": {"uv": [9.375, 1, 9.71875, 1.0625], "texture": "#1"},
				"east": {"uv": [5.875, 9.5, 6.125, 9.5625], "texture": "#1"},
				"south": {"uv": [9.375, 1.125, 9.71875, 1.1875], "texture": "#1"},
				"west": {"uv": [9.5, 5.875, 9.75, 5.9375], "texture": "#1"},
				"up": {"uv": [0.84375, 8.125, 0.5, 7.875], "texture": "#1"},
				"down": {"uv": [1.84375, 7.875, 1.5, 8.125], "texture": "#1"}
			}
		},
		{
			"from": [4.113, 6.55159, -0.69191],
			"to": [11.887, 7.90359, 2.68809],
			"rotation": {"angle": 0, "axis": "y", "origin": [8, 2.32659, -31.11191]},
			"faces": {
				"north": {"uv": [8.375, 6.125, 8.9375, 6.21875], "texture": "#1"},
				"east": {"uv": [8.25, 9.25, 8.5, 9.34375], "texture": "#1"},
				"south": {"uv": [8.5, 0.625, 9.0625, 0.71875], "texture": "#1"},
				"west": {"uv": [9.25, 8.375, 9.5, 8.46875], "texture": "#1"},
				"up": {"uv": [7.3125, 5.5, 6.75, 5.25], "texture": "#1"},
				"down": {"uv": [7.3125, 5.5, 6.75, 5.75], "texture": "#1"}
			}
		},
		{
			"from": [6.479, 8.57959, -0.69191],
			"to": [9.521, 9.93175, 9.44809],
			"rotation": {"angle": 0, "axis": "y", "origin": [8, 2.32659, -31.11191]},
			"faces": {
				"north": {"uv": [9.375, 3.5, 9.59375, 3.59375], "texture": "#1"},
				"east": {"uv": [4, 8.125, 4.75, 8.21875], "texture": "#1"},
				"south": {"uv": [9.375, 3.625, 9.59375, 3.71875], "texture": "#1"},
				"west": {"uv": [8.125, 4.125, 8.875, 4.21875], "texture": "#1"},
				"up": {"uv": [1.46875, 4.5, 1.25, 3.75], "texture": "#1"},
				"down": {"uv": [6.46875, 5.875, 6.25, 6.625], "texture": "#1"}
			}
		},
		{
			"from": [5.465, 4.01659, -0.69191],
			"to": [10.535, 6.88959, 2.68809],
			"rotation": {"angle": 0, "axis": "y", "origin": [8, 2.32659, -31.11191]},
			"faces": {
				"north": {"uv": [8, 0.75, 8.375, 0.96875], "texture": "#1"},
				"east": {"uv": [8.375, 3.5, 8.625, 3.71875], "texture": "#1"},
				"south": {"uv": [0.875, 8, 1.25, 8.21875], "texture": "#1"},
				"west": {"uv": [4, 8.375, 4.25, 8.59375], "texture": "#1"},
				"up": {"uv": [0.375, 5.875, 0, 5.625], "texture": "#1"},
				"down": {"uv": [6.25, 4.625, 5.875, 4.875], "texture": "#1"}
			}
		},
		{
			"from": [5.465, 3.50959, 2.68809],
			"to": [10.535, 6.88959, 9.44809],
			"rotation": {"angle": 0, "axis": "y", "origin": [8, 2.32659, -31.11191]},
			"faces": {
				"north": {"uv": [1.875, 7.75, 2.25, 8], "texture": "#1"},
				"east": {"uv": [7.25, 1.625, 7.75, 1.875], "texture": "#1"},
				"south": {"uv": [7.75, 1.875, 8.125, 2.125], "texture": "#1"},
				"west": {"uv": [1.875, 7.25, 2.375, 7.5], "texture": "#1"},
				"up": {"uv": [1.25, 6.625, 0.875, 6.125], "texture": "#1"},
				"down": {"uv": [6.5, 1.375, 6.125, 1.875], "texture": "#1"}
			}
		},
		{
			"from": [18.985, 8.57959, -0.69191],
			"to": [20.506, 9.9299, 1.84309],
			"rotation": {"angle": -22.5, "axis": "y", "origin": [8, 2.32659, -31.11191]},
			"faces": {
				"north": {"uv": [0.375, 8, 0.5, 8.09375], "texture": "#1"},
				"east": {"uv": [9.5, 2.625, 9.6875, 2.71875], "texture": "#1"},
				"south": {"uv": [1.125, 8.25, 1.25, 8.34375], "texture": "#1"},
				"west": {"uv": [2.75, 9.5, 2.9375, 9.59375], "texture": "#1"},
				"up": {"uv": [8.625, 9.4375, 8.5, 9.25], "texture": "#1"},
				"down": {"uv": [9.375, 8.5, 9.25, 8.6875], "texture": "#1"}
			}
		},
		{
			"from": [16.788, 6.55328, 0.15309],
			"to": [19.0695, 7.9019, 1.84309],
			"rotation": {"angle": -22.5, "axis": "y", "origin": [8, 2.32659, -31.11191]},
			"faces": {
				"north": {"uv": [9.5, 6.375, 9.65625, 6.46875], "texture": "#1"},
				"east": {"uv": [3.125, 8.25, 3.25, 8.34375], "texture": "#1"},
				"south": {"uv": [9.5, 7, 9.65625, 7.09375], "texture": "#1"},
				"west": {"uv": [9.625, 0.875, 9.75, 0.96875], "texture": "#1"},
				"up": {"uv": [7.28125, 9.5, 7.125, 9.375], "texture": "#1"},
				"down": {"uv": [9.53125, 7.625, 9.375, 7.75], "texture": "#1"}
			}
		},
		{
			"from": [18.14, 7.90359, -2.38191],
			"to": [20.0835, 9.0849, 2.26559],
			"rotation": {"angle": -22.5, "axis": "y", "origin": [8, 2.32659, -31.11191]},
			"faces": {
				"north": {"uv": [7.125, 9.5, 7.28125, 9.59375], "texture": "#1"},
				"east": {"uv": [8.875, 8.5, 9.21875, 8.59375], "texture": "#1"},
				"south": {"uv": [9.5, 7.125, 9.65625, 7.21875], "texture": "#1"},
				"west": {"uv": [8.875, 8.625, 9.21875, 8.71875], "texture": "#1"},
				"up": {"uv": [5.53125, 8.71875, 5.375, 8.375], "texture": "#1"},
				"down": {"uv": [8.53125, 6.625, 8.375, 6.96875], "texture": "#1"}
			}
		},
		{
			"from": [-4.0835, 7.90359, -2.38191],
			"to": [-2.14, 9.0849, 2.26559],
			"rotation": {"angle": 22.5, "axis": "y", "origin": [8, 2.32659, -31.11191]},
			"faces": {
				"north": {"uv": [9.5, 7.25, 9.65625, 7.34375], "texture": "#1"},
				"east": {"uv": [8.75, 8.875, 9.09375, 8.96875], "texture": "#1"},
				"south": {"uv": [9.5, 7.375, 9.65625, 7.46875], "texture": "#1"},
				"west": {"uv": [8.875, 8.75, 9.21875, 8.84375], "texture": "#1"},
				"up": {"uv": [7.53125, 8.71875, 7.375, 8.375], "texture": "#1"},
				"down": {"uv": [8.53125, 7.375, 8.375, 7.71875], "texture": "#1"}
			}
		},
		{
			"from": [-4.506, 8.57959, -0.69191],
			"to": [-2.985, 9.9299, 1.84309],
			"rotation": {"angle": 22.5, "axis": "y", "origin": [8, 2.32659, -31.11191]},
			"faces": {
				"north": {"uv": [9.625, 1.75, 9.75, 1.84375], "texture": "#1"},
				"east": {"uv": [9.5, 2.75, 9.6875, 2.84375], "texture": "#1"},
				"south": {"uv": [4.125, 9.625, 4.25, 9.71875], "texture": "#1"},
				"west": {"uv": [9.5, 2.875, 9.6875, 2.96875], "texture": "#1"},
				"up": {"uv": [8.75, 9.4375, 8.625, 9.25], "texture": "#1"},
				"down": {"uv": [8.875, 9.25, 8.75, 9.4375], "texture": "#1"}
			}
		},
		{
			"from": [-3.0695, 6.55328, 0.15309],
			"to": [-0.788, 7.9019, 1.84309],
			"rotation": {"angle": 22.5, "axis": "y", "origin": [8, 2.32659, -31.11191]},
			"faces": {
				"north": {"uv": [7.875, 9.5, 8.03125, 9.59375], "texture": "#1"},
				"east": {"uv": [9.625, 4.375, 9.75, 4.46875], "texture": "#1"},
				"south": {"uv": [9.5, 8, 9.65625, 8.09375], "texture": "#1"},
				"west": {"uv": [9.625, 4.5, 9.75, 4.59375], "texture": "#1"},
				"up": {"uv": [9.53125, 7.875, 9.375, 7.75], "texture": "#1"},
				"down": {"uv": [9.53125, 7.875, 9.375, 8], "texture": "#1"}
			}
		},
		{
			"from": [5.465, 4.18559, 9.44809],
			"to": [10.535, 9.08659, 22.96809],
			"rotation": {"angle": 0, "axis": "y", "origin": [8, 2.32659, -31.11191]},
			"faces": {
				"north": {"uv": [3.25, 3.75, 3.625, 4.125], "texture": "#1"},
				"east": {"uv": [3.75, 4.125, 4.75, 4.5], "texture": "#1"},
				"south": {"uv": [4.625, 6.75, 5, 7.125], "texture": "#1"},
				"west": {"uv": [4.25, 0.375, 5.25, 0.75], "texture": "#1"},
				"up": {"uv": [0.875, 5.375, 0.5, 4.375], "texture": "#1"},
				"down": {"uv": [1.25, 4.375, 0.875, 5.375], "texture": "#1"}
			}
		},
		{
			"from": [7.493, 9.76259, 9.44809],
			"to": [8.507, 11.79059, 22.96809],
			"rotation": {"angle": 0, "axis": "y", "origin": [8, 2.32659, -31.11191]},
			"faces": {
				"north": {"uv": [9.5, 9.625, 9.5625, 9.78125], "texture": "#1"},
				"east": {"uv": [6.5, 3.25, 7.5, 3.40625], "texture": "#1"},
				"south": {"uv": [9.625, 9.5, 9.6875, 9.65625], "texture": "#1"},
				"west": {"uv": [6.5, 5.875, 7.5, 6.03125], "texture": "#1"},
				"up": {"uv": [7.0625, 9.125, 7, 8.125], "texture": "#1"},
				"down": {"uv": [0.0625, 8.25, 0, 9.25], "texture": "#1"}
			}
		},
		{
			"from": [24.4775, 6.21359, 15.27859],
			"to": [26.59, 8.24159, 19.92609],
			"rotation": {"angle": -22.5, "axis": "y", "origin": [8, 3.84759, -31.11191]},
			"faces": {
				"north": {"uv": [9.25, 2.625, 9.40625, 2.78125], "texture": "#1"},
				"east": {"uv": [1.875, 8.5, 2.21875, 8.65625], "texture": "#1"},
				"south": {"uv": [3.75, 9.25, 3.90625, 9.40625], "texture": "#1"},
				"west": {"uv": [8.5, 1.875, 8.84375, 2.03125], "texture": "#1"},
				"up": {"uv": [3.40625, 8.84375, 3.25, 8.5], "texture": "#1"},
				"down": {"uv": [3.65625, 8.5, 3.5, 8.84375], "texture": "#1"}
			}
		},
		{
			"from": [4.282, 6.55159, 9.44809],
			"to": [11.718, 7.90359, 14.51809],
			"rotation": {"angle": 0, "axis": "y", "origin": [8, 2.32659, -31.11191]},
			"faces": {
				"north": {"uv": [8.5, 3.75, 9.0625, 3.84375], "texture": "#1"},
				"east": {"uv": [8.875, 5.75, 9.25, 5.84375], "texture": "#1"},
				"south": {"uv": [8.625, 1.75, 9.1875, 1.84375], "texture": "#1"},
				"west": {"uv": [8.875, 6.5, 9.25, 6.59375], "texture": "#1"},
				"up": {"uv": [6.1875, 5.25, 5.625, 4.875], "texture": "#1"},
				"down": {"uv": [6.4375, 3.25, 5.875, 3.625], "texture": "#1"}
			}
		},
		{
			"from": [6.141, 9.08659, 9.44809],
			"to": [9.859, 9.76259, 22.96809],
			"rotation": {"angle": 0, "axis": "y", "origin": [8, 2.32659, -31.11191]},
			"faces": {
				"north": {"uv": [3, 9.5, 3.28125, 9.5625], "texture": "#1"},
				"east": {"uv": [8.25, 7, 9.25, 7.0625], "texture": "#1"},
				"south": {"uv": [9.5, 3, 9.78125, 3.0625], "texture": "#1"},
				"west": {"uv": [8.25, 7.125, 9.25, 7.1875], "texture": "#1"},
				"up": {"uv": [0.28125, 5.625, 0, 4.625], "texture": "#1"},
				"down": {"uv": [5.03125, 3.875, 4.75, 4.875], "texture": "#1"}
			}
		},
		{
			"from": [4.958, 6.72059, 14.51809],
			"to": [11.042, 7.73459, 21.27809],
			"rotation": {"angle": 0, "axis": "y", "origin": [8, 2.32659, -31.11191]},
			"faces": {
				"north": {"uv": [9.125, 6.875, 9.5625, 6.9375], "texture": "#1"},
				"east": {"uv": [9, 5, 9.5, 5.0625], "texture": "#1"},
				"south": {"uv": [9.125, 7.5, 9.5625, 7.5625], "texture": "#1"},
				"west": {"uv": [5.375, 9, 5.875, 9.0625], "texture": "#1"},
				"up": {"uv": [3.0625, 6.375, 2.625, 5.875], "texture": "#1"},
				"down": {"uv": [6.3125, 2.75, 5.875, 3.25], "texture": "#1"}
			}
		},
		{
			"from": [-10.59, 6.21359, 15.27859],
			"to": [-8.4775, 8.24159, 19.92609],
			"rotation": {"angle": 22.5, "axis": "y", "origin": [8, 3.84759, -31.11191]},
			"faces": {
				"north": {"uv": [4.25, 9.25, 4.40625, 9.40625], "texture": "#1"},
				"east": {"uv": [8.5, 2.625, 8.84375, 2.78125], "texture": "#1"},
				"south": {"uv": [9.25, 4.375, 9.40625, 4.53125], "texture": "#1"},
				"west": {"uv": [5.625, 8.5, 5.96875, 8.65625], "texture": "#1"},
				"up": {"uv": [4.65625, 8.84375, 4.5, 8.5], "texture": "#1"},
				"down": {"uv": [6.15625, 8.5, 6, 8.84375], "texture": "#1"}
			}
		}
	],
	"display": {
		"head": {
			"translation": [0, -4, 26.75],
			"scale": [4, 4, 4]
		}
	},
	"groups": [
		{
			"name": "root",
			"origin": [24, -15, 15],
			"color": 2,
			"children": [
				{
					"name": "tail",
					"origin": [12, 0, -16],
					"color": 2,
					"children": [
						{
							"name": "group",
							"origin": [12, 0, -16],
							"color": 0,
							"children": [
								{
									"name": "2",
									"origin": [12, 0, -16],
									"color": 0,
									"children": [0, 1, 2, 3, 4, 5, 6, 7, 8, 9, 10, 11, 12, 13]
								},
								{
									"name": "3",
									"origin": [12, 0.9, -16],
									"color": 0,
									"children": [14, 15, 16, 17, 18, 19, 20]
								}
							]
						}
					]
				}
			]
		}
	]
}