{
	"credit": "Made with Blockbench",
	"texture_size": [32, 32],
	"textures": {
		"0": "dyno/head",
		"particle": "dyno/head"
	},
	"elements": [
		{
			"from": [6.62813, 11.23038, 7.31009],
			"to": [9.37373, 11.72958, 13.13409],
			"rotation": {"angle": 0, "axis": "y", "origin": [7.99781, 10.31933, 7.89294]},
			"faces": {
				"north": {"uv": [1.5, 4.5, 2, 5], "texture": "#0"},
				"east": {"uv": [3.5, 0, 5, 0.5], "texture": "#0"},
				"south": {"uv": [0.5, 7.5, 1, 8], "texture": "#0"},
				"west": {"uv": [3.5, 0.5, 5, 1], "texture": "#0"},
				"up": {"uv": [13.25, 2.75, 11.5, 1.5], "rotation": 90, "texture": "#0"},
				"down": {"uv": [3, 3.5, 2.5, 5], "texture": "#0"}
			}
		},
		{
			"from": [5.31773, 9.98238, 6.06209],
			"to": [10.68413, 11.23038, 13.13409],
			"rotation": {"angle": 0, "axis": "y", "origin": [7.99781, 10.31933, 7.89294]},
			"faces": {
				"north": {"uv": [0, 4, 1, 4.5], "texture": "#0"},
				"east": {"uv": [3.5, 1, 5, 1.5], "texture": "#0"},
				"south": {"uv": [4.5, 4, 5.5, 4.5], "texture": "#0"},
				"west": {"uv": [3.5, 1.5, 5, 2], "texture": "#0"},
				"up": {"uv": [1, 1.5, 0, 0], "texture": "#0"},
				"down": {"uv": [2, 1, 1, 2.5], "texture": "#0"}
			}
		},
		{
			"from": [7.37693, 10.34183, 8.44318],
			"to": [8.62493, 11.58983, 10.93918],
			"rotation": {"angle": -22.5, "axis": "x", "origin": [7.99781, 10.31933, 7.89294]},
			"faces": {
				"north": {"uv": [1, 7.5, 1.5, 8], "texture": "#0"},
				"east": {"uv": [1.5, 7.5, 2, 8], "texture": "#0"},
				"south": {"uv": [2, 7.5, 2.5, 8], "texture": "#0"},
				"west": {"uv": [2.5, 7.5, 3, 8], "texture": "#0"},
				"up": {"uv": [3.5, 8, 3, 7.5], "texture": "#0"},
				"down": {"uv": [4, 7.5, 3.5, 8], "texture": "#0"}
			}
		},
		{
			"from": [7.37693, 9.1001, 11.44099],
			"to": [8.62493, 10.3481, 13.93699],
			"rotation": {"angle": -22.5, "axis": "x", "origin": [7.99781, 10.31933, 7.89294]},
			"faces": {
				"north": {"uv": [4, 7.5, 4.5, 8], "texture": "#0"},
				"east": {"uv": [4.5, 7.5, 5, 8], "texture": "#0"},
				"south": {"uv": [5, 7.5, 5.5, 8], "texture": "#0"},
				"west": {"uv": [5.5, 7.5, 6, 8], "texture": "#0"},
				"up": {"uv": [6.5, 8, 6, 7.5], "texture": "#0"},
				"down": {"uv": [7, 7.5, 6.5, 8], "texture": "#0"}
			}
		},
		{
			"from": [5.75453, 6.86238, 4.19009],
			"to": [10.24733, 10.48158, 6.06209],
			"rotation": {"angle": 0, "axis": "y", "origin": [7.99781, 10.31933, 7.89294]},
			"faces": {
				"north": {"uv": [0, 5, 1, 5.5], "texture": "#0"},
				"east": {"uv": [10.5, 8, 10, 9.25], "texture": "#0"},
				"south": {"uv": [1, 5, 2, 5.5], "texture": "#0"},
				"west": {"uv": [10, 8, 10.5, 9.25], "texture": "#0"},
				"up": {"uv": [3, 5.5, 2, 5], "texture": "#0"},
				"down": {"uv": [4, 5, 3, 5.5], "texture": "#0"}
			}
		},
		{
			"from": [5.13053, 6.86238, 6.06209],
			"to": [10.87133, 9.98238, 13.13409],
			"rotation": {"angle": 0, "axis": "y", "origin": [7.99781, 10.31933, 7.89294]},
			"faces": {
				"north": {"uv": [4, 5, 5, 5.5], "texture": "#0"},
				"east": {"uv": [3, 4, 4.5, 4.5], "texture": "#0"},
				"south": {"uv": [5, 5, 6, 5.5], "texture": "#0"},
				"west": {"uv": [4, 2, 5.5, 2.5], "texture": "#0"},
				"up": {"uv": [1, 3, 0, 1.5], "texture": "#0"},
				"down": {"uv": [3, 2, 2, 3.5], "texture": "#0"}
			}
		},
		{
			"from": [5.13053, 4.36638, 9.80609],
			"to": [10.87133, 6.86238, 13.13409],
			"rotation": {"angle": 0, "axis": "y", "origin": [7.99781, 10.31933, 7.89294]},
			"faces": {
				"north": {"uv": [5, 0, 6, 0.5], "texture": "#0"},
				"east": {"uv": [5, 0.5, 6, 1], "texture": "#0"},
				"south": {"uv": [5, 1, 6, 1.5], "texture": "#0"},
				"west": {"uv": [5, 1.5, 6, 2], "texture": "#0"},
				"up": {"uv": [2, 3.5, 1, 2.5], "texture": "#0"},
				"down": {"uv": [3.5, 0, 2.5, 1], "texture": "#0"}
			}
		},
		{
			"from": [6.75293, 6.86238, 2.73409],
			"to": [9.24893, 10.23198, 4.19009],
			"rotation": {"angle": 0, "axis": "y", "origin": [7.99781, 10.31933, 7.89294]},
			"faces": {
				"north": {"uv": [7.5, 2, 8, 2.5], "texture": "#0"},
				"east": {"uv": [7.5, 2.5, 8, 3], "texture": "#0"},
				"south": {"uv": [7.5, 3, 8, 3.5], "texture": "#0"},
				"west": {"uv": [7.5, 3.5, 8, 4], "texture": "#0"},
				"up": {"uv": [8, 4.5, 7.5, 4], "texture": "#0"},
				"down": {"uv": [8, 6, 7.5, 6.5], "texture": "#0"}
			}
		},
		{
			"from": [7.00253, 4.34066, 3.27912],
			"to": [8.99933, 7.83506, 4.71432],
			"rotation": {"angle": 22.5, "axis": "x", "origin": [7.99781, 10.31933, 8.93294]},
			"faces": {
				"north": {"uv": [7.5, 6.5, 8, 7], "texture": "#0"},
				"east": {"uv": [0.5, 8, 1, 8.5], "texture": "#0"},
				"south": {"uv": [1, 8, 1.5, 8.5], "texture": "#0"},
				"west": {"uv": [1.5, 8, 2, 8.5], "texture": "#0"},
				"up": {"uv": [2.5, 8.5, 2, 8], "texture": "#0"},
				"down": {"uv": [3, 8, 2.5, 8.5], "texture": "#0"}
			}
		},
		{
			"from": [6.00413, 4.84623, 3.97298],
			"to": [6.87773, 7.52943, 5.72018],
			"rotation": {"angle": 22.5, "axis": "x", "origin": [7.99781, 10.31933, 7.89294]},
			"faces": {
				"north": {"uv": [3, 8, 3.5, 8.5], "texture": "#0"},
				"east": {"uv": [3.5, 8, 4, 8.5], "texture": "#0"},
				"south": {"uv": [4, 8, 4.5, 8.5], "texture": "#0"},
				"west": {"uv": [4.5, 8, 5, 8.5], "texture": "#0"},
				"up": {"uv": [5.5, 8.5, 5, 8], "texture": "#0"},
				"down": {"uv": [6, 8, 5.5, 8.5], "texture": "#0"}
			}
		},
		{
			"from": [9.12413, 4.84623, 3.97298],
			"to": [9.99773, 7.52943, 5.72018],
			"rotation": {"angle": 22.5, "axis": "x", "origin": [7.99781, 10.31933, 7.89294]},
			"faces": {
				"north": {"uv": [6, 8, 6.5, 8.5], "texture": "#0"},
				"east": {"uv": [6.5, 8, 7, 8.5], "texture": "#0"},
				"south": {"uv": [7, 8, 7.5, 8.5], "texture": "#0"},
				"west": {"uv": [7.5, 8, 8, 8.5], "texture": "#0"},
				"up": {"uv": [8.5, 8.5, 8, 8], "texture": "#0"},
				"down": {"uv": [8.5, 0, 8, 0.5], "texture": "#0"}
			}
		},
		{
			"from": [4.47533, 8.35998, 6.43649],
			"to": [11.52653, 9.48318, 11.80289],
			"rotation": {"angle": 0, "axis": "y", "origin": [8.02901, 10.31933, 7.89294]},
			"faces": {
				"north": {"uv": [4, 2.5, 5.5, 3], "texture": "#0"},
				"east": {"uv": [3, 5.5, 4, 6], "texture": "#0"},
				"south": {"uv": [4, 3, 5.5, 3.5], "texture": "#0"},
				"west": {"uv": [4, 5.5, 5, 6], "texture": "#0"},
				"up": {"uv": [2.5, 1, 1, 0], "texture": "#0"},
				"down": {"uv": [3.5, 1, 2, 2], "texture": "#0"}
			}
		},
		{
			"from": [5.25533, 8.11038, 3.19169],
			"to": [10.62173, 9.23358, 6.68609],
			"rotation": {"angle": 0, "axis": "y", "origin": [7.99781, 10.31933, 7.89294]},
			"faces": {
				"north": {"uv": [5, 5.5, 6, 6], "texture": "#0"},
				"east": {"uv": [8, 0.5, 8.5, 1], "texture": "#0"},
				"south": {"uv": [5.5, 2, 6.5, 2.5], "texture": "#0"},
				"west": {"uv": [8, 1, 8.5, 1.5], "texture": "#0"},
				"up": {"uv": [6.5, 3, 5.5, 2.5], "texture": "#0"},
				"down": {"uv": [6.5, 3, 5.5, 3.5], "texture": "#0"}
			}
		},
		{
			"from": [5.62973, 9.10855, 2.20394],
			"to": [7.12733, 11.47975, 8.31914],
			"rotation": {"angle": 22.5, "axis": "x", "origin": [7.99781, 10.31933, 7.89294]},
			"faces": {
				"north": {"uv": [8, 1.5, 8.5, 2], "texture": "#0"},
				"east": {"uv": [5.5, 3.5, 6.5, 4], "texture": "#0"},
				"south": {"uv": [8, 2, 8.5, 2.5], "texture": "#0"},
				"west": {"uv": [5.5, 4, 6.5, 4.5], "texture": "#0"},
				"up": {"uv": [1.5, 7, 1, 6], "texture": "#0"},
				"down": {"uv": [2, 6, 1.5, 7], "texture": "#0"}
			}
		},
		{
			"from": [5.87933, 11.11586, 0.14821],
			"to": [6.87773, 13.23746, 3.26821],
			"rotation": {"angle": 0, "axis": "y", "origin": [7.99781, 10.31933, 7.89294]},
			"faces": {
				"north": {"uv": [8, 2.5, 8.5, 3], "texture": "#0"},
				"east": {"uv": [8, 3, 8.5, 3.5], "texture": "#0"},
				"south": {"uv": [8, 3.5, 8.5, 4], "texture": "#0"},
				"west": {"uv": [8, 4, 8.5, 4.5], "texture": "#0"},
				"up": {"uv": [8.5, 5, 8, 4.5], "texture": "#0"},
				"down": {"uv": [8.5, 5, 8, 5.5], "texture": "#0"}
			}
		},
		{
			"from": [6.00413, 8.28418, -0.97618],
			"to": [6.75293, 10.15618, 0.39662],
			"rotation": {"angle": 22.5, "axis": "x", "origin": [7.99781, 10.31933, 7.89294]},
			"faces": {
				"north": {"uv": [8, 5.5, 8.5, 6], "texture": "#0"},
				"east": {"uv": [8, 6, 8.5, 6.5], "texture": "#0"},
				"south": {"uv": [8, 6.5, 8.5, 7], "texture": "#0"},
				"west": {"uv": [8, 7, 8.5, 7.5], "texture": "#0"},
				"up": {"uv": [8.5, 8, 8, 7.5], "texture": "#0"},
				"down": {"uv": [0.5, 8.5, 0, 9], "texture": "#0"}
			}
		},
		{
			"from": [6.12893, 5.38923, -1.11314],
			"to": [6.62813, 6.51243, 0.96018],
			"rotation": {"angle": 45, "axis": "x", "origin": [7.99781, 10.31933, 7.89294]},
			"faces": {
				"north": {"uv": [0.5, 8.5, 1, 9], "texture": "#0"},
				"east": {"uv": [1, 8.5, 1.5, 9], "texture": "#0"},
				"south": {"uv": [1.5, 8.5, 2, 9], "texture": "#0"},
				"west": {"uv": [2, 8.5, 2.5, 9], "texture": "#0"},
				"up": {"uv": [3, 9, 2.5, 8.5], "texture": "#0"},
				"down": {"uv": [3.5, 8.5, 3, 9], "texture": "#0"}
			}
		},
		{
			"from": [6.12893, 13.7415, 5.43147],
			"to": [6.62813, 15.81482, 6.55467],
			"rotation": {"angle": 0, "axis": "y", "origin": [7.99781, 10.31933, 7.89294]},
			"faces": {
				"north": {"uv": [3.5, 8.5, 4, 9], "texture": "#0"},
				"east": {"uv": [4, 8.5, 4.5, 9], "texture": "#0"},
				"south": {"uv": [4.5, 8.5, 5, 9], "texture": "#0"},
				"west": {"uv": [5, 8.5, 5.5, 9], "texture": "#0"},
				"up": {"uv": [6, 9, 5.5, 8.5], "texture": "#0"},
				"down": {"uv": [6.5, 8.5, 6, 9], "texture": "#0"}
			}
		},
		{
			"from": [6.00413, 9.94857, 9.73238],
			"to": [6.75293, 13.51949, 11.10518],
			"rotation": {"angle": -22.5, "axis": "x", "origin": [7.99781, 10.31933, 7.89294]},
			"faces": {
				"north": {"uv": [6.5, 8.5, 7, 9], "texture": "#0"},
				"east": {"uv": [7, 8.5, 7.5, 9], "texture": "#0"},
				"south": {"uv": [7.5, 8.5, 8, 9], "texture": "#0"},
				"west": {"uv": [8, 8.5, 8.5, 9], "texture": "#0"},
				"up": {"uv": [9, 9, 8.5, 8.5], "texture": "#0"},
				"down": {"uv": [9, 0, 8.5, 0.5], "texture": "#0"}
			}
		},
		{
			"from": [6.12893, 13.19337, 9.91958],
			"to": [6.62813, 14.76749, 10.60598],
			"rotation": {"angle": -22.5, "axis": "x", "origin": [7.99781, 10.31933, 7.89294]},
			"faces": {
				"north": {"uv": [8.5, 0.5, 9, 1], "texture": "#0"},
				"east": {"uv": [8.5, 1, 9, 1.5], "texture": "#0"},
				"south": {"uv": [8.5, 1.5, 9, 2], "texture": "#0"},
				"west": {"uv": [8.5, 2, 9, 2.5], "texture": "#0"},
				"up": {"uv": [9, 3, 8.5, 2.5], "texture": "#0"},
				"down": {"uv": [9, 3, 8.5, 3.5], "texture": "#0"}
			}
		},
		{
			"from": [6.12893, 9.18443, 11.57719],
			"to": [6.62813, 12.50575, 12.70039],
			"rotation": {"angle": -22.5, "axis": "x", "origin": [7.99781, 10.31933, 7.89294]},
			"faces": {
				"north": {"uv": [8.5, 3.5, 9, 4], "texture": "#0"},
				"east": {"uv": [8.5, 4, 9, 4.5], "texture": "#0"},
				"south": {"uv": [8.5, 4.5, 9, 5], "texture": "#0"},
				"west": {"uv": [8.5, 5, 9, 5.5], "texture": "#0"},
				"up": {"uv": [9, 6, 8.5, 5.5], "texture": "#0"},
				"down": {"uv": [9, 6, 8.5, 6.5], "texture": "#0"}
			}
		},
		{
			"from": [6.00413, 13.62759, 6.79506],
			"to": [6.75293, 15.00039, 8.66706],
			"rotation": {"angle": -22.5, "axis": "x", "origin": [7.99781, 10.31933, 7.89294]},
			"faces": {
				"north": {"uv": [8.5, 6.5, 9, 7], "texture": "#0"},
				"east": {"uv": [8.5, 7, 9, 7.5], "texture": "#0"},
				"south": {"uv": [8.5, 7.5, 9, 8], "texture": "#0"},
				"west": {"uv": [8.5, 8, 9, 8.5], "texture": "#0"},
				"up": {"uv": [0.5, 9.5, 0, 9], "texture": "#0"},
				"down": {"uv": [1, 9, 0.5, 9.5], "texture": "#0"}
			}
		},
		{
			"from": [5.87933, 10.37908, 4.37615],
			"to": [6.87773, 12.50068, 8.74415],
			"rotation": {"angle": 45, "axis": "x", "origin": [7.99781, 10.31933, 7.89294]},
			"faces": {
				"north": {"uv": [1, 9, 1.5, 9.5], "texture": "#0"},
				"east": {"uv": [2, 6, 3, 6.5], "texture": "#0"},
				"south": {"uv": [1.5, 9, 2, 9.5], "texture": "#0"},
				"west": {"uv": [3, 6, 4, 6.5], "texture": "#0"},
				"up": {"uv": [4.5, 7, 4, 6], "texture": "#0"},
				"down": {"uv": [5, 6, 4.5, 7], "texture": "#0"}
			}
		},
		{
			"from": [4.50653, 7.40834, 10.53318],
			"to": [5.75453, 8.28194, 13.02918],
			"rotation": {"angle": -22.5, "axis": "x", "origin": [7.99781, 10.31933, 7.89294]},
			"faces": {
				"north": {"uv": [2, 9, 2.5, 9.5], "texture": "#0"},
				"east": {"uv": [2.5, 9, 3, 9.5], "texture": "#0"},
				"south": {"uv": [3, 9, 3.5, 9.5], "texture": "#0"},
				"west": {"uv": [3.5, 9, 4, 9.5], "texture": "#0"},
				"up": {"uv": [4.5, 9.5, 4, 9], "texture": "#0"},
				"down": {"uv": [5, 9, 4.5, 9.5], "texture": "#0"}
			}
		},
		{
			"from": [4.75613, 5.88609, 11.33976],
			"to": [5.50493, 6.51009, 13.33656],
			"rotation": {"angle": -45, "axis": "x", "origin": [7.99781, 10.31933, 7.89294]},
			"faces": {
				"north": {"uv": [5, 9, 5.5, 9.5], "texture": "#0"},
				"east": {"uv": [5.5, 9, 6, 9.5], "texture": "#0"},
				"south": {"uv": [6, 9, 6.5, 9.5], "texture": "#0"},
				"west": {"uv": [6.5, 9, 7, 9.5], "texture": "#0"},
				"up": {"uv": [7.5, 9.5, 7, 9], "texture": "#0"},
				"down": {"uv": [8, 9, 7.5, 9.5], "texture": "#0"}
			}
		},
		{
			"from": [4.63133, 6.11358, 10.61729],
			"to": [5.25533, 9.42078, 12.38529],
			"rotation": {"angle": 0, "axis": "y", "origin": [7.99781, 10.31933, 7.89294]},
			"faces": {
				"north": {"uv": [8, 9, 8.5, 9.5], "texture": "#0"},
				"east": {"uv": [8.5, 9, 9, 9.5], "texture": "#0"},
				"south": {"uv": [9, 9, 9.5, 9.5], "texture": "#0"},
				"west": {"uv": [9, 0, 9.5, 0.5], "texture": "#0"},
				"up": {"uv": [9.5, 1, 9, 0.5], "texture": "#0"},
				"down": {"uv": [9.5, 1, 9, 1.5], "texture": "#0"}
			}
		},
		{
			"from": [4.63133, 7.11198, 8.80769],
			"to": [5.00573, 9.42078, 10.61729],
			"rotation": {"angle": 0, "axis": "y", "origin": [7.99781, 10.31933, 7.89294]},
			"faces": {
				"north": {"uv": [9, 1.5, 9.5, 2], "texture": "#0"},
				"east": {"uv": [9, 2, 9.5, 2.5], "texture": "#0"},
				"south": {"uv": [9, 2.5, 9.5, 3], "texture": "#0"},
				"west": {"uv": [9, 3, 9.5, 3.5], "texture": "#0"},
				"up": {"uv": [9.5, 4, 9, 3.5], "texture": "#0"},
				"down": {"uv": [9.5, 4, 9, 4.5], "texture": "#0"}
			}
		},
		{
			"from": [4.25693, 7.4636, 10.26399],
			"to": [5.00573, 8.5868, 14.50719],
			"rotation": {"angle": 22.5, "axis": "x", "origin": [7.99781, 10.31933, 7.89294]},
			"faces": {
				"north": {"uv": [9, 4.5, 9.5, 5], "texture": "#0"},
				"east": {"uv": [5, 6, 6, 6.5], "texture": "#0"},
				"south": {"uv": [9, 5, 9.5, 5.5], "texture": "#0"},
				"west": {"uv": [6, 6, 7, 6.5], "texture": "#0"},
				"up": {"uv": [6.5, 1, 6, 0], "texture": "#0"},
				"down": {"uv": [6.5, 1, 6, 2], "texture": "#0"}
			}
		},
		{
			"from": [4.50653, 8.0876, 14.00799],
			"to": [5.00573, 8.5868, 16.00479],
			"rotation": {"angle": 22.5, "axis": "x", "origin": [7.99781, 10.31933, 7.89294]},
			"faces": {
				"north": {"uv": [9, 5.5, 9.5, 6], "texture": "#0"},
				"east": {"uv": [9, 6, 9.5, 6.5], "texture": "#0"},
				"south": {"uv": [9, 6.5, 9.5, 7], "texture": "#0"},
				"west": {"uv": [9, 7, 9.5, 7.5], "texture": "#0"},
				"up": {"uv": [9.5, 8, 9, 7.5], "texture": "#0"},
				"down": {"uv": [9.5, 8, 9, 8.5], "texture": "#0"}
			}
		},
		{
			"from": [4.31933, 8.62197, 8.89785],
			"to": [5.00573, 9.62037, 11.20665],
			"rotation": {"angle": 45, "axis": "x", "origin": [7.99781, 10.31933, 7.89294]},
			"faces": {
				"north": {"uv": [9, 8.5, 9.5, 9], "texture": "#0"},
				"east": {"uv": [0, 9.5, 0.5, 10], "texture": "#0"},
				"south": {"uv": [0.5, 9.5, 1, 10], "texture": "#0"},
				"west": {"uv": [1, 9.5, 1.5, 10], "texture": "#0"},
				"up": {"uv": [2, 10, 1.5, 9.5], "texture": "#0"},
				"down": {"uv": [2.5, 9.5, 2, 10], "texture": "#0"}
			}
		},
		{
			"from": [8.87453, 9.10855, 2.20394],
			"to": [10.37213, 11.47975, 8.31914],
			"rotation": {"angle": 22.5, "axis": "x", "origin": [7.99781, 10.31933, 7.89294]},
			"faces": {
				"north": {"uv": [2.5, 9.5, 3, 10], "texture": "#0"},
				"east": {"uv": [6, 4.5, 7, 5], "texture": "#0"},
				"south": {"uv": [3, 9.5, 3.5, 10], "texture": "#0"},
				"west": {"uv": [6, 5, 7, 5.5], "texture": "#0"},
				"up": {"uv": [0.5, 7.5, 0, 6.5], "texture": "#0"},
				"down": {"uv": [1, 6.5, 0.5, 7.5], "texture": "#0"}
			}
		},
		{
			"from": [9.12413, 11.11586, 0.14821],
			"to": [10.12253, 13.23746, 3.26821],
			"rotation": {"angle": 0, "axis": "y", "origin": [7.99781, 10.31933, 7.89294]},
			"faces": {
				"north": {"uv": [3.5, 9.5, 4, 10], "texture": "#0"},
				"east": {"uv": [4, 9.5, 4.5, 10], "texture": "#0"},
				"south": {"uv": [4.5, 9.5, 5, 10], "texture": "#0"},
				"west": {"uv": [5, 9.5, 5.5, 10], "texture": "#0"},
				"up": {"uv": [6, 10, 5.5, 9.5], "texture": "#0"},
				"down": {"uv": [6.5, 9.5, 6, 10], "texture": "#0"}
			}
		},
		{
			"from": [9.24893, 8.28418, -0.97618],
			"to": [9.99773, 10.15618, 0.39662],
			"rotation": {"angle": 22.5, "axis": "x", "origin": [7.99781, 10.31933, 7.89294]},
			"faces": {
				"north": {"uv": [6.5, 9.5, 7, 10], "texture": "#0"},
				"east": {"uv": [7, 9.5, 7.5, 10], "texture": "#0"},
				"south": {"uv": [7.5, 9.5, 8, 10], "texture": "#0"},
				"west": {"uv": [8, 9.5, 8.5, 10], "texture": "#0"},
				"up": {"uv": [9, 10, 8.5, 9.5], "texture": "#0"},
				"down": {"uv": [9.5, 9.5, 9, 10], "texture": "#0"}
			}
		},
		{
			"from": [9.37373, 5.38923, -1.11314],
			"to": [9.87293, 6.51243, 0.96018],
			"rotation": {"angle": 45, "axis": "x", "origin": [7.99781, 10.31933, 7.89294]},
			"faces": {
				"north": {"uv": [9.5, 9.5, 10, 10], "texture": "#0"},
				"east": {"uv": [9.5, 0, 10, 0.5], "texture": "#0"},
				"south": {"uv": [9.5, 0.5, 10, 1], "texture": "#0"},
				"west": {"uv": [9.5, 1, 10, 1.5], "texture": "#0"},
				"up": {"uv": [10, 2, 9.5, 1.5], "texture": "#0"},
				"down": {"uv": [10, 2, 9.5, 2.5], "texture": "#0"}
			}
		},
		{
			"from": [9.37373, 13.7415, 5.43147],
			"to": [9.87293, 15.81482, 6.55467],
			"rotation": {"angle": 0, "axis": "y", "origin": [7.99781, 10.31933, 7.89294]},
			"faces": {
				"north": {"uv": [9.5, 2.5, 10, 3], "texture": "#0"},
				"east": {"uv": [9.5, 3, 10, 3.5], "texture": "#0"},
				"south": {"uv": [9.5, 3.5, 10, 4], "texture": "#0"},
				"west": {"uv": [9.5, 4, 10, 4.5], "texture": "#0"},
				"up": {"uv": [10, 5, 9.5, 4.5], "texture": "#0"},
				"down": {"uv": [10, 5, 9.5, 5.5], "texture": "#0"}
			}
		},
		{
			"from": [9.24893, 9.94857, 9.73238],
			"to": [9.99773, 13.51949, 11.10518],
			"rotation": {"angle": -22.5, "axis": "x", "origin": [7.99781, 10.31933, 7.89294]},
			"faces": {
				"north": {"uv": [9.5, 5.5, 10, 6], "texture": "#0"},
				"east": {"uv": [9.5, 6, 10, 6.5], "texture": "#0"},
				"south": {"uv": [9.5, 6.5, 10, 7], "texture": "#0"},
				"west": {"uv": [9.5, 7, 10, 7.5], "texture": "#0"},
				"up": {"uv": [10, 8, 9.5, 7.5], "texture": "#0"},
				"down": {"uv": [10, 8, 9.5, 8.5], "texture": "#0"}
			}
		},
		{
			"from": [9.37373, 13.19337, 9.91958],
			"to": [9.87293, 14.76749, 10.60598],
			"rotation": {"angle": -22.5, "axis": "x", "origin": [7.99781, 10.31933, 7.89294]},
			"faces": {
				"north": {"uv": [9.5, 8.5, 10, 9], "texture": "#0"},
				"east": {"uv": [9.5, 9, 10, 9.5], "texture": "#0"},
				"south": {"uv": [0, 10, 0.5, 10.5], "texture": "#0"},
				"west": {"uv": [0.5, 10, 1, 10.5], "texture": "#0"},
				"up": {"uv": [1.5, 10.5, 1, 10], "texture": "#0"},
				"down": {"uv": [2, 10, 1.5, 10.5], "texture": "#0"}
			}
		},
		{
			"from": [9.37373, 9.18443, 11.57719],
			"to": [9.87293, 12.50575, 12.70039],
			"rotation": {"angle": -22.5, "axis": "x", "origin": [7.99781, 10.31933, 7.89294]},
			"faces": {
				"north": {"uv": [2, 10, 2.5, 10.5], "texture": "#0"},
				"east": {"uv": [2.5, 10, 3, 10.5], "texture": "#0"},
				"south": {"uv": [3, 10, 3.5, 10.5], "texture": "#0"},
				"west": {"uv": [3.5, 10, 4, 10.5], "texture": "#0"},
				"up": {"uv": [4.5, 10.5, 4, 10], "texture": "#0"},
				"down": {"uv": [5, 10, 4.5, 10.5], "texture": "#0"}
			}
		},
		{
			"from": [9.24893, 13.62759, 6.79506],
			"to": [9.99773, 15.00039, 8.66706],
			"rotation": {"angle": -22.5, "axis": "x", "origin": [7.99781, 10.31933, 7.89294]},
			"faces": {
				"north": {"uv": [5, 10, 5.5, 10.5], "texture": "#0"},
				"east": {"uv": [5.5, 10, 6, 10.5], "texture": "#0"},
				"south": {"uv": [6, 10, 6.5, 10.5], "texture": "#0"},
				"west": {"uv": [6.5, 10, 7, 10.5], "texture": "#0"},
				"up": {"uv": [7.5, 10.5, 7, 10], "texture": "#0"},
				"down": {"uv": [8, 10, 7.5, 10.5], "texture": "#0"}
			}
		},
		{
			"from": [9.12413, 10.37908, 4.37615],
			"to": [10.12253, 12.50068, 8.74415],
			"rotation": {"angle": 45, "axis": "x", "origin": [7.99781, 10.31933, 7.89294]},
			"faces": {
				"north": {"uv": [8, 10, 8.5, 10.5], "texture": "#0"},
				"east": {"uv": [6, 5.5, 7, 6], "texture": "#0"},
				"south": {"uv": [8.5, 10, 9, 10.5], "texture": "#0"},
				"west": {"uv": [2, 6.5, 3, 7], "texture": "#0"},
				"up": {"uv": [3.5, 7.5, 3, 6.5], "texture": "#0"},
				"down": {"uv": [4, 6.5, 3.5, 7.5], "texture": "#0"}
			}
		},
		{
			"from": [10.24733, 7.40834, 10.53318],
			"to": [11.49533, 8.28194, 13.02918],
			"rotation": {"angle": -22.5, "axis": "x", "origin": [8.00405, 10.31933, 7.89294]},
			"faces": {
				"north": {"uv": [2.5, 9, 2, 9.5], "texture": "#0"},
				"east": {"uv": [4, 9, 3.5, 9.5], "texture": "#0"},
				"south": {"uv": [3.5, 9, 3, 9.5], "texture": "#0"},
				"west": {"uv": [3, 9, 2.5, 9.5], "texture": "#0"},
				"up": {"uv": [4, 9.5, 4.5, 9], "texture": "#0"},
				"down": {"uv": [4.5, 9, 5, 9.5], "texture": "#0"}
			}
		},
		{
			"from": [10.49693, 5.88609, 11.33976],
			"to": [11.24573, 6.51009, 13.33656],
			"rotation": {"angle": -45, "axis": "x", "origin": [8.00405, 10.31933, 7.89294]},
			"faces": {
				"north": {"uv": [5.5, 9, 5, 9.5], "texture": "#0"},
				"east": {"uv": [7, 9, 6.5, 9.5], "texture": "#0"},
				"south": {"uv": [6.5, 9, 6, 9.5], "texture": "#0"},
				"west": {"uv": [6, 9, 5.5, 9.5], "texture": "#0"},
				"up": {"uv": [7, 9.5, 7.5, 9], "texture": "#0"},
				"down": {"uv": [7.5, 9, 8, 9.5], "texture": "#0"}
			}
		},
		{
			"from": [10.74653, 6.11358, 10.61729],
			"to": [11.37053, 9.42078, 13.42529],
			"rotation": {"angle": 0, "axis": "y", "origin": [8.00405, 10.31933, 7.89294]},
			"faces": {
				"north": {"uv": [8.5, 9, 8, 9.5], "texture": "#0"},
				"east": {"uv": [9.5, 0, 9, 0.5], "texture": "#0"},
				"south": {"uv": [9.5, 9, 9, 9.5], "texture": "#0"},
				"west": {"uv": [9, 9, 8.5, 9.5], "texture": "#0"},
				"up": {"uv": [9, 1, 9.5, 0.5], "texture": "#0"},
				"down": {"uv": [9, 1, 9.5, 1.5], "texture": "#0"}
			}
		},
		{
			"from": [10.99613, 7.11198, 8.80769],
			"to": [11.37053, 9.42078, 10.61729],
			"rotation": {"angle": 0, "axis": "y", "origin": [8.00405, 10.31933, 7.89294]},
			"faces": {
				"north": {"uv": [9.5, 1.5, 9, 2], "texture": "#0"},
				"east": {"uv": [9.5, 3, 9, 3.5], "texture": "#0"},
				"south": {"uv": [9.5, 2.5, 9, 3], "texture": "#0"},
				"west": {"uv": [9.5, 2, 9, 2.5], "texture": "#0"},
				"up": {"uv": [9, 4, 9.5, 3.5], "texture": "#0"},
				"down": {"uv": [9, 4, 9.5, 4.5], "texture": "#0"}
			}
		},
		{
			"from": [10.99613, 7.4636, 10.26399],
			"to": [11.74493, 8.5868, 14.50719],
			"rotation": {"angle": 22.5, "axis": "x", "origin": [8.00405, 10.31933, 7.89294]},
			"faces": {
				"north": {"uv": [9.5, 4.5, 9, 5], "texture": "#0"},
				"east": {"uv": [7, 6, 6, 6.5], "texture": "#0"},
				"south": {"uv": [9.5, 5, 9, 5.5], "texture": "#0"},
				"west": {"uv": [6, 6, 5, 6.5], "texture": "#0"},
				"up": {"uv": [6, 1, 6.5, 0], "texture": "#0"},
				"down": {"uv": [6, 1, 6.5, 2], "texture": "#0"}
			}
		},
		{
			"from": [10.99613, 8.0876, 14.00799],
			"to": [11.49533, 8.5868, 16.00479],
			"rotation": {"angle": 22.5, "axis": "x", "origin": [8.00405, 10.31933, 7.89294]},
			"faces": {
				"north": {"uv": [9.5, 5.5, 9, 6], "texture": "#0"},
				"east": {"uv": [9.5, 7, 9, 7.5], "texture": "#0"},
				"south": {"uv": [9.5, 6.5, 9, 7], "texture": "#0"},
				"west": {"uv": [9.5, 6, 9, 6.5], "texture": "#0"},
				"up": {"uv": [9, 8, 9.5, 7.5], "texture": "#0"},
				"down": {"uv": [9, 8, 9.5, 8.5], "texture": "#0"}
			}
		},
		{
			"from": [10.99613, 8.62197, 8.89785],
			"to": [11.68253, 9.62037, 11.20665],
			"rotation": {"angle": 45, "axis": "x", "origin": [8.00405, 10.31933, 7.89294]},
			"faces": {
				"north": {"uv": [9.5, 8.5, 9, 9], "texture": "#0"},
				"east": {"uv": [1.5, 9.5, 1, 10], "texture": "#0"},
				"south": {"uv": [1, 9.5, 0.5, 10], "texture": "#0"},
				"west": {"uv": [0.5, 9.5, 0, 10], "texture": "#0"},
				"up": {"uv": [1.5, 10, 2, 9.5], "texture": "#0"},
				"down": {"uv": [2, 9.5, 2.5, 10], "texture": "#0"}
			}
		},
		{
			"from": [5.44253, 10.77443, 4.57917],
			"to": [10.55933, 11.14883, 6.45117],
			"rotation": {"angle": -22.5, "axis": "x", "origin": [7.99781, 10.31933, 7.89294]},
			"faces": {
				"north": {"uv": [6.5, 2, 7.5, 2.5], "texture": "#0"},
				"east": {"uv": [7.5, 10.5, 8, 11], "texture": "#0"},
				"south": {"uv": [6.5, 2.5, 7.5, 3], "texture": "#0"},
				"west": {"uv": [8, 10.5, 8.5, 11], "texture": "#0"},
				"up": {"uv": [7.5, 3.5, 6.5, 3], "texture": "#0"},
				"down": {"uv": [7.5, 3.5, 6.5, 4], "texture": "#0"}
			}
		},
		{
			"from": [5.45501, 8.85918, 4.93889],
			"to": [10.54685, 9.98238, 6.06209],
			"rotation": {"angle": 0, "axis": "y", "origin": [7.99781, 10.31933, 7.89294]},
			"faces": {
				"north": {"uv": [6.5, 4, 7.5, 4.5], "texture": "#0"},
				"east": {"uv": [8.5, 10.5, 9, 11], "texture": "#0"},
				"south": {"uv": [1, 7, 2, 7.5], "texture": "#0"},
				"west": {"uv": [9, 10.5, 9.5, 11], "texture": "#0"},
				"up": {"uv": [3, 7.5, 2, 7], "texture": "#0"},
				"down": {"uv": [5, 7, 4, 7.5], "texture": "#0"}
			}
		},
		{
			"from": [6.25453, 6.36238, 4.19009],
			"to": [9.74733, 6.86238, 9.56209],
			"rotation": {"angle": 0, "axis": "y", "origin": [7.99781, 10.31933, 7.89294]},
			"faces": {
				"north": {"uv": [0, 12, 1.75, 12.25], "texture": "#0"},
				"east": {"uv": [0, 12, 3.25, 12.25], "texture": "#0"},
				"west": {"uv": [0, 12, 3.25, 12.25], "texture": "#0"}
			}
		},
		{
			"from": [9.75453, 6.36238, 4.19009],
			"to": [6.26173, 6.86238, 9.56209],
			"rotation": {"angle": 0, "axis": "y", "origin": [7.99781, 10.31933, 7.89294]},
			"faces": {
				"north": {"uv": [0, 12, 1.75, 12.25], "texture": "#0"},
				"east": {"uv": [0, 12, 3.25, 12.25], "texture": "#0"},
				"west": {"uv": [0, 12, 3.25, 12.25], "texture": "#0"}
			}
		}
	],
	"display": {
		"head": {
			"translation": [0, -7.25, -8.75],
			"scale": [4, 4, 4]
		}
	},
	"groups": [
		{
			"name": "head",
			"origin": [8, 8, 8],
			"color": 0,
			"children": [
				{
					"name": "upper",
					"origin": [8, 8, 8],
					"color": 0,
					"children": [
						0,
						1,
						2,
						3,
						4,
						5,
						6,
						7,
						8,
						9,
						10,
						11,
						12,
						{
							"name": "horne_l",
							"origin": [8, 8, 8],
							"color": 0,
							"children": [
								13,
								14,
								15,
								16,
								17,
								18,
								19,
								20,
								21,
								22,
								{
									"name": "group",
									"origin": [6.7, 7.825, -11.125],
									"color": 0,
									"children": [23, 24, 25, 26, 27, 28, 29]
								}
							]
						},
						{
							"name": "horne_r",
							"origin": [8, 8, 8],
							"color": 0,
							"children": [
								30,
								31,
								32,
								33,
								34,
								35,
								36,
								37,
								38,
								39,
								{
									"name": "group",
									"origin": [6.7, 7.825, -11.125],
									"color": 0,
									"children": [40, 41, 42, 43, 44, 45, 46]
								}
							]
						},
						47,
						48,
						49,
						50
					]
				}
			]
		}
	]
}