{
	"credit": "Made with Blockbench",
	"texture_size": [32, 32],
	"textures": {
		"0": "dyno/head",
		"particle": "dyno/head"
	},
	"elements": [
		{
			"from": [4.88072, 4.44792, 7.68785],
			"to": [11.12072, 6.94392, 10.18385],
			"rotation": {"angle": 0, "axis": "y", "origin": [8.00072, 7.08813, 10.15032]},
			"faces": {
				"north": {"uv": [4, 3.5, 5.5, 4], "texture": "#0"},
				"east": {"uv": [9.5, 10.5, 10, 11], "texture": "#0"},
				"south": {"uv": [0, 4.5, 1.5, 5], "texture": "#0"},
				"west": {"uv": [10, 10.5, 10.5, 11], "texture": "#0"},
				"up": {"uv": [4.5, 5, 3, 4.5], "texture": "#0"},
				"down": {"uv": [6, 4.5, 4.5, 5], "texture": "#0"}
			}
		},
		{
			"from": [5.75432, 4.44792, 3.94385],
			"to": [10.24712, 6.94392, 7.68785],
			"rotation": {"angle": 0, "axis": "y", "origin": [8.00072, 7.08813, 10.15032]},
			"faces": {
				"north": {"uv": [5, 7, 6, 7.5], "texture": "#0"},
				"east": {"uv": [6, 7, 7, 7.5], "texture": "#0"},
				"south": {"uv": [7, 7, 8, 7.5], "texture": "#0"},
				"west": {"uv": [7, 0, 8, 0.5], "texture": "#0"},
				"up": {"uv": [4, 3, 3, 2], "texture": "#0"},
				"down": {"uv": [2, 3.5, 1, 4.5], "texture": "#0"}
			}
		},
		{
			"from": [6.12872, 5.07192, 2.48785],
			"to": [9.87272, 6.94392, 3.94385],
			"rotation": {"angle": 0, "axis": "y", "origin": [8.00072, 7.08813, 10.15032]},
			"faces": {
				"north": {"uv": [7, 0.5, 8, 1], "texture": "#0"},
				"east": {"uv": [10.5, 10.5, 11, 11], "texture": "#0"},
				"south": {"uv": [7, 1, 8, 1.5], "texture": "#0"},
				"west": {"uv": [10.5, 0, 11, 0.5], "texture": "#0"},
				"up": {"uv": [8, 2, 7, 1.5], "texture": "#0"},
				"down": {"uv": [8, 4.5, 7, 5], "texture": "#0"}
			}
		},
		{
			"from": [6.37832, 0.53292, 3.71566],
			"to": [7.37672, 2.65452, 4.71406],
			"rotation": {"angle": 22.5, "axis": "x", "origin": [8.00072, 6.56813, 11.19032]},
			"faces": {
				"north": {"uv": [3, 11, 3.5, 11.5], "texture": "#0"},
				"east": {"uv": [3.5, 11, 4, 11.5], "texture": "#0"},
				"south": {"uv": [4, 11, 4.5, 11.5], "texture": "#0"},
				"west": {"uv": [4.5, 11, 5, 11.5], "texture": "#0"},
				"up": {"uv": [5.5, 11.5, 5, 11], "texture": "#0"},
				"down": {"uv": [6, 11, 5.5, 11.5], "texture": "#0"}
			}
		},
		{
			"from": [8.62472, 0.53292, 3.71566],
			"to": [9.62312, 2.65452, 4.71406],
			"rotation": {"angle": 22.5, "axis": "x", "origin": [8.00072, 6.56813, 11.19032]},
			"faces": {
				"north": {"uv": [6, 11, 6.5, 11.5], "texture": "#0"},
				"east": {"uv": [6.5, 11, 7, 11.5], "texture": "#0"},
				"south": {"uv": [7, 11, 7.5, 11.5], "texture": "#0"},
				"west": {"uv": [7.5, 11, 8, 11.5], "texture": "#0"},
				"up": {"uv": [8.5, 11.5, 8, 11], "texture": "#0"},
				"down": {"uv": [9, 11, 8.5, 11.5], "texture": "#0"}
			}
		},
		{
			"from": [6.75272, 6.71575, 7.30712],
			"to": [9.24872, 7.58935, 11.67512],
			"rotation": {"angle": 0, "axis": "y", "origin": [8.00072, 7.08813, 10.15032]},
			"faces": {
				"north": {"uv": [10.5, 6.5, 11, 7], "texture": "#0"},
				"east": {"uv": [7, 5, 8, 5.5], "texture": "#0"},
				"south": {"uv": [10.5, 7, 11, 7.5], "texture": "#0"},
				"west": {"uv": [7, 5.5, 8, 6], "texture": "#0"},
				"up": {"uv": [7.5, 7, 7, 6], "texture": "#0"},
				"down": {"uv": [0.5, 7.5, 0, 8.5], "texture": "#0"}
			}
		},
		{
			"from": [7.00232, 5.63812, 5.78026],
			"to": [8.99912, 6.51172, 7.65226],
			"rotation": {"angle": 22.5, "axis": "x", "origin": [8.00072, 7.08813, 10.15032]},
			"faces": {
				"north": {"uv": [10.5, 7.5, 11, 8], "texture": "#0"},
				"east": {"uv": [10.5, 8, 11, 8.5], "texture": "#0"},
				"south": {"uv": [10.5, 8.5, 11, 9], "texture": "#0"},
				"west": {"uv": [10.5, 9, 11, 9.5], "texture": "#0"},
				"up": {"uv": [11, 10, 10.5, 9.5], "texture": "#0"},
				"down": {"uv": [11, 10, 10.5, 10.5], "texture": "#0"}
			}
		},
		{
			"from": [7.37672, 5.63812, 4.78186],
			"to": [8.62472, 6.51172, 5.78026],
			"rotation": {"angle": 22.5, "axis": "x", "origin": [8.00072, 7.08813, 10.15032]},
			"faces": {
				"north": {"uv": [0, 11, 0.5, 11.5], "texture": "#0"},
				"east": {"uv": [0.5, 11, 1, 11.5], "texture": "#0"},
				"south": {"uv": [1, 11, 1.5, 11.5], "texture": "#0"},
				"west": {"uv": [1.5, 11, 2, 11.5], "texture": "#0"},
				"up": {"uv": [2.5, 11.5, 2, 11], "texture": "#0"},
				"down": {"uv": [3, 11, 2.5, 11.5], "texture": "#0"}
			}
		},
		{
			"from": [10.49672, 6.11441, 8.33183],
			"to": [10.62152, 8.86001, 12.07583],
			"rotation": {"angle": 0, "axis": "y", "origin": [8.00072, 7.08813, 10.15032]},
			"faces": {
				"north": {"uv": [10.5, 3.5, 11, 4], "texture": "#0"},
				"east": {"uv": [10.5, 4, 11, 4.5], "texture": "#0"},
				"south": {"uv": [10.5, 4.5, 11, 5], "texture": "#0"},
				"west": {"uv": [10.5, 5, 11, 5.5], "texture": "#0"},
				"up": {"uv": [11, 6, 10.5, 5.5], "texture": "#0"},
				"down": {"uv": [11, 6, 10.5, 6.5], "texture": "#0"}
			}
		},
		{
			"from": [5.37992, 6.11441, 8.33183],
			"to": [5.50472, 9.35921, 12.07583],
			"rotation": {"angle": 0, "axis": "y", "origin": [8.00072, 7.08813, 10.15032]},
			"faces": {
				"north": {"uv": [10.5, 0.5, 11, 1], "texture": "#0"},
				"east": {"uv": [10.5, 1, 11, 1.5], "texture": "#0"},
				"south": {"uv": [10.5, 1.5, 11, 2], "texture": "#0"},
				"west": {"uv": [10.5, 2, 11, 2.5], "texture": "#0"},
				"up": {"uv": [11, 3, 10.5, 2.5], "texture": "#0"},
				"down": {"uv": [11, 3, 10.5, 3.5], "texture": "#0"}
			}
		},
		{
			"from": [6.34977, 3.1639, 4.48105],
			"to": [7.59777, 5.5351, 5.97865],
			"rotation": {"angle": -22.5, "axis": "z", "origin": [8.00072, 7.08813, 10.15032]},
			"faces": {
				"north": {"uv": [9, 11, 9.5, 11.5], "texture": "#0"},
				"east": {"uv": [9.5, 11, 10, 11.5], "texture": "#0"},
				"south": {"uv": [10, 11, 10.5, 11.5], "texture": "#0"},
				"west": {"uv": [10.5, 11, 11, 11.5], "texture": "#0"},
				"up": {"uv": [11.5, 11.5, 11, 11], "texture": "#0"},
				"down": {"uv": [11.5, 0, 11, 0.5], "texture": "#0"}
			}
		},
		{
			"from": [6.34977, 3.1639, 6.72745],
			"to": [7.59777, 5.5351, 9.22345],
			"rotation": {"angle": -22.5, "axis": "z", "origin": [8.00072, 7.08813, 10.15032]},
			"faces": {
				"north": {"uv": [11, 0.5, 11.5, 1], "texture": "#0"},
				"east": {"uv": [11, 1, 11.5, 1.5], "texture": "#0"},
				"south": {"uv": [11, 1.5, 11.5, 2], "texture": "#0"},
				"west": {"uv": [11, 2, 11.5, 2.5], "texture": "#0"},
				"up": {"uv": [11.5, 3, 11, 2.5], "texture": "#0"},
				"down": {"uv": [11.5, 3, 11, 3.5], "texture": "#0"}
			}
		},
		{
			"from": [5.65797, 2.87734, 8.97385],
			"to": [6.90597, 5.24854, 11.71945],
			"rotation": {"angle": -22.5, "axis": "z", "origin": [8.00072, 7.08813, 10.15032]},
			"faces": {
				"north": {"uv": [11, 3.5, 11.5, 4], "texture": "#0"},
				"east": {"uv": [11, 4, 11.5, 4.5], "texture": "#0"},
				"south": {"uv": [11, 4.5, 11.5, 5], "texture": "#0"},
				"west": {"uv": [11, 5, 11.5, 5.5], "texture": "#0"},
				"up": {"uv": [11.5, 6, 11, 5.5], "texture": "#0"},
				"down": {"uv": [11.5, 6, 11, 6.5], "texture": "#0"}
			}
		},
		{
			"from": [6.0212, 2.00238, 11.22025],
			"to": [7.2692, 4.99758, 12.71785],
			"rotation": {"angle": -45, "axis": "z", "origin": [7.25192, 7.08813, 9.90072]},
			"faces": {
				"north": {"uv": [11, 6.5, 11.5, 7], "texture": "#0"},
				"east": {"uv": [11, 7, 11.5, 7.5], "texture": "#0"},
				"south": {"uv": [11, 7.5, 11.5, 8], "texture": "#0"},
				"west": {"uv": [11, 8, 11.5, 8.5], "texture": "#0"},
				"up": {"uv": [11.5, 9, 11, 8.5], "texture": "#0"},
				"down": {"uv": [11.5, 9, 11, 9.5], "texture": "#0"}
			}
		},
		{
			"from": [8.40366, 3.1639, 4.48105],
			"to": [9.65166, 5.5351, 5.97865],
			"rotation": {"angle": 22.5, "axis": "z", "origin": [8.00072, 7.08813, 10.15032]},
			"faces": {
				"north": {"uv": [11, 9.5, 11.5, 10], "texture": "#0"},
				"east": {"uv": [11, 10, 11.5, 10.5], "texture": "#0"},
				"south": {"uv": [11, 10.5, 11.5, 11], "texture": "#0"},
				"west": {"uv": [0, 11.5, 0.5, 12], "texture": "#0"},
				"up": {"uv": [1, 12, 0.5, 11.5], "texture": "#0"},
				"down": {"uv": [1.5, 11.5, 1, 12], "texture": "#0"}
			}
		},
		{
			"from": [8.40366, 3.1639, 6.72745],
			"to": [9.65166, 5.5351, 9.22345],
			"rotation": {"angle": 22.5, "axis": "z", "origin": [8.00072, 7.08813, 10.15032]},
			"faces": {
				"north": {"uv": [1.5, 11.5, 2, 12], "texture": "#0"},
				"east": {"uv": [2, 11.5, 2.5, 12], "texture": "#0"},
				"south": {"uv": [2.5, 11.5, 3, 12], "texture": "#0"},
				"west": {"uv": [3, 11.5, 3.5, 12], "texture": "#0"},
				"up": {"uv": [4, 12, 3.5, 11.5], "texture": "#0"},
				"down": {"uv": [4.5, 11.5, 4, 12], "texture": "#0"}
			}
		},
		{
			"from": [9.09546, 2.87734, 8.97385],
			"to": [10.34346, 5.24854, 11.71945],
			"rotation": {"angle": 22.5, "axis": "z", "origin": [8.00072, 7.08813, 10.15032]},
			"faces": {
				"north": {"uv": [4.5, 11.5, 5, 12], "texture": "#0"},
				"east": {"uv": [5, 11.5, 5.5, 12], "texture": "#0"},
				"south": {"uv": [5.5, 11.5, 6, 12], "texture": "#0"},
				"west": {"uv": [6, 11.5, 6.5, 12], "texture": "#0"},
				"up": {"uv": [7, 12, 6.5, 11.5], "texture": "#0"},
				"down": {"uv": [7.5, 11.5, 7, 12], "texture": "#0"}
			}
		},
		{
			"from": [8.73223, 2.00238, 11.22025],
			"to": [9.98023, 4.99758, 12.71785],
			"rotation": {"angle": 45, "axis": "z", "origin": [8.74952, 7.08813, 9.90072]},
			"faces": {
				"north": {"uv": [7.5, 11.5, 8, 12], "texture": "#0"},
				"east": {"uv": [8, 11.5, 8.5, 12], "texture": "#0"},
				"south": {"uv": [8.5, 11.5, 9, 12], "texture": "#0"},
				"west": {"uv": [9, 11.5, 9.5, 12], "texture": "#0"},
				"up": {"uv": [10, 12, 9.5, 11.5], "texture": "#0"},
				"down": {"uv": [10.5, 11.5, 10, 12], "texture": "#0"}
			}
		},
		{
			"from": [6.25432, 6.94392, 4.44385],
			"to": [9.74712, 7.44392, 10.18785],
			"rotation": {"angle": 0, "axis": "y", "origin": [8.00072, 7.08813, 10.15032]},
			"faces": {
				"north": {"uv": [0, 12, 1.75, 12.25], "texture": "#0"},
				"east": {"uv": [0, 12, 3.25, 12.25], "texture": "#0"},
				"west": {"uv": [0, 12, 3.25, 12.25], "texture": "#0"}
			}
		},
		{
			"from": [9.75432, 6.94392, 4.44385],
			"to": [6.26152, 7.44392, 10.18785],
			"rotation": {"angle": 0, "axis": "y", "origin": [8.00072, 7.08813, 10.15032]},
			"faces": {
				"north": {"uv": [0, 12, 1.75, 12.25], "texture": "#0"},
				"east": {"uv": [0, 12, 3.25, 12.25], "texture": "#0"},
				"west": {"uv": [0, 12, 3.25, 12.25], "texture": "#0"}
			}
		}
	],
	"display": {
		"head": {
			"translation": [0, -8.5, -7.75],
			"scale": [4, 4, 4]
		}
	},
	"groups": [
		{
			"name": "lower",
			"origin": [8, 8, 8],
			"color": 0,
			"children": [
				0,
				1,
				2,
				3,
				4,
				{
					"name": "group",
					"origin": [8, 7.80513, -11.00753],
					"color": 0,
					"children": [5, 6, 7, 8, 9]
				},
				{
					"name": "group",
					"origin": [7.5, 8.00513, -11.00753],
					"color": 0,
					"children": [10, 11, 12, 13]
				},
				{
					"name": "group",
					"origin": [7.5, 8.00513, -11.00753],
					"color": 0,
					"children": [14, 15, 16, 17]
				},
				18,
				19
			]
		}
	]
}