{
	"credit": "Made with Blockbench",
	"texture_size": [32, 32],
	"textures": {
		"0": "dyno/head",
		"particle": "dyno/head"
	},
	"elements": [
		{
			"from": [6.99848, 10.92941, -6.15535],
			"to": [9.00152, 11.65481, 3.48636],
			"rotation": {"angle": 0, "axis": "y", "origin": [10.09009, 11.56589, -25.72711]},
			"faces": {
				"north": {"uv": [8, 8.25, 9.25, 8.75], "texture": "#0"},
				"east": {"uv": [8, 8.25, 9.25, 8.75], "texture": "#0"},
				"south": {"uv": [8, 8.25, 9.25, 8.75], "texture": "#0"},
				"west": {"uv": [8, 8.25, 9.25, 8.75], "texture": "#0"},
				"up": {"uv": [8, 8.25, 9.25, 8.75], "texture": "#0"},
				"down": {"uv": [8, 8.25, 9.25, 8.75], "texture": "#0"}
			}
		},
		{
			"from": [5.03288, 5.07421, -6.15535],
			"to": [10.96712, 10.15721, 3.53316],
			"rotation": {"angle": 0, "axis": "y", "origin": [10.09009, 11.19149, -35.55511]},
			"faces": {
				"north": {"uv": [13, 5.75, 11.75, 7], "texture": "#0"},
				"east": {"uv": [13, 5.75, 11.75, 7], "texture": "#0"},
				"south": {"uv": [13, 5.75, 11.75, 7], "texture": "#0"},
				"west": {"uv": [13, 5.75, 11.75, 7], "texture": "#0"},
				"up": {"uv": [13, 5.75, 11.75, 7], "texture": "#0"},
				"down": {"uv": [13, 5.75, 11.75, 7], "texture": "#0"}
			}
		},
		{
			"from": [6.43688, 3.15021, -6.15535],
			"to": [9.56312, 5.61761, 3.53316],
			"rotation": {"angle": 0, "axis": "y", "origin": [10.09009, 11.19149, -35.55511]},
			"faces": {
				"north": {"uv": [13, 5.75, 11.75, 7], "texture": "#0"},
				"east": {"uv": [13, 5.75, 11.75, 7], "texture": "#0"},
				"south": {"uv": [13, 5.75, 11.75, 7], "texture": "#0"},
				"west": {"uv": [13, 5.75, 11.75, 7], "texture": "#0"},
				"up": {"uv": [13, 5.75, 11.75, 7], "texture": "#0"},
				"down": {"uv": [13, 5.75, 11.75, 7], "texture": "#0"}
			}
		},
		{
			"from": [6.43688, 10.13381, -6.15535],
			"to": [9.56312, 11.09321, 3.53316],
			"rotation": {"angle": 0, "axis": "y", "origin": [10.09009, 12.12749, -35.55511]},
			"faces": {
				"north": {"uv": [13, 5.75, 11.75, 7], "texture": "#0"},
				"east": {"uv": [13, 5.75, 11.75, 7], "texture": "#0"},
				"south": {"uv": [13, 5.75, 11.75, 7], "texture": "#0"},
				"west": {"uv": [13, 5.75, 11.75, 7], "texture": "#0"},
				"up": {"uv": [13, 5.75, 11.75, 7], "texture": "#0"},
				"down": {"uv": [13, 5.75, 11.75, 7], "texture": "#0"}
			}
		},
		{
			"from": [7.37288, 9.93341, -5.25197],
			"to": [8.62712, 12.62441, -3.23867],
			"rotation": {"angle": -45, "axis": "x", "origin": [8, 11.81724, -4.38493]},
			"faces": {
				"north": {"uv": [8, 8.25, 9.25, 8.75], "texture": "#0"},
				"east": {"uv": [8, 8.25, 9.25, 8.75], "texture": "#0"},
				"south": {"uv": [8, 8.25, 9.25, 8.75], "texture": "#0"},
				"west": {"uv": [8, 8.25, 9.25, 8.75], "texture": "#0"},
				"up": {"uv": [8, 8.25, 9.25, 8.75], "texture": "#0"},
				"down": {"uv": [8, 8.25, 9.25, 8.75], "texture": "#0"}
			}
		},
		{
			"from": [7.56008, 11.44418, -7.29319],
			"to": [8.43992, 12.52148, -3.94699],
			"rotation": {"angle": 22.5, "axis": "x", "origin": [8, 11.81724, -4.38493]},
			"faces": {
				"north": {"uv": [8, 8.25, 9.25, 8.75], "rotation": 270, "texture": "#0"},
				"east": {"uv": [8, 8.25, 9.25, 8.75], "rotation": 270, "texture": "#0"},
				"south": {"uv": [8, 8.25, 9.25, 8.75], "rotation": 270, "texture": "#0"},
				"west": {"uv": [8, 8.25, 9.25, 8.75], "rotation": 270, "texture": "#0"},
				"up": {"uv": [8, 8.25, 9.25, 8.75], "rotation": 270, "texture": "#0"},
				"down": {"uv": [8, 8.25, 9.25, 8.75], "rotation": 270, "texture": "#0"}
			}
		},
		{
			"from": [7.37288, 9.18461, -2.25677],
			"to": [8.62712, 13.74761, -0.24347],
			"rotation": {"angle": -45, "axis": "x", "origin": [8, 12.94044, -1.38973]},
			"faces": {
				"north": {"uv": [8, 8.25, 9.25, 8.75], "texture": "#0"},
				"east": {"uv": [8, 8.25, 9.25, 8.75], "texture": "#0"},
				"south": {"uv": [8, 8.25, 9.25, 8.75], "texture": "#0"},
				"west": {"uv": [8, 8.25, 9.25, 8.75], "texture": "#0"},
				"up": {"uv": [8, 8.25, 9.25, 8.75], "texture": "#0"},
				"down": {"uv": [8, 8.25, 9.25, 8.75], "texture": "#0"}
			}
		},
		{
			"from": [7.56008, 12.56738, -4.29799],
			"to": [8.43992, 13.64468, -0.95179],
			"rotation": {"angle": 22.5, "axis": "x", "origin": [8, 12.94044, -1.38973]},
			"faces": {
				"north": {"uv": [8, 8.25, 9.25, 8.75], "rotation": 270, "texture": "#0"},
				"east": {"uv": [8, 8.25, 9.25, 8.75], "rotation": 270, "texture": "#0"},
				"south": {"uv": [8, 8.25, 9.25, 8.75], "rotation": 270, "texture": "#0"},
				"west": {"uv": [8, 8.25, 9.25, 8.75], "rotation": 270, "texture": "#0"},
				"up": {"uv": [8, 8.25, 9.25, 8.75], "rotation": 270, "texture": "#0"},
				"down": {"uv": [8, 8.25, 9.25, 8.75], "rotation": 270, "texture": "#0"}
			}
		},
		{
			"from": [6.90488, 1.18461, -6.43615],
			"to": [9.09512, 3.78201, -1.56804],
			"rotation": {"angle": 22.5, "axis": "x", "origin": [8, 2.95131, -3.30009]},
			"faces": {
				"north": {"uv": [13, 5.75, 11.75, 7], "texture": "#0"},
				"east": {"uv": [13, 5.75, 11.75, 7], "texture": "#0"},
				"south": {"uv": [13, 5.75, 11.75, 7], "texture": "#0"},
				"west": {"uv": [13, 5.75, 11.75, 7], "texture": "#0"},
				"up": {"uv": [13, 5.75, 11.75, 7], "texture": "#0"},
				"down": {"uv": [13, 5.75, 11.75, 7], "texture": "#0"}
			}
		},
		{
			"from": [7.18568, 3.1067, -2.4376],
			"to": [8.81432, 5.7041, 0.55851],
			"rotation": {"angle": -22.5, "axis": "x", "origin": [8, 3.6098, -0.47155]},
			"faces": {
				"north": {"uv": [8, 8.25, 9.25, 8.75], "texture": "#0"},
				"east": {"uv": [8, 8.25, 9.25, 8.75], "texture": "#0"},
				"south": {"uv": [8, 8.25, 9.25, 8.75], "texture": "#0"},
				"west": {"uv": [8, 8.25, 9.25, 8.75], "texture": "#0"},
				"up": {"uv": [8, 8.25, 9.25, 8.75], "texture": "#0"},
				"down": {"uv": [8, 8.25, 9.25, 8.75], "texture": "#0"}
			}
		},
		{
			"from": [7.37288, 2.68221, -2.22415],
			"to": [8.62712, 4.43721, 0.21036],
			"rotation": {"angle": 45, "axis": "x", "origin": [8, 3.23211, -3.76809]},
			"faces": {
				"north": {"uv": [8, 8.25, 9.25, 8.75], "texture": "#0"},
				"east": {"uv": [8, 8.25, 9.25, 8.75], "texture": "#0"},
				"south": {"uv": [8, 8.25, 9.25, 8.75], "texture": "#0"},
				"west": {"uv": [8, 8.25, 9.25, 8.75], "texture": "#0"},
				"up": {"uv": [8, 8.25, 9.25, 8.75], "texture": "#0"},
				"down": {"uv": [8, 8.25, 9.25, 8.75], "texture": "#0"}
			}
		},
		{
			"from": [7.56008, 0.6338, -0.92923],
			"to": [8.43992, 1.9208, 1.97327],
			"rotation": {"angle": 22.5, "axis": "x", "origin": [8, 1.5113, -1.58398]},
			"faces": {
				"north": {"uv": [8, 8.25, 9.25, 8.75], "texture": "#0"},
				"east": {"uv": [8, 8.25, 9.25, 8.75], "texture": "#0"},
				"south": {"uv": [8, 8.25, 9.25, 8.75], "texture": "#0"},
				"west": {"uv": [8, 8.25, 9.25, 8.75], "texture": "#0"},
				"up": {"uv": [8, 8.25, 9.25, 8.75], "texture": "#0"},
				"down": {"uv": [8, 8.25, 9.25, 8.75], "texture": "#0"}
			}
		}
	],
	"display": {
		"head": {
			"translation": [0, -5, 50.25],
			"scale": [4, 4, 4]
		}
	},
	"groups": [
		{
			"name": "2",
			"origin": [8, 8, 8],
			"color": 0,
			"children": [
				0,
				1,
				2,
				3,
				{
					"name": "group",
					"origin": [8, 11.24696, 10.81226],
					"color": 0,
					"children": [4, 5]
				},
				{
					"name": "group",
					"origin": [8, 11.24696, 10.81226],
					"color": 0,
					"children": [6, 7]
				},
				8,
				9,
				10,
				11
			]
		}
	]
}