{
	"credit": "Made with Blockbench",
	"texture_size": [32, 32],
	"textures": {
		"2": "brachy/raging_phase2",
		"particle": "head"
	},
	"elements": [
		{
			"from": [5.16898, -4.13573, 8.70166],
			"to": [10.85172, 0.6324, 16.17504],
			"rotation": {"angle": 0, "axis": "y", "origin": [8.01035, -2.45236, 12.43835]},
			"faces": {
				"north": {"uv": [4.5, 6.5, 6.25, 8.5], "texture": "#2"},
				"east": {"uv": [13.25, 2.5, 16, 4.5], "rotation": 180, "texture": "#2"},
				"south": {"uv": [13.25, 0, 16, 1.5], "texture": "#2"},
				"west": {"uv": [13.25, 2.5, 16, 4.5], "rotation": 180, "texture": "#2"},
				"up": {"uv": [4.5, 6.5, 6.25, 8.5], "texture": "#2"},
				"down": {"uv": [13.25, 0, 16, 1.5], "texture": "#2"}
			}
		},
		{
			"from": [5.46496, 0.15911, 11.42601],
			"to": [10.55574, 6.56631, 15.68453],
			"rotation": {"angle": 0, "axis": "y", "origin": [8.01035, -0.8555, 15.744]},
			"faces": {
				"north": {"uv": [9.25, 8, 12, 10], "rotation": 270, "texture": "#2"},
				"east": {"uv": [9.25, 8, 12, 10], "rotation": 270, "texture": "#2"},
				"south": {"uv": [9.25, 8, 12, 10], "rotation": 270, "texture": "#2"},
				"west": {"uv": [9.25, 8, 12, 10], "rotation": 270, "texture": "#2"},
				"up": {"uv": [9.25, 8, 12, 10], "rotation": 270, "texture": "#2"},
				"down": {"uv": [9.25, 8, 12, 10], "rotation": 270, "texture": "#2"}
			}
		},
		{
			"from": [6.64886, -3.83975, 4.50867],
			"to": [9.37184, -0.32504, 9.76224],
			"rotation": {"angle": 0, "axis": "y", "origin": [8.01035, -2.45236, 9.47859]},
			"faces": {
				"north": {"uv": [4.5, 6.5, 6.25, 8.5], "texture": "#2"},
				"east": {"uv": [4.5, 6.5, 6.25, 8.5], "texture": "#2"},
				"south": {"uv": [4.5, 6.5, 6.25, 8.5], "texture": "#2"},
				"west": {"uv": [4.5, 6.5, 6.25, 8.5], "texture": "#2"},
				"up": {"uv": [4.5, 6.5, 6.25, 8.5], "texture": "#2"},
				"down": {"uv": [4.5, 6.5, 6.25, 8.5], "texture": "#2"}
			}
		},
		{
			"from": [7.16682, -3.80141, 1.27912],
			"to": [8.85388, -2.35853, 5.44744],
			"rotation": {"angle": 0, "axis": "y", "origin": [8.01035, -3.07997, 3.75791]},
			"faces": {
				"north": {"uv": [4.5, 6.5, 6.25, 8.5], "texture": "#2"},
				"east": {"uv": [4.5, 6.5, 6.25, 8.5], "texture": "#2"},
				"south": {"uv": [4.5, 6.5, 6.25, 8.5], "texture": "#2"},
				"west": {"uv": [4.5, 6.5, 6.25, 8.5], "texture": "#2"},
				"up": {"uv": [4.5, 6.5, 6.25, 8.5], "texture": "#2"},
				"down": {"uv": [4.5, 6.5, 6.25, 8.5], "texture": "#2"}
			}
		},
		{
			"from": [7.41346, -2.35853, 2.41369],
			"to": [8.60723, -1.14996, 5.44744],
			"rotation": {"angle": 0, "axis": "y", "origin": [8.01035, -3.07997, 3.75791]},
			"faces": {
				"north": {"uv": [4.5, 6.5, 6.25, 8.5], "rotation": 180, "texture": "#2"},
				"east": {"uv": [4.5, 6.5, 6.25, 8.5], "rotation": 180, "texture": "#2"},
				"south": {"uv": [4.5, 6.5, 6.25, 8.5], "rotation": 180, "texture": "#2"},
				"west": {"uv": [4.5, 6.5, 6.25, 8.5], "rotation": 180, "texture": "#2"},
				"up": {"uv": [4.5, 6.5, 6.25, 8.5], "rotation": 180, "texture": "#2"},
				"down": {"uv": [4.5, 6.5, 6.25, 8.5], "rotation": 180, "texture": "#2"}
			}
		},
		{
			"from": [2.33255, -3.83975, 4.26202],
			"to": [5.05552, -0.32504, 9.51559],
			"rotation": {"angle": 22.5, "axis": "y", "origin": [8.01035, -2.30554, 4.80976]},
			"faces": {
				"north": {"uv": [4.5, 6.5, 6.25, 8.5], "texture": "#2"},
				"east": {"uv": [4.5, 6.5, 6.25, 8.5], "texture": "#2"},
				"south": {"uv": [4.5, 6.5, 6.25, 8.5], "texture": "#2"},
				"west": {"uv": [4.5, 6.5, 6.25, 8.5], "texture": "#2"},
				"up": {"uv": [4.5, 6.5, 6.25, 8.5], "texture": "#2"},
				"down": {"uv": [4.5, 6.5, 6.25, 8.5], "texture": "#2"}
			}
		},
		{
			"from": [2.85051, -3.80141, 1.03247],
			"to": [4.53757, -2.35853, 5.20079],
			"rotation": {"angle": 22.5, "axis": "y", "origin": [8.01035, -2.30554, 4.80976]},
			"faces": {
				"north": {"uv": [4.5, 6.5, 6.25, 8.5], "texture": "#2"},
				"east": {"uv": [4.5, 6.5, 6.25, 8.5], "texture": "#2"},
				"south": {"uv": [4.5, 6.5, 6.25, 8.5], "texture": "#2"},
				"west": {"uv": [4.5, 6.5, 6.25, 8.5], "texture": "#2"},
				"up": {"uv": [4.5, 6.5, 6.25, 8.5], "texture": "#2"},
				"down": {"uv": [4.5, 6.5, 6.25, 8.5], "texture": "#2"}
			}
		},
		{
			"from": [3.09715, -2.35853, 2.16704],
			"to": [4.29092, -1.14996, 5.20079],
			"rotation": {"angle": 22.5, "axis": "y", "origin": [8.01035, -2.30554, 4.80976]},
			"faces": {
				"north": {"uv": [4.5, 6.5, 6.25, 8.5], "rotation": 180, "texture": "#2"},
				"east": {"uv": [4.5, 6.5, 6.25, 8.5], "rotation": 180, "texture": "#2"},
				"south": {"uv": [4.5, 6.5, 6.25, 8.5], "rotation": 180, "texture": "#2"},
				"west": {"uv": [4.5, 6.5, 6.25, 8.5], "rotation": 180, "texture": "#2"},
				"up": {"uv": [4.5, 6.5, 6.25, 8.5], "rotation": 180, "texture": "#2"},
				"down": {"uv": [4.5, 6.5, 6.25, 8.5], "rotation": 180, "texture": "#2"}
			}
		},
		{
			"from": [10.96517, -3.83975, 4.26202],
			"to": [13.68815, -0.32504, 9.51559],
			"rotation": {"angle": -22.5, "axis": "y", "origin": [8.01035, -2.30554, 4.80976]},
			"faces": {
				"north": {"uv": [4.5, 6.5, 6.25, 8.5], "texture": "#2"},
				"east": {"uv": [4.5, 6.5, 6.25, 8.5], "texture": "#2"},
				"south": {"uv": [4.5, 6.5, 6.25, 8.5], "texture": "#2"},
				"west": {"uv": [4.5, 6.5, 6.25, 8.5], "texture": "#2"},
				"up": {"uv": [4.5, 6.5, 6.25, 8.5], "texture": "#2"},
				"down": {"uv": [4.5, 6.5, 6.25, 8.5], "texture": "#2"}
			}
		},
		{
			"from": [11.48313, -3.80141, 1.03247],
			"to": [13.17019, -2.35853, 5.20079],
			"rotation": {"angle": -22.5, "axis": "y", "origin": [8.01035, -2.30554, 4.80976]},
			"faces": {
				"north": {"uv": [4.5, 6.5, 6.25, 8.5], "texture": "#2"},
				"east": {"uv": [4.5, 6.5, 6.25, 8.5], "texture": "#2"},
				"south": {"uv": [4.5, 6.5, 6.25, 8.5], "texture": "#2"},
				"west": {"uv": [4.5, 6.5, 6.25, 8.5], "texture": "#2"},
				"up": {"uv": [4.5, 6.5, 6.25, 8.5], "texture": "#2"},
				"down": {"uv": [4.5, 6.5, 6.25, 8.5], "texture": "#2"}
			}
		},
		{
			"from": [11.72978, -2.35853, 2.16704],
			"to": [12.92355, -1.14996, 5.20079],
			"rotation": {"angle": -22.5, "axis": "y", "origin": [8.01035, -2.30554, 4.80976]},
			"faces": {
				"north": {"uv": [4.5, 6.5, 6.25, 8.5], "rotation": 180, "texture": "#2"},
				"east": {"uv": [4.5, 6.5, 6.25, 8.5], "rotation": 180, "texture": "#2"},
				"south": {"uv": [4.5, 6.5, 6.25, 8.5], "rotation": 180, "texture": "#2"},
				"west": {"uv": [4.5, 6.5, 6.25, 8.5], "rotation": 180, "texture": "#2"},
				"up": {"uv": [4.5, 6.5, 6.25, 8.5], "rotation": 180, "texture": "#2"},
				"down": {"uv": [4.5, 6.5, 6.25, 8.5], "rotation": 180, "texture": "#2"}
			}
		}
	],
	"display": {
		"head": {
			"translation": [0, 5.75, -22.5],
			"scale": [4, 4, 4]
		}
	},
	"groups": [
		{
			"name": "root_raging_2",
			"origin": [8, 8, 8],
			"color": 0,
			"children": [
				{
					"name": "leg_l",
					"origin": [8, 8, 8],
					"color": 5,
					"children": [
						{
							"name": "2",
							"origin": [8, 8, 8],
							"color": 5,
							"children": [
								0,
								1,
								{
									"name": "group",
									"origin": [4.825, 0.56711, 4.46644],
									"color": 5,
									"children": [2, 3, 4]
								},
								{
									"name": "group",
									"origin": [4.825, 0.56711, 4.46644],
									"color": 5,
									"children": [5, 6, 7]
								},
								{
									"name": "group",
									"origin": [4.825, 0.56711, 4.46644],
									"color": 5,
									"children": [8, 9, 10]
								}
							]
						}
					]
				}
			]
		}
	]
}