{
	"credit": "Made with Blockbench",
	"texture_size": [32, 32],
	"textures": {
		"0": "dyno/head",
		"particle": "dyno/head"
	},
	"elements": [
		{
			"from": [1.81117, 1.09209, 0.51087],
			"to": [14.18883, 10.80309, 10.26836],
			"rotation": {"angle": 0, "axis": "y", "origin": [10.64744, 9.96037, 8.59667]},
			"faces": {
				"north": {"uv": [11.5, 1.25, 13.25, 3.25], "texture": "#0"},
				"east": {"uv": [11.5, 1.75, 13.25, 3.25], "texture": "#0"},
				"south": {"uv": [11.5, 1.25, 13.25, 3.25], "texture": "#0"},
				"west": {"uv": [11.5, 1.75, 13.25, 3.25], "texture": "#0"},
				"up": {"uv": [11.5, 1.25, 13.25, 3.25], "texture": "#0"},
				"down": {"uv": [11.5, 1.25, 13.25, 3.25], "texture": "#0"}
			}
		},
		{
			"from": [3.17461, 10.28309, 0.51087],
			"to": [12.82539, 13.54349, 11.3354],
			"rotation": {"angle": 0, "axis": "y", "origin": [10.64744, 14.26077, 8.59667]},
			"faces": {
				"north": {"uv": [13.25, 2.75, 11.5, 1.5], "rotation": 90, "texture": "#0"},
				"east": {"uv": [13.25, 2.75, 11.5, 1.5], "rotation": 90, "texture": "#0"},
				"south": {"uv": [13.25, 2.75, 11.5, 1.5], "rotation": 90, "texture": "#0"},
				"west": {"uv": [13.25, 2.75, 11.5, 1.5], "rotation": 90, "texture": "#0"},
				"up": {"uv": [13.25, 2.75, 11.5, 1.5], "rotation": 90, "texture": "#0"},
				"down": {"uv": [13.25, 2.75, 11.5, 1.5], "rotation": 90, "texture": "#0"}
			}
		},
		{
			"from": [3.11533, -2.68831, 0.51087],
			"to": [12.88467, 1.41813, 10.03124],
			"rotation": {"angle": 0, "axis": "y", "origin": [10.64744, 6.69997, 8.59667]},
			"faces": {
				"north": {"uv": [16, 0, 13.25, 1.5], "texture": "#0"},
				"east": {"uv": [16, 1, 13.25, 2.5], "rotation": 180, "texture": "#0"},
				"south": {"uv": [16, 0, 13.25, 1.5], "texture": "#0"},
				"west": {"uv": [16, 1, 13.25, 2.5], "rotation": 180, "texture": "#0"},
				"up": {"uv": [16, 0, 13.25, 1.5], "texture": "#0"},
				"down": {"uv": [16, 0, 13.25, 1.5], "texture": "#0"}
			}
		},
		{
			"from": [3.63699, -1.64665, 9.63999],
			"to": [12.36301, 1.41813, 23.59451],
			"rotation": {"angle": 0, "axis": "y", "origin": [10.64744, 6.69997, 8.59667]},
			"faces": {
				"north": {"uv": [16, 0, 13.25, 1.5], "texture": "#0"},
				"east": {"uv": [16, 0, 13.25, 1.5], "texture": "#0"},
				"south": {"uv": [16, 0, 13.25, 1.5], "texture": "#0"},
				"west": {"uv": [16, 0, 13.25, 1.5], "texture": "#0"},
				"up": {"uv": [16, 0, 13.25, 1.5], "texture": "#0"},
				"down": {"uv": [16, 0, 13.25, 1.5], "texture": "#0"}
			}
		},
		{
			"from": [1.87045, 1.09209, 10.26836],
			"to": [14.12955, 10.28309, 23.72492],
			"rotation": {"angle": 0, "axis": "y", "origin": [10.64744, 9.96037, 8.59667]},
			"faces": {
				"north": {"uv": [11.5, 1.25, 13.25, 3.25], "texture": "#0"},
				"east": {"uv": [11.5, 1.75, 13.25, 3.25], "texture": "#0"},
				"south": {"uv": [11.5, 1.75, 13.25, 3.25], "texture": "#0"},
				"west": {"uv": [11.5, 1.75, 13.25, 3.25], "texture": "#0"},
				"up": {"uv": [11.5, 1.75, 13.25, 2.5], "rotation": 90, "texture": "#0"},
				"down": {"uv": [11.5, 1.25, 13.25, 3.25], "texture": "#0"}
			}
		},
		{
			"from": [3.82669, 10.28309, 11.3354],
			"to": [12.17331, 12.89141, 17.8562],
			"rotation": {"angle": 0, "axis": "y", "origin": [10.64744, 13.60869, 8.59667]},
			"faces": {
				"north": {"uv": [13.25, 2.75, 11.5, 1.5], "rotation": 90, "texture": "#0"},
				"east": {"uv": [13.25, 2.75, 11.5, 1.5], "rotation": 90, "texture": "#0"},
				"south": {"uv": [13.25, 2.75, 11.5, 1.5], "rotation": 90, "texture": "#0"},
				"west": {"uv": [13.25, 2.75, 11.5, 1.5], "rotation": 90, "texture": "#0"},
				"up": {"uv": [13.25, 2.75, 11.5, 1.5], "rotation": 90, "texture": "#0"},
				"down": {"uv": [13.25, 2.75, 11.5, 1.5], "rotation": 90, "texture": "#0"}
			}
		},
		{
			"from": [3.82669, 8.72309, 17.8562],
			"to": [12.17331, 11.71933, 23.72492],
			"rotation": {"angle": 0, "axis": "y", "origin": [10.64744, 13.08869, 8.59667]},
			"faces": {
				"north": {"uv": [13.25, 2.75, 11.5, 1.5], "rotation": 90, "texture": "#0"},
				"east": {"uv": [13.25, 2, 11.5, 1.5], "rotation": 180, "texture": "#0"},
				"south": {"uv": [13.25, 5.5, 11.5, 5], "texture": "#0"},
				"west": {"uv": [13.25, 2, 11.5, 1.5], "rotation": 180, "texture": "#0"},
				"up": {"uv": [12.25, 2.75, 11.5, 1.5], "rotation": 90, "texture": "#0"},
				"down": {"uv": [13.25, 2.75, 11.5, 1.5], "rotation": 90, "texture": "#0"}
			}
		},
		{
			"from": [3.32401, 13.86931, -10.12696],
			"to": [4.8036, 17.10905, -3.93595],
			"rotation": {"angle": 22.5, "axis": "x", "origin": [3.77024, 13.20024, 6.17716]},
			"faces": {
				"north": {"uv": [11.5, 7.25, 13.25, 8.25], "rotation": 90, "texture": "#0"},
				"east": {"uv": [11.5, 7.25, 13.25, 8.25], "rotation": 270, "texture": "#0"},
				"south": {"uv": [11.5, 7.25, 13.25, 8.25], "rotation": 90, "texture": "#0"},
				"west": {"uv": [11.5, 7.25, 13.25, 8.25], "rotation": 90, "texture": "#0"},
				"up": {"uv": [11.5, 7.25, 13.25, 8.25], "rotation": 180, "texture": "#0"},
				"down": {"uv": [11.5, 7.25, 13.25, 8.25], "texture": "#0"}
			}
		},
		{
			"from": [3.58484, 28.11616, 1.01651],
			"to": [4.54277, 31.95967, 3.21292],
			"rotation": {"angle": -45, "axis": "x", "origin": [3.77024, 13.20024, 6.17716]},
			"faces": {
				"north": {"uv": [11.75, 7.75, 13, 8.25], "texture": "#0"},
				"east": {"uv": [11.75, 7.75, 13, 8.25], "texture": "#0"},
				"south": {"uv": [11.75, 7.75, 13, 8.25], "texture": "#0"},
				"west": {"uv": [11.75, 7.75, 13, 8.25], "texture": "#0"},
				"up": {"uv": [11.75, 7.75, 13, 8.25], "texture": "#0"},
				"down": {"uv": [11.75, 7.75, 13, 8.25], "texture": "#0"}
			}
		},
		{
			"from": [2.65378, 7.70681, -0.83872],
			"to": [5.47384, 13.4038, 4.60693],
			"rotation": {"angle": 45, "axis": "x", "origin": [3.77024, 13.20024, 6.17716]},
			"faces": {
				"north": {"uv": [6.75, 8.5, 8.5, 9.5], "rotation": 270, "texture": "#0"},
				"east": {"uv": [6.75, 8.5, 8.5, 9.5], "rotation": 270, "texture": "#0"},
				"south": {"uv": [6.75, 8.5, 8.5, 9.5], "rotation": 270, "texture": "#0"},
				"west": {"uv": [6.75, 8.5, 8.5, 9.5], "rotation": 270, "texture": "#0"},
				"up": {"uv": [6.75, 8.5, 8.5, 9.5], "rotation": 270, "texture": "#0"},
				"down": {"uv": [6.75, 8.5, 8.5, 9.5], "rotation": 270, "texture": "#0"}
			}
		},
		{
			"from": [0.36242, 3.84622, 9.44962],
			"to": [2.7929, 9.87832, 12.32326],
			"rotation": {"angle": 22.5, "axis": "x", "origin": [3.77024, 13.20024, 6.17716]},
			"faces": {
				"north": {"uv": [6.75, 8.5, 8.5, 9.5], "rotation": 270, "texture": "#0"},
				"east": {"uv": [6.75, 8.5, 8.5, 9.5], "rotation": 270, "texture": "#0"},
				"south": {"uv": [6.75, 8.5, 8.5, 9.5], "rotation": 270, "texture": "#0"},
				"west": {"uv": [6.75, 8.5, 8.5, 9.5], "rotation": 270, "texture": "#0"},
				"up": {"uv": [6.75, 8.5, 8.5, 9.5], "rotation": 270, "texture": "#0"},
				"down": {"uv": [6.75, 8.5, 8.5, 9.5], "rotation": 270, "texture": "#0"}
			}
		},
		{
			"from": [1.72586, 5.18288, -0.23362],
			"to": [5.80895, 13.74739, 6.39129],
			"rotation": {"angle": -22.5, "axis": "x", "origin": [3.77024, 13.20024, 6.17716]},
			"faces": {
				"north": {"uv": [6.75, 8.5, 8.5, 9.5], "texture": "#0"},
				"east": {"uv": [6.75, 8.5, 8.5, 9.5], "texture": "#0"},
				"south": {"uv": [6.75, 8.5, 8.5, 9.5], "texture": "#0"},
				"west": {"uv": [6.75, 8.5, 8.5, 9.5], "texture": "#0"},
				"up": {"uv": [6.75, 8.5, 8.5, 9.5], "texture": "#0"},
				"down": {"uv": [6.75, 8.5, 8.5, 9.5], "texture": "#0"}
			}
		},
		{
			"from": [1.0145, 11.23164, 10.44788],
			"to": [4.09706, 15.04668, 13.32152],
			"rotation": {"angle": 45, "axis": "x", "origin": [3.77024, 13.20024, 6.17716]},
			"faces": {
				"north": {"uv": [6.75, 8.5, 8.5, 9.5], "rotation": 270, "texture": "#0"},
				"east": {"uv": [6.75, 8.5, 8.5, 9.5], "rotation": 270, "texture": "#0"},
				"south": {"uv": [6.75, 8.5, 8.5, 9.5], "rotation": 270, "texture": "#0"},
				"west": {"uv": [6.75, 8.5, 8.5, 9.5], "rotation": 270, "texture": "#0"},
				"up": {"uv": [6.75, 8.5, 8.5, 9.5], "rotation": 270, "texture": "#0"},
				"down": {"uv": [6.75, 8.5, 8.5, 9.5], "rotation": 270, "texture": "#0"}
			}
		},
		{
			"from": [2.84033, 9.41222, 2.69989],
			"to": [6.33062, 14.14017, 12.74641],
			"rotation": {"angle": 22.5, "axis": "x", "origin": [3.77024, 13.20024, 6.17716]},
			"faces": {
				"north": {"uv": [6.75, 8.5, 8.5, 9.5], "rotation": 270, "texture": "#0"},
				"east": {"uv": [6.75, 8.5, 8.5, 9.5], "rotation": 270, "texture": "#0"},
				"south": {"uv": [6.75, 8.5, 8.5, 9.5], "rotation": 270, "texture": "#0"},
				"west": {"uv": [6.75, 8.5, 8.5, 9.5], "rotation": 270, "texture": "#0"},
				"up": {"uv": [6.75, 8.5, 8.5, 9.5], "rotation": 270, "texture": "#0"},
				"down": {"uv": [6.75, 8.5, 8.5, 9.5], "rotation": 270, "texture": "#0"}
			}
		},
		{
			"from": [3.10116, 11.74803, 11.79002],
			"to": [6.33062, 16.47598, 15.70699],
			"rotation": {"angle": 45, "axis": "x", "origin": [3.77024, 13.20024, 6.17716]},
			"faces": {
				"north": {"uv": [6.75, 8.5, 8.5, 9.5], "rotation": 270, "texture": "#0"},
				"east": {"uv": [6.75, 8.5, 8.5, 9.5], "rotation": 270, "texture": "#0"},
				"south": {"uv": [6.75, 8.5, 8.5, 9.5], "rotation": 270, "texture": "#0"},
				"west": {"uv": [6.75, 8.5, 8.5, 9.5], "rotation": 270, "texture": "#0"},
				"up": {"uv": [6.75, 8.5, 8.5, 9.5], "rotation": 270, "texture": "#0"},
				"down": {"uv": [6.75, 8.5, 8.5, 9.5], "rotation": 270, "texture": "#0"}
			}
		},
		{
			"from": [2.9889, 8.54461, -5.02768],
			"to": [5.13872, 13.06868, 0.58553],
			"rotation": {"angle": 45, "axis": "x", "origin": [3.77024, 13.20024, 6.17716]},
			"faces": {
				"north": {"uv": [6.75, 8.5, 8.5, 9.5], "rotation": 270, "texture": "#0"},
				"east": {"uv": [6.75, 8.5, 8.5, 9.5], "rotation": 270, "texture": "#0"},
				"south": {"uv": [6.75, 8.5, 8.5, 9.5], "rotation": 270, "texture": "#0"},
				"west": {"uv": [6.75, 8.5, 8.5, 9.5], "rotation": 270, "texture": "#0"},
				"up": {"uv": [6.75, 8.5, 8.5, 9.5], "rotation": 270, "texture": "#0"},
				"down": {"uv": [6.75, 8.5, 8.5, 9.5], "rotation": 270, "texture": "#0"}
			}
		},
		{
			"from": [4.00405, 12.64556, 10.81252],
			"to": [5.16689, 16.2607, 12.50271],
			"rotation": {"angle": -22.5, "axis": "x", "origin": [3.77024, 13.20024, 6.17716]},
			"faces": {
				"north": {"uv": [11.75, 6.75, 13, 8.25], "rotation": 180, "texture": "#0"},
				"east": {"uv": [11.75, 6.75, 13, 8.25], "rotation": 180, "texture": "#0"},
				"south": {"uv": [11.75, 6.75, 13, 8.25], "rotation": 180, "texture": "#0"},
				"west": {"uv": [11.75, 6.75, 13, 8.25], "rotation": 180, "texture": "#0"},
				"up": {"uv": [12.25, 7.25, 12.75, 8], "texture": "#0"},
				"down": {"uv": [11.75, 6.75, 13, 8.25], "rotation": 180, "texture": "#0"}
			}
		},
		{
			"from": [3.54499, 16.18129, 10.68409],
			"to": [5.62595, 20.08334, 14.41399],
			"rotation": {"angle": 45, "axis": "x", "origin": [3.77024, 13.20024, 6.17716]},
			"faces": {
				"north": {"uv": [6.75, 8.5, 8.5, 9.5], "rotation": 270, "texture": "#0"},
				"east": {"uv": [6.75, 8.5, 8.5, 9.5], "rotation": 270, "texture": "#0"},
				"south": {"uv": [6.75, 8.5, 8.5, 9.5], "rotation": 270, "texture": "#0"},
				"west": {"uv": [6.75, 8.5, 8.5, 9.5], "rotation": 270, "texture": "#0"},
				"up": {"uv": [6.75, 8.5, 8.5, 9.5], "rotation": 270, "texture": "#0"},
				"down": {"uv": [6.75, 8.5, 8.5, 9.5], "rotation": 270, "texture": "#0"}
			}
		},
		{
			"from": [3.31546, 3.71625, 11.58023],
			"to": [5.85549, 8.36428, 15.71181],
			"rotation": {"angle": -22.5, "axis": "x", "origin": [3.77024, 13.20024, 6.17716]},
			"faces": {
				"north": {"uv": [6.75, 8.5, 8.5, 9.5], "texture": "#0"},
				"east": {"uv": [6.75, 8.5, 8.5, 9.5], "texture": "#0"},
				"south": {"uv": [6.75, 8.5, 8.5, 9.5], "texture": "#0"},
				"west": {"uv": [6.75, 8.5, 8.5, 9.5], "texture": "#0"},
				"up": {"uv": [6.75, 8.5, 8.5, 9.5], "texture": "#0"},
				"down": {"uv": [6.75, 8.5, 8.5, 9.5], "texture": "#0"}
			}
		},
		{
			"from": [3.77452, 16.75512, 7.81494],
			"to": [5.39642, 19.8538, 11.65961],
			"rotation": {"angle": 45, "axis": "x", "origin": [3.77024, 13.20024, 6.17716]},
			"faces": {
				"north": {"uv": [6.75, 8.5, 8.5, 9.5], "rotation": 270, "texture": "#0"},
				"east": {"uv": [6.75, 8.5, 8.5, 9.5], "rotation": 270, "texture": "#0"},
				"south": {"uv": [6.75, 8.5, 8.5, 9.5], "rotation": 270, "texture": "#0"},
				"west": {"uv": [6.75, 8.5, 8.5, 9.5], "rotation": 270, "texture": "#0"},
				"up": {"uv": [6.75, 8.5, 8.5, 9.5], "rotation": 270, "texture": "#0"},
				"down": {"uv": [6.75, 8.5, 8.5, 9.5], "rotation": 270, "texture": "#0"}
			}
		},
		{
			"from": [11.1964, 13.62931, -10.12696],
			"to": [12.67599, 16.86905, -3.93595],
			"rotation": {"angle": 22.5, "axis": "x", "origin": [12.22976, 12.96024, 6.17716]},
			"faces": {
				"north": {"uv": [11.5, 7.25, 13.25, 8.25], "rotation": 90, "texture": "#0"},
				"east": {"uv": [11.5, 7.25, 13.25, 8.25], "rotation": 270, "texture": "#0"},
				"south": {"uv": [11.5, 7.25, 13.25, 8.25], "rotation": 90, "texture": "#0"},
				"west": {"uv": [11.5, 7.25, 13.25, 8.25], "rotation": 90, "texture": "#0"},
				"up": {"uv": [11.5, 7.25, 13.25, 8.25], "rotation": 180, "texture": "#0"},
				"down": {"uv": [11.5, 7.25, 13.25, 8.25], "texture": "#0"}
			}
		},
		{
			"from": [11.45723, 27.87616, 1.01651],
			"to": [12.41516, 31.71967, 3.21292],
			"rotation": {"angle": -45, "axis": "x", "origin": [12.22976, 12.96024, 6.17716]},
			"faces": {
				"north": {"uv": [11.75, 7.75, 13, 8.25], "texture": "#0"},
				"east": {"uv": [11.75, 7.75, 13, 8.25], "texture": "#0"},
				"south": {"uv": [11.75, 7.75, 13, 8.25], "texture": "#0"},
				"west": {"uv": [11.75, 7.75, 13, 8.25], "texture": "#0"},
				"up": {"uv": [11.75, 7.75, 13, 8.25], "texture": "#0"},
				"down": {"uv": [11.75, 7.75, 13, 8.25], "texture": "#0"}
			}
		},
		{
			"from": [10.52616, 7.46681, -0.83872],
			"to": [13.34622, 13.1638, 4.60693],
			"rotation": {"angle": 45, "axis": "x", "origin": [12.22976, 12.96024, 6.17716]},
			"faces": {
				"north": {"uv": [6.75, 8.5, 8.5, 9.5], "rotation": 90, "texture": "#0"},
				"east": {"uv": [6.75, 8.5, 8.5, 9.5], "rotation": 90, "texture": "#0"},
				"south": {"uv": [6.75, 8.5, 8.5, 9.5], "rotation": 90, "texture": "#0"},
				"west": {"uv": [6.75, 8.5, 8.5, 9.5], "rotation": 90, "texture": "#0"},
				"up": {"uv": [6.75, 8.5, 8.5, 9.5], "rotation": 90, "texture": "#0"},
				"down": {"uv": [6.75, 8.5, 8.5, 9.5], "rotation": 90, "texture": "#0"}
			}
		},
		{
			"from": [10.19105, 4.94288, -0.23362],
			"to": [14.27414, 13.50739, 6.39129],
			"rotation": {"angle": -22.5, "axis": "x", "origin": [12.22976, 12.96024, 6.17716]},
			"faces": {
				"north": {"uv": [6.75, 8.5, 8.5, 9.5], "texture": "#0"},
				"east": {"uv": [6.75, 8.5, 8.5, 9.5], "texture": "#0"},
				"south": {"uv": [6.75, 8.5, 8.5, 9.5], "texture": "#0"},
				"west": {"uv": [6.75, 8.5, 8.5, 9.5], "texture": "#0"},
				"up": {"uv": [6.75, 8.5, 8.5, 9.5], "texture": "#0"},
				"down": {"uv": [6.75, 8.5, 8.5, 9.5], "texture": "#0"}
			}
		},
		{
			"from": [13.2071, 3.60622, 9.44962],
			"to": [15.63758, 9.63832, 12.32326],
			"rotation": {"angle": 22.5, "axis": "x", "origin": [12.22976, 12.96024, 6.17716]},
			"faces": {
				"north": {"uv": [6.75, 8.5, 8.5, 9.5], "rotation": 90, "texture": "#0"},
				"east": {"uv": [6.75, 8.5, 8.5, 9.5], "rotation": 90, "texture": "#0"},
				"south": {"uv": [6.75, 8.5, 8.5, 9.5], "rotation": 90, "texture": "#0"},
				"west": {"uv": [6.75, 8.5, 8.5, 9.5], "rotation": 90, "texture": "#0"},
				"up": {"uv": [6.75, 8.5, 8.5, 9.5], "rotation": 90, "texture": "#0"},
				"down": {"uv": [6.75, 8.5, 8.5, 9.5], "rotation": 90, "texture": "#0"}
			}
		},
		{
			"from": [11.90294, 10.99164, 10.44788],
			"to": [14.9855, 14.80668, 13.32152],
			"rotation": {"angle": 45, "axis": "x", "origin": [12.22976, 12.96024, 6.17716]},
			"faces": {
				"north": {"uv": [6.75, 8.5, 8.5, 9.5], "rotation": 90, "texture": "#0"},
				"east": {"uv": [6.75, 8.5, 8.5, 9.5], "rotation": 90, "texture": "#0"},
				"south": {"uv": [6.75, 8.5, 8.5, 9.5], "rotation": 90, "texture": "#0"},
				"west": {"uv": [6.75, 8.5, 8.5, 9.5], "rotation": 90, "texture": "#0"},
				"up": {"uv": [6.75, 8.5, 8.5, 9.5], "rotation": 90, "texture": "#0"},
				"down": {"uv": [6.75, 8.5, 8.5, 9.5], "rotation": 90, "texture": "#0"}
			}
		},
		{
			"from": [9.66938, 9.17222, 2.69989],
			"to": [13.15967, 13.90017, 12.74641],
			"rotation": {"angle": 22.5, "axis": "x", "origin": [12.22976, 12.96024, 6.17716]},
			"faces": {
				"north": {"uv": [6.75, 8.5, 8.5, 9.5], "rotation": 90, "texture": "#0"},
				"east": {"uv": [6.75, 8.5, 8.5, 9.5], "rotation": 90, "texture": "#0"},
				"south": {"uv": [6.75, 8.5, 8.5, 9.5], "rotation": 90, "texture": "#0"},
				"west": {"uv": [6.75, 8.5, 8.5, 9.5], "rotation": 90, "texture": "#0"},
				"up": {"uv": [6.75, 8.5, 8.5, 9.5], "rotation": 90, "texture": "#0"},
				"down": {"uv": [6.75, 8.5, 8.5, 9.5], "rotation": 90, "texture": "#0"}
			}
		},
		{
			"from": [9.66938, 11.50803, 11.79002],
			"to": [12.89884, 16.23598, 15.70699],
			"rotation": {"angle": 45, "axis": "x", "origin": [12.22976, 12.96024, 6.17716]},
			"faces": {
				"north": {"uv": [6.75, 8.5, 8.5, 9.5], "rotation": 90, "texture": "#0"},
				"east": {"uv": [6.75, 8.5, 8.5, 9.5], "rotation": 90, "texture": "#0"},
				"south": {"uv": [6.75, 8.5, 8.5, 9.5], "rotation": 90, "texture": "#0"},
				"west": {"uv": [6.75, 8.5, 8.5, 9.5], "rotation": 90, "texture": "#0"},
				"up": {"uv": [6.75, 8.5, 8.5, 9.5], "rotation": 90, "texture": "#0"},
				"down": {"uv": [6.75, 8.5, 8.5, 9.5], "rotation": 90, "texture": "#0"}
			}
		},
		{
			"from": [10.86128, 8.30461, -5.02768],
			"to": [13.0111, 12.82868, 0.58553],
			"rotation": {"angle": 45, "axis": "x", "origin": [12.22976, 12.96024, 6.17716]},
			"faces": {
				"north": {"uv": [6.75, 8.5, 8.5, 9.5], "rotation": 90, "texture": "#0"},
				"east": {"uv": [6.75, 8.5, 8.5, 9.5], "rotation": 90, "texture": "#0"},
				"south": {"uv": [6.75, 8.5, 8.5, 9.5], "rotation": 90, "texture": "#0"},
				"west": {"uv": [6.75, 8.5, 8.5, 9.5], "rotation": 90, "texture": "#0"},
				"up": {"uv": [6.75, 8.5, 8.5, 9.5], "rotation": 90, "texture": "#0"},
				"down": {"uv": [6.75, 8.5, 8.5, 9.5], "rotation": 90, "texture": "#0"}
			}
		},
		{
			"from": [10.83311, 12.40556, 10.81252],
			"to": [11.99595, 16.0207, 12.50271],
			"rotation": {"angle": -22.5, "axis": "x", "origin": [12.22976, 12.96024, 6.17716]},
			"faces": {
				"north": {"uv": [11.75, 6.75, 13, 8.25], "rotation": 180, "texture": "#0"},
				"east": {"uv": [11.75, 6.75, 13, 8.25], "rotation": 180, "texture": "#0"},
				"south": {"uv": [11.75, 6.75, 13, 8.25], "rotation": 180, "texture": "#0"},
				"west": {"uv": [11.75, 6.75, 13, 8.25], "rotation": 180, "texture": "#0"},
				"up": {"uv": [12.25, 7.25, 12.75, 8], "texture": "#0"},
				"down": {"uv": [11.75, 6.75, 13, 8.25], "rotation": 180, "texture": "#0"}
			}
		},
		{
			"from": [10.37405, 15.94129, 10.68409],
			"to": [12.45501, 19.84334, 14.41399],
			"rotation": {"angle": 45, "axis": "x", "origin": [12.22976, 12.96024, 6.17716]},
			"faces": {
				"north": {"uv": [6.75, 8.5, 8.5, 9.5], "rotation": 90, "texture": "#0"},
				"east": {"uv": [6.75, 8.5, 8.5, 9.5], "rotation": 90, "texture": "#0"},
				"south": {"uv": [6.75, 8.5, 8.5, 9.5], "rotation": 90, "texture": "#0"},
				"west": {"uv": [6.75, 8.5, 8.5, 9.5], "rotation": 90, "texture": "#0"},
				"up": {"uv": [6.75, 8.5, 8.5, 9.5], "rotation": 90, "texture": "#0"},
				"down": {"uv": [6.75, 8.5, 8.5, 9.5], "rotation": 90, "texture": "#0"}
			}
		},
		{
			"from": [10.14451, 3.47625, 11.58023],
			"to": [12.68454, 8.12428, 15.71181],
			"rotation": {"angle": -22.5, "axis": "x", "origin": [12.22976, 12.96024, 6.17716]},
			"faces": {
				"north": {"uv": [6.75, 8.5, 8.5, 9.5], "texture": "#0"},
				"east": {"uv": [6.75, 8.5, 8.5, 9.5], "texture": "#0"},
				"south": {"uv": [6.75, 8.5, 8.5, 9.5], "texture": "#0"},
				"west": {"uv": [6.75, 8.5, 8.5, 9.5], "texture": "#0"},
				"up": {"uv": [6.75, 8.5, 8.5, 9.5], "texture": "#0"},
				"down": {"uv": [6.75, 8.5, 8.5, 9.5], "texture": "#0"}
			}
		},
		{
			"from": [10.60358, 16.51512, 7.81494],
			"to": [12.22548, 19.6138, 11.65961],
			"rotation": {"angle": 45, "axis": "x", "origin": [12.22976, 12.96024, 6.17716]},
			"faces": {
				"north": {"uv": [6.75, 8.5, 8.5, 9.5], "rotation": 90, "texture": "#0"},
				"east": {"uv": [6.75, 8.5, 8.5, 9.5], "rotation": 90, "texture": "#0"},
				"south": {"uv": [6.75, 8.5, 8.5, 9.5], "rotation": 90, "texture": "#0"},
				"west": {"uv": [6.75, 8.5, 8.5, 9.5], "rotation": 90, "texture": "#0"},
				"up": {"uv": [6.75, 8.5, 8.5, 9.5], "rotation": 90, "texture": "#0"},
				"down": {"uv": [6.75, 8.5, 8.5, 9.5], "rotation": 90, "texture": "#0"}
			}
		},
		{
			"from": [7.08709, 11.91661, 0.51087],
			"to": [8.91291, 14.59014, 11.07457],
			"rotation": {"angle": 0, "axis": "y", "origin": [10.64744, 16.87242, 10.16166]},
			"faces": {
				"north": {"uv": [4.25, 4.5, 6, 5], "texture": "#0"},
				"east": {"uv": [4.25, 4.5, 6, 5], "texture": "#0"},
				"south": {"uv": [4.25, 4.5, 6, 5], "texture": "#0"},
				"west": {"uv": [4.25, 4.5, 6, 5], "texture": "#0"},
				"up": {"uv": [4.25, 4.5, 6, 5], "rotation": 90, "texture": "#0"},
				"down": {"uv": [4.25, 4.5, 6, 5], "texture": "#0"}
			}
		},
		{
			"from": [7.08709, 10.87329, 12.1179],
			"to": [8.91291, 13.28598, 17.33454],
			"rotation": {"angle": 0, "axis": "y", "origin": [10.64744, 15.56826, 20.85577]},
			"faces": {
				"north": {"uv": [4.25, 4.5, 6, 5], "texture": "#0"},
				"east": {"uv": [4.25, 4.5, 6, 5], "texture": "#0"},
				"south": {"uv": [4.25, 4.5, 6, 5], "texture": "#0"},
				"west": {"uv": [4.25, 4.5, 6, 5], "texture": "#0"},
				"up": {"uv": [4.25, 4.5, 6, 5], "rotation": 90, "texture": "#0"},
				"down": {"uv": [4.25, 4.5, 6, 5], "texture": "#0"}
			}
		},
		{
			"from": [7.08709, 10.09079, 18.50828],
			"to": [8.91291, 12.50349, 23.07284],
			"rotation": {"angle": 0, "axis": "y", "origin": [10.64744, 14.78577, 26.59407]},
			"faces": {
				"north": {"uv": [4.25, 4.5, 6, 5], "texture": "#0"},
				"east": {"uv": [4.25, 4.5, 6, 5], "texture": "#0"},
				"south": {"uv": [4.25, 4.5, 6, 5], "texture": "#0"},
				"west": {"uv": [4.25, 4.5, 6, 5], "texture": "#0"},
				"up": {"uv": [4.25, 4.5, 6, 5], "rotation": 90, "texture": "#0"},
				"down": {"uv": [4.25, 4.5, 6, 5], "texture": "#0"}
			}
		}
	],
	"display": {
		"head": {
			"translation": [0, 6.75, -20.5],
			"scale": [4, 4, 4]
		}
	},
	"groups": [
		{
			"name": "body",
			"origin": [8, 8, 8],
			"color": 0,
			"children": [
				{
					"name": "1",
					"origin": [8, 8, 8],
					"color": 0,
					"children": [
						0,
						1,
						2,
						3,
						4,
						5,
						6,
						{
							"name": "group",
							"origin": [6.312, 10.11373, -1.63561],
							"color": 0,
							"children": [
								7,
								8,
								9,
								10,
								11,
								12,
								13,
								14,
								15,
								{
									"name": "group",
									"origin": [6.312, 10.11373, -1.63561],
									"color": 0,
									"children": [16, 17, 18, 19]
								}
							]
						},
						{
							"name": "group",
							"origin": [6.312, 10.11373, -1.63561],
							"color": 0,
							"children": [
								20,
								21,
								22,
								23,
								24,
								25,
								26,
								27,
								28,
								{
									"name": "group",
									"origin": [6.312, 10.11373, -1.63561],
									"color": 0,
									"children": [29, 30, 31, 32]
								}
							]
						},
						33,
						34,
						35
					]
				}
			]
		}
	]
}