{
	"credit": "Made with Blockbench",
	"texture_size": [32, 32],
	"textures": {
		"particle": "dyno/head"
	},
	"elements": [
		{
			"from": [3.62888, 4.47779, -5.8458],
			"to": [12.37112, 10.91279, 6.0267],
			"rotation": {"angle": 0, "axis": "y", "origin": [10.09009, 11.47907, -10.07756]},
			"faces": {
				"north": {"uv": [12.75, 3, 11.5, 4.25], "texture": "#particle"},
				"east": {"uv": [12.75, 3, 11.5, 4.25], "texture": "#particle"},
				"south": {"uv": [12.75, 3, 11.5, 4.25], "texture": "#particle"},
				"west": {"uv": [12.75, 3, 11.5, 4.25], "texture": "#particle"},
				"up": {"uv": [12.75, 3, 11.5, 4.25], "texture": "#particle"},
				"down": {"uv": [12.75, 3, 11.5, 4.25], "texture": "#particle"}
			}
		},
		{
			"from": [5.03288, 10.65539, -5.8458],
			"to": [10.96712, 11.94239, 6.0267],
			"rotation": {"angle": 0, "axis": "y", "origin": [10.09009, 12.97667, -10.07756]},
			"faces": {
				"north": {"uv": [12.75, 3, 11.5, 4.25], "texture": "#particle"},
				"east": {"uv": [13, 2.5, 11.75, 2.75], "texture": "#particle"},
				"south": {"uv": [12.75, 3, 11.5, 4.25], "texture": "#particle"},
				"west": {"uv": [12.75, 2.5, 11.5, 2.75], "texture": "#particle"},
				"up": {"uv": [12.75, 1.75, 11.5, 2.5], "rotation": 90, "texture": "#particle"},
				"down": {"uv": [12.75, 3, 11.5, 4.25], "texture": "#particle"}
			}
		},
		{
			"from": [6.90488, 11.59139, -6.0538],
			"to": [9.09512, 12.41039, 6.1099],
			"rotation": {"angle": 0, "axis": "y", "origin": [10.09009, 12.97667, -10.07756]},
			"faces": {
				"north": {"uv": [11.5, 6, 12.25, 6.5], "rotation": 90, "texture": "#particle"},
				"east": {"uv": [11.5, 6, 12.25, 6.5], "rotation": 90, "texture": "#particle"},
				"south": {"uv": [11.5, 6, 12.25, 6.5], "rotation": 90, "texture": "#particle"},
				"west": {"uv": [11.5, 6, 12.25, 6.5], "rotation": 90, "texture": "#particle"},
				"up": {"uv": [11.5, 6, 12.25, 6.5], "rotation": 90, "texture": "#particle"},
				"down": {"uv": [11.5, 6, 12.25, 6.5], "rotation": 90, "texture": "#particle"}
			}
		},
		{
			"from": [4.55552, 2.57563, -5.82708],
			"to": [11.44448, 4.73519, -1.46636],
			"rotation": {"angle": 0, "axis": "y", "origin": [10.09009, 8.90507, -7.69076]},
			"faces": {
				"north": {"uv": [16, 0, 13.25, 1.5], "texture": "#particle"},
				"east": {"uv": [16, 0, 13.25, 1.5], "texture": "#particle"},
				"south": {"uv": [16, 0, 13.25, 1.5], "texture": "#particle"},
				"west": {"uv": [16, 0, 13.25, 1.5], "texture": "#particle"},
				"up": {"uv": [16, 0, 13.25, 1.5], "texture": "#particle"},
				"down": {"uv": [16, 0, 13.25, 1.5], "texture": "#particle"}
			}
		},
		{
			"from": [5.49152, 1.41083, -3.09188],
			"to": [10.50848, 4.73519, 2.74564],
			"rotation": {"angle": 0, "axis": "y", "origin": [10.09009, 8.90507, -3.47876]},
			"faces": {
				"north": {"uv": [16, 0, 13.25, 1.5], "texture": "#particle"},
				"east": {"uv": [16, 0, 13.25, 1.5], "texture": "#particle"},
				"south": {"uv": [16, 0, 13.25, 1.5], "texture": "#particle"},
				"west": {"uv": [16, 0, 13.25, 1.5], "texture": "#particle"},
				"up": {"uv": [16, 0, 13.25, 1.5], "texture": "#particle"},
				"down": {"uv": [16, 0, 13.25, 1.5], "texture": "#particle"}
			}
		},
		{
			"from": [5.67872, 1.93083, 2.72692],
			"to": [10.32128, 4.50119, 6.06324],
			"rotation": {"angle": 0, "axis": "y", "origin": [10.09009, 8.90507, 0.73324]},
			"faces": {
				"north": {"uv": [12.75, 3, 11.5, 4.25], "texture": "#particle"},
				"east": {"uv": [12.75, 3, 11.5, 4.25], "texture": "#particle"},
				"south": {"uv": [12.75, 3, 11.5, 4.25], "texture": "#particle"},
				"west": {"uv": [12.75, 3, 11.5, 4.25], "texture": "#particle"},
				"up": {"uv": [12.75, 3, 11.5, 4.25], "texture": "#particle"},
				"down": {"uv": [12.75, 3, 11.5, 4.25], "texture": "#particle"}
			}
		},
		{
			"from": [7.37288, 9.47219, -1.58323],
			"to": [8.62712, 13.56719, 0.43008],
			"rotation": {"angle": -45, "axis": "x", "origin": [8, 12.76002, -0.71619]},
			"faces": {
				"north": {"uv": [11.5, 6, 12.25, 6.5], "rotation": 90, "texture": "#particle"},
				"east": {"uv": [11.5, 6, 12.25, 6.5], "rotation": 90, "texture": "#particle"},
				"south": {"uv": [11.5, 6, 12.25, 6.5], "rotation": 90, "texture": "#particle"},
				"west": {"uv": [11.5, 6, 12.25, 6.5], "rotation": 90, "texture": "#particle"},
				"up": {"uv": [11.5, 6, 12.25, 6.5], "rotation": 90, "texture": "#particle"},
				"down": {"uv": [11.5, 6, 12.25, 6.5], "rotation": 90, "texture": "#particle"}
			}
		},
		{
			"from": [7.56008, 12.38695, -3.62445],
			"to": [8.43992, 13.46426, -0.27825],
			"rotation": {"angle": 22.5, "axis": "x", "origin": [8, 12.76002, -0.71619]},
			"faces": {
				"north": {"uv": [11.5, 6, 12.25, 6.5], "rotation": 90, "texture": "#particle"},
				"east": {"uv": [11.5, 6, 12.25, 6.5], "rotation": 90, "texture": "#particle"},
				"south": {"uv": [11.5, 6, 12.25, 6.5], "rotation": 90, "texture": "#particle"},
				"west": {"uv": [11.5, 6, 12.25, 6.5], "rotation": 90, "texture": "#particle"},
				"up": {"uv": [11.5, 6, 12.25, 6.5], "rotation": 90, "texture": "#particle"},
				"down": {"uv": [11.5, 6, 12.25, 6.5], "rotation": 90, "texture": "#particle"}
			}
		},
		{
			"from": [7.37288, 9.94019, 1.65117],
			"to": [8.62712, 14.03519, 3.66448],
			"rotation": {"angle": -45, "axis": "x", "origin": [8, 13.22802, 2.51821]},
			"faces": {
				"north": {"uv": [11.5, 6, 12.25, 6.5], "rotation": 90, "texture": "#particle"},
				"east": {"uv": [11.5, 6, 12.25, 6.5], "rotation": 90, "texture": "#particle"},
				"south": {"uv": [11.5, 6, 12.25, 6.5], "rotation": 90, "texture": "#particle"},
				"west": {"uv": [11.5, 6, 12.25, 6.5], "rotation": 90, "texture": "#particle"},
				"up": {"uv": [11.5, 6, 12.25, 6.5], "rotation": 90, "texture": "#particle"},
				"down": {"uv": [11.5, 6, 12.25, 6.5], "rotation": 90, "texture": "#particle"}
			}
		},
		{
			"from": [7.56008, 12.85495, -0.39005],
			"to": [8.43992, 13.93226, 2.95615],
			"rotation": {"angle": 22.5, "axis": "x", "origin": [8, 13.22802, 2.51821]},
			"faces": {
				"north": {"uv": [11.5, 6, 12.25, 6.5], "rotation": 90, "texture": "#particle"},
				"east": {"uv": [11.5, 6, 12.25, 6.5], "rotation": 90, "texture": "#particle"},
				"south": {"uv": [11.5, 6, 12.25, 6.5], "rotation": 90, "texture": "#particle"},
				"west": {"uv": [11.5, 6, 12.25, 6.5], "rotation": 90, "texture": "#particle"},
				"up": {"uv": [11.5, 6, 12.25, 6.5], "rotation": 90, "texture": "#particle"},
				"down": {"uv": [11.5, 6, 12.25, 6.5], "rotation": 90, "texture": "#particle"}
			}
		},
		{
			"from": [7.08272, 1.46283, 2.35252],
			"to": [8.91728, 2.99319, 5.83444],
			"rotation": {"angle": 22.5, "axis": "x", "origin": [8, 2.69601, 4.28068]},
			"faces": {
				"north": {"uv": [11.5, 6, 12.25, 6.5], "rotation": 90, "texture": "#particle"},
				"east": {"uv": [11.5, 6, 12.25, 6.5], "rotation": 90, "texture": "#particle"},
				"south": {"uv": [11.5, 6, 12.25, 6.5], "rotation": 90, "texture": "#particle"},
				"west": {"uv": [11.5, 6, 12.25, 6.5], "rotation": 90, "texture": "#particle"},
				"up": {"uv": [11.5, 6, 12.25, 6.5], "rotation": 90, "texture": "#particle"},
				"down": {"uv": [11.5, 6, 12.25, 6.5], "rotation": 90, "texture": "#particle"}
			}
		}
	],
	"display": {
		"head": {
			"translation": [0, -5, 47.25],
			"scale": [4, 4, 4]
		}
	},
	"groups": [
		{
			"name": "tail",
			"origin": [8, 8, 8],
			"color": 0,
			"children": [
				{
					"name": "0",
					"origin": [8, 8, 8],
					"color": 0,
					"children": [
						0,
						1,
						2,
						3,
						4,
						5,
						{
							"name": "group",
							"origin": [8, 11.24696, 10.81226],
							"color": 0,
							"children": []
						},
						{
							"name": "group",
							"origin": [8, 11.24696, 10.81226],
							"color": 0,
							"children": [6, 7]
						},
						{
							"name": "group",
							"origin": [8, 11.24696, 10.81226],
							"color": 0,
							"children": [8, 9, 10]
						}
					]
				}
			]
		}
	]
}