{
	"credit": "Made with Blockbench",
	"texture_size": [32, 32],
	"textures": {
		"1": "brachy/raging",
		"particle": "brachy/head"
	},
	"elements": [
		{
			"from": [4.3115, 4.03208, 1.14225],
			"to": [11.68847, 11.40905, 9.06021],
			"rotation": {"angle": 0, "axis": "y", "origin": [11.54536, -12.81692, -93.34688]},
			"faces": {
				"north": {"uv": [13.75, 7.5, 15.5, 8.25], "rotation": 180, "texture": "#1"},
				"east": {"uv": [13.75, 6.5, 15.75, 8.25], "rotation": 270, "texture": "#1"},
				"south": {"uv": [13.75, 5, 15.5, 7], "rotation": 180, "texture": "#1"},
				"west": {"uv": [13.75, 6.5, 15.75, 8.25], "rotation": 90, "texture": "#1"},
				"up": {"uv": [13.75, 5.75, 15.5, 7.75], "rotation": 180, "texture": "#1"},
				"down": {"uv": [13.75, 6.5, 15.5, 8.5], "texture": "#1"}
			}
		},
		{
			"from": [4.3115, 11.40905, 6.10943],
			"to": [11.68847, 12.88444, 10.95236],
			"rotation": {"angle": 0, "axis": "y", "origin": [7.99999, 8.45826, 9.42906]},
			"faces": {
				"north": {"uv": [13.75, 5.25, 15.5, 7.25], "texture": "#1"},
				"east": {"uv": [13.75, 5.25, 15.5, 7.25], "texture": "#1"},
				"south": {"uv": [13.75, 5.25, 15.5, 7.25], "texture": "#1"},
				"west": {"uv": [13.75, 5.25, 15.5, 7.25], "texture": "#1"},
				"up": {"uv": [13.75, 5.25, 15.5, 7.25], "texture": "#1"},
				"down": {"uv": [13.75, 5.25, 15.5, 7.25], "texture": "#1"}
			}
		},
		{
			"from": [10.95077, 4.76977, 6.10943],
			"to": [12.42617, 12.14674, 10.95236],
			"rotation": {"angle": 0, "axis": "y", "origin": [7.99999, 8.45826, 9.42906]},
			"faces": {
				"north": {"uv": [13.5, 5.75, 15.75, 6.75], "rotation": 90, "texture": "#1"},
				"east": {"uv": [13.5, 5.75, 15.75, 6.75], "rotation": 90, "texture": "#1"},
				"south": {"uv": [13.5, 5.75, 15.75, 6.75], "rotation": 90, "texture": "#1"},
				"west": {"uv": [13.5, 5.75, 15.75, 6.75], "rotation": 90, "texture": "#1"},
				"up": {"uv": [13.5, 5.75, 15.75, 6.75], "rotation": 90, "texture": "#1"},
				"down": {"uv": [13.5, 5.75, 15.75, 6.75], "rotation": 90, "texture": "#1"}
			}
		},
		{
			"from": [3.5738, 4.76977, 6.10943],
			"to": [5.0492, 12.14674, 10.95236],
			"rotation": {"angle": 0, "axis": "y", "origin": [7.99999, 8.45826, 9.42906]},
			"faces": {
				"north": {"uv": [13.75, 7.25, 15.5, 5.75], "rotation": 90, "texture": "#1"},
				"east": {"uv": [13.75, 7.25, 15.5, 5.75], "rotation": 90, "texture": "#1"},
				"south": {"uv": [13.75, 7.25, 15.5, 5.75], "rotation": 90, "texture": "#1"},
				"west": {"uv": [13.75, 7.25, 15.5, 5.75], "rotation": 90, "texture": "#1"},
				"up": {"uv": [13.75, 7.25, 15.5, 5.75], "rotation": 90, "texture": "#1"},
				"down": {"uv": [13.75, 7.25, 15.5, 5.75], "rotation": 90, "texture": "#1"}
			}
		},
		{
			"from": [4.3115, 3.29438, 6.10943],
			"to": [11.68847, 4.76977, 10.95236],
			"rotation": {"angle": 0, "axis": "y", "origin": [11.54536, -12.81692, -93.34688]},
			"faces": {
				"north": {"uv": [13.75, 5.25, 15.5, 7.25], "texture": "#1"},
				"east": {"uv": [13.75, 5.25, 15.5, 7.25], "texture": "#1"},
				"south": {"uv": [13.75, 5.25, 15.5, 7.25], "texture": "#1"},
				"west": {"uv": [13.75, 5.25, 15.5, 7.25], "texture": "#1"},
				"up": {"uv": [13.75, 5.25, 15.5, 7.25], "texture": "#1"},
				"down": {"uv": [13.75, 5.25, 15.5, 7.25], "texture": "#1"}
			}
		},
		{
			"from": [7.26229, 12.14674, 4.72984],
			"to": [8.73768, 14.35983, 11.36911],
			"rotation": {"angle": 0, "axis": "y", "origin": [7.99999, 8.08941, 6.94293]},
			"faces": {
				"north": {"uv": [13.5, 7.5, 15.75, 8.5], "texture": "#1"},
				"east": {"uv": [13.5, 7.5, 15.75, 8.5], "texture": "#1"},
				"south": {"uv": [13.5, 7.5, 15.75, 8.5], "texture": "#1"},
				"west": {"uv": [13.5, 7.5, 15.75, 8.5], "texture": "#1"},
				"up": {"uv": [13.5, 7.5, 15.75, 8.5], "texture": "#1"},
				"down": {"uv": [13.5, 7.5, 15.75, 8.5], "texture": "#1"}
			}
		},
		{
			"from": [7.26229, 14.35983, 6.94293],
			"to": [8.73768, 15.83523, 15.05759],
			"rotation": {"angle": 0, "axis": "y", "origin": [7.99999, 8.08941, 6.94293]},
			"faces": {
				"north": {"uv": [13.75, 5, 15.5, 7], "texture": "#1"},
				"east": {"uv": [13.75, 5, 15.5, 7], "texture": "#1"},
				"south": {"uv": [13.75, 5, 15.5, 7], "texture": "#1"},
				"west": {"uv": [13.75, 5, 15.5, 7], "texture": "#1"},
				"up": {"uv": [13.75, 5, 15.5, 7], "texture": "#1"},
				"down": {"uv": [13.75, 5, 15.5, 7], "texture": "#1"}
			}
		},
		{
			"from": [7.26229, 1.81899, 4.72984],
			"to": [8.73768, 4.03208, 11.36911],
			"rotation": {"angle": 0, "axis": "y", "origin": [7.99999, 8.08941, 6.94293]},
			"faces": {
				"north": {"uv": [13.5, 7.5, 15.75, 8.5], "rotation": 270, "texture": "#1"},
				"east": {"uv": [13.5, 7.5, 15.75, 8.5], "rotation": 270, "texture": "#1"},
				"south": {"uv": [13.5, 7.5, 15.75, 8.5], "rotation": 270, "texture": "#1"},
				"west": {"uv": [13.5, 7.5, 15.75, 8.5], "rotation": 270, "texture": "#1"},
				"up": {"uv": [13.5, 7.5, 15.75, 8.5], "rotation": 270, "texture": "#1"},
				"down": {"uv": [13.5, 7.5, 15.75, 8.5], "rotation": 270, "texture": "#1"}
			}
		},
		{
			"from": [7.26229, 0.34359, 6.94293],
			"to": [8.73768, 1.81899, 15.05759],
			"rotation": {"angle": 0, "axis": "y", "origin": [7.99999, 8.08941, 6.94293]},
			"faces": {
				"north": {"uv": [13.75, 5.5, 15.5, 6.25], "rotation": 270, "texture": "#1"},
				"east": {"uv": [13.75, 5.5, 15.5, 6.25], "rotation": 270, "texture": "#1"},
				"south": {"uv": [13.75, 5.5, 15.5, 6.25], "rotation": 270, "texture": "#1"},
				"west": {"uv": [13.75, 5.5, 15.5, 6.25], "rotation": 270, "texture": "#1"},
				"up": {"uv": [13.75, 5.5, 15.5, 6.25], "rotation": 270, "texture": "#1"},
				"down": {"uv": [13.75, 5.5, 15.5, 6.25], "rotation": 270, "texture": "#1"}
			}
		},
		{
			"from": [1.72956, 8.82711, 4.72984],
			"to": [3.94265, 10.3025, 11.36911],
			"rotation": {"angle": -22.5, "axis": "z", "origin": [7.99999, 8.08941, 6.94293]},
			"faces": {
				"north": {"uv": [13.5, 7.5, 15.75, 8.5], "rotation": 90, "texture": "#1"},
				"east": {"uv": [13.5, 7.5, 15.75, 8.5], "rotation": 90, "texture": "#1"},
				"south": {"uv": [13.5, 7.5, 15.75, 8.5], "rotation": 90, "texture": "#1"},
				"west": {"uv": [13.5, 7.5, 15.75, 8.5], "rotation": 90, "texture": "#1"},
				"up": {"uv": [13.5, 7.5, 15.75, 8.5], "rotation": 90, "texture": "#1"},
				"down": {"uv": [13.5, 7.5, 15.75, 8.5], "rotation": 90, "texture": "#1"}
			}
		},
		{
			"from": [0.25417, 8.82705, 6.94293],
			"to": [1.72956, 10.30245, 15.05759],
			"rotation": {"angle": -22.5, "axis": "z", "origin": [7.99999, 8.08941, 6.94293]},
			"faces": {
				"north": {"uv": [13.75, 7, 15.5, 5.5], "rotation": 90, "texture": "#1"},
				"east": {"uv": [13.75, 7, 15.5, 5.5], "rotation": 90, "texture": "#1"},
				"south": {"uv": [13.75, 7, 15.5, 5.5], "rotation": 90, "texture": "#1"},
				"west": {"uv": [13.75, 7, 15.5, 5.5], "rotation": 90, "texture": "#1"},
				"up": {"uv": [13.75, 7, 15.5, 5.5], "rotation": 90, "texture": "#1"},
				"down": {"uv": [13.75, 7, 15.5, 5.5], "rotation": 90, "texture": "#1"}
			}
		},
		{
			"from": [12.05732, 8.82711, 4.72984],
			"to": [14.27041, 10.3025, 11.36911],
			"rotation": {"angle": 22.5, "axis": "z", "origin": [7.99999, 8.08941, 6.94293]},
			"faces": {
				"north": {"uv": [13.5, 7.5, 15.75, 8.5], "rotation": 90, "texture": "#1"},
				"east": {"uv": [13.5, 7.5, 15.75, 8.5], "rotation": 90, "texture": "#1"},
				"south": {"uv": [13.5, 7.5, 15.75, 8.5], "rotation": 90, "texture": "#1"},
				"west": {"uv": [13.5, 7.5, 15.75, 8.5], "rotation": 90, "texture": "#1"},
				"up": {"uv": [13.5, 7.5, 15.75, 8.5], "rotation": 90, "texture": "#1"},
				"down": {"uv": [13.5, 7.5, 15.75, 8.5], "rotation": 90, "texture": "#1"}
			}
		},
		{
			"from": [14.27041, 8.82711, 6.94293],
			"to": [15.7458, 10.3025, 15.05759],
			"rotation": {"angle": 22.5, "axis": "z", "origin": [7.99999, 8.08941, 6.94293]},
			"faces": {
				"north": {"uv": [13.75, 5.5, 15.5, 7], "rotation": 90, "texture": "#1"},
				"east": {"uv": [13.75, 5.5, 15.5, 7], "rotation": 90, "texture": "#1"},
				"south": {"uv": [13.75, 5.5, 15.5, 7], "rotation": 90, "texture": "#1"},
				"west": {"uv": [13.75, 5.5, 15.5, 7], "rotation": 90, "texture": "#1"},
				"up": {"uv": [13.75, 5.5, 15.5, 7], "rotation": 90, "texture": "#1"},
				"down": {"uv": [13.75, 5.5, 15.5, 7], "rotation": 90, "texture": "#1"}
			}
		},
		{
			"from": [1.72956, 5.87632, 4.72984],
			"to": [3.94265, 7.35171, 11.36911],
			"rotation": {"angle": 22.5, "axis": "z", "origin": [7.99999, 8.08941, 6.94293]},
			"faces": {
				"north": {"uv": [13.5, 7.5, 15.75, 8.5], "rotation": 90, "texture": "#1"},
				"east": {"uv": [13.5, 7.5, 15.75, 8.5], "rotation": 90, "texture": "#1"},
				"south": {"uv": [13.5, 7.5, 15.75, 8.5], "rotation": 90, "texture": "#1"},
				"west": {"uv": [13.5, 7.5, 15.75, 8.5], "rotation": 90, "texture": "#1"},
				"up": {"uv": [13.5, 7.5, 15.75, 8.5], "rotation": 90, "texture": "#1"},
				"down": {"uv": [13.5, 7.5, 15.75, 8.5], "rotation": 90, "texture": "#1"}
			}
		},
		{
			"from": [0.25417, 5.87632, 6.94293],
			"to": [1.72956, 7.35171, 15.05759],
			"rotation": {"angle": 22.5, "axis": "z", "origin": [7.99999, 8.08941, 6.94293]},
			"faces": {
				"north": {"uv": [13.75, 7, 15.5, 5.5], "rotation": 90, "texture": "#1"},
				"east": {"uv": [13.75, 7, 15.5, 5.5], "rotation": 90, "texture": "#1"},
				"south": {"uv": [13.75, 7, 15.5, 5.5], "rotation": 90, "texture": "#1"},
				"west": {"uv": [13.75, 7, 15.5, 5.5], "rotation": 90, "texture": "#1"},
				"up": {"uv": [13.75, 7, 15.5, 5.5], "rotation": 90, "texture": "#1"},
				"down": {"uv": [13.75, 7, 15.5, 5.5], "rotation": 90, "texture": "#1"}
			}
		},
		{
			"from": [12.05732, 5.87632, 4.72984],
			"to": [14.27041, 7.35171, 11.36911],
			"rotation": {"angle": -22.5, "axis": "z", "origin": [7.99999, 8.08941, 6.94293]},
			"faces": {
				"north": {"uv": [13.75, 7.75, 15.5, 8.5], "rotation": 90, "texture": "#1"},
				"east": {"uv": [13.75, 7.75, 15.5, 8.5], "rotation": 90, "texture": "#1"},
				"south": {"uv": [13.75, 7.75, 15.5, 8.5], "rotation": 90, "texture": "#1"},
				"west": {"uv": [13.75, 7.75, 15.5, 8.5], "rotation": 90, "texture": "#1"},
				"up": {"uv": [13.75, 7.75, 15.5, 8.5], "rotation": 90, "texture": "#1"},
				"down": {"uv": [13.75, 7.75, 15.5, 8.5], "rotation": 90, "texture": "#1"}
			}
		},
		{
			"from": [14.27041, 5.87632, 6.94293],
			"to": [15.7458, 7.35171, 15.05759],
			"rotation": {"angle": -22.5, "axis": "z", "origin": [7.99999, 8.08941, 6.94293]},
			"faces": {
				"north": {"uv": [13.75, 5.5, 15.5, 7], "rotation": 90, "texture": "#1"},
				"east": {"uv": [13.75, 5.5, 15.5, 7], "rotation": 90, "texture": "#1"},
				"south": {"uv": [13.75, 5.5, 15.5, 7], "rotation": 90, "texture": "#1"},
				"west": {"uv": [13.75, 5.5, 15.5, 7], "rotation": 90, "texture": "#1"},
				"up": {"uv": [13.75, 5.5, 15.5, 7], "rotation": 90, "texture": "#1"},
				"down": {"uv": [13.75, 5.5, 15.5, 7], "rotation": 90, "texture": "#1"}
			}
		}
	],
	"display": {
		"head": {
			"translation": [0, -6.75, 21],
			"scale": [4, 4, 4]
		}
	},
	"groups": [
		{
			"name": "root_raging",
			"origin": [8, 8, 8],
			"color": 0,
			"children": [
				{
					"name": "tail",
					"origin": [8, 8, 8],
					"color": 0,
					"children": [
						{
							"name": "3",
							"origin": [8, 8, 8],
							"color": 0,
							"children": [
								0,
								1,
								2,
								3,
								4,
								{
									"name": "group",
									"origin": [9.2015, 9.24, -10.705],
									"color": 0,
									"children": [5, 6]
								},
								{
									"name": "group",
									"origin": [9.2015, 9.24, -10.705],
									"color": 0,
									"children": [7, 8]
								},
								{
									"name": "group",
									"origin": [9.2015, 9.24, -10.705],
									"color": 0,
									"children": [9, 10]
								},
								{
									"name": "group",
									"origin": [9.2015, 9.24, -10.705],
									"color": 0,
									"children": [11, 12]
								},
								{
									"name": "group",
									"origin": [9.2015, 9.24, -10.705],
									"color": 0,
									"children": [13, 14]
								},
								{
									"name": "group",
									"origin": [9.2015, 9.24, -10.705],
									"color": 0,
									"children": [15, 16]
								}
							]
						}
					]
				}
			]
		}
	]
}