{
	"credit": "Made with Blockbench",
	"texture_size": [32, 32],
	"textures": {
		"0": "brachy/head",
		"particle": "brachy/head"
	},
	"elements": [
		{
			"from": [5.70743, 5.52135, 8.23852],
			"to": [9.31428, 9.5091, 16.01284],
			"rotation": {"angle": 0, "axis": "y", "origin": [7.75146, 12.12744, 11.66668]},
			"faces": {
				"north": {"uv": [11.5, 8.75, 8.5, 9.75], "rotation": 180, "texture": "#0"},
				"east": {"uv": [11.5, 8.75, 8.5, 9.75], "rotation": 180, "texture": "#0"},
				"south": {"uv": [11.5, 8.75, 8.5, 9.75], "rotation": 180, "texture": "#0"},
				"west": {"uv": [11.5, 8.75, 8.5, 9.75], "rotation": 180, "texture": "#0"},
				"up": {"uv": [11.5, 8.75, 8.5, 9.75], "rotation": 180, "texture": "#0"},
				"down": {"uv": [11.5, 8.75, 8.5, 9.75], "rotation": 180, "texture": "#0"}
			}
		},
		{
			"from": [4.66245, 5.28445, 4.66756],
			"to": [10.14062, 10.43398, 11.32593],
			"rotation": {"angle": 0, "axis": "y", "origin": [7.7171, 12.56088, 12.22529]},
			"faces": {
				"north": {"uv": [11.5, 8.75, 8.5, 9.75], "rotation": 180, "texture": "#0"},
				"east": {"uv": [11.5, 8.75, 8.5, 9.75], "rotation": 180, "texture": "#0"},
				"south": {"uv": [11.5, 8.75, 8.5, 9.75], "rotation": 180, "texture": "#0"},
				"west": {"uv": [11.5, 8.75, 8.5, 9.75], "rotation": 180, "texture": "#0"},
				"up": {"uv": [11.5, 8.75, 8.5, 9.75], "rotation": 180, "texture": "#0"},
				"down": {"uv": [11.5, 8.75, 8.5, 9.75], "rotation": 180, "texture": "#0"}
			}
		},
		{
			"from": [4.96783, 4.48558, 2.12269],
			"to": [9.83523, 6.58129, 5.72723],
			"rotation": {"angle": 0, "axis": "y", "origin": [7.7171, 12.56088, 12.22529]},
			"faces": {
				"north": {"uv": [11.5, 8.75, 8.5, 9.75], "rotation": 180, "texture": "#0"},
				"east": {"uv": [11.5, 8.75, 8.5, 9.75], "rotation": 180, "texture": "#0"},
				"south": {"uv": [11.5, 8.75, 8.5, 9.75], "rotation": 180, "texture": "#0"},
				"west": {"uv": [11.5, 8.75, 8.5, 9.75], "rotation": 180, "texture": "#0"},
				"up": {"uv": [11.5, 8.75, 8.5, 9.75], "rotation": 180, "texture": "#0"},
				"down": {"uv": [11.5, 8.75, 8.5, 9.75], "rotation": 180, "texture": "#0"}
			}
		},
		{
			"from": [5.84416, 3.69689, 3.87535],
			"to": [8.9589, 5.26679, 7.04173],
			"rotation": {"angle": 0, "axis": "y", "origin": [7.7171, 12.56088, 12.22529]},
			"faces": {
				"north": {"uv": [11.5, 8.75, 8.5, 9.75], "rotation": 180, "texture": "#0"},
				"east": {"uv": [11.5, 8.75, 8.5, 9.75], "rotation": 180, "texture": "#0"},
				"south": {"uv": [11.5, 8.75, 8.5, 9.75], "rotation": 180, "texture": "#0"},
				"west": {"uv": [11.5, 8.75, 8.5, 9.75], "rotation": 180, "texture": "#0"},
				"up": {"uv": [11.5, 8.75, 8.5, 9.75], "rotation": 180, "texture": "#0"},
				"down": {"uv": [11.5, 8.75, 8.5, 9.75], "rotation": 180, "texture": "#0"}
			}
		},
		{
			"from": [5.9247, 10.43398, 5.29869],
			"to": [8.87837, 11.69624, 9.43256],
			"rotation": {"angle": 0, "axis": "y", "origin": [7.7171, 12.56088, 12.22529]},
			"faces": {
				"north": {"uv": [11.5, 8.75, 8.5, 9.75], "rotation": 180, "texture": "#0"},
				"east": {"uv": [11.5, 8.75, 8.5, 9.75], "rotation": 180, "texture": "#0"},
				"south": {"uv": [11.5, 8.75, 8.5, 9.75], "rotation": 180, "texture": "#0"},
				"west": {"uv": [11.5, 8.75, 8.5, 9.75], "rotation": 180, "texture": "#0"},
				"up": {"uv": [11.5, 8.75, 8.5, 9.75], "rotation": 180, "texture": "#0"},
				"down": {"uv": [11.5, 8.75, 8.5, 9.75], "rotation": 180, "texture": "#0"}
			}
		},
		{
			"from": [10.14062, 6.23069, 5.29869],
			"to": [11.40287, 8.54061, 9.43256],
			"rotation": {"angle": 0, "axis": "y", "origin": [7.7171, 12.56088, 12.22529]},
			"faces": {
				"north": {"uv": [11.5, 8.75, 8.5, 9.75], "rotation": 180, "texture": "#0"},
				"east": {"uv": [11.5, 8.75, 8.5, 9.75], "rotation": 180, "texture": "#0"},
				"south": {"uv": [11.5, 8.75, 8.5, 9.75], "rotation": 180, "texture": "#0"},
				"west": {"uv": [11.5, 8.75, 8.5, 9.75], "rotation": 180, "texture": "#0"},
				"up": {"uv": [11.5, 8.75, 8.5, 9.75], "rotation": 180, "texture": "#0"},
				"down": {"uv": [11.5, 8.75, 8.5, 9.75], "rotation": 180, "texture": "#0"}
			}
		},
		{
			"from": [4.6361, 6.02062, -0.38831],
			"to": [10.16696, 9.56502, 5.65527],
			"rotation": {"angle": 0, "axis": "y", "origin": [7.40154, 7.38565, 2.26613]},
			"faces": {
				"north": {"uv": [1.5, 14.6647, 2.37048, 12.75], "rotation": 90, "texture": "#0"},
				"east": {"uv": [1.5, 14.6647, 2.37048, 12.75], "rotation": 90, "texture": "#0"},
				"south": {"uv": [1.5, 14.6647, 2.37048, 12.75], "rotation": 90, "texture": "#0"},
				"west": {"uv": [1.5, 14.6647, 2.37048, 12.75], "rotation": 90, "texture": "#0"},
				"up": {"uv": [1.5, 14.6647, 2.37048, 12.75], "rotation": 90, "texture": "#0"},
				"down": {"uv": [6.25, 14.4147, 8.37048, 12.5], "rotation": 90, "texture": "#0"}
			}
		},
		{
			"from": [5.62933, 6.34189, -0.38831],
			"to": [9.17374, 10.55825, 5.65527],
			"rotation": {"angle": 0, "axis": "y", "origin": [7.78021, 13.59593, 14.308]},
			"faces": {
				"north": {"uv": [3.4147, 12.75, 1.5, 14.32356], "rotation": 180, "texture": "#0"},
				"east": {"uv": [3.4147, 12.75, 1.5, 14.32356], "rotation": 180, "texture": "#0"},
				"south": {"uv": [3.4147, 12.75, 1.5, 14.32356], "rotation": 180, "texture": "#0"},
				"west": {"uv": [3.4147, 12.75, 1.5, 14.32356], "rotation": 180, "texture": "#0"},
				"up": {"uv": [3.4147, 12.75, 1.5, 14.32356], "rotation": 180, "texture": "#0"},
				"down": {"uv": [9.4147, 12.5, 6.25, 14.07356], "rotation": 180, "texture": "#0"}
			}
		},
		{
			"from": [5.62933, 5.02739, 0.92619],
			"to": [9.17374, 6.1766, 5.65527],
			"rotation": {"angle": 0, "axis": "y", "origin": [7.78021, 13.59593, 14.308]},
			"faces": {
				"north": {"uv": [4.6647, 10.5, 2.75, 12.07356], "rotation": 180, "texture": "#0"},
				"east": {"uv": [4.6647, 10.5, 2.75, 12.07356], "rotation": 180, "texture": "#0"},
				"south": {"uv": [4.6647, 10.5, 2.75, 12.07356], "rotation": 180, "texture": "#0"},
				"west": {"uv": [4.6647, 10.5, 2.75, 12.07356], "rotation": 180, "texture": "#0"},
				"up": {"uv": [4.6647, 10.5, 2.75, 12.07356], "rotation": 180, "texture": "#0"},
				"down": {"uv": [4.6647, 10.5, 2.75, 12.07356], "rotation": 180, "texture": "#0"}
			}
		},
		{
			"from": [5.46162, 5.78475, -2.09682],
			"to": [9.34145, 9.80091, 5.65527],
			"rotation": {"angle": 0, "axis": "y", "origin": [7.78021, 13.59593, 14.308]},
			"faces": {
				"north": {"uv": [3.8343, 12.75, 1.5, 13.95156], "rotation": 180, "texture": "#0"},
				"east": {"uv": [3.8343, 12.75, 1.5, 13.95156], "rotation": 180, "texture": "#0"},
				"south": {"uv": [3.8343, 12.75, 1.5, 13.95156], "rotation": 180, "texture": "#0"},
				"west": {"uv": [3.8343, 12.75, 1.5, 13.95156], "rotation": 180, "texture": "#0"},
				"up": {"uv": [3.8343, 12.75, 1.5, 13.95156], "rotation": 180, "texture": "#0"},
				"down": {"uv": [9.8343, 12.5, 6.25, 13.70156], "rotation": 180, "texture": "#0"}
			}
		},
		{
			"from": [7.18695, 5.80315, 5.92981],
			"to": [9.50949, 8.96815, 12.64043],
			"rotation": {"angle": 22.5, "axis": "y", "origin": [7.40154, 7.38565, 4.84111]},
			"faces": {
				"north": {"uv": [11.5, 8.75, 8.5, 9.75], "rotation": 180, "texture": "#0"},
				"east": {"uv": [11.5, 8.75, 8.5, 9.75], "rotation": 180, "texture": "#0"},
				"south": {"uv": [11.5, 8.75, 8.5, 9.75], "rotation": 180, "texture": "#0"},
				"west": {"uv": [11.5, 8.75, 8.5, 9.75], "rotation": 180, "texture": "#0"},
				"up": {"uv": [11.5, 8.75, 8.5, 9.75], "rotation": 180, "texture": "#0"},
				"down": {"uv": [11.5, 8.75, 8.5, 9.75], "rotation": 180, "texture": "#0"}
			}
		},
		{
			"from": [10.75901, 6.60936, 11.03106],
			"to": [12.07175, 8.16193, 15.66983],
			"rotation": {"angle": 0, "axis": "y", "origin": [7.40154, 7.38565, 4.84111]},
			"faces": {
				"north": {"uv": [11.5, 8.75, 8.5, 9.75], "rotation": 180, "texture": "#0"},
				"east": {"uv": [11.5, 8.75, 8.5, 9.75], "rotation": 180, "texture": "#0"},
				"south": {"uv": [11.5, 8.75, 8.5, 9.75], "rotation": 180, "texture": "#0"},
				"west": {"uv": [11.5, 8.75, 8.5, 9.75], "rotation": 180, "texture": "#0"},
				"up": {"uv": [11.5, 8.75, 8.5, 9.75], "rotation": 180, "texture": "#0"},
				"down": {"uv": [11.5, 8.75, 8.5, 9.75], "rotation": 180, "texture": "#0"}
			}
		},
		{
			"from": [6.69537, 9.40591, 6.02301],
			"to": [9.4222, 11.72846, 12.54067],
			"rotation": {"angle": -45, "axis": "x", "origin": [8.27787, 10.16001, 8.40551]},
			"faces": {
				"north": {"uv": [8.5, 9.75, 11.5, 8.75], "rotation": 270, "texture": "#0"},
				"east": {"uv": [8.5, 9.75, 11.5, 8.75], "rotation": 270, "texture": "#0"},
				"south": {"uv": [8.5, 9.75, 11.5, 8.75], "rotation": 270, "texture": "#0"},
				"west": {"uv": [8.5, 9.75, 11.5, 8.75], "rotation": 270, "texture": "#0"},
				"up": {"uv": [8.5, 9.75, 11.5, 8.75], "rotation": 270, "texture": "#0"},
				"down": {"uv": [8.5, 9.75, 11.5, 8.75], "rotation": 270, "texture": "#0"}
			}
		},
		{
			"from": [7.50158, 9.58812, 10.84534],
			"to": [8.61599, 10.90086, 17.23679],
			"rotation": {"angle": -22.5, "axis": "x", "origin": [8.27787, 7.38565, 4.84111]},
			"faces": {
				"north": {"uv": [8.5, 9.75, 11.5, 8.75], "rotation": 270, "texture": "#0"},
				"east": {"uv": [8.5, 9.75, 11.5, 8.75], "rotation": 270, "texture": "#0"},
				"south": {"uv": [8.5, 9.75, 11.5, 8.75], "rotation": 270, "texture": "#0"},
				"west": {"uv": [8.5, 9.75, 11.5, 8.75], "rotation": 270, "texture": "#0"},
				"up": {"uv": [8.5, 9.75, 11.5, 8.75], "rotation": 270, "texture": "#0"},
				"down": {"uv": [8.5, 9.75, 11.5, 8.75], "rotation": 270, "texture": "#0"}
			}
		},
		{
			"from": [5.78219, 3.55527, 3.94617],
			"to": [6.8832, 4.57322, 8.56865],
			"rotation": {"angle": 22.5, "axis": "x", "origin": [6.84166, 3.82834, 7.99675]},
			"faces": {
				"north": {"uv": [11.5, 8.75, 8.5, 9.75], "rotation": 180, "texture": "#0"},
				"east": {"uv": [11.5, 8.75, 8.5, 9.75], "rotation": 180, "texture": "#0"},
				"south": {"uv": [11.5, 8.75, 8.5, 9.75], "rotation": 180, "texture": "#0"},
				"west": {"uv": [11.5, 8.75, 8.5, 9.75], "rotation": 180, "texture": "#0"},
				"up": {"uv": [11.5, 8.75, 8.5, 9.75], "rotation": 180, "texture": "#0"},
				"down": {"uv": [11.5, 8.75, 8.5, 9.75], "rotation": 180, "texture": "#0"}
			}
		},
		{
			"from": [7.61449, 3.55527, 3.94617],
			"to": [8.7155, 4.57322, 8.56865],
			"rotation": {"angle": 22.5, "axis": "x", "origin": [6.84166, 3.82834, 7.99675]},
			"faces": {
				"north": {"uv": [11.5, 8.75, 8.5, 9.75], "rotation": 180, "texture": "#0"},
				"east": {"uv": [11.5, 8.75, 8.5, 9.75], "rotation": 180, "texture": "#0"},
				"south": {"uv": [11.5, 8.75, 8.5, 9.75], "rotation": 180, "texture": "#0"},
				"west": {"uv": [11.5, 8.75, 8.5, 9.75], "rotation": 180, "texture": "#0"},
				"up": {"uv": [11.5, 8.75, 8.5, 9.75], "rotation": 180, "texture": "#0"},
				"down": {"uv": [11.5, 8.75, 8.5, 9.75], "rotation": 180, "texture": "#0"}
			}
		},
		{
			"from": [5.95746, 3.51146, 8.32782],
			"to": [6.70793, 4.17887, 11.19764],
			"rotation": {"angle": 0, "axis": "y", "origin": [6.84166, 3.82834, 7.99675]},
			"faces": {
				"north": {"uv": [11.5, 8.75, 8.5, 9.75], "rotation": 180, "texture": "#0"},
				"east": {"uv": [11.5, 8.75, 8.5, 9.75], "rotation": 180, "texture": "#0"},
				"south": {"uv": [11.5, 8.75, 8.5, 9.75], "rotation": 180, "texture": "#0"},
				"west": {"uv": [11.5, 8.75, 8.5, 9.75], "rotation": 180, "texture": "#0"},
				"up": {"uv": [11.5, 8.75, 8.5, 9.75], "rotation": 180, "texture": "#0"},
				"down": {"uv": [11.5, 8.75, 8.5, 9.75], "rotation": 180, "texture": "#0"}
			}
		},
		{
			"from": [7.78976, 3.51146, 8.32782],
			"to": [8.54023, 4.17887, 11.19764],
			"rotation": {"angle": 0, "axis": "y", "origin": [6.84166, 3.82834, 7.99675]},
			"faces": {
				"north": {"uv": [11.5, 8.75, 8.5, 9.75], "rotation": 180, "texture": "#0"},
				"east": {"uv": [11.5, 8.75, 8.5, 9.75], "rotation": 180, "texture": "#0"},
				"south": {"uv": [11.5, 8.75, 8.5, 9.75], "rotation": 180, "texture": "#0"},
				"west": {"uv": [11.5, 8.75, 8.5, 9.75], "rotation": 180, "texture": "#0"},
				"up": {"uv": [11.5, 8.75, 8.5, 9.75], "rotation": 180, "texture": "#0"},
				"down": {"uv": [11.5, 8.75, 8.5, 9.75], "rotation": 180, "texture": "#0"}
			}
		}
	],
	"display": {
		"head": {
			"translation": [1.75, -6, -23.25],
			"scale": [4, 4, 4]
		}
	},
	"groups": [
		{
			"name": "root",
			"origin": [8, 8, 8],
			"color": 0,
			"children": [
				{
					"name": "arm_l",
					"origin": [8, 8, 8],
					"color": 0,
					"children": [
						{
							"name": "1",
							"origin": [8, 8, 8],
							"color": 0,
							"children": [
								0,
								1,
								2,
								3,
								4,
								5,
								6,
								7,
								8,
								9,
								{
									"name": "group",
									"origin": [5.5, 6.05811, -3.70612],
									"color": 0,
									"children": [10, 11]
								},
								{
									"name": "group",
									"origin": [5.5, 6.05811, -3.70612],
									"color": 0,
									"children": [12, 13]
								},
								14,
								15,
								16,
								17
							]
						}
					]
				}
			]
		}
	]
}