{
	"credit": "Made with Blockbench",
	"texture_size": [32, 32],
	"textures": {
		"0": "brachy/head",
		"particle": "brachy/head"
	},
	"elements": [
		{
			"from": [3.71603, 3.39903, -0.50381],
			"to": [12.29315, 8.14799, 2.51232],
			"rotation": {"angle": 0, "axis": "y", "origin": [10.49196, 7.68144, 5.33994]},
			"faces": {
				"north": {"uv": [4, 6.75, 6.25, 8.75], "rotation": 90, "texture": "#0"},
				"east": {"uv": [4, 6.75, 6.25, 8.75], "rotation": 90, "texture": "#0"},
				"south": {"uv": [4, 6.75, 6.25, 8.75], "rotation": 90, "texture": "#0"},
				"west": {"uv": [4, 6.75, 6.25, 8.75], "rotation": 90, "texture": "#0"},
				"up": {"uv": [4, 6.75, 6.25, 8.75], "rotation": 90, "texture": "#0"},
				"down": {"uv": [4, 6.75, 6.25, 8.75], "rotation": 90, "texture": "#0"}
			}
		},
		{
			"from": [4.20614, 0.6722, -0.50381],
			"to": [11.80304, 3.45086, 3.17833],
			"rotation": {"angle": 0, "axis": "y", "origin": [10.49196, 2.49746, 5.33994]},
			"faces": {
				"north": {"uv": [13.25, 0, 16, 1.5], "texture": "#0"},
				"east": {"uv": [13.25, 0, 16, 1.5], "texture": "#0"},
				"south": {"uv": [13.25, 0, 16, 1.5], "texture": "#0"},
				"west": {"uv": [13.25, 0, 16, 1.5], "texture": "#0"},
				"up": {"uv": [13.25, 0, 16, 1.5], "texture": "#0"},
				"down": {"uv": [13.25, 0, 16, 1.5], "texture": "#0"}
			}
		},
		{
			"from": [3.96108, -0.44942, 2.98359],
			"to": [12.04809, 1.80326, 6.37674],
			"rotation": {"angle": 0, "axis": "y", "origin": [10.49196, 1.87539, 8.82735]},
			"faces": {
				"north": {"uv": [13.25, 0, 16, 1.5], "texture": "#0"},
				"east": {"uv": [13.25, 0, 16, 1.5], "texture": "#0"},
				"south": {"uv": [13.25, 0, 16, 1.5], "texture": "#0"},
				"west": {"uv": [13.25, 0, 16, 1.5], "texture": "#0"},
				"up": {"uv": [13.25, 0, 16, 1.5], "texture": "#0"},
				"down": {"uv": [13.25, 0, 16, 1.5], "texture": "#0"}
			}
		},
		{
			"from": [3.47097, 1.80326, 1.85255],
			"to": [12.53821, 12.16322, 6.37674],
			"rotation": {"angle": 0, "axis": "y", "origin": [10.49196, 9.34032, 7.6963]},
			"faces": {
				"north": {"uv": [4, 6.75, 6.25, 8.75], "texture": "#0"},
				"east": {"uv": [4, 6.75, 6.25, 8.75], "texture": "#0"},
				"south": {"uv": [4, 6.75, 6.25, 8.75], "texture": "#0"},
				"west": {"uv": [4, 6.75, 6.25, 8.75], "texture": "#0"},
				"up": {"uv": [4, 6.75, 6.25, 8.75], "texture": "#0"},
				"down": {"uv": [4, 6.75, 6.25, 8.75], "texture": "#0"}
			}
		},
		{
			"from": [5.7689, 12.18679, 2.28097],
			"to": [10.17017, 14.0483, 6.80517],
			"rotation": {"angle": 0, "axis": "y", "origin": [10.49196, 9.34032, 7.6963]},
			"faces": {
				"north": {"uv": [4, 6.75, 6.25, 8.75], "texture": "#0"},
				"east": {"uv": [4, 6.75, 6.25, 8.75], "texture": "#0"},
				"south": {"uv": [4, 6.75, 6.25, 8.75], "texture": "#0"},
				"west": {"uv": [4, 6.75, 6.25, 8.75], "texture": "#0"},
				"up": {"uv": [4, 6.75, 6.25, 8.75], "texture": "#0"},
				"down": {"uv": [4, 6.75, 6.25, 8.75], "texture": "#0"}
			}
		},
		{
			"from": [6.1798, 9.83044, -0.28959],
			"to": [9.90533, 13.20002, 2.52089],
			"rotation": {"angle": 0, "axis": "y", "origin": [10.49196, 9.34032, 7.6963]},
			"faces": {
				"north": {"uv": [4, 6.75, 6.25, 8.75], "texture": "#0"},
				"east": {"uv": [4, 6.75, 6.25, 8.75], "texture": "#0"},
				"south": {"uv": [4, 6.75, 6.25, 8.75], "texture": "#0"},
				"west": {"uv": [4, 6.75, 6.25, 8.75], "texture": "#0"},
				"up": {"uv": [4, 6.75, 6.25, 8.75], "texture": "#0"},
				"down": {"uv": [4, 6.75, 6.25, 8.75], "texture": "#0"}
			}
		},
		{
			"from": [2.24566, 3.8453, 1.38127],
			"to": [13.76352, 8.25168, 6.37674],
			"rotation": {"angle": 0, "axis": "y", "origin": [10.49196, 9.34032, 7.6963]},
			"faces": {
				"north": {"uv": [4, 6.75, 6.25, 8.75], "texture": "#0"},
				"east": {"uv": [4, 6.75, 6.25, 8.75], "texture": "#0"},
				"south": {"uv": [4, 6.75, 6.25, 8.75], "texture": "#0"},
				"west": {"uv": [4, 6.75, 6.25, 8.75], "texture": "#0"},
				"up": {"uv": [4, 6.75, 6.25, 8.75], "texture": "#0"},
				"down": {"uv": [4, 6.75, 6.25, 8.75], "texture": "#0"}
			}
		},
		{
			"from": [4.69627, 8.09616, -0.50381],
			"to": [11.31291, 11.01332, 2.7351],
			"rotation": {"angle": 0, "axis": "y", "origin": [10.49196, 9.75503, 5.33994]},
			"faces": {
				"north": {"uv": [4, 6.75, 6.25, 8.75], "texture": "#0"},
				"east": {"uv": [4, 6.75, 6.25, 8.75], "texture": "#0"},
				"south": {"uv": [4, 6.75, 6.25, 8.75], "texture": "#0"},
				"west": {"uv": [4, 6.75, 6.25, 8.75], "texture": "#0"},
				"up": {"uv": [4, 6.75, 6.25, 8.75], "texture": "#0"},
				"down": {"uv": [4, 6.75, 6.25, 8.75], "texture": "#0"}
			}
		},
		{
			"from": [2.28242, 5.18606, 1.87611],
			"to": [13.71288, 10.68108, 5.45348],
			"rotation": {"angle": 0, "axis": "y", "origin": [7.99766, 6.04848, 3.87901]},
			"faces": {
				"north": {"uv": [5.75, 6.5, 7, 7.5], "texture": "#0"},
				"east": {"uv": [5.75, 6.5, 7, 7.5], "texture": "#0"},
				"south": {"uv": [5.75, 6.5, 7, 7.5], "texture": "#0"},
				"west": {"uv": [5.75, 6.5, 7, 7.5], "texture": "#0"},
				"up": {"uv": [5.75, 6.5, 7, 7.5], "texture": "#0"},
				"down": {"uv": [5.75, 6.5, 7, 7.5], "texture": "#0"}
			}
		},
		{
			"from": [2.88222, 7.54242, 2.30453],
			"to": [4.88726, 12.09489, 5.45348],
			"rotation": {"angle": 22.5, "axis": "x", "origin": [7.99766, 7.93357, 4.52165]},
			"faces": {
				"north": {"uv": [5.75, 6.5, 7, 7.5], "texture": "#0"},
				"east": {"uv": [5.75, 6.5, 7, 7.5], "texture": "#0"},
				"south": {"uv": [5.75, 6.5, 7, 7.5], "texture": "#0"},
				"west": {"uv": [5.75, 6.5, 7, 7.5], "texture": "#0"},
				"up": {"uv": [5.75, 6.5, 7, 7.5], "texture": "#0"},
				"down": {"uv": [5.75, 6.5, 7, 7.5], "texture": "#0"}
			}
		},
		{
			"from": [3.05359, 9.79555, 5.011],
			"to": [4.71589, 12.50535, 7.5216],
			"rotation": {"angle": -22.5, "axis": "x", "origin": [3.79906, 10.7263, 5.10955]},
			"faces": {
				"north": {"uv": [5.75, 6.5, 7, 7.5], "texture": "#0"},
				"east": {"uv": [5.75, 6.5, 7, 7.5], "texture": "#0"},
				"south": {"uv": [5.75, 6.5, 7, 7.5], "texture": "#0"},
				"west": {"uv": [5.75, 6.5, 7, 7.5], "texture": "#0"},
				"up": {"uv": [5.75, 6.5, 7, 7.5], "texture": "#0"},
				"down": {"uv": [5.75, 6.5, 7, 7.5], "texture": "#0"}
			}
		},
		{
			"from": [11.27941, 9.79555, 5.011],
			"to": [12.94171, 12.50535, 7.5216],
			"rotation": {"angle": -22.5, "axis": "x", "origin": [12.19625, 10.7263, 5.10955]},
			"faces": {
				"north": {"uv": [7, 6.5, 5.75, 7.5], "texture": "#0"},
				"east": {"uv": [7, 6.5, 5.75, 7.5], "texture": "#0"},
				"south": {"uv": [7, 6.5, 5.75, 7.5], "texture": "#0"},
				"west": {"uv": [7, 6.5, 5.75, 7.5], "texture": "#0"},
				"up": {"uv": [7, 6.5, 5.75, 7.5], "texture": "#0"},
				"down": {"uv": [7, 6.5, 5.75, 7.5], "texture": "#0"}
			}
		},
		{
			"from": [11.10804, 7.54242, 2.30453],
			"to": [13.11308, 12.09489, 5.45348],
			"rotation": {"angle": 22.5, "axis": "x", "origin": [7.99766, 7.93357, 4.52165]},
			"faces": {
				"north": {"uv": [7, 6.5, 5.75, 7.5], "texture": "#0"},
				"east": {"uv": [7, 6.5, 5.75, 7.5], "texture": "#0"},
				"south": {"uv": [7, 6.5, 5.75, 7.5], "texture": "#0"},
				"west": {"uv": [7, 6.5, 5.75, 7.5], "texture": "#0"},
				"up": {"uv": [7, 6.5, 5.75, 7.5], "texture": "#0"},
				"down": {"uv": [7, 6.5, 5.75, 7.5], "texture": "#0"}
			}
		},
		{
			"from": [1.854, 3.30098, 0.16239],
			"to": [14.14131, 8.796, 4.1682],
			"rotation": {"angle": 22.5, "axis": "x", "origin": [7.99766, 6.04848, 3.87901]},
			"faces": {
				"north": {"uv": [5.75, 6.5, 7, 7.5], "texture": "#0"},
				"east": {"uv": [5.75, 6.5, 7, 7.5], "texture": "#0"},
				"south": {"uv": [5.75, 6.5, 7, 7.5], "texture": "#0"},
				"west": {"uv": [5.75, 6.5, 7, 7.5], "texture": "#0"},
				"up": {"uv": [5.75, 6.5, 7, 7.5], "texture": "#0"},
				"down": {"uv": [5.75, 6.5, 7, 7.5], "texture": "#0"}
			}
		}
	],
	"display": {
		"head": {
			"translation": [0, 0, 13.75],
			"scale": [4, 4, 4]
		}
	},
	"groups": [
		{
			"name": "root",
			"origin": [8, 8, 8],
			"color": 0,
			"children": [
				{
					"name": "body",
					"origin": [8, 8, 8],
					"color": 0,
					"children": [
						{
							"name": "0",
							"origin": [8, 8, 8],
							"color": 0,
							"children": [
								0,
								1,
								2,
								3,
								4,
								5,
								6,
								7,
								{
									"name": "group",
									"origin": [8, 16.69696, -0.69798],
									"color": 0,
									"children": [8, 9, 10, 11, 12, 13]
								}
							]
						}
					]
				}
			]
		}
	]
}