{
	"credit": "Made with Blockbench",
	"texture_size": [32, 32],
	"textures": {
		"0": "brachy/head",
		"particle": "brachy/head"
	},
	"elements": [
		{
			"from": [5.82867, 7.66053, 6.75613],
			"to": [10.18836, 19.02243, 10.74051],
			"rotation": {"angle": 0, "axis": "x", "origin": [7.99138, 14.46328, 8.25483]},
			"faces": {
				"north": {"uv": [4.5, 6.5, 6.25, 8.5], "texture": "#0"},
				"east": {"uv": [4.5, 6.5, 6.25, 8.5], "texture": "#0"},
				"south": {"uv": [4.5, 6.5, 6.25, 8.5], "texture": "#0"},
				"west": {"uv": [4.5, 6.5, 6.25, 8.5], "texture": "#0"},
				"up": {"uv": [4.5, 6.5, 6.25, 8.5], "texture": "#0"},
				"down": {"uv": [4.5, 6.5, 6.25, 8.5], "texture": "#0"}
			}
		},
		{
			"from": [6.31552, 11.06848, 8.21668],
			"to": [9.70151, 18.53558, 12.68791],
			"rotation": {"angle": 0, "axis": "x", "origin": [7.99138, 14.46328, 8.25483]},
			"faces": {
				"north": {"uv": [4.5, 6.5, 6.25, 8.5], "texture": "#0"},
				"east": {"uv": [4.5, 6.5, 6.25, 8.5], "texture": "#0"},
				"south": {"uv": [4.5, 6.5, 6.25, 8.5], "texture": "#0"},
				"west": {"uv": [4.5, 6.5, 6.25, 8.5], "texture": "#0"},
				"up": {"uv": [4.5, 6.5, 6.25, 8.5], "texture": "#0"},
				"down": {"uv": [4.5, 6.5, 6.25, 8.5], "texture": "#0"}
			}
		},
		{
			"from": [6.8569, 6.6323, 6.96178],
			"to": [9.67424, 8.74016, 9.71229],
			"rotation": {"angle": 0, "axis": "x", "origin": [7.99138, 14.46328, 8.25483]},
			"faces": {
				"north": {"uv": [4.5, 6.5, 6.25, 8.5], "rotation": 180, "texture": "#0"},
				"east": {"uv": [4.5, 6.5, 6.25, 8.5], "rotation": 180, "texture": "#0"},
				"south": {"uv": [4.5, 6.5, 6.25, 8.5], "rotation": 180, "texture": "#0"},
				"west": {"uv": [4.5, 6.5, 6.25, 8.5], "rotation": 180, "texture": "#0"},
				"up": {"uv": [4.5, 6.5, 6.25, 8.5], "rotation": 180, "texture": "#0"},
				"down": {"uv": [4.5, 6.5, 6.25, 8.5], "rotation": 180, "texture": "#0"}
			}
		},
		{
			"from": [6.8569, 9.92263, 9.3267],
			"to": [9.67424, 17.99421, 11.76874],
			"rotation": {"angle": 0, "axis": "x", "origin": [7.99138, 14.46328, 8.25483]},
			"faces": {
				"north": {"uv": [13.25, 0, 16, 1.5], "texture": "#0"},
				"east": {"uv": [13.25, 0, 16, 1.5], "texture": "#0"},
				"south": {"uv": [13.25, 0, 16, 1.5], "texture": "#0"},
				"west": {"uv": [13.25, 0, 16, 1.5], "texture": "#0"},
				"up": {"uv": [13.25, 0, 16, 1.5], "texture": "#0"},
				"down": {"uv": [13.25, 0, 16, 1.5], "texture": "#0"}
			}
		},
		{
			"from": [6.00005, 9.40851, 4.69968],
			"to": [9.98271, 17.48009, 9.19817],
			"rotation": {"angle": 0, "axis": "x", "origin": [7.99138, 14.46328, 8.25483]},
			"faces": {
				"north": {"uv": [4.5, 6.5, 6.25, 8.5], "rotation": 180, "texture": "#0"},
				"east": {"uv": [4.5, 6.5, 6.25, 8.5], "rotation": 180, "texture": "#0"},
				"south": {"uv": [4.5, 6.5, 6.25, 8.5], "rotation": 180, "texture": "#0"},
				"west": {"uv": [4.5, 6.5, 6.25, 8.5], "rotation": 180, "texture": "#0"},
				"up": {"uv": [4.5, 6.5, 6.25, 8.5], "rotation": 180, "texture": "#0"},
				"down": {"uv": [4.5, 6.5, 6.25, 8.5], "rotation": 180, "texture": "#0"}
			}
		},
		{
			"from": [6.65125, 17.12022, 5.21379],
			"to": [9.36577, 19.53655, 9.19817],
			"rotation": {"angle": 0, "axis": "x", "origin": [7.99138, 14.46328, 8.25483]},
			"faces": {
				"north": {"uv": [4.5, 6.5, 6.25, 8.5], "rotation": 180, "texture": "#0"},
				"east": {"uv": [4.5, 6.5, 6.25, 8.5], "rotation": 180, "texture": "#0"},
				"south": {"uv": [4.5, 6.5, 6.25, 8.5], "rotation": 180, "texture": "#0"},
				"west": {"uv": [4.5, 6.5, 6.25, 8.5], "rotation": 180, "texture": "#0"},
				"up": {"uv": [4.5, 6.5, 6.25, 8.5], "rotation": 180, "texture": "#0"},
				"down": {"uv": [4.5, 6.5, 6.25, 8.5], "rotation": 180, "texture": "#0"}
			}
		},
		{
			"from": [6.4456, 16.19531, 5.69524],
			"to": [8.54319, 18.63735, 7.70028],
			"rotation": {"angle": 0, "axis": "x", "origin": [7.99138, 14.46328, 8.25483]},
			"faces": {
				"north": {"uv": [4.5, 6.5, 6.25, 8.5], "rotation": 180, "texture": "#0"},
				"east": {"uv": [4.5, 6.5, 6.25, 8.5], "rotation": 180, "texture": "#0"},
				"south": {"uv": [4.5, 6.5, 6.25, 8.5], "rotation": 180, "texture": "#0"},
				"west": {"uv": [4.5, 6.5, 6.25, 8.5], "rotation": 180, "texture": "#0"},
				"up": {"uv": [4.5, 6.5, 6.25, 8.5], "rotation": 180, "texture": "#0"},
				"down": {"uv": [4.5, 6.5, 6.25, 8.5], "rotation": 180, "texture": "#0"}
			}
		},
		{
			"from": [7.07968, 17.98323, 4.20176],
			"to": [8.56033, 20.67532, 5.41148],
			"rotation": {"angle": 22.5, "axis": "x", "origin": [7.99138, 14.46328, 8.25483]},
			"faces": {
				"north": {"uv": [4.5, 6.5, 6.25, 8.5], "texture": "#0"},
				"east": {"uv": [4.5, 6.5, 6.25, 8.5], "rotation": 270, "texture": "#0"},
				"south": {"uv": [4.5, 6.5, 6.25, 8.5], "rotation": 180, "texture": "#0"},
				"west": {"uv": [4.5, 6.5, 6.25, 8.5], "rotation": 90, "texture": "#0"},
				"up": {"uv": [4.5, 6.5, 6.25, 8.5], "rotation": 180, "texture": "#0"},
				"down": {"uv": [4.5, 6.5, 6.25, 8.5], "texture": "#0"}
			}
		},
		{
			"from": [7.07968, 16.17405, 12.05858],
			"to": [8.56033, 18.86614, 13.2683],
			"rotation": {"angle": -22.5, "axis": "x", "origin": [7.99138, 14.46328, 8.25483]},
			"faces": {
				"north": {"uv": [4.5, 6.5, 6.25, 8.5], "texture": "#0"},
				"east": {"uv": [4.5, 6.5, 6.25, 8.5], "rotation": 270, "texture": "#0"},
				"south": {"uv": [4.5, 6.5, 6.25, 8.5], "rotation": 180, "texture": "#0"},
				"west": {"uv": [4.5, 6.5, 6.25, 8.5], "rotation": 90, "texture": "#0"},
				"up": {"uv": [4.5, 6.5, 6.25, 8.5], "rotation": 180, "texture": "#0"},
				"down": {"uv": [4.5, 6.5, 6.25, 8.5], "texture": "#0"}
			}
		},
		{
			"from": [7.07968, 18.37271, 5.99336],
			"to": [8.56033, 22.58377, 7.68993],
			"rotation": {"angle": 22.5, "axis": "x", "origin": [7.99138, 14.46328, 8.25483]},
			"faces": {
				"north": {"uv": [4.5, 6.5, 6.25, 8.5], "texture": "#0"},
				"east": {"uv": [4.5, 6.5, 6.25, 8.5], "rotation": 270, "texture": "#0"},
				"south": {"uv": [4.5, 6.5, 6.25, 8.5], "rotation": 180, "texture": "#0"},
				"west": {"uv": [4.5, 6.5, 6.25, 8.5], "rotation": 90, "texture": "#0"},
				"up": {"uv": [4.5, 6.5, 6.25, 8.5], "rotation": 180, "texture": "#0"},
				"down": {"uv": [4.5, 6.5, 6.25, 8.5], "texture": "#0"}
			}
		},
		{
			"from": [6.61698, 6.83795, 5.11097],
			"to": [9.77706, 11.31073, 6.93607],
			"rotation": {"angle": 0, "axis": "x", "origin": [7.99138, 14.46328, 8.25483]},
			"faces": {
				"north": {"uv": [4.5, 6.5, 6.25, 8.5], "rotation": 180, "texture": "#0"},
				"east": {"uv": [4.5, 6.5, 6.25, 8.5], "rotation": 180, "texture": "#0"},
				"south": {"uv": [4.5, 6.5, 6.25, 8.5], "rotation": 180, "texture": "#0"},
				"west": {"uv": [4.5, 6.5, 6.25, 8.5], "rotation": 180, "texture": "#0"},
				"up": {"uv": [4.5, 6.5, 6.25, 8.5], "rotation": 180, "texture": "#0"},
				"down": {"uv": [4.5, 6.5, 6.25, 8.5], "rotation": 180, "texture": "#0"}
			}
		},
		{
			"from": [7.25105, 5.20197, 2.60162],
			"to": [9.14299, 8.66756, 4.42672],
			"rotation": {"angle": -22.5, "axis": "x", "origin": [7.99138, 14.46328, 8.25483]},
			"faces": {
				"north": {"uv": [4.5, 6.5, 6.25, 8.5], "rotation": 180, "texture": "#0"},
				"east": {"uv": [4.5, 6.5, 6.25, 8.5], "rotation": 180, "texture": "#0"},
				"south": {"uv": [4.5, 6.5, 6.25, 8.5], "rotation": 180, "texture": "#0"},
				"west": {"uv": [4.5, 6.5, 6.25, 8.5], "rotation": 180, "texture": "#0"},
				"up": {"uv": [4.5, 6.5, 6.25, 8.5], "rotation": 180, "texture": "#0"},
				"down": {"uv": [4.5, 6.5, 6.25, 8.5], "rotation": 180, "texture": "#0"}
			}
		}
	],
	"display": {
		"head": {
			"translation": [0, -26.5, 0],
			"scale": [4, 4, 4]
		}
	},
	"groups": [
		{
			"name": "root",
			"origin": [8, 8, 8],
			"color": 0,
			"children": [
				{
					"name": "leg_l",
					"origin": [8, 8, 8],
					"color": 5,
					"children": [
						{
							"name": "0",
							"origin": [8, 8, 8],
							"color": 5,
							"children": [0, 1, 2, 3, 4, 5, 6, 7, 8, 9, 10, 11]
						}
					]
				}
			]
		}
	]
}