{
	"credit": "Made with Blockbench",
	"texture_size": [32, 32],
	"textures": {
		"0": "brachy/head",
		"particle": "brachy/head"
	},
	"elements": [
		{
			"from": [6.34111, 4.21137, 2.7833],
			"to": [9.65886, 5.72644, 9.98089],
			"rotation": {"angle": 0, "axis": "y", "origin": [9.35931, 11.82757, -24.88785]},
			"faces": {
				"north": {"uv": [13.25, 0, 16, 1.5], "texture": "#0"},
				"east": {"uv": [13.25, 0, 16, 1.5], "texture": "#0"},
				"south": {"uv": [13.25, 0, 16, 1.5], "texture": "#0"},
				"west": {"uv": [13.25, 0, 16, 1.5], "texture": "#0"},
				"up": {"uv": [13.25, 0, 16, 1.5], "texture": "#0"},
				"down": {"uv": [13.25, 0, 16, 1.5], "texture": "#0"}
			}
		},
		{
			"from": [5.31289, 5.72644, 2.7833],
			"to": [10.68709, 10.38462, 9.98089],
			"rotation": {"angle": 0, "axis": "y", "origin": [9.35931, 11.82757, -24.88785]},
			"faces": {
				"north": {"uv": [4.25, 6.5, 6, 8.5], "texture": "#0"},
				"east": {"uv": [4.25, 6.5, 6, 8.5], "texture": "#0"},
				"south": {"uv": [4.25, 6.5, 6, 8.5], "texture": "#0"},
				"west": {"uv": [4.25, 6.5, 6, 8.5], "texture": "#0"},
				"up": {"uv": [4.25, 6.5, 6, 8.5], "texture": "#0"},
				"down": {"uv": [4.25, 6.5, 6, 8.5], "texture": "#0"}
			}
		},
		{
			"from": [6.34111, 10.38462, 2.7833],
			"to": [9.65886, 11.75559, 9.98089],
			"rotation": {"angle": 0, "axis": "y", "origin": [9.35931, 11.82757, -24.88785]},
			"faces": {
				"north": {"uv": [4.25, 6.5, 6, 8.5], "texture": "#0"},
				"east": {"uv": [4.25, 6.5, 6, 8.5], "texture": "#0"},
				"south": {"uv": [4.25, 6.5, 6, 8.5], "texture": "#0"},
				"west": {"uv": [4.25, 6.5, 6, 8.5], "texture": "#0"},
				"up": {"uv": [4.25, 6.5, 6, 8.5], "texture": "#0"},
				"down": {"uv": [4.25, 6.5, 6, 8.5], "texture": "#0"}
			}
		}
	],
	"display": {
		"head": {
			"translation": [0, -6.75, 14.5],
			"scale": [4, 4, 4]
		}
	},
	"groups": [
		{
			"name": "root",
			"origin": [8, 8, 8],
			"color": 0,
			"children": [
				{
					"name": "tail",
					"origin": [8, 8, 8],
					"color": 0,
					"children": [
						{
							"name": "1",
							"origin": [8, 8, 8],
							"color": 0,
							"children": [0, 1, 2]
						}
					]
				}
			]
		}
	]
}