{
	"credit": "Made with Blockbench",
	"textures": {
		"1": "narga/texture"
	},
	"elements": [
		{
			"from": [5.6951, 20.33175, -0.57947],
			"to": [11.0249, 30.99135, 6.52693],
			"rotation": {"angle": 22.5, "axis": "x", "origin": [2.1419, 16.77855, -20.12207]},
			"faces": {
				"north": {"uv": [6.625, 6.75, 6.25, 7.5], "texture": "#1"},
				"east": {"uv": [5.5, 6, 5, 6.75], "texture": "#1"},
				"south": {"uv": [7, 6.75, 6.625, 7.5], "texture": "#1"},
				"west": {"uv": [6.5, 2.5, 6, 3.25], "texture": "#1"},
				"up": {"uv": [5.625, 3.5, 6, 3], "texture": "#1"},
				"down": {"uv": [7.625, 0.75, 8, 1.25], "texture": "#1"}
			}
		},
		{
			"from": [6.5834, 8.67215, 2.97373],
			"to": [10.1366, 12.22535, 11.85673],
			"rotation": {"angle": 45, "axis": "x", "origin": [8.36, 11.44875, 7.41523]},
			"faces": {
				"north": {"uv": [3.375, 1.25, 3.125, 1.5], "texture": "#1"},
				"east": {"uv": [4.625, 2.625, 4, 2.875], "texture": "#1"},
				"south": {"uv": [6.5, 0.375, 6.25, 0.625], "texture": "#1"},
				"west": {"uv": [0.625, 3.75, 0, 4], "texture": "#1"},
				"up": {"uv": [4.75, 6.75, 5, 6.125], "texture": "#1"},
				"down": {"uv": [2.125, 7.625, 2.375, 8.25], "texture": "#1"}
			}
		}
	],
	"display": {
		"head": {
			"rotation": [-22.5, 0, 0],
			"translation": [-1.5, -32, 25.75],
			"scale": [4, 4, 4]
		}
	},
	"groups": [
		{
			"name": "root",
			"origin": [5, -15, -3],
			"color": 0,
			"children": [
				{
					"name": "leg_l",
					"origin": [5, 0, -3],
					"color": 0,
					"children": [
						{
							"name": "0",
							"origin": [13.8581, 16.77855, -20.12207],
							"color": 0,
							"children": [0]
						}
					]
				}
			]
		},
		1
	]
}