{
	"credit": "Made with Blockbench",
	"texture_size": [32, 32],
	"textures": {
		"0": "reus/head",
		"particle": "reus/head"
	},
	"elements": [
		{
			"from": [6.59758, 5.38231, 3.08547],
			"to": [9.30028, 7.83931, 12.09447],
			"rotation": {"angle": 45, "axis": "x", "origin": [7.94893, 4.27081, 9.52047]},
			"faces": {
				"north": {"uv": [1.5, 10, 3, 10.5], "rotation": 180, "texture": "#0"},
				"east": {"uv": [1.5, 10, 3, 11.25], "rotation": 180, "texture": "#0"},
				"south": {"uv": [1.5, 9.5, 3, 10.25], "texture": "#0"},
				"west": {"uv": [1.5, 10, 3, 11.25], "rotation": 180, "texture": "#0"},
				"up": {"uv": [1.5, 10.5, 3, 11.75], "rotation": 180, "texture": "#0"},
				"down": {"uv": [1.5, 9.5, 3, 10.5], "texture": "#0"}
			}
		}
	],
	"display": {
		"head": {
			"rotation": [45, 0, 0],
			"translation": [0, -11.75, -3],
			"scale": [4, 4, 4]
		}
	},
	"groups": [
		{
			"name": "root",
			"origin": [8, 8, 8],
			"children": [
				{
					"name": "leg_l",
					"origin": [8, 8, 8],
					"children": [
						{
							"name": "1",
							"origin": [8, 8, 8],
							"children": [0]
						}
					]
				}
			]
		}
	]
}