{
	"credit": "Made with Blockbench",
	"texture_size": [32, 32],
	"textures": {
		"0": "reus/head",
		"particle": "reus/head"
	},
	"elements": [
		{
			"from": [5.98637, 8.158, 4.87268],
			"to": [10.00181, 8.9302, 10.13768],
			"rotation": {"angle": 0, "axis": "y", "origin": [12.62729, 8.9302, 1.36268]},
			"faces": {
				"north": {"uv": [2, 9.75, 3, 10.5], "texture": "#0"},
				"east": {"uv": [2, 9.75, 3, 10.5], "texture": "#0"},
				"south": {"uv": [2, 9.75, 3, 10.5], "texture": "#0"},
				"west": {"uv": [2, 9.75, 3, 10.5], "texture": "#0"},
				"up": {"uv": [2, 7.75, 3, 9.25], "rotation": 90, "texture": "#0"},
				"down": {"uv": [2, 9.75, 3, 10.5], "texture": "#0"}
			}
		},
		{
			"from": [5.21417, 4.297, 4.87268],
			"to": [10.77401, 8.158, 10.13768],
			"rotation": {"angle": 0, "axis": "y", "origin": [12.62729, 8.9302, 1.36268]},
			"faces": {
				"north": {"uv": [2, 9.75, 3, 10.5], "texture": "#0"},
				"east": {"uv": [2, 9.75, 3, 10.5], "texture": "#0"},
				"south": {"uv": [2, 9.75, 3, 10.5], "texture": "#0"},
				"west": {"uv": [2, 9.75, 3, 10.5], "texture": "#0"},
				"up": {"uv": [0.75, 7, 1, 7.5], "texture": "#0"},
				"down": {"uv": [2, 9.75, 3, 10.5], "texture": "#0"}
			}
		},
		{
			"from": [5.98637, 2.7526, 4.87268],
			"to": [10.00181, 4.297, 10.13768],
			"rotation": {"angle": 0, "axis": "y", "origin": [12.62729, 8.9302, 1.36268]},
			"faces": {
				"north": {"uv": [0, 2.75, 1.5, 3], "texture": "#0"},
				"east": {"uv": [0.25, 2.5, 1, 3], "texture": "#0"},
				"south": {"uv": [0, 1.5, 1.5, 3], "texture": "#0"},
				"west": {"uv": [0.25, 2.5, 1.25, 3], "texture": "#0"},
				"up": {"uv": [0, 1.5, 1.5, 3], "texture": "#0"},
				"down": {"uv": [0, 1.5, 1.5, 3], "rotation": 180, "texture": "#0"}
			}
		},
		{
			"from": [7.05809, 8.60015, 5.41868],
			"to": [8.93009, 10.25765, 7.17368],
			"rotation": {"angle": -45, "axis": "x", "origin": [7.99409, 9.08765, 6.82268]},
			"faces": {
				"north": {"uv": [1.25, 3.5, 1.5, 4.25], "texture": "#0"},
				"east": {"uv": [1.25, 3.5, 1.5, 4.25], "texture": "#0"},
				"south": {"uv": [1.25, 3.5, 1.5, 4.25], "texture": "#0"},
				"west": {"uv": [1.25, 3.5, 1.5, 4.25], "texture": "#0"},
				"up": {"uv": [1.25, 3.5, 1.5, 4.25], "texture": "#0"},
				"down": {"uv": [1.25, 3.5, 1.5, 4.25], "texture": "#0"}
			}
		},
		{
			"from": [7.64309, 7.33265, 7.85618],
			"to": [8.54009, 7.91765, 9.61118],
			"rotation": {"angle": -45, "axis": "x", "origin": [7.99409, 9.08765, 6.62768]},
			"faces": {
				"north": {"uv": [1.25, 3.5, 1.5, 4.25], "texture": "#0"},
				"east": {"uv": [1.25, 3.5, 1.5, 4.25], "texture": "#0"},
				"south": {"uv": [1.25, 3.5, 1.5, 4.25], "texture": "#0"},
				"west": {"uv": [1.25, 3.5, 1.5, 4.25], "texture": "#0"},
				"up": {"uv": [1.25, 3.5, 1.5, 4.25], "texture": "#0"},
				"down": {"uv": [1.25, 3.5, 1.5, 4.25], "texture": "#0"}
			}
		},
		{
			"from": [7.05809, 6.74765, 6.97868],
			"to": [9.12509, 8.50265, 8.73368],
			"rotation": {"angle": -45, "axis": "x", "origin": [7.99409, 9.08765, 6.62768]},
			"faces": {
				"north": {"uv": [1.25, 3.5, 1.5, 4.25], "texture": "#0"},
				"east": {"uv": [1.25, 3.5, 1.5, 4.25], "texture": "#0"},
				"south": {"uv": [1.25, 3.5, 1.5, 4.25], "texture": "#0"},
				"west": {"uv": [1.25, 3.5, 1.5, 4.25], "texture": "#0"},
				"up": {"uv": [1.25, 3.5, 1.5, 4.25], "texture": "#0"},
				"down": {"uv": [1.25, 3.5, 1.5, 4.25], "texture": "#0"}
			}
		},
		{
			"from": [7.64309, 9.08765, 6.29618],
			"to": [8.34509, 9.67265, 8.05118],
			"rotation": {"angle": -45, "axis": "x", "origin": [7.99409, 9.08765, 6.82268]},
			"faces": {
				"north": {"uv": [1.25, 3.5, 1.5, 4.25], "texture": "#0"},
				"east": {"uv": [1.25, 3.5, 1.5, 4.25], "texture": "#0"},
				"south": {"uv": [1.25, 3.5, 1.5, 4.25], "texture": "#0"},
				"west": {"uv": [1.25, 3.5, 1.5, 4.25], "texture": "#0"},
				"up": {"uv": [1.25, 3.5, 1.5, 4.25], "texture": "#0"},
				"down": {"uv": [1.25, 3.5, 1.5, 4.25], "texture": "#0"}
			}
		},
		{
			"from": [6.66809, 8.50265, 6.29618],
			"to": [7.37009, 9.08765, 8.05118],
			"rotation": {"angle": -45, "axis": "x", "origin": [7.01909, 8.50265, 6.82268]},
			"faces": {
				"north": {"uv": [1.25, 3.5, 1.5, 4.25], "texture": "#0"},
				"east": {"uv": [1.25, 3.5, 1.5, 4.25], "texture": "#0"},
				"south": {"uv": [1.25, 3.5, 1.5, 4.25], "texture": "#0"},
				"west": {"uv": [1.25, 3.5, 1.5, 4.25], "texture": "#0"},
				"up": {"uv": [1.25, 3.5, 1.5, 4.25], "texture": "#0"},
				"down": {"uv": [1.25, 3.5, 1.5, 4.25], "texture": "#0"}
			}
		},
		{
			"from": [8.61809, 8.50265, 6.29618],
			"to": [9.32009, 9.08765, 8.05118],
			"rotation": {"angle": -45, "axis": "x", "origin": [8.96909, 8.50265, 6.82268]},
			"faces": {
				"north": {"uv": [1.5, 3.5, 1.25, 4.25], "texture": "#0"},
				"east": {"uv": [1.5, 3.5, 1.25, 4.25], "texture": "#0"},
				"south": {"uv": [1.5, 3.5, 1.25, 4.25], "texture": "#0"},
				"west": {"uv": [1.5, 3.5, 1.25, 4.25], "texture": "#0"},
				"up": {"uv": [1.5, 3.5, 1.25, 4.25], "texture": "#0"},
				"down": {"uv": [1.5, 3.5, 1.25, 4.25], "texture": "#0"}
			}
		},
		{
			"from": [6.66809, 8.50265, 9.02618],
			"to": [7.37009, 9.08765, 10.78118],
			"rotation": {"angle": -45, "axis": "x", "origin": [7.01909, 8.50265, 9.55268]},
			"faces": {
				"north": {"uv": [1.25, 3.5, 1.5, 4.25], "texture": "#0"},
				"east": {"uv": [1.25, 3.5, 1.5, 4.25], "texture": "#0"},
				"south": {"uv": [1.25, 3.5, 1.5, 4.25], "texture": "#0"},
				"west": {"uv": [1.25, 3.5, 1.5, 4.25], "texture": "#0"},
				"up": {"uv": [1.25, 3.5, 1.5, 4.25], "texture": "#0"},
				"down": {"uv": [1.25, 3.5, 1.5, 4.25], "texture": "#0"}
			}
		},
		{
			"from": [8.61809, 8.50265, 9.02618],
			"to": [9.32009, 9.08765, 10.78118],
			"rotation": {"angle": -45, "axis": "x", "origin": [8.96909, 8.50265, 9.55268]},
			"faces": {
				"north": {"uv": [1.5, 3.5, 1.25, 4.25], "texture": "#0"},
				"east": {"uv": [1.5, 3.5, 1.25, 4.25], "texture": "#0"},
				"south": {"uv": [1.5, 3.5, 1.25, 4.25], "texture": "#0"},
				"west": {"uv": [1.5, 3.5, 1.25, 4.25], "texture": "#0"},
				"up": {"uv": [1.5, 3.5, 1.25, 4.25], "texture": "#0"},
				"down": {"uv": [1.5, 3.5, 1.25, 4.25], "texture": "#0"}
			}
		}
	],
	"display": {
		"head": {
			"translation": [0, 1.25, -1.75],
			"scale": [4, 4, 4]
		}
	},
	"groups": [
		{
			"name": "root",
			"origin": [8, 8, 8],
			"children": [
				{
					"name": "neck",
					"origin": [8, 8, 8],
					"children": [
						{
							"name": "2",
							"origin": [9.5, 10.5, -1.5],
							"children": [0, 1, 2,
								{
									"name": "group",
									"origin": [8.5, 9.08615, -6.93345],
									"children": [3, 4, 5, 6, 7, 8, 9, 10]
								}
							]
						}
					]
				}
			]
		}
	]
}