{
	"credit": "Made with Blockbench",
	"texture_size": [32, 32],
	"textures": {
		"0": "diablos/head",
		"particle": "diablos/head"
	},
	"elements": [
		{
			"from": [-0.36806, -0.70027, 6.3877],
			"to": [16.36806, 10.16919, 18.51049],
			"rotation": {"angle": 0, "axis": "y", "origin": [16.53653, 5.87063, -25.36448]},
			"faces": {
				"north": {"uv": [6.75, 5, 7.75, 6.25], "texture": "#0"},
				"east": {"uv": [6.75, 5, 7.75, 6.25], "texture": "#0"},
				"south": {"uv": [6.75, 5, 7.75, 6.25], "texture": "#0"},
				"west": {"uv": [6.75, 5, 7.75, 6.25], "texture": "#0"},
				"up": {"uv": [6.75, 5, 7.75, 6.25], "texture": "#0"},
				"down": {"uv": [4.5, 4.75, 7.65641, 7.17352], "texture": "#0"}
			}
		},
		{
			"from": [1.27672, 0.05005, 18.35533],
			"to": [14.72328, 7.91822, 24.01285],
			"rotation": {"angle": 0, "axis": "y", "origin": [16.53653, 5.87063, -19.86213]},
			"faces": {
				"north": {"uv": [6.75, 5, 7.75, 6.25], "texture": "#0"},
				"east": {"uv": [6.75, 5, 7.75, 6.25], "texture": "#0"},
				"south": {"uv": [6.75, 5, 7.75, 6.25], "texture": "#0"},
				"west": {"uv": [6.75, 5, 7.75, 6.25], "texture": "#0"},
				"up": {"uv": [6.75, 5, 7.75, 6.25], "texture": "#0"},
				"down": {"uv": [4.5, 4.75, 7.03601, 5.88102], "texture": "#0"}
			}
		},
		{
			"from": [4.23868, 7.91822, 12.64038],
			"to": [11.76132, 13.81995, 19.77603],
			"rotation": {"angle": 0, "axis": "y", "origin": [16.53653, 5.87063, -25.36448]},
			"faces": {
				"north": {"uv": [6.75, 5, 7.75, 6.25], "texture": "#0"},
				"east": {"uv": [6.75, 5, 7.75, 6.25], "texture": "#0"},
				"south": {"uv": [6.75, 5, 7.75, 6.25], "texture": "#0"},
				"west": {"uv": [6.75, 5, 7.75, 6.25], "texture": "#0"},
				"up": {"uv": [6.75, 5, 7.75, 6.25], "texture": "#0"},
				"down": {"uv": [4.5, 4.75, 5.91876, 6.17652], "texture": "#0"}
			}
		},
		{
			"from": [4.23868, 7.91822, 6.3877],
			"to": [11.76132, 13.06963, 12.64038],
			"rotation": {"angle": 0, "axis": "y", "origin": [16.53653, 5.87063, -25.36448]},
			"faces": {
				"north": {"uv": [6.75, 5, 7.75, 6.25], "texture": "#0"},
				"east": {"uv": [6.75, 5, 7.75, 6.25], "texture": "#0"},
				"south": {"uv": [6.75, 5, 7.75, 6.25], "texture": "#0"},
				"west": {"uv": [6.75, 5, 7.75, 6.25], "texture": "#0"},
				"up": {"uv": [6.75, 5, 7.75, 6.25], "texture": "#0"},
				"down": {"uv": [4.5, 4.75, 5.91876, 6], "texture": "#0"}
			}
		},
		{
			"from": [4.41365, 7.1679, 19.73091],
			"to": [11.58635, 11.41892, 23.97159],
			"rotation": {"angle": 0, "axis": "y", "origin": [16.53653, 5.87063, -21.10016]},
			"faces": {
				"north": {"uv": [6.75, 5, 7.75, 6.25], "texture": "#0"},
				"east": {"uv": [6.75, 5, 7.75, 6.25], "texture": "#0"},
				"south": {"uv": [6.75, 5, 7.75, 6.25], "texture": "#0"},
				"west": {"uv": [6.75, 5, 7.75, 6.25], "texture": "#0"},
				"up": {"uv": [6.75, 5, 7.75, 6.25], "texture": "#0"},
				"down": {"uv": [4.5, 4.75, 5.85276, 5.59777], "texture": "#0"}
			}
		},
		{
			"from": [2.76527, -4.57409, 6.3877],
			"to": [13.23473, -0.70027, 17.8227],
			"rotation": {"angle": 0, "axis": "y", "origin": [16.53653, 5.87063, -25.36448]},
			"faces": {
				"north": {"uv": [2.5, 14, 4, 16], "texture": "#0"},
				"east": {"uv": [2.5, 14, 4, 16], "rotation": 270, "texture": "#0"},
				"south": {"uv": [2.5, 14, 4, 16], "texture": "#0"},
				"west": {"uv": [2.5, 14, 4, 16], "rotation": 90, "texture": "#0"},
				"up": {"uv": [2.5, 14, 4, 16], "texture": "#0"},
				"down": {"uv": [2.5, 14, 4, 16], "texture": "#0"}
			}
		},
		{
			"from": [3.81511, -2.62325, 17.80509],
			"to": [12.18489, 0.05005, 24.01285],
			"rotation": {"angle": 0, "axis": "y", "origin": [16.53653, 5.87063, -13.9471]},
			"faces": {
				"north": {"uv": [2.5, 14, 4, 16], "texture": "#0"},
				"east": {"uv": [2.5, 14, 4, 16], "rotation": 270, "texture": "#0"},
				"south": {"uv": [2.5, 14, 4, 16], "texture": "#0"},
				"west": {"uv": [2.5, 14, 4, 16], "rotation": 90, "texture": "#0"},
				"up": {"uv": [2.5, 14, 4, 16], "texture": "#0"},
				"down": {"uv": [2.5, 14, 4, 16], "texture": "#0"}
			}
		}
	],
	"display": {
		"head": {
			"translation": [0, 6.5, -25],
			"scale": [4, 4, 4]
		}
	},
	"groups": [
		{
			"name": "root",
			"origin": [8, 8, 8],
			"color": 0,
			"children": [
				{
					"name": "body",
					"origin": [8, 8, 8],
					"color": 0,
					"children": [
						{
							"name": "1",
							"origin": [9.8, 10.53615, -0.43345],
							"color": 0,
							"children": [0, 1, 2, 3, 4, 5, 6]
						}
					]
				}
			]
		}
	]
}