{
	"credit": "Made with Blockbench",
	"texture_size": [32, 32],
	"textures": {
		"0": "diablos/head",
		"particle": "diablos/head"
	},
	"elements": [
		{
			"from": [1.3425, -0.74007, -5.13404],
			"to": [14.6575, 7.06727, 1.17276],
			"rotation": {"angle": 0, "axis": "y", "origin": [16.53653, 5.36094, -22.42494]},
			"faces": {
				"north": {"uv": [6.75, 5, 7.75, 6.25], "texture": "#0"},
				"east": {"uv": [6.75, 5, 7.75, 6.25], "texture": "#0"},
				"south": {"uv": [6.75, 5, 7.75, 6.25], "texture": "#0"},
				"west": {"uv": [6.75, 5, 7.75, 6.25], "texture": "#0"},
				"up": {"uv": [6.75, 5, 7.75, 6.25], "texture": "#0"},
				"down": {"uv": [4.5, 4.75, 7.01119, 6.01082], "texture": "#0"}
			}
		},
		{
			"from": [4.24744, 7.06727, 4.95527],
			"to": [11.75256, 10.72858, 9.35477],
			"rotation": {"angle": 0, "axis": "y", "origin": [16.53653, 5.36094, -22.42494]},
			"faces": {
				"north": {"uv": [6.75, 5, 7.75, 6.25], "texture": "#0"},
				"east": {"uv": [6.75, 5, 7.75, 6.25], "texture": "#0"},
				"south": {"uv": [6.75, 5, 7.75, 6.25], "texture": "#0"},
				"west": {"uv": [6.75, 5, 7.75, 6.25], "texture": "#0"},
				"up": {"uv": [6.75, 5, 7.75, 6.25], "texture": "#0"},
				"down": {"uv": [4.5, 4.75, 5.91546, 5.62952], "texture": "#0"}
			}
		},
		{
			"from": [3.37257, 7.06727, -1.17234],
			"to": [12.62743, 11.35385, 4.97789],
			"rotation": {"angle": 0, "axis": "y", "origin": [16.53653, 5.36094, -22.42494]},
			"faces": {
				"north": {"uv": [6.75, 5, 7.75, 6.25], "texture": "#0"},
				"east": {"uv": [6.75, 5, 7.75, 6.25], "texture": "#0"},
				"south": {"uv": [6.75, 5, 7.75, 6.25], "texture": "#0"},
				"west": {"uv": [6.75, 5, 7.75, 6.25], "texture": "#0"},
				"up": {"uv": [6.75, 5, 7.75, 6.25], "texture": "#0"},
				"down": {"uv": [4.5, 4.75, 6.24546, 5.97952], "texture": "#0"}
			}
		},
		{
			"from": [3.37257, 6.442, -5.29911],
			"to": [12.62743, 10.72858, -1.17234],
			"rotation": {"angle": 0, "axis": "y", "origin": [16.53653, 5.36094, -22.42494]},
			"faces": {
				"north": {"uv": [6.75, 5, 7.75, 6.25], "texture": "#0"},
				"east": {"uv": [6.75, 5, 7.75, 6.25], "texture": "#0"},
				"south": {"uv": [6.75, 5, 7.75, 6.25], "texture": "#0"},
				"west": {"uv": [6.75, 5, 7.75, 6.25], "texture": "#0"},
				"up": {"uv": [6.75, 5, 7.75, 6.25], "texture": "#0"},
				"down": {"uv": [4.5, 4.75, 6.24546, 5.575], "texture": "#0"}
			}
		},
		{
			"from": [0.33185, -0.74007, 1.17276],
			"to": [15.66815, 7.69253, 9.32726],
			"rotation": {"angle": 0, "axis": "y", "origin": [16.53653, 5.36094, -22.42494]},
			"faces": {
				"north": {"uv": [6.75, 5, 7.75, 6.25], "texture": "#0"},
				"east": {"uv": [6.75, 5, 7.75, 6.25], "texture": "#0"},
				"south": {"uv": [6.75, 5, 7.75, 6.25], "texture": "#0"},
				"west": {"uv": [6.75, 5, 7.75, 6.25], "texture": "#0"},
				"up": {"uv": [6.75, 5, 7.75, 6.25], "texture": "#0"},
				"down": {"uv": [4.5, 4.75, 7.39241, 6.3802], "texture": "#0"}
			}
		},
		{
			"from": [4.30084, -3.87122, -5.13404],
			"to": [11.69916, -0.74007, -0.03336],
			"rotation": {"angle": 0, "axis": "y", "origin": [16.53653, 5.36094, -22.42494]},
			"faces": {
				"north": {"uv": [2.5, 14, 4, 16], "texture": "#0"},
				"east": {"uv": [2.5, 14, 4, 16], "rotation": 270, "texture": "#0"},
				"south": {"uv": [2.5, 14, 4, 16], "texture": "#0"},
				"west": {"uv": [2.5, 14, 4, 16], "rotation": 90, "texture": "#0"},
				"up": {"uv": [2.5, 14, 4, 16], "texture": "#0"},
				"down": {"uv": [2.5, 14, 4, 16], "texture": "#0"}
			}
		},
		{
			"from": [2.41531, -4.21837, -0.89062],
			"to": [13.58469, -0.74007, 9.49672],
			"rotation": {"angle": 0, "axis": "y", "origin": [16.53653, 5.36094, -22.42494]},
			"faces": {
				"north": {"uv": [2.5, 14, 4, 16], "texture": "#0"},
				"east": {"uv": [2.5, 14, 4, 16], "rotation": 270, "texture": "#0"},
				"south": {"uv": [2.5, 14, 4, 16], "texture": "#0"},
				"west": {"uv": [2.5, 14, 4, 16], "rotation": 90, "texture": "#0"},
				"up": {"uv": [2.5, 14, 4, 16], "texture": "#0"},
				"down": {"uv": [2.5, 14, 4, 16], "texture": "#0"}
			}
		},
		{
			"from": [11.30282, 18.61285, -12.18268],
			"to": [13.42002, 21.03388, -5.91],
			"rotation": {"angle": -22.5, "axis": "x", "origin": [8, 32.12487, 19.71596]},
			"faces": {
				"north": {"uv": [7.75, 5.5, 6.75, 6.25], "texture": "#0"},
				"east": {"uv": [7.75, 5.5, 6.75, 6.25], "texture": "#0"},
				"south": {"uv": [7.75, 5.5, 6.75, 6.25], "texture": "#0"},
				"west": {"uv": [7.75, 5.5, 6.75, 6.25], "texture": "#0"},
				"up": {"uv": [7.75, 5.5, 6.75, 6.25], "texture": "#0"},
				"down": {"uv": [4.8993, 5.25, 4.5, 6.504], "texture": "#0"}
			}
		},
		{
			"from": [4.69718, 19.61952, -10.93215],
			"to": [11.30282, 22.04056, -4.65946],
			"rotation": {"angle": -22.5, "axis": "x", "origin": [8, 32.12487, 19.71596]},
			"faces": {
				"north": {"uv": [6.75, 5.5, 7.75, 6.25], "texture": "#0"},
				"east": {"uv": [6.75, 5.5, 7.75, 6.25], "texture": "#0"},
				"south": {"uv": [6.75, 5.5, 7.75, 6.25], "texture": "#0"},
				"west": {"uv": [6.75, 5.5, 7.75, 6.25], "texture": "#0"},
				"up": {"uv": [6.75, 5.5, 7.75, 6.25], "texture": "#0"},
				"down": {"uv": [4.5, 5.25, 5.74582, 6.504], "texture": "#0"}
			}
		},
		{
			"from": [2.57998, 18.61285, -12.18268],
			"to": [4.69718, 21.03388, -5.91],
			"rotation": {"angle": -22.5, "axis": "x", "origin": [8, 32.12487, 19.71596]},
			"faces": {
				"north": {"uv": [6.75, 5.5, 7.75, 6.25], "texture": "#0"},
				"east": {"uv": [6.75, 5.5, 7.75, 6.25], "texture": "#0"},
				"south": {"uv": [6.75, 5.5, 7.75, 6.25], "texture": "#0"},
				"west": {"uv": [6.75, 5.5, 7.75, 6.25], "texture": "#0"},
				"up": {"uv": [6.75, 5.5, 7.75, 6.25], "texture": "#0"},
				"down": {"uv": [4.5, 5.25, 4.8993, 6.504], "texture": "#0"}
			}
		},
		{
			"from": [11.30282, 5.28723, -6.13492],
			"to": [14.11991, 7.70826, 5.13991],
			"rotation": {"angle": -45, "axis": "x", "origin": [8, 10.37649, -1.95646]},
			"faces": {
				"north": {"uv": [7.75, 5.5, 6.75, 6.25], "texture": "#0"},
				"east": {"uv": [7.75, 5.5, 6.75, 6.25], "texture": "#0"},
				"south": {"uv": [7.75, 5.5, 6.75, 6.25], "texture": "#0"},
				"west": {"uv": [7.75, 5.5, 6.75, 6.25], "texture": "#0"},
				"up": {"uv": [7.75, 5.5, 6.75, 6.25], "texture": "#0"},
				"down": {"uv": [5.0313, 5.25, 4.5, 7.504], "texture": "#0"}
			}
		},
		{
			"from": [3.99727, 6.54402, 0.11776],
			"to": [12.00273, 8.96506, 6.39044],
			"rotation": {"angle": -45, "axis": "x", "origin": [8, 10.37649, -1.95646]},
			"faces": {
				"north": {"uv": [6.75, 5.5, 7.75, 6.25], "texture": "#0"},
				"east": {"uv": [6.75, 5.5, 7.75, 6.25], "texture": "#0"},
				"south": {"uv": [6.75, 5.5, 7.75, 6.25], "texture": "#0"},
				"west": {"uv": [6.75, 5.5, 7.75, 6.25], "texture": "#0"},
				"up": {"uv": [6.75, 5.5, 7.75, 6.25], "texture": "#0"},
				"down": {"uv": [4.5, 5.25, 6.00982, 6.504], "texture": "#0"}
			}
		},
		{
			"from": [1.88009, 5.28723, -6.13492],
			"to": [4.69718, 7.70826, 5.13991],
			"rotation": {"angle": -45, "axis": "x", "origin": [8, 10.37649, -1.95646]},
			"faces": {
				"north": {"uv": [6.75, 5.5, 7.75, 6.25], "texture": "#0"},
				"east": {"uv": [6.75, 5.5, 7.75, 6.25], "texture": "#0"},
				"south": {"uv": [6.75, 5.5, 7.75, 6.25], "texture": "#0"},
				"west": {"uv": [6.75, 5.5, 7.75, 6.25], "texture": "#0"},
				"up": {"uv": [6.75, 5.5, 7.75, 6.25], "texture": "#0"},
				"down": {"uv": [4.5, 5.25, 5.0313, 7.504], "texture": "#0"}
			}
		},
		{
			"from": [13.05257, 5.15564, 1.36959],
			"to": [16.04464, 7.57667, 16.39602],
			"rotation": {"angle": -22.5, "axis": "x", "origin": [8, 10.99522, 1.17117]},
			"faces": {
				"north": {"uv": [7.75, 5.5, 6.75, 6.25], "texture": "#0"},
				"east": {"uv": [7.75, 5.5, 6.75, 6.25], "texture": "#0"},
				"south": {"uv": [7.75, 5.5, 6.75, 6.25], "texture": "#0"},
				"west": {"uv": [7.75, 5.5, 6.75, 6.25], "texture": "#0"},
				"up": {"uv": [7.75, 5.5, 6.75, 6.25], "texture": "#0"},
				"down": {"uv": [5.0643, 5.25, 4.5, 8.254], "texture": "#0"}
			}
		},
		{
			"from": [2.94743, 5.91222, 4.49592],
			"to": [13.05257, 8.33325, 17.02128],
			"rotation": {"angle": -22.5, "axis": "x", "origin": [8, 10.99522, 1.17117]},
			"faces": {
				"north": {"uv": [6.75, 5.5, 7.75, 6.25], "texture": "#0"},
				"east": {"uv": [6.75, 5.5, 7.75, 6.25], "texture": "#0"},
				"south": {"uv": [6.75, 5.5, 7.75, 6.25], "texture": "#0"},
				"west": {"uv": [6.75, 5.5, 7.75, 6.25], "texture": "#0"},
				"up": {"uv": [6.75, 5.5, 7.75, 6.25], "texture": "#0"},
				"down": {"uv": [4.5, 5.25, 6.40582, 7.754], "texture": "#0"}
			}
		},
		{
			"from": [1.19768, 8.47869, 2.02653],
			"to": [14.80232, 11.525, 22.0551],
			"rotation": {"angle": -45, "axis": "x", "origin": [8, 11.56502, 12.66609]},
			"faces": {
				"north": {"uv": [6.75, 5.5, 7.75, 6.25], "texture": "#0"},
				"east": {"uv": [6.75, 5.5, 7.75, 6.25], "texture": "#0"},
				"south": {"uv": [6.75, 5.5, 7.75, 6.25], "texture": "#0"},
				"west": {"uv": [6.75, 5.5, 7.75, 6.25], "texture": "#0"},
				"up": {"uv": [6.75, 5.5, 7.75, 6.25], "texture": "#0"},
				"down": {"uv": [4.75, 5, 7.31582, 8.504], "texture": "#0"}
			}
		},
		{
			"from": [4.69718, 8.47869, 22.03509],
			"to": [11.30282, 10.89973, 25.18145],
			"rotation": {"angle": -45, "axis": "x", "origin": [8, 11.56502, 12.66609]},
			"faces": {
				"north": {"uv": [6.75, 5.5, 7.75, 6.25], "texture": "#0"},
				"east": {"uv": [6.75, 5.5, 7.75, 6.25], "texture": "#0"},
				"south": {"uv": [6.75, 5.5, 7.75, 6.25], "texture": "#0"},
				"west": {"uv": [6.75, 5.5, 7.75, 6.25], "texture": "#0"},
				"up": {"uv": [6.75, 5.5, 7.75, 6.25], "texture": "#0"},
				"down": {"uv": [4.5, 5.25, 5.74582, 5.879], "texture": "#0"}
			}
		},
		{
			"from": [6.94718, 11.525, 18.40395],
			"to": [11.30282, 14.02607, 21.42984],
			"rotation": {"angle": -45, "axis": "x", "origin": [8, 11.56502, 12.66609]},
			"faces": {
				"north": {"uv": [6.75, 5.5, 7.75, 6.25], "texture": "#0"},
				"east": {"uv": [6.75, 5.5, 7.75, 6.25], "texture": "#0"},
				"south": {"uv": [6.75, 5.5, 7.75, 6.25], "texture": "#0"},
				"west": {"uv": [13.5, 2, 14, 2.5], "texture": "#0"},
				"up": {"uv": [6.75, 5.5, 7.25, 6.25], "texture": "#0"},
				"down": {"uv": [4.5, 5.25, 5.74582, 8.004], "texture": "#0"}
			}
		},
		{
			"from": [4.69718, 11.525, 7.65395],
			"to": [11.30282, 14.02607, 18.42984],
			"rotation": {"angle": -45, "axis": "x", "origin": [8, 11.56502, 12.66609]},
			"faces": {
				"north": {"uv": [6.75, 5.5, 7.75, 6.25], "texture": "#0"},
				"east": {"uv": [6.75, 5.5, 7.75, 6.25], "texture": "#0"},
				"south": {"uv": [13.5, 2, 14, 2.5], "texture": "#0"},
				"west": {"uv": [6.75, 5.5, 7.75, 6.25], "texture": "#0"},
				"up": {"uv": [6.75, 5.5, 7.75, 6.25], "texture": "#0"},
				"down": {"uv": [4.5, 5.25, 5.74582, 8.004], "texture": "#0"}
			}
		},
		{
			"from": [4.39718, 11.525, 7.65395],
			"to": [4.69718, 14.02607, 14.32984],
			"rotation": {"angle": -45, "axis": "x", "origin": [8, 11.56502, 12.66609]},
			"faces": {
				"north": {"uv": [13.5, 2, 14, 2.5], "texture": "#0"},
				"east": {"uv": [13.5, 2, 14, 2.5], "texture": "#0"},
				"south": {"uv": [13.5, 2, 14, 2.5], "texture": "#0"},
				"west": {"uv": [13.5, 2, 14, 2.5], "texture": "#0"},
				"up": {"uv": [13.5, 2, 14, 2.5], "texture": "#0"},
				"down": {"uv": [13.5, 2, 14, 2.5], "texture": "#0"}
			}
		},
		{
			"from": [-0.04464, 5.15564, 1.36959],
			"to": [2.94743, 7.57667, 16.39602],
			"rotation": {"angle": -22.5, "axis": "x", "origin": [8, 10.99522, 1.17117]},
			"faces": {
				"north": {"uv": [6.75, 5.5, 7.75, 6.25], "texture": "#0"},
				"east": {"uv": [6.75, 5.5, 7.75, 6.25], "texture": "#0"},
				"south": {"uv": [6.75, 5.5, 7.75, 6.25], "texture": "#0"},
				"west": {"uv": [6.75, 5.5, 7.75, 6.25], "texture": "#0"},
				"up": {"uv": [6.75, 5.5, 7.75, 6.25], "texture": "#0"},
				"down": {"uv": [4.5, 5.25, 5.0643, 8.254], "texture": "#0"}
			}
		},
		{
			"from": [12.1777, 6.95826, -0.21804],
			"to": [15.16977, 9.37929, 11.68205],
			"rotation": {"angle": -45, "axis": "x", "origin": [8, 10.797, 3.96041]},
			"faces": {
				"north": {"uv": [7.75, 5.5, 6.75, 6.25], "texture": "#0"},
				"east": {"uv": [7.75, 5.5, 6.75, 6.25], "texture": "#0"},
				"south": {"uv": [7.75, 5.5, 6.75, 6.25], "texture": "#0"},
				"west": {"uv": [7.75, 5.5, 6.75, 6.25], "texture": "#0"},
				"up": {"uv": [7.75, 5.5, 6.75, 6.25], "texture": "#0"},
				"down": {"uv": [5.0643, 5.25, 4.5, 7.629], "texture": "#0"}
			}
		},
		{
			"from": [3.8223, 8.21505, 1.0325],
			"to": [12.1777, 10.63609, 14.18312],
			"rotation": {"angle": -45, "axis": "x", "origin": [8, 10.797, 3.96041]},
			"faces": {
				"north": {"uv": [6.75, 5.5, 7.75, 6.25], "texture": "#0"},
				"east": {"uv": [6.75, 5.5, 7.75, 6.25], "texture": "#0"},
				"south": {"uv": [6.75, 5.5, 7.75, 6.25], "texture": "#0"},
				"west": {"uv": [6.75, 5.5, 7.75, 6.25], "texture": "#0"},
				"up": {"uv": [4, 14.25, 5.75, 15.5], "rotation": 270, "texture": "#0"},
				"down": {"uv": [4.5, 5.25, 6.07582, 7.879], "texture": "#0"}
			}
		},
		{
			"from": [0.83023, 6.95826, 0.40722],
			"to": [3.8223, 9.37929, 7.80732],
			"rotation": {"angle": -45, "axis": "x", "origin": [8, 10.797, 3.96041]},
			"faces": {
				"north": {"uv": [6.75, 5.5, 7.75, 6.25], "texture": "#0"},
				"east": {"uv": [6.75, 5.5, 7.75, 6.25], "texture": "#0"},
				"south": {"uv": [6.75, 5.5, 7.75, 6.25], "texture": "#0"},
				"west": {"uv": [6.75, 5.5, 7.75, 6.25], "texture": "#0"},
				"up": {"uv": [6.75, 5.5, 7.75, 6.25], "texture": "#0"},
				"down": {"uv": [4.5, 5.25, 5.0643, 7.629], "texture": "#0"}
			}
		}
	],
	"display": {
		"head": {
			"translation": [0, 6.5, 4.75],
			"scale": [4, 4, 4]
		}
	},
	"groups": [
		{
			"name": "root",
			"origin": [8, 8, 8],
			"color": 0,
			"children": [
				{
					"name": "body",
					"origin": [8, 8, 8],
					"color": 0,
					"children": [
						{
							"name": "0",
							"origin": [8, 8, 8],
							"color": 0,
							"children": [
								0,
								1,
								2,
								3,
								4,
								5,
								6,
								{
									"name": "group",
									"origin": [8, 19.4602, 6.82893],
									"color": 0,
									"children": [7, 8, 9, 10, 11, 12, 13, 14, 15, 16, 17, 18, 19, 20, 21, 22, 23]
								}
							]
						}
					]
				}
			]
		}
	]
}