{
	"credit": "Made with Blockbench",
	"texture_size": [32, 32],
	"textures": {
		"0": "diablos/head",
		"particle": "diablos/head"
	},
	"elements": [
		{
			"from": [5.41514, 3.27967, 9.07314],
			"to": [10.58264, 5.55337, 12.17364],
			"rotation": {"angle": 0, "axis": "x", "origin": [7.99889, 6.62178, 11.12447]},
			"faces": {
				"north": {"uv": [6.25, 6.75, 4.75, 5.25], "texture": "#0"},
				"east": {"uv": [6.25, 6.75, 4.75, 5.25], "texture": "#0"},
				"south": {"uv": [6.25, 6.75, 4.75, 5.25], "texture": "#0"},
				"west": {"uv": [6.25, 6.75, 4.75, 5.25], "texture": "#0"},
				"up": {"uv": [1.75, 3.5, 0.75, 2], "texture": "#0"},
				"down": {"uv": [6.25, 6.75, 4.75, 5.25], "texture": "#0"}
			}
		},
		{
			"from": [6.13859, 3.48637, 7.00614],
			"to": [9.85919, 5.55337, 9.07314],
			"rotation": {"angle": 0, "axis": "x", "origin": [7.99889, 6.62178, 11.12447]},
			"faces": {
				"north": {"uv": [7.5, 6.75, 6.5, 5.75], "texture": "#0"},
				"east": {"uv": [7.5, 6.75, 6.5, 5.75], "texture": "#0"},
				"south": {"uv": [7.5, 6.75, 6.5, 5.75], "texture": "#0"},
				"west": {"uv": [7.5, 6.75, 6.5, 5.75], "texture": "#0"},
				"up": {"uv": [1.75, 3.5, 0.75, 2.5], "texture": "#0"},
				"down": {"uv": [7.5, 6.75, 6.5, 5.75], "texture": "#0"}
			}
		},
		{
			"from": [6.65534, 4.00312, 4.11234],
			"to": [9.34244, 5.55337, 7.00614],
			"rotation": {"angle": 0, "axis": "x", "origin": [7.99889, 6.62178, 11.12447]},
			"faces": {
				"north": {"uv": [6, 8.25, 5, 7.75], "texture": "#0"},
				"east": {"uv": [6, 8.25, 5, 7.75], "texture": "#0"},
				"south": {"uv": [6, 8.25, 5, 7.75], "texture": "#0"},
				"west": {"uv": [6, 8.25, 5, 7.75], "texture": "#0"},
				"up": {"uv": [5.25, 3.5, 4.25, 2.75], "rotation": 180, "texture": "#0"},
				"down": {"uv": [6, 8.25, 5, 7.75], "texture": "#0"}
			}
		},
		{
			"from": [6.24194, 4.86643, 8.57294],
			"to": [6.34529, 7.55353, 11.67344],
			"rotation": {"angle": 0, "axis": "x", "origin": [7.99889, 6.62178, 11.12447]},
			"faces": {
				"north": {"uv": [4, 4, 3.5, 3.5], "texture": "#0"},
				"east": {"uv": [4, 4, 3.5, 3.5], "texture": "#0"},
				"south": {"uv": [4, 4, 3.5, 3.5], "texture": "#0"},
				"west": {"uv": [4, 4, 3.5, 3.5], "texture": "#0"},
				"up": {"uv": [4, 4, 3.5, 3.5], "texture": "#0"},
				"down": {"uv": [4, 4, 3.5, 3.5], "texture": "#0"}
			}
		},
		{
			"from": [9.65249, 4.86643, 8.57294],
			"to": [9.75584, 7.55353, 11.67344],
			"rotation": {"angle": 0, "axis": "x", "origin": [7.99889, 6.62178, 11.12447]},
			"faces": {
				"north": {"uv": [3.5, 4, 4, 3.5], "texture": "#0"},
				"east": {"uv": [3.5, 4, 4, 3.5], "texture": "#0"},
				"south": {"uv": [3.5, 4, 4, 3.5], "texture": "#0"},
				"west": {"uv": [3.5, 4, 4, 3.5], "texture": "#0"},
				"up": {"uv": [3.5, 4, 4, 3.5], "texture": "#0"},
				"down": {"uv": [3.5, 4, 4, 3.5], "texture": "#0"}
			}
		},
		{
			"from": [6.96539, 5.36442, 9.79135],
			"to": [9.03239, 6.08787, 12.89185],
			"rotation": {"angle": 0, "axis": "x", "origin": [7.99889, 6.62178, 11.12447]},
			"faces": {
				"north": {"uv": [0.5, 6.25, 0, 4.75], "texture": "#0"},
				"east": {"uv": [0.5, 6.25, 0, 4.75], "texture": "#0"},
				"south": {"uv": [0.5, 6.25, 0, 4.75], "texture": "#0"},
				"west": {"uv": [0.5, 6.25, 0, 4.75], "texture": "#0"},
				"up": {"uv": [0.5, 6.25, 0, 4.75], "texture": "#0"},
				"down": {"uv": [0.5, 6.25, 0, 4.75], "texture": "#0"}
			}
		},
		{
			"from": [7.17209, 4.93512, 8.81232],
			"to": [8.82569, 5.65857, 10.36257],
			"rotation": {"angle": 22.5, "axis": "x", "origin": [7.99889, 6.62178, 11.12447]},
			"faces": {
				"north": {"uv": [0.5, 6.25, 0, 4.75], "texture": "#0"},
				"east": {"uv": [0.5, 6.25, 0, 4.75], "texture": "#0"},
				"south": {"uv": [0.5, 6.25, 0, 4.75], "texture": "#0"},
				"west": {"uv": [0.5, 6.25, 0, 4.75], "texture": "#0"},
				"up": {"uv": [0.5, 6.25, 0, 4.75], "texture": "#0"},
				"down": {"uv": [0.5, 6.25, 0, 4.75], "texture": "#0"}
			}
		},
		{
			"from": [7.48214, 4.93512, 7.98552],
			"to": [8.51564, 5.65857, 8.81232],
			"rotation": {"angle": 22.5, "axis": "x", "origin": [7.99889, 6.62178, 11.12447]},
			"faces": {
				"north": {"uv": [0.5, 6.25, 0, 4.75], "texture": "#0"},
				"east": {"uv": [0.5, 6.25, 0, 4.75], "texture": "#0"},
				"south": {"uv": [0.5, 6.25, 0, 4.75], "texture": "#0"},
				"west": {"uv": [0.5, 6.25, 0, 4.75], "texture": "#0"},
				"up": {"uv": [0.5, 6.25, 0, 4.75], "texture": "#0"},
				"down": {"uv": [0.5, 6.25, 0, 4.75], "texture": "#0"}
			}
		},
		{
			"from": [7.79219, 7.86696, 3.94092],
			"to": [8.20559, 9.00381, 4.35432],
			"rotation": {"angle": -22.5, "axis": "x", "origin": [7.99889, 6.62178, 11.12447]},
			"faces": {
				"north": {"uv": [13.5, 2.5, 14, 2], "rotation": 180, "texture": "#0"},
				"east": {"uv": [13.5, 2.5, 14, 2], "rotation": 180, "texture": "#0"},
				"south": {"uv": [13.5, 2.5, 14, 2], "rotation": 180, "texture": "#0"},
				"west": {"uv": [13.5, 2.5, 14, 2], "rotation": 180, "texture": "#0"},
				"up": {"uv": [13.5, 2.5, 14, 2], "rotation": 180, "texture": "#0"},
				"down": {"uv": [13.5, 2.5, 14, 2], "rotation": 180, "texture": "#0"}
			}
		},
		{
			"from": [8.72234, 7.86696, 4.14762],
			"to": [9.13574, 9.00381, 4.56102],
			"rotation": {"angle": -22.5, "axis": "x", "origin": [7.99889, 6.62178, 11.12447]},
			"faces": {
				"north": {"uv": [13.5, 2.5, 14, 2], "rotation": 180, "texture": "#0"},
				"east": {"uv": [13.5, 2.5, 14, 2], "rotation": 180, "texture": "#0"},
				"south": {"uv": [13.5, 2.5, 14, 2], "rotation": 180, "texture": "#0"},
				"west": {"uv": [13.5, 2.5, 14, 2], "rotation": 180, "texture": "#0"},
				"up": {"uv": [13.5, 2.5, 14, 2], "rotation": 180, "texture": "#0"},
				"down": {"uv": [13.5, 2.5, 14, 2], "rotation": 180, "texture": "#0"}
			}
		},
		{
			"from": [6.86204, 7.86696, 4.14762],
			"to": [7.27544, 9.00381, 4.56102],
			"rotation": {"angle": -22.5, "axis": "x", "origin": [7.99889, 6.62178, 11.12447]},
			"faces": {
				"north": {"uv": [14, 2.5, 13.5, 2], "rotation": 180, "texture": "#0"},
				"east": {"uv": [14, 2.5, 13.5, 2], "rotation": 180, "texture": "#0"},
				"south": {"uv": [14, 2.5, 13.5, 2], "rotation": 180, "texture": "#0"},
				"west": {"uv": [14, 2.5, 13.5, 2], "rotation": 180, "texture": "#0"},
				"up": {"uv": [14, 2.5, 13.5, 2], "rotation": 180, "texture": "#0"},
				"down": {"uv": [14, 2.5, 13.5, 2], "rotation": 180, "texture": "#0"}
			}
		},
		{
			"from": [9.13574, 7.24686, 5.38782],
			"to": [9.54914, 8.38371, 5.80122],
			"rotation": {"angle": -22.5, "axis": "x", "origin": [7.99889, 6.62178, 11.12447]},
			"faces": {
				"north": {"uv": [13.5, 2.5, 14, 2], "rotation": 180, "texture": "#0"},
				"east": {"uv": [13.5, 2.5, 14, 2], "rotation": 180, "texture": "#0"},
				"south": {"uv": [13.5, 2.5, 14, 2], "rotation": 180, "texture": "#0"},
				"west": {"uv": [13.5, 2.5, 14, 2], "rotation": 180, "texture": "#0"},
				"up": {"uv": [13.5, 2.5, 14, 2], "rotation": 180, "texture": "#0"},
				"down": {"uv": [13.5, 2.5, 14, 2], "rotation": 180, "texture": "#0"}
			}
		},
		{
			"from": [6.44864, 7.24686, 5.38782],
			"to": [6.86204, 8.38371, 5.80122],
			"rotation": {"angle": -22.5, "axis": "x", "origin": [7.99889, 6.62178, 11.12447]},
			"faces": {
				"north": {"uv": [14, 2.5, 13.5, 2], "rotation": 180, "texture": "#0"},
				"east": {"uv": [14, 2.5, 13.5, 2], "rotation": 180, "texture": "#0"},
				"south": {"uv": [14, 2.5, 13.5, 2], "rotation": 180, "texture": "#0"},
				"west": {"uv": [14, 2.5, 13.5, 2], "rotation": 180, "texture": "#0"},
				"up": {"uv": [14, 2.5, 13.5, 2], "rotation": 180, "texture": "#0"},
				"down": {"uv": [14, 2.5, 13.5, 2], "rotation": 180, "texture": "#0"}
			}
		}
	],
	"display": {
		"head": {
			"translation": [0, -1.5, -9],
			"scale": [4, 4, 4]
		}
	},
	"groups": [
		{
			"name": "root",
			"origin": [8, 8, 8],
			"color": 0,
			"children": [
				{
					"name": "head",
					"origin": [8, 8, 8],
					"color": 0,
					"children": [
						{
							"name": "lower",
							"origin": [8, 8, 8],
							"color": 0,
							"children": [
								0,
								1,
								2,
								3,
								4,
								5,
								6,
								7,
								{
									"name": "tooth",
									"origin": [9.5, 18.65, 0.25],
									"color": 0,
									"children": [8, 9, 10, 11, 12]
								}
							]
						}
					]
				}
			]
		}
	]
}