{
	"credit": "Made with Blockbench",
	"texture_size": [32, 32],
	"textures": {
		"0": "diablos/head",
		"particle": "diablos/head"
	},
	"elements": [
		{
			"from": [6.16314, 11.1955, 7.00619],
			"to": [10.14125, 14.75834, 12.00833],
			"rotation": {"angle": 0, "axis": "y", "origin": [8.15219, 10.32248, 10.09714]},
			"faces": {
				"north": {"uv": [6, 6.25, 7.5, 5.25], "rotation": 270, "texture": "#0"},
				"east": {"uv": [6, 6.25, 7.5, 5.25], "rotation": 270, "texture": "#0"},
				"south": {"uv": [6, 6.25, 7.5, 5.25], "rotation": 270, "texture": "#0"},
				"west": {"uv": [6, 6.25, 7.5, 5.25], "rotation": 270, "texture": "#0"},
				"up": {"uv": [6, 6.1773, 7.166, 5.25], "rotation": 270, "texture": "#0"},
				"down": {"uv": [6, 6.25, 7.5, 5.25], "rotation": 270, "texture": "#0"}
			}
		},
		{
			"from": [6.51706, 10.13372, 5.82644],
			"to": [9.78733, 13.57859, 14.95771],
			"rotation": {"angle": 0, "axis": "y", "origin": [8.15219, 10.32248, 10.09714]},
			"faces": {
				"north": {"uv": [6, 6.25, 7.5, 5.25], "rotation": 270, "texture": "#0"},
				"east": {"uv": [6, 6.25, 7.5, 5.25], "rotation": 270, "texture": "#0"},
				"south": {"uv": [6, 6.25, 7.5, 5.25], "rotation": 270, "texture": "#0"},
				"west": {"uv": [6, 6.25, 7.5, 5.25], "rotation": 270, "texture": "#0"},
				"up": {"uv": [6, 6.0123, 8.1285, 5.25], "rotation": 270, "texture": "#0"},
				"down": {"uv": [6, 6.25, 7.5, 5.25], "rotation": 270, "texture": "#0"}
			}
		}
	],
	"display": {
		"head": {
			"translation": [-0.5, -22.25, 1.75],
			"scale": [4, 4, 4]
		}
	},
	"groups": [
		{
			"name": "root",
			"origin": [8, 8, 8],
			"color": 0,
			"children": [
				{
					"name": "leg_l",
					"origin": [8, 8, 8],
					"color": 0,
					"children": [
						{
							"name": "1",
							"origin": [8, 8, 8],
							"color": 0,
							"children": [0, 1]
						}
					]
				}
			]
		}
	]
}