{
	"credit": "Made with Blockbench",
	"texture_size": [32, 32],
	"textures": {
		"0": "diablos/head",
		"particle": "diablos/head"
	},
	"elements": [
		{
			"from": [5.97175, 3.6513, 10.44798],
			"to": [9.86493, 6.76584, 16.46471],
			"rotation": {"angle": -22.5, "axis": "x", "origin": [7.91835, 5.20857, 14.34116]},
			"faces": {
				"north": {"uv": [6, 5.25, 7.5, 6.25], "rotation": 90, "texture": "#0"},
				"east": {"uv": [6, 5.25, 7.5, 6.25], "rotation": 90, "texture": "#0"},
				"south": {"uv": [6, 5.25, 7.5, 6.25], "rotation": 90, "texture": "#0"},
				"west": {"uv": [6, 5.25, 7.5, 6.25], "rotation": 90, "texture": "#0"},
				"up": {"uv": [6, 5.25, 7.4025, 6.1575], "rotation": 90, "texture": "#0"},
				"down": {"uv": [6, 5.25, 7.5, 6.25], "rotation": 90, "texture": "#0"}
			}
		},
		{
			"from": [6.44365, 3.33443, 12.70975],
			"to": [9.39303, 14.07016, 15.82429],
			"rotation": {"angle": 22.5, "axis": "x", "origin": [7.91835, 9.88204, 14.26702]},
			"faces": {
				"north": {"uv": [6, 5.25, 7.5, 6.25], "rotation": 180, "texture": "#0"},
				"east": {"uv": [6, 5.25, 7.5, 6.25], "rotation": 180, "texture": "#0"},
				"south": {"uv": [6, 5.25, 7.5, 6.25], "rotation": 180, "texture": "#0"},
				"west": {"uv": [6, 5.25, 7.5, 6.25], "rotation": 180, "texture": "#0"},
				"up": {"uv": [6, 5.25, 6.6875, 5.976], "rotation": 180, "texture": "#0"},
				"down": {"uv": [6, 5.25, 7.5, 6.25], "rotation": 180, "texture": "#0"}
			}
		},
		{
			"from": [5.00436, 2.46707, 7.38864],
			"to": [10.83232, 5.34566, 11.28181],
			"rotation": {"angle": 0, "axis": "y", "origin": [-11.15822, 1.45249, -24.5354]},
			"faces": {
				"north": {"uv": [6, 5.25, 7.5, 6.25], "rotation": 90, "texture": "#0"},
				"east": {"uv": [6, 5.25, 7.5, 6.25], "rotation": 90, "texture": "#0"},
				"south": {"uv": [6, 5.25, 7.5, 6.25], "rotation": 90, "texture": "#0"},
				"west": {"uv": [6, 5.25, 7.5, 6.25], "rotation": 90, "texture": "#0"},
				"up": {"uv": [6, 5.25, 6.9075, 6.6085], "rotation": 90, "texture": "#0"},
				"down": {"uv": [6, 5.25, 7.5, 6.25], "rotation": 90, "texture": "#0"}
			}
		},
		{
			"from": [6.79593, 2.67747, 4.93998],
			"to": [9.04077, 5.27622, 8.83316],
			"rotation": {"angle": 0, "axis": "y", "origin": [7.91835, 3.35479, 4.76538]},
			"faces": {
				"north": {"uv": [6, 5.25, 7.5, 6.25], "rotation": 90, "texture": "#0"},
				"east": {"uv": [6, 5.25, 7.5, 6.25], "rotation": 90, "texture": "#0"},
				"south": {"uv": [6, 5.25, 7.5, 6.25], "rotation": 90, "texture": "#0"},
				"west": {"uv": [6, 5.25, 7.5, 6.25], "rotation": 90, "texture": "#0"},
				"up": {"uv": [6, 5.25, 6.9075, 5.77327], "rotation": 90, "texture": "#0"},
				"down": {"uv": [6, 5.25, 7.5, 6.25], "rotation": 90, "texture": "#0"}
			}
		},
		{
			"from": [6.9458, 2.59749, 3.07512],
			"to": [8.89089, 4.77851, 5.78855],
			"rotation": {"angle": -22.5, "axis": "x", "origin": [7.91835, 3.35479, 4.76538]},
			"faces": {
				"north": {"uv": [6, 5.25, 7.5, 6.25], "texture": "#0"},
				"east": {"uv": [6, 5.25, 7.5, 6.25], "texture": "#0"},
				"south": {"uv": [6, 5.25, 7.5, 6.25], "texture": "#0"},
				"west": {"uv": [6, 5.25, 7.5, 6.25], "texture": "#0"},
				"up": {"uv": [6, 5.25, 6.4534, 5.8825], "texture": "#0"},
				"down": {"uv": [6, 5.25, 7.5, 6.25], "texture": "#0"}
			}
		},
		{
			"from": [7.38467, 1.02477, 2.76699],
			"to": [8.45202, 2.91237, 4.04884],
			"rotation": {"angle": 22.5, "axis": "x", "origin": [7.91835, 3.35479, 4.76538]},
			"faces": {
				"north": {"uv": [2, 12, 3.5, 13], "texture": "#0"},
				"east": {"uv": [2, 12, 3.5, 13], "texture": "#0"},
				"south": {"uv": [2, 12, 3.5, 13], "texture": "#0"},
				"west": {"uv": [2, 12, 3.5, 13], "texture": "#0"},
				"up": {"uv": [2, 12, 3.5, 13], "texture": "#0"},
				"down": {"uv": [2, 12, 3.5, 13], "texture": "#0"}
			}
		},
		{
			"from": [4.93198, 1.02477, 2.76699],
			"to": [5.99932, 2.91237, 4.04884],
			"rotation": {"angle": 22.5, "axis": "x", "origin": [7.91835, 3.35479, 4.76538]},
			"faces": {
				"north": {"uv": [2, 12, 3.5, 13], "texture": "#0"},
				"east": {"uv": [2, 12, 3.5, 13], "texture": "#0"},
				"south": {"uv": [2, 12, 3.5, 13], "texture": "#0"},
				"west": {"uv": [2, 12, 3.5, 13], "texture": "#0"},
				"up": {"uv": [2, 12, 3.5, 13], "texture": "#0"},
				"down": {"uv": [2, 12, 3.5, 13], "texture": "#0"}
			}
		},
		{
			"from": [9.83737, 1.02477, 2.76699],
			"to": [10.90472, 2.91237, 4.04884],
			"rotation": {"angle": 22.5, "axis": "x", "origin": [7.91835, 3.35479, 4.76538]},
			"faces": {
				"north": {"uv": [2, 12, 3.5, 13], "texture": "#0"},
				"east": {"uv": [2, 12, 3.5, 13], "texture": "#0"},
				"south": {"uv": [2, 12, 3.5, 13], "texture": "#0"},
				"west": {"uv": [2, 12, 3.5, 13], "texture": "#0"},
				"up": {"uv": [2, 12, 3.5, 13], "texture": "#0"},
				"down": {"uv": [2, 12, 3.5, 13], "texture": "#0"}
			}
		},
		{
			"from": [4.35338, 2.67747, 4.93998],
			"to": [6.5982, 5.27622, 8.83316],
			"rotation": {"angle": 0, "axis": "y", "origin": [7.91835, 3.35479, 4.76538]},
			"faces": {
				"north": {"uv": [6, 5.25, 7.5, 6.25], "rotation": 90, "texture": "#0"},
				"east": {"uv": [6, 5.25, 7.5, 6.25], "rotation": 90, "texture": "#0"},
				"south": {"uv": [6, 5.25, 7.5, 6.25], "rotation": 90, "texture": "#0"},
				"west": {"uv": [6, 5.25, 7.5, 6.25], "rotation": 90, "texture": "#0"},
				"up": {"uv": [6, 5.25, 6.9075, 5.77327], "rotation": 90, "texture": "#0"},
				"down": {"uv": [6, 5.25, 7.5, 6.25], "rotation": 90, "texture": "#0"}
			}
		},
		{
			"from": [4.50325, 2.59749, 3.07512],
			"to": [6.44833, 4.77851, 5.78855],
			"rotation": {"angle": -22.5, "axis": "x", "origin": [7.91835, 3.35479, 4.76538]},
			"faces": {
				"north": {"uv": [6, 5.25, 7.5, 6.25], "texture": "#0"},
				"east": {"uv": [6, 5.25, 7.5, 6.25], "texture": "#0"},
				"south": {"uv": [6, 5.25, 7.5, 6.25], "texture": "#0"},
				"west": {"uv": [6, 5.25, 7.5, 6.25], "texture": "#0"},
				"up": {"uv": [6, 5.25, 6.4534, 5.8825], "texture": "#0"},
				"down": {"uv": [6, 5.25, 7.5, 6.25], "texture": "#0"}
			}
		},
		{
			"from": [9.23849, 2.67747, 4.93998],
			"to": [11.48332, 5.27622, 8.83316],
			"rotation": {"angle": 0, "axis": "y", "origin": [7.91835, 3.35479, 4.76538]},
			"faces": {
				"north": {"uv": [6, 5.25, 7.5, 6.25], "rotation": 90, "texture": "#0"},
				"east": {"uv": [6, 5.25, 7.5, 6.25], "rotation": 90, "texture": "#0"},
				"south": {"uv": [6, 5.25, 7.5, 6.25], "rotation": 90, "texture": "#0"},
				"west": {"uv": [6, 5.25, 7.5, 6.25], "rotation": 90, "texture": "#0"},
				"up": {"uv": [6, 5.25, 6.9075, 5.77327], "rotation": 90, "texture": "#0"},
				"down": {"uv": [6, 5.25, 7.5, 6.25], "rotation": 90, "texture": "#0"}
			}
		},
		{
			"from": [9.38837, 2.59749, 3.07512],
			"to": [11.33344, 4.77851, 5.78855],
			"rotation": {"angle": -22.5, "axis": "x", "origin": [7.91835, 3.35479, 4.76538]},
			"faces": {
				"north": {"uv": [6, 5.25, 7.5, 6.25], "texture": "#0"},
				"east": {"uv": [6, 5.25, 7.5, 6.25], "texture": "#0"},
				"south": {"uv": [6, 5.25, 7.5, 6.25], "texture": "#0"},
				"west": {"uv": [6, 5.25, 7.5, 6.25], "texture": "#0"},
				"up": {"uv": [6, 5.25, 6.4534, 5.8825], "texture": "#0"},
				"down": {"uv": [6, 5.25, 7.5, 6.25], "texture": "#0"}
			}
		},
		{
			"from": [7.79448, 2.57307, 15.20172],
			"to": [9.89679, 5.26525, 18.50502],
			"rotation": {"angle": 45, "axis": "x", "origin": [8.84563, 4.80397, 16.85337]},
			"faces": {
				"north": {"uv": [6, 5.25, 7.5, 6.25], "rotation": 90, "texture": "#0"},
				"east": {"uv": [6, 5.25, 7.5, 6.25], "rotation": 90, "texture": "#0"},
				"south": {"uv": [6, 5.25, 7.5, 6.25], "rotation": 90, "texture": "#0"},
				"west": {"uv": [6, 5.25, 7.5, 6.25], "rotation": 90, "texture": "#0"},
				"up": {"uv": [6, 5.25, 6.77, 5.74005], "rotation": 90, "texture": "#0"},
				"down": {"uv": [6, 5.25, 7.5, 6.25], "rotation": 90, "texture": "#0"}
			}
		},
		{
			"from": [8.07263, 2.18988, 16.47401],
			"to": [9.61863, 4.40996, 17.8055],
			"rotation": {"angle": -22.5, "axis": "x", "origin": [8.84563, 4.12432, 17.71436]},
			"faces": {
				"north": {"uv": [2, 12, 3.5, 13], "rotation": 180, "texture": "#0"},
				"east": {"uv": [2, 12, 3.5, 13], "rotation": 180, "texture": "#0"},
				"south": {"uv": [2, 12, 3.5, 13], "rotation": 180, "texture": "#0"},
				"west": {"uv": [2, 12, 3.5, 13], "rotation": 180, "texture": "#0"},
				"up": {"uv": [2, 12, 3.5, 13], "rotation": 180, "texture": "#0"},
				"down": {"uv": [2, 12, 3.5, 13], "rotation": 180, "texture": "#0"}
			}
		}
	],
	"display": {
		"head": {
			"translation": [0.25, -23, -28.25],
			"scale": [4, 4, 4]
		}
	},
	"groups": [
		{
			"name": "root",
			"origin": [8, 8, 8],
			"color": 0,
			"children": [
				{
					"name": "leg_l",
					"origin": [8, 8, 8],
					"color": 0,
					"children": [
						{
							"name": "2",
							"origin": [8, 8, 8],
							"color": 0,
							"children": [0, 1, 2, 3, 4, 5, 6, 7, 8, 9, 10, 11, 12, 13]
						}
					]
				}
			]
		}
	]
}