{
	"credit": "Made with Blockbench",
	"texture_size": [32, 32],
	"textures": {
		"0": "diablos/head",
		"particle": "diablos/head"
	},
	"elements": [
		{
			"from": [6.13507, 3.6513, 10.44798],
			"to": [10.02825, 6.76584, 16.46471],
			"rotation": {"angle": -22.5, "axis": "x", "origin": [8.08165, 5.20857, 14.34116]},
			"faces": {
				"north": {"uv": [6, 6.25, 7.5, 5.25], "rotation": 90, "texture": "#0"},
				"east": {"uv": [6, 6.25, 7.5, 5.25], "rotation": 90, "texture": "#0"},
				"south": {"uv": [6, 6.25, 7.5, 5.25], "rotation": 90, "texture": "#0"},
				"west": {"uv": [6, 6.25, 7.5, 5.25], "rotation": 90, "texture": "#0"},
				"up": {"uv": [6, 6.1575, 7.4025, 5.25], "rotation": 90, "texture": "#0"},
				"down": {"uv": [6, 6.25, 7.5, 5.25], "rotation": 90, "texture": "#0"}
			}
		},
		{
			"from": [6.60697, 3.33443, 12.70975],
			"to": [9.55635, 14.07016, 15.82429],
			"rotation": {"angle": 22.5, "axis": "x", "origin": [8.08165, 9.88204, 14.26702]},
			"faces": {
				"north": {"uv": [7.5, 5.25, 6, 6.25], "rotation": 180, "texture": "#0"},
				"east": {"uv": [7.5, 5.25, 6, 6.25], "rotation": 180, "texture": "#0"},
				"south": {"uv": [7.5, 5.25, 6, 6.25], "rotation": 180, "texture": "#0"},
				"west": {"uv": [7.5, 5.25, 6, 6.25], "rotation": 180, "texture": "#0"},
				"up": {"uv": [6.6875, 5.25, 6, 5.976], "rotation": 180, "texture": "#0"},
				"down": {"uv": [7.5, 5.25, 6, 6.25], "rotation": 180, "texture": "#0"}
			}
		},
		{
			"from": [5.16768, 2.46707, 7.38864],
			"to": [10.99564, 5.34566, 11.28181],
			"rotation": {"angle": 0, "axis": "y", "origin": [27.15822, 1.45249, -24.5354]},
			"faces": {
				"north": {"uv": [6, 6.25, 7.5, 5.25], "rotation": 90, "texture": "#0"},
				"east": {"uv": [6, 6.25, 7.5, 5.25], "rotation": 90, "texture": "#0"},
				"south": {"uv": [6, 6.25, 7.5, 5.25], "rotation": 90, "texture": "#0"},
				"west": {"uv": [6, 6.25, 7.5, 5.25], "rotation": 90, "texture": "#0"},
				"up": {"uv": [6, 6.6085, 6.9075, 5.25], "rotation": 90, "texture": "#0"},
				"down": {"uv": [6, 6.25, 7.5, 5.25], "rotation": 90, "texture": "#0"}
			}
		},
		{
			"from": [6.95923, 2.67747, 4.93998],
			"to": [9.20407, 5.27622, 8.83316],
			"rotation": {"angle": 0, "axis": "y", "origin": [8.08165, 3.35479, 4.76538]},
			"faces": {
				"north": {"uv": [6, 6.25, 7.5, 5.25], "rotation": 90, "texture": "#0"},
				"east": {"uv": [6, 6.25, 7.5, 5.25], "rotation": 90, "texture": "#0"},
				"south": {"uv": [6, 6.25, 7.5, 5.25], "rotation": 90, "texture": "#0"},
				"west": {"uv": [6, 6.25, 7.5, 5.25], "rotation": 90, "texture": "#0"},
				"up": {"uv": [6, 5.77327, 6.9075, 5.25], "rotation": 90, "texture": "#0"},
				"down": {"uv": [6, 6.25, 7.5, 5.25], "rotation": 90, "texture": "#0"}
			}
		},
		{
			"from": [7.10911, 2.59749, 3.07512],
			"to": [9.0542, 4.77851, 5.78855],
			"rotation": {"angle": -22.5, "axis": "x", "origin": [8.08165, 3.35479, 4.76538]},
			"faces": {
				"north": {"uv": [7.5, 5.25, 6, 6.25], "texture": "#0"},
				"east": {"uv": [7.5, 5.25, 6, 6.25], "texture": "#0"},
				"south": {"uv": [7.5, 5.25, 6, 6.25], "texture": "#0"},
				"west": {"uv": [7.5, 5.25, 6, 6.25], "texture": "#0"},
				"up": {"uv": [6.4534, 5.25, 6, 5.8825], "texture": "#0"},
				"down": {"uv": [7.5, 5.25, 6, 6.25], "texture": "#0"}
			}
		},
		{
			"from": [7.54798, 1.02477, 2.76699],
			"to": [8.61533, 2.91237, 4.04884],
			"rotation": {"angle": 22.5, "axis": "x", "origin": [8.08165, 3.35479, 4.76538]},
			"faces": {
				"north": {"uv": [3.5, 12, 2, 13], "texture": "#0"},
				"east": {"uv": [3.5, 12, 2, 13], "texture": "#0"},
				"south": {"uv": [3.5, 12, 2, 13], "texture": "#0"},
				"west": {"uv": [3.5, 12, 2, 13], "texture": "#0"},
				"up": {"uv": [3.5, 12, 2, 13], "texture": "#0"},
				"down": {"uv": [3.5, 12, 2, 13], "texture": "#0"}
			}
		},
		{
			"from": [10.00068, 1.02477, 2.76699],
			"to": [11.06802, 2.91237, 4.04884],
			"rotation": {"angle": 22.5, "axis": "x", "origin": [8.08165, 3.35479, 4.76538]},
			"faces": {
				"north": {"uv": [3.5, 12, 2, 13], "texture": "#0"},
				"east": {"uv": [3.5, 12, 2, 13], "texture": "#0"},
				"south": {"uv": [3.5, 12, 2, 13], "texture": "#0"},
				"west": {"uv": [3.5, 12, 2, 13], "texture": "#0"},
				"up": {"uv": [3.5, 12, 2, 13], "texture": "#0"},
				"down": {"uv": [3.5, 12, 2, 13], "texture": "#0"}
			}
		},
		{
			"from": [5.09528, 1.02477, 2.76699],
			"to": [6.16263, 2.91237, 4.04884],
			"rotation": {"angle": 22.5, "axis": "x", "origin": [8.08165, 3.35479, 4.76538]},
			"faces": {
				"north": {"uv": [3.5, 12, 2, 13], "texture": "#0"},
				"east": {"uv": [3.5, 12, 2, 13], "texture": "#0"},
				"south": {"uv": [3.5, 12, 2, 13], "texture": "#0"},
				"west": {"uv": [3.5, 12, 2, 13], "texture": "#0"},
				"up": {"uv": [3.5, 12, 2, 13], "texture": "#0"},
				"down": {"uv": [3.5, 12, 2, 13], "texture": "#0"}
			}
		},
		{
			"from": [9.4018, 2.67747, 4.93998],
			"to": [11.64662, 5.27622, 8.83316],
			"rotation": {"angle": 0, "axis": "y", "origin": [8.08165, 3.35479, 4.76538]},
			"faces": {
				"north": {"uv": [6, 6.25, 7.5, 5.25], "rotation": 90, "texture": "#0"},
				"east": {"uv": [6, 6.25, 7.5, 5.25], "rotation": 90, "texture": "#0"},
				"south": {"uv": [6, 6.25, 7.5, 5.25], "rotation": 90, "texture": "#0"},
				"west": {"uv": [6, 6.25, 7.5, 5.25], "rotation": 90, "texture": "#0"},
				"up": {"uv": [6, 5.77327, 6.9075, 5.25], "rotation": 90, "texture": "#0"},
				"down": {"uv": [6, 6.25, 7.5, 5.25], "rotation": 90, "texture": "#0"}
			}
		},
		{
			"from": [9.55167, 2.59749, 3.07512],
			"to": [11.49675, 4.77851, 5.78855],
			"rotation": {"angle": -22.5, "axis": "x", "origin": [8.08165, 3.35479, 4.76538]},
			"faces": {
				"north": {"uv": [7.5, 5.25, 6, 6.25], "texture": "#0"},
				"east": {"uv": [7.5, 5.25, 6, 6.25], "texture": "#0"},
				"south": {"uv": [7.5, 5.25, 6, 6.25], "texture": "#0"},
				"west": {"uv": [7.5, 5.25, 6, 6.25], "texture": "#0"},
				"up": {"uv": [6.4534, 5.25, 6, 5.8825], "texture": "#0"},
				"down": {"uv": [7.5, 5.25, 6, 6.25], "texture": "#0"}
			}
		},
		{
			"from": [4.51668, 2.67747, 4.93998],
			"to": [6.76151, 5.27622, 8.83316],
			"rotation": {"angle": 0, "axis": "y", "origin": [8.08165, 3.35479, 4.76538]},
			"faces": {
				"north": {"uv": [6, 6.25, 7.5, 5.25], "rotation": 90, "texture": "#0"},
				"east": {"uv": [6, 6.25, 7.5, 5.25], "rotation": 90, "texture": "#0"},
				"south": {"uv": [6, 6.25, 7.5, 5.25], "rotation": 90, "texture": "#0"},
				"west": {"uv": [6, 6.25, 7.5, 5.25], "rotation": 90, "texture": "#0"},
				"up": {"uv": [6, 5.77327, 6.9075, 5.25], "rotation": 90, "texture": "#0"},
				"down": {"uv": [6, 6.25, 7.5, 5.25], "rotation": 90, "texture": "#0"}
			}
		},
		{
			"from": [4.66656, 2.59749, 3.07512],
			"to": [6.61163, 4.77851, 5.78855],
			"rotation": {"angle": -22.5, "axis": "x", "origin": [8.08165, 3.35479, 4.76538]},
			"faces": {
				"north": {"uv": [7.5, 5.25, 6, 6.25], "texture": "#0"},
				"east": {"uv": [7.5, 5.25, 6, 6.25], "texture": "#0"},
				"south": {"uv": [7.5, 5.25, 6, 6.25], "texture": "#0"},
				"west": {"uv": [7.5, 5.25, 6, 6.25], "texture": "#0"},
				"up": {"uv": [6.4534, 5.25, 6, 5.8825], "texture": "#0"},
				"down": {"uv": [7.5, 5.25, 6, 6.25], "texture": "#0"}
			}
		},
		{
			"from": [6.10321, 2.57307, 15.20172],
			"to": [8.20552, 5.26525, 18.50502],
			"rotation": {"angle": 45, "axis": "x", "origin": [7.15437, 4.80397, 16.85337]},
			"faces": {
				"north": {"uv": [6, 6.25, 7.5, 5.25], "rotation": 90, "texture": "#0"},
				"east": {"uv": [6, 6.25, 7.5, 5.25], "rotation": 90, "texture": "#0"},
				"south": {"uv": [6, 6.25, 7.5, 5.25], "rotation": 90, "texture": "#0"},
				"west": {"uv": [6, 6.25, 7.5, 5.25], "rotation": 90, "texture": "#0"},
				"up": {"uv": [6, 5.74005, 6.77, 5.25], "rotation": 90, "texture": "#0"},
				"down": {"uv": [6, 6.25, 7.5, 5.25], "rotation": 90, "texture": "#0"}
			}
		},
		{
			"from": [6.38137, 2.18988, 16.47401],
			"to": [7.92737, 4.40996, 17.8055],
			"rotation": {"angle": -22.5, "axis": "x", "origin": [7.15437, 4.12432, 17.71436]},
			"faces": {
				"north": {"uv": [3.5, 12, 2, 13], "rotation": 180, "texture": "#0"},
				"east": {"uv": [3.5, 12, 2, 13], "rotation": 180, "texture": "#0"},
				"south": {"uv": [3.5, 12, 2, 13], "rotation": 180, "texture": "#0"},
				"west": {"uv": [3.5, 12, 2, 13], "rotation": 180, "texture": "#0"},
				"up": {"uv": [3.5, 12, 2, 13], "rotation": 180, "texture": "#0"},
				"down": {"uv": [3.5, 12, 2, 13], "rotation": 180, "texture": "#0"}
			}
		}
	],
	"display": {
		"head": {
			"translation": [-0.25, -23, -28.25],
			"scale": [4, 4, 4]
		}
	},
	"groups": [
		{
			"name": "root",
			"origin": [8, 8, 8],
			"color": 0,
			"children": [
				{
					"name": "leg_l",
					"origin": [8, 8, 8],
					"color": 0,
					"children": [
						{
							"name": "2",
							"origin": [8, 8, 8],
							"color": 0,
							"children": [0, 1, 2, 3, 4, 5, 6, 7, 8, 9, 10, 11, 12, 13]
						}
					]
				}
			]
		}
	]
}