{
	"credit": "Made with Blockbench",
	"texture_size": [32, 32],
	"textures": {
		"0": "diablos/head",
		"particle": "diablos/head"
	},
	"elements": [
		{
			"from": [5.43405, 25.00348, 5.97887],
			"to": [10.10586, 26.41918, 9.87204],
			"rotation": {"angle": 22.5, "axis": "x", "origin": [8.12034, 17.81811, 5.37038]},
			"faces": {
				"north": {"uv": [7.5, 5.25, 6, 6.25], "texture": "#0"},
				"east": {"uv": [7.5, 5.25, 6, 6.25], "texture": "#0"},
				"south": {"uv": [7.5, 5.25, 6, 6.25], "texture": "#0"},
				"west": {"uv": [7.5, 5.25, 6, 6.25], "texture": "#0"},
				"up": {"uv": [7.089, 5.25, 6, 6.1575], "texture": "#0"},
				"down": {"uv": [7.5, 5.25, 6, 6.25], "texture": "#0"}
			}
		},
		{
			"from": [5.43405, 14.73965, 5.38899],
			"to": [10.8845, 25.00348, 10.83944],
			"rotation": {"angle": 22.5, "axis": "x", "origin": [8.12034, 17.81811, 5.37038]},
			"faces": {
				"north": {"uv": [7.5, 5.25, 6, 6.25], "texture": "#0"},
				"east": {"uv": [7.5, 5.25, 6, 6.25], "texture": "#0"},
				"south": {"uv": [7.5, 5.25, 6, 6.25], "texture": "#0"},
				"west": {"uv": [7.5, 5.25, 6, 6.25], "texture": "#0"},
				"up": {"uv": [7.2705, 5.25, 6, 6.5205], "texture": "#0"},
				"down": {"uv": [7.5, 5.25, 6, 6.25], "texture": "#0"}
			}
		},
		{
			"from": [5.85876, 10.61053, 5.97887],
			"to": [10.45979, 15.32953, 9.87204],
			"rotation": {"angle": 22.5, "axis": "x", "origin": [8.12034, 17.81811, 5.37038]},
			"faces": {
				"north": {"uv": [7.5, 5.25, 6, 6.25], "texture": "#0"},
				"east": {"uv": [7.5, 5.25, 6, 6.25], "texture": "#0"},
				"south": {"uv": [7.5, 5.25, 6, 6.25], "texture": "#0"},
				"west": {"uv": [7.5, 5.25, 6, 6.25], "texture": "#0"},
				"up": {"uv": [7.0725, 5.25, 6, 6.1575], "texture": "#0"},
				"down": {"uv": [7.5, 5.25, 6, 6.25], "texture": "#0"}
			}
		},
		{
			"from": [6.21269, 15.32953, 3.83172],
			"to": [10.10586, 23.23385, 5.97887],
			"rotation": {"angle": 22.5, "axis": "x", "origin": [8.12034, 17.81811, 5.37038]},
			"faces": {
				"north": {"uv": [7.5, 5.25, 6, 6.25], "texture": "#0"},
				"east": {"uv": [7.5, 5.25, 6, 6.25], "texture": "#0"},
				"south": {"uv": [7.5, 5.25, 6, 6.25], "texture": "#0"},
				"west": {"uv": [7.5, 5.25, 6, 6.25], "texture": "#0"},
				"up": {"uv": [6.9075, 5.25, 6, 5.7505], "texture": "#0"},
				"down": {"uv": [7.5, 5.25, 6, 6.25], "texture": "#0"}
			}
		},
		{
			"from": [6.40145, 11.27877, 2.67737],
			"to": [9.9171, 15.52587, 4.82452],
			"rotation": {"angle": 22.5, "axis": "x", "origin": [8.15927, 12.0751, 4.14911]},
			"faces": {
				"north": {"uv": [7.5, 5.25, 6, 6.25], "texture": "#0"},
				"east": {"uv": [7.5, 5.25, 6, 6.25], "texture": "#0"},
				"south": {"uv": [7.5, 5.25, 6, 6.25], "texture": "#0"},
				"west": {"uv": [7.5, 5.25, 6, 6.25], "texture": "#0"},
				"up": {"uv": [6.8195, 5.25, 6, 5.7505], "texture": "#0"},
				"down": {"uv": [7.5, 5.25, 6, 6.25], "texture": "#0"}
			}
		}
	],
	"display": {
		"head": {
			"translation": [-0.5, -44.75, 0.25],
			"scale": [4, 4, 4]
		}
	},
	"groups": [
		{
			"name": "root",
			"origin": [8, 8, 8],
			"color": 0,
			"children": [
				{
					"name": "leg_l",
					"origin": [8, 8, 8],
					"color": 0,
					"children": [
						{
							"name": "0",
							"origin": [8, 8, 8],
							"color": 0,
							"children": [
								0,
								1,
								2,
								3,
								{
									"name": "group",
									"origin": [5.525, 4.52639, 3.16746],
									"color": 0,
									"children": []
								},
								{
									"name": "group",
									"origin": [5.525, 4.52639, 3.16746],
									"color": 0,
									"children": []
								},
								{
									"name": "group",
									"origin": [5.525, 4.52639, 3.16746],
									"color": 0,
									"children": [4]
								}
							]
						}
					]
				}
			]
		}
	]
}