{
	"credit": "Made with Blockbench",
	"texture_size": [32, 32],
	"textures": {
		"0": "diablos/head",
		"particle": "diablos/head"
	},
	"elements": [
		{
			"from": [5.32668, 8.68794, 10.37433],
			"to": [10.67332, 10.7643, 15.75399],
			"rotation": {"angle": 0, "axis": "y", "origin": [12.67181, 8.81771, 4.75014]},
			"faces": {
				"north": {"uv": [5.75, 5, 6.75, 5.75], "texture": "#0"},
				"east": {"uv": [5.75, 5, 6.75, 5.75], "texture": "#0"},
				"south": {"uv": [5.75, 5, 6.75, 5.75], "texture": "#0"},
				"west": {"uv": [5.75, 5, 6.75, 5.75], "texture": "#0"},
				"up": {"uv": [5.75, 5, 6.75, 5.75], "texture": "#0"},
				"down": {"uv": [5.75, 5, 6.75, 5.75], "texture": "#0"}
			}
		},
		{
			"from": [4.01181, 3.49704, 10.37433],
			"to": [11.9882, 8.68794, 15.75399],
			"rotation": {"angle": 0, "axis": "y", "origin": [12.67181, 8.16885, 4.75014]},
			"faces": {
				"north": {"uv": [5.75, 5, 6.75, 5.75], "texture": "#0"},
				"east": {"uv": [5.75, 5, 6.75, 5.75], "texture": "#0"},
				"south": {"uv": [5.75, 5, 6.75, 5.75], "texture": "#0"},
				"west": {"uv": [5.75, 5, 6.75, 5.75], "texture": "#0"},
				"up": {"uv": [5.75, 5, 6.75, 5.75], "texture": "#0"},
				"down": {"uv": [5.75, 5, 6.75, 5.75], "texture": "#0"}
			}
		},
		{
			"from": [4.79043, 1.93977, 10.37433],
			"to": [11.20957, 3.49704, 15.75399],
			"rotation": {"angle": 0, "axis": "y", "origin": [12.67181, 8.16885, 4.75014]},
			"faces": {
				"north": {"uv": [2.5, 14, 4, 16], "rotation": 180, "texture": "#0"},
				"east": {"uv": [2.5, 14, 4, 16], "rotation": 90, "texture": "#0"},
				"south": {"uv": [2.5, 14, 4, 16], "rotation": 180, "texture": "#0"},
				"west": {"uv": [2.5, 14, 4, 16], "rotation": 270, "texture": "#0"},
				"up": {"uv": [2.5, 14, 4, 16], "rotation": 180, "texture": "#0"},
				"down": {"uv": [2.5, 14, 4, 16], "rotation": 180, "texture": "#0"}
			}
		},
		{
			"from": [10.02445, 9.07725, 9.83808],
			"to": [11.32218, 11.15361, 15.21774],
			"rotation": {"angle": -22.5, "axis": "x", "origin": [8, 9.72612, 13.06416]},
			"faces": {
				"north": {"uv": [6.75, 5, 5.75, 5.75], "texture": "#0"},
				"east": {"uv": [6.75, 5, 5.75, 5.75], "texture": "#0"},
				"south": {"uv": [6.75, 5, 5.75, 5.75], "texture": "#0"},
				"west": {"uv": [6.75, 5, 5.75, 5.75], "texture": "#0"},
				"up": {"uv": [6.75, 5, 5.75, 5.75], "texture": "#0"},
				"down": {"uv": [6.75, 5, 5.75, 5.75], "texture": "#0"}
			}
		},
		{
			"from": [5.97555, 9.72612, 10.91058],
			"to": [10.02445, 11.80248, 16.29024],
			"rotation": {"angle": -22.5, "axis": "x", "origin": [8, 9.72612, 13.06416]},
			"faces": {
				"north": {"uv": [5.75, 5, 6.75, 5.75], "texture": "#0"},
				"east": {"uv": [5.75, 5, 6.75, 5.75], "texture": "#0"},
				"south": {"uv": [5.75, 5, 6.75, 5.75], "texture": "#0"},
				"west": {"uv": [5.75, 5, 6.75, 5.75], "texture": "#0"},
				"up": {"uv": [5.75, 5, 6.75, 5.75], "texture": "#0"},
				"down": {"uv": [5.75, 5, 6.75, 5.75], "texture": "#0"}
			}
		},
		{
			"from": [4.67782, 9.07725, 9.83808],
			"to": [5.97555, 11.15361, 15.21774],
			"rotation": {"angle": -22.5, "axis": "x", "origin": [8, 9.72612, 13.06416]},
			"faces": {
				"north": {"uv": [5.75, 5, 6.75, 5.75], "texture": "#0"},
				"east": {"uv": [5.75, 5, 6.75, 5.75], "texture": "#0"},
				"south": {"uv": [5.75, 5, 6.75, 5.75], "texture": "#0"},
				"west": {"uv": [5.75, 5, 6.75, 5.75], "texture": "#0"},
				"up": {"uv": [5.75, 5, 6.75, 5.75], "texture": "#0"},
				"down": {"uv": [5.75, 5, 6.75, 5.75], "texture": "#0"}
			}
		}
	],
	"display": {
		"head": {
			"translation": [0, 0, -24.75],
			"scale": [4, 4, 4]
		}
	},
	"groups": [
		{
			"name": "root",
			"origin": [8, 8, 8],
			"color": 0,
			"children": [
				{
					"name": "neck",
					"origin": [8, 8, 8],
					"color": 0,
					"children": [
						{
							"name": "2",
							"origin": [9.5, 10.5, -1.5],
							"color": 0,
							"children": [0, 1, 2, 3, 4, 5]
						}
					]
				}
			]
		}
	]
}