{
	"credit": "Made with Blockbench",
	"textures": {
		"2": "diablos/head",
		"particle": "diablos/head"
	},
	"elements": [
		{
			"from": [7.5, -4.75, 7.4],
			"to": [8.5, 4.25, 8.6],
			"rotation": {"angle": 0, "axis": "y", "origin": [0, -0.75, 0]},
			"faces": {
				"north": {"uv": [4.25, 9.5, 4.75, 10], "texture": "#2"},
				"east": {"uv": [4.25, 9.5, 4.75, 10], "texture": "#2"},
				"south": {"uv": [4.25, 9.5, 4.75, 10], "texture": "#2"},
				"west": {"uv": [4.25, 9.5, 4.75, 10], "texture": "#2"},
				"up": {"uv": [4.25, 9.5, 4.75, 10], "texture": "#2"},
				"down": {"uv": [4.25, 9.5, 4.75, 10], "texture": "#2"}
			}
		},
		{
			"from": [7, -0.475, 5.575],
			"to": [9, 3.975, 7.375],
			"rotation": {"angle": 45, "axis": "x", "origin": [8, 4.25, 8.125]},
			"faces": {
				"north": {"uv": [6, 5, 7.25, 6], "rotation": 180, "texture": "#2"},
				"east": {"uv": [6, 5, 7.25, 6], "rotation": 270, "texture": "#2"},
				"south": {"uv": [6, 5, 7.25, 6], "texture": "#2"},
				"west": {"uv": [6, 5, 7.25, 6], "rotation": 90, "texture": "#2"},
				"up": {"uv": [6, 5, 7.25, 6], "rotation": 180, "texture": "#2"},
				"down": {"uv": [6, 5, 7.25, 6], "texture": "#2"}
			}
		},
		{
			"from": [7.25, -0.71824, 2.97186],
			"to": [8.75, 2.78176, 4.67186],
			"rotation": {"angle": 0, "axis": "y", "origin": [8, -2.13326, 5.02691]},
			"faces": {
				"north": {"uv": [6, 5, 7.25, 6], "rotation": 180, "texture": "#2"},
				"east": {"uv": [6, 5, 7.25, 6], "rotation": 270, "texture": "#2"},
				"south": {"uv": [6, 5, 7.25, 6], "texture": "#2"},
				"west": {"uv": [6, 5, 7.25, 6], "rotation": 90, "texture": "#2"},
				"up": {"uv": [6, 5, 7.25, 6], "rotation": 180, "texture": "#2"},
				"down": {"uv": [6, 5, 7.25, 6], "texture": "#2"}
			}
		},
		{
			"from": [7.5, -2.40497, 3.74665],
			"to": [8.5, 0.14503, 5.34665],
			"rotation": {"angle": -22.5, "axis": "x", "origin": [8, -2.13326, 5.02691]},
			"faces": {
				"north": {"uv": [6, 5, 7.25, 6], "rotation": 180, "texture": "#2"},
				"east": {"uv": [6, 5, 7.25, 6], "rotation": 270, "texture": "#2"},
				"south": {"uv": [6, 5, 7.25, 6], "texture": "#2"},
				"west": {"uv": [6, 5, 7.25, 6], "rotation": 90, "texture": "#2"},
				"up": {"uv": [6, 5, 7.25, 6], "rotation": 180, "texture": "#2"},
				"down": {"uv": [6, 5, 7.25, 6], "texture": "#2"}
			}
		},
		{
			"from": [7.4, -4.27081, 3.63269],
			"to": [8.6, -1.82081, 5.33269],
			"rotation": {"angle": -45, "axis": "x", "origin": [8, -2.13326, 5.02691]},
			"faces": {
				"north": {"uv": [6, 5, 7.25, 6], "rotation": 180, "texture": "#2"},
				"east": {"uv": [6, 5, 7.25, 6], "rotation": 270, "texture": "#2"},
				"south": {"uv": [6, 5, 7.25, 6], "texture": "#2"},
				"west": {"uv": [6, 5, 7.25, 6], "rotation": 90, "texture": "#2"},
				"up": {"uv": [6, 5, 7.25, 6], "rotation": 180, "texture": "#2"},
				"down": {"uv": [6, 5, 7.25, 6], "texture": "#2"}
			}
		},
		{
			"from": [7.5, -4.20597, 6.48059],
			"to": [8.5, -2.60597, 8.68059],
			"rotation": {"angle": 22.5, "axis": "x", "origin": [8, -2.13326, 5.02691]},
			"faces": {
				"north": {"uv": [6, 5, 7.25, 6], "texture": "#2"},
				"east": {"uv": [6, 5, 7.25, 6], "texture": "#2"},
				"south": {"uv": [6, 5, 7.25, 6], "texture": "#2"},
				"west": {"uv": [6, 5, 7.25, 6], "texture": "#2"},
				"up": {"uv": [6, 5, 7.25, 6], "texture": "#2"},
				"down": {"uv": [6, 5, 7.25, 6], "texture": "#2"}
			}
		},
		{
			"from": [7.15, -4.6722, 6.858],
			"to": [8.85, -2.6722, 8.858],
			"rotation": {"angle": 0, "axis": "y", "origin": [8, -2.6722, 5.858]},
			"faces": {
				"north": {"uv": [6, 5, 7.25, 6], "texture": "#2"},
				"east": {"uv": [6, 5, 7.25, 6], "texture": "#2"},
				"south": {"uv": [6, 5, 7.25, 6], "texture": "#2"},
				"west": {"uv": [6, 5, 7.25, 6], "texture": "#2"},
				"up": {"uv": [6, 5, 7.25, 6], "texture": "#2"},
				"down": {"uv": [6, 5, 7.25, 6], "texture": "#2"}
			}
		},
		{
			"from": [7.4, -5.6722, 7.108],
			"to": [8.6, -4.6722, 8.608],
			"rotation": {"angle": 0, "axis": "y", "origin": [8, -2.6722, 5.858]},
			"faces": {
				"north": {"uv": [6, 5, 7.25, 6], "texture": "#2"},
				"east": {"uv": [6, 5, 7.25, 6], "texture": "#2"},
				"south": {"uv": [6, 5, 7.25, 6], "texture": "#2"},
				"west": {"uv": [6, 5, 7.25, 6], "texture": "#2"},
				"up": {"uv": [6, 5, 7.25, 6], "texture": "#2"},
				"down": {"uv": [6, 5, 7.25, 6], "texture": "#2"}
			}
		},
		{
			"from": [6.9, 5.25, 5.9],
			"to": [9.1, 8.75, 10.6],
			"rotation": {"angle": 0, "axis": "y", "origin": [0, -0.75, 0]},
			"faces": {
				"north": {"uv": [6, 5, 7.25, 6], "texture": "#2"},
				"east": {"uv": [6, 5, 7.25, 6], "texture": "#2"},
				"south": {"uv": [6, 5, 7.25, 6], "texture": "#2"},
				"west": {"uv": [6, 5, 7.25, 6], "texture": "#2"},
				"up": {"uv": [6, 5, 7.25, 6], "texture": "#2"},
				"down": {"uv": [6, 5, 7.25, 6], "texture": "#2"}
			}
		},
		{
			"from": [6.9, 3.25, 5.9],
			"to": [9.1, 5.25, 10.35],
			"rotation": {"angle": 0, "axis": "y", "origin": [0, -0.75, 0]},
			"faces": {
				"north": {"uv": [6, 5, 7.25, 6], "texture": "#2"},
				"east": {"uv": [6, 5, 7.25, 6], "texture": "#2"},
				"south": {"uv": [6, 5, 7.25, 6], "texture": "#2"},
				"west": {"uv": [6, 5, 7.25, 6], "texture": "#2"},
				"up": {"uv": [6, 5, 7.25, 6], "texture": "#2"},
				"down": {"uv": [6, 5, 7.25, 6], "texture": "#2"}
			}
		},
		{
			"from": [7.15, 11.25, 7.4],
			"to": [8.85, 20.25, 9.6],
			"rotation": {"angle": 0, "axis": "y", "origin": [0, -0.75, 0]},
			"faces": {
				"north": {"uv": [6, 5, 7.25, 6], "texture": "#2"},
				"east": {"uv": [6, 5, 7.25, 6], "texture": "#2"},
				"south": {"uv": [6, 5, 7.25, 6], "texture": "#2"},
				"west": {"uv": [6, 5, 7.25, 6], "texture": "#2"},
				"up": {"uv": [6, 5, 7.25, 6], "texture": "#2"},
				"down": {"uv": [6, 5, 7.25, 6], "texture": "#2"}
			}
		},
		{
			"from": [7.05, 8.75, 7.4],
			"to": [8.95, 11.25, 10.1],
			"rotation": {"angle": 0, "axis": "y", "origin": [0, -0.75, 0]},
			"faces": {
				"north": {"uv": [6, 5, 7.25, 6], "texture": "#2"},
				"east": {"uv": [6, 5, 7.25, 6], "texture": "#2"},
				"south": {"uv": [6, 5, 7.25, 6], "texture": "#2"},
				"west": {"uv": [6, 5, 7.25, 6], "texture": "#2"},
				"up": {"uv": [6, 5, 7.25, 6], "texture": "#2"},
				"down": {"uv": [6, 5, 7.25, 6], "texture": "#2"}
			}
		},
		{
			"from": [7.3, 12.25, 5.4],
			"to": [8.45, 19.25, 7.4],
			"rotation": {"angle": 0, "axis": "y", "origin": [0, -0.75, 0]},
			"faces": {
				"north": {"uv": [11, 14, 12.5, 15], "texture": "#2"},
				"east": {"uv": [11, 14, 12.5, 15], "texture": "#2"},
				"south": {"uv": [11, 14, 12.5, 15], "texture": "#2"},
				"west": {"uv": [11, 14, 12.5, 15], "texture": "#2"},
				"up": {"uv": [11, 14, 12.5, 15], "texture": "#2"},
				"down": {"uv": [11, 14, 12.5, 15], "texture": "#2"}
			}
		},
		{
			"from": [7.55, 12, 3.8],
			"to": [8.2, 21.25, 5.4],
			"rotation": {"angle": 0, "axis": "y", "origin": [0, -0.75, 0]},
			"faces": {
				"north": {"uv": [3, 15.25, 4, 15.75], "texture": "#2"},
				"east": {"uv": [3, 15.25, 4, 15.75], "texture": "#2"},
				"south": {"uv": [3, 15.25, 4, 15.75], "texture": "#2"},
				"west": {"uv": [3, 15.25, 4, 15.75], "texture": "#2"},
				"up": {"uv": [3, 15.25, 4, 15.75], "texture": "#2"},
				"down": {"uv": [3, 15.25, 4, 15.75], "texture": "#2"}
			}
		},
		{
			"from": [7.55, 7, 3.95],
			"to": [8.2, 12, 5.4],
			"rotation": {"angle": 0, "axis": "y", "origin": [0, -0.75, 0]},
			"faces": {
				"north": {"uv": [3, 15.25, 4, 15.75], "texture": "#2"},
				"east": {"uv": [3, 15.25, 4, 15.75], "texture": "#2"},
				"south": {"uv": [3, 15.25, 4, 15.75], "texture": "#2"},
				"west": {"uv": [3, 15.25, 4, 15.75], "texture": "#2"},
				"up": {"uv": [3, 15.25, 4, 15.75], "texture": "#2"},
				"down": {"uv": [3, 15.25, 4, 15.75], "texture": "#2"}
			}
		},
		{
			"from": [7.55, 3.75, 4.1],
			"to": [8.2, 7, 5.4],
			"rotation": {"angle": 0, "axis": "y", "origin": [0, -0.75, 0]},
			"faces": {
				"north": {"uv": [3, 15.25, 4, 15.75], "texture": "#2"},
				"east": {"uv": [3, 15.25, 4, 15.75], "texture": "#2"},
				"south": {"uv": [3, 15.25, 4, 15.75], "texture": "#2"},
				"west": {"uv": [3, 15.25, 4, 15.75], "texture": "#2"},
				"up": {"uv": [3, 15.25, 4, 15.75], "texture": "#2"},
				"down": {"uv": [3, 15.25, 4, 15.75], "texture": "#2"}
			}
		},
		{
			"from": [7.55, 21.25, 4.15],
			"to": [8.2, 24.35, 5.15],
			"rotation": {"angle": 0, "axis": "y", "origin": [0, -0.75, 0]},
			"faces": {
				"north": {"uv": [3, 15.25, 4, 15.75], "texture": "#2"},
				"east": {"uv": [3, 15.25, 4, 15.75], "texture": "#2"},
				"south": {"uv": [3, 15.25, 4, 15.75], "texture": "#2"},
				"west": {"uv": [3, 15.25, 4, 15.75], "texture": "#2"},
				"up": {"uv": [3, 15.25, 4, 15.75], "texture": "#2"},
				"down": {"uv": [3, 15.25, 4, 15.75], "texture": "#2"}
			}
		},
		{
			"from": [7.65, 12, 3.05],
			"to": [8.1, 21.25, 4.45],
			"rotation": {"angle": 0, "axis": "y", "origin": [0, -0.75, 0]},
			"faces": {
				"north": {"uv": [3, 15.25, 4, 15.75], "texture": "#2"},
				"east": {"uv": [3, 15.25, 4, 15.75], "texture": "#2"},
				"south": {"uv": [3, 15.25, 4, 15.75], "texture": "#2"},
				"west": {"uv": [3, 15.25, 4, 15.75], "texture": "#2"},
				"up": {"uv": [3, 15.25, 4, 15.75], "texture": "#2"},
				"down": {"uv": [3, 15.25, 4, 15.75], "texture": "#2"}
			}
		},
		{
			"from": [7.65, 21.25, 3.4],
			"to": [8.1, 24.25, 4.2],
			"rotation": {"angle": 0, "axis": "y", "origin": [0, -0.75, 0]},
			"faces": {
				"north": {"uv": [3, 15.25, 4, 15.75], "texture": "#2"},
				"east": {"uv": [3, 15.25, 4, 15.75], "texture": "#2"},
				"south": {"uv": [3, 15.25, 4, 15.75], "texture": "#2"},
				"west": {"uv": [3, 15.25, 4, 15.75], "texture": "#2"},
				"up": {"uv": [3, 15.25, 4, 15.75], "texture": "#2"},
				"down": {"uv": [3, 15.25, 4, 15.75], "texture": "#2"}
			}
		},
		{
			"from": [7.65, 7, 3.2],
			"to": [8.1, 12, 4.45],
			"rotation": {"angle": 0, "axis": "y", "origin": [0, -0.75, 0]},
			"faces": {
				"north": {"uv": [3, 15.25, 4, 15.75], "texture": "#2"},
				"east": {"uv": [3, 15.25, 4, 15.75], "texture": "#2"},
				"south": {"uv": [3, 15.25, 4, 15.75], "texture": "#2"},
				"west": {"uv": [3, 15.25, 4, 15.75], "texture": "#2"},
				"up": {"uv": [3, 15.25, 4, 15.75], "texture": "#2"},
				"down": {"uv": [3, 15.25, 4, 15.75], "texture": "#2"}
			}
		},
		{
			"from": [7.65, 3.25, 3.35],
			"to": [8.1, 7, 4.45],
			"rotation": {"angle": 0, "axis": "y", "origin": [0, -0.75, 0]},
			"faces": {
				"north": {"uv": [3, 15.25, 4, 15.75], "texture": "#2"},
				"east": {"uv": [3, 15.25, 4, 15.75], "texture": "#2"},
				"south": {"uv": [3, 15.25, 4, 15.75], "texture": "#2"},
				"west": {"uv": [3, 15.25, 4, 15.75], "texture": "#2"},
				"up": {"uv": [3, 15.25, 4, 15.75], "texture": "#2"},
				"down": {"uv": [3, 15.25, 4, 15.75], "texture": "#2"}
			}
		},
		{
			"from": [7.3, 19.25, 5.15],
			"to": [8.45, 22.25, 7.4],
			"rotation": {"angle": 0, "axis": "y", "origin": [0, -0.75, 0]},
			"faces": {
				"north": {"uv": [11, 14, 12.5, 15], "texture": "#2"},
				"east": {"uv": [11, 14, 12.5, 15], "texture": "#2"},
				"south": {"uv": [11, 14, 12.5, 15], "texture": "#2"},
				"west": {"uv": [11, 14, 12.5, 15], "texture": "#2"},
				"up": {"uv": [11, 14, 12.5, 15], "texture": "#2"},
				"down": {"uv": [11, 14, 12.5, 15], "texture": "#2"}
			}
		},
		{
			"from": [7.3, 22.25, 5.15],
			"to": [8.45, 24.5, 7.2],
			"rotation": {"angle": 0, "axis": "y", "origin": [0, -0.75, 0]},
			"faces": {
				"north": {"uv": [11, 14, 12.5, 15], "texture": "#2"},
				"east": {"uv": [11, 14, 12.5, 15], "texture": "#2"},
				"south": {"uv": [11, 14, 12.5, 15], "texture": "#2"},
				"west": {"uv": [11, 14, 12.5, 15], "texture": "#2"},
				"up": {"uv": [11, 14, 12.5, 15], "texture": "#2"},
				"down": {"uv": [11, 14, 12.5, 15], "texture": "#2"}
			}
		},
		{
			"from": [7.3, 8.75, 5.15],
			"to": [8.45, 12.25, 7.4],
			"rotation": {"angle": 0, "axis": "y", "origin": [0, -0.75, 0]},
			"faces": {
				"north": {"uv": [11, 14, 12.5, 15], "texture": "#2"},
				"east": {"uv": [11, 14, 12.5, 15], "texture": "#2"},
				"south": {"uv": [11, 14, 12.5, 15], "texture": "#2"},
				"west": {"uv": [11, 14, 12.5, 15], "texture": "#2"},
				"up": {"uv": [11, 14, 12.5, 15], "texture": "#2"},
				"down": {"uv": [11, 14, 12.5, 15], "texture": "#2"}
			}
		},
		{
			"from": [7.3, 4.25, 4.9],
			"to": [8.45, 8.75, 5.9],
			"rotation": {"angle": 0, "axis": "y", "origin": [0, -0.75, 0]},
			"faces": {
				"north": {"uv": [11, 14, 12.5, 15], "texture": "#2"},
				"east": {"uv": [11, 14, 12.5, 15], "texture": "#2"},
				"south": {"uv": [11, 14, 12.5, 15], "texture": "#2"},
				"west": {"uv": [11, 14, 12.5, 15], "texture": "#2"},
				"up": {"uv": [11, 14, 12.5, 15], "texture": "#2"},
				"down": {"uv": [11, 14, 12.5, 15], "texture": "#2"}
			}
		},
		{
			"from": [7.15, 20.25, 6.2],
			"to": [8.85, 25, 9.85],
			"rotation": {"angle": 0, "axis": "y", "origin": [0, -0.75, 0]},
			"faces": {
				"north": {"uv": [6, 5, 7.25, 6], "texture": "#2"},
				"east": {"uv": [6, 5, 7.25, 6], "texture": "#2"},
				"south": {"uv": [6, 5, 7.25, 6], "texture": "#2"},
				"west": {"uv": [6, 5, 7.25, 6], "texture": "#2"},
				"up": {"uv": [6, 5, 7.25, 6], "texture": "#2"},
				"down": {"uv": [6, 5, 7.25, 6], "texture": "#2"}
			}
		},
		{
			"from": [7.25, 19.75, 9.15],
			"to": [8.75, 24.75, 10.35],
			"rotation": {"angle": 0, "axis": "y", "origin": [0, -0.75, 0]},
			"faces": {
				"north": {"uv": [6, 5, 7.25, 6], "texture": "#2"},
				"east": {"uv": [6, 5, 7.25, 6], "texture": "#2"},
				"south": {"uv": [6, 5, 7.25, 6], "texture": "#2"},
				"west": {"uv": [6, 5, 7.25, 6], "texture": "#2"},
				"up": {"uv": [6, 5, 7.25, 6], "texture": "#2"},
				"down": {"uv": [6, 5, 7.25, 6], "texture": "#2"}
			}
		},
		{
			"from": [7.25, 21.25, 10.35],
			"to": [8.75, 23.5, 10.85],
			"rotation": {"angle": 0, "axis": "y", "origin": [0, -0.75, 0]},
			"faces": {
				"north": {"uv": [6, 5.5, 6.75, 6], "texture": "#2"},
				"east": {"uv": [6, 5.5, 6.75, 6], "texture": "#2"},
				"south": {"uv": [6, 5.5, 6.75, 6], "texture": "#2"},
				"west": {"uv": [6, 5.5, 6.75, 6], "texture": "#2"},
				"up": {"uv": [6, 5.5, 6.75, 6], "texture": "#2"},
				"down": {"uv": [6, 5.5, 6.75, 6], "texture": "#2"}
			}
		},
		{
			"from": [7.25, 17.5, 9.15],
			"to": [8.75, 19.75, 10.1],
			"rotation": {"angle": 0, "axis": "y", "origin": [0, -0.75, 0]},
			"faces": {
				"north": {"uv": [6, 5, 7.25, 6], "texture": "#2"},
				"east": {"uv": [6, 5, 7.25, 6], "texture": "#2"},
				"south": {"uv": [6, 5, 7.25, 6], "texture": "#2"},
				"west": {"uv": [6, 5, 7.25, 6], "texture": "#2"},
				"up": {"uv": [6, 5, 7.25, 6], "texture": "#2"},
				"down": {"uv": [6, 5, 7.25, 6], "texture": "#2"}
			}
		},
		{
			"from": [6.95, 8.75, 8.65],
			"to": [9.05, 12.25, 10.2],
			"rotation": {"angle": 0, "axis": "y", "origin": [0, -0.75, 0]},
			"faces": {
				"north": {"uv": [11, 14, 12.25, 15], "texture": "#2"},
				"east": {"uv": [11, 14, 12.25, 15], "texture": "#2"},
				"south": {"uv": [11, 14, 12.25, 15], "texture": "#2"},
				"west": {"uv": [11, 14, 12.25, 15], "texture": "#2"},
				"up": {"uv": [11, 14, 12.25, 15], "texture": "#2"},
				"down": {"uv": [11, 14, 12.25, 15], "texture": "#2"}
			}
		},
		{
			"from": [6.95, 12.25, 8.9],
			"to": [9.05, 13.75, 10.3],
			"rotation": {"angle": 0, "axis": "y", "origin": [0, -0.75, 0]},
			"faces": {
				"north": {"uv": [11, 14, 12.25, 15], "texture": "#2"},
				"east": {"uv": [11, 14, 12.25, 15], "texture": "#2"},
				"south": {"uv": [11, 14, 12.25, 15], "texture": "#2"},
				"west": {"uv": [11, 14, 12.25, 15], "texture": "#2"},
				"up": {"uv": [11, 14, 12.25, 15], "texture": "#2"},
				"down": {"uv": [11, 14, 12.25, 15], "texture": "#2"}
			}
		},
		{
			"from": [6.85, 12.325, 9.275],
			"to": [9.15, 13.025, 9.975],
			"rotation": {"angle": 45, "axis": "x", "origin": [8, 12.7, 9.6]},
			"faces": {
				"north": {"uv": [13.5, 2, 14, 2.5], "texture": "#2"},
				"east": {"uv": [13.5, 2, 14, 2.5], "texture": "#2"},
				"south": {"uv": [13.5, 2, 14, 2.5], "texture": "#2"},
				"west": {"uv": [13.5, 2, 14, 2.5], "texture": "#2"},
				"up": {"uv": [13.5, 2, 14, 2.5], "texture": "#2"},
				"down": {"uv": [13.5, 2, 14, 2.5], "texture": "#2"}
			}
		},
		{
			"from": [6.85, 11.1, 10.4],
			"to": [9.15, 11.8, 11.1],
			"rotation": {"angle": 45, "axis": "x", "origin": [8, 12.7, 9.6]},
			"faces": {
				"north": {"uv": [13.5, 2, 14, 2.5], "texture": "#2"},
				"east": {"uv": [13.5, 2, 14, 2.5], "texture": "#2"},
				"south": {"uv": [13.5, 2, 14, 2.5], "texture": "#2"},
				"west": {"uv": [13.5, 2, 14, 2.5], "texture": "#2"},
				"up": {"uv": [13.5, 2, 14, 2.5], "texture": "#2"},
				"down": {"uv": [13.5, 2, 14, 2.5], "texture": "#2"}
			}
		},
		{
			"from": [6.85, 9.95, 11.45],
			"to": [9.15, 10.65, 12.15],
			"rotation": {"angle": 45, "axis": "x", "origin": [8, 12.7, 9.6]},
			"faces": {
				"north": {"uv": [13.5, 2, 14, 2.5], "texture": "#2"},
				"east": {"uv": [13.5, 2, 14, 2.5], "texture": "#2"},
				"south": {"uv": [13.5, 2, 14, 2.5], "texture": "#2"},
				"west": {"uv": [13.5, 2, 14, 2.5], "texture": "#2"},
				"up": {"uv": [13.5, 2, 14, 2.5], "texture": "#2"},
				"down": {"uv": [13.5, 2, 14, 2.5], "texture": "#2"}
			}
		},
		{
			"from": [7.4, 23.1, 9.2],
			"to": [8.6, 24.35, 11.85],
			"rotation": {"angle": 0, "axis": "y", "origin": [0, -0.75, 0]},
			"faces": {
				"north": {"uv": [6, 3.5, 7, 4], "texture": "#2"},
				"east": {"uv": [6, 3.5, 7, 4], "texture": "#2"},
				"south": {"uv": [6, 3.5, 7, 4], "texture": "#2"},
				"west": {"uv": [6, 3.5, 7, 4], "texture": "#2"},
				"up": {"uv": [6, 3.5, 7, 4], "texture": "#2"},
				"down": {"uv": [6, 3.5, 7, 4], "texture": "#2"}
			}
		},
		{
			"from": [7.6, 23.2, 11.2],
			"to": [8.4, 23.95, 13.35],
			"rotation": {"angle": 0, "axis": "y", "origin": [0, -0.75, 0]},
			"faces": {
				"north": {"uv": [6, 3.5, 7, 4], "texture": "#2"},
				"east": {"uv": [6, 3.5, 7, 4], "texture": "#2"},
				"south": {"uv": [6, 3.5, 7, 4], "texture": "#2"},
				"west": {"uv": [6, 3.5, 7, 4], "texture": "#2"},
				"up": {"uv": [6, 3.5, 7, 4], "texture": "#2"},
				"down": {"uv": [6, 3.5, 7, 4], "texture": "#2"}
			}
		},
		{
			"from": [7.6, 20.8, 10.45],
			"to": [8.4, 21.55, 12.6],
			"rotation": {"angle": 0, "axis": "y", "origin": [0, -0.75, 0]},
			"faces": {
				"north": {"uv": [6, 3.5, 7, 4], "texture": "#2"},
				"east": {"uv": [6, 3.5, 7, 4], "texture": "#2"},
				"south": {"uv": [6, 3.5, 7, 4], "texture": "#2"},
				"west": {"uv": [6, 3.5, 7, 4], "texture": "#2"},
				"up": {"uv": [6, 3.5, 7, 4], "texture": "#2"},
				"down": {"uv": [6, 3.5, 7, 4], "texture": "#2"}
			}
		},
		{
			"from": [7.4, 20.6, 9.2],
			"to": [8.6, 21.85, 11.5],
			"rotation": {"angle": 0, "axis": "y", "origin": [0, -0.75, 0]},
			"faces": {
				"north": {"uv": [6, 3.5, 7, 4], "texture": "#2"},
				"east": {"uv": [6, 3.5, 7, 4], "texture": "#2"},
				"south": {"uv": [6, 3.5, 7, 4], "texture": "#2"},
				"west": {"uv": [6, 3.5, 7, 4], "texture": "#2"},
				"up": {"uv": [6, 3.5, 7, 4], "texture": "#2"},
				"down": {"uv": [6, 3.5, 7, 4], "texture": "#2"}
			}
		},
		{
			"from": [7.6, 18.3, 9.95],
			"to": [8.4, 19.05, 11.85],
			"rotation": {"angle": 0, "axis": "y", "origin": [0, -0.75, 0]},
			"faces": {
				"north": {"uv": [6, 3.5, 7, 4], "texture": "#2"},
				"east": {"uv": [6, 3.5, 7, 4], "texture": "#2"},
				"south": {"uv": [6, 3.5, 7, 4], "texture": "#2"},
				"west": {"uv": [6, 3.5, 7, 4], "texture": "#2"},
				"up": {"uv": [6, 3.5, 7, 4], "texture": "#2"},
				"down": {"uv": [6, 3.5, 7, 4], "texture": "#2"}
			}
		},
		{
			"from": [7.4, 18.1, 8.95],
			"to": [8.6, 19.35, 11],
			"rotation": {"angle": 0, "axis": "y", "origin": [0, -0.75, 0]},
			"faces": {
				"north": {"uv": [6, 3.5, 7, 4], "texture": "#2"},
				"east": {"uv": [6, 3.5, 7, 4], "texture": "#2"},
				"south": {"uv": [6, 3.5, 7, 4], "texture": "#2"},
				"west": {"uv": [6, 3.5, 7, 4], "texture": "#2"},
				"up": {"uv": [6, 3.5, 7, 4], "texture": "#2"},
				"down": {"uv": [6, 3.5, 7, 4], "texture": "#2"}
			}
		},
		{
			"from": [6.65, 4, 10.4],
			"to": [9.35, 8.5, 12.1],
			"rotation": {"angle": 0, "axis": "y", "origin": [0, -0.75, 1]},
			"faces": {
				"north": {"uv": [11, 14, 12.75, 15], "texture": "#2"},
				"east": {"uv": [11, 14, 12.75, 15], "texture": "#2"},
				"south": {"uv": [11, 14, 12.75, 15], "texture": "#2"},
				"west": {"uv": [11, 14, 12.75, 15], "texture": "#2"},
				"up": {"uv": [11, 14, 12.75, 15], "texture": "#2"},
				"down": {"uv": [11, 14, 12.75, 15], "texture": "#2"}
			}
		},
		{
			"from": [6.9, 4.5, 12.1],
			"to": [9.1, 8.25, 13.35],
			"rotation": {"angle": 0, "axis": "y", "origin": [8, 6.375, 12.85]},
			"faces": {
				"north": {"uv": [11, 14, 12.75, 15], "rotation": 270, "texture": "#2"},
				"east": {"uv": [11, 14, 12.75, 15], "rotation": 270, "texture": "#2"},
				"south": {"uv": [11, 14, 12.75, 15], "rotation": 270, "texture": "#2"},
				"west": {"uv": [11, 14, 12.75, 15], "rotation": 270, "texture": "#2"},
				"up": {"uv": [11, 14, 12.75, 15], "rotation": 270, "texture": "#2"},
				"down": {"uv": [11, 14, 12.75, 15], "rotation": 270, "texture": "#2"}
			}
		},
		{
			"from": [7, 7, 10.5],
			"to": [9, 10.25, 12.85],
			"rotation": {"angle": -22.5, "axis": "x", "origin": [8, 8.375, 11.35]},
			"faces": {
				"north": {"uv": [11, 14, 12.75, 15], "rotation": 270, "texture": "#2"},
				"east": {"uv": [11, 14, 12.75, 15], "rotation": 270, "texture": "#2"},
				"south": {"uv": [11, 14, 12.75, 15], "rotation": 270, "texture": "#2"},
				"west": {"uv": [11, 14, 12.75, 15], "rotation": 270, "texture": "#2"},
				"up": {"uv": [11, 14, 12.75, 15], "rotation": 270, "texture": "#2"},
				"down": {"uv": [11, 14, 12.75, 15], "rotation": 270, "texture": "#2"}
			}
		},
		{
			"from": [7, 9.87688, 9.33102],
			"to": [9, 11.12688, 10.83102],
			"rotation": {"angle": -45, "axis": "x", "origin": [8, 11.25188, 10.45602]},
			"faces": {
				"north": {"uv": [11, 14, 12.75, 15], "rotation": 270, "texture": "#2"},
				"east": {"uv": [11, 14, 12.75, 15], "rotation": 270, "texture": "#2"},
				"south": {"uv": [11, 14, 12.75, 15], "rotation": 270, "texture": "#2"},
				"west": {"uv": [11, 14, 12.75, 15], "rotation": 270, "texture": "#2"},
				"up": {"uv": [11, 14, 12.75, 15], "rotation": 270, "texture": "#2"},
				"down": {"uv": [11, 14, 12.75, 15], "rotation": 270, "texture": "#2"}
			}
		},
		{
			"from": [6.9, 8.25, 11.25],
			"to": [9.1, 10.5, 11.75],
			"rotation": {"angle": -22.5, "axis": "x", "origin": [8, 8.375, 11.35]},
			"faces": {
				"north": {"uv": [5, 9.5, 6.75, 10], "rotation": 270, "texture": "#2"},
				"east": {"uv": [5, 9.5, 6.75, 10], "rotation": 270, "texture": "#2"},
				"south": {"uv": [5, 9.5, 6.75, 10], "rotation": 270, "texture": "#2"},
				"west": {"uv": [5, 9.5, 6.75, 10], "rotation": 270, "texture": "#2"},
				"up": {"uv": [5, 9.5, 6.75, 10], "rotation": 270, "texture": "#2"},
				"down": {"uv": [5, 9.5, 6.75, 10], "rotation": 270, "texture": "#2"}
			}
		},
		{
			"from": [6.55, 3.90274, 11.21239],
			"to": [9.45, 8.55274, 11.71239],
			"rotation": {"angle": 0, "axis": "y", "origin": [8, 9.70274, 10.96239]},
			"faces": {
				"north": {"uv": [5, 9.5, 6.75, 10], "rotation": 270, "texture": "#2"},
				"east": {"uv": [5, 9.5, 6.75, 10], "rotation": 270, "texture": "#2"},
				"south": {"uv": [5, 9.5, 6.75, 10], "rotation": 270, "texture": "#2"},
				"west": {"uv": [5, 9.5, 6.75, 10], "rotation": 270, "texture": "#2"},
				"up": {"uv": [5, 9.5, 6.75, 10], "rotation": 270, "texture": "#2"},
				"down": {"uv": [5, 9.5, 6.75, 10], "rotation": 270, "texture": "#2"}
			}
		},
		{
			"from": [6.85, 3.35274, 12.11239],
			"to": [9.15, 4.55274, 12.61239],
			"rotation": {"angle": 22.5, "axis": "x", "origin": [8, 6.42774, 11.46239]},
			"faces": {
				"north": {"uv": [5, 9.5, 6.75, 10], "rotation": 270, "texture": "#2"},
				"east": {"uv": [5, 9.5, 6.75, 10], "rotation": 270, "texture": "#2"},
				"south": {"uv": [5, 9.5, 6.75, 10], "rotation": 270, "texture": "#2"},
				"west": {"uv": [5, 9.5, 6.75, 10], "rotation": 270, "texture": "#2"},
				"up": {"uv": [5, 9.5, 6.75, 10], "rotation": 270, "texture": "#2"},
				"down": {"uv": [5, 9.5, 6.75, 10], "rotation": 270, "texture": "#2"}
			}
		},
		{
			"from": [7, 4.55, 13.2],
			"to": [9, 7.05, 15.5],
			"rotation": {"angle": 45, "axis": "x", "origin": [8, 8.375, 11.35]},
			"faces": {
				"north": {"uv": [11, 14, 12.75, 15], "texture": "#2"},
				"east": {"uv": [11, 14, 12.75, 15], "texture": "#2"},
				"south": {"uv": [11, 14, 12.75, 15], "texture": "#2"},
				"west": {"uv": [11, 14, 12.75, 15], "texture": "#2"},
				"up": {"uv": [11, 14, 12.75, 15], "texture": "#2"},
				"down": {"uv": [11, 14, 12.75, 15], "texture": "#2"}
			}
		},
		{
			"from": [7.25, 2.68288, 10.50052],
			"to": [8.75, 5.68288, 12.05052],
			"rotation": {"angle": 22.5, "axis": "x", "origin": [8, 4.43288, 11.65052]},
			"faces": {
				"north": {"uv": [11, 14, 12.75, 15], "texture": "#2"},
				"east": {"uv": [11, 14, 12.75, 15], "texture": "#2"},
				"south": {"uv": [11, 14, 12.75, 15], "texture": "#2"},
				"west": {"uv": [11, 14, 12.75, 15], "texture": "#2"},
				"up": {"uv": [11, 14, 12.75, 15], "texture": "#2"},
				"down": {"uv": [11, 14, 12.75, 15], "texture": "#2"}
			}
		},
		{
			"from": [7.35, 2.74542, 9.73339],
			"to": [8.65, 3.89542, 10.98339],
			"rotation": {"angle": -22.5, "axis": "x", "origin": [8, 4.34542, 11.20839]},
			"faces": {
				"north": {"uv": [11, 14, 12.75, 15], "texture": "#2"},
				"east": {"uv": [11, 14, 12.75, 15], "texture": "#2"},
				"south": {"uv": [11, 14, 12.75, 15], "texture": "#2"},
				"west": {"uv": [11, 14, 12.75, 15], "texture": "#2"},
				"up": {"uv": [11, 14, 12.75, 15], "texture": "#2"},
				"down": {"uv": [11, 14, 12.75, 15], "texture": "#2"}
			}
		},
		{
			"from": [7.6, 1.49816, 10.29035],
			"to": [8.4, 3.39816, 11.29035],
			"rotation": {"angle": 22.5, "axis": "x", "origin": [8, 3.07316, 10.81535]},
			"faces": {
				"north": {"uv": [11, 14, 12.75, 15], "texture": "#2"},
				"east": {"uv": [11, 14, 12.75, 15], "texture": "#2"},
				"south": {"uv": [11, 14, 12.75, 15], "texture": "#2"},
				"west": {"uv": [11, 14, 12.75, 15], "texture": "#2"},
				"up": {"uv": [11, 14, 12.75, 15], "texture": "#2"},
				"down": {"uv": [11, 14, 12.75, 15], "texture": "#2"}
			}
		},
		{
			"from": [7.5, 8.54417, 12.24257],
			"to": [8.5, 9.54417, 13.24257],
			"rotation": {"angle": 22.5, "axis": "x", "origin": [8, 9.41917, 13.21757]},
			"faces": {
				"north": {"uv": [11, 14, 12.75, 15], "rotation": 90, "texture": "#2"},
				"east": {"uv": [11, 14, 12.75, 15], "texture": "#2"},
				"south": {"uv": [11, 14, 12.75, 15], "rotation": 270, "texture": "#2"},
				"west": {"uv": [11, 14, 12.75, 15], "rotation": 180, "texture": "#2"},
				"up": {"uv": [11, 14, 12.75, 15], "rotation": 270, "texture": "#2"},
				"down": {"uv": [11, 14, 12.75, 15], "rotation": 90, "texture": "#2"}
			}
		},
		{
			"from": [7.5, 7.25449, 14.23522],
			"to": [8.5, 8.25449, 15.73522],
			"rotation": {"angle": 45, "axis": "x", "origin": [8, 9.25449, 12.63522]},
			"faces": {
				"north": {"uv": [11, 14, 12.75, 15], "rotation": 90, "texture": "#2"},
				"east": {"uv": [11, 14, 12.75, 15], "texture": "#2"},
				"south": {"uv": [11, 14, 12.75, 15], "rotation": 270, "texture": "#2"},
				"west": {"uv": [11, 14, 12.75, 15], "rotation": 180, "texture": "#2"},
				"up": {"uv": [11, 14, 12.75, 15], "rotation": 270, "texture": "#2"},
				"down": {"uv": [11, 14, 12.75, 15], "rotation": 90, "texture": "#2"}
			}
		},
		{
			"from": [7.5, 3.05449, 11.93522],
			"to": [8.5, 4.05449, 12.93522],
			"rotation": {"angle": 0, "axis": "y", "origin": [8, 9.25449, 12.63522]},
			"faces": {
				"north": {"uv": [11, 14, 12.75, 15], "rotation": 270, "texture": "#2"},
				"east": {"uv": [11, 14, 12.75, 15], "rotation": 270, "texture": "#2"},
				"south": {"uv": [11, 14, 12.75, 15], "rotation": 270, "texture": "#2"},
				"west": {"uv": [11, 14, 12.75, 15], "rotation": 270, "texture": "#2"},
				"up": {"uv": [11, 14, 12.75, 15], "rotation": 270, "texture": "#2"},
				"down": {"uv": [11, 14, 12.75, 15], "rotation": 270, "texture": "#2"}
			}
		}
	],
	"display": {
		"thirdperson_righthand": {
			"translation": [0, 5.75, 1]
		},
		"thirdperson_lefthand": {
			"translation": [0, 5.75, 1]
		},
		"firstperson_righthand": {
			"translation": [0, 1, 0]
		},
		"firstperson_lefthand": {
			"translation": [0, 1, 0]
		},
		"ground": {
			"rotation": [-45, 0, 0],
			"translation": [0, 8, 0]
		},
		"gui": {
			"rotation": [90, 45, -90],
			"translation": [-1.25, -1.5, 0],
			"scale": [0.7, 0.7, 0.7]
		},
		"fixed": {
			"rotation": [90, -45, 90],
			"translation": [1.25, -1.75, -0.5],
			"scale": [0.7, 0.7, 0.7]
		}
	},
	"groups": [
		{
			"name": "sword",
			"origin": [0, 0, 0],
			"color": 0,
			"children": [
				0,
				1,
				2,
				3,
				4,
				5,
				6,
				7,
				{
					"name": "group",
					"origin": [0, -0.75, 0],
					"color": 0,
					"children": [8, 9, 10, 11, 12, 13, 14, 15, 16, 17, 18, 19, 20, 21, 22, 23, 24, 25, 26, 27, 28, 29, 30, 31, 32, 33]
				},
				{
					"name": "group",
					"origin": [0, -0.75, 0],
					"color": 0,
					"children": [34, 35, 36, 37, 38, 39]
				},
				{
					"name": "group",
					"origin": [0, -0.75, 0],
					"color": 0,
					"children": [40, 41, 42, 43, 44, 45, 46, 47, 48, 49, 50, 51, 52, 53]
				}
			]
		}
	]
}