{
	"credit": "Made with Blockbench",
	"texture_size": [32, 32],
	"textures": {
		"0": "diablos/head",
		"particle": "diablos/head"
	},
	"elements": [
		{
			"from": [4.47457, 4.08443, 1.30689],
			"to": [11.52527, 8.28863, 7.90062],
			"rotation": {"angle": 0, "axis": "y", "origin": [13.1891, 8.40875, -34.33014]},
			"faces": {
				"north": {"uv": [0.5, 8.25, 1.75, 9.5], "texture": "#0"},
				"east": {"uv": [0.5, 8.25, 1.75, 9.5], "texture": "#0"},
				"south": {"uv": [0.5, 8.25, 1.75, 9.5], "texture": "#0"},
				"west": {"uv": [0.5, 8.25, 1.75, 9.5], "texture": "#0"},
				"up": {"uv": [0.5, 8.25, 1.75, 9.5], "texture": "#0"},
				"down": {"uv": [0.5, 8.25, 1.75, 9.5], "texture": "#0"}
			}
		},
		{
			"from": [5.24677, 8.15993, 1.30689],
			"to": [10.75307, 9.89738, 7.90062],
			"rotation": {"angle": 0, "axis": "y", "origin": [13.1891, 8.40875, -34.33014]},
			"faces": {
				"north": {"uv": [0.5, 8.25, 1.75, 9.5], "texture": "#0"},
				"east": {"uv": [0.5, 8.25, 1.75, 9.5], "texture": "#0"},
				"south": {"uv": [0.5, 8.25, 1.75, 9.5], "texture": "#0"},
				"west": {"uv": [0.5, 8.25, 1.75, 9.5], "texture": "#0"},
				"up": {"uv": [0.5, 8.25, 1.75, 9.5], "texture": "#0"},
				"down": {"uv": [0.5, 8.25, 1.75, 9.5], "texture": "#0"}
			}
		},
		{
			"from": [5.63287, 2.63656, 1.30689],
			"to": [10.36697, 4.15951, 7.90062],
			"rotation": {"angle": 0, "axis": "y", "origin": [13.1891, 8.40875, -34.33014]},
			"faces": {
				"north": {"uv": [2.5, 14, 4, 16], "texture": "#0"},
				"east": {"uv": [2.5, 14, 4, 16], "rotation": 270, "texture": "#0"},
				"south": {"uv": [2.5, 14, 4, 16], "texture": "#0"},
				"west": {"uv": [2.5, 14, 4, 16], "rotation": 90, "texture": "#0"},
				"up": {"uv": [2.5, 14, 4, 16], "texture": "#0"},
				"down": {"uv": [2.5, 14, 4, 16], "texture": "#0"}
			}
		},
		{
			"from": [5.89027, 9.98318, 3.02289],
			"to": [10.10957, 11.72063, 7.47162],
			"rotation": {"angle": -45, "axis": "x", "origin": [7.99992, 9.02866, 4.60376]},
			"faces": {
				"north": {"uv": [0.5, 8.25, 1.75, 9.5], "texture": "#0"},
				"east": {"uv": [0.5, 8.25, 1.75, 9.5], "texture": "#0"},
				"south": {"uv": [0.5, 8.25, 1.75, 9.5], "texture": "#0"},
				"west": {"uv": [0.5, 8.25, 1.75, 9.5], "texture": "#0"},
				"up": {"uv": [0.5, 8.25, 1.75, 9.5], "texture": "#0"},
				"down": {"uv": [0.5, 8.25, 1.75, 9.5], "texture": "#0"}
			}
		},
		{
			"from": [4.60327, 9.44693, 0.87789],
			"to": [5.89027, 11.18438, 6.39912],
			"rotation": {"angle": -45, "axis": "x", "origin": [7.99992, 9.02866, 4.60376]},
			"faces": {
				"north": {"uv": [0.5, 8.25, 1.75, 9.5], "texture": "#0"},
				"east": {"uv": [0.5, 8.25, 1.75, 9.5], "texture": "#0"},
				"south": {"uv": [0.5, 8.25, 1.75, 9.5], "texture": "#0"},
				"west": {"uv": [0.5, 8.25, 1.75, 9.5], "texture": "#0"},
				"up": {"uv": [0.5, 8.25, 1.75, 9.5], "texture": "#0"},
				"down": {"uv": [0.5, 8.25, 1.75, 9.5], "texture": "#0"}
			}
		},
		{
			"from": [10.10957, 9.44693, 0.87789],
			"to": [11.39657, 11.18438, 6.39912],
			"rotation": {"angle": -45, "axis": "x", "origin": [7.99992, 9.02866, 4.60376]},
			"faces": {
				"north": {"uv": [1.75, 8.25, 0.5, 9.5], "texture": "#0"},
				"east": {"uv": [1.75, 8.25, 0.5, 9.5], "texture": "#0"},
				"south": {"uv": [1.75, 8.25, 0.5, 9.5], "texture": "#0"},
				"west": {"uv": [1.75, 8.25, 0.5, 9.5], "texture": "#0"},
				"up": {"uv": [1.75, 8.25, 0.5, 9.5], "texture": "#0"},
				"down": {"uv": [1.75, 8.25, 0.5, 9.5], "texture": "#0"}
			}
		},
		{
			"from": [5.89027, 7.30193, 5.16789],
			"to": [10.10957, 9.03938, 9.61662],
			"rotation": {"angle": -45, "axis": "x", "origin": [7.99992, 9.02866, 4.60376]},
			"faces": {
				"north": {"uv": [0.5, 8.25, 1.75, 9.5], "texture": "#0"},
				"east": {"uv": [0.5, 8.25, 1.75, 9.5], "texture": "#0"},
				"south": {"uv": [0.5, 8.25, 1.75, 9.5], "texture": "#0"},
				"west": {"uv": [0.5, 8.25, 1.75, 9.5], "texture": "#0"},
				"up": {"uv": [0.5, 8.25, 1.75, 9.5], "texture": "#0"},
				"down": {"uv": [0.5, 8.25, 1.75, 9.5], "texture": "#0"}
			}
		},
		{
			"from": [4.60327, 6.76568, 3.02289],
			"to": [5.89027, 8.50313, 8.54412],
			"rotation": {"angle": -45, "axis": "x", "origin": [7.99992, 9.02866, 4.60376]},
			"faces": {
				"north": {"uv": [0.5, 8.25, 1.75, 9.5], "texture": "#0"},
				"east": {"uv": [0.5, 8.25, 1.75, 9.5], "texture": "#0"},
				"south": {"uv": [0.5, 8.25, 1.75, 9.5], "texture": "#0"},
				"west": {"uv": [0.5, 8.25, 1.75, 9.5], "texture": "#0"},
				"up": {"uv": [0.5, 8.25, 1.75, 9.5], "texture": "#0"},
				"down": {"uv": [0.5, 8.25, 1.75, 9.5], "texture": "#0"}
			}
		},
		{
			"from": [10.10957, 6.76568, 3.02289],
			"to": [11.39657, 8.50313, 8.54412],
			"rotation": {"angle": -45, "axis": "x", "origin": [7.99992, 9.02866, 4.60376]},
			"faces": {
				"north": {"uv": [1.75, 8.25, 0.5, 9.5], "texture": "#0"},
				"east": {"uv": [1.75, 8.25, 0.5, 9.5], "texture": "#0"},
				"south": {"uv": [1.75, 8.25, 0.5, 9.5], "texture": "#0"},
				"west": {"uv": [1.75, 8.25, 0.5, 9.5], "texture": "#0"},
				"up": {"uv": [1.75, 8.25, 0.5, 9.5], "texture": "#0"},
				"down": {"uv": [1.75, 8.25, 0.5, 9.5], "texture": "#0"}
			}
		},
		{
			"from": [4.8271, 4.52094, 7.74189],
			"to": [11.17274, 8.30472, 14.33562],
			"rotation": {"angle": 0, "axis": "y", "origin": [12.67019, 8.41283, -27.89514]},
			"faces": {
				"north": {"uv": [0.5, 8.25, 1.75, 9.5], "texture": "#0"},
				"east": {"uv": [0.5, 8.25, 1.75, 9.5], "texture": "#0"},
				"south": {"uv": [0.5, 8.25, 1.75, 9.5], "texture": "#0"},
				"west": {"uv": [0.5, 8.25, 1.75, 9.5], "texture": "#0"},
				"up": {"uv": [0.5, 8.25, 1.75, 9.5], "texture": "#0"},
				"down": {"uv": [0.5, 8.25, 1.75, 9.5], "texture": "#0"}
			}
		},
		{
			"from": [5.52208, 8.18889, 7.74189],
			"to": [10.47776, 9.7526, 14.33562],
			"rotation": {"angle": 0, "axis": "y", "origin": [12.67019, 8.41283, -27.89514]},
			"faces": {
				"north": {"uv": [0.5, 8.25, 1.75, 9.5], "texture": "#0"},
				"east": {"uv": [0.5, 8.25, 1.75, 9.5], "texture": "#0"},
				"south": {"uv": [0.5, 8.25, 1.75, 9.5], "texture": "#0"},
				"west": {"uv": [0.5, 8.25, 1.75, 9.5], "texture": "#0"},
				"up": {"uv": [0.5, 8.25, 1.75, 9.5], "texture": "#0"},
				"down": {"uv": [0.5, 8.25, 1.75, 9.5], "texture": "#0"}
			}
		},
		{
			"from": [5.86957, 3.21785, 7.74189],
			"to": [10.13027, 4.58851, 14.33562],
			"rotation": {"angle": 0, "axis": "y", "origin": [12.67019, 8.41283, -27.89514]},
			"faces": {
				"north": {"uv": [2.5, 14, 4, 16], "texture": "#0"},
				"east": {"uv": [2.5, 14, 4, 16], "rotation": 270, "texture": "#0"},
				"south": {"uv": [2.5, 14, 4, 16], "texture": "#0"},
				"west": {"uv": [2.5, 14, 4, 16], "rotation": 90, "texture": "#0"},
				"up": {"uv": [2.5, 14, 4, 16], "texture": "#0"},
				"down": {"uv": [2.5, 14, 4, 16], "texture": "#0"}
			}
		},
		{
			"from": [6.10123, 9.82982, 9.45789],
			"to": [9.89861, 11.39352, 13.90662],
			"rotation": {"angle": -45, "axis": "x", "origin": [7.99992, 8.97074, 11.03876]},
			"faces": {
				"north": {"uv": [0.5, 8.25, 1.75, 9.5], "texture": "#0"},
				"east": {"uv": [0.5, 8.25, 1.75, 9.5], "texture": "#0"},
				"south": {"uv": [0.5, 8.25, 1.75, 9.5], "texture": "#0"},
				"west": {"uv": [0.5, 8.25, 1.75, 9.5], "texture": "#0"},
				"up": {"uv": [0.5, 8.25, 1.75, 9.5], "texture": "#0"},
				"down": {"uv": [0.5, 8.25, 1.75, 9.5], "texture": "#0"}
			}
		},
		{
			"from": [4.94293, 9.34719, 7.31289],
			"to": [6.10123, 10.9109, 12.83412],
			"rotation": {"angle": -45, "axis": "x", "origin": [7.99992, 8.97074, 11.03876]},
			"faces": {
				"north": {"uv": [0.5, 8.25, 1.75, 9.5], "texture": "#0"},
				"east": {"uv": [0.5, 8.25, 1.75, 9.5], "texture": "#0"},
				"south": {"uv": [0.5, 8.25, 1.75, 9.5], "texture": "#0"},
				"west": {"uv": [0.5, 8.25, 1.75, 9.5], "texture": "#0"},
				"up": {"uv": [0.5, 8.25, 1.75, 9.5], "texture": "#0"},
				"down": {"uv": [0.5, 8.25, 1.75, 9.5], "texture": "#0"}
			}
		},
		{
			"from": [9.89861, 9.34719, 7.31289],
			"to": [11.05691, 10.9109, 12.83412],
			"rotation": {"angle": -45, "axis": "x", "origin": [7.99992, 8.97074, 11.03876]},
			"faces": {
				"north": {"uv": [1.75, 8.25, 0.5, 9.5], "texture": "#0"},
				"east": {"uv": [1.75, 8.25, 0.5, 9.5], "texture": "#0"},
				"south": {"uv": [1.75, 8.25, 0.5, 9.5], "texture": "#0"},
				"west": {"uv": [1.75, 8.25, 0.5, 9.5], "texture": "#0"},
				"up": {"uv": [1.75, 8.25, 0.5, 9.5], "texture": "#0"},
				"down": {"uv": [1.75, 8.25, 0.5, 9.5], "texture": "#0"}
			}
		},
		{
			"from": [6.10123, 7.41669, 11.60289],
			"to": [9.89861, 8.9804, 16.05162],
			"rotation": {"angle": -45, "axis": "x", "origin": [7.99992, 8.97074, 11.03876]},
			"faces": {
				"north": {"uv": [0.5, 8.25, 1.75, 9.5], "texture": "#0"},
				"east": {"uv": [0.5, 8.25, 1.75, 9.5], "texture": "#0"},
				"south": {"uv": [0.5, 8.25, 1.75, 9.5], "texture": "#0"},
				"west": {"uv": [0.5, 8.25, 1.75, 9.5], "texture": "#0"},
				"up": {"uv": [0.5, 8.25, 1.75, 9.5], "texture": "#0"},
				"down": {"uv": [0.5, 8.25, 1.75, 9.5], "texture": "#0"}
			}
		},
		{
			"from": [4.94293, 6.93407, 9.45789],
			"to": [6.10123, 8.49777, 14.97912],
			"rotation": {"angle": -45, "axis": "x", "origin": [7.99992, 8.97074, 11.03876]},
			"faces": {
				"north": {"uv": [0.5, 8.25, 1.75, 9.5], "texture": "#0"},
				"east": {"uv": [0.5, 8.25, 1.75, 9.5], "texture": "#0"},
				"south": {"uv": [0.5, 8.25, 1.75, 9.5], "texture": "#0"},
				"west": {"uv": [0.5, 8.25, 1.75, 9.5], "texture": "#0"},
				"up": {"uv": [0.5, 8.25, 1.75, 9.5], "texture": "#0"},
				"down": {"uv": [0.5, 8.25, 1.75, 9.5], "texture": "#0"}
			}
		},
		{
			"from": [9.89861, 6.93407, 9.45789],
			"to": [11.05691, 8.49777, 14.97912],
			"rotation": {"angle": -45, "axis": "x", "origin": [7.99992, 8.97074, 11.03876]},
			"faces": {
				"north": {"uv": [1.75, 8.25, 0.5, 9.5], "texture": "#0"},
				"east": {"uv": [1.75, 8.25, 0.5, 9.5], "texture": "#0"},
				"south": {"uv": [1.75, 8.25, 0.5, 9.5], "texture": "#0"},
				"west": {"uv": [1.75, 8.25, 0.5, 9.5], "texture": "#0"},
				"up": {"uv": [1.75, 8.25, 0.5, 9.5], "texture": "#0"},
				"down": {"uv": [1.75, 8.25, 0.5, 9.5], "texture": "#0"}
			}
		}
	],
	"display": {
		"head": {
			"translation": [0, 0, 19.25],
			"scale": [4, 4, 4]
		}
	},
	"groups": [
		{
			"name": "root",
			"origin": [8, 8, 8],
			"color": 0,
			"children": [
				{
					"name": "tail",
					"origin": [8, 8, 8],
					"color": 0,
					"children": [
						{
							"name": "0",
							"origin": [8, 8, 8],
							"color": 0,
							"children": [
								{
									"name": "group",
									"origin": [8, 8, 8],
									"color": 0,
									"children": [
										0,
										1,
										2,
										{
											"name": "group",
											"origin": [8.05, 10.48413, 9.47217],
											"color": 0,
											"children": [3, 4, 5]
										},
										{
											"name": "group",
											"origin": [8.05, 10.48413, 9.47217],
											"color": 0,
											"children": [6, 7, 8]
										}
									]
								},
								{
									"name": "group",
									"origin": [8, 8, 8],
									"color": 0,
									"children": [
										9,
										10,
										11,
										{
											"name": "group",
											"origin": [8.05, 10.48413, 9.47217],
											"color": 0,
											"children": [12, 13, 14]
										},
										{
											"name": "group",
											"origin": [8.05, 10.48413, 9.47217],
											"color": 0,
											"children": [15, 16, 17]
										}
									]
								}
							]
						}
					]
				}
			]
		}
	]
}