{
	"credit": "Made with Blockbench",
	"texture_size": [32, 32],
	"textures": {
		"0": "diablos/head",
		"particle": "diablos/head"
	},
	"elements": [
		{
			"from": [5.14439, 4.91291, 0.71322],
			"to": [10.85545, 8.31831, 7.30695],
			"rotation": {"angle": 0, "axis": "y", "origin": [12.20316, 8.41561, -34.92381]},
			"faces": {
				"north": {"uv": [0.5, 8.25, 1.75, 9.5], "texture": "#0"},
				"east": {"uv": [0.5, 8.25, 1.75, 9.5], "texture": "#0"},
				"south": {"uv": [0.5, 8.25, 1.75, 9.5], "texture": "#0"},
				"west": {"uv": [0.5, 8.25, 1.75, 9.5], "texture": "#0"},
				"up": {"uv": [0.5, 8.25, 1.75, 9.5], "texture": "#0"},
				"down": {"uv": [0.5, 8.25, 1.75, 9.5], "texture": "#0"}
			}
		},
		{
			"from": [5.76987, 8.21406, 0.71322],
			"to": [10.22997, 9.6214, 7.30695],
			"rotation": {"angle": 0, "axis": "y", "origin": [12.20316, 8.41561, -34.92381]},
			"faces": {
				"north": {"uv": [0.5, 8.25, 1.75, 9.5], "texture": "#0"},
				"east": {"uv": [0.5, 8.25, 1.75, 9.5], "texture": "#0"},
				"south": {"uv": [0.5, 8.25, 1.75, 9.5], "texture": "#0"},
				"west": {"uv": [0.5, 8.25, 1.75, 9.5], "texture": "#0"},
				"up": {"uv": [0.5, 8.25, 1.75, 9.5], "texture": "#0"},
				"down": {"uv": [0.5, 8.25, 1.75, 9.5], "texture": "#0"}
			}
		},
		{
			"from": [6.08261, 3.74013, 0.71322],
			"to": [9.91723, 4.97372, 7.30695],
			"rotation": {"angle": 0, "axis": "y", "origin": [12.20316, 8.41561, -34.92381]},
			"faces": {
				"north": {"uv": [2.5, 14, 4, 16], "texture": "#0"},
				"east": {"uv": [2.5, 14, 4, 16], "rotation": 270, "texture": "#0"},
				"south": {"uv": [2.5, 14, 4, 16], "texture": "#0"},
				"west": {"uv": [2.5, 14, 4, 16], "rotation": 90, "texture": "#0"},
				"up": {"uv": [2.5, 14, 4, 16], "texture": "#0"},
				"down": {"uv": [2.5, 14, 4, 16], "texture": "#0"}
			}
		},
		{
			"from": [6.2911, 9.6909, 2.42922],
			"to": [9.70874, 11.09823, 6.87795],
			"rotation": {"angle": -45, "axis": "x", "origin": [7.99992, 8.91773, 4.01009]},
			"faces": {
				"north": {"uv": [0.5, 8.25, 1.75, 9.5], "texture": "#0"},
				"east": {"uv": [0.5, 8.25, 1.75, 9.5], "texture": "#0"},
				"south": {"uv": [0.5, 8.25, 1.75, 9.5], "texture": "#0"},
				"west": {"uv": [0.5, 8.25, 1.75, 9.5], "texture": "#0"},
				"up": {"uv": [0.5, 8.25, 1.75, 9.5], "texture": "#0"},
				"down": {"uv": [0.5, 8.25, 1.75, 9.5], "texture": "#0"}
			}
		},
		{
			"from": [5.24863, 9.25653, 0.28422],
			"to": [6.2911, 10.66387, 5.80545],
			"rotation": {"angle": -45, "axis": "x", "origin": [7.99992, 8.91773, 4.01009]},
			"faces": {
				"north": {"uv": [0.5, 8.25, 1.75, 9.5], "texture": "#0"},
				"east": {"uv": [0.5, 8.25, 1.75, 9.5], "texture": "#0"},
				"south": {"uv": [0.5, 8.25, 1.75, 9.5], "texture": "#0"},
				"west": {"uv": [0.5, 8.25, 1.75, 9.5], "texture": "#0"},
				"up": {"uv": [0.5, 8.25, 1.75, 9.5], "texture": "#0"},
				"down": {"uv": [0.5, 8.25, 1.75, 9.5], "texture": "#0"}
			}
		},
		{
			"from": [9.70874, 9.25653, 0.28422],
			"to": [10.75121, 10.66387, 5.80545],
			"rotation": {"angle": -45, "axis": "x", "origin": [7.99992, 8.91773, 4.01009]},
			"faces": {
				"north": {"uv": [1.75, 8.25, 0.5, 9.5], "texture": "#0"},
				"east": {"uv": [1.75, 8.25, 0.5, 9.5], "texture": "#0"},
				"south": {"uv": [1.75, 8.25, 0.5, 9.5], "texture": "#0"},
				"west": {"uv": [1.75, 8.25, 0.5, 9.5], "texture": "#0"},
				"up": {"uv": [1.75, 8.25, 0.5, 9.5], "texture": "#0"},
				"down": {"uv": [1.75, 8.25, 0.5, 9.5], "texture": "#0"}
			}
		},
		{
			"from": [6.2911, 7.51908, 4.57422],
			"to": [9.70874, 8.92642, 9.02295],
			"rotation": {"angle": -45, "axis": "x", "origin": [7.99992, 8.91773, 4.01009]},
			"faces": {
				"north": {"uv": [0.5, 8.25, 1.75, 9.5], "texture": "#0"},
				"east": {"uv": [0.5, 8.25, 1.75, 9.5], "texture": "#0"},
				"south": {"uv": [0.5, 8.25, 1.75, 9.5], "texture": "#0"},
				"west": {"uv": [0.5, 8.25, 1.75, 9.5], "texture": "#0"},
				"up": {"uv": [0.5, 8.25, 1.75, 9.5], "texture": "#0"},
				"down": {"uv": [0.5, 8.25, 1.75, 9.5], "texture": "#0"}
			}
		},
		{
			"from": [5.24863, 7.08473, 2.42922],
			"to": [6.2911, 8.49206, 7.95045],
			"rotation": {"angle": -45, "axis": "x", "origin": [7.99992, 8.91773, 4.01009]},
			"faces": {
				"north": {"uv": [0.5, 8.25, 1.75, 9.5], "texture": "#0"},
				"east": {"uv": [0.5, 8.25, 1.75, 9.5], "texture": "#0"},
				"south": {"uv": [0.5, 8.25, 1.75, 9.5], "texture": "#0"},
				"west": {"uv": [0.5, 8.25, 1.75, 9.5], "texture": "#0"},
				"up": {"uv": [0.5, 8.25, 1.75, 9.5], "texture": "#0"},
				"down": {"uv": [0.5, 8.25, 1.75, 9.5], "texture": "#0"}
			}
		},
		{
			"from": [9.70874, 7.08473, 2.42922],
			"to": [10.75121, 8.49206, 7.95045],
			"rotation": {"angle": -45, "axis": "x", "origin": [7.99992, 8.91773, 4.01009]},
			"faces": {
				"north": {"uv": [1.75, 8.25, 0.5, 9.5], "texture": "#0"},
				"east": {"uv": [1.75, 8.25, 0.5, 9.5], "texture": "#0"},
				"south": {"uv": [1.75, 8.25, 0.5, 9.5], "texture": "#0"},
				"west": {"uv": [1.75, 8.25, 0.5, 9.5], "texture": "#0"},
				"up": {"uv": [1.75, 8.25, 0.5, 9.5], "texture": "#0"},
				"down": {"uv": [1.75, 8.25, 0.5, 9.5], "texture": "#0"}
			}
		},
		{
			"from": [5.42994, 5.26648, 7.14822],
			"to": [10.56991, 8.33135, 13.74195],
			"rotation": {"angle": 0, "axis": "y", "origin": [11.78283, 8.41892, -28.48881]},
			"faces": {
				"north": {"uv": [0.5, 8.25, 1.75, 9.5], "texture": "#0"},
				"east": {"uv": [0.5, 8.25, 1.75, 9.5], "texture": "#0"},
				"south": {"uv": [0.5, 8.25, 1.75, 9.5], "texture": "#0"},
				"west": {"uv": [0.5, 8.25, 1.75, 9.5], "texture": "#0"},
				"up": {"uv": [0.5, 8.25, 1.75, 9.5], "texture": "#0"},
				"down": {"uv": [0.5, 8.25, 1.75, 9.5], "texture": "#0"}
			}
		},
		{
			"from": [5.99287, 8.23753, 7.14822],
			"to": [10.00697, 9.50413, 13.74195],
			"rotation": {"angle": 0, "axis": "y", "origin": [11.78283, 8.41892, -28.48881]},
			"faces": {
				"north": {"uv": [0.5, 8.25, 1.75, 9.5], "texture": "#0"},
				"east": {"uv": [0.5, 8.25, 1.75, 9.5], "texture": "#0"},
				"south": {"uv": [0.5, 8.25, 1.75, 9.5], "texture": "#0"},
				"west": {"uv": [0.5, 8.25, 1.75, 9.5], "texture": "#0"},
				"up": {"uv": [0.5, 8.25, 1.75, 9.5], "texture": "#0"},
				"down": {"uv": [0.5, 8.25, 1.75, 9.5], "texture": "#0"}
			}
		},
		{
			"from": [6.27434, 4.21099, 7.14822],
			"to": [9.7255, 5.32122, 13.74195],
			"rotation": {"angle": 0, "axis": "y", "origin": [11.78283, 8.41892, -28.48881]},
			"faces": {
				"north": {"uv": [2.5, 14, 4, 16], "texture": "#0"},
				"east": {"uv": [2.5, 14, 4, 16], "rotation": 270, "texture": "#0"},
				"south": {"uv": [2.5, 14, 4, 16], "texture": "#0"},
				"west": {"uv": [2.5, 14, 4, 16], "rotation": 90, "texture": "#0"},
				"up": {"uv": [2.5, 14, 4, 16], "texture": "#0"},
				"down": {"uv": [2.5, 14, 4, 16], "texture": "#0"}
			}
		},
		{
			"from": [6.46199, 9.56668, 8.86422],
			"to": [9.53785, 10.83327, 13.31295],
			"rotation": {"angle": -45, "axis": "x", "origin": [7.99992, 8.87083, 10.44509]},
			"faces": {
				"north": {"uv": [0.5, 8.25, 1.75, 9.5], "texture": "#0"},
				"east": {"uv": [0.5, 8.25, 1.75, 9.5], "texture": "#0"},
				"south": {"uv": [0.5, 8.25, 1.75, 9.5], "texture": "#0"},
				"west": {"uv": [0.5, 8.25, 1.75, 9.5], "texture": "#0"},
				"up": {"uv": [0.5, 8.25, 1.75, 9.5], "texture": "#0"},
				"down": {"uv": [0.5, 8.25, 1.75, 9.5], "texture": "#0"}
			}
		},
		{
			"from": [5.52377, 9.17575, 6.71922],
			"to": [6.46199, 10.44236, 12.24045],
			"rotation": {"angle": -45, "axis": "x", "origin": [7.99992, 8.87083, 10.44509]},
			"faces": {
				"north": {"uv": [0.5, 8.25, 1.75, 9.5], "texture": "#0"},
				"east": {"uv": [0.5, 8.25, 1.75, 9.5], "texture": "#0"},
				"south": {"uv": [0.5, 8.25, 1.75, 9.5], "texture": "#0"},
				"west": {"uv": [0.5, 8.25, 1.75, 9.5], "texture": "#0"},
				"up": {"uv": [0.5, 8.25, 1.75, 9.5], "texture": "#0"},
				"down": {"uv": [0.5, 8.25, 1.75, 9.5], "texture": "#0"}
			}
		},
		{
			"from": [9.53785, 9.17575, 6.71922],
			"to": [10.47608, 10.44236, 12.24045],
			"rotation": {"angle": -45, "axis": "x", "origin": [7.99992, 8.87083, 10.44509]},
			"faces": {
				"north": {"uv": [1.75, 8.25, 0.5, 9.5], "texture": "#0"},
				"east": {"uv": [1.75, 8.25, 0.5, 9.5], "texture": "#0"},
				"south": {"uv": [1.75, 8.25, 0.5, 9.5], "texture": "#0"},
				"west": {"uv": [1.75, 8.25, 0.5, 9.5], "texture": "#0"},
				"up": {"uv": [1.75, 8.25, 0.5, 9.5], "texture": "#0"},
				"down": {"uv": [1.75, 8.25, 0.5, 9.5], "texture": "#0"}
			}
		},
		{
			"from": [6.46199, 7.61204, 11.00922],
			"to": [9.53785, 8.87865, 15.45795],
			"rotation": {"angle": -45, "axis": "x", "origin": [7.99992, 8.87083, 10.44509]},
			"faces": {
				"north": {"uv": [0.5, 8.25, 1.75, 9.5], "texture": "#0"},
				"east": {"uv": [0.5, 8.25, 1.75, 9.5], "texture": "#0"},
				"south": {"uv": [0.5, 8.25, 1.75, 9.5], "texture": "#0"},
				"west": {"uv": [0.5, 8.25, 1.75, 9.5], "texture": "#0"},
				"up": {"uv": [0.5, 8.25, 1.75, 9.5], "texture": "#0"},
				"down": {"uv": [0.5, 8.25, 1.75, 9.5], "texture": "#0"}
			}
		},
		{
			"from": [5.52377, 7.22112, 8.86422],
			"to": [6.46199, 8.48772, 14.38545],
			"rotation": {"angle": -45, "axis": "x", "origin": [7.99992, 8.87083, 10.44509]},
			"faces": {
				"north": {"uv": [0.5, 8.25, 1.75, 9.5], "texture": "#0"},
				"east": {"uv": [0.5, 8.25, 1.75, 9.5], "texture": "#0"},
				"south": {"uv": [0.5, 8.25, 1.75, 9.5], "texture": "#0"},
				"west": {"uv": [0.5, 8.25, 1.75, 9.5], "texture": "#0"},
				"up": {"uv": [0.5, 8.25, 1.75, 9.5], "texture": "#0"},
				"down": {"uv": [0.5, 8.25, 1.75, 9.5], "texture": "#0"}
			}
		},
		{
			"from": [9.53785, 7.22112, 8.86422],
			"to": [10.47608, 8.48772, 14.38545],
			"rotation": {"angle": -45, "axis": "x", "origin": [7.99992, 8.87083, 10.44509]},
			"faces": {
				"north": {"uv": [1.75, 8.25, 0.5, 9.5], "texture": "#0"},
				"east": {"uv": [1.75, 8.25, 0.5, 9.5], "texture": "#0"},
				"south": {"uv": [1.75, 8.25, 0.5, 9.5], "texture": "#0"},
				"west": {"uv": [1.75, 8.25, 0.5, 9.5], "texture": "#0"},
				"up": {"uv": [1.75, 8.25, 0.5, 9.5], "texture": "#0"},
				"down": {"uv": [1.75, 8.25, 0.5, 9.5], "texture": "#0"}
			}
		},
		{
			"from": [5.68694, 5.59293, 13.58322],
			"to": [10.3129, 8.3513, 20.17695],
			"rotation": {"angle": 0, "axis": "y", "origin": [11.40454, 8.43011, -22.05381]},
			"faces": {
				"north": {"uv": [0.5, 8.25, 1.75, 9.5], "texture": "#0"},
				"east": {"uv": [0.5, 8.25, 1.75, 9.5], "texture": "#0"},
				"south": {"uv": [0.5, 8.25, 1.75, 9.5], "texture": "#0"},
				"west": {"uv": [0.5, 8.25, 1.75, 9.5], "texture": "#0"},
				"up": {"uv": [0.5, 8.25, 1.75, 9.5], "texture": "#0"},
				"down": {"uv": [0.5, 8.25, 1.75, 9.5], "texture": "#0"}
			}
		},
		{
			"from": [6.19358, 8.26686, 13.58322],
			"to": [9.80626, 9.4068, 20.17695],
			"rotation": {"angle": 0, "axis": "y", "origin": [11.40454, 8.43011, -22.05381]},
			"faces": {
				"north": {"uv": [0.5, 8.25, 1.75, 9.5], "texture": "#0"},
				"east": {"uv": [0.5, 8.25, 1.75, 9.5], "texture": "#0"},
				"south": {"uv": [0.5, 8.25, 1.75, 9.5], "texture": "#0"},
				"west": {"uv": [0.5, 8.25, 1.75, 9.5], "texture": "#0"},
				"up": {"uv": [0.5, 8.25, 1.75, 9.5], "texture": "#0"},
				"down": {"uv": [0.5, 8.25, 1.75, 9.5], "texture": "#0"}
			}
		},
		{
			"from": [6.4469, 4.64298, 13.58322],
			"to": [9.55294, 5.64219, 20.17695],
			"rotation": {"angle": 0, "axis": "y", "origin": [11.40454, 8.43011, -22.05381]},
			"faces": {
				"north": {"uv": [2.5, 14, 4, 16], "texture": "#0"},
				"east": {"uv": [2.5, 14, 4, 16], "rotation": 270, "texture": "#0"},
				"south": {"uv": [2.5, 14, 4, 16], "texture": "#0"},
				"west": {"uv": [2.5, 14, 4, 16], "rotation": 90, "texture": "#0"},
				"up": {"uv": [2.5, 14, 4, 16], "texture": "#0"},
				"down": {"uv": [2.5, 14, 4, 16], "texture": "#0"}
			}
		},
		{
			"from": [6.61578, 9.46309, 15.29922],
			"to": [9.38406, 10.60303, 19.74795],
			"rotation": {"angle": -45, "axis": "x", "origin": [7.99992, 8.83683, 16.88009]},
			"faces": {
				"north": {"uv": [0.5, 8.25, 1.75, 9.5], "texture": "#0"},
				"east": {"uv": [0.5, 8.25, 1.75, 9.5], "texture": "#0"},
				"south": {"uv": [0.5, 8.25, 1.75, 9.5], "texture": "#0"},
				"west": {"uv": [0.5, 8.25, 1.75, 9.5], "texture": "#0"},
				"up": {"uv": [0.5, 8.25, 1.75, 9.5], "texture": "#0"},
				"down": {"uv": [0.5, 8.25, 1.75, 9.5], "texture": "#0"}
			}
		},
		{
			"from": [5.77137, 9.11127, 13.15422],
			"to": [6.61578, 10.25121, 18.67545],
			"rotation": {"angle": -45, "axis": "x", "origin": [7.99992, 8.83683, 16.88009]},
			"faces": {
				"north": {"uv": [0.5, 8.25, 1.75, 9.5], "texture": "#0"},
				"east": {"uv": [0.5, 8.25, 1.75, 9.5], "texture": "#0"},
				"south": {"uv": [0.5, 8.25, 1.75, 9.5], "texture": "#0"},
				"west": {"uv": [0.5, 8.25, 1.75, 9.5], "texture": "#0"},
				"up": {"uv": [0.5, 8.25, 1.75, 9.5], "texture": "#0"},
				"down": {"uv": [0.5, 8.25, 1.75, 9.5], "texture": "#0"}
			}
		},
		{
			"from": [9.38406, 9.11127, 13.15422],
			"to": [10.22847, 10.25121, 18.67545],
			"rotation": {"angle": -45, "axis": "x", "origin": [7.99992, 8.83683, 16.88009]},
			"faces": {
				"north": {"uv": [1.75, 8.25, 0.5, 9.5], "texture": "#0"},
				"east": {"uv": [1.75, 8.25, 0.5, 9.5], "texture": "#0"},
				"south": {"uv": [1.75, 8.25, 0.5, 9.5], "texture": "#0"},
				"west": {"uv": [1.75, 8.25, 0.5, 9.5], "texture": "#0"},
				"up": {"uv": [1.75, 8.25, 0.5, 9.5], "texture": "#0"},
				"down": {"uv": [1.75, 8.25, 0.5, 9.5], "texture": "#0"}
			}
		},
		{
			"from": [6.61578, 7.70393, 17.44422],
			"to": [9.38406, 8.84387, 21.89295],
			"rotation": {"angle": -45, "axis": "x", "origin": [7.99992, 8.83683, 16.88009]},
			"faces": {
				"north": {"uv": [0.5, 8.25, 1.75, 9.5], "texture": "#0"},
				"east": {"uv": [0.5, 8.25, 1.75, 9.5], "texture": "#0"},
				"south": {"uv": [0.5, 8.25, 1.75, 9.5], "texture": "#0"},
				"west": {"uv": [0.5, 8.25, 1.75, 9.5], "texture": "#0"},
				"up": {"uv": [0.5, 8.25, 1.75, 9.5], "texture": "#0"},
				"down": {"uv": [0.5, 8.25, 1.75, 9.5], "texture": "#0"}
			}
		},
		{
			"from": [5.77137, 7.35209, 15.29922],
			"to": [6.61578, 8.49203, 20.82045],
			"rotation": {"angle": -45, "axis": "x", "origin": [7.99992, 8.83683, 16.88009]},
			"faces": {
				"north": {"uv": [0.5, 8.25, 1.75, 9.5], "texture": "#0"},
				"east": {"uv": [0.5, 8.25, 1.75, 9.5], "texture": "#0"},
				"south": {"uv": [0.5, 8.25, 1.75, 9.5], "texture": "#0"},
				"west": {"uv": [0.5, 8.25, 1.75, 9.5], "texture": "#0"},
				"up": {"uv": [0.5, 8.25, 1.75, 9.5], "texture": "#0"},
				"down": {"uv": [0.5, 8.25, 1.75, 9.5], "texture": "#0"}
			}
		},
		{
			"from": [9.38406, 7.35209, 15.29922],
			"to": [10.22847, 8.49203, 20.82045],
			"rotation": {"angle": -45, "axis": "x", "origin": [7.99992, 8.83683, 16.88009]},
			"faces": {
				"north": {"uv": [1.75, 8.25, 0.5, 9.5], "texture": "#0"},
				"east": {"uv": [1.75, 8.25, 0.5, 9.5], "texture": "#0"},
				"south": {"uv": [1.75, 8.25, 0.5, 9.5], "texture": "#0"},
				"west": {"uv": [1.75, 8.25, 0.5, 9.5], "texture": "#0"},
				"up": {"uv": [1.75, 8.25, 0.5, 9.5], "texture": "#0"},
				"down": {"uv": [1.75, 8.25, 0.5, 9.5], "texture": "#0"}
			}
		}
	],
	"display": {
		"head": {
			"translation": [0, -1.25, 20.5],
			"scale": [4, 4, 4]
		}
	},
	"groups": [
		{
			"name": "root",
			"origin": [8, 8, 8],
			"color": 0,
			"children": [
				{
					"name": "tail",
					"origin": [8, 8, 8],
					"color": 0,
					"children": [
						{
							"name": "1",
							"origin": [8, 8, 8],
							"color": 0,
							"children": [
								{
									"name": "group",
									"origin": [8, 8, 8],
									"color": 0,
									"children": [
										0,
										1,
										2,
										{
											"name": "group",
											"origin": [8.05, 10.48413, 9.47217],
											"color": 0,
											"children": [3, 4, 5]
										},
										{
											"name": "group",
											"origin": [8.05, 10.48413, 9.47217],
											"color": 0,
											"children": [6, 7, 8]
										}
									]
								},
								{
									"name": "group",
									"origin": [8, 8, 8],
									"color": 0,
									"children": [
										9,
										10,
										11,
										{
											"name": "group",
											"origin": [8.05, 10.48413, 9.47217],
											"color": 0,
											"children": [12, 13, 14]
										},
										{
											"name": "group",
											"origin": [8.05, 10.48413, 9.47217],
											"color": 0,
											"children": [15, 16, 17]
										}
									]
								},
								{
									"name": "group",
									"origin": [8, 8, 8],
									"color": 0,
									"children": [
										18,
										19,
										20,
										{
											"name": "group",
											"origin": [8.05, 10.48413, 9.47217],
											"color": 0,
											"children": [21, 22, 23]
										},
										{
											"name": "group",
											"origin": [8.05, 10.48413, 9.47217],
											"color": 0,
											"children": [24, 25, 26]
										}
									]
								}
							]
						}
					]
				}
			]
		}
	]
}