{
	"credit": "Made with Blockbench",
	"texture_size": [32, 32],
	"textures": {
		"0": "diablos/head",
		"1": "diablos/wing_0",
		"particle": "diablos/head"
	},
	"elements": [
		{
			"from": [2.59167, 7.47015, 6.44501],
			"to": [14.76364, 10.94458, 9.19198],
			"rotation": {"angle": 0, "axis": "y", "origin": [8, 8, 8]},
			"faces": {
				"north": {"uv": [6.25, 5.25, 7.75, 6.5], "rotation": 270, "texture": "#0"},
				"east": {"uv": [6.25, 5.25, 7.75, 6.5], "texture": "#0"},
				"south": {"uv": [4.25, 4.5, 5.178, 7.75106], "rotation": 90, "texture": "#0"},
				"west": {"uv": [6.25, 5.25, 7.75, 6.5], "rotation": 180, "texture": "#0"},
				"up": {"uv": [6.25, 5.25, 7.75, 6.5], "rotation": 270, "texture": "#0"},
				"down": {"uv": [6.25, 5.25, 7.75, 6.5], "rotation": 90, "texture": "#0"}
			}
		},
		{
			"from": [0.25167, 7.47015, 6.63221],
			"to": [2.59167, 10.47658, 9.00478],
			"rotation": {"angle": 0, "axis": "y", "origin": [8, 8, 8]},
			"faces": {
				"north": {"uv": [6.25, 5.25, 7.75, 6.5], "rotation": 270, "texture": "#0"},
				"east": {"uv": [6.25, 5.25, 7.75, 6.5], "texture": "#0"},
				"south": {"uv": [4.25, 4.5, 5.053, 5.125], "rotation": 90, "texture": "#0"},
				"west": {"uv": [6.25, 5.25, 7.75, 6.5], "rotation": 180, "texture": "#0"},
				"up": {"uv": [6.25, 5.25, 7.75, 6.5], "rotation": 270, "texture": "#0"},
				"down": {"uv": [6.25, 5.25, 7.75, 6.5], "rotation": 90, "texture": "#0"}
			}
		},
		{
			"from": [4.93167, 7.47015, 6.44501],
			"to": [14.76364, 11.41258, 10.59598],
			"rotation": {"angle": 0, "axis": "y", "origin": [8, 8, 8]},
			"faces": {
				"north": {"uv": [6.25, 5.25, 7.75, 6.5], "rotation": 270, "texture": "#0"},
				"east": {"uv": [6.25, 5.25, 7.75, 6.5], "texture": "#0"},
				"south": {"uv": [4.25, 4.5, 5.303, 7.12606], "rotation": 90, "texture": "#0"},
				"west": {"uv": [6.25, 5.25, 7.75, 6.5], "rotation": 180, "texture": "#0"},
				"up": {"uv": [6.25, 5.25, 7.75, 6.5], "rotation": 270, "texture": "#0"},
				"down": {"uv": [6.25, 5.25, 7.75, 6.5], "rotation": 90, "texture": "#0"}
			}
		},
		{
			"from": [6.33567, 11.21415, 6.63221],
			"to": [14.76364, 12.34858, 9.65998],
			"rotation": {"angle": 0, "axis": "y", "origin": [8, 8, 8]},
			"faces": {
				"north": {"uv": [6.25, 5.25, 7.75, 6.5], "rotation": 270, "texture": "#0"},
				"east": {"uv": [6.25, 5.25, 7.75, 6.5], "texture": "#0"},
				"south": {"uv": [4.25, 4.5, 4.553, 6.75106], "rotation": 90, "texture": "#0"},
				"west": {"uv": [6.25, 5.25, 7.75, 6.5], "rotation": 180, "texture": "#0"},
				"up": {"uv": [6.25, 5.25, 7.75, 6.5], "rotation": 270, "texture": "#0"},
				"down": {"uv": [6.25, 5.25, 7.75, 6.5], "rotation": 90, "texture": "#0"}
			}
		},
		{
			"from": [-0.26313, 6.95535, 5.93021],
			"to": [14.76364, 9.96178, 9.70678],
			"rotation": {"angle": 0, "axis": "y", "origin": [8, 8, 8]},
			"faces": {
				"north": {"uv": [6.25, 5.25, 7.75, 6.5], "rotation": 270, "texture": "#0"},
				"east": {"uv": [6.25, 5.25, 7.75, 6.5], "texture": "#0"},
				"south": {"uv": [4.25, 4.5, 5.053, 8.51356], "rotation": 90, "texture": "#0"},
				"west": {"uv": [6.25, 5.25, 7.75, 6.5], "rotation": 180, "texture": "#0"},
				"up": {"uv": [6.25, 5.25, 7.75, 6.5], "rotation": 270, "texture": "#0"},
				"down": {"uv": [6.25, 5.25, 7.75, 6.5], "rotation": 90, "texture": "#0"}
			}
		},
		{
			"from": [12.02655, 6.44055, 5.72429],
			"to": [15.27844, 10.1677, 9.9127],
			"rotation": {"angle": 0, "axis": "y", "origin": [8, 8, 8]},
			"faces": {
				"north": {"uv": [6.25, 5.25, 7.75, 6.5], "rotation": 270, "texture": "#0"},
				"east": {"uv": [6.25, 5.25, 7.75, 6.5], "texture": "#0"},
				"south": {"uv": [4.25, 4.5, 5.2455, 5.36856], "rotation": 90, "texture": "#0"},
				"west": {"uv": [6.25, 5.25, 7.75, 6.5], "rotation": 180, "texture": "#0"},
				"up": {"uv": [6.25, 5.25, 7.75, 6.5], "rotation": 270, "texture": "#0"},
				"down": {"uv": [6.25, 5.25, 7.75, 6.5], "rotation": 90, "texture": "#0"}
			}
		},
		{
			"from": [-5.20026, -8.58748, 8.05942],
			"to": [14.40145, 8.25513, 8.05942],
			"rotation": {"angle": 0, "axis": "y", "origin": [8, 8, 8]},
			"faces": {
				"north": {"uv": [0, 0.75, 11.25, 9], "texture": "#1"},
				"east": {"uv": [0, 0, 0, 0], "rotation": 270, "texture": "#1"},
				"south": {"uv": [11.25, 0.75, 0, 9], "texture": "#1"},
				"west": {"uv": [0, 0, 0, 0], "rotation": 90, "texture": "#1"},
				"up": {"uv": [0, 0, 0, 0], "rotation": 180, "texture": "#1"},
				"down": {"uv": [0, 0, 0, 0], "texture": "#1"}
			}
		}
	],
	"display": {
		"head": {
			"translation": [-22.5, -9, 0],
			"scale": [4, 4, 4]
		}
	},
	"groups": [
		{
			"name": "root",
			"origin": [8, 8, 8],
			"color": 0,
			"children": [
				{
					"name": "wing_l_close",
					"origin": [8, 8, 8],
					"color": 0,
					"children": [
						{
							"name": "0",
							"origin": [5.5, 8.44331, 2.22471],
							"color": 0,
							"children": [0, 1, 2, 3, 4, 5, 6]
						}
					]
				}
			]
		}
	]
}