{
	"credit": "Made with Blockbench",
	"texture_size": [32, 32],
	"textures": {
		"0": "dyno/head",
		"particle": "dyno/head"
	},
	"elements": [
		{
			"from": [3.43544, 1.78636, 4.90717],
			"to": [12.56456, 8.37236, 9.08048],
			"rotation": {"angle": 0, "axis": "y", "origin": [10.64744, 7.78549, 12.99296]},
			"faces": {
				"north": {"uv": [11.5, 5.25, 13.25, 5.5], "rotation": 90, "texture": "#0"},
				"east": {"uv": [11.5, 5, 13.25, 5.75], "rotation": 270, "texture": "#0"},
				"south": {"uv": [11.5, 5, 13.25, 5.75], "rotation": 90, "texture": "#0"},
				"west": {"uv": [11.5, 5, 13.25, 5.75], "rotation": 90, "texture": "#0"},
				"up": {"uv": [11.5, 5, 13.25, 5.75], "rotation": 90, "texture": "#0"},
				"down": {"uv": [11.5, 5, 13.25, 5.75], "rotation": 270, "texture": "#0"}
			}
		},
		{
			"from": [4.3731, -0.86606, 4.90717],
			"to": [11.6269, 1.85156, 7.65256],
			"rotation": {"angle": 0, "axis": "y", "origin": [10.64744, 1.26469, 12.99296]},
			"faces": {
				"north": {"uv": [16, 0, 13.25, 1.5], "texture": "#0"},
				"east": {"uv": [16, 0, 13.25, 1.5], "texture": "#0"},
				"south": {"uv": [16, 0, 13.25, 1.5], "texture": "#0"},
				"west": {"uv": [16, 0, 13.25, 1.5], "texture": "#0"},
				"up": {"uv": [16, 0, 13.25, 1.5], "texture": "#0"},
				"down": {"uv": [16, 0, 13.25, 1.5], "texture": "#0"}
			}
		},
		{
			"from": [3.9571, -1.90606, 7.50717],
			"to": [12.0429, 1.85156, 9.73256],
			"rotation": {"angle": 0, "axis": "y", "origin": [10.64744, 1.26469, 12.99296]},
			"faces": {
				"north": {"uv": [16, 0, 13.25, 1.5], "texture": "#0"},
				"east": {"uv": [16, 0, 13.25, 1.5], "texture": "#0"},
				"south": {"uv": [16, 0, 13.25, 1.5], "texture": "#0"},
				"west": {"uv": [16, 0, 13.25, 1.5], "texture": "#0"},
				"up": {"uv": [16, 0, 13.25, 1.5], "texture": "#0"},
				"down": {"uv": [16, 0, 13.25, 1.5], "texture": "#0"}
			}
		},
		{
			"from": [3.69627, -2.79692, 9.73256],
			"to": [12.30373, 1.00386, 14.42753],
			"rotation": {"angle": 0, "axis": "y", "origin": [10.64744, 0.4822, 17.81835]},
			"faces": {
				"north": {"uv": [16, 0, 13.25, 1.5], "texture": "#0"},
				"east": {"uv": [16, 0, 13.25, 1.5], "texture": "#0"},
				"south": {"uv": [16, 0, 13.25, 1.5], "texture": "#0"},
				"west": {"uv": [16, 0, 13.25, 1.5], "texture": "#0"},
				"up": {"uv": [16, 0, 13.25, 1.5], "texture": "#0"},
				"down": {"uv": [16, 0, 13.25, 1.5], "texture": "#0"}
			}
		},
		{
			"from": [3.17461, 1.00386, 8.16757],
			"to": [12.82539, 10.45902, 14.42753],
			"rotation": {"angle": 0, "axis": "y", "origin": [10.64744, 9.87215, 16.25336]},
			"faces": {
				"north": {"uv": [11.5, 1.5, 13.25, 3], "texture": "#0"},
				"east": {"uv": [11.5, 1.5, 13.25, 3], "texture": "#0"},
				"south": {"uv": [11.5, 1.5, 13.25, 3], "texture": "#0"},
				"west": {"uv": [11.5, 1.5, 13.25, 3], "texture": "#0"},
				"up": {"uv": [11.5, 1.5, 13.25, 2.75], "rotation": 90, "texture": "#0"},
				"down": {"uv": [11.5, 1.5, 13.25, 3], "texture": "#0"}
			}
		},
		{
			"from": [1.87045, 2.9601, 7.51549],
			"to": [14.12955, 8.50278, 14.42753],
			"rotation": {"angle": 0, "axis": "y", "origin": [10.64744, 9.87215, 16.25336]},
			"faces": {
				"north": {"uv": [7.25, 8.25, 8.5, 9.25], "texture": "#0"},
				"east": {"uv": [7.25, 8.25, 8.5, 9.25], "texture": "#0"},
				"south": {"uv": [7.25, 8.25, 8.5, 9.25], "texture": "#0"},
				"west": {"uv": [7.25, 8.25, 8.5, 9.25], "texture": "#0"},
				"up": {"uv": [7.25, 8.25, 8.5, 9.25], "texture": "#0"},
				"down": {"uv": [7.25, 8.25, 8.5, 9.25], "texture": "#0"}
			}
		},
		{
			"from": [2.39211, 4.26426, 5.55925],
			"to": [13.60789, 7.19862, 8.55881],
			"rotation": {"angle": 0, "axis": "y", "origin": [10.64744, 9.87215, 16.25336]},
			"faces": {
				"north": {"uv": [7.25, 8.5, 8.5, 9.5], "texture": "#0"},
				"east": {"uv": [7.25, 8.5, 8.5, 9.5], "texture": "#0"},
				"south": {"uv": [7.25, 8.5, 8.5, 9.5], "texture": "#0"},
				"west": {"uv": [7.25, 8.5, 8.5, 9.5], "texture": "#0"},
				"up": {"uv": [7.25, 8.5, 8.5, 9.5], "texture": "#0"},
				"down": {"uv": [7.25, 8.5, 8.5, 9.5], "texture": "#0"}
			}
		},
		{
			"from": [4.47877, 8.30716, 4.90717],
			"to": [11.52123, 10.19819, 11.16713],
			"rotation": {"angle": 0, "axis": "y", "origin": [10.64744, 10.39381, 12.99296]},
			"faces": {
				"north": {"uv": [11.5, 1.5, 12, 2.75], "rotation": 90, "texture": "#0"},
				"east": {"uv": [11.5, 2.25, 13.25, 2.75], "texture": "#0"},
				"south": {"uv": [11.5, 3, 13.25, 4.5], "texture": "#0"},
				"west": {"uv": [11.5, 2.25, 13.25, 2.75], "texture": "#0"},
				"up": {"uv": [11.5, 1.5, 13.25, 2.75], "rotation": 90, "texture": "#0"},
				"down": {"uv": [11.5, 3, 13.25, 4.5], "texture": "#0"}
			}
		},
		{
			"from": [5.95247, 9.08285, 3.96275],
			"to": [7.4155, 11.60451, 6.56846],
			"rotation": {"angle": -22.5, "axis": "x", "origin": [4.41356, 10.47504, 7.1378]},
			"faces": {
				"north": {"uv": [6.75, 8.5, 8.5, 9.5], "texture": "#0"},
				"east": {"uv": [6.75, 8.5, 8.5, 9.5], "texture": "#0"},
				"south": {"uv": [6.75, 8.5, 8.5, 9.5], "texture": "#0"},
				"west": {"uv": [6.75, 8.5, 8.5, 9.5], "texture": "#0"},
				"up": {"uv": [6.75, 8.5, 8.5, 9.5], "texture": "#0"},
				"down": {"uv": [6.75, 8.5, 8.5, 9.5], "texture": "#0"}
			}
		},
		{
			"from": [6.14548, 10.62269, 4.10907],
			"to": [7.22248, 12.95133, 5.48887],
			"rotation": {"angle": 0, "axis": "y", "origin": [4.41356, 10.47504, 7.1378]},
			"faces": {
				"north": {"uv": [6.75, 8.5, 8.5, 9.5], "texture": "#0"},
				"east": {"uv": [6.75, 8.5, 8.5, 9.5], "texture": "#0"},
				"south": {"uv": [6.75, 8.5, 8.5, 9.5], "texture": "#0"},
				"west": {"uv": [6.75, 8.5, 8.5, 9.5], "texture": "#0"},
				"up": {"uv": [6.75, 8.5, 8.5, 9.5], "texture": "#0"},
				"down": {"uv": [6.75, 8.5, 8.5, 9.5], "texture": "#0"}
			}
		},
		{
			"from": [2.82248, 6.44855, 6.98303],
			"to": [4.28552, 9.05426, 10.21604],
			"rotation": {"angle": 45, "axis": "x", "origin": [4.41356, 10.47504, 7.1378]},
			"faces": {
				"north": {"uv": [6.75, 8.5, 8.5, 9.5], "rotation": 270, "texture": "#0"},
				"east": {"uv": [6.75, 8.5, 8.5, 9.5], "rotation": 270, "texture": "#0"},
				"south": {"uv": [6.75, 8.5, 8.5, 9.5], "rotation": 270, "texture": "#0"},
				"west": {"uv": [6.75, 8.5, 8.5, 9.5], "rotation": 270, "texture": "#0"},
				"up": {"uv": [6.75, 8.5, 8.5, 9.5], "rotation": 270, "texture": "#0"},
				"down": {"uv": [6.75, 8.5, 8.5, 9.5], "rotation": 270, "texture": "#0"}
			}
		},
		{
			"from": [3.0155, 8.73914, 3.96767],
			"to": [4.0925, 11.77914, 5.34747],
			"rotation": {"angle": -22.5, "axis": "x", "origin": [4.41356, 10.47504, 7.1378]},
			"faces": {
				"north": {"uv": [6.75, 8.5, 8.5, 9.5], "texture": "#0"},
				"east": {"uv": [6.75, 8.5, 8.5, 9.5], "texture": "#0"},
				"south": {"uv": [6.75, 8.5, 8.5, 9.5], "texture": "#0"},
				"west": {"uv": [6.75, 8.5, 8.5, 9.5], "texture": "#0"},
				"up": {"uv": [6.75, 8.5, 8.5, 9.5], "texture": "#0"},
				"down": {"uv": [6.75, 8.5, 8.5, 9.5], "texture": "#0"}
			}
		},
		{
			"from": [3.48239, 10.3762, 2.02793],
			"to": [4.40811, 12.32723, 5.64306],
			"rotation": {"angle": 45, "axis": "x", "origin": [4.41356, 10.47504, 7.1378]},
			"faces": {
				"north": {"uv": [11.75, 7.75, 13, 8.25], "rotation": 270, "texture": "#0"},
				"east": {"uv": [11.75, 7.75, 13, 8.25], "rotation": 270, "texture": "#0"},
				"south": {"uv": [11.75, 7.75, 13, 8.25], "rotation": 270, "texture": "#0"},
				"west": {"uv": [11.75, 7.75, 13, 8.25], "rotation": 270, "texture": "#0"},
				"up": {"uv": [11.75, 7.75, 13, 8.25], "rotation": 270, "texture": "#0"},
				"down": {"uv": [11.75, 7.75, 13, 8.25], "rotation": 270, "texture": "#0"}
			}
		},
		{
			"from": [3.02333, 9.86655, 7.93963],
			"to": [4.86717, 13.76859, 11.66953],
			"rotation": {"angle": 22.5, "axis": "x", "origin": [4.41356, 10.47504, 7.1378]},
			"faces": {
				"north": {"uv": [6.75, 8.5, 8.5, 9.5], "rotation": 270, "texture": "#0"},
				"east": {"uv": [6.75, 8.5, 8.5, 9.5], "rotation": 270, "texture": "#0"},
				"south": {"uv": [6.75, 8.5, 8.5, 9.5], "rotation": 270, "texture": "#0"},
				"west": {"uv": [6.75, 8.5, 8.5, 9.5], "rotation": 270, "texture": "#0"},
				"up": {"uv": [6.75, 8.5, 8.5, 9.5], "rotation": 270, "texture": "#0"},
				"down": {"uv": [6.75, 8.5, 8.5, 9.5], "rotation": 270, "texture": "#0"}
			}
		},
		{
			"from": [2.79379, 3.04046, 7.80668],
			"to": [5.0967, 7.68849, 11.93826],
			"rotation": {"angle": -45, "axis": "x", "origin": [4.41356, 10.47504, 7.1378]},
			"faces": {
				"north": {"uv": [6.75, 8.5, 8.5, 9.5], "texture": "#0"},
				"east": {"uv": [6.75, 8.5, 8.5, 9.5], "texture": "#0"},
				"south": {"uv": [6.75, 8.5, 8.5, 9.5], "texture": "#0"},
				"west": {"uv": [6.75, 8.5, 8.5, 9.5], "texture": "#0"},
				"up": {"uv": [6.75, 8.5, 8.5, 9.5], "texture": "#0"},
				"down": {"uv": [6.75, 8.5, 8.5, 9.5], "texture": "#0"}
			}
		},
		{
			"from": [3.25286, 10.44038, 5.07048],
			"to": [4.63764, 13.53906, 8.91514],
			"rotation": {"angle": 22.5, "axis": "x", "origin": [4.41356, 10.47504, 7.1378]},
			"faces": {
				"north": {"uv": [11.5, 7.25, 13.25, 8.25], "rotation": 90, "texture": "#0"},
				"east": {"uv": [11.5, 7.25, 13.25, 8.25], "rotation": 270, "texture": "#0"},
				"south": {"uv": [11.5, 7.25, 13.25, 8.25], "rotation": 90, "texture": "#0"},
				"west": {"uv": [11.5, 7.25, 13.25, 8.25], "rotation": 90, "texture": "#0"},
				"up": {"uv": [11.5, 7.25, 13.25, 8.25], "rotation": 180, "texture": "#0"},
				"down": {"uv": [11.5, 7.25, 13.25, 8.25], "texture": "#0"}
			}
		},
		{
			"from": [8.5845, 9.08285, 3.96275],
			"to": [10.04753, 11.60451, 6.56846],
			"rotation": {"angle": -22.5, "axis": "x", "origin": [11.58644, 10.47504, 7.1378]},
			"faces": {
				"north": {"uv": [6.75, 8.5, 8.5, 9.5], "texture": "#0"},
				"east": {"uv": [6.75, 8.5, 8.5, 9.5], "texture": "#0"},
				"south": {"uv": [6.75, 8.5, 8.5, 9.5], "texture": "#0"},
				"west": {"uv": [6.75, 8.5, 8.5, 9.5], "texture": "#0"},
				"up": {"uv": [6.75, 8.5, 8.5, 9.5], "texture": "#0"},
				"down": {"uv": [6.75, 8.5, 8.5, 9.5], "texture": "#0"}
			}
		},
		{
			"from": [8.77752, 10.62269, 4.10907],
			"to": [9.85452, 12.95133, 5.48887],
			"rotation": {"angle": 0, "axis": "y", "origin": [11.58644, 10.47504, 7.1378]},
			"faces": {
				"north": {"uv": [6.75, 8.5, 8.5, 9.5], "texture": "#0"},
				"east": {"uv": [6.75, 8.5, 8.5, 9.5], "texture": "#0"},
				"south": {"uv": [6.75, 8.5, 8.5, 9.5], "texture": "#0"},
				"west": {"uv": [6.75, 8.5, 8.5, 9.5], "texture": "#0"},
				"up": {"uv": [6.75, 8.5, 8.5, 9.5], "texture": "#0"},
				"down": {"uv": [6.75, 8.5, 8.5, 9.5], "texture": "#0"}
			}
		},
		{
			"from": [11.71448, 6.44855, 6.98303],
			"to": [13.17752, 9.05426, 10.21604],
			"rotation": {"angle": 45, "axis": "x", "origin": [11.58644, 10.47504, 7.1378]},
			"faces": {
				"north": {"uv": [6.75, 8.5, 8.5, 9.5], "rotation": 90, "texture": "#0"},
				"east": {"uv": [6.75, 8.5, 8.5, 9.5], "rotation": 90, "texture": "#0"},
				"south": {"uv": [6.75, 8.5, 8.5, 9.5], "rotation": 90, "texture": "#0"},
				"west": {"uv": [6.75, 8.5, 8.5, 9.5], "rotation": 90, "texture": "#0"},
				"up": {"uv": [6.75, 8.5, 8.5, 9.5], "rotation": 90, "texture": "#0"},
				"down": {"uv": [6.75, 8.5, 8.5, 9.5], "rotation": 90, "texture": "#0"}
			}
		},
		{
			"from": [11.9075, 8.73914, 3.96767],
			"to": [12.9845, 11.77914, 5.34747],
			"rotation": {"angle": -22.5, "axis": "x", "origin": [11.58644, 10.47504, 7.1378]},
			"faces": {
				"north": {"uv": [6.75, 8.5, 8.5, 9.5], "texture": "#0"},
				"east": {"uv": [6.75, 8.5, 8.5, 9.5], "texture": "#0"},
				"south": {"uv": [6.75, 8.5, 8.5, 9.5], "texture": "#0"},
				"west": {"uv": [6.75, 8.5, 8.5, 9.5], "texture": "#0"},
				"up": {"uv": [6.75, 8.5, 8.5, 9.5], "texture": "#0"},
				"down": {"uv": [6.75, 8.5, 8.5, 9.5], "texture": "#0"}
			}
		},
		{
			"from": [11.59189, 10.3762, 2.02793],
			"to": [12.51761, 12.32723, 5.64306],
			"rotation": {"angle": 45, "axis": "x", "origin": [11.58644, 10.47504, 7.1378]},
			"faces": {
				"north": {"uv": [11.75, 7.75, 13, 8.25], "rotation": 90, "texture": "#0"},
				"east": {"uv": [11.75, 7.75, 13, 8.25], "rotation": 90, "texture": "#0"},
				"south": {"uv": [11.75, 7.75, 13, 8.25], "rotation": 90, "texture": "#0"},
				"west": {"uv": [11.75, 7.75, 13, 8.25], "rotation": 90, "texture": "#0"},
				"up": {"uv": [11.75, 7.75, 13, 8.25], "rotation": 90, "texture": "#0"},
				"down": {"uv": [11.75, 7.75, 13, 8.25], "rotation": 90, "texture": "#0"}
			}
		},
		{
			"from": [11.13283, 9.86655, 7.93963],
			"to": [12.97667, 13.76859, 11.66953],
			"rotation": {"angle": 22.5, "axis": "x", "origin": [11.58644, 10.47504, 7.1378]},
			"faces": {
				"north": {"uv": [6.75, 8.5, 8.5, 9.5], "rotation": 90, "texture": "#0"},
				"east": {"uv": [6.75, 8.5, 8.5, 9.5], "rotation": 90, "texture": "#0"},
				"south": {"uv": [6.75, 8.5, 8.5, 9.5], "rotation": 90, "texture": "#0"},
				"west": {"uv": [6.75, 8.5, 8.5, 9.5], "rotation": 90, "texture": "#0"},
				"up": {"uv": [6.75, 8.5, 8.5, 9.5], "rotation": 90, "texture": "#0"},
				"down": {"uv": [6.75, 8.5, 8.5, 9.5], "rotation": 90, "texture": "#0"}
			}
		},
		{
			"from": [10.9033, 3.04046, 7.80668],
			"to": [13.20621, 7.68849, 11.93826],
			"rotation": {"angle": -45, "axis": "x", "origin": [11.58644, 10.47504, 7.1378]},
			"faces": {
				"north": {"uv": [6.75, 8.5, 8.5, 9.5], "texture": "#0"},
				"east": {"uv": [6.75, 8.5, 8.5, 9.5], "texture": "#0"},
				"south": {"uv": [6.75, 8.5, 8.5, 9.5], "texture": "#0"},
				"west": {"uv": [6.75, 8.5, 8.5, 9.5], "texture": "#0"},
				"up": {"uv": [6.75, 8.5, 8.5, 9.5], "texture": "#0"},
				"down": {"uv": [6.75, 8.5, 8.5, 9.5], "texture": "#0"}
			}
		},
		{
			"from": [11.36236, 10.44038, 5.07048],
			"to": [12.74714, 13.53906, 8.91514],
			"rotation": {"angle": 22.5, "axis": "x", "origin": [11.58644, 10.47504, 7.1378]},
			"faces": {
				"north": {"uv": [11.5, 7.25, 13.25, 8.25], "rotation": 90, "texture": "#0"},
				"east": {"uv": [11.5, 7.25, 13.25, 8.25], "rotation": 270, "texture": "#0"},
				"south": {"uv": [11.5, 7.25, 13.25, 8.25], "rotation": 90, "texture": "#0"},
				"west": {"uv": [11.5, 7.25, 13.25, 8.25], "rotation": 90, "texture": "#0"},
				"up": {"uv": [11.5, 7.25, 13.25, 8.25], "rotation": 180, "texture": "#0"},
				"down": {"uv": [11.5, 7.25, 13.25, 8.25], "texture": "#0"}
			}
		},
		{
			"from": [7.08709, 9.4809, 6.34174],
			"to": [8.91291, 12.41526, 13.12337],
			"rotation": {"angle": 0, "axis": "y", "origin": [10.64744, 11.82839, 16.25336]},
			"faces": {
				"north": {"uv": [4.25, 4.5, 6, 5], "texture": "#0"},
				"east": {"uv": [4.25, 4.5, 6, 5], "texture": "#0"},
				"south": {"uv": [4.25, 4.5, 6, 5], "texture": "#0"},
				"west": {"uv": [4.25, 4.5, 6, 5], "texture": "#0"},
				"up": {"uv": [4.25, 4.5, 6, 5], "rotation": 90, "texture": "#0"},
				"down": {"uv": [4.25, 4.5, 6, 5], "texture": "#0"}
			}
		},
		{
			"from": [0.32917, -0.47018, 8.20017],
			"to": [15.67083, 4.07066, 11.96445],
			"rotation": {"angle": 22.5, "axis": "x", "origin": [8, 4.17144, 10.97151]},
			"faces": {
				"north": {"uv": [7.25, 8.5, 8.5, 9.5], "rotation": 180, "texture": "#0"},
				"east": {"uv": [7.25, 8.5, 8.5, 9.5], "rotation": 180, "texture": "#0"},
				"south": {"uv": [7.25, 8.5, 8.5, 9.5], "rotation": 180, "texture": "#0"},
				"west": {"uv": [7.25, 8.5, 8.5, 9.5], "rotation": 180, "texture": "#0"},
				"up": {"uv": [7.25, 8.5, 8.5, 9.5], "rotation": 180, "texture": "#0"},
				"down": {"uv": [7.25, 8.5, 8.5, 9.5], "rotation": 180, "texture": "#0"}
			}
		},
		{
			"from": [1.27765, 3.13316, 9.73164],
			"to": [14.72235, 7.43688, 12.78456],
			"rotation": {"angle": 45, "axis": "x", "origin": [8, 5.40358, 11.37666]},
			"faces": {
				"north": {"uv": [7.25, 8.5, 8.5, 9.5], "rotation": 180, "texture": "#0"},
				"east": {"uv": [7.25, 8.5, 8.5, 9.5], "rotation": 180, "texture": "#0"},
				"south": {"uv": [7.25, 8.5, 8.5, 9.5], "rotation": 180, "texture": "#0"},
				"west": {"uv": [7.25, 8.5, 8.5, 9.5], "rotation": 180, "texture": "#0"},
				"up": {"uv": [7.25, 8.5, 8.5, 9.5], "rotation": 180, "texture": "#0"},
				"down": {"uv": [7.25, 8.5, 8.5, 9.5], "rotation": 180, "texture": "#0"}
			}
		}
	],
	"display": {
		"head": {
			"translation": [0, 6.75, -14.5],
			"scale": [4, 4, 4]
		}
	},
	"groups": [
		{
			"name": "body",
			"origin": [8, 8, 8],
			"color": 0,
			"children": [
				{
					"name": "0",
					"origin": [8, 8, 8],
					"color": 0,
					"children": [
						0,
						1,
						2,
						3,
						4,
						5,
						6,
						7,
						{
							"name": "kazari",
							"origin": [8, 8, 8],
							"color": 0,
							"children": [
								{
									"name": "group",
									"origin": [6.3, 9.61571, -3.84117],
									"color": 0,
									"children": [8, 9]
								},
								{
									"name": "group",
									"origin": [6.3, 9.61571, -3.84117],
									"color": 0,
									"children": [10, 11]
								},
								{
									"name": "group",
									"origin": [6.312, 10.11373, -1.63561],
									"color": 0,
									"children": [12, 13, 14, 15]
								}
							]
						},
						{
							"name": "kazari",
							"origin": [8, 8, 8],
							"color": 0,
							"children": [
								{
									"name": "group",
									"origin": [6.3, 9.61571, -3.84117],
									"color": 0,
									"children": [16, 17]
								},
								{
									"name": "group",
									"origin": [6.3, 9.61571, -3.84117],
									"color": 0,
									"children": [18, 19]
								},
								{
									"name": "group",
									"origin": [6.312, 10.11373, -1.63561],
									"color": 0,
									"children": [20, 21, 22, 23]
								}
							]
						},
						24,
						25,
						26
					]
				}
			]
		}
	]
}