{
	"credit": "Made with Blockbench",
	"texture_size": [32, 32],
	"textures": {
		"0": "dyno/head",
		"particle": "dyno/head"
	},
	"elements": [
		{
			"from": [4.86935, 6.31286, 6.84012],
			"to": [10.87319, 21.95966, 12.32712],
			"rotation": {"angle": 0, "axis": "x", "origin": [8, 14, 8]},
			"faces": {
				"north": {"uv": [13.25, 2.75, 16, 4], "rotation": 90, "texture": "#0"},
				"east": {"uv": [13.25, 1.75, 16, 3], "rotation": 90, "texture": "#0"},
				"south": {"uv": [13.25, 0.25, 16, 1.5], "rotation": 90, "texture": "#0"},
				"west": {"uv": [13.25, 1.75, 16, 3], "rotation": 90, "texture": "#0"},
				"up": {"uv": [13.25, 1.75, 14.5, 3], "rotation": 180, "texture": "#0"},
				"down": {"uv": [14.25, 2.5, 16, 3.75], "texture": "#0"}
			}
		},
		{
			"from": [6.28535, 4.89686, 7.12332],
			"to": [10.16519, 7.79966, 10.91112],
			"rotation": {"angle": 0, "axis": "x", "origin": [8, 14, 8]},
			"faces": {
				"north": {"uv": [14, 3.25, 15, 3.75], "rotation": 180, "texture": "#0"},
				"east": {"uv": [14, 3.25, 15, 3.75], "rotation": 180, "texture": "#0"},
				"south": {"uv": [14, 3.25, 15, 3.75], "rotation": 180, "texture": "#0"},
				"west": {"uv": [14, 3.25, 15, 3.75], "rotation": 180, "texture": "#0"},
				"up": {"uv": [14, 3.25, 15, 3.75], "rotation": 180, "texture": "#0"},
				"down": {"uv": [14, 3.25, 15, 3.75], "rotation": 180, "texture": "#0"}
			}
		},
		{
			"from": [6.28535, 9.42806, 10.38012],
			"to": [10.16519, 20.54366, 13.74312],
			"rotation": {"angle": 0, "axis": "x", "origin": [8, 14, 8]},
			"faces": {
				"north": {"uv": [14.75, 0, 13.5, 1.5], "texture": "#0"},
				"east": {"uv": [14.75, 0, 13.5, 1.5], "texture": "#0"},
				"south": {"uv": [14.75, 0, 13.5, 2.5], "texture": "#0"},
				"west": {"uv": [14.75, 0, 13.5, 1.5], "texture": "#0"},
				"up": {"uv": [14.75, 0, 13.5, 1.5], "texture": "#0"},
				"down": {"uv": [14.75, 0, 13.5, 1.5], "texture": "#0"}
			}
		},
		{
			"from": [6.28535, 8.72006, 4.00812],
			"to": [10.58999, 19.83566, 10.20312],
			"rotation": {"angle": 0, "axis": "x", "origin": [8, 14, 8]},
			"faces": {
				"north": {"uv": [8.25, 10, 7.25, 8], "rotation": 180, "texture": "#0"},
				"east": {"uv": [8.25, 10, 7.25, 8], "rotation": 180, "texture": "#0"},
				"south": {"uv": [8.25, 10, 7.25, 8], "rotation": 180, "texture": "#0"},
				"west": {"uv": [8.25, 10, 7.25, 8], "rotation": 180, "texture": "#0"},
				"up": {"uv": [8.25, 10, 7.25, 8], "rotation": 180, "texture": "#0"},
				"down": {"uv": [8.25, 10, 7.25, 8], "rotation": 180, "texture": "#0"}
			}
		},
		{
			"from": [6.00215, 19.34006, 4.71612],
			"to": [9.74039, 22.66766, 10.20312],
			"rotation": {"angle": 0, "axis": "x", "origin": [8, 14, 8]},
			"faces": {
				"north": {"uv": [8.25, 10, 7.25, 8], "rotation": 180, "texture": "#0"},
				"east": {"uv": [8.25, 10, 7.25, 8], "rotation": 180, "texture": "#0"},
				"south": {"uv": [8.25, 10, 7.25, 8], "rotation": 180, "texture": "#0"},
				"west": {"uv": [8.25, 10, 7.25, 8], "rotation": 180, "texture": "#0"},
				"up": {"uv": [8.25, 10, 7.25, 8], "rotation": 180, "texture": "#0"},
				"down": {"uv": [8.25, 10, 7.25, 8], "rotation": 180, "texture": "#0"}
			}
		},
		{
			"from": [5.43575, 19.65449, 2.43863],
			"to": [8.60759, 24.00869, 5.76623],
			"rotation": {"angle": 22.5, "axis": "x", "origin": [8, 14, 8]},
			"faces": {
				"north": {"uv": [8.25, 10, 7.25, 8], "texture": "#0"},
				"east": {"uv": [8.25, 10, 7.25, 8], "rotation": 270, "texture": "#0"},
				"south": {"uv": [8.25, 10, 7.25, 8], "rotation": 180, "texture": "#0"},
				"west": {"uv": [8.25, 10, 7.25, 8], "rotation": 90, "texture": "#0"},
				"up": {"uv": [8.25, 10, 7.25, 8], "rotation": 180, "texture": "#0"},
				"down": {"uv": [8.25, 10, 7.25, 8], "texture": "#0"}
			}
		},
		{
			"from": [5.71895, 18.06635, 5.37914],
			"to": [8.60759, 21.42935, 8.14034],
			"rotation": {"angle": 0, "axis": "x", "origin": [8, 14, 8]},
			"faces": {
				"north": {"uv": [8.25, 10, 7.25, 8], "rotation": 180, "texture": "#0"},
				"east": {"uv": [8.25, 10, 7.25, 8], "rotation": 180, "texture": "#0"},
				"south": {"uv": [8.25, 10, 7.25, 8], "rotation": 180, "texture": "#0"},
				"west": {"uv": [8.25, 10, 7.25, 8], "rotation": 180, "texture": "#0"},
				"up": {"uv": [8.25, 10, 7.25, 8], "rotation": 180, "texture": "#0"},
				"down": {"uv": [8.25, 10, 7.25, 8], "rotation": 180, "texture": "#0"}
			}
		},
		{
			"from": [6.00215, 23.05289, 3.14663],
			"to": [8.04119, 26.84069, 5.48303],
			"rotation": {"angle": 22.5, "axis": "x", "origin": [8, 14, 8]},
			"faces": {
				"north": {"uv": [8.25, 10, 7.25, 8], "texture": "#0"},
				"east": {"uv": [8.25, 10, 7.25, 8], "rotation": 270, "texture": "#0"},
				"south": {"uv": [8.25, 10, 7.25, 8], "rotation": 180, "texture": "#0"},
				"west": {"uv": [8.25, 10, 7.25, 8], "rotation": 90, "texture": "#0"},
				"up": {"uv": [8.25, 10, 7.25, 8], "rotation": 180, "texture": "#0"},
				"down": {"uv": [8.25, 10, 7.25, 8], "texture": "#0"}
			}
		},
		{
			"from": [7.13495, 5.18006, 4.57452],
			"to": [10.30679, 11.33966, 7.08792],
			"rotation": {"angle": 0, "axis": "x", "origin": [8, 14, 8]},
			"faces": {
				"north": {"uv": [8.25, 10, 7.25, 8], "rotation": 180, "texture": "#0"},
				"east": {"uv": [8.25, 10, 7.25, 8], "rotation": 180, "texture": "#0"},
				"south": {"uv": [8.25, 10, 7.25, 8], "rotation": 180, "texture": "#0"},
				"west": {"uv": [8.25, 10, 7.25, 8], "rotation": 180, "texture": "#0"},
				"up": {"uv": [8.25, 10, 7.25, 8], "rotation": 180, "texture": "#0"},
				"down": {"uv": [8.25, 10, 7.25, 8], "rotation": 180, "texture": "#0"}
			}
		},
		{
			"from": [7.41815, 4.46455, 1.69335],
			"to": [10.02359, 7.22575, 4.20675],
			"rotation": {"angle": -22.5, "axis": "x", "origin": [8, 14, 8]},
			"faces": {
				"north": {"uv": [8.25, 10, 7.25, 8], "rotation": 180, "texture": "#0"},
				"east": {"uv": [8.25, 10, 7.25, 8], "rotation": 180, "texture": "#0"},
				"south": {"uv": [8.25, 10, 7.25, 8], "rotation": 180, "texture": "#0"},
				"west": {"uv": [8.25, 10, 7.25, 8], "rotation": 180, "texture": "#0"},
				"up": {"uv": [8.25, 10, 7.25, 8], "rotation": 180, "texture": "#0"},
				"down": {"uv": [8.25, 10, 7.25, 8], "rotation": 180, "texture": "#0"}
			}
		},
		{
			"from": [7.70135, 2.34055, 2.40135],
			"to": [9.74039, 4.67695, 3.92355],
			"rotation": {"angle": -22.5, "axis": "x", "origin": [8, 14, 8]},
			"faces": {
				"north": {"uv": [8.25, 10, 7.25, 8], "rotation": 180, "texture": "#0"},
				"east": {"uv": [8.25, 10, 7.25, 8], "rotation": 180, "texture": "#0"},
				"south": {"uv": [8.25, 10, 7.25, 8], "rotation": 180, "texture": "#0"},
				"west": {"uv": [8.25, 10, 7.25, 8], "rotation": 180, "texture": "#0"},
				"up": {"uv": [8.25, 10, 7.25, 8], "rotation": 180, "texture": "#0"},
				"down": {"uv": [8.25, 10, 7.25, 8], "rotation": 180, "texture": "#0"}
			}
		}
	],
	"display": {
		"head": {
			"translation": [0.75, -45, -2.5],
			"scale": [4, 4, 4]
		}
	},
	"groups": [
		{
			"name": "0",
			"origin": [8, 8, 8],
			"color": 0,
			"children": [0, 1, 2, 3, 4, 5, 6, 7, 8, 9, 10]
		}
	]
}