{
	"credit": "Made with Blockbench",
	"texture_size": [32, 32],
	"textures": {
		"0": "dyno/head",
		"particle": "dyno/head"
	},
	"elements": [
		{
			"from": [6.02483, 4.45306, 10.97003],
			"to": [9.92608, 11.58642, 14.17791],
			"rotation": {"angle": 0, "axis": "y", "origin": [8.28226, 10.00614, 12.12053]},
			"faces": {
				"north": {"uv": [11.5, 6.25, 13.25, 6.75], "rotation": 180, "texture": "#0"},
				"east": {"uv": [11.5, 6.25, 13.25, 6.75], "rotation": 270, "texture": "#0"},
				"south": {"uv": [11.5, 6.25, 13.25, 6.75], "texture": "#0"},
				"west": {"uv": [11.5, 6.25, 13.25, 6.75], "rotation": 90, "texture": "#0"},
				"up": {"uv": [11.5, 6.25, 13.25, 6.75], "rotation": 180, "texture": "#0"},
				"down": {"uv": [11.5, 6.25, 13.25, 6.75], "texture": "#0"}
			}
		},
		{
			"from": [5.61923, 1.94803, 6.16152],
			"to": [10.33168, 4.73991, 12.35888],
			"rotation": {"angle": 0, "axis": "y", "origin": [7.97546, 3.34397, 9.2602]},
			"faces": {
				"north": {"uv": [13.25, 2, 12, 2.75], "texture": "#0"},
				"east": {"uv": [13, 2, 11.75, 2.75], "texture": "#0"},
				"south": {"uv": [13, 2, 11.75, 2.75], "texture": "#0"},
				"west": {"uv": [13, 2, 11.75, 2.75], "texture": "#0"},
				"up": {"uv": [13.25, 6.5, 11.75, 7], "rotation": 90, "texture": "#0"},
				"down": {"uv": [13, 3, 11.75, 4.25], "texture": "#0"}
			}
		},
		{
			"from": [5.86467, 3.78883, 8.37048],
			"to": [10.08624, 6.58071, 15.42688],
			"rotation": {"angle": -22.5, "axis": "x", "origin": [7.97546, 5.18477, 13.2486]},
			"faces": {
				"north": {"uv": [13.25, 4.75, 11.5, 5.75], "texture": "#0"},
				"east": {"uv": [13.25, 4.75, 11.5, 5.75], "rotation": 180, "texture": "#0"},
				"south": {"uv": [13.25, 4.75, 11.5, 5.75], "rotation": 180, "texture": "#0"},
				"west": {"uv": [13.25, 4.75, 11.5, 5.75], "rotation": 180, "texture": "#0"},
				"up": {"uv": [13.25, 5.75, 11.5, 6.75], "texture": "#0"},
				"down": {"uv": [13.25, 3.75, 11.5, 4.5], "texture": "#0"}
			}
		},
		{
			"from": [6.47827, 4.72295, 14.50659],
			"to": [9.47264, 6.65579, 16.65419],
			"rotation": {"angle": 0, "axis": "y", "origin": [8.07363, 4.82474, 16.66855]},
			"faces": {
				"north": {"uv": [11.5, 5.75, 12.75, 6.75], "rotation": 180, "texture": "#0"},
				"east": {"uv": [11.5, 5.75, 12.75, 6.75], "rotation": 180, "texture": "#0"},
				"south": {"uv": [11.5, 5.75, 12.75, 6.75], "rotation": 180, "texture": "#0"},
				"west": {"uv": [12, 6, 13.25, 7], "rotation": 180, "texture": "#0"},
				"up": {"uv": [11.5, 5.75, 12.75, 6.75], "rotation": 180, "texture": "#0"},
				"down": {"uv": [11.5, 5.75, 12.75, 6.75], "rotation": 180, "texture": "#0"}
			}
		},
		{
			"from": [6.84643, 4.31387, 15.27657],
			"to": [7.87728, 5.51039, 17.42417],
			"rotation": {"angle": 45, "axis": "x", "origin": [8.07363, 4.82474, 16.66855]},
			"faces": {
				"north": {"uv": [11.5, 11.5, 10.5, 12], "texture": "#0"},
				"east": {"uv": [11.5, 11.5, 10.5, 12], "texture": "#0"},
				"south": {"uv": [11.5, 11.5, 10.5, 12], "texture": "#0"},
				"west": {"uv": [11.5, 11.5, 10.5, 12], "texture": "#0"},
				"up": {"uv": [11.5, 11.5, 10.5, 12], "rotation": 90, "texture": "#0"},
				"down": {"uv": [11.5, 11.5, 10.5, 12], "texture": "#0"}
			}
		},
		{
			"from": [7.03051, 3.39883, 16.60195],
			"to": [7.6932, 4.56467, 17.49167],
			"rotation": {"angle": -22.5, "axis": "x", "origin": [8.07363, 4.82474, 16.66855]},
			"faces": {
				"north": {"uv": [11.5, 11.5, 10.5, 12], "rotation": 180, "texture": "#0"},
				"east": {"uv": [11.5, 11.5, 10.5, 12], "rotation": 270, "texture": "#0"},
				"south": {"uv": [11.5, 11.5, 10.5, 12], "rotation": 90, "texture": "#0"},
				"west": {"uv": [11.5, 11.5, 10.5, 12], "rotation": 90, "texture": "#0"},
				"up": {"uv": [11.5, 11.5, 10.5, 12], "rotation": 180, "texture": "#0"},
				"down": {"uv": [11.5, 11.5, 10.5, 12], "texture": "#0"}
			}
		},
		{
			"from": [8.31907, 4.31387, 15.27657],
			"to": [9.34992, 5.51039, 17.42417],
			"rotation": {"angle": 45, "axis": "x", "origin": [8.07363, 4.82474, 16.66855]},
			"faces": {
				"north": {"uv": [11.5, 11.5, 10.5, 12], "texture": "#0"},
				"east": {"uv": [11.5, 11.5, 10.5, 12], "texture": "#0"},
				"south": {"uv": [11.5, 11.5, 10.5, 12], "texture": "#0"},
				"west": {"uv": [11.5, 11.5, 10.5, 12], "texture": "#0"},
				"up": {"uv": [11.5, 11.5, 10.5, 12], "rotation": 90, "texture": "#0"},
				"down": {"uv": [11.5, 11.5, 10.5, 12], "texture": "#0"}
			}
		},
		{
			"from": [8.50315, 3.03067, 16.60195],
			"to": [9.16584, 4.56467, 17.49167],
			"rotation": {"angle": -22.5, "axis": "x", "origin": [8.07363, 4.82474, 16.66855]},
			"faces": {
				"north": {"uv": [11.5, 11.5, 10.5, 12], "rotation": 180, "texture": "#0"},
				"east": {"uv": [11.5, 11.5, 10.5, 12], "rotation": 270, "texture": "#0"},
				"south": {"uv": [11.5, 11.5, 10.5, 12], "rotation": 90, "texture": "#0"},
				"west": {"uv": [11.5, 11.5, 10.5, 12], "rotation": 90, "texture": "#0"},
				"up": {"uv": [11.5, 11.5, 10.5, 12], "rotation": 180, "texture": "#0"},
				"down": {"uv": [11.5, 11.5, 10.5, 12], "texture": "#0"}
			}
		},
		{
			"from": [6.84643, 2.19347, 3.70712],
			"to": [9.10448, 5.10807, 8.06368],
			"rotation": {"angle": 0, "axis": "y", "origin": [7.97546, 3.34397, 6.8058]},
			"faces": {
				"north": {"uv": [13.25, 2, 12, 2.75], "texture": "#0"},
				"east": {"uv": [13, 2, 11.75, 2.75], "texture": "#0"},
				"south": {"uv": [13, 2, 11.75, 2.75], "texture": "#0"},
				"west": {"uv": [13, 2, 11.75, 2.75], "texture": "#0"},
				"up": {"uv": [13.25, 6.5, 11.75, 7], "rotation": 90, "texture": "#0"},
				"down": {"uv": [13, 3, 11.75, 4.25], "texture": "#0"}
			}
		},
		{
			"from": [7.27595, 2.80707, -0.03584],
			"to": [8.67496, 4.00359, 4.38208],
			"rotation": {"angle": -22.5, "axis": "x", "origin": [7.97546, 3.77349, 1.46748]},
			"faces": {
				"north": {"uv": [11.5, 11.5, 10.5, 12], "rotation": 90, "texture": "#0"},
				"east": {"uv": [11.5, 11.5, 10.5, 12], "texture": "#0"},
				"south": {"uv": [11.5, 11.5, 10.5, 12], "rotation": 90, "texture": "#0"},
				"west": {"uv": [11.5, 11.5, 10.5, 12], "rotation": 90, "texture": "#0"},
				"up": {"uv": [11.5, 11.5, 10.5, 12], "rotation": 90, "texture": "#0"},
				"down": {"uv": [11.5, 11.5, 10.5, 12], "rotation": 90, "texture": "#0"}
			}
		},
		{
			"from": [7.27595, 2.22526, 0.00632],
			"to": [8.67496, 3.42178, 4.4856],
			"rotation": {"angle": 0, "axis": "y", "origin": [7.97546, 2.82352, 2.06188]},
			"faces": {
				"north": {"uv": [11.5, 11.5, 10.5, 12], "texture": "#0"},
				"east": {"uv": [11.5, 11.5, 10.5, 12], "texture": "#0"},
				"south": {"uv": [11.5, 11.5, 10.5, 12], "texture": "#0"},
				"west": {"uv": [11.5, 11.5, 10.5, 12], "texture": "#0"},
				"up": {"uv": [11.5, 11.5, 10.5, 12], "rotation": 90, "texture": "#0"},
				"down": {"uv": [11.5, 11.5, 10.5, 12], "texture": "#0"}
			}
		},
		{
			"from": [7.27595, 2.96158, 1.96984],
			"to": [8.67496, 3.91266, 4.4856],
			"rotation": {"angle": 0, "axis": "y", "origin": [7.97546, 2.82352, 2.06188]},
			"faces": {
				"north": {"uv": [11.5, 11.5, 10.5, 12], "rotation": 180, "texture": "#0"},
				"east": {"uv": [11.5, 11.5, 10.5, 12], "texture": "#0"},
				"south": {"uv": [11.5, 11.5, 10.5, 12], "rotation": 180, "texture": "#0"},
				"west": {"uv": [11.5, 11.5, 10.5, 12], "rotation": 180, "texture": "#0"},
				"up": {"uv": [11.5, 11.5, 10.5, 12], "rotation": 90, "texture": "#0"},
				"down": {"uv": [11.5, 11.5, 10.5, 12], "rotation": 180, "texture": "#0"}
			}
		},
		{
			"from": [9.30083, 2.19347, 3.21624],
			"to": [11.55888, 5.10807, 7.5728],
			"rotation": {"angle": 0, "axis": "y", "origin": [10.42986, 3.34397, 6.31492]},
			"faces": {
				"north": {"uv": [13.25, 2, 12, 2.75], "texture": "#0"},
				"east": {"uv": [13, 2, 11.75, 2.75], "texture": "#0"},
				"south": {"uv": [13, 2, 11.75, 2.75], "texture": "#0"},
				"west": {"uv": [13, 2, 11.75, 2.75], "texture": "#0"},
				"up": {"uv": [13.25, 6.5, 11.75, 7], "rotation": 90, "texture": "#0"},
				"down": {"uv": [13, 3, 11.75, 4.25], "texture": "#0"}
			}
		},
		{
			"from": [9.73035, 2.80707, -0.52672],
			"to": [11.12936, 4.00359, 3.8912],
			"rotation": {"angle": -22.5, "axis": "x", "origin": [10.42986, 3.77349, 0.9766]},
			"faces": {
				"north": {"uv": [11.5, 11.5, 10.5, 12], "texture": "#0"},
				"east": {"uv": [11.5, 11.5, 10.5, 12], "texture": "#0"},
				"south": {"uv": [11.5, 11.5, 10.5, 12], "texture": "#0"},
				"west": {"uv": [11.5, 11.5, 10.5, 12], "texture": "#0"},
				"up": {"uv": [11.5, 11.5, 10.5, 12], "rotation": 90, "texture": "#0"},
				"down": {"uv": [11.5, 11.5, 10.5, 12], "texture": "#0"}
			}
		},
		{
			"from": [9.73035, 2.22526, -0.48456],
			"to": [11.12936, 3.42178, 3.99472],
			"rotation": {"angle": 0, "axis": "y", "origin": [10.42986, 2.82352, 1.571]},
			"faces": {
				"north": {"uv": [11.5, 11.5, 10.5, 12], "texture": "#0"},
				"east": {"uv": [11.5, 11.5, 10.5, 12], "texture": "#0"},
				"south": {"uv": [11.5, 11.5, 10.5, 12], "texture": "#0"},
				"west": {"uv": [11.5, 11.5, 10.5, 12], "texture": "#0"},
				"up": {"uv": [11.5, 11.5, 10.5, 12], "rotation": 90, "texture": "#0"},
				"down": {"uv": [11.5, 11.5, 10.5, 12], "texture": "#0"}
			}
		},
		{
			"from": [9.73035, 2.96158, 1.47896],
			"to": [11.12936, 3.91266, 3.99472],
			"rotation": {"angle": 0, "axis": "y", "origin": [10.42986, 2.82352, 1.571]},
			"faces": {
				"north": {"uv": [11.5, 11.5, 10.5, 12], "rotation": 180, "texture": "#0"},
				"east": {"uv": [11.5, 11.5, 10.5, 12], "texture": "#0"},
				"south": {"uv": [11.5, 11.5, 10.5, 12], "rotation": 180, "texture": "#0"},
				"west": {"uv": [11.5, 11.5, 10.5, 12], "rotation": 180, "texture": "#0"},
				"up": {"uv": [11.5, 11.5, 10.5, 12], "rotation": 90, "texture": "#0"},
				"down": {"uv": [11.5, 11.5, 10.5, 12], "rotation": 180, "texture": "#0"}
			}
		},
		{
			"from": [4.39203, 2.19347, 4.68888],
			"to": [6.65008, 5.10807, 9.04544],
			"rotation": {"angle": 0, "axis": "y", "origin": [5.52106, 3.34397, 7.78756]},
			"faces": {
				"north": {"uv": [13.25, 2, 12, 2.75], "texture": "#0"},
				"east": {"uv": [13, 2, 11.75, 2.75], "texture": "#0"},
				"south": {"uv": [13, 2, 11.75, 2.75], "texture": "#0"},
				"west": {"uv": [13, 2, 11.75, 2.75], "texture": "#0"},
				"up": {"uv": [13.25, 6.5, 11.75, 7], "rotation": 90, "texture": "#0"},
				"down": {"uv": [13, 3, 11.75, 4.25], "texture": "#0"}
			}
		},
		{
			"from": [4.82155, 2.80707, 0.94592],
			"to": [6.22056, 4.00359, 5.36384],
			"rotation": {"angle": -22.5, "axis": "x", "origin": [5.52106, 3.77349, 2.44924]},
			"faces": {
				"north": {"uv": [11.5, 11.5, 10.5, 12], "texture": "#0"},
				"east": {"uv": [11.5, 11.5, 10.5, 12], "texture": "#0"},
				"south": {"uv": [11.5, 11.5, 10.5, 12], "texture": "#0"},
				"west": {"uv": [11.5, 11.5, 10.5, 12], "texture": "#0"},
				"up": {"uv": [11.5, 11.5, 10.5, 12], "rotation": 90, "texture": "#0"},
				"down": {"uv": [11.5, 11.5, 10.5, 12], "texture": "#0"}
			}
		},
		{
			"from": [4.82155, 2.22526, 0.98808],
			"to": [6.22056, 3.42178, 5.46736],
			"rotation": {"angle": 0, "axis": "y", "origin": [5.52106, 2.82352, 3.04364]},
			"faces": {
				"north": {"uv": [11.5, 11.5, 10.5, 12], "texture": "#0"},
				"east": {"uv": [11.5, 11.5, 10.5, 12], "texture": "#0"},
				"south": {"uv": [11.5, 11.5, 10.5, 12], "texture": "#0"},
				"west": {"uv": [11.5, 11.5, 10.5, 12], "texture": "#0"},
				"up": {"uv": [11.5, 11.5, 10.5, 12], "rotation": 90, "texture": "#0"},
				"down": {"uv": [11.5, 11.5, 10.5, 12], "texture": "#0"}
			}
		},
		{
			"from": [4.82155, 2.96158, 2.9516],
			"to": [6.22056, 3.91266, 5.46736],
			"rotation": {"angle": 0, "axis": "y", "origin": [5.52106, 2.82352, 3.04364]},
			"faces": {
				"north": {"uv": [11.5, 11.5, 10.5, 12], "rotation": 180, "texture": "#0"},
				"east": {"uv": [11.5, 11.5, 10.5, 12], "texture": "#0"},
				"south": {"uv": [11.5, 11.5, 10.5, 12], "rotation": 180, "texture": "#0"},
				"west": {"uv": [11.5, 11.5, 10.5, 12], "rotation": 180, "texture": "#0"},
				"up": {"uv": [11.5, 11.5, 10.5, 12], "rotation": 90, "texture": "#0"},
				"down": {"uv": [11.5, 11.5, 10.5, 12], "rotation": 180, "texture": "#0"}
			}
		}
	],
	"display": {
		"head": {
			"translation": [0, -15.75, -18.5],
			"scale": [4, 4, 4]
		}
	},
	"groups": [
		{
			"name": "2",
			"origin": [8, 8, 8],
			"color": 0,
			"children": [
				0,
				1,
				2,
				3,
				4,
				5,
				6,
				7,
				{
					"name": "group",
					"origin": [4.825, 0.56711, 4.46644],
					"color": 0,
					"children": [8, 9, 10, 11]
				},
				{
					"name": "group",
					"origin": [4.825, 0.56711, 4.46644],
					"color": 0,
					"children": [12, 13, 14, 15]
				},
				{
					"name": "group",
					"origin": [4.825, 0.56711, 4.46644],
					"color": 0,
					"children": [16, 17, 18, 19]
				}
			]
		}
	]
}