{
	"credit": "Made with Blockbench",
	"texture_size": [32, 32],
	"textures": {
		"0": "dyno/head",
		"particle": "dyno/head"
	},
	"elements": [
		{
			"from": [5.1608, 4.2625, 12.79075],
			"to": [10.8392, 8.9945, 17.26275],
			"rotation": {"angle": 0, "axis": "y", "origin": [11.432, 9.5665, 15.51075]},
			"faces": {
				"north": {"uv": [11.5, 4.5, 13.25, 6.75], "texture": "#0"},
				"east": {"uv": [11.5, 3.75, 13.25, 6], "texture": "#0"},
				"south": {"uv": [11.5, 4.25, 13.25, 6.5], "texture": "#0"},
				"west": {"uv": [11.5, 4, 13.25, 6.25], "texture": "#0"},
				"up": {"uv": [11.5, 3.25, 13.25, 4.75], "texture": "#0"},
				"down": {"uv": [5.75, 7.75, 7.5, 10], "texture": "#0"}
			}
		},
		{
			"from": [5.3896, 1.0385, 12.79075],
			"to": [10.6104, 4.7825, 17.26275],
			"rotation": {"angle": 0, "axis": "y", "origin": [11.432, 8.4225, 15.51075]},
			"faces": {
				"north": {"uv": [16, 0, 13.25, 1.5], "texture": "#0"},
				"east": {"uv": [16, 0, 13.25, 1.5], "texture": "#0"},
				"south": {"uv": [16, 0, 13.25, 1.5], "texture": "#0"},
				"west": {"uv": [16, 0, 13.25, 1.5], "texture": "#0"},
				"up": {"uv": [16, 0, 13.25, 1.5], "texture": "#0"},
				"down": {"uv": [16, 0, 13.25, 1.5], "texture": "#0"}
			}
		},
		{
			"from": [5.7328, 8.4745, 12.79075],
			"to": [10.2672, 10.3465, 17.26275],
			"rotation": {"angle": 0, "axis": "y", "origin": [11.432, 11.2825, 15.51075]},
			"faces": {
				"north": {"uv": [11.5, 0, 13.25, 1.5], "texture": "#0"},
				"east": {"uv": [11.5, 0, 13.25, 1.5], "texture": "#0"},
				"south": {"uv": [11.5, 0, 13.25, 1.5], "texture": "#0"},
				"west": {"uv": [11.5, 0, 13.25, 1.5], "texture": "#0"},
				"up": {"uv": [11.5, 1.25, 13.25, 3], "rotation": 90, "texture": "#0"},
				"down": {"uv": [11.5, 0, 13.25, 1.5], "texture": "#0"}
			}
		},
		{
			"from": [8.832, 9.7485, 12.73875],
			"to": [9.456, 11.3085, 17.10675],
			"rotation": {"angle": 0, "axis": "y", "origin": [4.88, 12.3485, 15.45875]},
			"faces": {
				"north": {"uv": [3.75, 9.5, 4.5, 9], "texture": "#0"},
				"east": {"uv": [3.75, 10, 4.5, 8.5], "rotation": 90, "texture": "#0"},
				"south": {"uv": [3.75, 10, 4.5, 8.5], "texture": "#0"},
				"west": {"uv": [3.75, 10, 4.5, 8.5], "rotation": 270, "texture": "#0"},
				"up": {"uv": [3.75, 10, 4.5, 8.5], "texture": "#0"},
				"down": {"uv": [3.75, 10, 4.5, 8.5], "texture": "#0"}
			}
		},
		{
			"from": [6.544, 9.7485, 12.73875],
			"to": [7.168, 11.3085, 17.10675],
			"rotation": {"angle": 0, "axis": "y", "origin": [11.12, 12.3485, 15.45875]},
			"faces": {
				"north": {"uv": [3.75, 9.5, 4.5, 9], "texture": "#0"},
				"east": {"uv": [3.75, 10, 4.5, 8.5], "rotation": 90, "texture": "#0"},
				"south": {"uv": [3.75, 10, 4.5, 8.5], "texture": "#0"},
				"west": {"uv": [3.75, 10, 4.5, 8.5], "rotation": 270, "texture": "#0"},
				"up": {"uv": [3.75, 10, 4.5, 8.5], "texture": "#0"},
				"down": {"uv": [3.75, 10, 4.5, 8.5], "texture": "#0"}
			}
		}
	],
	"display": {
		"head": {
			"translation": [0, 1, -28.5],
			"scale": [4, 4, 4]
		}
	},
	"groups": [
		{
			"name": "neck",
			"origin": [8, 8, 8],
			"color": 0,
			"children": [
				{
					"name": "2",
					"origin": [8, 8, 8],
					"color": 0,
					"children": [0, 1, 2, 3, 4]
				}
			]
		}
	]
}