{
	"credit": "Made with Blockbench",
	"texture_size": [32, 32],
	"textures": {
		"0": "reus/head",
		"particle": "reus/head"
	},
	"elements": [
		{
			"from": [5.56133, 5.05951, 7.08416],
			"to": [10.43633, 7.00951, 11.95916],
			"rotation": {"angle": 0, "axis": "x", "origin": [7.99883, 7.10843, 10.51978]},
			"faces": {
				"north": {"uv": [3.5, 4.5, 5, 5], "texture": "#0"},
				"east": {"uv": [4.5, 0, 6, 0.5], "texture": "#0"},
				"south": {"uv": [4.5, 0.5, 6, 1], "texture": "#0"},
				"west": {"uv": [4.5, 1.5, 6, 2], "texture": "#0"},
				"up": {"uv": [1.5, 1.5, 0, 0], "texture": "#0"},
				"down": {"uv": [1.5, 1.5, 0, 3], "texture": "#0"}
			}
		},
		{
			"from": [6.24383, 5.05951, 4.15916],
			"to": [9.75383, 7.00951, 7.08416],
			"rotation": {"angle": 0, "axis": "x", "origin": [7.99883, 7.10843, 10.51978]},
			"faces": {
				"north": {"uv": [5, 1, 6, 1.5], "texture": "#0"},
				"east": {"uv": [5, 2.5, 6, 3], "texture": "#0"},
				"south": {"uv": [5, 3, 6, 3.5], "texture": "#0"},
				"west": {"uv": [5, 4.5, 6, 5], "texture": "#0"},
				"up": {"uv": [4.5, 4.5, 3.5, 3.5], "texture": "#0"},
				"down": {"uv": [4.5, 0, 3.5, 1], "texture": "#0"}
			}
		},
		{
			"from": [6.53633, 5.54701, 2.20916],
			"to": [9.46133, 7.00951, 4.15916],
			"rotation": {"angle": 0, "axis": "x", "origin": [7.99883, 7.10843, 10.51978]},
			"faces": {
				"north": {"uv": [0, 5.5, 1, 6], "texture": "#0"},
				"east": {"uv": [10, 4.5, 10.5, 5], "texture": "#0"},
				"south": {"uv": [1, 5.5, 2, 6], "texture": "#0"},
				"west": {"uv": [10, 5, 10.5, 5.5], "texture": "#0"},
				"up": {"uv": [3, 6, 2, 5.5], "texture": "#0"},
				"down": {"uv": [4, 5.5, 3, 6], "texture": "#0"}
			}
		},
		{
			"from": [7.51133, 2.08963, 3.01168],
			"to": [8.48633, 3.55213, 4.47418],
			"rotation": {"angle": 22.5, "axis": "x", "origin": [7.99883, 7.10843, 10.51978]},
			"faces": {
				"north": {"uv": [10, 5.5, 10.5, 6], "texture": "#0"},
				"east": {"uv": [10, 6, 10.5, 6.5], "texture": "#0"},
				"south": {"uv": [10, 6.5, 10.5, 7], "texture": "#0"},
				"west": {"uv": [10, 7, 10.5, 7.5], "texture": "#0"},
				"up": {"uv": [10.5, 8, 10, 7.5], "texture": "#0"},
				"down": {"uv": [10.5, 8, 10, 8.5], "texture": "#0"}
			}
		},
		{
			"from": [7.70633, -1.04563, 5.5942],
			"to": [8.29133, -0.07063, 6.0817],
			"rotation": {"angle": 45, "axis": "x", "origin": [7.99883, 7.10843, 10.51978]},
			"faces": {
				"north": {"uv": [10, 8.5, 10.5, 9], "texture": "#0"},
				"east": {"uv": [10, 9, 10.5, 9.5], "texture": "#0"},
				"south": {"uv": [10, 9.5, 10.5, 10], "texture": "#0"},
				"west": {"uv": [0, 10.5, 0.5, 11], "texture": "#0"},
				"up": {"uv": [1, 11, 0.5, 10.5], "texture": "#0"},
				"down": {"uv": [1.5, 10.5, 1, 11], "texture": "#0"}
			}
		},
		{
			"from": [5.26883, 5.68728, 10.32201],
			"to": [5.75633, 7.63728, 12.75951],
			"rotation": {"angle": -22.5, "axis": "x", "origin": [7.99883, 7.10843, 10.51978]},
			"faces": {
				"north": {"uv": [4.5, 1.5, 6, 2], "texture": "#0"},
				"east": {"uv": [4.5, 1.5, 6, 2], "texture": "#0"},
				"south": {"uv": [4.5, 1.5, 6, 2], "texture": "#0"},
				"west": {"uv": [10.5, 0, 12.5, 1.5], "texture": "#0"},
				"up": {"uv": [4.5, 1.5, 6, 2], "texture": "#0"},
				"down": {"uv": [4.5, 1.5, 6, 2], "texture": "#0"}
			}
		},
		{
			"from": [5.26883, 6.85728, 13.73451],
			"to": [5.75633, 7.63728, 14.22201],
			"rotation": {"angle": -22.5, "axis": "x", "origin": [7.99883, 7.10843, 10.51978]},
			"faces": {
				"north": {"uv": [4.5, 1.5, 6, 2], "texture": "#0"},
				"east": {"uv": [4.5, 1.5, 6, 2], "texture": "#0"},
				"south": {"uv": [4.5, 1.5, 6, 2], "texture": "#0"},
				"west": {"uv": [4.5, 1.5, 6, 2], "texture": "#0"},
				"up": {"uv": [4.5, 1.5, 6, 2], "texture": "#0"},
				"down": {"uv": [4.5, 1.5, 6, 2], "texture": "#0"}
			}
		},
		{
			"from": [5.26883, 6.17478, 12.75951],
			"to": [5.75633, 7.63728, 13.73451],
			"rotation": {"angle": -22.5, "axis": "x", "origin": [7.99883, 7.10843, 10.51978]},
			"faces": {
				"north": {"uv": [4.5, 1.5, 6, 2], "texture": "#0"},
				"east": {"uv": [4.5, 1.5, 6, 2], "texture": "#0"},
				"south": {"uv": [4.5, 1.5, 6, 2], "texture": "#0"},
				"west": {"uv": [4.5, 1.5, 6, 2], "texture": "#0"},
				"up": {"uv": [4.5, 1.5, 6, 2], "texture": "#0"},
				"down": {"uv": [4.5, 1.5, 6, 2], "texture": "#0"}
			}
		},
		{
			"from": [10.24133, 5.68728, 10.32201],
			"to": [10.72883, 7.63728, 12.75951],
			"rotation": {"angle": -22.5, "axis": "x", "origin": [7.99883, 7.10843, 10.51978]},
			"faces": {
				"north": {"uv": [6, 1.5, 4.5, 2], "texture": "#0"},
				"east": {"uv": [12.5, 0, 10.5, 1.5], "texture": "#0"},
				"south": {"uv": [6, 1.5, 4.5, 2], "texture": "#0"},
				"west": {"uv": [6, 1.5, 4.5, 2], "texture": "#0"},
				"up": {"uv": [6, 1.5, 4.5, 2], "texture": "#0"},
				"down": {"uv": [6, 1.5, 4.5, 2], "texture": "#0"}
			}
		},
		{
			"from": [10.24133, 6.85728, 13.73451],
			"to": [10.72883, 7.63728, 14.22201],
			"rotation": {"angle": -22.5, "axis": "x", "origin": [7.99883, 7.10843, 10.51978]},
			"faces": {
				"north": {"uv": [6, 1.5, 4.5, 2], "texture": "#0"},
				"east": {"uv": [6, 1.5, 4.5, 2], "texture": "#0"},
				"south": {"uv": [6, 1.5, 4.5, 2], "texture": "#0"},
				"west": {"uv": [6, 1.5, 4.5, 2], "texture": "#0"},
				"up": {"uv": [6, 1.5, 4.5, 2], "texture": "#0"},
				"down": {"uv": [6, 1.5, 4.5, 2], "texture": "#0"}
			}
		},
		{
			"from": [10.24133, 6.17478, 12.75951],
			"to": [10.72883, 7.63728, 13.73451],
			"rotation": {"angle": -22.5, "axis": "x", "origin": [7.99883, 7.10843, 10.51978]},
			"faces": {
				"north": {"uv": [6, 1.5, 4.5, 2], "texture": "#0"},
				"east": {"uv": [6, 1.5, 4.5, 2], "texture": "#0"},
				"south": {"uv": [6, 1.5, 4.5, 2], "texture": "#0"},
				"west": {"uv": [6, 1.5, 4.5, 2], "texture": "#0"},
				"up": {"uv": [6, 1.5, 4.5, 2], "texture": "#0"},
				"down": {"uv": [6, 1.5, 4.5, 2], "texture": "#0"}
			}
		},
		{
			"from": [5.95133, 6.36145, 8.07477],
			"to": [6.04883, 8.89645, 10.51227],
			"rotation": {"angle": 0, "axis": "x", "origin": [7.99883, 7.10843, 10.51978]},
			"faces": {
				"north": {"uv": [8.5, 1.5, 9, 2], "texture": "#0"},
				"east": {"uv": [8.5, 2, 9, 2.5], "texture": "#0"},
				"south": {"uv": [8.5, 2.5, 9, 3], "texture": "#0"},
				"west": {"uv": [8.5, 3, 9, 3.5], "texture": "#0"},
				"up": {"uv": [9, 4, 8.5, 3.5], "texture": "#0"},
				"down": {"uv": [9, 4, 8.5, 4.5], "texture": "#0"}
			}
		},
		{
			"from": [9.94883, 6.36145, 8.07477],
			"to": [10.04633, 8.31145, 10.51227],
			"rotation": {"angle": 0, "axis": "x", "origin": [7.99883, 7.10843, 10.51978]},
			"faces": {
				"north": {"uv": [9, 1.5, 8.5, 2], "texture": "#0"},
				"east": {"uv": [9, 3, 8.5, 3.5], "texture": "#0"},
				"south": {"uv": [9, 2.5, 8.5, 3], "texture": "#0"},
				"west": {"uv": [9, 2, 8.5, 2.5], "texture": "#0"},
				"up": {"uv": [8.5, 4, 9, 3.5], "texture": "#0"},
				"down": {"uv": [8.5, 4, 9, 4.5], "texture": "#0"}
			}
		},
		{
			"from": [7.02383, 6.83125, 6.78671],
			"to": [8.97383, 7.51375, 11.66171],
			"rotation": {"angle": 0, "axis": "x", "origin": [7.99883, 7.10843, 10.51978]},
			"faces": {
				"north": {"uv": [1, 1.5, 0.25, 0], "texture": "#0"},
				"east": {"uv": [1, 1.5, 0.25, 0], "texture": "#0"},
				"south": {"uv": [1, 1.5, 0.25, 0], "texture": "#0"},
				"west": {"uv": [1, 1.5, 0.25, 0], "texture": "#0"},
				"up": {"uv": [1, 1.5, 0.25, 0], "texture": "#0"},
				"down": {"uv": [1, 1.5, 0.25, 0], "texture": "#0"}
			}
		},
		{
			"from": [7.21883, 5.40976, 5.70367],
			"to": [8.77883, 6.09226, 7.16617],
			"rotation": {"angle": 22.5, "axis": "x", "origin": [7.99883, 7.10843, 10.51978]},
			"faces": {
				"north": {"uv": [1, 1.5, 0.25, 0], "texture": "#0"},
				"east": {"uv": [1, 1.5, 0.25, 0], "texture": "#0"},
				"south": {"uv": [1, 1.5, 0.25, 0], "texture": "#0"},
				"west": {"uv": [1, 1.5, 0.25, 0], "texture": "#0"},
				"up": {"uv": [1, 1.5, 0.25, 0], "texture": "#0"},
				"down": {"uv": [1, 1.5, 0.25, 0], "texture": "#0"}
			}
		},
		{
			"from": [7.51133, 5.40976, 4.92367],
			"to": [8.48633, 6.09226, 5.70367],
			"rotation": {"angle": 22.5, "axis": "x", "origin": [7.99883, 7.10843, 10.51978]},
			"faces": {
				"north": {"uv": [1, 1.5, 0.25, 0], "texture": "#0"},
				"east": {"uv": [1, 1.5, 0.25, 0], "texture": "#0"},
				"south": {"uv": [1, 1.5, 0.25, 0], "texture": "#0"},
				"west": {"uv": [1, 1.5, 0.25, 0], "texture": "#0"},
				"up": {"uv": [1, 1.5, 0.25, 0], "texture": "#0"},
				"down": {"uv": [1, 1.5, 0.25, 0], "texture": "#0"}
			}
		},
		{
			"from": [7.02383, 6.91716, 3.07515],
			"to": [8.97383, 7.30716, 4.53765],
			"rotation": {"angle": 0, "axis": "x", "origin": [7.99883, 7.10843, 10.51978]},
			"faces": {
				"north": {"uv": [0.25, 11.75, 2.5, 12], "texture": "#0"},
				"east": {"uv": [0, 11.75, 1.25, 12], "texture": "#0"},
				"west": {"uv": [0, 11.75, 1.25, 12], "texture": "#0"}
			}
		},
		{
			"from": [8.97383, 6.91716, 3.07515],
			"to": [7.02383, 7.30716, 4.53765],
			"rotation": {"angle": 0, "axis": "x", "origin": [7.99883, 7.10843, 10.51978]},
			"faces": {
				"north": {"uv": [0.25, 11.75, 2.5, 12], "texture": "#0"},
				"east": {"uv": [0, 11.75, 1.25, 12], "texture": "#0"},
				"west": {"uv": [0, 11.75, 1.25, 12], "texture": "#0"}
			}
		},
		{
			"from": [6.82883, 6.91716, 4.83015],
			"to": [9.16883, 7.30716, 7.17015],
			"rotation": {"angle": 0, "axis": "x", "origin": [7.99883, 7.10843, 10.51978]},
			"faces": {
				"east": {"uv": [0, 11.75, 1.75, 12], "texture": "#0"},
				"west": {"uv": [0, 11.75, 1.75, 12], "texture": "#0"}
			}
		},
		{
			"from": [9.16883, 6.91716, 4.83015],
			"to": [6.82883, 7.30716, 7.17015],
			"rotation": {"angle": 0, "axis": "x", "origin": [7.99883, 7.10843, 10.51978]},
			"faces": {
				"east": {"uv": [0, 11.75, 1.75, 12], "texture": "#0"},
				"west": {"uv": [0, 11.75, 1.75, 12], "texture": "#0"}
			}
		},
		{
			"from": [6.34133, 6.91716, 7.46265],
			"to": [9.65633, 7.30716, 9.80265],
			"rotation": {"angle": 0, "axis": "x", "origin": [7.99883, 7.10843, 10.51978]},
			"faces": {
				"east": {"uv": [0, 11.75, 1.75, 12], "texture": "#0"},
				"west": {"uv": [0, 11.75, 1.75, 12], "texture": "#0"}
			}
		},
		{
			"from": [9.65633, 6.91716, 7.46265],
			"to": [6.34133, 7.30716, 9.80265],
			"rotation": {"angle": 0, "axis": "x", "origin": [7.99883, 7.10843, 10.51978]},
			"faces": {
				"east": {"uv": [0, 11.75, 1.75, 12], "texture": "#0"},
				"west": {"uv": [0, 11.75, 1.75, 12], "texture": "#0"}
			}
		}
	],
	"display": {
		"head": {
			"translation": [0, 1, -7.25],
			"scale": [4, 4, 4]
		}
	},
	"groups": [
		{
			"name": "root",
			"origin": [8, 8, 8],
			"children": [
				{
					"name": "head",
					"origin": [8, 8, 8],
					"children": [
						{
							"name": "lower",
							"origin": [8, 8, 8],
							"children": [0, 1, 2, 3, 4,
								{
									"name": "ear",
									"origin": [7.5, 9.25, -6.5],
									"children": [5, 6, 7]
								},
								{
									"name": "ear",
									"origin": [7.5, 9.25, -6.5],
									"children": [8, 9, 10]
								}, 11, 12, 13, 14, 15,
								{
									"name": "tooth",
									"origin": [9.5, 9.1, -12.25],
									"children": [16, 17, 18, 19, 20, 21]
								}
							]
						}
					]
				}
			]
		}
	]
}