{
	"credit": "Made with Blockbench",
	"texture_size": [32, 32],
	"textures": {
		"0": "reus/head",
		"1": "reus/wing",
		"particle": "reus/head"
	},
	"elements": [
		{
			"from": [-2.39017, 8.55491, 7.22011],
			"to": [13.87073, 10.45187, 8.76929],
			"rotation": {"angle": 22.5, "axis": "z", "origin": [9.23485, 6.27146, 7.99294]},
			"faces": {
				"north": {"uv": [8.5, 1.75, 9.25, 3.5], "rotation": 90, "texture": "#0"},
				"east": {"uv": [8.5, 1.75, 9.25, 3.5], "rotation": 90, "texture": "#0"},
				"south": {"uv": [8.5, 1.75, 9.25, 3.5], "rotation": 90, "texture": "#0"},
				"west": {"uv": [8.5, 1.75, 9.25, 3.5], "rotation": 90, "texture": "#0"},
				"up": {"uv": [8.5, 1.75, 9.25, 3.5], "rotation": 90, "texture": "#0"},
				"down": {"uv": [1.5, 10.5, 3, 11.75], "rotation": 90, "texture": "#0"}
			}
		},
		{
			"from": [-15.98577, 12.67902, 7.41771],
			"to": [0.27513, 14.27958, 8.57169],
			"rotation": {"angle": 45, "axis": "z", "origin": [9.23485, 6.27146, 7.99294]},
			"faces": {
				"north": {"uv": [8.5, 1.75, 9.25, 3.5], "rotation": 90, "texture": "#0"},
				"east": {"uv": [8.5, 1.75, 9.25, 3.5], "rotation": 90, "texture": "#0"},
				"south": {"uv": [8.5, 1.75, 9.25, 3.5], "rotation": 90, "texture": "#0"},
				"west": {"uv": [8.5, 1.75, 9.25, 3.5], "rotation": 90, "texture": "#0"},
				"up": {"uv": [8.5, 1.75, 9.25, 3.5], "rotation": 90, "texture": "#0"},
				"down": {"uv": [1.5, 10.5, 3, 11.75], "rotation": 90, "texture": "#0"}
			}
		},
		{
			"from": [-13.22885, -10.71079, 7.61531],
			"to": [-12.22109, -6.40469, 8.37409],
			"rotation": {"angle": -22.5, "axis": "z", "origin": [-12.03337, -4.80334, 7.9947]},
			"faces": {
				"north": {"uv": [9.25, 7.75, 10, 9.5], "rotation": 180, "texture": "#0"},
				"east": {"uv": [9.25, 7.75, 10, 9.5], "rotation": 180, "texture": "#0"},
				"south": {"uv": [9.25, 7.75, 10, 9.5], "rotation": 180, "texture": "#0"},
				"west": {"uv": [9.25, 7.75, 10, 9.5], "rotation": 180, "texture": "#0"},
				"up": {"uv": [9.25, 7.75, 10, 9.5], "rotation": 180, "texture": "#0"},
				"down": {"uv": [9.25, 7.75, 10, 9.5], "rotation": 180, "texture": "#0"}
			}
		},
		{
			"from": [10.89622, 9.80509, 7.51651],
			"to": [11.94192, 12.19605, 8.50451],
			"rotation": {"angle": 22.5, "axis": "z", "origin": [9.23485, 6.27146, 7.99294]},
			"faces": {
				"north": {"uv": [0.75, 3.5, 1.75, 4.25], "texture": "#0"},
				"east": {"uv": [0.75, 3.5, 1.75, 4.25], "texture": "#0"},
				"south": {"uv": [0.75, 3.5, 1.75, 4.25], "texture": "#0"},
				"west": {"uv": [0.75, 3.5, 1.75, 4.25], "texture": "#0"},
				"up": {"uv": [0.75, 3.5, 1.75, 4.25], "texture": "#0"},
				"down": {"uv": [0.75, 3.5, 1.75, 4.25], "texture": "#0"}
			}
		},
		{
			"from": [8.12982, 8.61949, 7.51651],
			"to": [9.17552, 11.01045, 8.50451],
			"rotation": {"angle": 22.5, "axis": "z", "origin": [6.46845, 5.08586, 7.99294]},
			"faces": {
				"north": {"uv": [0.75, 3.5, 1.75, 4.25], "texture": "#0"},
				"east": {"uv": [0.75, 3.5, 1.75, 4.25], "texture": "#0"},
				"south": {"uv": [0.75, 3.5, 1.75, 4.25], "texture": "#0"},
				"west": {"uv": [0.75, 3.5, 1.75, 4.25], "texture": "#0"},
				"up": {"uv": [0.75, 3.5, 1.75, 4.25], "texture": "#0"},
				"down": {"uv": [0.75, 3.5, 1.75, 4.25], "texture": "#0"}
			}
		},
		{
			"from": [5.56102, 7.23629, 7.51651],
			"to": [6.60672, 9.62725, 8.50451],
			"rotation": {"angle": 22.5, "axis": "z", "origin": [3.89965, 3.70266, 7.99294]},
			"faces": {
				"north": {"uv": [0.75, 3.5, 1.75, 4.25], "texture": "#0"},
				"east": {"uv": [0.75, 3.5, 1.75, 4.25], "texture": "#0"},
				"south": {"uv": [0.75, 3.5, 1.75, 4.25], "texture": "#0"},
				"west": {"uv": [0.75, 3.5, 1.75, 4.25], "texture": "#0"},
				"up": {"uv": [0.75, 3.5, 1.75, 4.25], "texture": "#0"},
				"down": {"uv": [0.75, 3.5, 1.75, 4.25], "texture": "#0"}
			}
		},
		{
			"from": [2.99222, 5.65549, 7.51651],
			"to": [4.03792, 8.04645, 8.50451],
			"rotation": {"angle": 22.5, "axis": "z", "origin": [1.33085, 2.12186, 7.99294]},
			"faces": {
				"north": {"uv": [0.75, 3.5, 1.75, 4.25], "texture": "#0"},
				"east": {"uv": [0.75, 3.5, 1.75, 4.25], "texture": "#0"},
				"south": {"uv": [0.75, 3.5, 1.75, 4.25], "texture": "#0"},
				"west": {"uv": [0.75, 3.5, 1.75, 4.25], "texture": "#0"},
				"up": {"uv": [0.75, 3.5, 1.75, 4.25], "texture": "#0"},
				"down": {"uv": [0.75, 3.5, 1.75, 4.25], "texture": "#0"}
			}
		},
		{
			"from": [8.3274, 11.86177, 7.71411],
			"to": [8.9779, 13.85753, 8.30691],
			"rotation": {"angle": 45, "axis": "z", "origin": [8.65265, 12.85965, 8.01051]},
			"faces": {
				"north": {"uv": [0.75, 3.5, 1.75, 4.25], "texture": "#0"},
				"east": {"uv": [0.75, 3.5, 1.75, 4.25], "texture": "#0"},
				"south": {"uv": [0.75, 3.5, 1.75, 4.25], "texture": "#0"},
				"west": {"uv": [0.75, 3.5, 1.75, 4.25], "texture": "#0"},
				"up": {"uv": [0.75, 3.5, 1.75, 4.25], "texture": "#0"},
				"down": {"uv": [0.75, 3.5, 1.75, 4.25], "texture": "#0"}
			}
		},
		{
			"from": [5.561, 10.67617, 7.71411],
			"to": [6.2115, 12.67193, 8.30691],
			"rotation": {"angle": 45, "axis": "z", "origin": [5.88625, 11.67405, 8.01051]},
			"faces": {
				"north": {"uv": [0.75, 3.5, 1.75, 4.25], "texture": "#0"},
				"east": {"uv": [0.75, 3.5, 1.75, 4.25], "texture": "#0"},
				"south": {"uv": [0.75, 3.5, 1.75, 4.25], "texture": "#0"},
				"west": {"uv": [0.75, 3.5, 1.75, 4.25], "texture": "#0"},
				"up": {"uv": [0.75, 3.5, 1.75, 4.25], "texture": "#0"},
				"down": {"uv": [0.75, 3.5, 1.75, 4.25], "texture": "#0"}
			}
		},
		{
			"from": [2.9922, 9.29297, 7.71411],
			"to": [3.6427, 11.28873, 8.30691],
			"rotation": {"angle": 45, "axis": "z", "origin": [3.31745, 10.29085, 8.01051]},
			"faces": {
				"north": {"uv": [0.75, 3.5, 1.75, 4.25], "texture": "#0"},
				"east": {"uv": [0.75, 3.5, 1.75, 4.25], "texture": "#0"},
				"south": {"uv": [0.75, 3.5, 1.75, 4.25], "texture": "#0"},
				"west": {"uv": [0.75, 3.5, 1.75, 4.25], "texture": "#0"},
				"up": {"uv": [0.75, 3.5, 1.75, 4.25], "texture": "#0"},
				"down": {"uv": [0.75, 3.5, 1.75, 4.25], "texture": "#0"}
			}
		},
		{
			"from": [0.4234, 7.71217, 7.71411],
			"to": [1.0739, 9.70793, 8.30691],
			"rotation": {"angle": 45, "axis": "z", "origin": [0.74865, 8.71005, 8.01051]},
			"faces": {
				"north": {"uv": [0.75, 3.5, 1.75, 4.25], "texture": "#0"},
				"east": {"uv": [0.75, 3.5, 1.75, 4.25], "texture": "#0"},
				"south": {"uv": [0.75, 3.5, 1.75, 4.25], "texture": "#0"},
				"west": {"uv": [0.75, 3.5, 1.75, 4.25], "texture": "#0"},
				"up": {"uv": [0.75, 3.5, 1.75, 4.25], "texture": "#0"},
				"down": {"uv": [0.75, 3.5, 1.75, 4.25], "texture": "#0"}
			}
		},
		{
			"from": [-1.5526, 5.73617, 7.71411],
			"to": [-0.9021, 7.73193, 8.30691],
			"rotation": {"angle": 22.5, "axis": "z", "origin": [-1.22735, 6.73405, 8.01051]},
			"faces": {
				"north": {"uv": [0.75, 3.5, 1.75, 4.25], "texture": "#0"},
				"east": {"uv": [0.75, 3.5, 1.75, 4.25], "texture": "#0"},
				"south": {"uv": [0.75, 3.5, 1.75, 4.25], "texture": "#0"},
				"west": {"uv": [0.75, 3.5, 1.75, 4.25], "texture": "#0"},
				"up": {"uv": [0.75, 3.5, 1.75, 4.25], "texture": "#0"},
				"down": {"uv": [0.75, 3.5, 1.75, 4.25], "texture": "#0"}
			}
		},
		{
			"from": [9.35333, -14.45913, 7.41771],
			"to": [10.26229, 11.18777, 8.57169],
			"rotation": {"angle": -22.5, "axis": "z", "origin": [9.23485, 6.27146, 7.99294]},
			"faces": {
				"north": {"uv": [7, 0.5, 7.5, 11.5], "texture": "#1"},
				"east": {"uv": [7, 0.5, 7.5, 11.5], "texture": "#1"},
				"south": {"uv": [7, 0.5, 7.5, 11.5], "texture": "#1"},
				"west": {"uv": [7, 0.5, 7.5, 11.5], "texture": "#1"},
				"up": {"uv": [7, 0.5, 7.5, 11.5], "texture": "#1"},
				"down": {"uv": [7, 0.5, 7.5, 11.5], "texture": "#1"}
			}
		},
		{
			"from": [-13.50902, -13.30629, 7.97889],
			"to": [12.19874, 10.36461, 7.97889],
			"rotation": {"angle": 0, "axis": "y", "origin": [9.23485, 6.27146, 7.99294]},
			"faces": {
				"north": {"uv": [6, 0, 16, 12], "texture": "#1"},
				"south": {"uv": [16, 0, 6, 12], "texture": "#1"}
			}
		}
	],
	"display": {
		"head": {
			"translation": [-13.75, -17.5, 0],
			"scale": [4, 4, 4]
		}
	},
	"groups": [
		{
			"name": "root",
			"origin": [8, 8, 8],
			"children": [
				{
					"name": "wing_l",
					"origin": [8, 8, 8],
					"children": [
						{
							"name": "1",
							"origin": [8, 8, 8],
							"children": [0, 1, 2, 3, 4, 5, 6, 7, 8, 9, 10, 11, 12, 13]
						}
					]
				}
			]
		}
	]
}