{
	"credit": "Made with Blockbench",
	"texture_size": [32, 32],
	"textures": {
		"2": "brachy/raging_phase2",
		"particle": "head"
	},
	"elements": [
		{
			"from": [4.48529, 2.17255, 7.59361],
			"to": [11.51471, 5.23097, 10.40537],
			"rotation": {"angle": 0, "axis": "y", "origin": [8, 7.22855, 12.24806]},
			"faces": {
				"north": {"uv": [1.5, 6, 2.75, 6.5], "texture": "#2"},
				"east": {"uv": [2, 9.5, 2.5, 10], "texture": "#2"},
				"south": {"uv": [6, 1.5, 7.25, 2], "texture": "#2"},
				"west": {"uv": [9.5, 3, 10, 3.5], "texture": "#2"},
				"up": {"uv": [4.75, 6.5, 3.5, 6], "texture": "#2"},
				"down": {"uv": [6.25, 6, 5, 6.5], "texture": "#2"}
			}
		},
		{
			"from": [5.75059, 2.45374, 3.37595],
			"to": [10.24941, 5.23097, 7.59361],
			"rotation": {"angle": 0, "axis": "y", "origin": [8, 7.22855, 12.24806]},
			"faces": {
				"north": {"uv": [8.5, 4.5, 9.25, 5], "texture": "#2"},
				"east": {"uv": [8.5, 5, 9.25, 5.5], "texture": "#2"},
				"south": {"uv": [7.5, 8.5, 8.25, 9], "texture": "#2"},
				"west": {"uv": [8.5, 8.5, 9.25, 9], "texture": "#2"},
				"up": {"uv": [2.25, 7.25, 1.5, 6.5], "texture": "#2"},
				"down": {"uv": [7.25, 3, 6.5, 3.75], "texture": "#2"}
			}
		},
		{
			"from": [6.87529, 2.8755, 0.56418],
			"to": [9.12471, 5.23097, 1.97007],
			"rotation": {"angle": 0, "axis": "y", "origin": [8, 7.22855, 12.24806]},
			"faces": {
				"north": {"uv": [9.5, 3.5, 10, 4], "texture": "#2"},
				"east": {"uv": [2, 12, 2.25, 12.5], "texture": "#2"},
				"south": {"uv": [4, 9.5, 4.5, 10], "texture": "#2"},
				"west": {"uv": [12, 2, 12.25, 2.5], "texture": "#2"},
				"up": {"uv": [3, 12.25, 2.5, 12], "texture": "#2"},
				"down": {"uv": [12.5, 2.5, 12, 2.75], "texture": "#2"}
			}
		},
		{
			"from": [6.45353, 3.12214, 1.97007],
			"to": [9.54647, 5.23097, 3.37595],
			"rotation": {"angle": 0, "axis": "y", "origin": [8, 7.22855, 12.24806]},
			"faces": {
				"north": {"uv": [9.5, 4, 10, 4.5], "texture": "#2"},
				"east": {"uv": [3, 12, 3.25, 12.5], "texture": "#2"},
				"south": {"uv": [4.5, 9.5, 5, 10], "texture": "#2"},
				"west": {"uv": [12, 3, 12.25, 3.5], "texture": "#2"},
				"up": {"uv": [4, 12.25, 3.5, 12], "texture": "#2"},
				"down": {"uv": [12.5, 3.5, 12, 3.75], "texture": "#2"}
			}
		},
		{
			"from": [7.15647, 7.25734, -0.12413],
			"to": [8.84353, 10.20969, 1.28175],
			"rotation": {"angle": -22.5, "axis": "x", "origin": [8, 7.22855, 12.24806]},
			"faces": {
				"north": {"uv": [4, 12, 4.25, 12.5], "texture": "#2"},
				"east": {"uv": [12, 4, 12.25, 4.5], "texture": "#2"},
				"south": {"uv": [4.5, 12, 4.75, 12.5], "texture": "#2"},
				"west": {"uv": [12, 4.5, 12.25, 5], "texture": "#2"},
				"up": {"uv": [12.75, 2.75, 12.5, 2.5], "texture": "#2"},
				"down": {"uv": [3.25, 12.5, 3, 12.75], "texture": "#2"}
			}
		},
		{
			"from": [7.43765, 5.85145, 0.57882],
			"to": [8.56235, 7.96028, 1.9847],
			"rotation": {"angle": -22.5, "axis": "x", "origin": [8, 7.22855, 12.24806]},
			"faces": {
				"north": {"uv": [5, 12, 5.25, 12.5], "texture": "#2"},
				"east": {"uv": [12, 5, 12.25, 5.5], "texture": "#2"},
				"south": {"uv": [5.5, 12, 5.75, 12.5], "texture": "#2"},
				"west": {"uv": [12, 5.5, 12.25, 6], "texture": "#2"},
				"up": {"uv": [12.75, 3.25, 12.5, 3], "texture": "#2"},
				"down": {"uv": [3.75, 12.5, 3.5, 12.75], "texture": "#2"}
			}
		},
		{
			"from": [5.46941, -1.8457, 6.57615],
			"to": [6.59411, -0.43981, 10.65321],
			"rotation": {"angle": 45, "axis": "x", "origin": [8, 7.22855, 12.24806]},
			"faces": {
				"north": {"uv": [12.5, 3.5, 12.75, 3.75], "texture": "#2"},
				"east": {"uv": [11, 2.5, 11.75, 2.75], "texture": "#2"},
				"south": {"uv": [4, 12.5, 4.25, 12.75], "texture": "#2"},
				"west": {"uv": [3.5, 11, 4.25, 11.25], "texture": "#2"},
				"up": {"uv": [11.25, 4.75, 11, 4], "texture": "#2"},
				"down": {"uv": [4.75, 11, 4.5, 11.75], "texture": "#2"}
			}
		},
		{
			"from": [4.62588, 0.68489, 9.10674],
			"to": [5.75059, 2.09078, 13.18381],
			"rotation": {"angle": 45, "axis": "x", "origin": [8, 7.22855, 12.24806]},
			"faces": {
				"north": {"uv": [12.5, 4, 12.75, 4.25], "texture": "#2"},
				"east": {"uv": [11, 5, 11.75, 5.25], "texture": "#2"},
				"south": {"uv": [4.5, 12.5, 4.75, 12.75], "texture": "#2"},
				"west": {"uv": [6, 11, 6.75, 11.25], "texture": "#2"},
				"up": {"uv": [11.25, 7.25, 11, 6.5], "texture": "#2"},
				"down": {"uv": [7.25, 11, 7, 11.75], "texture": "#2"}
			}
		},
		{
			"from": [9.40589, -1.8457, 6.57615],
			"to": [10.53059, -0.43981, 10.65321],
			"rotation": {"angle": 45, "axis": "x", "origin": [8, 7.22855, 12.24806]},
			"faces": {
				"north": {"uv": [12.5, 4.5, 12.75, 4.75], "texture": "#2"},
				"east": {"uv": [11, 7.5, 11.75, 7.75], "texture": "#2"},
				"south": {"uv": [5, 12.5, 5.25, 12.75], "texture": "#2"},
				"west": {"uv": [11, 8, 11.75, 8.25], "texture": "#2"},
				"up": {"uv": [9.75, 11.75, 9.5, 11], "texture": "#2"},
				"down": {"uv": [10.25, 11, 10, 11.75], "texture": "#2"}
			}
		},
		{
			"from": [10.24941, 0.68489, 9.10674],
			"to": [11.37412, 2.09078, 13.18381],
			"rotation": {"angle": 45, "axis": "x", "origin": [8, 7.22855, 12.24806]},
			"faces": {
				"north": {"uv": [12.5, 5, 12.75, 5.25], "texture": "#2"},
				"east": {"uv": [11, 8.5, 11.75, 8.75], "texture": "#2"},
				"south": {"uv": [5.5, 12.5, 5.75, 12.75], "texture": "#2"},
				"west": {"uv": [11, 10, 11.75, 10.25], "texture": "#2"},
				"up": {"uv": [10.75, 11.75, 10.5, 11], "texture": "#2"},
				"down": {"uv": [11.25, 10.5, 11, 11.25], "texture": "#2"}
			}
		}
	],
	"display": {
		"head": {
			"translation": [0, -0.75, -2],
			"scale": [4, 4, 4]
		}
	},
	"groups": [
		{
			"name": "root_raging_2",
			"origin": [8, 8, 8],
			"color": 0,
			"children": [
				{
					"name": "head",
					"origin": [8, 8, 8],
					"color": 0,
					"children": [
						{
							"name": "lower",
							"origin": [8, 8, 8],
							"color": 0,
							"children": [
								0,
								1,
								2,
								3,
								{
									"name": "group",
									"origin": [8, 8, 8],
									"color": 0,
									"children": [4, 5, 6, 7, 8, 9]
								}
							]
						}
					]
				}
			]
		}
	]
}