{
	"credit": "Made with Blockbench",
	"texture_size": [32, 32],
	"textures": {
		"2": "brachy/raging_phase2",
		"particle": "head"
	},
	"elements": [
		{
			"from": [6.09996, 2.45859, 7.11274],
			"to": [9.92074, 12.05537, 11.4474],
			"rotation": {"angle": 0, "axis": "x", "origin": [8.01035, 7.51857, 9.96463]},
			"faces": {
				"north": {"uv": [4.5, 6.5, 6.25, 8.5], "rotation": 180, "texture": "#2"},
				"east": {"uv": [4.5, 6.5, 6.25, 8.5], "rotation": 270, "texture": "#2"},
				"south": {"uv": [4.5, 6.5, 6.25, 8.5], "texture": "#2"},
				"west": {"uv": [4.5, 6.5, 6.25, 8.5], "rotation": 90, "texture": "#2"},
				"up": {"uv": [4.5, 6.5, 6.25, 8.5], "rotation": 180, "texture": "#2"},
				"down": {"uv": [4.5, 6.5, 6.25, 8.5], "texture": "#2"}
			}
		},
		{
			"from": [5.5394, 7.50363, 6.55218],
			"to": [10.4813, 12.61593, 12.41564],
			"rotation": {"angle": 0, "axis": "x", "origin": [8.01035, 7.51857, 9.96463]},
			"faces": {
				"north": {"uv": [8.75, 7.25, 11.5, 9.25], "rotation": 180, "texture": "#2"},
				"east": {"uv": [13.25, 3, 16, 5], "rotation": 270, "texture": "#2"},
				"south": {"uv": [13.25, 0, 16, 1.5], "texture": "#2"},
				"west": {"uv": [13.25, 3, 16, 5], "rotation": 90, "texture": "#2"},
				"up": {"uv": [13.25, 3, 16, 5], "rotation": 180, "texture": "#2"},
				"down": {"uv": [13.25, 2.75, 16, 4.75], "texture": "#2"}
			}
		},
		{
			"from": [6.77263, 2.45859, 10.13977],
			"to": [9.24807, 8.01934, 12.12007],
			"rotation": {"angle": 0, "axis": "x", "origin": [8.01035, 7.51857, 9.96463]},
			"faces": {
				"north": {"uv": [13.25, 0, 16, 1.5], "rotation": 180, "texture": "#2"},
				"east": {"uv": [13.25, 0, 16, 1.5], "rotation": 270, "texture": "#2"},
				"south": {"uv": [13.25, 0, 16, 1.5], "texture": "#2"},
				"west": {"uv": [13.25, 0, 16, 1.5], "rotation": 90, "texture": "#2"},
				"up": {"uv": [13.25, 0, 16, 1.5], "rotation": 180, "texture": "#2"},
				"down": {"uv": [13.25, 0, 16, 1.5], "texture": "#2"}
			}
		}
	],
	"display": {
		"head": {
			"translation": [0, -17.75, -6],
			"scale": [4, 4, 4]
		}
	},
	"groups": [
		{
			"name": "root_raging_2",
			"origin": [8, 8, 8],
			"color": 0,
			"children": [
				{
					"name": "leg_l",
					"origin": [8, 8, 8],
					"color": 5,
					"children": [
						{
							"name": "1",
							"origin": [8, 8, 8],
							"color": 5,
							"children": [0, 1, 2]
						}
					]
				}
			]
		}
	]
}