{
	"credit": "Made with Blockbench",
	"texture_size": [32, 32],
	"textures": {
		"2": "brachy/raging_phase2",
		"particle": "head"
	},
	"elements": [
		{
			"from": [4.3115, 4.03208, 1.14225],
			"to": [11.68847, 11.40905, 9.06021],
			"rotation": {"angle": 0, "axis": "y", "origin": [11.54536, -12.81692, -93.34688]},
			"faces": {
				"north": {"uv": [4.25, 6.5, 6, 8.5], "texture": "#2"},
				"east": {"uv": [4.25, 6.5, 6, 8.5], "texture": "#2"},
				"south": {"uv": [4.25, 6.5, 6, 8.5], "texture": "#2"},
				"west": {"uv": [4.25, 6.5, 6, 8.5], "texture": "#2"},
				"up": {"uv": [4.25, 6.5, 6, 8.5], "texture": "#2"},
				"down": {"uv": [4.25, 6.5, 6, 8.5], "texture": "#2"}
			}
		},
		{
			"from": [4.3115, 11.40905, 6.10943],
			"to": [11.68847, 12.88444, 10.95236],
			"rotation": {"angle": 0, "axis": "y", "origin": [7.99999, 8.45826, 9.42906]},
			"faces": {
				"north": {"uv": [4.25, 6.5, 6, 8.5], "texture": "#2"},
				"east": {"uv": [4.25, 6.5, 6, 8.5], "texture": "#2"},
				"south": {"uv": [4.25, 6.5, 6, 8.5], "texture": "#2"},
				"west": {"uv": [4.25, 6.5, 6, 8.5], "texture": "#2"},
				"up": {"uv": [4.25, 6.5, 6, 8.5], "texture": "#2"},
				"down": {"uv": [4.25, 6.5, 6, 8.5], "texture": "#2"}
			}
		},
		{
			"from": [10.95077, 4.76977, 6.10943],
			"to": [12.42617, 12.14674, 10.95236],
			"rotation": {"angle": 0, "axis": "y", "origin": [7.99999, 8.45826, 9.42906]},
			"faces": {
				"north": {"uv": [4.25, 7, 6, 8.5], "rotation": 90, "texture": "#2"},
				"east": {"uv": [4.25, 7, 6, 8.5], "rotation": 90, "texture": "#2"},
				"south": {"uv": [4.25, 7, 6, 8.5], "rotation": 90, "texture": "#2"},
				"west": {"uv": [4.25, 7, 6, 8.5], "rotation": 90, "texture": "#2"},
				"up": {"uv": [4.25, 7, 6, 8.5], "rotation": 90, "texture": "#2"},
				"down": {"uv": [4.25, 7, 6, 8.5], "rotation": 90, "texture": "#2"}
			}
		},
		{
			"from": [3.5738, 4.76977, 6.10943],
			"to": [5.0492, 12.14674, 10.95236],
			"rotation": {"angle": 0, "axis": "y", "origin": [7.99999, 8.45826, 9.42906]},
			"faces": {
				"north": {"uv": [4.25, 8.5, 6, 7], "rotation": 90, "texture": "#2"},
				"east": {"uv": [4.25, 8.5, 6, 7], "rotation": 90, "texture": "#2"},
				"south": {"uv": [4.25, 8.5, 6, 7], "rotation": 90, "texture": "#2"},
				"west": {"uv": [4.25, 8.5, 6, 7], "rotation": 90, "texture": "#2"},
				"up": {"uv": [4.25, 8.5, 6, 7], "rotation": 90, "texture": "#2"},
				"down": {"uv": [4.25, 8.5, 6, 7], "rotation": 90, "texture": "#2"}
			}
		},
		{
			"from": [4.3115, 3.29438, 6.10943],
			"to": [11.68847, 4.76977, 10.95236],
			"rotation": {"angle": 0, "axis": "y", "origin": [11.54536, -12.81692, -93.34688]},
			"faces": {
				"north": {"uv": [4.25, 6.5, 6, 8.5], "texture": "#2"},
				"east": {"uv": [4.25, 6.5, 6, 8.5], "texture": "#2"},
				"south": {"uv": [4.25, 6.5, 6, 8.5], "texture": "#2"},
				"west": {"uv": [4.25, 6.5, 6, 8.5], "texture": "#2"},
				"up": {"uv": [4.25, 6.5, 6, 8.5], "texture": "#2"},
				"down": {"uv": [4.25, 6.5, 6, 8.5], "texture": "#2"}
			}
		},
		{
			"from": [7.26229, 12.14674, 4.72984],
			"to": [8.73768, 14.35983, 11.36911],
			"rotation": {"angle": 0, "axis": "y", "origin": [7.99999, 8.08941, 6.94293]},
			"faces": {
				"north": {"uv": [4.25, 6.5, 6, 8.5], "texture": "#2"},
				"east": {"uv": [4.25, 6.5, 6, 8.5], "texture": "#2"},
				"south": {"uv": [4.25, 6.5, 6, 8.5], "texture": "#2"},
				"west": {"uv": [4.25, 6.5, 6, 8.5], "texture": "#2"},
				"up": {"uv": [4.25, 6.5, 6, 8.5], "texture": "#2"},
				"down": {"uv": [4.25, 6.5, 6, 8.5], "texture": "#2"}
			}
		},
		{
			"from": [7.26229, 14.35983, 6.94293],
			"to": [8.73768, 15.83523, 15.05759],
			"rotation": {"angle": 0, "axis": "y", "origin": [7.99999, 8.08941, 6.94293]},
			"faces": {
				"north": {"uv": [4.25, 6.5, 6, 8.5], "texture": "#2"},
				"east": {"uv": [4.25, 6.5, 6, 8.5], "texture": "#2"},
				"south": {"uv": [6.25, 13.75, 6.75, 14.25], "texture": "#2"},
				"west": {"uv": [4.25, 6.5, 6, 8.5], "texture": "#2"},
				"up": {"uv": [8, 13.25, 6.25, 13.5], "rotation": 90, "texture": "#2"},
				"down": {"uv": [4.25, 6.5, 6, 8.5], "texture": "#2"}
			}
		},
		{
			"from": [7.26229, 0.34359, 6.94293],
			"to": [8.73768, 1.81899, 15.05759],
			"rotation": {"angle": 0, "axis": "y", "origin": [7.99999, 8.08941, 6.94293]},
			"faces": {
				"north": {"uv": [4.25, 6.5, 6, 8.5], "rotation": 180, "texture": "#2"},
				"east": {"uv": [4.25, 6.5, 6, 8.5], "rotation": 180, "texture": "#2"},
				"south": {"uv": [6.25, 13.75, 6.75, 14.25], "rotation": 180, "texture": "#2"},
				"west": {"uv": [4.25, 6.5, 6, 8.5], "rotation": 180, "texture": "#2"},
				"up": {"uv": [4.25, 6.5, 6, 8.5], "rotation": 180, "texture": "#2"},
				"down": {"uv": [8, 13.25, 6.25, 13.5], "rotation": 270, "texture": "#2"}
			}
		},
		{
			"from": [14.27041, 5.82291, 6.94293],
			"to": [15.7458, 7.29831, 15.05759],
			"rotation": {"angle": -22.5, "axis": "z", "origin": [7.99999, 8.08941, 6.94293]},
			"faces": {
				"north": {"uv": [4.25, 6.5, 6, 8.5], "rotation": 270, "texture": "#2"},
				"east": {"uv": [8, 13.25, 6.25, 13.5], "rotation": 180, "texture": "#2"},
				"south": {"uv": [6.25, 13.75, 6.75, 14.25], "rotation": 90, "texture": "#2"},
				"west": {"uv": [4.25, 6.5, 6, 8.5], "rotation": 90, "texture": "#2"},
				"up": {"uv": [4.25, 6.5, 6, 8.5], "rotation": 90, "texture": "#2"},
				"down": {"uv": [4.25, 6.5, 6, 8.5], "rotation": 90, "texture": "#2"}
			}
		},
		{
			"from": [14.27041, 8.81681, 6.94293],
			"to": [15.7458, 10.29221, 15.05759],
			"rotation": {"angle": 22.5, "axis": "z", "origin": [7.99999, 8.08941, 6.94293]},
			"faces": {
				"north": {"uv": [4.25, 6.5, 6, 8.5], "rotation": 270, "texture": "#2"},
				"east": {"uv": [8, 13.25, 6.25, 13.5], "rotation": 180, "texture": "#2"},
				"south": {"uv": [6.25, 13.75, 6.75, 14.25], "rotation": 90, "texture": "#2"},
				"west": {"uv": [4.25, 6.5, 6, 8.5], "rotation": 90, "texture": "#2"},
				"up": {"uv": [4.25, 6.5, 6, 8.5], "rotation": 90, "texture": "#2"},
				"down": {"uv": [4.25, 6.5, 6, 8.5], "rotation": 90, "texture": "#2"}
			}
		},
		{
			"from": [0.25467, 8.81681, 6.94293],
			"to": [1.73007, 10.29221, 15.05759],
			"rotation": {"angle": -22.5, "axis": "z", "origin": [8.00049, 8.08941, 6.94293]},
			"faces": {
				"north": {"uv": [4.25, 8.5, 6, 6.5], "rotation": 270, "texture": "#2"},
				"east": {"uv": [4.25, 8.5, 6, 6.5], "rotation": 90, "texture": "#2"},
				"south": {"uv": [6.25, 14.25, 6.75, 13.75], "rotation": 90, "texture": "#2"},
				"west": {"uv": [6.25, 13.25, 8, 13.5], "rotation": 180, "texture": "#2"},
				"up": {"uv": [4.25, 8.5, 6, 6.5], "rotation": 90, "texture": "#2"},
				"down": {"uv": [4.25, 8.5, 6, 6.5], "rotation": 90, "texture": "#2"}
			}
		},
		{
			"from": [0.25467, 5.82291, 6.94293],
			"to": [1.73007, 7.29831, 15.05759],
			"rotation": {"angle": 22.5, "axis": "z", "origin": [8.00049, 8.08941, 6.94293]},
			"faces": {
				"north": {"uv": [4.25, 8.5, 6, 6.5], "rotation": 270, "texture": "#2"},
				"east": {"uv": [4.25, 8.5, 6, 6.5], "rotation": 90, "texture": "#2"},
				"south": {"uv": [6.25, 14.25, 6.75, 13.75], "rotation": 90, "texture": "#2"},
				"west": {"uv": [6.25, 13.25, 8, 13.5], "rotation": 180, "texture": "#2"},
				"up": {"uv": [4.25, 8.5, 6, 6.5], "rotation": 90, "texture": "#2"},
				"down": {"uv": [4.25, 8.5, 6, 6.5], "rotation": 90, "texture": "#2"}
			}
		},
		{
			"from": [7.26229, 1.81899, 4.72984],
			"to": [8.73768, 4.03208, 11.36911],
			"rotation": {"angle": 0, "axis": "y", "origin": [7.99999, 8.08941, 6.94293]},
			"faces": {
				"north": {"uv": [4.25, 7, 6, 7.75], "rotation": 270, "texture": "#2"},
				"east": {"uv": [4.25, 7, 6, 7.75], "rotation": 270, "texture": "#2"},
				"south": {"uv": [4.25, 7, 6, 7.75], "rotation": 270, "texture": "#2"},
				"west": {"uv": [4.25, 7, 6, 7.75], "rotation": 270, "texture": "#2"},
				"up": {"uv": [4.25, 7, 6, 7.75], "rotation": 270, "texture": "#2"},
				"down": {"uv": [4.25, 7, 6, 7.75], "rotation": 270, "texture": "#2"}
			}
		},
		{
			"from": [1.72956, 8.82711, 4.72984],
			"to": [3.94265, 10.3025, 11.36911],
			"rotation": {"angle": -22.5, "axis": "z", "origin": [7.99999, 8.08941, 6.94293]},
			"faces": {
				"north": {"uv": [4.25, 8.5, 6, 7], "rotation": 90, "texture": "#2"},
				"east": {"uv": [4.25, 8.5, 6, 7], "rotation": 90, "texture": "#2"},
				"south": {"uv": [4.25, 8.5, 6, 7], "rotation": 90, "texture": "#2"},
				"west": {"uv": [4.25, 8.5, 6, 7], "rotation": 90, "texture": "#2"},
				"up": {"uv": [4.25, 8.5, 6, 7], "rotation": 90, "texture": "#2"},
				"down": {"uv": [4.25, 8.5, 6, 7], "rotation": 90, "texture": "#2"}
			}
		},
		{
			"from": [12.05732, 8.82711, 4.72984],
			"to": [14.27041, 10.3025, 11.36911],
			"rotation": {"angle": 22.5, "axis": "z", "origin": [7.99999, 8.08941, 6.94293]},
			"faces": {
				"north": {"uv": [4.25, 7, 6, 8.5], "rotation": 90, "texture": "#2"},
				"east": {"uv": [4.25, 7, 6, 8.5], "rotation": 90, "texture": "#2"},
				"south": {"uv": [4.25, 7, 6, 8.5], "rotation": 90, "texture": "#2"},
				"west": {"uv": [4.25, 7, 6, 8.5], "rotation": 90, "texture": "#2"},
				"up": {"uv": [4.25, 7, 6, 8.5], "rotation": 90, "texture": "#2"},
				"down": {"uv": [4.25, 7, 6, 8.5], "rotation": 90, "texture": "#2"}
			}
		},
		{
			"from": [1.72956, 5.87632, 4.72984],
			"to": [3.94265, 7.35171, 11.36911],
			"rotation": {"angle": 22.5, "axis": "z", "origin": [7.99999, 8.08941, 6.94293]},
			"faces": {
				"north": {"uv": [4.25, 8.5, 6, 7], "rotation": 90, "texture": "#2"},
				"east": {"uv": [4.25, 8.5, 6, 7], "rotation": 90, "texture": "#2"},
				"south": {"uv": [4.25, 8.5, 6, 7], "rotation": 90, "texture": "#2"},
				"west": {"uv": [4.25, 8.5, 6, 7], "rotation": 90, "texture": "#2"},
				"up": {"uv": [4.25, 8.5, 6, 7], "rotation": 90, "texture": "#2"},
				"down": {"uv": [4.25, 8.5, 6, 7], "rotation": 90, "texture": "#2"}
			}
		},
		{
			"from": [12.05732, 5.87632, 4.72984],
			"to": [14.27041, 7.35171, 11.36911],
			"rotation": {"angle": -22.5, "axis": "z", "origin": [7.99999, 8.08941, 6.94293]},
			"faces": {
				"north": {"uv": [4.25, 7, 6, 8.5], "rotation": 90, "texture": "#2"},
				"east": {"uv": [4.25, 7, 6, 8.5], "rotation": 90, "texture": "#2"},
				"south": {"uv": [4.25, 7, 6, 8.5], "rotation": 90, "texture": "#2"},
				"west": {"uv": [4.25, 7, 6, 8.5], "rotation": 90, "texture": "#2"},
				"up": {"uv": [4.25, 7, 6, 8.5], "rotation": 90, "texture": "#2"},
				"down": {"uv": [4.25, 7, 6, 8.5], "rotation": 90, "texture": "#2"}
			}
		}
	],
	"display": {
		"head": {
			"translation": [0, -6.75, 21],
			"scale": [4, 4, 4]
		}
	},
	"groups": [
		{
			"name": "root_raging_2",
			"origin": [8, 8, 8],
			"color": 0,
			"children": [
				{
					"name": "tail",
					"origin": [8, 8, 8],
					"color": 0,
					"children": [
						{
							"name": "3",
							"origin": [8, 8, 8],
							"color": 0,
							"children": [
								0,
								1,
								2,
								3,
								4,
								{
									"name": "group",
									"origin": [9.2015, 9.24, -10.705],
									"color": 0,
									"children": [5, 6, 7, 8, 9, 10, 11]
								},
								{
									"name": "group",
									"origin": [9.2015, 9.24, -10.705],
									"color": 0,
									"children": [12]
								},
								{
									"name": "group",
									"origin": [9.2015, 9.24, -10.705],
									"color": 0,
									"children": [13]
								},
								{
									"name": "group",
									"origin": [9.2015, 9.24, -10.705],
									"color": 0,
									"children": [14]
								},
								{
									"name": "group",
									"origin": [9.2015, 9.24, -10.705],
									"color": 0,
									"children": [15]
								},
								{
									"name": "group",
									"origin": [9.2015, 9.24, -10.705],
									"color": 0,
									"children": [16]
								}
							]
						}
					]
				}
			]
		}
	]
}