{
	"credit": "Made with Blockbench",
	"texture_size": [32, 32],
	"textures": {
		"2": "brachy/raging_phase2",
		"particle": "head"
	},
	"elements": [
		{
			"from": [6.04655, 4.22568, 1.03682],
			"to": [9.95343, 5.43649, 10.45422],
			"rotation": {"angle": 0, "axis": "y", "origin": [9.60068, 11.47439, -25.61343]},
			"faces": {
				"north": {"uv": [13.25, 0, 16, 1.5], "texture": "#2"},
				"east": {"uv": [13.25, 0, 16, 1.5], "texture": "#2"},
				"south": {"uv": [13.25, 0, 16, 1.5], "texture": "#2"},
				"west": {"uv": [13.25, 0, 16, 1.5], "texture": "#2"},
				"up": {"uv": [13.25, 0, 16, 1.5], "texture": "#2"},
				"down": {"uv": [13.25, 0, 16, 1.5], "texture": "#2"}
			}
		},
		{
			"from": [4.83574, 5.43649, 1.03682],
			"to": [11.16423, 9.77522, 10.45422],
			"rotation": {"angle": 0, "axis": "y", "origin": [9.60068, 11.47439, -25.61343]},
			"faces": {
				"north": {"uv": [4.25, 6.5, 6, 8.5], "texture": "#2"},
				"east": {"uv": [4.25, 6.5, 6, 8.5], "texture": "#2"},
				"south": {"uv": [4.25, 6.5, 6, 8.5], "texture": "#2"},
				"west": {"uv": [4.25, 6.5, 6, 8.5], "texture": "#2"},
				"up": {"uv": [4.25, 6.5, 6, 8.5], "texture": "#2"},
				"down": {"uv": [4.25, 6.5, 6, 8.5], "texture": "#2"}
			}
		},
		{
			"from": [6.04655, 9.77522, 1.03682],
			"to": [9.95343, 11.38964, 10.45422],
			"rotation": {"angle": 0, "axis": "y", "origin": [9.60068, 11.47439, -25.61343]},
			"faces": {
				"north": {"uv": [4.25, 6.5, 6, 8.5], "texture": "#2"},
				"east": {"uv": [4.25, 6.5, 6, 8.5], "texture": "#2"},
				"south": {"uv": [4.25, 6.5, 6, 8.5], "texture": "#2"},
				"west": {"uv": [4.25, 6.5, 6, 8.5], "texture": "#2"},
				"up": {"uv": [4.25, 6.5, 6, 8.5], "texture": "#2"},
				"down": {"uv": [4.25, 6.5, 6, 8.5], "texture": "#2"}
			}
		}
	],
	"display": {
		"head": {
			"translation": [0, -6.75, 21],
			"scale": [4, 4, 4]
		}
	},
	"groups": [
		{
			"name": "root_raging_2",
			"origin": [8, 8, 8],
			"color": 0,
			"children": [
				{
					"name": "tail",
					"origin": [8, 8, 8],
					"color": 0,
					"children": [
						{
							"name": "2",
							"origin": [8, 8, 8],
							"color": 0,
							"children": [0, 1, 2]
						}
					]
				}
			]
		}
	]
}