{
	"credit": "Made with Blockbench",
	"texture_size": [32, 32],
	"textures": {
		"2": "brachy/raging_phase2",
		"particle": "head"
	},
	"elements": [
		{
			"from": [4.74672, 4.63664, 1.57904],
			"to": [11.25329, 8.71344, 6.26736],
			"rotation": {"angle": 0, "axis": "y", "origin": [11.48567, -7.59376, 5.14624]},
			"faces": {
				"north": {"uv": [4.25, 6.5, 6, 8], "texture": "#2"},
				"east": {"uv": [4.25, 6.5, 6, 8], "texture": "#2"},
				"south": {"uv": [4.25, 6.5, 6, 8], "texture": "#2"},
				"west": {"uv": [4.25, 6.5, 6, 8], "texture": "#2"},
				"up": {"uv": [4.25, 6.5, 6, 8], "texture": "#2"},
				"down": {"uv": [4.25, 6.5, 6, 8], "texture": "#2"}
			}
		},
		{
			"from": [5.32766, 8.71344, 1.57904],
			"to": [10.67235, 10.24224, 6.26736],
			"rotation": {"angle": 0, "axis": "y", "origin": [11.48567, -7.59376, 5.14624]},
			"faces": {
				"north": {"uv": [4.25, 6.5, 6, 8], "texture": "#2"},
				"east": {"uv": [4.25, 6.5, 6, 8], "texture": "#2"},
				"south": {"uv": [4.25, 6.5, 6, 8], "texture": "#2"},
				"west": {"uv": [4.25, 6.5, 6, 8], "texture": "#2"},
				"up": {"uv": [4.25, 6.5, 6, 8], "texture": "#2"},
				"down": {"uv": [4.25, 6.5, 6, 8], "texture": "#2"}
			}
		},
		{
			"from": [6.48955, 10.24224, 1.57904],
			"to": [9.51046, 13.29984, 6.26736],
			"rotation": {"angle": 0, "axis": "y", "origin": [11.48567, -7.59376, 5.14624]},
			"faces": {
				"north": {"uv": [4.25, 6.5, 6, 8], "texture": "#2"},
				"east": {"uv": [4.25, 6.5, 6, 8], "texture": "#2"},
				"south": {"uv": [4.25, 6.5, 6, 8], "texture": "#2"},
				"west": {"uv": [4.25, 6.5, 6, 8], "texture": "#2"},
				"up": {"uv": [4.25, 6.5, 6, 8], "texture": "#2"},
				"down": {"uv": [4.25, 6.5, 6, 8], "texture": "#2"}
			}
		},
		{
			"from": [5.56004, 3.51552, 1.57904],
			"to": [10.43997, 4.63664, 6.26736],
			"rotation": {"angle": 0, "axis": "y", "origin": [11.48567, -8.61296, 5.14624]},
			"faces": {
				"north": {"uv": [16, 0, 13.25, 1.5], "texture": "#2"},
				"east": {"uv": [16, 0, 13.25, 1.5], "texture": "#2"},
				"south": {"uv": [16, 0, 13.25, 1.5], "texture": "#2"},
				"west": {"uv": [16, 0, 13.25, 1.5], "texture": "#2"},
				"up": {"uv": [16, 0, 13.25, 1.5], "texture": "#2"},
				"down": {"uv": [16, 0, 13.25, 1.5], "texture": "#2"}
			}
		}
	],
	"display": {
		"head": {
			"translation": [0, -8.75, 11.5],
			"scale": [4, 4, 4]
		}
	},
	"groups": [
		{
			"name": "root_raging_2",
			"origin": [8, 8, 8],
			"color": 0,
			"children": [
				{
					"name": "neck",
					"origin": [8, 8, 8],
					"color": 0,
					"children": [
						{
							"name": "0",
							"origin": [8, 8, 8],
							"color": 0,
							"children": [0, 1, 2, 3]
						}
					]
				}
			]
		}
	]
}