{
	"credit": "Made with Blockbench",
	"texture_size": [32, 32],
	"textures": {
		"0": "zinogre/head",
		"1": "zinogre/thunder",
		"particle": "zinogre/head"
	},
	"elements": [
		{
			"from": [5.32561, 1.00047, 5.89052],
			"to": [10.67161, 5.59047, 10.39052],
			"rotation": {"angle": 45, "axis": "x", "origin": [7.99861, 2.0431, 12.04032]},
			"faces": {
				"north": {"uv": [0.25, 0.75, 1.75, 2.75], "texture": "#0"},
				"east": {"uv": [0.25, 0.75, 1.75, 2.75], "texture": "#0"},
				"south": {"uv": [0.25, 0.75, 1.75, 2.75], "texture": "#0"},
				"west": {"uv": [0.25, 0.75, 1.75, 2.75], "texture": "#0"},
				"up": {"uv": [0.25, 0.75, 1.75, 2.75], "texture": "#0"},
				"down": {"uv": [0.25, 0.75, 1.75, 2.75], "texture": "#0"}
			}
		},
		{
			"from": [5.93821, -0.07953, 5.89052],
			"to": [10.05901, 1.05447, 10.39052],
			"rotation": {"angle": 45, "axis": "x", "origin": [7.99861, 2.0431, 12.04032]},
			"faces": {
				"north": {"uv": [4, 10, 7, 10.5], "texture": "#0"},
				"east": {"uv": [4, 10, 7, 10.5], "texture": "#0"},
				"south": {"uv": [4, 10, 7, 10.5], "texture": "#0"},
				"west": {"uv": [4, 10, 7, 10.5], "texture": "#0"},
				"up": {"uv": [4, 10, 7, 10.5], "texture": "#0"},
				"down": {"uv": [2.25, 14, 4.25, 16], "rotation": 270, "texture": "#0"}
			}
		},
		{
			"from": [6.03841, 5.53647, 5.89052],
			"to": [7.34521, 6.45447, 10.39052],
			"rotation": {"angle": 45, "axis": "x", "origin": [7.99861, 2.0431, 12.04032]},
			"faces": {
				"north": {"uv": [14.5, 0, 14, 0.5], "texture": "#0"},
				"east": {"uv": [15, 0, 14, 4.25], "rotation": 90, "texture": "#0"},
				"south": {"uv": [14, 0, 14.5, 0.5], "texture": "#0"},
				"west": {"uv": [14, 0, 15, 4.25], "rotation": 90, "texture": "#0"},
				"up": {"uv": [15, 0, 14.5, 4.25], "texture": "#0"},
				"down": {"uv": [14.5, 0, 14, 4.25], "texture": "#0"}
			}
		},
		{
			"from": [8.65201, 5.53647, 5.89052],
			"to": [9.95881, 6.45447, 10.39052],
			"rotation": {"angle": 45, "axis": "x", "origin": [7.99861, 2.0431, 12.04032]},
			"faces": {
				"north": {"uv": [14.5, 0, 14, 0.5], "texture": "#0"},
				"east": {"uv": [15, 0, 14, 4.25], "rotation": 90, "texture": "#0"},
				"south": {"uv": [14, 0, 14.5, 0.5], "texture": "#0"},
				"west": {"uv": [14, 0, 15, 4.25], "rotation": 90, "texture": "#0"},
				"up": {"uv": [15, 0, 14.5, 4.25], "texture": "#0"},
				"down": {"uv": [14.5, 0, 14, 4.25], "texture": "#0"}
			}
		},
		{
			"from": [6.46111, 8.47547, 11.30437],
			"to": [6.98611, 9.86297, 12.05437],
			"rotation": {"angle": 22.5, "axis": "x", "origin": [6.72361, 9.16922, 11.67937]},
			"faces": {
				"north": {"uv": [14, 0, 14.5, 0.5], "rotation": 90, "texture": "#0"},
				"east": {"uv": [14, 0, 14.5, 0.5], "rotation": 90, "texture": "#0"},
				"south": {"uv": [14, 0, 14.5, 0.5], "rotation": 90, "texture": "#0"},
				"west": {"uv": [14, 0, 14.5, 0.5], "rotation": 90, "texture": "#0"},
				"up": {"uv": [14, 0, 14.5, 0.5], "rotation": 90, "texture": "#0"},
				"down": {"uv": [14, 0, 14.5, 0.5], "rotation": 90, "texture": "#0"}
			}
		},
		{
			"from": [9.01079, 8.47547, 11.30437],
			"to": [9.53579, 9.86297, 12.05437],
			"rotation": {"angle": 22.5, "axis": "x", "origin": [9.27329, 9.16922, 11.67937]},
			"faces": {
				"north": {"uv": [14, 0.5, 14.5, 0], "rotation": 90, "texture": "#0"},
				"east": {"uv": [14, 0.5, 14.5, 0], "rotation": 90, "texture": "#0"},
				"south": {"uv": [14, 0.5, 14.5, 0], "rotation": 90, "texture": "#0"},
				"west": {"uv": [14, 0.5, 14.5, 0], "rotation": 90, "texture": "#0"},
				"up": {"uv": [14, 0.5, 14.5, 0], "rotation": 90, "texture": "#0"},
				"down": {"uv": [14, 0.5, 14.5, 0], "rotation": 90, "texture": "#0"}
			}
		},
		{
			"from": [6.46111, 7.12547, 12.65437],
			"to": [6.98611, 8.51297, 13.40437],
			"rotation": {"angle": 22.5, "axis": "x", "origin": [6.72361, 7.81922, 13.02937]},
			"faces": {
				"north": {"uv": [14, 0, 14.5, 0.5], "rotation": 90, "texture": "#0"},
				"east": {"uv": [14, 0, 14.5, 0.5], "rotation": 90, "texture": "#0"},
				"south": {"uv": [14, 0, 14.5, 0.5], "rotation": 90, "texture": "#0"},
				"west": {"uv": [14, 0, 14.5, 0.5], "rotation": 90, "texture": "#0"},
				"up": {"uv": [14, 0, 14.5, 0.5], "rotation": 90, "texture": "#0"},
				"down": {"uv": [14, 0, 14.5, 0.5], "rotation": 90, "texture": "#0"}
			}
		},
		{
			"from": [9.01079, 7.12547, 12.65437],
			"to": [9.53579, 8.51297, 13.40437],
			"rotation": {"angle": 22.5, "axis": "x", "origin": [9.27329, 7.81922, 13.02937]},
			"faces": {
				"north": {"uv": [14, 0.5, 14.5, 0], "rotation": 90, "texture": "#0"},
				"east": {"uv": [14, 0.5, 14.5, 0], "rotation": 90, "texture": "#0"},
				"south": {"uv": [14, 0.5, 14.5, 0], "rotation": 90, "texture": "#0"},
				"west": {"uv": [14, 0.5, 14.5, 0], "rotation": 90, "texture": "#0"},
				"up": {"uv": [14, 0.5, 14.5, 0], "rotation": 90, "texture": "#0"},
				"down": {"uv": [14, 0.5, 14.5, 0], "rotation": 90, "texture": "#0"}
			}
		},
		{
			"from": [4.85041, 1.64847, 5.89052],
			"to": [11.14681, 3.75447, 10.75052],
			"rotation": {"angle": 45, "axis": "x", "origin": [7.99861, 2.5831, 12.04032]},
			"faces": {
				"north": {"uv": [11.75, 14, 15, 16], "rotation": 270, "texture": "#0"},
				"east": {"uv": [11.75, 14, 15, 16], "rotation": 270, "texture": "#0"},
				"south": {"uv": [11.75, 14, 15, 16], "rotation": 270, "texture": "#0"},
				"west": {"uv": [11.75, 14, 15, 16], "rotation": 270, "texture": "#0"},
				"up": {"uv": [11.75, 14, 15, 16], "texture": "#0"},
				"down": {"uv": [11.75, 14, 15, 16], "rotation": 180, "texture": "#0"}
			}
		},
		{
			"from": [5.25301, 3.80847, 5.89052],
			"to": [10.74421, 5.92347, 10.75052],
			"rotation": {"angle": 45, "axis": "x", "origin": [7.99861, 2.5831, 12.04032]},
			"faces": {
				"north": {"uv": [11.75, 14, 15, 16], "rotation": 270, "texture": "#0"},
				"east": {"uv": [11.75, 14, 15, 16], "rotation": 270, "texture": "#0"},
				"south": {"uv": [11.75, 14, 15, 16], "rotation": 270, "texture": "#0"},
				"west": {"uv": [11.75, 14, 15, 16], "rotation": 270, "texture": "#0"},
				"up": {"uv": [11.75, 14, 15, 16], "texture": "#0"},
				"down": {"uv": [11.75, 14, 15, 16], "rotation": 270, "texture": "#0"}
			}
		},
		{
			"from": [10.25789, 6.53296, 5.97937],
			"to": [10.27709, 10.59796, 9.72937],
			"rotation": {"angle": 45, "axis": "x", "origin": [9.19829, 2.87182, 11.10421]},
			"faces": {
				"east": {"uv": [16, 6, 0, 16], "texture": "#1"},
				"west": {"uv": [16, 6, 0, 16], "texture": "#1"}
			}
		},
		{
			"from": [5.71981, 6.53296, 5.97937],
			"to": [5.73901, 10.59796, 9.72937],
			"rotation": {"angle": 45, "axis": "x", "origin": [6.79861, 2.87182, 11.10421]},
			"faces": {
				"east": {"uv": [0, 6, 16, 16], "texture": "#1"},
				"west": {"uv": [0, 6, 16, 16], "texture": "#1"}
			}
		}
	],
	"display": {
		"head": {
			"rotation": [-45, 0, 0],
			"translation": [0, -5, -17],
			"scale": [4, 4, 4]
		}
	},
	"groups": [
		{
			"name": "root_normal",
			"origin": [8, 8, 8],
			"children": []
		},
		{
			"name": "root_thunder",
			"origin": [8, 8, 8],
			"children": [
				{
					"name": "neck",
					"origin": [8, 8, 8],
					"children": [
						{
							"name": "2",
							"origin": [8, 8, 8],
							"children": [0, 1,
								{
									"name": "group",
									"origin": [8, 8, 8],
									"children": [2, 3, 4, 5, 6, 7]
								}, 8, 9, 10, 11]
						}
					]
				}
			]
		}
	]
}