{
	"credit": "Made with Blockbench",
	"texture_size": [32, 32],
	"textures": {
		"0": "reus/head",
		"particle": "reus/head"
	},
	"elements": [
		{
			"from": [6.41525, 3.93966, 9.99033],
			"to": [9.63275, 6.51366, 16.42533],
			"rotation": {"angle": -22.5, "axis": "x", "origin": [8.024, 4.41184, 16.70491]},
			"faces": {
				"north": {"uv": [1.5, 9.75, 3, 11], "texture": "#0"},
				"east": {"uv": [1.5, 9.75, 3, 11], "texture": "#0"},
				"south": {"uv": [1.5, 9.75, 3, 11], "texture": "#0"},
				"west": {"uv": [1.5, 9.75, 3, 11], "texture": "#0"},
				"up": {"uv": [1.5, 9.75, 3, 10.5], "texture": "#0"},
				"down": {"uv": [1.5, 10.5, 3, 11.75], "texture": "#0"}
			}
		},
		{
			"from": [5.12825, 1.36566, 7.41633],
			"to": [10.91975, 3.93966, 10.63383],
			"rotation": {"angle": 0, "axis": "y", "origin": [-7.74175, 0.72216, -18.96717]},
			"faces": {
				"north": {"uv": [1.5, 9.75, 3, 11], "texture": "#0"},
				"east": {"uv": [1.5, 9.75, 3, 11], "texture": "#0"},
				"south": {"uv": [1.5, 9.75, 3, 11], "texture": "#0"},
				"west": {"uv": [1.5, 9.75, 3, 11], "texture": "#0"},
				"up": {"uv": [1.5, 9.75, 3, 10.5], "texture": "#0"},
				"down": {"uv": [1.5, 10.5, 3, 11.75], "texture": "#0"}
			}
		},
		{
			"from": [7.05875, 0.72216, 5.48583],
			"to": [8.98925, 2.65266, 8.70333],
			"rotation": {"angle": -22.5, "axis": "x", "origin": [8.024, 2.20221, 5.48583]},
			"faces": {
				"north": {"uv": [1.5, 9.75, 3, 11], "texture": "#0"},
				"east": {"uv": [1.5, 9.75, 3, 11], "texture": "#0"},
				"south": {"uv": [1.5, 9.75, 3, 11], "texture": "#0"},
				"west": {"uv": [1.5, 9.75, 3, 11], "texture": "#0"},
				"up": {"uv": [1.5, 9.75, 3, 10.5], "texture": "#0"},
				"down": {"uv": [1.5, 10.5, 3, 11.75], "texture": "#0"}
			}
		},
		{
			"from": [7.31615, 0.72216, 2.26833],
			"to": [8.73185, 2.13786, 5.48583],
			"rotation": {"angle": -45, "axis": "x", "origin": [8.024, 2.20221, 5.48583]},
			"faces": {
				"north": {"uv": [9.25, 8, 10, 8.75], "texture": "#0"},
				"east": {"uv": [9.25, 8, 10, 8.75], "texture": "#0"},
				"south": {"uv": [9.25, 8, 10, 8.75], "texture": "#0"},
				"west": {"uv": [9.25, 8, 10, 8.75], "texture": "#0"},
				"up": {"uv": [9.25, 8, 10, 8.75], "texture": "#0"},
				"down": {"uv": [9.25, 8, 10, 8.75], "texture": "#0"}
			}
		},
		{
			"from": [4.48475, 0.72216, 5.48583],
			"to": [6.41525, 2.65266, 8.70333],
			"rotation": {"angle": -22.5, "axis": "x", "origin": [8.024, 2.20221, 5.48583]},
			"faces": {
				"north": {"uv": [1.5, 9.75, 3, 11], "texture": "#0"},
				"east": {"uv": [1.5, 9.75, 3, 11], "texture": "#0"},
				"south": {"uv": [1.5, 9.75, 3, 11], "texture": "#0"},
				"west": {"uv": [1.5, 9.75, 3, 11], "texture": "#0"},
				"up": {"uv": [1.5, 9.75, 3, 10.5], "texture": "#0"},
				"down": {"uv": [1.5, 10.5, 3, 11.75], "texture": "#0"}
			}
		},
		{
			"from": [4.74215, 0.72216, 2.26833],
			"to": [6.15785, 2.13786, 5.48583],
			"rotation": {"angle": -45, "axis": "x", "origin": [8.024, 2.20221, 5.48583]},
			"faces": {
				"north": {"uv": [9.25, 8, 10, 8.75], "texture": "#0"},
				"east": {"uv": [9.25, 8, 10, 8.75], "texture": "#0"},
				"south": {"uv": [9.25, 8, 10, 8.75], "texture": "#0"},
				"west": {"uv": [9.25, 8, 10, 8.75], "texture": "#0"},
				"up": {"uv": [9.25, 8, 10, 8.75], "texture": "#0"},
				"down": {"uv": [9.25, 8, 10, 8.75], "texture": "#0"}
			}
		},
		{
			"from": [9.63275, 0.72216, 5.48583],
			"to": [11.56325, 2.65266, 8.70333],
			"rotation": {"angle": -22.5, "axis": "x", "origin": [8.024, 2.20221, 5.48583]},
			"faces": {
				"north": {"uv": [1.5, 9.75, 3, 11], "texture": "#0"},
				"east": {"uv": [1.5, 9.75, 3, 11], "texture": "#0"},
				"south": {"uv": [1.5, 9.75, 3, 11], "texture": "#0"},
				"west": {"uv": [1.5, 9.75, 3, 11], "texture": "#0"},
				"up": {"uv": [1.5, 9.75, 3, 10.5], "texture": "#0"},
				"down": {"uv": [1.5, 10.5, 3, 11.75], "texture": "#0"}
			}
		},
		{
			"from": [9.89015, 0.72216, 2.26833],
			"to": [11.30585, 2.13786, 5.48583],
			"rotation": {"angle": -45, "axis": "x", "origin": [8.024, 2.20221, 5.48583]},
			"faces": {
				"north": {"uv": [9.25, 8, 10, 8.75], "texture": "#0"},
				"east": {"uv": [9.25, 8, 10, 8.75], "texture": "#0"},
				"south": {"uv": [9.25, 8, 10, 8.75], "texture": "#0"},
				"west": {"uv": [9.25, 8, 10, 8.75], "texture": "#0"},
				"up": {"uv": [9.25, 8, 10, 8.75], "texture": "#0"},
				"down": {"uv": [9.25, 8, 10, 8.75], "texture": "#0"}
			}
		},
		{
			"from": [7.05875, 3.50296, 14.95294],
			"to": [8.98925, 5.43346, 18.17044],
			"rotation": {"angle": 22.5, "axis": "x", "origin": [8.024, 3.76834, 16.19011]},
			"faces": {
				"north": {"uv": [2, 6.25, 2.75, 7], "texture": "#0"},
				"east": {"uv": [2, 6.25, 2.75, 7], "texture": "#0"},
				"south": {"uv": [2, 6.25, 2.75, 7], "texture": "#0"},
				"west": {"uv": [2, 6.25, 2.75, 7], "texture": "#0"},
				"up": {"uv": [2, 6.25, 2.75, 7], "texture": "#0"},
				"down": {"uv": [2, 6.25, 2.75, 7], "texture": "#0"}
			}
		},
		{
			"from": [7.31615, 4.16834, 17.55486],
			"to": [8.73185, 5.58404, 20.77236],
			"rotation": {"angle": 45, "axis": "x", "origin": [8.024, 3.76834, 16.19011]},
			"faces": {
				"north": {"uv": [9.25, 8, 10, 8.75], "texture": "#0"},
				"east": {"uv": [9.25, 8, 10, 8.75], "texture": "#0"},
				"south": {"uv": [9.25, 8, 10, 8.75], "texture": "#0"},
				"west": {"uv": [9.25, 8, 10, 8.75], "texture": "#0"},
				"up": {"uv": [9.25, 8, 10, 8.75], "texture": "#0"},
				"down": {"uv": [9.25, 8, 10, 8.75], "texture": "#0"}
			}
		}
	],
	"display": {
		"head": {
			"translation": [0, 6.75, -25],
			"scale": [4, 4, 4]
		}
	},
	"groups": [
		{
			"name": "root",
			"origin": [8, 8, 8],
			"children": [
				{
					"name": "leg_l",
					"origin": [8, 8, 8],
					"children": [
						{
							"name": "2",
							"origin": [8, 8, 8],
							"children": [0, 1, 2, 3, 4, 5, 6, 7, 8, 9]
						}
					]
				}
			]
		}
	]
}