{
	"credit": "Made with Blockbench",
	"texture_size": [32, 32],
	"textures": {
		"0": "reus/head",
		"particle": "reus/head"
	},
	"elements": [
		{
			"from": [6.47309, 7.72265, 4.87268],
			"to": [9.51509, 8.30765, 10.13768],
			"rotation": {"angle": 0, "axis": "y", "origin": [11.50409, 8.30765, 1.36268]},
			"faces": {
				"north": {"uv": [2, 9.75, 3, 10.5], "texture": "#0"},
				"east": {"uv": [2, 9.75, 3, 10.5], "texture": "#0"},
				"south": {"uv": [2, 9.75, 3, 10.5], "texture": "#0"},
				"west": {"uv": [2, 9.75, 3, 10.5], "texture": "#0"},
				"up": {"uv": [2, 7.75, 3, 9.25], "rotation": 90, "texture": "#0"},
				"down": {"uv": [2, 9.75, 3, 10.5], "texture": "#0"}
			}
		},
		{
			"from": [5.88809, 4.79765, 4.87268],
			"to": [10.10009, 7.72265, 10.13768],
			"rotation": {"angle": 0, "axis": "y", "origin": [11.50409, 8.30765, 1.36268]},
			"faces": {
				"north": {"uv": [2, 9.75, 3, 10.5], "texture": "#0"},
				"east": {"uv": [2, 9.75, 3, 10.5], "texture": "#0"},
				"south": {"uv": [2, 9.75, 3, 10.5], "texture": "#0"},
				"west": {"uv": [2, 9.75, 3, 10.5], "texture": "#0"},
				"up": {"uv": [0.75, 7, 1, 7.5], "texture": "#0"},
				"down": {"uv": [2, 9.75, 3, 10.5], "texture": "#0"}
			}
		},
		{
			"from": [6.47309, 3.62765, 4.87268],
			"to": [9.51509, 4.79765, 10.13768],
			"rotation": {"angle": 0, "axis": "y", "origin": [11.50409, 8.30765, 1.36268]},
			"faces": {
				"north": {"uv": [0, 2.75, 1.5, 3], "texture": "#0"},
				"east": {"uv": [0.25, 2.5, 1, 3], "texture": "#0"},
				"south": {"uv": [0, 1.5, 1.5, 3], "texture": "#0"},
				"west": {"uv": [0.25, 2.5, 1.25, 3], "texture": "#0"},
				"up": {"uv": [0, 1.5, 1.5, 3], "texture": "#0"},
				"down": {"uv": [0, 1.5, 1.5, 3], "rotation": 180, "texture": "#0"}
			}
		},
		{
			"from": [7.05809, 8.01515, 5.80868],
			"to": [8.93009, 9.67265, 7.56368],
			"rotation": {"angle": -45, "axis": "x", "origin": [7.99409, 8.50265, 7.21268]},
			"faces": {
				"north": {"uv": [1.25, 3.5, 1.5, 4.25], "texture": "#0"},
				"east": {"uv": [1.25, 3.5, 1.5, 4.25], "texture": "#0"},
				"south": {"uv": [1.25, 3.5, 1.5, 4.25], "texture": "#0"},
				"west": {"uv": [1.25, 3.5, 1.5, 4.25], "texture": "#0"},
				"up": {"uv": [1.25, 3.5, 1.5, 4.25], "texture": "#0"},
				"down": {"uv": [1.25, 3.5, 1.5, 4.25], "texture": "#0"}
			}
		},
		{
			"from": [7.64309, 6.74765, 8.24618],
			"to": [8.34509, 7.33265, 10.00118],
			"rotation": {"angle": -45, "axis": "x", "origin": [7.99409, 8.50265, 7.01768]},
			"faces": {
				"north": {"uv": [1.25, 3.5, 1.5, 4.25], "texture": "#0"},
				"east": {"uv": [1.25, 3.5, 1.5, 4.25], "texture": "#0"},
				"south": {"uv": [1.25, 3.5, 1.5, 4.25], "texture": "#0"},
				"west": {"uv": [1.25, 3.5, 1.5, 4.25], "texture": "#0"},
				"up": {"uv": [1.25, 3.5, 1.5, 4.25], "texture": "#0"},
				"down": {"uv": [1.25, 3.5, 1.5, 4.25], "texture": "#0"}
			}
		},
		{
			"from": [7.05809, 6.16265, 7.36868],
			"to": [8.93009, 7.91765, 9.12368],
			"rotation": {"angle": -45, "axis": "x", "origin": [7.99409, 8.50265, 7.01768]},
			"faces": {
				"north": {"uv": [1.25, 3.5, 1.5, 4.25], "texture": "#0"},
				"east": {"uv": [1.25, 3.5, 1.5, 4.25], "texture": "#0"},
				"south": {"uv": [1.25, 3.5, 1.5, 4.25], "texture": "#0"},
				"west": {"uv": [1.25, 3.5, 1.5, 4.25], "texture": "#0"},
				"up": {"uv": [1.25, 3.5, 1.5, 4.25], "texture": "#0"},
				"down": {"uv": [1.25, 3.5, 1.5, 4.25], "texture": "#0"}
			}
		},
		{
			"from": [7.64309, 8.50265, 6.68618],
			"to": [8.34509, 9.08765, 8.44118],
			"rotation": {"angle": -45, "axis": "x", "origin": [7.99409, 8.50265, 7.21268]},
			"faces": {
				"north": {"uv": [1.25, 3.5, 1.5, 4.25], "texture": "#0"},
				"east": {"uv": [1.25, 3.5, 1.5, 4.25], "texture": "#0"},
				"south": {"uv": [1.25, 3.5, 1.5, 4.25], "texture": "#0"},
				"west": {"uv": [1.25, 3.5, 1.5, 4.25], "texture": "#0"},
				"up": {"uv": [1.25, 3.5, 1.5, 4.25], "texture": "#0"},
				"down": {"uv": [1.25, 3.5, 1.5, 4.25], "texture": "#0"}
			}
		},
		{
			"from": [6.66809, 7.91765, 6.68618],
			"to": [7.37009, 8.50265, 8.44118],
			"rotation": {"angle": -45, "axis": "x", "origin": [7.01909, 7.91765, 7.21268]},
			"faces": {
				"north": {"uv": [1.25, 3.5, 1.5, 4.25], "texture": "#0"},
				"east": {"uv": [1.25, 3.5, 1.5, 4.25], "texture": "#0"},
				"south": {"uv": [1.25, 3.5, 1.5, 4.25], "texture": "#0"},
				"west": {"uv": [1.25, 3.5, 1.5, 4.25], "texture": "#0"},
				"up": {"uv": [1.25, 3.5, 1.5, 4.25], "texture": "#0"},
				"down": {"uv": [1.25, 3.5, 1.5, 4.25], "texture": "#0"}
			}
		},
		{
			"from": [8.61809, 7.91765, 6.68618],
			"to": [9.32009, 8.50265, 8.44118],
			"rotation": {"angle": -45, "axis": "x", "origin": [8.96909, 7.91765, 7.21268]},
			"faces": {
				"north": {"uv": [1.5, 3.5, 1.25, 4.25], "texture": "#0"},
				"east": {"uv": [1.5, 3.5, 1.25, 4.25], "texture": "#0"},
				"south": {"uv": [1.5, 3.5, 1.25, 4.25], "texture": "#0"},
				"west": {"uv": [1.5, 3.5, 1.25, 4.25], "texture": "#0"},
				"up": {"uv": [1.5, 3.5, 1.25, 4.25], "texture": "#0"},
				"down": {"uv": [1.5, 3.5, 1.25, 4.25], "texture": "#0"}
			}
		},
		{
			"from": [6.66809, 7.91765, 9.41618],
			"to": [7.37009, 8.50265, 11.17118],
			"rotation": {"angle": -45, "axis": "x", "origin": [7.01909, 7.91765, 9.94268]},
			"faces": {
				"north": {"uv": [1.25, 3.5, 1.5, 4.25], "texture": "#0"},
				"east": {"uv": [1.25, 3.5, 1.5, 4.25], "texture": "#0"},
				"south": {"uv": [1.25, 3.5, 1.5, 4.25], "texture": "#0"},
				"west": {"uv": [1.25, 3.5, 1.5, 4.25], "texture": "#0"},
				"up": {"uv": [1.25, 3.5, 1.5, 4.25], "texture": "#0"},
				"down": {"uv": [1.25, 3.5, 1.5, 4.25], "texture": "#0"}
			}
		},
		{
			"from": [8.61809, 7.91765, 9.41618],
			"to": [9.32009, 8.50265, 11.17118],
			"rotation": {"angle": -45, "axis": "x", "origin": [8.96909, 7.91765, 9.94268]},
			"faces": {
				"north": {"uv": [1.5, 3.5, 1.25, 4.25], "texture": "#0"},
				"east": {"uv": [1.5, 3.5, 1.25, 4.25], "texture": "#0"},
				"south": {"uv": [1.5, 3.5, 1.25, 4.25], "texture": "#0"},
				"west": {"uv": [1.5, 3.5, 1.25, 4.25], "texture": "#0"},
				"up": {"uv": [1.5, 3.5, 1.25, 4.25], "texture": "#0"},
				"down": {"uv": [1.5, 3.5, 1.25, 4.25], "texture": "#0"}
			}
		}
	],
	"display": {
		"head": {
			"translation": [0, 1.25, -1.75],
			"scale": [4, 4, 4]
		}
	},
	"groups": [
		{
			"name": "root",
			"origin": [8, 8, 8],
			"children": [
				{
					"name": "neck",
					"origin": [8, 8, 8],
					"children": [
						{
							"name": "0",
							"origin": [9.5, 10.5, -1.5],
							"children": [0, 1, 2,
								{
									"name": "group",
									"origin": [8.5, 9.08615, -6.93345],
									"children": [3, 4, 5, 6, 7, 8, 9, 10]
								}
							]
						}
					]
				}
			]
		}
	]
}