{
	"credit": "Made with Blockbench",
	"texture_size": [32, 32],
	"textures": {
		"0": "reus/head",
		"particle": "reus/head"
	},
	"elements": [
		{
			"from": [5.81908, 5.64493, -11.78316],
			"to": [10.14565, 7.951, -6.13803],
			"rotation": {"angle": 0, "axis": "y", "origin": [11.16664, 8.8292, -38.02498]},
			"faces": {
				"north": {"uv": [2, 9, 3.25, 10.25], "texture": "#0"},
				"east": {"uv": [2, 9, 3.25, 10.25], "texture": "#0"},
				"south": {"uv": [2, 9, 3.25, 10.25], "texture": "#0"},
				"west": {"uv": [2, 9, 3.25, 10.25], "texture": "#0"},
				"up": {"uv": [0, 11, 1.5, 11.75], "texture": "#0"},
				"down": {"uv": [2, 9, 3.25, 10.25], "texture": "#0"}
			}
		},
		{
			"from": [6.29293, 7.85623, -11.78316],
			"to": [9.6718, 9.13563, -6.13803],
			"rotation": {"angle": 0, "axis": "y", "origin": [11.16664, 8.8292, -38.02498]},
			"faces": {
				"north": {"uv": [2, 9, 3.25, 10.25], "texture": "#0"},
				"east": {"uv": [2, 9, 3.25, 10.25], "texture": "#0"},
				"south": {"uv": [2, 9, 3.25, 10.25], "texture": "#0"},
				"west": {"uv": [2, 9, 3.25, 10.25], "texture": "#0"},
				"up": {"uv": [0, 11, 1.5, 11.75], "texture": "#0"},
				"down": {"uv": [2, 9, 3.25, 10.25], "texture": "#0"}
			}
		},
		{
			"from": [7.08268, 9.11983, -11.78316],
			"to": [8.88205, 9.60948, -6.13803],
			"rotation": {"angle": 0, "axis": "y", "origin": [11.16664, 9.30305, -38.02498]},
			"faces": {
				"north": {"uv": [9, 8.25, 10.25, 9.5], "texture": "#0"},
				"east": {"uv": [9, 8.25, 10.25, 9.5], "texture": "#0"},
				"south": {"uv": [9, 8.25, 10.25, 9.5], "texture": "#0"},
				"west": {"uv": [9, 8.25, 10.25, 9.5], "texture": "#0"},
				"up": {"uv": [9, 8.25, 10.25, 9.5], "texture": "#0"},
				"down": {"uv": [9, 8.25, 10.25, 9.5], "texture": "#0"}
			}
		},
		{
			"from": [6.52986, 4.57877, -11.78316],
			"to": [9.43487, 5.70021, -6.13803],
			"rotation": {"angle": 0, "axis": "y", "origin": [11.16664, 8.8292, -38.02498]},
			"faces": {
				"north": {"uv": [0, 1.5, 1.5, 3], "texture": "#0"},
				"east": {"uv": [0, 1.5, 1.5, 3], "texture": "#0"},
				"south": {"uv": [0, 1.5, 1.5, 3], "texture": "#0"},
				"west": {"uv": [0, 1.5, 1.5, 3], "texture": "#0"},
				"up": {"uv": [0, 1.5, 1.5, 3], "texture": "#0"},
				"down": {"uv": [0, 1.5, 1.5, 3], "texture": "#0"}
			}
		},
		{
			"from": [7.14523, 9.25145, -11.62053],
			"to": [8.97745, 10.27812, -9.64616],
			"rotation": {"angle": -22.5, "axis": "x", "origin": [8.06134, 9.70555, -9.94231]},
			"faces": {
				"north": {"uv": [1.25, 3.5, 1.5, 4.25], "texture": "#0"},
				"east": {"uv": [1.25, 3.5, 1.5, 4.25], "texture": "#0"},
				"south": {"uv": [1.25, 3.5, 1.5, 4.25], "texture": "#0"},
				"west": {"uv": [1.25, 3.5, 1.5, 4.25], "texture": "#0"},
				"up": {"uv": [1.25, 3.5, 1.5, 4.25], "texture": "#0"},
				"down": {"uv": [1.25, 3.5, 1.5, 4.25], "texture": "#0"}
			}
		},
		{
			"from": [7.14523, 9.25145, -8.77743],
			"to": [8.97745, 10.27812, -6.80306],
			"rotation": {"angle": -22.5, "axis": "x", "origin": [8.06134, 9.70555, -7.09921]},
			"faces": {
				"north": {"uv": [1.25, 3.5, 1.5, 4.25], "texture": "#0"},
				"east": {"uv": [1.25, 3.5, 1.5, 4.25], "texture": "#0"},
				"south": {"uv": [1.25, 3.5, 1.5, 4.25], "texture": "#0"},
				"west": {"uv": [1.25, 3.5, 1.5, 4.25], "texture": "#0"},
				"up": {"uv": [1.25, 3.5, 1.5, 4.25], "texture": "#0"},
				"down": {"uv": [1.25, 3.5, 1.5, 4.25], "texture": "#0"}
			}
		},
		{
			"from": [7.73754, 9.56735, -10.90976],
			"to": [8.38514, 10.0412, -8.06666],
			"rotation": {"angle": -22.5, "axis": "x", "origin": [8.06134, 9.70555, -9.94231]},
			"faces": {
				"north": {"uv": [1.25, 3.5, 1.5, 4.25], "texture": "#0"},
				"east": {"uv": [1.25, 3.5, 1.5, 4.25], "texture": "#0"},
				"south": {"uv": [1.25, 3.5, 1.5, 4.25], "texture": "#0"},
				"west": {"uv": [1.25, 3.5, 1.5, 4.25], "texture": "#0"},
				"up": {"uv": [1.25, 3.5, 1.5, 4.25], "texture": "#0"},
				"down": {"uv": [1.25, 3.5, 1.5, 4.25], "texture": "#0"}
			}
		},
		{
			"from": [7.73754, 9.56735, -8.06666],
			"to": [8.38514, 10.0412, -5.22356],
			"rotation": {"angle": -22.5, "axis": "x", "origin": [8.06134, 9.70555, -7.09921]},
			"faces": {
				"north": {"uv": [1.25, 3.5, 1.5, 4.25], "texture": "#0"},
				"east": {"uv": [1.25, 3.5, 1.5, 4.25], "texture": "#0"},
				"south": {"uv": [1.25, 3.5, 1.5, 4.25], "texture": "#0"},
				"west": {"uv": [1.25, 3.5, 1.5, 4.25], "texture": "#0"},
				"up": {"uv": [1.25, 3.5, 1.5, 4.25], "texture": "#0"},
				"down": {"uv": [1.25, 3.5, 1.5, 4.25], "texture": "#0"}
			}
		},
		{
			"from": [6.03936, 5.78162, -6.27355],
			"to": [9.93327, 7.85709, -1.19293],
			"rotation": {"angle": 0, "axis": "y", "origin": [10.85216, 8.64747, -29.89118]},
			"faces": {
				"north": {"uv": [2, 9, 3.25, 10.25], "texture": "#0"},
				"east": {"uv": [2, 9, 3.25, 10.25], "texture": "#0"},
				"south": {"uv": [2, 9, 3.25, 10.25], "texture": "#0"},
				"west": {"uv": [2, 9, 3.25, 10.25], "texture": "#0"},
				"up": {"uv": [0, 11, 1.5, 11.75], "texture": "#0"},
				"down": {"uv": [2, 9, 3.25, 10.25], "texture": "#0"}
			}
		},
		{
			"from": [6.46582, 7.77179, -6.27355],
			"to": [9.5068, 8.92325, -1.19293],
			"rotation": {"angle": 0, "axis": "y", "origin": [10.85216, 8.64747, -29.89118]},
			"faces": {
				"north": {"uv": [2, 9, 3.25, 10.25], "texture": "#0"},
				"east": {"uv": [2, 9, 3.25, 10.25], "texture": "#0"},
				"south": {"uv": [2, 9, 3.25, 10.25], "texture": "#0"},
				"west": {"uv": [2, 9, 3.25, 10.25], "texture": "#0"},
				"up": {"uv": [0, 11, 1.5, 11.75], "texture": "#0"},
				"down": {"uv": [2, 9, 3.25, 10.25], "texture": "#0"}
			}
		},
		{
			"from": [7.1766, 8.90903, -6.27355],
			"to": [8.79603, 9.34971, -1.19293],
			"rotation": {"angle": 0, "axis": "y", "origin": [10.85216, 9.07393, -29.89118]},
			"faces": {
				"north": {"uv": [9, 8.25, 10.25, 9.5], "texture": "#0"},
				"east": {"uv": [9, 8.25, 10.25, 9.5], "texture": "#0"},
				"south": {"uv": [9, 8.25, 10.25, 9.5], "texture": "#0"},
				"west": {"uv": [9, 8.25, 10.25, 9.5], "texture": "#0"},
				"up": {"uv": [9, 8.25, 10.25, 9.5], "texture": "#0"},
				"down": {"uv": [9, 8.25, 10.25, 9.5], "texture": "#0"}
			}
		},
		{
			"from": [6.67906, 4.82208, -6.27355],
			"to": [9.29357, 5.83138, -1.19293],
			"rotation": {"angle": 0, "axis": "y", "origin": [10.85216, 8.64747, -29.89118]},
			"faces": {
				"north": {"uv": [0, 1.5, 1.5, 3], "texture": "#0"},
				"east": {"uv": [0, 1.5, 1.5, 3], "texture": "#0"},
				"south": {"uv": [0, 1.5, 1.5, 3], "texture": "#0"},
				"west": {"uv": [0, 1.5, 1.5, 3], "texture": "#0"},
				"up": {"uv": [0, 1.5, 1.5, 3], "texture": "#0"},
				"down": {"uv": [0, 1.5, 1.5, 3], "texture": "#0"}
			}
		},
		{
			"from": [7.23289, 9.02749, -6.12718],
			"to": [8.88189, 9.95149, -4.35024],
			"rotation": {"angle": -22.5, "axis": "x", "origin": [8.05739, 9.43618, -4.61678]},
			"faces": {
				"north": {"uv": [1.25, 3.5, 1.5, 4.25], "texture": "#0"},
				"east": {"uv": [1.25, 3.5, 1.5, 4.25], "texture": "#0"},
				"south": {"uv": [1.25, 3.5, 1.5, 4.25], "texture": "#0"},
				"west": {"uv": [1.25, 3.5, 1.5, 4.25], "texture": "#0"},
				"up": {"uv": [1.25, 3.5, 1.5, 4.25], "texture": "#0"},
				"down": {"uv": [1.25, 3.5, 1.5, 4.25], "texture": "#0"}
			}
		},
		{
			"from": [7.23289, 9.02749, -3.56839],
			"to": [8.88189, 9.95149, -1.79145],
			"rotation": {"angle": -22.5, "axis": "x", "origin": [8.05739, 9.43618, -2.05799]},
			"faces": {
				"north": {"uv": [1.25, 3.5, 1.5, 4.25], "texture": "#0"},
				"east": {"uv": [1.25, 3.5, 1.5, 4.25], "texture": "#0"},
				"south": {"uv": [1.25, 3.5, 1.5, 4.25], "texture": "#0"},
				"west": {"uv": [1.25, 3.5, 1.5, 4.25], "texture": "#0"},
				"up": {"uv": [1.25, 3.5, 1.5, 4.25], "texture": "#0"},
				"down": {"uv": [1.25, 3.5, 1.5, 4.25], "texture": "#0"}
			}
		},
		{
			"from": [7.76597, 9.3118, -5.48748],
			"to": [8.34881, 9.73826, -2.92869],
			"rotation": {"angle": -22.5, "axis": "x", "origin": [8.05739, 9.43618, -4.61678]},
			"faces": {
				"north": {"uv": [1.25, 3.5, 1.5, 4.25], "texture": "#0"},
				"east": {"uv": [1.25, 3.5, 1.5, 4.25], "texture": "#0"},
				"south": {"uv": [1.25, 3.5, 1.5, 4.25], "texture": "#0"},
				"west": {"uv": [1.25, 3.5, 1.5, 4.25], "texture": "#0"},
				"up": {"uv": [1.25, 3.5, 1.5, 4.25], "texture": "#0"},
				"down": {"uv": [1.25, 3.5, 1.5, 4.25], "texture": "#0"}
			}
		},
		{
			"from": [7.76597, 9.3118, -2.92869],
			"to": [8.34881, 9.73826, -0.3699],
			"rotation": {"angle": -22.5, "axis": "x", "origin": [8.05739, 9.43618, -2.05799]},
			"faces": {
				"north": {"uv": [1.25, 3.5, 1.5, 4.25], "texture": "#0"},
				"east": {"uv": [1.25, 3.5, 1.5, 4.25], "texture": "#0"},
				"south": {"uv": [1.25, 3.5, 1.5, 4.25], "texture": "#0"},
				"west": {"uv": [1.25, 3.5, 1.5, 4.25], "texture": "#0"},
				"up": {"uv": [1.25, 3.5, 1.5, 4.25], "texture": "#0"},
				"down": {"uv": [1.25, 3.5, 1.5, 4.25], "texture": "#0"}
			}
		}
	],
	"display": {
		"head": {
			"translation": [0, -3, 72.5],
			"scale": [4, 4, 4]
		}
	},
	"groups": [
		{
			"name": "root",
			"origin": [8, 8, 8],
			"children": [
				{
					"name": "tail",
					"origin": [8, 8, 8],
					"children": [
						{
							"name": "1",
							"origin": [8, 8, 8],
							"children": [
								{
									"name": "group",
									"origin": [8, 8, 8],
									"children": [0, 1, 2, 3,
										{
											"name": "group",
											"origin": [8.05, 10.48413, 9.47217],
											"children": [4, 5, 6, 7]
										}
									]
								},
								{
									"name": "group",
									"origin": [8, 8, 8],
									"children": [8, 9, 10, 11,
										{
											"name": "group",
											"origin": [8.05, 10.48413, 9.47217],
											"children": [12, 13, 14, 15]
										}
									]
								}
							]
						}
					]
				}
			]
		}
	]
}