{
	"credit": "Made with Blockbench",
	"texture_size": [32, 32],
	"textures": {
		"0": "reus/head",
		"1": "reus/wing",
		"particle": "reus/head"
	},
	"elements": [
		{
			"from": [6.83936, 10.70981, 6.72611],
			"to": [11.73826, 13.10077, 9.26329],
			"rotation": {"angle": -45, "axis": "z", "origin": [9.23485, 6.27146, 7.99294]},
			"faces": {
				"north": {"uv": [8.5, 1.75, 9.25, 3.5], "rotation": 90, "texture": "#0"},
				"east": {"uv": [8.5, 1.75, 9.25, 3.5], "rotation": 90, "texture": "#0"},
				"south": {"uv": [8.5, 1.75, 9.25, 3.5], "rotation": 90, "texture": "#0"},
				"west": {"uv": [8.5, 1.75, 9.25, 3.5], "rotation": 90, "texture": "#0"},
				"up": {"uv": [8.5, 1.75, 9.25, 3.5], "rotation": 90, "texture": "#0"},
				"down": {"uv": [1.5, 10.5, 3, 11.75], "rotation": 90, "texture": "#0"}
			}
		},
		{
			"from": [11.4654, 11.37682, 7.12131],
			"to": [13.3015, 13.76778, 8.86809],
			"rotation": {"angle": 0, "axis": "y", "origin": [9.23485, 6.27146, 7.99294]},
			"faces": {
				"north": {"uv": [8.5, 1.75, 9.25, 3.5], "rotation": 90, "texture": "#0"},
				"east": {"uv": [8.5, 1.75, 9.25, 3.5], "rotation": 90, "texture": "#0"},
				"south": {"uv": [8.5, 1.75, 9.25, 3.5], "rotation": 90, "texture": "#0"},
				"west": {"uv": [8.5, 1.75, 9.25, 3.5], "rotation": 90, "texture": "#0"},
				"up": {"uv": [8.5, 1.75, 9.25, 3.5], "rotation": 90, "texture": "#0"},
				"down": {"uv": [8.5, 1.75, 9.25, 3.5], "rotation": 90, "texture": "#0"}
			}
		},
		{
			"from": [11.2678, 11.17922, 6.92371],
			"to": [13.7955, 12.97738, 9.06569],
			"rotation": {"angle": 0, "axis": "y", "origin": [9.23485, 6.27146, 7.99294]},
			"faces": {
				"north": {"uv": [8.5, 1.75, 9.25, 3.5], "rotation": 90, "texture": "#0"},
				"east": {"uv": [8.5, 1.75, 9.25, 3.5], "rotation": 90, "texture": "#0"},
				"south": {"uv": [8.5, 1.75, 9.25, 3.5], "rotation": 90, "texture": "#0"},
				"west": {"uv": [8.5, 1.75, 9.25, 3.5], "rotation": 90, "texture": "#0"},
				"up": {"uv": [8.5, 1.75, 9.25, 3.5], "rotation": 90, "texture": "#0"},
				"down": {"uv": [8.5, 1.75, 9.25, 3.5], "rotation": 90, "texture": "#0"}
			}
		},
		{
			"from": [11.7116, 13.35282, 7.48252],
			"to": [13.06318, 15.54618, 8.52822],
			"rotation": {"angle": 0, "axis": "y", "origin": [12.77528, 15.92209, 8.002]},
			"faces": {
				"north": {"uv": [0.75, 3.5, 1.75, 4.25], "texture": "#0"},
				"east": {"uv": [0.75, 3.5, 1.75, 4.25], "texture": "#0"},
				"south": {"uv": [0.75, 3.5, 1.75, 4.25], "texture": "#0"},
				"west": {"uv": [0.75, 3.5, 1.75, 4.25], "texture": "#0"},
				"up": {"uv": [0.75, 3.5, 1.75, 4.25], "rotation": 90, "texture": "#0"},
				"down": {"uv": [0.75, 3.5, 1.75, 4.25], "rotation": 270, "texture": "#0"}
			}
		},
		{
			"from": [12.09998, 14.85341, 7.57627],
			"to": [13.05637, 16.94797, 8.42437],
			"rotation": {"angle": -22.5, "axis": "z", "origin": [12.77528, 15.92209, 8.002]},
			"faces": {
				"north": {"uv": [0.75, 3.5, 1.75, 4.25], "texture": "#0"},
				"east": {"uv": [0.75, 3.5, 1.75, 4.25], "texture": "#0"},
				"south": {"uv": [0.75, 3.5, 1.75, 4.25], "texture": "#0"},
				"west": {"uv": [0.75, 3.5, 1.75, 4.25], "texture": "#0"},
				"up": {"uv": [0.75, 3.5, 1.75, 4.25], "rotation": 90, "texture": "#0"},
				"down": {"uv": [0.75, 3.5, 1.75, 4.25], "rotation": 270, "texture": "#0"}
			}
		},
		{
			"from": [11.90161, 16.38438, 7.77387],
			"to": [12.46279, 18.28134, 8.22677],
			"rotation": {"angle": -45, "axis": "z", "origin": [12.77528, 15.92209, 8.002]},
			"faces": {
				"north": {"uv": [0.75, 3.5, 1.75, 4.25], "texture": "#0"},
				"east": {"uv": [0.75, 3.5, 1.75, 4.25], "texture": "#0"},
				"south": {"uv": [0.75, 3.5, 1.75, 4.25], "texture": "#0"},
				"west": {"uv": [0.75, 3.5, 1.75, 4.25], "texture": "#0"},
				"up": {"uv": [0.75, 3.5, 1.75, 4.25], "rotation": 90, "texture": "#0"},
				"down": {"uv": [0.75, 3.5, 1.75, 4.25], "rotation": 270, "texture": "#0"}
			}
		},
		{
			"from": [9.30936, 10.70981, 6.92371],
			"to": [18.16026, 12.60677, 9.06569],
			"rotation": {"angle": -45, "axis": "z", "origin": [9.23485, 6.27146, 7.99294]},
			"faces": {
				"north": {"uv": [8.5, 1.75, 9.25, 3.5], "rotation": 90, "texture": "#0"},
				"east": {"uv": [8.5, 1.75, 9.25, 3.5], "rotation": 90, "texture": "#0"},
				"south": {"uv": [8.5, 1.75, 9.25, 3.5], "rotation": 90, "texture": "#0"},
				"west": {"uv": [8.5, 1.75, 9.25, 3.5], "rotation": 90, "texture": "#0"},
				"up": {"uv": [8.5, 1.75, 9.25, 3.5], "rotation": 90, "texture": "#0"},
				"down": {"uv": [1.5, 10.5, 3, 11.75], "rotation": 90, "texture": "#0"}
			}
		},
		{
			"from": [11.98138, -15.28229, 7.41771],
			"to": [12.89034, 10.26581, 8.57169],
			"rotation": {"angle": 0, "axis": "y", "origin": [9.23485, 6.27146, 7.99294]},
			"faces": {
				"north": {"uv": [5.5, 0.5, 6, 11.5], "texture": "#1"},
				"east": {"uv": [5.5, 0.5, 6, 11.5], "texture": "#1"},
				"south": {"uv": [5.5, 0.5, 6, 11.5], "texture": "#1"},
				"west": {"uv": [5.5, 0.5, 6, 11.5], "texture": "#1"},
				"up": {"uv": [5.5, 0.5, 6, 11.5], "texture": "#1"},
				"down": {"uv": [5.5, 0.5, 6, 11.5], "texture": "#1"}
			}
		},
		{
			"from": [18.20136, 10.21581, 6.92371],
			"to": [22.11226, 13.10077, 9.06569],
			"rotation": {"angle": -45, "axis": "z", "origin": [9.23485, 6.27146, 7.99294]},
			"faces": {
				"north": {"uv": [8.5, 1.75, 9.25, 3.5], "rotation": 90, "texture": "#0"},
				"east": {"uv": [8.5, 1.75, 9.25, 3.5], "rotation": 90, "texture": "#0"},
				"south": {"uv": [8.5, 1.75, 9.25, 3.5], "rotation": 90, "texture": "#0"},
				"west": {"uv": [8.5, 1.75, 9.25, 3.5], "rotation": 90, "texture": "#0"},
				"up": {"uv": [8.5, 1.75, 9.25, 3.5], "rotation": 90, "texture": "#0"},
				"down": {"uv": [1.5, 10.5, 3, 11.75], "rotation": 90, "texture": "#0"}
			}
		},
		{
			"from": [21.98076, 4.52944, 6.42971],
			"to": [26.38566, 8.4024, 9.55969],
			"rotation": {"angle": -22.5, "axis": "z", "origin": [9.23485, 6.27146, 7.99294]},
			"faces": {
				"north": {"uv": [8.5, 1.75, 9.25, 3.5], "rotation": 90, "texture": "#0"},
				"east": {"uv": [8.5, 1.75, 9.25, 3.5], "rotation": 90, "texture": "#0"},
				"south": {"uv": [8.5, 1.75, 9.25, 3.5], "rotation": 90, "texture": "#0"},
				"west": {"uv": [1.5, 9.75, 3, 11], "texture": "#0"},
				"up": {"uv": [8.5, 1.75, 9.25, 3.5], "rotation": 90, "texture": "#0"},
				"down": {"uv": [1.5, 10.5, 3, 11.75], "rotation": 90, "texture": "#0"}
			}
		},
		{
			"from": [12.17898, -13.30629, 7.97889],
			"to": [24.25234, 10.75981, 7.97889],
			"rotation": {"angle": 0, "axis": "y", "origin": [9.23485, 6.27146, 7.99294]},
			"faces": {
				"north": {"uv": [0, 0, 6, 12], "texture": "#1"},
				"south": {"uv": [6, 0, 0, 12], "texture": "#1"}
			}
		}
	],
	"display": {
		"head": {
			"translation": [-61.25, 22.75, 0],
			"scale": [4, 4, 4]
		}
	},
	"groups": [
		{
			"name": "root",
			"origin": [8, 8, 8],
			"children": [
				{
					"name": "wing_l",
					"origin": [8, 8, 8],
					"children": [
						{
							"name": "0",
							"origin": [5.5, 8.44331, 2.22471],
							"children": [0, 1, 2, 3, 4, 5, 6, 7, 8, 9, 10]
						}
					]
				}
			]
		}
	]
}