{
	"credit": "Made with Blockbench",
	"texture_size": [32, 32],
	"textures": {
		"0": "reus/head",
		"1": "reus/wing",
		"particle": "reus/head"
	},
	"elements": [
		{
			"from": [2.12927, 8.55491, 7.22011],
			"to": [18.39017, 10.45187, 8.76929],
			"rotation": {"angle": -22.5, "axis": "z", "origin": [6.76515, 6.27146, 7.99294]},
			"faces": {
				"north": {"uv": [8.5, 3.5, 9.25, 1.75], "rotation": 90, "texture": "#0"},
				"east": {"uv": [8.5, 3.5, 9.25, 1.75], "rotation": 90, "texture": "#0"},
				"south": {"uv": [8.5, 3.5, 9.25, 1.75], "rotation": 90, "texture": "#0"},
				"west": {"uv": [8.5, 3.5, 9.25, 1.75], "rotation": 90, "texture": "#0"},
				"up": {"uv": [8.5, 3.5, 9.25, 1.75], "rotation": 90, "texture": "#0"},
				"down": {"uv": [1.5, 11.75, 3, 10.5], "rotation": 90, "texture": "#0"}
			}
		},
		{
			"from": [15.72487, 12.67902, 7.41771],
			"to": [31.98577, 14.27958, 8.57169],
			"rotation": {"angle": -45, "axis": "z", "origin": [6.76515, 6.27146, 7.99294]},
			"faces": {
				"north": {"uv": [8.5, 3.5, 9.25, 1.75], "rotation": 90, "texture": "#0"},
				"east": {"uv": [8.5, 3.5, 9.25, 1.75], "rotation": 90, "texture": "#0"},
				"south": {"uv": [8.5, 3.5, 9.25, 1.75], "rotation": 90, "texture": "#0"},
				"west": {"uv": [8.5, 3.5, 9.25, 1.75], "rotation": 90, "texture": "#0"},
				"up": {"uv": [8.5, 3.5, 9.25, 1.75], "rotation": 90, "texture": "#0"},
				"down": {"uv": [1.5, 11.75, 3, 10.5], "rotation": 90, "texture": "#0"}
			}
		},
		{
			"from": [28.22109, -10.71079, 7.61531],
			"to": [29.22885, -6.40469, 8.37409],
			"rotation": {"angle": 22.5, "axis": "z", "origin": [28.03337, -4.80334, 7.9947]},
			"faces": {
				"north": {"uv": [10, 7.75, 9.25, 9.5], "rotation": 180, "texture": "#0"},
				"east": {"uv": [10, 7.75, 9.25, 9.5], "rotation": 180, "texture": "#0"},
				"south": {"uv": [10, 7.75, 9.25, 9.5], "rotation": 180, "texture": "#0"},
				"west": {"uv": [10, 7.75, 9.25, 9.5], "rotation": 180, "texture": "#0"},
				"up": {"uv": [10, 7.75, 9.25, 9.5], "rotation": 180, "texture": "#0"},
				"down": {"uv": [10, 7.75, 9.25, 9.5], "rotation": 180, "texture": "#0"}
			}
		},
		{
			"from": [4.05808, 9.80509, 7.51651],
			"to": [5.10378, 12.19605, 8.50451],
			"rotation": {"angle": -22.5, "axis": "z", "origin": [6.76515, 6.27146, 7.99294]},
			"faces": {
				"north": {"uv": [1.75, 3.5, 0.75, 4.25], "texture": "#0"},
				"east": {"uv": [1.75, 3.5, 0.75, 4.25], "texture": "#0"},
				"south": {"uv": [1.75, 3.5, 0.75, 4.25], "texture": "#0"},
				"west": {"uv": [1.75, 3.5, 0.75, 4.25], "texture": "#0"},
				"up": {"uv": [1.75, 3.5, 0.75, 4.25], "texture": "#0"},
				"down": {"uv": [1.75, 3.5, 0.75, 4.25], "texture": "#0"}
			}
		},
		{
			"from": [6.82448, 8.61949, 7.51651],
			"to": [7.87018, 11.01045, 8.50451],
			"rotation": {"angle": -22.5, "axis": "z", "origin": [9.53155, 5.08586, 7.99294]},
			"faces": {
				"north": {"uv": [1.75, 3.5, 0.75, 4.25], "texture": "#0"},
				"east": {"uv": [1.75, 3.5, 0.75, 4.25], "texture": "#0"},
				"south": {"uv": [1.75, 3.5, 0.75, 4.25], "texture": "#0"},
				"west": {"uv": [1.75, 3.5, 0.75, 4.25], "texture": "#0"},
				"up": {"uv": [1.75, 3.5, 0.75, 4.25], "texture": "#0"},
				"down": {"uv": [1.75, 3.5, 0.75, 4.25], "texture": "#0"}
			}
		},
		{
			"from": [9.39328, 7.23629, 7.51651],
			"to": [10.43898, 9.62725, 8.50451],
			"rotation": {"angle": -22.5, "axis": "z", "origin": [12.10035, 3.70266, 7.99294]},
			"faces": {
				"north": {"uv": [1.75, 3.5, 0.75, 4.25], "texture": "#0"},
				"east": {"uv": [1.75, 3.5, 0.75, 4.25], "texture": "#0"},
				"south": {"uv": [1.75, 3.5, 0.75, 4.25], "texture": "#0"},
				"west": {"uv": [1.75, 3.5, 0.75, 4.25], "texture": "#0"},
				"up": {"uv": [1.75, 3.5, 0.75, 4.25], "texture": "#0"},
				"down": {"uv": [1.75, 3.5, 0.75, 4.25], "texture": "#0"}
			}
		},
		{
			"from": [11.96208, 5.65549, 7.51651],
			"to": [13.00778, 8.04645, 8.50451],
			"rotation": {"angle": -22.5, "axis": "z", "origin": [14.66915, 2.12186, 7.99294]},
			"faces": {
				"north": {"uv": [1.75, 3.5, 0.75, 4.25], "texture": "#0"},
				"east": {"uv": [1.75, 3.5, 0.75, 4.25], "texture": "#0"},
				"south": {"uv": [1.75, 3.5, 0.75, 4.25], "texture": "#0"},
				"west": {"uv": [1.75, 3.5, 0.75, 4.25], "texture": "#0"},
				"up": {"uv": [1.75, 3.5, 0.75, 4.25], "texture": "#0"},
				"down": {"uv": [1.75, 3.5, 0.75, 4.25], "texture": "#0"}
			}
		},
		{
			"from": [7.0221, 11.86177, 7.71411],
			"to": [7.6726, 13.85753, 8.30691],
			"rotation": {"angle": -45, "axis": "z", "origin": [7.34735, 12.85965, 8.01051]},
			"faces": {
				"north": {"uv": [1.75, 3.5, 0.75, 4.25], "texture": "#0"},
				"east": {"uv": [1.75, 3.5, 0.75, 4.25], "texture": "#0"},
				"south": {"uv": [1.75, 3.5, 0.75, 4.25], "texture": "#0"},
				"west": {"uv": [1.75, 3.5, 0.75, 4.25], "texture": "#0"},
				"up": {"uv": [1.75, 3.5, 0.75, 4.25], "texture": "#0"},
				"down": {"uv": [1.75, 3.5, 0.75, 4.25], "texture": "#0"}
			}
		},
		{
			"from": [9.7885, 10.67617, 7.71411],
			"to": [10.439, 12.67193, 8.30691],
			"rotation": {"angle": -45, "axis": "z", "origin": [10.11375, 11.67405, 8.01051]},
			"faces": {
				"north": {"uv": [1.75, 3.5, 0.75, 4.25], "texture": "#0"},
				"east": {"uv": [1.75, 3.5, 0.75, 4.25], "texture": "#0"},
				"south": {"uv": [1.75, 3.5, 0.75, 4.25], "texture": "#0"},
				"west": {"uv": [1.75, 3.5, 0.75, 4.25], "texture": "#0"},
				"up": {"uv": [1.75, 3.5, 0.75, 4.25], "texture": "#0"},
				"down": {"uv": [1.75, 3.5, 0.75, 4.25], "texture": "#0"}
			}
		},
		{
			"from": [12.3573, 9.29297, 7.71411],
			"to": [13.0078, 11.28873, 8.30691],
			"rotation": {"angle": -45, "axis": "z", "origin": [12.68255, 10.29085, 8.01051]},
			"faces": {
				"north": {"uv": [1.75, 3.5, 0.75, 4.25], "texture": "#0"},
				"east": {"uv": [1.75, 3.5, 0.75, 4.25], "texture": "#0"},
				"south": {"uv": [1.75, 3.5, 0.75, 4.25], "texture": "#0"},
				"west": {"uv": [1.75, 3.5, 0.75, 4.25], "texture": "#0"},
				"up": {"uv": [1.75, 3.5, 0.75, 4.25], "texture": "#0"},
				"down": {"uv": [1.75, 3.5, 0.75, 4.25], "texture": "#0"}
			}
		},
		{
			"from": [14.9261, 7.71217, 7.71411],
			"to": [15.5766, 9.70793, 8.30691],
			"rotation": {"angle": -45, "axis": "z", "origin": [15.25135, 8.71005, 8.01051]},
			"faces": {
				"north": {"uv": [1.75, 3.5, 0.75, 4.25], "texture": "#0"},
				"east": {"uv": [1.75, 3.5, 0.75, 4.25], "texture": "#0"},
				"south": {"uv": [1.75, 3.5, 0.75, 4.25], "texture": "#0"},
				"west": {"uv": [1.75, 3.5, 0.75, 4.25], "texture": "#0"},
				"up": {"uv": [1.75, 3.5, 0.75, 4.25], "texture": "#0"},
				"down": {"uv": [1.75, 3.5, 0.75, 4.25], "texture": "#0"}
			}
		},
		{
			"from": [16.9021, 5.73617, 7.71411],
			"to": [17.5526, 7.73193, 8.30691],
			"rotation": {"angle": -22.5, "axis": "z", "origin": [17.22735, 6.73405, 8.01051]},
			"faces": {
				"north": {"uv": [1.75, 3.5, 0.75, 4.25], "texture": "#0"},
				"east": {"uv": [1.75, 3.5, 0.75, 4.25], "texture": "#0"},
				"south": {"uv": [1.75, 3.5, 0.75, 4.25], "texture": "#0"},
				"west": {"uv": [1.75, 3.5, 0.75, 4.25], "texture": "#0"},
				"up": {"uv": [1.75, 3.5, 0.75, 4.25], "texture": "#0"},
				"down": {"uv": [1.75, 3.5, 0.75, 4.25], "texture": "#0"}
			}
		},
		{
			"from": [5.73771, -14.45913, 7.41771],
			"to": [6.64667, 11.18777, 8.57169],
			"rotation": {"angle": 22.5, "axis": "z", "origin": [6.76515, 6.27146, 7.99294]},
			"faces": {
				"north": {"uv": [7.5, 0.5, 7, 11.5], "texture": "#1"},
				"east": {"uv": [7.5, 0.5, 7, 11.5], "texture": "#1"},
				"south": {"uv": [7.5, 0.5, 7, 11.5], "texture": "#1"},
				"west": {"uv": [7.5, 0.5, 7, 11.5], "texture": "#1"},
				"up": {"uv": [7.5, 0.5, 7, 11.5], "texture": "#1"},
				"down": {"uv": [7.5, 0.5, 7, 11.5], "texture": "#1"}
			}
		},
		{
			"from": [3.80126, -13.30629, 7.97889],
			"to": [29.50902, 10.36461, 7.97889],
			"rotation": {"angle": 0, "axis": "y", "origin": [6.76515, 6.27146, 7.99294]},
			"faces": {
				"north": {"uv": [16, 0, 6, 12], "texture": "#1"},
				"south": {"uv": [6, 0, 16, 12], "texture": "#1"}
			}
		}
	],
	"display": {
		"head": {
			"translation": [13.75, -17.5, 0],
			"scale": [4, 4, 4]
		}
	},
	"groups": [
		{
			"name": "root",
			"origin": [8, 8, 8],
			"children": [
				{
					"name": "wing_l",
					"origin": [8, 8, 8],
					"children": [
						{
							"name": "1",
							"origin": [8, 8, 8],
							"children": [0, 1, 2, 3, 4, 5, 6, 7, 8, 9, 10, 11, 12, 13]
						}
					]
				}
			]
		}
	]
}