{
	"credit": "Made with Blockbench",
	"texture_size": [32, 32],
	"textures": {
		"1": "brachy/raging",
		"particle": "brachy/head"
	},
	"elements": [
		{
			"from": [5.16898, -4.13573, 8.70166],
			"to": [10.85172, 0.6324, 16.17504],
			"rotation": {"angle": 0, "axis": "y", "origin": [8.01035, -2.45236, 12.43835]},
			"faces": {
				"north": {"uv": [0, 4.5, 1.75, 6.5], "texture": "#1"},
				"east": {"uv": [13.25, 2.5, 16, 4.5], "rotation": 180, "texture": "#1"},
				"south": {"uv": [13.25, 0, 16, 1.5], "texture": "#1"},
				"west": {"uv": [13.25, 2.5, 16, 4.5], "rotation": 180, "texture": "#1"},
				"up": {"uv": [0, 7.25, 1.75, 9.25], "texture": "#1"},
				"down": {"uv": [13.25, 0, 16, 1.5], "texture": "#1"}
			}
		},
		{
			"from": [5.46496, 0.15911, 11.42601],
			"to": [10.55574, 6.56631, 15.68453],
			"rotation": {"angle": 0, "axis": "y", "origin": [8.01035, -0.8555, 15.744]},
			"faces": {
				"north": {"uv": [7.25, 8.5, 9.5, 10.5], "rotation": 270, "texture": "#1"},
				"east": {"uv": [7.25, 8.5, 9.5, 10.5], "rotation": 270, "texture": "#1"},
				"south": {"uv": [7.25, 8.5, 9.5, 10.5], "rotation": 270, "texture": "#1"},
				"west": {"uv": [7.25, 8.5, 9.5, 10.5], "rotation": 270, "texture": "#1"},
				"up": {"uv": [7.25, 8.5, 9.5, 10.5], "rotation": 270, "texture": "#1"},
				"down": {"uv": [7.25, 8.5, 9.5, 10.5], "rotation": 270, "texture": "#1"}
			}
		},
		{
			"from": [6.64886, -3.83975, 4.50867],
			"to": [9.37184, -0.32504, 9.76224],
			"rotation": {"angle": 0, "axis": "y", "origin": [8.01035, -2.45236, 9.47859]},
			"faces": {
				"north": {"uv": [2.5, 7, 3.75, 9], "texture": "#1"},
				"east": {"uv": [2.5, 7, 3.75, 9], "texture": "#1"},
				"south": {"uv": [2.5, 7, 3.75, 9], "texture": "#1"},
				"west": {"uv": [2.5, 7, 3.75, 9], "texture": "#1"},
				"up": {"uv": [2.5, 7, 3.75, 9], "texture": "#1"},
				"down": {"uv": [2.5, 7, 3.75, 9], "texture": "#1"}
			}
		},
		{
			"from": [7.16682, -3.80141, 1.27912],
			"to": [8.85388, -2.35853, 5.44744],
			"rotation": {"angle": 0, "axis": "y", "origin": [8.01035, -3.07997, 3.75791]},
			"faces": {
				"north": {"uv": [2.5, 7, 3.75, 9], "texture": "#1"},
				"east": {"uv": [2.5, 7, 3.75, 9], "texture": "#1"},
				"south": {"uv": [2.5, 7, 3.75, 9], "texture": "#1"},
				"west": {"uv": [2.5, 7, 3.75, 9], "texture": "#1"},
				"up": {"uv": [2.5, 7, 3.75, 9], "texture": "#1"},
				"down": {"uv": [2.5, 7, 3.75, 9], "texture": "#1"}
			}
		},
		{
			"from": [7.41346, -2.35853, 2.41369],
			"to": [8.60723, -1.14996, 5.44744],
			"rotation": {"angle": 0, "axis": "y", "origin": [8.01035, -3.07997, 3.75791]},
			"faces": {
				"north": {"uv": [2.5, 7, 3.75, 9], "rotation": 180, "texture": "#1"},
				"east": {"uv": [2.5, 7, 3.75, 9], "rotation": 180, "texture": "#1"},
				"south": {"uv": [2.5, 7, 3.75, 9], "rotation": 180, "texture": "#1"},
				"west": {"uv": [2.5, 7, 3.75, 9], "rotation": 180, "texture": "#1"},
				"up": {"uv": [2.5, 7, 3.75, 9], "rotation": 180, "texture": "#1"},
				"down": {"uv": [2.5, 7, 3.75, 9], "rotation": 180, "texture": "#1"}
			}
		},
		{
			"from": [2.33255, -3.83975, 4.26202],
			"to": [5.05552, -0.32504, 9.51559],
			"rotation": {"angle": 22.5, "axis": "y", "origin": [8.01035, -2.30554, 4.80976]},
			"faces": {
				"north": {"uv": [2.5, 7, 3.75, 9], "texture": "#1"},
				"east": {"uv": [2.5, 7, 3.75, 9], "texture": "#1"},
				"south": {"uv": [2.5, 7, 3.75, 9], "texture": "#1"},
				"west": {"uv": [2.5, 7, 3.75, 9], "texture": "#1"},
				"up": {"uv": [2.5, 7, 3.75, 9], "texture": "#1"},
				"down": {"uv": [2.5, 7, 3.75, 9], "texture": "#1"}
			}
		},
		{
			"from": [2.85051, -3.80141, 1.03247],
			"to": [4.53757, -2.35853, 5.20079],
			"rotation": {"angle": 22.5, "axis": "y", "origin": [8.01035, -2.30554, 4.80976]},
			"faces": {
				"north": {"uv": [2.5, 7, 3.75, 9], "texture": "#1"},
				"east": {"uv": [2.5, 7, 3.75, 9], "texture": "#1"},
				"south": {"uv": [2.5, 7, 3.75, 9], "texture": "#1"},
				"west": {"uv": [2.5, 7, 3.75, 9], "texture": "#1"},
				"up": {"uv": [2.5, 7, 3.75, 9], "texture": "#1"},
				"down": {"uv": [2.5, 7, 3.75, 9], "texture": "#1"}
			}
		},
		{
			"from": [3.09715, -2.35853, 2.16704],
			"to": [4.29092, -1.14996, 5.20079],
			"rotation": {"angle": 22.5, "axis": "y", "origin": [8.01035, -2.30554, 4.80976]},
			"faces": {
				"north": {"uv": [2.5, 7, 3.75, 9], "rotation": 180, "texture": "#1"},
				"east": {"uv": [2.5, 7, 3.75, 9], "rotation": 180, "texture": "#1"},
				"south": {"uv": [2.5, 7, 3.75, 9], "rotation": 180, "texture": "#1"},
				"west": {"uv": [2.5, 7, 3.75, 9], "rotation": 180, "texture": "#1"},
				"up": {"uv": [2.5, 7, 3.75, 9], "rotation": 180, "texture": "#1"},
				"down": {"uv": [2.5, 7, 3.75, 9], "rotation": 180, "texture": "#1"}
			}
		},
		{
			"from": [10.96517, -3.83975, 4.26202],
			"to": [13.68815, -0.32504, 9.51559],
			"rotation": {"angle": -22.5, "axis": "y", "origin": [8.01035, -2.30554, 4.80976]},
			"faces": {
				"north": {"uv": [2.5, 7, 3.75, 9], "texture": "#1"},
				"east": {"uv": [2.5, 7, 3.75, 9], "texture": "#1"},
				"south": {"uv": [2.5, 7, 3.75, 9], "texture": "#1"},
				"west": {"uv": [2.5, 7, 3.75, 9], "texture": "#1"},
				"up": {"uv": [2.5, 7, 3.75, 9], "texture": "#1"},
				"down": {"uv": [2.5, 7, 3.75, 9], "texture": "#1"}
			}
		},
		{
			"from": [11.48313, -3.80141, 1.03247],
			"to": [13.17019, -2.35853, 5.20079],
			"rotation": {"angle": -22.5, "axis": "y", "origin": [8.01035, -2.30554, 4.80976]},
			"faces": {
				"north": {"uv": [2.5, 7, 3.75, 9], "texture": "#1"},
				"east": {"uv": [2.5, 7, 3.75, 9], "texture": "#1"},
				"south": {"uv": [2.5, 7, 3.75, 9], "texture": "#1"},
				"west": {"uv": [2.5, 7, 3.75, 9], "texture": "#1"},
				"up": {"uv": [2.5, 7, 3.75, 9], "texture": "#1"},
				"down": {"uv": [2.5, 7, 3.75, 9], "texture": "#1"}
			}
		},
		{
			"from": [11.72978, -2.35853, 2.16704],
			"to": [12.92355, -1.14996, 5.20079],
			"rotation": {"angle": -22.5, "axis": "y", "origin": [8.01035, -2.30554, 4.80976]},
			"faces": {
				"north": {"uv": [2.5, 7, 3.75, 9], "rotation": 180, "texture": "#1"},
				"east": {"uv": [2.5, 7, 3.75, 9], "rotation": 180, "texture": "#1"},
				"south": {"uv": [2.5, 7, 3.75, 9], "rotation": 180, "texture": "#1"},
				"west": {"uv": [2.5, 7, 3.75, 9], "rotation": 180, "texture": "#1"},
				"up": {"uv": [2.5, 7, 3.75, 9], "rotation": 180, "texture": "#1"},
				"down": {"uv": [2.5, 7, 3.75, 9], "rotation": 180, "texture": "#1"}
			}
		}
	],
	"display": {
		"head": {
			"translation": [0, 5.75, -22.5],
			"scale": [4, 4, 4]
		}
	}
}