{
	"credit": "Made with Blockbench",
	"texture_size": [32, 32],
	"textures": {
		"2": "diablos/head"
	},
	"elements": [
		{
			"from": [4.66272, 8.07596, 10.5208],
			"to": [11.37124, 8.9948, 17.1898],
			"rotation": {"angle": 0, "axis": "y", "origin": [12.90758, 8.9948, 6.0748]},
			"faces": {
				"north": {"uv": [6, 5, 7.5, 6.5], "texture": "#2"},
				"east": {"uv": [6, 5, 7.5, 6.5], "texture": "#2"},
				"south": {"uv": [6, 5, 7.5, 6.5], "texture": "#2"},
				"west": {"uv": [6, 5, 7.5, 6.5], "texture": "#2"},
				"up": {"uv": [6, 5, 7.5, 6.5], "texture": "#2"},
				"down": {"uv": [6, 5, 7.5, 6.5], "texture": "#2"}
			}
		},
		{
			"from": [3.84762, 3.48176, 10.5208],
			"to": [12.18634, 8.07596, 17.1898],
			"rotation": {"angle": 0, "axis": "y", "origin": [12.90758, 8.9948, 6.0748]},
			"faces": {
				"north": {"uv": [6, 5, 7.5, 6.5], "texture": "#2"},
				"east": {"uv": [6, 5, 7.5, 6.5], "texture": "#2"},
				"south": {"uv": [6, 5, 7.5, 6.5], "texture": "#2"},
				"west": {"uv": [6, 5, 7.5, 6.5], "texture": "#2"},
				"up": {"uv": [6, 5, 7.5, 6.5], "texture": "#2"},
				"down": {"uv": [6, 5, 7.5, 6.5], "texture": "#2"}
			}
		},
		{
			"from": [4.66272, 1.64408, 10.5208],
			"to": [11.37124, 3.48176, 17.1898],
			"rotation": {"angle": 0, "axis": "y", "origin": [12.90758, 8.9948, 6.0748]},
			"faces": {
				"north": {"uv": [2.5, 14, 4, 16], "texture": "#2"},
				"east": {"uv": [2.5, 14, 4, 16], "rotation": 270, "texture": "#2"},
				"south": {"uv": [2.5, 14, 4, 16], "texture": "#2"},
				"west": {"uv": [2.5, 14, 4, 16], "rotation": 90, "texture": "#2"},
				"up": {"uv": [2.5, 14, 4, 16], "texture": "#2"},
				"down": {"uv": [2.5, 14, 4, 16], "texture": "#2"}
			}
		},
		{
			"from": [5.18142, 8.90594, 15.46615],
			"to": [10.85254, 9.82478, 17.2569],
			"rotation": {"angle": -22.5, "axis": "x", "origin": [7.98981, 9.69484, 15.30542]},
			"faces": {
				"north": {"uv": [6, 5, 7.5, 6.5], "texture": "#2"},
				"east": {"uv": [6, 5, 7.5, 6.5], "texture": "#2"},
				"south": {"uv": [6, 5, 7.5, 6.5], "texture": "#2"},
				"west": {"uv": [6, 5, 7.5, 6.5], "texture": "#2"},
				"up": {"uv": [6, 5, 7.5, 6.5], "texture": "#2"},
				"down": {"uv": [6, 5, 7.5, 6.5], "texture": "#2"}
			}
		},
		{
			"from": [5.72482, 8.90594, 17.2569],
			"to": [10.03744, 9.5185, 17.9979],
			"rotation": {"angle": -22.5, "axis": "x", "origin": [7.98981, 9.69484, 15.30542]},
			"faces": {
				"north": {"uv": [6, 5, 7.5, 6.5], "texture": "#2"},
				"east": {"uv": [6, 5, 7.5, 6.5], "texture": "#2"},
				"south": {"uv": [6, 5, 7.5, 6.5], "texture": "#2"},
				"west": {"uv": [6, 5, 7.5, 6.5], "texture": "#2"},
				"up": {"uv": [6, 5, 7.5, 6.5], "texture": "#2"},
				"down": {"uv": [6, 5, 7.5, 6.5], "texture": "#2"}
			}
		},
		{
			"from": [4.36632, 8.99565, 10.51555],
			"to": [11.66764, 10.52705, 15.45555],
			"rotation": {"angle": -22.5, "axis": "x", "origin": [7.98981, 9.69484, 15.30542]},
			"faces": {
				"north": {"uv": [6, 5, 7.5, 6.5], "texture": "#2"},
				"east": {"uv": [6, 5, 7.5, 6.5], "texture": "#2"},
				"south": {"uv": [6, 5, 7.5, 6.5], "texture": "#2"},
				"west": {"uv": [6, 5, 7.5, 6.5], "texture": "#2"},
				"up": {"uv": [6, 5, 7.5, 6.5], "texture": "#2"},
				"down": {"uv": [6, 5, 7.5, 6.5], "texture": "#2"}
			}
		},
		{
			"from": [5.45312, 9.60821, 15.45555],
			"to": [10.58084, 10.52705, 16.69055],
			"rotation": {"angle": -22.5, "axis": "x", "origin": [7.98981, 9.69484, 15.30542]},
			"faces": {
				"north": {"uv": [6, 5, 7.5, 6.5], "texture": "#2"},
				"east": {"uv": [6, 5, 7.5, 6.5], "texture": "#2"},
				"south": {"uv": [6, 5, 7.5, 6.5], "texture": "#2"},
				"west": {"uv": [6, 5, 7.5, 6.5], "texture": "#2"},
				"up": {"uv": [6, 5, 7.5, 6.5], "texture": "#2"},
				"down": {"uv": [6, 5, 7.5, 6.5], "texture": "#2"}
			}
		},
		{
			"from": [5.45312, 8.99565, 11.00955],
			"to": [10.58084, 11.13961, 14.46755],
			"rotation": {"angle": -22.5, "axis": "x", "origin": [7.98981, 9.69484, 15.30542]},
			"faces": {
				"north": {"uv": [6, 5, 7.5, 6.5], "texture": "#2"},
				"east": {"uv": [6, 5, 7.5, 6.5], "texture": "#2"},
				"south": {"uv": [6, 5, 7.5, 6.5], "texture": "#2"},
				"west": {"uv": [6, 5, 7.5, 6.5], "texture": "#2"},
				"up": {"uv": [6, 5, 7.5, 6.5], "texture": "#2"},
				"down": {"uv": [6, 5, 7.5, 6.5], "texture": "#2"}
			}
		}
	],
	"display": {
		"head": {
			"translation": [0, 1.75, -23.25],
			"scale": [4, 4, 4]
		}
	},
	"groups": [
		{
			"name": "root",
			"origin": [8, 8, 8],
			"children": [
				{
					"name": "neck",
					"origin": [8, 8, 8],
					"children": [
						{
							"name": "2",
							"origin": [9.5, 10.5, -1.5],
							"children": [0, 1, 2, 3, 4, 5, 6, 7]
						}
					]
				}
			]
		}
	]
}