{
	"credit": "Made with Blockbench",
	"texture_size": [32, 32],
	"textures": {
		"2": "diablos/head"
	},
	"elements": [
		{
			"from": [5.48511, 6.44681, -3.32067],
			"to": [10.51489, 10.04797, 3.9051],
			"rotation": {"angle": 0, "axis": "y", "origin": [12.97256, 11.41937, -36.91019]},
			"faces": {
				"north": {"uv": [5, 5, 6.75, 6.25], "texture": "#2"},
				"east": {"uv": [5, 5, 6.75, 6.25], "texture": "#2"},
				"south": {"uv": [5, 5, 6.75, 6.25], "texture": "#2"},
				"west": {"uv": [5, 5, 6.75, 6.25], "texture": "#2"},
				"up": {"uv": [5, 5, 6.75, 6.25], "texture": "#2"},
				"down": {"uv": [5, 5, 6.75, 6.25], "texture": "#2"}
			}
		},
		{
			"from": [5.73176, 4.82528, -3.32067],
			"to": [10.26824, 6.57653, 3.9051],
			"rotation": {"angle": 0, "axis": "y", "origin": [12.97256, 11.41937, -36.91019]},
			"faces": {
				"north": {"uv": [2.5, 14, 4, 16], "texture": "#2"},
				"east": {"uv": [2.5, 14, 4, 16], "rotation": 270, "texture": "#2"},
				"south": {"uv": [2.5, 14, 4, 16], "texture": "#2"},
				"west": {"uv": [2.5, 14, 4, 16], "rotation": 90, "texture": "#2"},
				"up": {"uv": [2.5, 14, 4, 16], "texture": "#2"},
				"down": {"uv": [2.5, 14, 4, 16], "texture": "#2"}
			}
		},
		{
			"from": [5.70975, 9.8689, -3.26509],
			"to": [10.29025, 11.39776, 0.37205],
			"rotation": {"angle": -22.5, "axis": "x", "origin": [8, 10.05208, 0.34779]},
			"faces": {
				"north": {"uv": [5, 5, 6.75, 6.25], "texture": "#2"},
				"east": {"uv": [5, 5, 6.75, 6.25], "texture": "#2"},
				"south": {"uv": [5, 5, 6.75, 6.25], "texture": "#2"},
				"west": {"uv": [5, 5, 6.75, 6.25], "texture": "#2"},
				"up": {"uv": [5, 5, 6.75, 6.25], "texture": "#2"},
				"down": {"uv": [5, 5, 6.75, 6.25], "texture": "#2"}
			}
		},
		{
			"from": [5.70975, 10.07108, 0.1719],
			"to": [10.29025, 11.39776, 3.80904],
			"rotation": {"angle": -22.5, "axis": "x", "origin": [8, 10.05208, 3.78478]},
			"faces": {
				"north": {"uv": [5, 5, 6.75, 6.25], "texture": "#2"},
				"east": {"uv": [5, 5, 6.75, 6.25], "texture": "#2"},
				"south": {"uv": [5, 5, 6.75, 6.25], "texture": "#2"},
				"west": {"uv": [5, 5, 6.75, 6.25], "texture": "#2"},
				"up": {"uv": [5, 5, 6.75, 6.25], "texture": "#2"},
				"down": {"uv": [5, 5, 6.75, 6.25], "texture": "#2"}
			}
		},
		{
			"from": [5.7366, 6.47177, 3.84005],
			"to": [10.2634, 9.71281, 10.34324],
			"rotation": {"angle": 0, "axis": "y", "origin": [12.4753, 10.94707, -26.39052]},
			"faces": {
				"north": {"uv": [5, 5, 6.75, 6.25], "texture": "#2"},
				"east": {"uv": [5, 5, 6.75, 6.25], "texture": "#2"},
				"south": {"uv": [5, 5, 6.75, 6.25], "texture": "#2"},
				"west": {"uv": [5, 5, 6.75, 6.25], "texture": "#2"},
				"up": {"uv": [5, 5, 6.75, 6.25], "texture": "#2"},
				"down": {"uv": [5, 5, 6.75, 6.25], "texture": "#2"}
			}
		},
		{
			"from": [6.4866, 5.97177, 10.34324],
			"to": [9.5134, 8.96281, 10.36824],
			"rotation": {"angle": 0, "axis": "y", "origin": [12.4753, 10.94707, -26.39052]},
			"faces": {
				"north": {"uv": [5, 5, 6.75, 6.25], "texture": "#2"},
				"east": {"uv": [5, 5, 6.75, 6.25], "texture": "#2"},
				"south": {"uv": [5.75, 14, 7.5, 15.75], "texture": "#2"},
				"west": {"uv": [5, 5, 6.75, 6.25], "texture": "#2"},
				"up": {"uv": [5, 5, 6.75, 6.25], "texture": "#2"},
				"down": {"uv": [5, 5, 6.75, 6.25], "texture": "#2"}
			}
		},
		{
			"from": [5.95859, 5.03524, 3.84005],
			"to": [10.04141, 6.48636, 10.34324],
			"rotation": {"angle": 0, "axis": "y", "origin": [12.4753, 10.94707, -26.39052]},
			"faces": {
				"north": {"uv": [2.5, 14, 4, 16], "texture": "#2"},
				"east": {"uv": [2.5, 14, 4, 16], "rotation": 270, "texture": "#2"},
				"south": {"uv": [2.5, 14, 4, 16], "texture": "#2"},
				"west": {"uv": [2.5, 14, 4, 16], "rotation": 90, "texture": "#2"},
				"up": {"uv": [2.5, 14, 4, 16], "texture": "#2"},
				"down": {"uv": [2.5, 14, 4, 16], "texture": "#2"}
			}
		},
		{
			"from": [5.93877, 9.50253, 3.87969],
			"to": [10.06123, 10.8785, 7.15313],
			"rotation": {"angle": -22.5, "axis": "x", "origin": [8, 9.66738, 7.13129]},
			"faces": {
				"north": {"uv": [5, 5, 6.75, 6.25], "texture": "#2"},
				"east": {"uv": [5, 5, 6.75, 6.25], "texture": "#2"},
				"south": {"uv": [5, 5, 6.75, 6.25], "texture": "#2"},
				"west": {"uv": [5, 5, 6.75, 6.25], "texture": "#2"},
				"up": {"uv": [5, 5, 6.75, 6.25], "texture": "#2"},
				"down": {"uv": [5, 5, 6.75, 6.25], "texture": "#2"}
			}
		},
		{
			"from": [5.93877, 9.68449, 6.97299],
			"to": [10.06123, 10.8785, 10.24642],
			"rotation": {"angle": -22.5, "axis": "x", "origin": [8, 9.66738, 10.22458]},
			"faces": {
				"north": {"uv": [5, 5, 6.75, 6.25], "texture": "#2"},
				"east": {"uv": [5, 5, 6.75, 6.25], "texture": "#2"},
				"south": {"uv": [5, 5, 6.75, 6.25], "texture": "#2"},
				"west": {"uv": [5, 5, 6.75, 6.25], "texture": "#2"},
				"up": {"uv": [5, 5, 6.75, 6.25], "texture": "#2"},
				"down": {"uv": [5, 5, 6.75, 6.25], "texture": "#2"}
			}
		}
	],
	"display": {
		"head": {
			"translation": [0, -4.25, 37.5],
			"scale": [4, 4, 4]
		}
	},
	"groups": [
		{
			"name": "root",
			"origin": [8, 8, 8],
			"color": 0,
			"children": [
				{
					"name": "tail",
					"origin": [8, 8, 8],
					"color": 0,
					"children": [
						{
							"name": "group",
							"origin": [8, 8, 8],
							"color": 0,
							"children": [
								{
									"name": "group",
									"origin": [8, 8, 8],
									"color": 0,
									"children": [0, 1, 2, 3]
								},
								{
									"name": "group",
									"origin": [8, 8, 8],
									"color": 0,
									"children": [4, 5, 6, 7, 8]
								}
							]
						}
					]
				}
			]
		}
	]
}