{
	"credit": "Made with Blockbench",
	"textures": {
		"1": "narga/texture",
		"particle": "head"
	},
	"elements": [
		{
			"from": [4.7006, 3.19443, 8.73059],
			"to": [11.2994, 11.44293, 23.57789],
			"rotation": {"angle": 0, "axis": "y", "origin": [8, 4.84413, -6.11671]},
			"faces": {
				"north": {"uv": [6.5, 0.375, 7, 1], "texture": "#1"},
				"east": {"uv": [0.625, 2.75, 1.75, 3.375], "texture": "#1"},
				"south": {"uv": [1.625, 6.5, 2.125, 7.125], "texture": "#1"},
				"west": {"uv": [1.75, 2.75, 2.875, 3.375], "texture": "#1"},
				"up": {"uv": [2.75, 4.5, 2.25, 3.375], "texture": "#1"},
				"down": {"uv": [3.875, 2.875, 3.375, 4], "texture": "#1"}
			}
		},
		{
			"from": [3.87575, 6.49383, 20.27849],
			"to": [12.12425, 13.09263, 23.57789],
			"rotation": {"angle": 0, "axis": "y", "origin": [8, 4.84413, -6.11671]},
			"faces": {
				"north": {"uv": [2.125, 1.5, 2.75, 2], "texture": "#1"},
				"east": {"uv": [4.125, 0.75, 4.375, 1.25], "texture": "#1"},
				"south": {"uv": [6.5, 1, 7.125, 1.5], "texture": "#1"},
				"west": {"uv": [2.5, 4.5, 2.75, 5], "texture": "#1"},
				"up": {"uv": [5.25, 4.375, 4.625, 4.125], "texture": "#1"},
				"down": {"uv": [7, 4.375, 6.375, 4.625], "texture": "#1"}
			}
		},
		{
			"from": [3.0509, -5.05407, 12.02999],
			"to": [12.9491, 3.19443, 21.92819],
			"rotation": {"angle": -22.5, "axis": "x", "origin": [8, 4.84413, -6.11671]},
			"faces": {
				"north": {"uv": [4.875, 0, 5.625, 0.625], "texture": "#1"},
				"east": {"uv": [1.375, 5, 2.125, 5.625], "texture": "#1"},
				"south": {"uv": [2.125, 5, 2.875, 5.625], "texture": "#1"},
				"west": {"uv": [2.875, 5, 3.625, 5.625], "texture": "#1"},
				"up": {"uv": [4.625, 3.625, 3.875, 2.875], "texture": "#1"},
				"down": {"uv": [4.625, 3.625, 3.875, 4.375], "texture": "#1"}
			}
		},
		{
			"from": [4.7006, 2.36958, 13.67969],
			"to": [11.2994, 3.19443, 21.92819],
			"rotation": {"angle": 0, "axis": "y", "origin": [8, 4.84413, -6.11671]},
			"faces": {
				"north": {"uv": [8.75, 6.125, 9.25, 6.25], "texture": "#1"},
				"east": {"uv": [8.625, 8, 9.25, 8.125], "texture": "#1"},
				"south": {"uv": [8.75, 6.25, 9.25, 6.375], "texture": "#1"},
				"west": {"uv": [8.625, 8.125, 9.25, 8.25], "texture": "#1"},
				"up": {"uv": [2.625, 7.125, 2.125, 6.5], "texture": "#1"},
				"down": {"uv": [7, 2.5, 6.5, 3.125], "texture": "#1"}
			}
		}
	],
	"display": {
		"head": {
			"translation": [0, -3.75, -32.25],
			"scale": [4, 4, 4]
		}
	},
	"groups": [
		{
			"name": "root",
			"origin": [5, -15, -3],
			"color": 0,
			"children": [
				{
					"name": "body",
					"origin": [5, 0, -3],
					"color": 0,
					"children": [
						{
							"name": "1",
							"origin": [5, 0, -3],
							"color": 0,
							"children": [0, 1, 2, 3]
						}
					]
				}
			]
		}
	]
}