{
	"credit": "Made with Blockbench",
	"textures": {
		"1": "narga/texture",
		"particle": "head"
	},
	"elements": [
		{
			"from": [5.88438, 3.09264, 1.06813],
			"to": [9.57971, 6.78797, 11.84617],
			"rotation": {"angle": 0, "axis": "y", "origin": [7.73204, 1.86086, -49.73899]},
			"faces": {
				"north": {"uv": [8.125, 8.25, 8.5, 8.625], "texture": "#1"},
				"east": {"uv": [7, 2.5, 7.875, 2.875], "texture": "#1"},
				"south": {"uv": [8.375, 0.625, 8.75, 1], "texture": "#1"},
				"west": {"uv": [7, 2.875, 7.875, 3.25], "texture": "#1"},
				"up": {"uv": [1.375, 7.75, 1, 6.875], "texture": "#1"},
				"down": {"uv": [4.75, 7, 4.375, 7.875], "texture": "#1"}
			}
		},
		{
			"from": [6.34629, 3.55455, 11.84617],
			"to": [9.11779, 6.32605, 25.70365],
			"rotation": {"angle": 0, "axis": "y", "origin": [7.73204, 1.86086, -49.73899]},
			"faces": {
				"north": {"uv": [8.625, 2.25, 8.875, 2.5], "texture": "#1"},
				"east": {"uv": [7.125, 0, 8.25, 0.25], "texture": "#1"},
				"south": {"uv": [8.625, 3.25, 8.875, 3.5], "texture": "#1"},
				"west": {"uv": [7.125, 1.25, 8.25, 1.5], "texture": "#1"},
				"up": {"uv": [3.375, 7.875, 3.125, 6.75], "texture": "#1"},
				"down": {"uv": [2.625, 7.125, 2.375, 8.25], "texture": "#1"}
			}
		}
	],
	"display": {
		"head": {
			"translation": [1.5, 4.75, 22],
			"scale": [4, 4, 4]
		}
	},
	"groups": [
		{
			"name": "root",
			"origin": [5, -15, -3],
			"color": 0,
			"children": [
				{
					"name": "tail",
					"origin": [9, 0, -27],
					"color": 0,
					"children": [
						{
							"name": "2",
							"origin": [9, 0, -27],
							"color": 0,
							"children": [0, 1]
						}
					]
				}
			]
		}
	]
}