{
	"credit": "Made with Blockbench",
	"textures": {
		"1": "narga/texture",
		"particle": "head"
	},
	"elements": [
		{
			"from": [5.42246, 2.78469, 10.31009],
			"to": [10.04162, 7.40385, 21.08813],
			"rotation": {"angle": 0, "axis": "y", "origin": [7.73204, 1.86086, -49.73899]},
			"faces": {
				"north": {"uv": [3.5, 4, 3.875, 4.375], "texture": "#1"},
				"east": {"uv": [5.125, 1.125, 6, 1.5], "texture": "#1"},
				"south": {"uv": [8, 2.125, 8.375, 2.5], "texture": "#1"},
				"west": {"uv": [6.125, 4.625, 7, 5], "texture": "#1"},
				"up": {"uv": [4.75, 7, 4.375, 6.125], "texture": "#1"},
				"down": {"uv": [0.375, 6.25, 0, 7.125], "texture": "#1"}
			}
		},
		{
			"from": [4.96055, 2.32278, -0.46795],
			"to": [10.50354, 7.86577, 10.31009],
			"rotation": {"angle": 0, "axis": "y", "origin": [7.73204, 1.86086, -49.73899]},
			"faces": {
				"north": {"uv": [0, 7.625, 0.5, 8.125], "texture": "#1"},
				"east": {"uv": [1.75, 5.625, 2.625, 6.125], "texture": "#1"},
				"south": {"uv": [0.5, 7.625, 1, 8.125], "texture": "#1"},
				"west": {"uv": [2.625, 5.625, 3.5, 6.125], "texture": "#1"},
				"up": {"uv": [6.25, 6, 5.75, 5.125], "texture": "#1"},
				"down": {"uv": [6.5, 0.625, 6, 1.5], "texture": "#1"}
			}
		}
	],
	"display": {
		"head": {
			"translation": [1.5, 3.75, 26.75],
			"scale": [4, 4, 4]
		}
	},
	"groups": [
		{
			"name": "root",
			"origin": [5, -15, -3],
			"color": 0,
			"children": [
				{
					"name": "tail",
					"origin": [9, 0, -27],
					"color": 0,
					"children": [
						{
							"name": "1",
							"origin": [7.71522, 5.99554, -30.1137],
							"color": 0,
							"children": [0, 1]
						}
					]
				}
			]
		}
	]
}