{
	"credit": "Made with Blockbench",
	"textures": {
		"1": "narga/texture"
	},
	"elements": [
		{
			"from": [5.42246, 2.78469, 10.31009],
			"to": [10.04162, 7.40385, 21.08813],
			"rotation": {"angle": 0, "axis": "z", "origin": [8.26996, 5.24052, 11.41676]},
			"faces": {
				"north": {"uv": [3.5, 4, 3.875, 4.375], "texture": "#1"},
				"east": {"uv": [5.125, 1.125, 6, 1.5], "texture": "#1"},
				"south": {"uv": [8, 2.125, 8.375, 2.5], "texture": "#1"},
				"west": {"uv": [6.125, 4.625, 7, 5], "texture": "#1"},
				"up": {"uv": [4.75, 7, 4.375, 6.125], "texture": "#1"},
				"down": {"uv": [0.375, 6.25, 0, 7.125], "texture": "#1"}
			}
		},
		{
			"from": [4.96055, 2.32278, -0.46795],
			"to": [10.50354, 7.86577, 10.31009],
			"rotation": {"angle": 0, "axis": "z", "origin": [8.26996, 5.24052, 11.41676]},
			"faces": {
				"north": {"uv": [0, 7.625, 0.5, 8.125], "texture": "#1"},
				"east": {"uv": [1.75, 5.625, 2.625, 6.125], "texture": "#1"},
				"south": {"uv": [0.5, 7.625, 1, 8.125], "texture": "#1"},
				"west": {"uv": [2.625, 5.625, 3.5, 6.125], "texture": "#1"},
				"up": {"uv": [6.25, 6, 5.75, 5.125], "texture": "#1"},
				"down": {"uv": [6.5, 0.625, 6, 1.5], "texture": "#1"}
			}
		},
		{
			"from": [7.73204, 6.48002, 1.07177],
			"to": [7.73204, 14.17862, 11.84981],
			"rotation": {"angle": 0, "axis": "z", "origin": [8.26996, 5.24052, 11.41676]},
			"faces": {
				"north": {"uv": [0, 0, 0, 0.625], "texture": "#1"},
				"east": {"uv": [3.5, 4.375, 4.375, 5], "texture": "#1"},
				"south": {"uv": [0, 0, 0, 0.625], "texture": "#1"},
				"west": {"uv": [4.375, 4.375, 5.25, 5], "texture": "#1"},
				"up": {"uv": [0, 0.875, 0, 0], "texture": "#1"},
				"down": {"uv": [0, 0, 0, 0.875], "texture": "#1"}
			}
		},
		{
			"from": [7.73204, 6.48002, 11.84981],
			"to": [7.73204, 12.6389, 22.62785],
			"rotation": {"angle": 0, "axis": "z", "origin": [8.26996, 5.24052, 11.41676]},
			"faces": {
				"north": {"uv": [0, 0, 0, 0.5], "texture": "#1"},
				"east": {"uv": [4.375, 5, 5.25, 5.5], "texture": "#1"},
				"south": {"uv": [0, 0, 0, 0.5], "texture": "#1"},
				"west": {"uv": [5.125, 0.625, 6, 1.125], "texture": "#1"},
				"up": {"uv": [0, 0.875, 0, 0], "texture": "#1"},
				"down": {"uv": [0, 0, 0, 0.875], "texture": "#1"}
			}
		},
		{
			"from": [7.71702, 6.69701, 1.07177],
			"to": [7.71702, 14.39561, 11.84981],
			"rotation": {"angle": 22.5, "axis": "z", "origin": [8.26996, 5.24052, 11.41676]},
			"faces": {
				"north": {"uv": [0, 0, 0, 0.625], "texture": "#1"},
				"east": {"uv": [3.5, 4.375, 4.375, 5], "texture": "#1"},
				"south": {"uv": [0, 0, 0, 0.625], "texture": "#1"},
				"west": {"uv": [4.375, 4.375, 5.25, 5], "texture": "#1"},
				"up": {"uv": [0, 0.875, 0, 0], "texture": "#1"},
				"down": {"uv": [0, 0, 0, 0.875], "texture": "#1"}
			}
		},
		{
			"from": [7.71702, 6.69701, 11.84981],
			"to": [7.71702, 12.85589, 22.62785],
			"rotation": {"angle": 22.5, "axis": "z", "origin": [8.26996, 5.24052, 11.41676]},
			"faces": {
				"north": {"uv": [0, 0, 0, 0.5], "texture": "#1"},
				"east": {"uv": [4.375, 5, 5.25, 5.5], "texture": "#1"},
				"south": {"uv": [0, 0, 0, 0.5], "texture": "#1"},
				"west": {"uv": [5.125, 0.625, 6, 1.125], "texture": "#1"},
				"up": {"uv": [0, 0.875, 0, 0], "texture": "#1"},
				"down": {"uv": [0, 0, 0, 0.875], "texture": "#1"}
			}
		},
		{
			"from": [-1.09134, 4.75674, 1.07177],
			"to": [6.60726, 4.75674, 11.84981],
			"rotation": {"angle": -45, "axis": "z", "origin": [8.26996, 5.24052, 11.41676]},
			"faces": {
				"north": {"uv": [0, 0, 0, 0.625], "rotation": 90, "texture": "#1"},
				"east": {"uv": [0, 0, 0, 0.875], "rotation": 270, "texture": "#1"},
				"south": {"uv": [0, 0, 0, 0.625], "rotation": 270, "texture": "#1"},
				"west": {"uv": [0, 0.875, 0, 0], "rotation": 270, "texture": "#1"},
				"up": {"uv": [3.5, 4.375, 4.375, 5], "rotation": 270, "texture": "#1"},
				"down": {"uv": [4.375, 4.375, 5.25, 5], "rotation": 270, "texture": "#1"}
			}
		},
		{
			"from": [0.44838, 4.75674, 11.84981],
			"to": [6.60726, 4.75674, 22.62785],
			"rotation": {"angle": -45, "axis": "z", "origin": [8.26996, 5.24052, 11.41676]},
			"faces": {
				"north": {"uv": [0, 0, 0, 0.5], "rotation": 90, "texture": "#1"},
				"east": {"uv": [0, 0, 0, 0.875], "rotation": 270, "texture": "#1"},
				"south": {"uv": [0, 0, 0, 0.5], "rotation": 270, "texture": "#1"},
				"west": {"uv": [0, 0.875, 0, 0], "rotation": 270, "texture": "#1"},
				"up": {"uv": [4.375, 5, 5.25, 5.5], "rotation": 270, "texture": "#1"},
				"down": {"uv": [5.125, 0.625, 6, 1.125], "rotation": 270, "texture": "#1"}
			}
		},
		{
			"from": [-1.25539, 4.89955, 1.07177],
			"to": [6.44321, 4.89955, 11.84981],
			"rotation": {"angle": -22.5, "axis": "z", "origin": [8.26996, 5.24052, 11.41676]},
			"faces": {
				"north": {"uv": [0, 0, 0, 0.625], "rotation": 90, "texture": "#1"},
				"east": {"uv": [0, 0, 0, 0.875], "rotation": 270, "texture": "#1"},
				"south": {"uv": [0, 0, 0, 0.625], "rotation": 270, "texture": "#1"},
				"west": {"uv": [0, 0.875, 0, 0], "rotation": 270, "texture": "#1"},
				"up": {"uv": [3.5, 4.375, 4.375, 5], "rotation": 270, "texture": "#1"},
				"down": {"uv": [4.375, 4.375, 5.25, 5], "rotation": 270, "texture": "#1"}
			}
		},
		{
			"from": [0.28433, 4.89955, 11.84981],
			"to": [6.44321, 4.89955, 22.62785],
			"rotation": {"angle": -22.5, "axis": "z", "origin": [8.26996, 5.24052, 11.41676]},
			"faces": {
				"north": {"uv": [0, 0, 0, 0.5], "rotation": 90, "texture": "#1"},
				"east": {"uv": [0, 0, 0, 0.875], "rotation": 270, "texture": "#1"},
				"south": {"uv": [0, 0, 0, 0.5], "rotation": 270, "texture": "#1"},
				"west": {"uv": [0, 0.875, 0, 0], "rotation": 270, "texture": "#1"},
				"up": {"uv": [4.375, 5, 5.25, 5.5], "rotation": 270, "texture": "#1"},
				"down": {"uv": [5.125, 0.625, 6, 1.125], "rotation": 270, "texture": "#1"}
			}
		},
		{
			"from": [9.11779, 5.09427, 1.07177],
			"to": [16.81639, 5.09427, 11.84981],
			"rotation": {"angle": 0, "axis": "z", "origin": [8.26996, 5.24052, 11.41676]},
			"faces": {
				"north": {"uv": [0, 0, 0, 0.625], "rotation": 270, "texture": "#1"},
				"east": {"uv": [0, 0.875, 0, 0], "rotation": 90, "texture": "#1"},
				"south": {"uv": [0, 0, 0, 0.625], "rotation": 90, "texture": "#1"},
				"west": {"uv": [0, 0, 0, 0.875], "rotation": 90, "texture": "#1"},
				"up": {"uv": [4.375, 4.375, 5.25, 5], "rotation": 90, "texture": "#1"},
				"down": {"uv": [3.5, 4.375, 4.375, 5], "rotation": 90, "texture": "#1"}
			}
		},
		{
			"from": [9.11779, 5.09427, 11.84981],
			"to": [15.27667, 5.09427, 22.62785],
			"rotation": {"angle": 0, "axis": "z", "origin": [8.26996, 5.24052, 11.41676]},
			"faces": {
				"north": {"uv": [0, 0, 0, 0.5], "rotation": 270, "texture": "#1"},
				"east": {"uv": [0, 0.875, 0, 0], "rotation": 90, "texture": "#1"},
				"south": {"uv": [0, 0, 0, 0.5], "rotation": 90, "texture": "#1"},
				"west": {"uv": [0, 0, 0, 0.875], "rotation": 90, "texture": "#1"},
				"up": {"uv": [5.125, 0.625, 6, 1.125], "rotation": 90, "texture": "#1"},
				"down": {"uv": [4.375, 5, 5.25, 5.5], "rotation": 90, "texture": "#1"}
			}
		},
		{
			"from": [9.10277, 5.31126, 11.84981],
			"to": [15.26165, 5.31126, 22.62785],
			"rotation": {"angle": 22.5, "axis": "z", "origin": [8.26996, 5.24052, 11.41676]},
			"faces": {
				"north": {"uv": [0, 0, 0, 0.5], "rotation": 270, "texture": "#1"},
				"east": {"uv": [0, 0.875, 0, 0], "rotation": 90, "texture": "#1"},
				"south": {"uv": [0, 0, 0, 0.5], "rotation": 90, "texture": "#1"},
				"west": {"uv": [0, 0, 0, 0.875], "rotation": 90, "texture": "#1"},
				"up": {"uv": [5.125, 0.625, 6, 1.125], "rotation": 90, "texture": "#1"},
				"down": {"uv": [4.375, 5, 5.25, 5.5], "rotation": 90, "texture": "#1"}
			}
		},
		{
			"from": [9.10277, 5.31126, 1.07177],
			"to": [16.80137, 5.31126, 11.84981],
			"rotation": {"angle": 22.5, "axis": "z", "origin": [8.26996, 5.24052, 11.41676]},
			"faces": {
				"north": {"uv": [0, 0, 0, 0.625], "rotation": 270, "texture": "#1"},
				"east": {"uv": [0, 0.875, 0, 0], "rotation": 90, "texture": "#1"},
				"south": {"uv": [0, 0, 0, 0.625], "rotation": 90, "texture": "#1"},
				"west": {"uv": [0, 0, 0, 0.875], "rotation": 90, "texture": "#1"},
				"up": {"uv": [4.375, 4.375, 5.25, 5], "rotation": 90, "texture": "#1"},
				"down": {"uv": [3.5, 4.375, 4.375, 5], "rotation": 90, "texture": "#1"}
			}
		},
		{
			"from": [7.99301, 6.14249, 1.07177],
			"to": [7.99301, 13.84109, 11.84981],
			"rotation": {"angle": -45, "axis": "z", "origin": [8.26996, 5.24052, 11.41676]},
			"faces": {
				"north": {"uv": [0, 0, 0, 0.625], "texture": "#1"},
				"east": {"uv": [3.5, 4.375, 4.375, 5], "texture": "#1"},
				"south": {"uv": [0, 0, 0, 0.625], "texture": "#1"},
				"west": {"uv": [4.375, 4.375, 5.25, 5], "texture": "#1"},
				"up": {"uv": [0, 0.875, 0, 0], "texture": "#1"},
				"down": {"uv": [0, 0, 0, 0.875], "texture": "#1"}
			}
		},
		{
			"from": [7.82896, 6.2853, 11.84981],
			"to": [7.82896, 12.44418, 22.62785],
			"rotation": {"angle": -22.5, "axis": "z", "origin": [8.26996, 5.24052, 11.41676]},
			"faces": {
				"north": {"uv": [0, 0, 0, 0.5], "texture": "#1"},
				"east": {"uv": [4.375, 5, 5.25, 5.5], "texture": "#1"},
				"south": {"uv": [0, 0, 0, 0.5], "texture": "#1"},
				"west": {"uv": [5.125, 0.625, 6, 1.125], "texture": "#1"},
				"up": {"uv": [0, 0.875, 0, 0], "texture": "#1"},
				"down": {"uv": [0, 0, 0, 0.875], "texture": "#1"}
			}
		},
		{
			"from": [7.82896, 6.2853, 1.07177],
			"to": [7.82896, 13.9839, 11.84981],
			"rotation": {"angle": -22.5, "axis": "z", "origin": [8.26996, 5.24052, 11.41676]},
			"faces": {
				"north": {"uv": [0, 0, 0, 0.625], "texture": "#1"},
				"east": {"uv": [3.5, 4.375, 4.375, 5], "texture": "#1"},
				"south": {"uv": [0, 0, 0, 0.625], "texture": "#1"},
				"west": {"uv": [4.375, 4.375, 5.25, 5], "texture": "#1"},
				"up": {"uv": [0, 0.875, 0, 0], "texture": "#1"},
				"down": {"uv": [0, 0, 0, 0.875], "texture": "#1"}
			}
		},
		{
			"from": [7.71702, -3.77309, 1.07177],
			"to": [7.71702, 3.92551, 11.84981],
			"rotation": {"angle": 22.5, "axis": "z", "origin": [8.26996, 5.24052, 11.41676]},
			"faces": {
				"north": {"uv": [0, 0, 0, 0.625], "rotation": 180, "texture": "#1"},
				"east": {"uv": [4.375, 4.375, 5.25, 5], "rotation": 180, "texture": "#1"},
				"south": {"uv": [0, 0, 0, 0.625], "rotation": 180, "texture": "#1"},
				"west": {"uv": [3.5, 4.375, 4.375, 5], "rotation": 180, "texture": "#1"},
				"up": {"uv": [0, 0, 0, 0.875], "rotation": 180, "texture": "#1"},
				"down": {"uv": [0, 0.875, 0, 0], "rotation": 180, "texture": "#1"}
			}
		},
		{
			"from": [7.71702, -2.23337, 11.84981],
			"to": [7.71702, 3.92551, 22.62785],
			"rotation": {"angle": 22.5, "axis": "z", "origin": [8.26996, 5.24052, 11.41676]},
			"faces": {
				"north": {"uv": [0, 0, 0, 0.5], "rotation": 180, "texture": "#1"},
				"east": {"uv": [5.125, 0.625, 6, 1.125], "rotation": 180, "texture": "#1"},
				"south": {"uv": [0, 0, 0, 0.5], "rotation": 180, "texture": "#1"},
				"west": {"uv": [4.375, 5, 5.25, 5.5], "rotation": 180, "texture": "#1"},
				"up": {"uv": [0, 0, 0, 0.875], "rotation": 180, "texture": "#1"},
				"down": {"uv": [0, 0.875, 0, 0], "rotation": 180, "texture": "#1"}
			}
		},
		{
			"from": [9.37877, 4.75674, 11.84981],
			"to": [15.53765, 4.75674, 22.62785],
			"rotation": {"angle": -45, "axis": "z", "origin": [8.26996, 5.24052, 11.41676]},
			"faces": {
				"north": {"uv": [0, 0, 0, 0.5], "rotation": 270, "texture": "#1"},
				"east": {"uv": [0, 0.875, 0, 0], "rotation": 90, "texture": "#1"},
				"south": {"uv": [0, 0, 0, 0.5], "rotation": 90, "texture": "#1"},
				"west": {"uv": [0, 0, 0, 0.875], "rotation": 90, "texture": "#1"},
				"up": {"uv": [5.125, 0.625, 6, 1.125], "rotation": 90, "texture": "#1"},
				"down": {"uv": [4.375, 5, 5.25, 5.5], "rotation": 90, "texture": "#1"}
			}
		},
		{
			"from": [9.37877, 4.75674, 1.07177],
			"to": [17.07737, 4.75674, 11.84981],
			"rotation": {"angle": -45, "axis": "z", "origin": [8.26996, 5.24052, 11.41676]},
			"faces": {
				"north": {"uv": [0, 0, 0, 0.625], "rotation": 270, "texture": "#1"},
				"east": {"uv": [0, 0.875, 0, 0], "rotation": 90, "texture": "#1"},
				"south": {"uv": [0, 0, 0, 0.625], "rotation": 90, "texture": "#1"},
				"west": {"uv": [0, 0, 0, 0.875], "rotation": 90, "texture": "#1"},
				"up": {"uv": [4.375, 4.375, 5.25, 5], "rotation": 90, "texture": "#1"},
				"down": {"uv": [3.5, 4.375, 4.375, 5], "rotation": 90, "texture": "#1"}
			}
		},
		{
			"from": [9.21471, 4.89955, 11.84981],
			"to": [15.37359, 4.89955, 22.62785],
			"rotation": {"angle": -22.5, "axis": "z", "origin": [8.26996, 5.24052, 11.41676]},
			"faces": {
				"north": {"uv": [0, 0, 0, 0.5], "rotation": 270, "texture": "#1"},
				"east": {"uv": [0, 0.875, 0, 0], "rotation": 90, "texture": "#1"},
				"south": {"uv": [0, 0, 0, 0.5], "rotation": 90, "texture": "#1"},
				"west": {"uv": [0, 0, 0, 0.875], "rotation": 90, "texture": "#1"},
				"up": {"uv": [5.125, 0.625, 6, 1.125], "rotation": 90, "texture": "#1"},
				"down": {"uv": [4.375, 5, 5.25, 5.5], "rotation": 90, "texture": "#1"}
			}
		},
		{
			"from": [9.21471, 4.89955, 1.07177],
			"to": [16.91331, 4.89955, 11.84981],
			"rotation": {"angle": -22.5, "axis": "z", "origin": [8.26996, 5.24052, 11.41676]},
			"faces": {
				"north": {"uv": [0, 0, 0, 0.625], "rotation": 270, "texture": "#1"},
				"east": {"uv": [0, 0.875, 0, 0], "rotation": 90, "texture": "#1"},
				"south": {"uv": [0, 0, 0, 0.625], "rotation": 90, "texture": "#1"},
				"west": {"uv": [0, 0, 0, 0.875], "rotation": 90, "texture": "#1"},
				"up": {"uv": [4.375, 4.375, 5.25, 5], "rotation": 90, "texture": "#1"},
				"down": {"uv": [3.5, 4.375, 4.375, 5], "rotation": 90, "texture": "#1"}
			}
		},
		{
			"from": [9.11779, 5.09427, 11.84981],
			"to": [15.27667, 5.09427, 22.62785],
			"rotation": {"angle": 0, "axis": "z", "origin": [8.26996, 5.24052, 11.41676]},
			"faces": {
				"north": {"uv": [0, 0, 0, 0.5], "rotation": 270, "texture": "#1"},
				"east": {"uv": [0, 0.875, 0, 0], "rotation": 90, "texture": "#1"},
				"south": {"uv": [0, 0, 0, 0.5], "rotation": 90, "texture": "#1"},
				"west": {"uv": [0, 0, 0, 0.875], "rotation": 90, "texture": "#1"},
				"up": {"uv": [5.125, 0.625, 6, 1.125], "rotation": 90, "texture": "#1"},
				"down": {"uv": [4.375, 5, 5.25, 5.5], "rotation": 90, "texture": "#1"}
			}
		},
		{
			"from": [9.11779, 5.09427, 1.07177],
			"to": [16.81639, 5.09427, 11.84981],
			"rotation": {"angle": 0, "axis": "z", "origin": [8.26996, 5.24052, 11.41676]},
			"faces": {
				"north": {"uv": [0, 0, 0, 0.625], "rotation": 270, "texture": "#1"},
				"east": {"uv": [0, 0.875, 0, 0], "rotation": 90, "texture": "#1"},
				"south": {"uv": [0, 0, 0, 0.625], "rotation": 90, "texture": "#1"},
				"west": {"uv": [0, 0, 0, 0.875], "rotation": 90, "texture": "#1"},
				"up": {"uv": [4.375, 4.375, 5.25, 5], "rotation": 90, "texture": "#1"},
				"down": {"uv": [3.5, 4.375, 4.375, 5], "rotation": 90, "texture": "#1"}
			}
		},
		{
			"from": [7.73204, -3.99008, 1.07177],
			"to": [7.73204, 3.70852, 11.84981],
			"rotation": {"angle": 0, "axis": "z", "origin": [8.26996, 5.24052, 11.41676]},
			"faces": {
				"north": {"uv": [0, 0, 0, 0.625], "rotation": 180, "texture": "#1"},
				"east": {"uv": [4.375, 4.375, 5.25, 5], "rotation": 180, "texture": "#1"},
				"south": {"uv": [0, 0, 0, 0.625], "rotation": 180, "texture": "#1"},
				"west": {"uv": [3.5, 4.375, 4.375, 5], "rotation": 180, "texture": "#1"},
				"up": {"uv": [0, 0, 0, 0.875], "rotation": 180, "texture": "#1"},
				"down": {"uv": [0, 0.875, 0, 0], "rotation": 180, "texture": "#1"}
			}
		},
		{
			"from": [7.73204, -2.45036, 11.84981],
			"to": [7.73204, 3.70852, 22.62785],
			"rotation": {"angle": 0, "axis": "z", "origin": [8.26996, 5.24052, 11.41676]},
			"faces": {
				"north": {"uv": [0, 0, 0, 0.5], "rotation": 180, "texture": "#1"},
				"east": {"uv": [5.125, 0.625, 6, 1.125], "rotation": 180, "texture": "#1"},
				"south": {"uv": [0, 0, 0, 0.5], "rotation": 180, "texture": "#1"},
				"west": {"uv": [4.375, 5, 5.25, 5.5], "rotation": 180, "texture": "#1"},
				"up": {"uv": [0, 0, 0, 0.875], "rotation": 180, "texture": "#1"},
				"down": {"uv": [0, 0.875, 0, 0], "rotation": 180, "texture": "#1"}
			}
		},
		{
			"from": [7.82896, -4.1848, 1.07177],
			"to": [7.82896, 3.5138, 11.84981],
			"rotation": {"angle": -22.5, "axis": "z", "origin": [8.26996, 5.24052, 11.41676]},
			"faces": {
				"north": {"uv": [0, 0, 0, 0.625], "rotation": 180, "texture": "#1"},
				"east": {"uv": [4.375, 4.375, 5.25, 5], "rotation": 180, "texture": "#1"},
				"south": {"uv": [0, 0, 0, 0.625], "rotation": 180, "texture": "#1"},
				"west": {"uv": [3.5, 4.375, 4.375, 5], "rotation": 180, "texture": "#1"},
				"up": {"uv": [0, 0, 0, 0.875], "rotation": 180, "texture": "#1"},
				"down": {"uv": [0, 0.875, 0, 0], "rotation": 180, "texture": "#1"}
			}
		},
		{
			"from": [7.99301, -4.32761, 1.07177],
			"to": [7.99301, 3.37099, 11.84981],
			"rotation": {"angle": -45, "axis": "z", "origin": [8.26996, 5.24052, 11.41676]},
			"faces": {
				"north": {"uv": [0, 0, 0, 0.625], "rotation": 180, "texture": "#1"},
				"east": {"uv": [4.375, 4.375, 5.25, 5], "rotation": 180, "texture": "#1"},
				"south": {"uv": [0, 0, 0, 0.625], "rotation": 180, "texture": "#1"},
				"west": {"uv": [3.5, 4.375, 4.375, 5], "rotation": 180, "texture": "#1"},
				"up": {"uv": [0, 0, 0, 0.875], "rotation": 180, "texture": "#1"},
				"down": {"uv": [0, 0.875, 0, 0], "rotation": 180, "texture": "#1"}
			}
		},
		{
			"from": [7.99301, -2.78789, 11.84981],
			"to": [7.99301, 3.37099, 22.62785],
			"rotation": {"angle": -45, "axis": "z", "origin": [8.26996, 5.24052, 11.41676]},
			"faces": {
				"north": {"uv": [0, 0, 0, 0.5], "rotation": 180, "texture": "#1"},
				"east": {"uv": [5.125, 0.625, 6, 1.125], "rotation": 180, "texture": "#1"},
				"south": {"uv": [0, 0, 0, 0.5], "rotation": 180, "texture": "#1"},
				"west": {"uv": [4.375, 5, 5.25, 5.5], "rotation": 180, "texture": "#1"},
				"up": {"uv": [0, 0, 0, 0.875], "rotation": 180, "texture": "#1"},
				"down": {"uv": [0, 0.875, 0, 0], "rotation": 180, "texture": "#1"}
			}
		},
		{
			"from": [-1.35231, 5.09427, 1.07177],
			"to": [6.34629, 5.09427, 11.84981],
			"rotation": {"angle": 0, "axis": "z", "origin": [8.26996, 5.24052, 11.41676]},
			"faces": {
				"north": {"uv": [0, 0, 0, 0.625], "rotation": 90, "texture": "#1"},
				"east": {"uv": [0, 0, 0, 0.875], "rotation": 270, "texture": "#1"},
				"south": {"uv": [0, 0, 0, 0.625], "rotation": 270, "texture": "#1"},
				"west": {"uv": [0, 0.875, 0, 0], "rotation": 270, "texture": "#1"},
				"up": {"uv": [3.5, 4.375, 4.375, 5], "rotation": 270, "texture": "#1"},
				"down": {"uv": [4.375, 4.375, 5.25, 5], "rotation": 270, "texture": "#1"}
			}
		},
		{
			"from": [0.18741, 5.09427, 11.84981],
			"to": [6.34629, 5.09427, 22.62785],
			"rotation": {"angle": 0, "axis": "z", "origin": [8.26996, 5.24052, 11.41676]},
			"faces": {
				"north": {"uv": [0, 0, 0, 0.5], "rotation": 90, "texture": "#1"},
				"east": {"uv": [0, 0, 0, 0.875], "rotation": 270, "texture": "#1"},
				"south": {"uv": [0, 0, 0, 0.5], "rotation": 270, "texture": "#1"},
				"west": {"uv": [0, 0.875, 0, 0], "rotation": 270, "texture": "#1"},
				"up": {"uv": [4.375, 5, 5.25, 5.5], "rotation": 270, "texture": "#1"},
				"down": {"uv": [5.125, 0.625, 6, 1.125], "rotation": 270, "texture": "#1"}
			}
		}
	],
	"display": {
		"head": {
			"translation": [1.5, 3.75, 26.75],
			"scale": [4, 4, 4]
		}
	},
	"groups": [
		{
			"name": "root",
			"origin": [5, -15, -3],
			"color": 0,
			"children": [
				{
					"name": "tail",
					"origin": [9, 0, -27],
					"color": 0,
					"children": [
						{
							"name": "1",
							"origin": [7.71522, 5.99554, -30.1137],
							"color": 0,
							"children": [
								0,
								1,
								{
									"name": "bone3",
									"origin": [9, 2.1, -27],
									"color": 0,
									"children": [2, 3, 4, 5, 6, 7, 8, 9, 10, 11, 12, 13, 14, 15, 16, 17, 18, 19, 20, 21, 22, 23, 24, 25, 26, 27, 28, 29, 30, 31]
								}
							]
						}
					]
				}
			]
		}
	]
}