{
	"credit": "Made with Blockbench",
	"parent": "buster_sword",
	"texture_size": [64, 64],
	"textures": {
		"0": "mhdp_item/buster_sword",
		"particle": "mhdp_item/buster_sword"
	},
	"elements": [
		{
			"from": [7, -13, 7],
			"to": [9, 5, 9],
			"rotation": {"angle": 0, "axis": "y", "origin": [0, 3, 0]},
			"faces": {
				"north": {"uv": [5, 4, 5.5, 8.5], "texture": "#0"},
				"east": {"uv": [5.75, 4, 6.25, 8.5], "texture": "#0"},
				"south": {"uv": [0, 6.5, 0.5, 11], "texture": "#0"},
				"west": {"uv": [0.75, 6.5, 1.25, 11], "texture": "#0"},
				"up": {"uv": [3.5, 11.25, 3, 10.75], "texture": "#0"},
				"down": {"uv": [4.25, 10.75, 3.75, 11.25], "texture": "#0"}
			}
		},
		{
			"from": [9.81371, -12, -1.5],
			"to": [12.81371, -9, 1.5],
			"rotation": {"angle": -45, "axis": "y", "origin": [0, 3, 0]},
			"faces": {
				"north": {"uv": [5, 8.75, 5.75, 9.5], "texture": "#0"},
				"east": {"uv": [7.5, 8.75, 8.25, 9.5], "texture": "#0"},
				"south": {"uv": [9.25, 2.5, 10, 3.25], "texture": "#0"},
				"west": {"uv": [9.25, 3.5, 10, 4.25], "texture": "#0"},
				"up": {"uv": [10, 5.25, 9.25, 4.5], "texture": "#0"},
				"down": {"uv": [10, 5.5, 9.25, 6.25], "texture": "#0"}
			}
		},
		{
			"from": [9.31371, -11, -2],
			"to": [13.31371, -10, 2],
			"rotation": {"angle": -45, "axis": "y", "origin": [0, 3, 0]},
			"faces": {
				"north": {"uv": [10.25, 9, 11.25, 9.25], "texture": "#0"},
				"east": {"uv": [8, 10.75, 9, 11], "texture": "#0"},
				"south": {"uv": [9.25, 10.75, 10.25, 11], "texture": "#0"},
				"west": {"uv": [10.75, 9.5, 11.75, 9.75], "texture": "#0"},
				"up": {"uv": [8.5, 1, 7.5, 0], "texture": "#0"},
				"down": {"uv": [8.5, 1.25, 7.5, 2.25], "texture": "#0"}
			}
		},
		{
			"from": [6.5, -5, 6.5],
			"to": [9.5, -1, 9.5],
			"rotation": {"angle": 0, "axis": "y", "origin": [0, 3, 0]},
			"faces": {
				"north": {"uv": [7.5, 2.5, 8.25, 3.5], "texture": "#0"},
				"east": {"uv": [7.5, 3.75, 8.25, 4.75], "texture": "#0"},
				"south": {"uv": [7.5, 5, 8.25, 6], "texture": "#0"},
				"west": {"uv": [7.5, 6.25, 8.25, 7.25], "texture": "#0"},
				"up": {"uv": [6.75, 10, 6, 9.25], "texture": "#0"},
				"down": {"uv": [10, 6.5, 9.25, 7.25], "texture": "#0"}
			}
		},
		{
			"from": [6.5, 4, 6.3],
			"to": [9.5, 8, 9.3],
			"rotation": {"angle": 0, "axis": "y", "origin": [0, 3, 0]},
			"faces": {
				"north": {"uv": [7.5, 7.5, 8.25, 8.5], "texture": "#0"},
				"east": {"uv": [3.25, 8.25, 2.5, 9.25], "texture": "#0"},
				"south": {"uv": [1.5, 8.25, 2.25, 9.25], "texture": "#0"},
				"west": {"uv": [2.5, 8.25, 3.25, 9.25], "texture": "#0"},
				"up": {"uv": [10, 8.25, 9.25, 7.5], "texture": "#0"},
				"down": {"uv": [10, 8.5, 9.25, 9.25], "texture": "#0"}
			}
		},
		{
			"from": [6.6, 10.99031, 0.91924],
			"to": [9.4, 12.99031, 2.91924],
			"rotation": {"angle": 45, "axis": "x", "origin": [0, 3, 0]},
			"faces": {
				"north": {"uv": [9.75, 1.5, 10.5, 2], "texture": "#0"},
				"east": {"uv": [11, 10.75, 10.5, 11.25], "texture": "#0"},
				"south": {"uv": [7, 9.75, 7.75, 10.25], "texture": "#0"},
				"west": {"uv": [10.5, 10.75, 11, 11.25], "texture": "#0"},
				"up": {"uv": [3.75, 10.5, 3, 10], "texture": "#0"},
				"down": {"uv": [4.75, 10, 4, 10.5], "texture": "#0"}
			}
		},
		{
			"from": [7.1, 10.31371, 0.82843],
			"to": [8.9, 16.31371, 5.82843],
			"rotation": {"angle": 45, "axis": "x", "origin": [0, 3, 0]},
			"faces": {
				"north": {"uv": [3.5, 8.25, 4, 9.75], "texture": "#0"},
				"east": {"uv": [4.25, 6.5, 3, 8], "texture": "#0"},
				"south": {"uv": [4.25, 8.25, 4.75, 9.75], "texture": "#0"},
				"west": {"uv": [3, 6.5, 4.25, 8], "texture": "#0"},
				"up": {"uv": [9, 7.75, 8.5, 6.5], "texture": "#0"},
				"down": {"uv": [9, 8, 8.5, 9.25], "texture": "#0"}
			}
		},
		{
			"from": [7.1, 16.31371, 0.82843],
			"to": [8.9, 17.31371, 2.82843],
			"rotation": {"angle": 45, "axis": "x", "origin": [0, 3, 0]},
			"faces": {
				"north": {"uv": [11.25, 0, 11.75, 0.25], "texture": "#0"},
				"east": {"uv": [2.75, 11.5, 2.25, 11.25], "texture": "#0"},
				"south": {"uv": [1.5, 11.25, 2, 11.5], "texture": "#0"},
				"west": {"uv": [2.25, 11.25, 2.75, 11.5], "texture": "#0"},
				"up": {"uv": [11.5, 2.5, 11, 2], "texture": "#0"},
				"down": {"uv": [11.5, 2.75, 11, 3.25], "texture": "#0"}
			}
		},
		{
			"from": [7.1, 4, 4],
			"to": [8.9, 8, 6.4],
			"rotation": {"angle": 0, "axis": "y", "origin": [0, 3, 0]},
			"faces": {
				"north": {"uv": [8.5, 9.5, 9, 10.5], "texture": "#0"},
				"east": {"uv": [9.375, 1.25, 8.75, 2.25], "texture": "#0"},
				"south": {"uv": [9.25, 9.5, 9.75, 10.5], "texture": "#0"},
				"west": {"uv": [8.75, 1.25, 9.375, 2.25], "texture": "#0"},
				"up": {"uv": [6.25, 10.875, 5.75, 10.25], "texture": "#0"},
				"down": {"uv": [10.75, 6, 10.25, 6.625], "texture": "#0"}
			}
		},
		{
			"from": [8.1, 25, 4],
			"to": [8.1, 32, 13],
			"rotation": {"angle": 0, "axis": "y", "origin": [0, 3, 0]},
			"faces": {
				"north": {"uv": [7.5, 11.5, 7.5, 13.25], "texture": "#0"},
				"east": {"uv": [4.75, 4.5, 2.5, 6.25], "texture": "#0"},
				"south": {"uv": [7.75, 11.5, 7.75, 13.25], "texture": "#0"},
				"west": {"uv": [2.5, 4.5, 4.75, 6.25], "texture": "#0"},
				"up": {"uv": [11, 13.75, 11, 11.5], "texture": "#0"},
				"down": {"uv": [1.5, 11.75, 1.5, 14], "texture": "#0"}
			}
		},
		{
			"from": [8.1, 25, 13],
			"to": [8.1, 32, 22],
			"rotation": {"angle": 0, "axis": "y", "origin": [0, 3, 0]},
			"faces": {
				"north": {"uv": [1.75, 11.75, 1.75, 13.5], "texture": "#0"},
				"east": {"uv": [7.25, 2, 5, 3.75], "texture": "#0"},
				"south": {"uv": [2, 11.75, 2, 13.5], "texture": "#0"},
				"west": {"uv": [5, 2, 7.25, 3.75], "texture": "#0"},
				"up": {"uv": [2.25, 14, 2.25, 11.75], "texture": "#0"},
				"down": {"uv": [2.5, 11.75, 2.5, 14], "texture": "#0"}
			}
		},
		{
			"from": [8.1, 8, 4],
			"to": [8.1, 25, 13],
			"rotation": {"angle": 0, "axis": "y", "origin": [0, 3, 0]},
			"faces": {
				"north": {"uv": [2.75, 11.75, 2.75, 16], "texture": "#0"},
				"east": {"uv": [4.75, 0, 2.5, 4.25], "texture": "#0"},
				"south": {"uv": [8, 11.75, 8, 16], "texture": "#0"},
				"west": {"uv": [2.5, 0, 4.75, 4.25], "texture": "#0"},
				"up": {"uv": [8.25, 14, 8.25, 11.75], "texture": "#0"},
				"down": {"uv": [8.5, 11.75, 8.5, 14], "texture": "#0"}
			}
		},
		{
			"from": [7.2, 8.29289, 10.53553],
			"to": [8.8, 15.29289, 13.53553],
			"rotation": {"angle": 0, "axis": "y", "origin": [0, 3, 0]},
			"faces": {
				"north": {"uv": [8.5, 2.5, 8.875, 4.25], "texture": "#0"},
				"east": {"uv": [7.25, 6, 6.5, 7.75], "texture": "#0"},
				"south": {"uv": [8.5, 4.5, 8.875, 6.25], "texture": "#0"},
				"west": {"uv": [6.5, 6, 7.25, 7.75], "texture": "#0"},
				"up": {"uv": [10.625, 7.75, 10.25, 7], "texture": "#0"},
				"down": {"uv": [10.625, 8, 10.25, 8.75], "texture": "#0"}
			}
		},
		{
			"from": [7.2, 15.29289, 12.53553],
			"to": [8.8, 18.29289, 13.53553],
			"rotation": {"angle": 0, "axis": "y", "origin": [0, 3, 0]},
			"faces": {
				"north": {"uv": [10.5, 0, 10.875, 0.75], "texture": "#0"},
				"east": {"uv": [8, 9.75, 8.25, 10.5], "texture": "#0"},
				"south": {"uv": [6.5, 10.5, 6.875, 11.25], "texture": "#0"},
				"west": {"uv": [11, 4.5, 11.25, 5.25], "texture": "#0"},
				"up": {"uv": [8.375, 11.5, 8, 11.25], "texture": "#0"},
				"down": {"uv": [9.125, 11.25, 8.75, 11.5], "texture": "#0"}
			}
		},
		{
			"from": [7.2, 15.29289, 10.53553],
			"to": [8.8, 16.29289, 11.53553],
			"rotation": {"angle": 0, "axis": "y", "origin": [0, 3, 0]},
			"faces": {
				"north": {"uv": [9.5, 11.25, 9.875, 11.5], "texture": "#0"},
				"east": {"uv": [6.25, 8.75, 6, 9], "texture": "#0"},
				"south": {"uv": [11.25, 10.75, 11.625, 11], "texture": "#0"},
				"west": {"uv": [6, 8.75, 6.25, 9], "texture": "#0"},
				"up": {"uv": [11.625, 11.5, 11.25, 11.25], "texture": "#0"},
				"down": {"uv": [11.875, 1, 11.5, 1.25], "texture": "#0"}
			}
		},
		{
			"from": [7.2, 15.29289, 11.53553],
			"to": [8.8, 17.29289, 12.53553],
			"rotation": {"angle": 0, "axis": "y", "origin": [0, 3, 0]},
			"faces": {
				"north": {"uv": [11, 5.5, 11.375, 6], "texture": "#0"},
				"east": {"uv": [5.75, 11.25, 5.5, 11.75], "texture": "#0"},
				"south": {"uv": [11, 6.25, 11.375, 6.75], "texture": "#0"},
				"west": {"uv": [5.5, 11.25, 5.75, 11.75], "texture": "#0"},
				"up": {"uv": [11.875, 1.75, 11.5, 1.5], "texture": "#0"},
				"down": {"uv": [3.375, 11.5, 3, 11.75], "texture": "#0"}
			}
		},
		{
			"from": [7.3, 3.94975, 16.84924],
			"to": [8.7, 4.94975, 20.84924],
			"rotation": {"angle": -45, "axis": "x", "origin": [0, 3, 0]},
			"faces": {
				"north": {"uv": [3.75, 11.5, 4.125, 11.75], "texture": "#0"},
				"east": {"uv": [11, 3.5, 12, 3.75], "texture": "#0"},
				"south": {"uv": [11.5, 4.5, 11.875, 4.75], "texture": "#0"},
				"west": {"uv": [11, 4, 12, 4.25], "texture": "#0"},
				"up": {"uv": [10.375, 10.5, 10, 9.5], "texture": "#0"},
				"down": {"uv": [10.625, 2.25, 10.25, 3.25], "texture": "#0"}
			}
		},
		{
			"from": [7.5, -7.03072, 3.20912],
			"to": [8.5, -3.03072, 4.70912],
			"rotation": {"angle": -22.5, "axis": "x", "origin": [0, 3, 0]},
			"faces": {
				"north": {"uv": [4.5, 6.5, 4.75, 7.5], "texture": "#0"},
				"east": {"uv": [10.25, 3.5, 10.625, 4.5], "texture": "#0"},
				"south": {"uv": [4.5, 10.75, 4.75, 11.75], "texture": "#0"},
				"west": {"uv": [10.25, 4.75, 10.625, 5.75], "texture": "#0"},
				"up": {"uv": [6.25, 11.625, 6, 11.25], "texture": "#0"},
				"down": {"uv": [6.75, 11.5, 6.5, 11.875], "texture": "#0"}
			}
		},
		{
			"from": [7.3, -8.03072, 2.70912],
			"to": [8.7, -3.03072, 3.20912],
			"rotation": {"angle": -22.5, "axis": "x", "origin": [0, 3, 0]},
			"faces": {
				"north": {"uv": [9.75, 0, 10.125, 1.25], "texture": "#0"},
				"east": {"uv": [0.5, 11.25, 0.625, 12.5], "texture": "#0"},
				"south": {"uv": [5, 9.75, 5.375, 11], "texture": "#0"},
				"west": {"uv": [1, 11.25, 1.125, 12.5], "texture": "#0"},
				"up": {"uv": [11.875, 5.125, 11.5, 5], "texture": "#0"},
				"down": {"uv": [11.875, 8, 11.5, 8.125], "texture": "#0"}
			}
		},
		{
			"from": [7.3, -3.03072, 2.70912],
			"to": [8.7, -0.03072, 3.20912],
			"rotation": {"angle": -22.5, "axis": "x", "origin": [0, 3, 0]},
			"faces": {
				"north": {"uv": [7.25, 10.5, 7.625, 11.25], "texture": "#0"},
				"east": {"uv": [7, 11.5, 7.125, 12.25], "texture": "#0"},
				"south": {"uv": [10.75, 1, 11.125, 1.75], "texture": "#0"},
				"west": {"uv": [11.5, 7, 11.625, 7.75], "texture": "#0"},
				"up": {"uv": [11.875, 8.625, 11.5, 8.5], "texture": "#0"},
				"down": {"uv": [11.875, 9, 11.5, 9.125], "texture": "#0"}
			}
		},
		{
			"from": [7.3, 1.23671, 3.6627],
			"to": [8.7, 7.23671, 4.1627],
			"rotation": {"angle": 0, "axis": "y", "origin": [0, 3, 0]},
			"faces": {
				"north": {"uv": [1.5, 9.5, 1.875, 11], "texture": "#0"},
				"east": {"uv": [11, 7, 11.125, 8.5], "texture": "#0"},
				"south": {"uv": [2.25, 9.5, 2.625, 11], "texture": "#0"},
				"west": {"uv": [0, 11.25, 0.125, 12.75], "texture": "#0"},
				"up": {"uv": [11.875, 10.125, 11.5, 10], "texture": "#0"},
				"down": {"uv": [10.625, 11.5, 10.25, 11.625], "texture": "#0"}
			}
		}
	],
	"display": {
		"thirdperson_righthand": {
			"rotation": [-22, -55, 92],
			"translation": [-1.75, -4.75, 10]
		},
		"thirdperson_lefthand": {
			"rotation": [-22, -55, 92],
			"translation": [-1.75, -4.75, 10]
		},
		"firstperson_righthand": {
			"scale": [0, 0, 0]
		},
		"firstperson_lefthand": {
			"scale": [0, 0, 0]
		},
		"ground": {
			"rotation": [-50, 0, 0],
			"translation": [0, 11.75, 0]
		},
		"gui": {
			"rotation": [90, 45, -90],
			"translation": [-1.75, -0.25, 0],
			"scale": [0.45, 0.45, 0.45]
		},
		"fixed": {
			"rotation": [90, -45, 90],
			"translation": [1.75, 0, -0.75],
			"scale": [0.5, 0.5, 0.5]
		}
	},
	"groups": [
		{
			"name": "sword",
			"origin": [8, 8, 8],
			"color": 8,
			"children": [
				0,
				1,
				2,
				3,
				4,
				{
					"name": "group",
					"origin": [8, 15, 8],
					"color": 8,
					"children": [5]
				},
				{
					"name": "group",
					"origin": [8, 15, 8],
					"color": 8,
					"children": [6, 7, 8, 9, 10, 11, 12, 13, 14, 15, 16]
				},
				17,
				18,
				19,
				20
			]
		}
	]
}